evtid,evla,evlo,evdp,station,stla,stlo,gcarc,s2ks,s3ks,s4ks,tridx,snr,ccf1,ccf2,ccf3,ccf4,ccf5,t32_cc,t32_pp,ccf_cc,ccf_pp,t32_fw1,ccf_fw1,ccf_sg1,t32_fw2,ccf_fw2,ccf_sg2,t32_fw3,ccf_fw3,ccf_sg3,t32_fw4,ccf_fw4,ccf_sg4,t32_fw5,ccf_fw5,ccf_sg5,auto_selected,group,az
20230301_0536,-4.82,149.59,597.0,CR.MORI.,43.866,15.707,123.795,1535.95,1550.992,1555.481,0.0,4.895,0.598,0.578,0.603,0.592,0.59,1.7,1.7,0.963,0.978,1.3,0.96,0.96,1.3,0.959,0.96,1.1,0.96,0.96,1.2,0.961,0.96,1.2,0.96,0.96,1,0.0,-38.683
20230301_0536,-4.82,149.59,597.0,LD.PAL.,41.006,-73.908,126.914,1555.709,1572.989,1578.174,1.0,2.385,0.38,0.343,0.355,0.366,0.358,1.2,1.2,0.826,0.856,0.5,0.681,0.681,0.2,0.653,0.681,0.0,0.639,0.681,0.0,0.646,0.681,0.1,0.645,0.681,1,1.0,40.477
20230301_0536,-4.82,149.59,597.0,IV.MA9.,41.77,12.659,126.791,1554.933,1572.121,1577.277,2.0,3.07,0.553,0.531,0.541,0.548,0.542,0.3,0.7,0.703,0.608,0.0,0.829,0.829,0.1,0.831,0.829,-0.1,0.83,0.829,-0.1,0.828,0.829,-0.1,0.829,0.829,1,0.0,-39.453
20230301_0536,-4.82,149.59,597.0,OE.KBA.,47.078,13.345,123.482,1533.953,1548.781,1553.204,3.0,2.196,0.524,0.524,0.528,0.515,0.53,1.5,1.6,0.844,0.884,1.0,0.89,0.89,1.0,0.898,0.89,0.8,0.898,0.89,0.9,0.898,0.89,0.8,0.897,0.89,1,0.0,-34.361
20230301_0536,-4.82,149.59,597.0,ZC.PODR.,18.153,-71.271,137.927,1622.964,1649.434,1657.658,4.0,0.859,0.159,0.114,0.151,0.14,0.127,3.6,3.4,0.81,0.943,1.9,0.705,0.705,2.4,0.744,0.705,1.9,0.71,0.705,2.1,0.722,0.705,2.3,0.735,0.705,0,-1.0,68.011
20230301_0536,-4.82,149.59,597.0,IV.IFIL.,38.564,14.575,127.118,1556.991,1574.423,1579.656,5.0,0.0,,,,,,-16.0,-8.0,0.0,0.0,-16.0,0.0,0.0,-16.0,0.0,0.0,-16.0,0.0,0.0,-16.0,0.0,0.0,-16.0,0.0,0.0,0,-1.0,-43.843
20230301_0536,-4.82,149.59,597.0,CH.PANIX.,46.826,9.112,125.959,1549.695,1566.27,1571.235,6.0,6.443,0.633,0.587,0.607,0.603,0.611,2.0,2.2,0.945,0.948,1.6,0.916,0.916,1.7,0.915,0.916,1.5,0.915,0.916,1.5,0.916,0.916,1.4,0.916,0.916,1,0.0,-32.51
20230301_0536,-4.82,149.59,597.0,MN.VSL.,39.496,9.378,130.114,1575.654,1595.4,1601.369,7.0,1.049,0.279,0.284,0.276,0.271,0.273,-0.8,-0.7,0.782,0.822,-1.3,0.571,0.571,-0.9,0.597,0.571,-1.3,0.577,0.571,-1.4,0.582,0.571,-1.4,0.584,0.571,0,-1.0,-40.157
20230301_0536,-4.82,149.59,597.0,CH.MUO.,46.968,8.637,126.123,1550.732,1567.427,1572.429,8.0,1.585,0.467,0.497,0.504,0.498,0.503,0.5,1.0,0.758,0.74,0.4,0.877,0.877,0.4,0.87,0.877,0.2,0.872,0.877,0.3,0.87,0.877,0.2,0.872,0.877,0,-1.0,-32.121
20230301_0536,-4.82,149.59,597.0,CH.LIENZ.,47.294,9.492,125.465,1546.572,1562.789,1567.643,9.0,2.621,0.301,0.273,0.3,0.298,0.297,2.8,2.6,0.768,0.728,2.1,0.903,0.903,2.2,0.901,0.903,2.0,0.906,0.903,2.0,0.906,0.903,2.0,0.907,0.903,0,-1.0,-32.259
20230301_0536,-4.82,149.59,597.0,GR.AHRW.,50.541,7.076,124.568,1540.878,1556.457,1561.113,10.0,4.415,0.614,0.523,0.505,0.488,0.497,-0.1,0.4,0.655,0.611,-0.3,0.603,0.603,-0.3,0.613,0.603,-0.4,0.607,0.603,-0.3,0.608,0.603,-0.4,0.606,0.603,1,0.0,-27.99
20230301_0536,-4.82,149.59,597.0,C1.MT18.,-33.463,-70.664,126.022,1550.092,1566.713,1571.692,11.0,0.0,,,,,,-16.0,-8.0,0.0,0.0,-16.0,0.0,0.0,-16.0,0.0,0.0,-16.0,0.0,0.0,-16.0,0.0,0.0,-16.0,0.0,0.0,0,-1.0,138.282
20230301_0536,-4.82,149.59,597.0,FR.SPIF.00,44.056,7.237,128.715,1566.972,1585.623,1591.24,12.0,1.951,0.305,0.283,0.299,0.308,0.305,1.8,2.0,0.538,0.505,1.2,0.677,0.677,1.4,0.689,0.677,1.1,0.688,0.677,1.0,0.699,0.677,1.0,0.695,0.677,0,-1.0,-34.182
20230301_0536,-4.82,149.59,597.0,C1.VA01.,-33.023,-71.648,125.625,1547.585,1563.918,1568.808,13.0,0.762,0.193,0.267,0.246,0.231,0.258,0.0,0.6,0.849,0.754,0.0,0.796,0.796,-0.5,0.84,0.796,-0.7,0.858,0.796,-0.6,0.867,0.796,-0.5,0.845,0.796,0,-1.0,137.239
20230301_0536,-4.82,149.59,597.0,NL.ARCN.,51.501,6.194,124.313,1539.257,1554.658,1559.258,14.0,4.163,0.401,0.401,0.398,0.395,0.394,5.0,-3.1,0.454,-0.49,-0.3,0.424,0.424,-0.2,0.451,0.424,-0.3,0.45,0.424,-0.3,0.45,0.424,-0.3,0.447,0.424,0,-1.0,-26.684
20230301_0536,-4.82,149.59,597.0,IV.MURB.,43.263,12.525,126.076,1550.43,1567.09,1572.081,15.0,2.671,0.623,0.627,0.652,0.645,0.654,1.5,1.7,0.967,0.963,1.3,0.97,0.97,1.4,0.975,0.97,1.2,0.972,0.97,1.2,0.973,0.97,1.2,0.972,0.97,1,0.0,-37.825
20230301_0536,-4.82,149.59,597.0,C1.AC01.,-26.148,-70.599,130.262,1576.572,1596.436,1602.443,16.0,1.652,0.201,0.114,0.092,0.084,0.111,-0.2,0.5,0.847,0.755,-8.8,0.678,0.678,-8.8,0.63,0.678,-9.4,0.623,0.678,-9.4,0.625,0.678,-8.9,0.628,0.678,0,-1.0,130.731
20230301_0536,-4.82,149.59,597.0,LU.ETLBK.,49.814,6.135,125.504,1546.82,1563.066,1567.928,17.0,1.637,0.493,0.451,0.442,0.433,0.435,-0.3,3.6,0.467,-0.615,-0.4,0.607,0.607,-0.3,0.576,0.607,-0.5,0.579,0.607,-0.5,0.576,0.607,-0.5,0.578,0.607,0,-1.0,-28.135
20230301_0536,-4.82,149.59,597.0,AF.WIN.,-22.567,17.1,126.107,1550.627,1567.31,1572.309,18.0,1.477,0.191,0.234,0.228,0.234,0.232,-5.9,-5.5,0.75,0.778,-6.4,0.707,0.707,-6.2,0.742,0.707,-6.6,0.661,0.707,-6.3,0.689,0.707,-6.3,0.719,0.707,0,-1.0,-122.644
20230301_0536,-4.82,149.59,597.0,GE.BOAB.,12.449,-85.666,124.936,1543.216,1559.055,1563.791,19.0,3.167,0.663,0.596,0.51,0.585,0.594,-0.1,0.1,0.891,0.885,-0.6,0.919,0.919,-1.0,0.923,0.919,-1.7,0.921,0.919,-1.2,0.92,0.919,-1.0,0.921,0.919,1,2.0,78.185
20230301_0536,-4.82,149.59,597.0,RD.FLAF.,43.383,6.255,129.69,1573.03,1592.441,1598.302,20.0,2.433,0.274,0.298,0.307,0.306,0.309,2.4,2.5,0.574,0.635,1.6,0.624,0.624,1.9,0.609,0.624,1.5,0.599,0.624,1.5,0.599,0.624,1.5,0.602,0.624,0,-1.0,-34.273
20230301_0536,-4.82,149.59,597.0,CH.MMK.,46.051,7.964,127.061,1556.633,1574.022,1579.241,21.0,3.22,0.553,0.536,0.564,0.568,0.564,1.6,1.8,0.872,0.851,1.1,0.872,0.872,1.2,0.881,0.872,1.0,0.882,0.872,1.0,0.881,0.872,1.0,0.882,0.872,1,0.0,-32.638
20230301_0536,-4.82,149.59,597.0,IV.ASSB.,43.043,12.659,126.112,1550.663,1567.35,1572.35,22.0,2.425,0.359,0.34,0.386,0.394,0.388,2.1,2.1,0.92,0.903,1.6,0.83,0.83,1.8,0.83,0.83,1.5,0.823,0.83,1.5,0.821,0.83,1.6,0.825,0.83,1,0.0,-38.119
20230301_0536,-4.82,149.59,597.0,OE.MOA.,47.849,14.266,122.535,1527.876,1542.065,1546.291,23.0,3.584,0.561,0.502,0.526,0.513,0.519,2.1,2.0,0.716,0.753,1.4,0.919,0.919,1.6,0.923,0.919,1.4,0.927,0.919,1.4,0.925,0.919,1.4,0.927,0.919,1,0.0,-34.02
20230301_0536,-4.82,149.59,597.0,FR.SJAF.00,42.484,2.876,132.148,1588.169,1609.563,1616.074,24.0,2.02,0.109,0.187,0.189,0.197,0.183,-1.8,-1.6,0.641,0.712,-2.4,0.74,0.74,-2.1,0.75,0.74,-2.3,0.753,0.74,-2.4,0.758,0.74,-2.4,0.758,0.74,0,-1.0,-33.011
20230301_0536,-4.82,149.59,597.0,CR.7493.,45.408,15.579,123.086,1531.414,1545.973,1550.313,25.0,1.715,0.351,0.329,0.337,0.331,0.33,7.0,-2.3,0.645,-0.468,7.5,0.446,0.446,7.6,0.417,0.446,7.4,0.416,0.446,7.4,0.421,0.446,7.4,0.417,0.446,0,-1.0,-37.043
20230301_0536,-4.82,149.59,597.0,C1.BO01.,-34.392,-71.085,125.182,1544.776,1560.79,1565.58,26.0,0.669,0.049,0.121,0.113,0.111,0.114,-5.5,-2.3,0.816,-0.832,-6.2,0.599,0.599,-6.3,0.697,0.599,-6.5,0.682,0.599,-6.5,0.674,0.599,-6.3,0.69,0.599,0,-1.0,138.925
20230301_0536,-4.82,149.59,597.0,CX.PB18.,-17.59,-69.48,135.403,1607.907,1632.085,1639.534,27.0,1.346,0.136,0.225,0.229,0.231,0.226,-3.0,3.1,0.81,0.711,4.4,0.5,0.5,0.4,0.493,0.5,0.4,0.633,0.5,0.3,0.631,0.5,0.4,0.514,0.5,0,-1.0,121.315
20230301_0536,-4.82,149.59,597.0,CM.HEL.00,6.191,-75.529,135.081,1605.967,1629.86,1637.212,28.0,2.369,0.49,0.431,0.453,0.439,0.438,1.9,1.9,0.804,0.753,1.4,0.672,0.672,0.8,0.851,0.672,0.5,0.784,0.672,0.7,0.826,0.672,0.7,0.845,0.672,1,3.0,86.08
20230301_0536,-4.82,149.59,597.0,GR.LOCC.,52.41,9.139,122.363,1526.772,1540.847,1545.038,29.0,1.731,0.442,0.459,0.46,0.463,0.46,-0.2,0.0,0.951,0.87,-0.7,0.895,0.895,-0.4,0.912,0.895,-0.5,0.914,0.895,-0.6,0.911,0.895,-0.6,0.912,0.895,0,-1.0,-27.365
20230301_0536,-4.82,149.59,597.0,LD.FOR.,40.86,-73.885,127.003,1556.27,1573.616,1578.822,30.0,1.033,0.253,0.23,0.222,0.225,0.221,1.5,-2.1,0.466,0.389,-1.7,0.505,0.505,-1.8,0.541,0.505,-2.0,0.533,0.505,-1.9,0.531,0.505,-2.0,0.529,0.505,0,-1.0,40.622
20230301_0536,-4.82,149.59,597.0,SX.LANDS.,51.526,12.163,121.489,1521.135,1534.639,1538.654,31.0,3.642,0.67,0.582,0.575,0.569,0.573,0.5,0.5,0.78,0.804,0.1,0.927,0.927,0.2,0.934,0.927,0.1,0.94,0.927,0.1,0.941,0.927,0.1,0.941,0.927,1,0.0,-29.569
20230301_0536,-4.82,149.59,597.0,CH.WIMIS.,46.665,7.624,126.851,1555.313,1572.546,1577.716,32.0,0.991,0.377,0.339,0.356,0.358,0.364,1.2,1.3,0.634,0.56,0.8,0.912,0.912,1.0,0.901,0.912,0.8,0.892,0.912,0.8,0.891,0.912,0.7,0.895,0.912,0,-1.0,-31.86
20230301_0536,-4.82,149.59,597.0,OE.ABTA.,46.747,12.512,124.138,1538.142,1553.422,1557.984,33.0,1.186,0.306,0.265,0.248,0.234,0.242,-2.7,-2.7,0.695,0.596,-3.3,0.793,0.793,-3.3,0.79,0.793,-3.5,0.794,0.793,-3.4,0.794,0.793,-3.5,0.794,0.793,0,-1.0,-34.296
20230301_0536,-4.82,149.59,597.0,CH.FULLY.,46.156,7.136,127.436,1558.983,1576.655,1581.962,34.0,3.678,0.409,0.4,0.412,0.42,0.415,0.4,-0.4,0.782,0.698,-0.1,0.586,0.586,-0.1,0.589,0.586,-0.2,0.607,0.586,-0.2,0.609,0.586,-0.2,0.606,0.586,1,0.0,-32.074
20230301_0536,-4.82,149.59,597.0,GU.RRL.,44.921,6.791,128.414,1565.097,1583.516,1589.059,35.0,0.953,0.242,0.198,0.227,0.234,0.234,2.7,3.0,0.667,0.633,1.9,0.845,0.845,2.1,0.851,0.845,1.8,0.859,0.845,1.8,0.863,0.845,1.8,0.863,0.845,0,-1.0,-33.071
20230301_0536,-4.82,149.59,597.0,OH.O53A.,40.249,-81.213,122.34,1526.625,1540.686,1544.872,36.0,2.096,0.35,0.207,0.257,0.258,0.242,1.3,4.3,0.9,-0.865,0.9,0.711,0.711,0.7,0.699,0.711,0.5,0.703,0.711,0.6,0.703,0.711,0.6,0.707,0.711,0,-1.0,44.424
20230301_0536,-4.82,149.59,597.0,CX.PSGCX.,-19.597,-70.123,133.944,1599.099,1622.006,1629.023,37.0,4.72,0.347,0.174,0.306,0.305,0.174,5.0,2.1,0.7,-0.745,-2.8,0.661,0.661,5.6,0.511,0.661,-3.7,0.517,0.661,-3.6,0.527,0.661,5.5,0.51,0.661,0,-1.0,123.424
20230301_0536,-4.82,149.59,597.0,IV.GIB.,37.99,14.026,127.768,1561.064,1578.988,1584.375,38.0,2.632,0.363,0.364,0.361,0.352,0.357,1.7,1.6,0.482,0.461,1.2,0.516,0.516,1.6,0.54,0.516,1.3,0.524,0.516,1.4,0.528,0.516,1.4,0.528,0.516,0,-1.0,-44.222
20230301_0536,-4.82,149.59,597.0,G.SSB.00,45.279,4.542,129.376,1571.08,1590.244,1596.026,39.0,2.419,0.207,0.205,0.221,0.236,0.23,1.3,0.7,0.396,0.289,1.1,0.623,0.623,1.3,0.634,0.623,1.1,0.636,0.623,1.0,0.63,0.623,1.1,0.632,0.623,0,-1.0,-31.379
20230301_0536,-4.82,149.59,597.0,C.GO06.,-39.584,-71.472,121.702,1522.514,1536.156,1540.214,40.0,1.879,0.188,0.143,0.168,0.192,0.175,-2.8,3.6,0.774,0.869,3.0,0.628,0.628,2.6,0.711,0.628,2.5,0.716,0.628,2.5,0.715,0.628,2.6,0.717,0.628,0,-1.0,143.534
20230301_0536,-4.82,149.59,597.0,GE.FLT1.,52.331,11.237,121.436,1520.794,1534.263,1538.268,41.0,3.451,0.564,0.562,0.562,0.564,0.563,-0.1,0.1,0.657,0.657,4.4,0.541,0.541,0.0,0.568,0.541,4.4,0.574,0.541,4.4,0.583,0.541,4.4,0.575,0.541,1,0.0,-28.414
20230301_0536,-4.82,149.59,597.0,CR.7441.,45.844,16.02,122.597,1528.277,1542.508,1546.746,42.0,3.924,0.487,0.497,0.518,0.513,0.513,1.4,1.8,0.828,0.799,0.9,0.784,0.784,1.0,0.814,0.784,0.9,0.819,0.784,1.0,0.819,0.784,0.9,0.818,0.784,1,0.0,-36.791
20230301_0536,-4.82,149.59,597.0,II.XBFO.55,48.33,8.33,125.416,1546.259,1562.441,1567.283,43.0,4.605,0.374,0.397,0.376,0.368,0.369,-1.6,4.6,0.539,0.415,4.4,0.728,0.728,4.4,0.734,0.728,4.3,0.735,0.728,4.3,0.742,0.728,4.2,0.741,0.728,1,0.0,-30.669
20230301_0536,-4.82,149.59,597.0,CX.PB09.,-21.796,-69.242,133.594,1596.978,1619.587,1626.503,44.0,1.422,0.023,-0.081,-0.077,-0.08,-0.085,-2.5,0.8,0.814,-0.566,-4.1,0.629,0.629,-4.3,0.581,0.629,-4.5,0.613,0.629,-4.5,0.626,0.629,-4.4,0.589,0.629,0,-1.0,126.64
20230301_0536,-4.82,149.59,597.0,IV.CGL.,39.366,9.296,130.238,1576.425,1596.269,1602.27,45.0,1.626,0.224,0.193,0.205,0.209,0.201,2.2,2.0,0.468,0.452,1.1,0.435,0.435,1.5,0.431,0.435,1.1,0.43,0.435,1.1,0.435,0.435,1.1,0.435,0.435,0,-1.0,-40.252
20230301_0536,-4.82,149.59,597.0,C1.MT01.,-33.864,-71.251,125.391,1546.101,1562.265,1567.102,46.0,1.068,0.086,0.067,0.062,0.056,0.062,-3.5,-3.5,0.617,0.604,-3.9,0.727,0.727,-4.2,0.816,0.727,-4.4,0.811,0.727,-4.4,0.803,0.727,-4.3,0.809,0.727,0,-1.0,138.309
20230301_0536,-4.82,149.59,597.0,OE.WTTA.,47.264,11.636,124.325,1539.33,1554.739,1559.342,47.0,4.027,0.596,0.54,0.54,0.528,0.533,0.9,1.1,0.662,0.706,0.4,0.883,0.883,0.4,0.887,0.883,0.2,0.894,0.883,0.2,0.895,0.883,0.2,0.894,0.883,1,0.0,-33.366
20230301_0536,-4.82,149.59,597.0,CR.7491.,45.507,15.845,122.875,1530.064,1544.481,1548.777,48.0,2.284,0.477,0.435,0.444,0.429,0.446,1.9,2.0,0.776,0.762,1.4,0.854,0.854,1.5,0.886,0.854,1.4,0.888,0.854,1.4,0.885,0.854,1.3,0.883,0.854,1,0.0,-37.058
20230301_0536,-4.82,149.59,597.0,IV.USI.,38.708,13.179,128.007,1562.553,1580.659,1586.103,49.0,4.295,0.52,0.508,0.522,0.524,0.518,-0.4,-0.7,0.651,0.59,-1.3,0.63,0.63,-1.0,0.653,0.63,-1.3,0.638,0.63,-1.3,0.641,0.63,-1.3,0.64,0.63,1,0.0,-43.018
20230301_0536,-4.82,149.59,597.0,GR.MOX.,50.646,11.616,122.3,1526.365,1540.398,1544.576,50.0,3.023,0.644,0.602,0.589,0.574,0.584,0.1,0.0,0.842,0.845,-0.2,0.646,0.646,-0.1,0.676,0.646,-0.1,0.658,0.646,-0.1,0.664,0.646,-0.1,0.658,0.646,1,0.0,-30.136
20230301_0536,-4.82,149.59,597.0,TH.CHRS.,51.61,10.819,122.091,1525.02,1538.915,1543.051,51.0,4.594,0.511,0.509,0.504,0.511,0.506,0.2,-0.2,0.505,0.495,4.9,0.647,0.647,5.1,0.638,0.647,5.0,0.633,0.647,5.0,0.639,0.647,5.0,0.634,0.647,1,0.0,-28.878
20230301_0536,-4.82,149.59,597.0,ZC.BADR.,18.39,-70.356,138.715,1627.626,1654.83,1663.304,52.0,1.923,0.142,0.123,0.123,0.124,0.124,-3.9,-4.6,0.746,0.922,-0.1,0.594,0.594,-5.2,0.575,0.594,-5.8,0.622,0.594,-5.6,0.594,0.594,-5.4,0.59,0.594,0,-1.0,67.346
20230301_0536,-4.82,149.59,597.0,IV.PTCC.,46.408,13.354,123.853,1536.323,1551.405,1555.907,53.0,0.987,0.141,0.123,0.117,0.112,0.114,5.3,4.4,0.409,0.621,4.6,0.444,0.444,4.6,0.433,0.444,4.4,0.431,0.444,4.4,0.433,0.444,4.4,0.429,0.444,0,-1.0,-35.029
20230301_0536,-4.82,149.59,597.0,TH.POSS.,51.333,10.867,122.242,1525.995,1539.991,1544.157,54.0,3.651,0.399,0.399,0.405,0.411,0.408,1.0,1.1,0.704,0.821,1.0,0.661,0.661,1.1,0.67,0.661,1.0,0.665,0.661,1.1,0.666,0.661,1.0,0.666,0.661,1,0.0,-29.153
20230301_0536,-4.82,149.59,597.0,TH.ZEU.,50.671,11.977,122.104,1525.102,1539.007,1543.145,55.0,0.504,0.158,0.145,0.144,0.142,0.143,11.6,0.2,0.081,-0.038,0.3,0.496,0.496,0.5,0.504,0.496,0.3,0.504,0.496,0.3,0.514,0.496,0.3,0.505,0.496,0,-1.0,-30.279
20230301_0536,-4.82,149.59,597.0,CH.TORNY.,46.774,6.959,127.129,1557.058,1574.498,1579.733,56.0,1.562,0.365,0.367,0.376,0.381,0.384,1.0,1.2,0.828,0.822,1.2,0.729,0.729,1.4,0.748,0.729,1.3,0.754,0.729,1.2,0.756,0.729,1.2,0.752,0.729,0,-1.0,-31.385
20230301_0536,-4.82,149.59,597.0,BX.GMARE.,-19.389,22.162,122.913,1530.306,1544.748,1549.052,57.0,1.48,0.067,0.063,0.091,0.089,0.079,-9.5,-0.7,0.459,-0.216,-9.5,0.507,0.507,-9.4,0.531,0.507,-9.4,0.581,0.507,-9.3,0.575,0.507,-9.3,0.557,0.507,0,-1.0,-116.897
20230301_0536,-4.82,149.59,597.0,CX.PB16.,-18.335,-69.508,135.043,1605.739,1629.599,1636.94,58.0,0.773,0.036,0.054,-0.086,-0.085,0.051,-0.2,3.5,0.509,-0.843,7.6,0.568,0.568,4.4,0.746,0.568,8.8,0.56,0.568,8.8,0.576,0.568,4.4,0.755,0.568,0,-1.0,122.239
20230301_0536,-4.82,149.59,597.0,MN.DIVS.,44.098,19.992,120.971,1517.785,1530.957,1534.87,59.0,3.021,0.615,0.608,0.624,0.612,0.613,1.1,1.3,0.937,0.968,1.2,0.829,0.829,1.3,0.833,0.829,1.0,0.826,0.829,1.2,0.816,0.829,1.2,0.819,0.829,1,0.0,-40.19
20230301_0536,-4.82,149.59,597.0,TH.CRUX.,50.602,10.792,122.737,1529.178,1543.502,1547.77,60.0,2.81,0.485,0.47,0.465,0.467,0.463,0.6,-0.1,0.751,0.66,-0.3,0.68,0.68,0.0,0.695,0.68,-0.2,0.69,0.68,-0.1,0.694,0.68,-0.2,0.69,0.68,1,0.0,-29.79
20230301_0536,-4.82,149.59,597.0,GE.VAL.,51.939,-10.244,130.002,1574.962,1594.619,1600.559,61.0,2.98,0.451,0.452,0.45,0.449,0.449,-0.5,0.7,0.738,0.628,-0.2,0.792,0.792,0.0,0.786,0.792,-0.2,0.783,0.792,-0.4,0.791,0.792,-0.4,0.792,0.792,1,4.0,-16.072
20230301_0536,-4.82,149.59,597.0,LU.KIND.,49.694,5.864,125.714,1548.145,1564.542,1569.452,62.0,1.302,0.271,0.263,0.278,0.29,0.287,2.4,2.6,0.88,0.913,2.3,0.841,0.841,2.4,0.846,0.841,2.2,0.843,0.841,2.2,0.842,0.841,2.2,0.844,0.841,0,-1.0,-28.093
20230301_0536,-4.82,149.59,597.0,LD.NPNY.,41.755,-74.144,126.376,1552.326,1569.206,1574.267,63.0,1.674,0.426,0.399,0.403,0.402,0.398,1.2,0.7,0.755,0.706,0.5,0.829,0.829,0.2,0.864,0.829,0.0,0.867,0.829,0.1,0.859,0.829,0.1,0.863,0.829,0,-1.0,39.795
20230301_0536,-4.82,149.59,597.0,IV.ISTR.,38.787,15.192,126.589,1553.664,1570.701,1575.811,64.0,1.932,0.384,0.365,0.372,0.365,0.367,-0.1,-4.3,0.505,-0.843,1.7,0.539,0.539,1.9,0.534,0.539,1.6,0.521,0.539,1.8,0.529,0.539,1.7,0.524,0.539,0,-1.0,-43.88
20230301_0536,-4.82,149.59,597.0,FR.ISO.01,44.184,7.05,128.739,1567.121,1585.79,1591.413,65.0,1.262,0.251,0.272,0.289,0.288,0.279,1.1,1.2,0.78,0.773,1.3,0.665,0.665,1.4,0.67,0.665,1.2,0.662,0.665,1.2,0.657,0.665,1.2,0.659,0.665,0,-1.0,-33.947
20230301_0536,-4.82,149.59,597.0,CX.PB03.,-22.048,-69.753,133.057,1593.716,1615.87,1622.633,66.0,1.145,0.169,0.175,0.189,0.185,0.173,1.8,4.7,0.697,-0.693,-0.2,0.626,0.626,-0.4,0.616,0.626,-0.5,0.626,0.626,-0.6,0.634,0.626,-0.4,0.619,0.626,0,-1.0,126.606
20230301_0536,-4.82,149.59,597.0,RD.MFF.,46.601,-0.141,130.719,1579.392,1599.622,1605.748,67.0,1.515,0.376,0.37,0.36,0.352,0.356,0.3,1.1,0.586,0.502,-0.7,0.43,0.43,-0.7,0.415,0.43,-0.9,0.436,0.43,-1.0,0.443,0.43,-1.0,0.441,0.43,0,-1.0,-27.132
20230301_0536,-4.82,149.59,597.0,GR.GRB3.,49.343,11.805,122.996,1530.84,1545.338,1549.659,68.0,2.847,0.46,0.48,0.476,0.479,0.477,0.4,3.5,0.668,0.246,3.2,0.635,0.635,3.2,0.627,0.635,3.1,0.616,0.635,3.2,0.623,0.635,3.1,0.616,0.635,1,0.0,-31.448
20230301_0536,-4.82,149.59,597.0,TH.MEHR.,51.283,10.659,122.374,1526.845,1540.928,1545.121,69.0,3.161,0.368,0.35,0.337,0.332,0.333,-1.9,-2.2,0.456,0.417,3.3,0.613,0.613,3.5,0.578,0.613,3.4,0.571,0.613,3.4,0.577,0.613,3.4,0.571,0.613,0,-1.0,-29.101
20230301_0536,-4.82,149.59,597.0,BW.MROB.,50.083,12.179,122.357,1526.735,1540.807,1544.997,70.0,2.12,0.337,0.337,0.34,0.341,0.339,1.5,1.5,0.551,0.818,1.1,0.566,0.566,1.2,0.549,0.566,1.2,0.541,0.566,1.2,0.542,0.566,1.2,0.538,0.566,1,0.0,-30.923
20230301_0536,-4.82,149.59,597.0,OE.VIE.,48.248,16.362,121.142,1518.891,1532.171,1536.118,71.0,4.839,0.448,0.419,0.434,0.421,0.425,1.1,1.9,0.576,0.419,1.4,0.702,0.702,1.6,0.684,0.702,1.3,0.676,0.702,1.3,0.665,0.702,1.3,0.671,0.702,1,0.0,-34.528
20230301_0536,-4.82,149.59,597.0,GR.LUEB.,52.297,8.699,122.639,1528.549,1542.808,1547.055,72.0,0.346,0.009,0.011,0.011,0.011,0.011,11.4,-3.3,0.291,-0.962,-8.7,0.587,0.587,-8.4,0.58,0.587,-8.5,0.581,0.587,-8.5,0.583,0.587,-8.6,0.583,0.587,0,-1.0,-27.253
20230301_0536,-4.82,149.59,597.0,C.GO04.,-30.173,-70.799,127.872,1561.714,1579.718,1585.13,73.0,0.344,0.001,-0.028,-0.027,-0.025,-0.029,9.3,-3.9,0.616,-0.991,-9.1,0.387,0.387,-9.2,0.413,0.387,-9.4,0.403,0.387,-9.5,0.399,0.387,-9.2,0.41,0.387,0,-1.0,134.89
20230301_0536,-4.82,149.59,597.0,FR.RUSF.07,43.941,5.484,129.759,1573.459,1592.924,1598.802,74.0,2.35,0.402,0.347,0.378,0.382,0.386,2.4,2.6,0.867,0.876,1.6,0.842,0.842,1.8,0.835,0.842,1.6,0.83,0.842,1.5,0.836,0.842,1.5,0.837,0.842,1,0.0,-33.251
20230301_0536,-4.82,149.59,597.0,FR.FILF.00,42.56,2.417,132.345,1589.37,1610.927,1617.492,75.0,0.725,0.103,0.106,0.104,0.102,0.099,-1.5,-1.6,0.693,0.718,-1.4,0.385,0.385,-1.2,0.41,0.385,-1.4,0.406,0.385,-1.5,0.397,0.385,-1.5,0.402,0.385,0,-1.0,-32.624
20230301_0536,-4.82,149.59,597.0,CR.OZLJ.,45.615,15.467,123.045,1531.153,1545.684,1550.015,76.0,1.291,0.467,0.455,0.444,0.437,0.451,2.6,3.3,0.79,0.832,2.4,0.829,0.829,2.6,0.813,0.829,2.4,0.814,0.829,2.5,0.813,0.829,2.4,0.82,0.829,0,-1.0,-36.783
20230301_0536,-4.82,149.59,597.0,GU.CIRO.,45.602,7.568,127.559,1559.752,1577.517,1582.853,77.0,2.823,0.419,0.408,0.447,0.456,0.453,2.1,2.0,0.846,0.757,1.2,0.867,0.867,1.4,0.879,0.867,1.2,0.873,0.867,1.2,0.874,0.867,1.2,0.873,0.867,1,0.0,-32.852
20230301_0536,-4.82,149.59,597.0,EI.ILTH.,54.028,-6.336,127.042,1556.516,1573.891,1579.106,78.0,3.224,0.474,0.463,0.453,0.439,0.439,-1.3,-0.3,0.737,0.62,-1.7,0.592,0.592,-1.4,0.608,0.592,-1.5,0.61,0.592,-1.7,0.614,0.592,-1.7,0.612,0.592,1,4.0,-17.443
20230301_0536,-4.82,149.59,597.0,BX.PHPEN.,-25.476,22.857,120.124,1512.292,1524.929,1528.68,79.0,1.036,0.01,0.054,0.002,-0.015,0.009,1.5,-1.7,0.555,-0.513,3.4,0.596,0.596,1.8,0.718,0.596,1.8,0.694,0.596,1.9,0.705,0.596,1.9,0.719,0.596,0,-1.0,-123.277
20230301_0536,-4.82,149.59,597.0,CR.7440.,46.004,16.12,122.455,1527.363,1541.499,1545.708,80.0,1.744,0.057,0.06,0.051,0.048,0.049,-3.1,0.5,0.421,-0.507,-3.5,0.584,0.584,-3.4,0.581,0.584,-3.6,0.594,0.584,-3.5,0.587,0.584,-3.5,0.591,0.584,0,-1.0,-36.672
20230301_0536,-4.82,149.59,597.0,GR.UBR.,47.68,10.107,124.9,1542.989,1558.803,1563.531,81.0,6.75,0.402,0.349,0.375,0.373,0.385,1.8,2.0,0.757,0.721,1.5,0.943,0.943,1.6,0.938,0.943,1.4,0.938,0.943,1.4,0.938,0.943,1.3,0.938,0.943,1,0.0,-32.204
20230301_0536,-4.82,149.59,597.0,PM.PFVI.,37.133,-8.827,142.133,1647.618,1678.123,1687.733,82.0,1.671,0.388,0.295,0.31,0.334,0.325,2.2,2.2,0.959,0.943,1.4,0.98,0.98,2.3,0.98,0.98,2.1,0.977,0.98,1.9,0.968,0.98,2.1,0.971,0.98,0,-1.0,-28.383
20230301_0536,-4.82,149.59,597.0,GR.CLL.,51.308,13.002,121.204,1519.296,1532.617,1536.576,83.0,4.317,0.517,0.529,0.529,0.541,0.53,-0.3,-4.1,0.662,-0.391,4.7,0.719,0.719,4.8,0.733,0.719,4.6,0.755,0.719,4.7,0.757,0.719,4.6,0.761,0.719,1,0.0,-30.145
20230301_0536,-4.82,149.59,597.0,CH.WILA.,47.415,8.908,125.699,1548.052,1564.438,1569.344,84.0,1.235,0.275,0.297,0.306,0.314,0.304,2.2,5.3,0.638,-0.624,1.8,0.58,0.58,1.8,0.578,0.58,1.6,0.58,0.58,1.6,0.587,0.58,1.5,0.58,0.58,0,-1.0,-31.837
20230301_0536,-4.82,149.59,597.0,NU.CNGN.,12.5,-86.699,123.926,1536.789,1551.922,1556.439,85.0,1.014,0.071,0.075,0.093,0.087,0.079,8.0,0.0,0.483,-0.831,7.8,0.335,0.335,7.4,0.297,0.335,6.8,0.274,0.335,7.3,0.29,0.335,7.4,0.295,0.335,0,-1.0,78.184
20230301_0536,-4.82,149.59,597.0,CH.AIGLE.,46.342,6.953,127.412,1558.837,1576.491,1581.793,86.0,4.41,0.35,0.356,0.372,0.384,0.371,2.5,-2.4,0.42,0.318,2.0,0.383,0.383,2.3,0.379,0.383,2.1,0.37,0.383,2.0,0.367,0.383,2.0,0.368,0.383,0,-1.0,-31.792
20230301_0536,-4.82,149.59,597.0,BW.ALFT.,48.142,11.28,123.995,1537.228,1552.408,1556.94,87.0,0.492,0.122,0.132,0.132,0.132,0.132,-6.6,-2.8,0.146,-0.827,0.0,0.631,0.631,0.1,0.632,0.631,-0.2,0.63,0.631,-0.2,0.63,0.631,-0.2,0.635,0.631,0,-1.0,-32.343
20230301_0536,-4.82,149.59,597.0,TH.GEIDO.,50.735,12.2,121.952,1524.127,1537.932,1542.04,88.0,0.349,0.051,0.048,0.048,0.048,0.048,15.6,2.9,0.002,-0.574,-8.1,0.415,0.415,-8.0,0.43,0.415,-8.0,0.435,0.415,-8.0,0.438,0.415,-8.0,0.437,0.415,0,-1.0,-30.321
20230301_0536,-4.82,149.59,597.0,C1.CO04.,-32.043,-70.975,126.661,1554.117,1571.208,1576.334,89.0,1.055,0.128,0.02,0.019,0.022,0.013,-1.1,4.7,0.81,0.806,4.3,0.823,0.823,4.0,0.708,0.823,3.7,0.686,0.823,3.7,0.683,0.823,3.9,0.704,0.823,0,-1.0,136.68
20230301_0536,-4.82,149.59,597.0,FR.PAND.00,42.524,1.546,132.835,1592.363,1614.33,1621.031,90.0,1.038,0.238,0.181,0.181,0.182,0.181,2.0,-1.5,0.671,0.255,0.8,0.484,0.484,1.3,0.481,0.484,1.1,0.477,0.484,1.0,0.477,0.484,1.0,0.476,0.484,0,-1.0,-32.056
20230301_0536,-4.82,149.59,597.0,BW.TON.,48.174,11.289,123.971,1537.075,1552.239,1556.765,91.0,2.44,0.586,0.623,0.628,0.627,0.628,0.9,1.1,0.93,0.941,0.4,0.85,0.85,0.4,0.864,0.85,0.3,0.861,0.85,0.3,0.861,0.85,0.2,0.864,0.85,1,0.0,-32.317
20230301_0536,-4.82,149.59,597.0,FR.ILLF.00,47.683,7.254,126.383,1552.367,1569.252,1574.314,92.0,2.615,0.462,0.478,0.497,0.503,0.506,1.2,1.5,0.845,0.833,1.1,0.915,0.915,1.3,0.93,0.915,1.1,0.925,0.915,1.0,0.926,0.915,1.0,0.925,0.915,1,0.0,-30.694
20230301_0536,-4.82,149.59,597.0,IV.MRGE.,45.77,7.061,127.724,1560.789,1578.68,1584.056,93.0,3.076,0.647,0.618,0.635,0.634,0.636,1.3,1.5,0.859,0.908,0.5,0.929,0.929,0.7,0.917,0.929,0.6,0.916,0.929,0.5,0.916,0.929,0.5,0.919,0.929,1,0.0,-32.402
20230301_0536,-4.82,149.59,597.0,CR.7500.,45.424,16.188,122.711,1529.007,1543.314,1547.576,94.0,1.234,0.356,0.321,0.317,0.312,0.309,7.1,-2.7,0.682,-0.317,7.1,0.603,0.603,7.2,0.596,0.603,7.1,0.595,0.603,7.2,0.594,0.603,7.2,0.593,0.603,0,-1.0,-37.29
20230301_0536,-4.82,149.59,597.0,LU.EIF05.,49.997,6.498,125.208,1544.944,1560.978,1565.774,95.0,2.256,0.302,0.292,0.29,0.29,0.288,-1.4,-2.0,0.611,0.583,-2.3,0.652,0.652,-2.3,0.664,0.652,-2.5,0.661,0.652,-2.5,0.663,0.652,-2.5,0.663,0.652,0,-1.0,-28.168
20230301_0536,-4.82,149.59,597.0,GR.GRA4.,49.564,11.435,123.053,1531.206,1545.743,1550.076,96.0,1.888,0.549,0.532,0.522,0.507,0.518,0.3,0.2,0.674,0.647,0.6,0.471,0.471,0.6,0.471,0.471,0.5,0.461,0.471,0.6,0.463,0.471,0.5,0.459,0.471,0,-1.0,-31.064
20230301_0536,-4.82,149.59,597.0,OE.CSNA.,47.928,15.859,121.596,1521.831,1535.404,1539.441,97.0,5.136,0.714,0.697,0.72,0.709,0.714,1.2,1.4,0.895,0.927,0.9,0.937,0.937,1.0,0.931,0.937,0.8,0.934,0.937,0.9,0.928,0.937,0.8,0.932,0.937,1,0.0,-34.634
20230301_0536,-4.82,149.59,597.0,C.GO02.,-25.163,-69.59,131.559,1584.559,1605.469,1611.82,98.0,2.383,0.158,0.123,0.122,0.117,0.119,0.8,-2.1,0.707,-0.367,0.7,0.345,0.345,-0.7,0.405,0.345,-0.6,0.4,0.345,-0.5,0.401,0.345,-0.7,0.41,0.345,0,-1.0,130.293
20230301_0536,-4.82,149.59,597.0,PR.PCDR.,18.514,-68.381,140.494,1638.079,1666.978,1676.033,99.0,2.389,0.339,0.358,0.342,0.346,0.354,0.8,0.6,0.627,0.619,0.1,0.935,0.935,-0.3,0.843,0.935,-0.8,0.891,0.935,-0.7,0.884,0.935,-0.5,0.863,0.935,1,5.0,66.403
20230301_0536,-4.82,149.59,597.0,C1.VA06.,-32.561,-71.298,126.135,1550.805,1567.508,1572.514,100.0,0.388,0.051,0.064,0.061,0.06,0.064,10.2,-4.2,0.664,-0.996,-9.1,0.337,0.337,-9.5,0.371,0.337,-9.7,0.366,0.337,-9.7,0.362,0.337,-9.5,0.372,0.337,0,-1.0,136.996
20230301_0536,-4.82,149.59,597.0,CX.PB14.,-24.626,-70.404,131.22,1582.478,1603.112,1609.372,101.0,0.826,0.17,0.069,0.072,0.075,0.067,-0.8,-4.8,0.577,-0.665,-9.2,0.662,0.662,-9.6,0.634,0.662,-9.7,0.61,0.662,-9.7,0.612,0.662,-9.7,0.632,0.662,0,-1.0,129.16
20230301_0536,-4.82,149.59,597.0,CH.SENIN.,46.363,7.299,127.216,1557.605,1575.111,1580.367,102.0,3.281,0.268,0.246,0.257,0.262,0.267,2.4,2.6,0.866,0.876,2.2,0.832,0.832,2.4,0.863,0.832,2.2,0.865,0.832,2.2,0.865,0.832,2.2,0.865,0.832,0,-1.0,-31.967
20230301_0536,-4.82,149.59,597.0,IV.LAV9.,41.678,12.699,126.814,1555.081,1572.286,1577.448,103.0,1.342,0.442,0.405,0.44,0.449,0.438,0.4,-2.8,0.888,-0.82,0.7,0.655,0.655,0.7,0.644,0.655,0.5,0.655,0.655,0.5,0.655,0.655,0.5,0.654,0.655,0,-1.0,-39.57
20230301_0536,-4.82,149.59,597.0,IV.CRMI.,43.796,10.98,126.71,1554.427,1571.555,1576.692,104.0,2.439,0.289,0.295,0.303,0.304,0.297,-2.4,-2.2,0.589,0.602,-2.2,0.466,0.466,-2.2,0.487,0.466,-2.3,0.487,0.466,-2.3,0.489,0.466,-2.4,0.488,0.466,0,-1.0,-36.496
20230301_0536,-4.82,149.59,597.0,FR.LRVF.00,44.948,-0.31,132.029,1587.44,1608.735,1615.213,105.0,2.054,0.249,0.3,0.306,0.308,0.309,5.0,4.9,0.516,0.556,4.0,0.599,0.599,4.4,0.61,0.599,4.2,0.605,0.599,4.1,0.606,0.599,4.1,0.605,0.599,0,-1.0,-28.476
20230301_0536,-4.82,149.59,597.0,C1.LR04.,-39.88,-73.426,120.346,1513.734,1526.511,1530.304,106.0,0.339,-0.002,-0.007,-0.005,-0.002,-0.005,-11.9,0.4,0.156,-0.997,-8.9,0.424,0.424,-9.1,0.453,0.424,-9.2,0.436,0.424,-9.1,0.417,0.424,-9.1,0.435,0.424,0,-1.0,142.696
20230301_0536,-4.82,149.59,597.0,CH.FIESA.,46.435,8.111,126.739,1554.612,1571.762,1576.906,107.0,2.263,0.434,0.451,0.483,0.496,0.495,2.0,2.2,0.771,0.766,1.6,0.926,0.926,1.7,0.928,0.926,1.5,0.923,0.926,1.5,0.925,0.926,1.5,0.925,0.926,1,0.0,-32.348
20230301_0536,-4.82,149.59,597.0,GE.SALTA.,-24.224,-66.34,134.535,1602.678,1626.096,1633.286,108.0,1.473,0.215,0.016,-0.004,-0.008,0.011,-1.6,-1.7,0.664,0.591,-2.6,0.87,0.87,-2.6,0.689,0.87,-2.9,0.711,0.87,-3.0,0.709,0.87,-2.7,0.691,0.87,0,-1.0,131.501
20230301_0536,-4.82,149.59,597.0,CR.7498.,45.748,16.613,122.29,1526.304,1540.332,1544.508,109.0,2.303,0.509,0.473,0.501,0.493,0.496,1.5,1.5,0.691,0.719,0.8,0.871,0.871,1.1,0.89,0.871,0.8,0.892,0.871,0.9,0.89,0.871,0.9,0.891,0.871,1,0.0,-37.141
20230301_0536,-4.82,149.59,597.0,IV.CASP.,42.791,10.865,127.347,1558.429,1576.034,1581.321,110.0,1.619,-0.035,-0.058,-0.052,-0.055,-0.055,-3.6,-3.8,0.607,0.505,-4.2,0.722,0.722,-4.1,0.73,0.722,-4.2,0.725,0.722,-4.2,0.727,0.722,-4.3,0.726,0.722,0,-1.0,-37.47
20230301_0536,-4.82,149.59,597.0,IV.CIGN.,41.654,14.905,125.409,1546.214,1562.391,1567.232,111.0,3.457,0.304,0.29,0.299,0.297,0.297,1.0,1.2,0.867,0.867,0.9,0.657,0.657,1.0,0.653,0.657,0.8,0.646,0.657,0.9,0.65,0.657,0.8,0.651,0.657,0,-1.0,-40.646
20230301_0536,-4.82,149.59,597.0,EI.VAL.,51.939,-10.244,130.002,1574.962,1594.619,1600.559,112.0,2.98,0.451,0.452,0.45,0.449,0.449,-0.5,0.7,0.738,0.628,-0.2,0.792,0.792,0.0,0.786,0.792,-0.2,0.783,0.792,-0.4,0.791,0.792,-0.4,0.792,0.792,1,4.0,-16.072
20230301_0536,-4.82,149.59,597.0,C1.BO02.,-34.792,-70.781,125.135,1544.479,1560.459,1565.239,113.0,0.754,0.229,0.176,0.19,0.206,0.183,0.8,3.8,0.685,-0.734,-0.1,0.765,0.765,-0.5,0.87,0.765,-0.7,0.885,0.765,-0.7,0.892,0.765,-0.6,0.879,0.765,0,-1.0,139.498
20230301_0536,-4.82,149.59,597.0,FR.VIEF.00,42.882,0.023,133.373,1595.635,1618.055,1624.908,114.0,2.241,0.543,0.56,0.568,0.577,0.576,2.3,2.4,0.78,0.816,1.0,0.797,0.797,1.3,0.785,0.797,1.1,0.784,0.797,1.0,0.79,0.797,1.0,0.788,0.797,1,0.0,-30.623
20230301_0536,-4.82,149.59,597.0,CR.HVAR.,43.178,16.449,123.668,1535.141,1550.097,1554.558,115.0,7.41,0.662,0.655,0.7,0.68,0.681,1.6,1.7,0.888,0.901,1.1,0.941,0.941,1.2,0.955,0.941,0.9,0.958,0.941,1.0,0.955,0.941,1.0,0.955,0.941,1,0.0,-39.723
20230301_0536,-4.82,149.59,597.0,CH.EMBD.,46.217,7.832,127.027,1556.417,1573.781,1578.992,116.0,2.928,0.502,0.488,0.521,0.531,0.528,1.9,1.9,0.93,0.887,1.4,0.896,0.896,1.5,0.904,0.896,1.2,0.91,0.896,1.2,0.909,0.896,1.3,0.908,0.896,1,0.0,-32.404
20230301_0536,-4.82,149.59,597.0,GR.GRB4.,49.468,11.559,123.048,1531.169,1545.702,1550.034,117.0,1.736,0.326,0.313,0.319,0.316,0.316,1.8,2.7,0.574,0.673,2.2,0.695,0.695,2.4,0.671,0.695,2.2,0.679,0.695,2.2,0.68,0.695,2.2,0.676,0.695,0,-1.0,-31.214
20230301_0536,-4.82,149.59,597.0,IV.IACL.,38.533,14.355,127.285,1558.037,1575.595,1580.867,118.0,5.962,0.488,0.491,0.477,0.479,0.481,-6.6,-3.4,0.75,-0.795,-0.7,0.8,0.8,-0.5,0.799,0.8,-0.7,0.794,0.8,-0.7,0.799,0.8,-0.7,0.798,0.8,1,0.0,-43.775
20230301_0536,-4.82,149.59,597.0,FR.ATE.01,43.086,-0.701,133.589,1596.951,1619.555,1626.47,119.0,2.33,0.424,0.396,0.407,0.42,0.417,2.5,2.1,0.731,0.604,2.0,0.752,0.752,2.3,0.722,0.752,2.2,0.731,0.752,2.0,0.731,0.752,2.0,0.731,0.752,1,0.0,-29.899
20230301_0536,-4.82,149.59,597.0,BW.KW1.,48.122,12.597,123.298,1532.772,1547.475,1551.859,120.0,2.005,0.46,0.473,0.51,0.513,0.511,1.6,1.8,0.724,0.639,0.9,0.852,0.852,1.1,0.864,0.852,0.8,0.875,0.852,0.9,0.873,0.852,0.9,0.875,0.852,1,0.0,-32.991
20230301_0536,-4.82,149.59,597.0,LD.WADE.,38.679,-75.25,127.164,1557.281,1574.749,1579.992,121.0,0.348,0.031,0.002,0.008,0.01,0.008,9.4,-4.1,0.619,-0.998,-8.8,0.455,0.455,-9.1,0.449,0.455,-9.4,0.448,0.455,-9.3,0.448,0.455,-9.2,0.447,0.455,0,-1.0,43.649
20230301_0536,-4.82,149.59,597.0,GR.GOLD.,52.922,9.425,121.895,1523.756,1537.523,1541.62,122.0,3.407,0.332,0.369,0.393,0.402,0.398,2.7,2.6,0.729,0.844,2.1,0.883,0.883,2.2,0.89,0.883,2.2,0.888,0.883,2.2,0.889,0.883,2.1,0.889,0.883,1,0.0,-27.048
20230301_0536,-4.82,149.59,597.0,WM.TIO.,30.927,-7.262,146.012,1669.827,1704.312,1715.318,123.0,4.655,0.44,0.395,0.404,0.419,0.413,1.4,-2.7,0.813,-0.78,-7.1,0.525,0.525,1.1,0.608,0.525,0.7,0.644,0.525,0.4,0.686,0.525,0.6,0.664,0.525,1,-1.0,-36.871
20230301_0536,-4.82,149.59,597.0,IV.MTCE.,42.023,12.742,126.605,1553.765,1570.814,1575.927,124.0,1.801,0.412,0.399,0.427,0.425,0.422,1.1,1.3,0.892,0.868,0.8,0.892,0.892,1.0,0.891,0.892,0.7,0.886,0.892,0.7,0.888,0.892,0.8,0.888,0.892,0,-1.0,-39.227
20230301_0536,-4.82,149.59,597.0,C1.CO02.,-31.204,-71.0,127.135,1557.096,1574.541,1579.777,125.0,1.632,0.103,-0.024,-0.011,0.005,-0.027,-1.3,-4.5,0.761,-0.806,-2.4,0.645,0.645,-2.5,0.589,0.645,-9.9,0.586,0.645,-9.8,0.597,0.645,-2.6,0.587,0.645,0,-1.0,135.818
20230301_0536,-4.82,149.59,597.0,II.BFO.00,48.33,8.33,125.416,1546.259,1562.441,1567.283,126.0,4.59,0.37,0.396,0.377,0.369,0.37,-1.6,4.5,0.54,0.402,4.3,0.729,0.729,4.3,0.735,0.729,4.2,0.736,0.729,4.2,0.744,0.729,4.1,0.743,0.729,1,0.0,-30.669
20230301_0536,-4.82,149.59,597.0,FR.STR.00,48.58,7.763,125.539,1547.042,1563.313,1568.183,127.0,1.437,0.352,0.369,0.375,0.372,0.377,1.7,1.7,0.678,0.677,0.9,0.739,0.739,1.0,0.734,0.739,0.8,0.74,0.739,0.8,0.749,0.739,0.7,0.745,0.739,0,-1.0,-30.135
20230301_0536,-4.82,149.59,597.0,GR.BFO.,48.33,8.33,125.416,1546.259,1562.441,1567.283,128.0,4.495,0.386,0.413,0.394,0.386,0.387,-1.7,4.5,0.532,0.391,4.3,0.721,0.721,4.3,0.726,0.721,4.2,0.727,0.721,4.2,0.736,0.721,4.1,0.734,0.721,1,0.0,-30.669
20230301_0536,-4.82,149.59,597.0,FR.LABF.00,43.046,0.073,133.23,1594.766,1617.065,1623.877,129.0,2.079,0.333,0.28,0.29,0.294,0.3,3.2,3.6,0.817,0.639,2.3,0.891,0.891,2.5,0.882,0.891,2.4,0.886,0.891,2.3,0.889,0.891,2.3,0.89,0.891,0,-1.0,-30.504
20230301_0536,-4.82,149.59,597.0,IV.PARC.,43.649,12.239,126.039,1550.197,1566.83,1571.813,130.0,7.105,0.534,0.504,0.536,0.532,0.534,2.0,2.1,0.979,0.941,1.5,0.916,0.916,1.6,0.92,0.916,1.4,0.918,0.916,1.5,0.918,0.916,1.4,0.916,0.916,1,0.0,-37.285
20230301_0536,-4.82,149.59,597.0,WM.AVE.,33.298,-7.413,144.371,1660.494,1693.265,1703.667,131.0,2.878,0.206,0.281,0.306,0.334,0.319,2.2,2.2,0.893,0.855,1.9,0.897,0.897,1.8,0.961,0.897,1.6,0.973,0.897,1.3,0.981,0.897,1.4,0.976,0.897,0,-1.0,-33.894
20230301_0536,-4.82,149.59,597.0,LU.FDGR.,49.534,5.864,125.824,1548.842,1565.319,1570.254,132.0,1.514,0.386,0.404,0.416,0.415,0.419,1.3,1.3,0.927,0.903,1.0,0.861,0.861,1.2,0.876,0.861,0.9,0.871,0.861,1.0,0.873,0.861,0.9,0.872,0.861,0,-1.0,-28.236
20230301_0536,-4.82,149.59,597.0,LU.EIF01.,49.891,6.41,125.322,1545.663,1561.777,1566.599,133.0,2.935,0.438,0.502,0.497,0.504,0.496,-2.3,-2.0,0.685,0.714,-2.6,0.591,0.591,-2.6,0.594,0.591,-2.8,0.59,0.591,-2.7,0.59,0.591,-2.8,0.59,0.591,1,0.0,-28.215
20230301_0536,-4.82,149.59,597.0,IV.BOB.,44.768,9.448,127.031,1556.442,1573.809,1579.021,134.0,2.151,0.214,0.212,0.237,0.254,0.249,3.0,3.3,0.519,0.508,2.7,0.761,0.761,2.8,0.768,0.761,2.6,0.762,0.761,2.6,0.763,0.761,2.6,0.764,0.761,0,-1.0,-34.707
20230301_0536,-4.82,149.59,597.0,C1.LL04.,-40.91,-72.408,120.307,1513.477,1526.229,1530.015,135.0,1.242,0.104,0.136,0.129,0.123,0.128,-3.4,-3.5,0.615,0.43,-3.2,0.458,0.458,-3.2,0.461,0.458,-3.4,0.44,0.458,-3.4,0.428,0.458,-3.3,0.44,0.458,0,-1.0,144.187
20230301_0536,-4.82,149.59,597.0,FR.CARF.00,42.715,2.105,132.406,1589.745,1611.353,1617.935,136.0,1.529,0.25,0.29,0.287,0.286,0.285,0.0,-3.7,0.497,-0.242,-7.9,0.522,0.522,-7.7,0.515,0.522,-7.9,0.512,0.522,-7.9,0.521,0.522,-8.0,0.518,0.522,0,-1.0,-32.258
20230301_0536,-4.82,149.59,597.0,TH.MLFH.,50.79,12.081,121.979,1524.299,1538.122,1542.235,137.0,2.068,0.346,0.345,0.34,0.335,0.337,8.7,3.1,0.416,-0.448,-0.7,0.714,0.714,-0.5,0.686,0.714,-0.6,0.688,0.714,-0.6,0.682,0.714,-0.6,0.689,0.714,0,-1.0,-30.215
20230301_0536,-4.82,149.59,597.0,NA.SABY.,17.645,-63.221,145.443,1666.6,1700.485,1711.279,138.0,3.106,0.267,0.255,0.231,0.237,0.248,-6.9,-3.4,0.563,-0.319,7.2,0.526,0.526,-7.2,0.598,0.526,-7.9,0.521,0.526,-7.7,0.542,0.526,-7.4,0.577,0.526,0,-1.0,65.394
20230301_0536,-4.82,149.59,597.0,WI.CBE.00,16.067,-61.611,147.383,1677.561,1713.502,1725.03,139.0,1.824,0.465,0.496,0.451,0.48,0.493,0.2,0.4,0.574,0.575,-0.4,0.941,0.941,0.1,0.782,0.941,-0.7,0.709,0.941,-0.5,0.73,0.941,-0.2,0.756,0.941,0,-1.0,67.28
20230301_0536,-4.82,149.59,597.0,C1.BI06.,-36.131,-72.788,123.023,1531.011,1545.528,1549.854,140.0,1.141,0.121,0.017,0.049,0.069,0.026,2.6,3.5,0.351,0.454,2.7,0.502,0.502,-4.0,0.407,0.502,-4.0,0.424,0.502,-4.0,0.428,0.502,-4.1,0.416,0.502,0,-1.0,139.573
20230301_0536,-4.82,149.59,597.0,IV.MONC.,45.074,7.927,127.695,1560.603,1578.471,1583.841,141.0,1.223,0.344,0.336,0.358,0.354,0.363,1.9,1.9,0.844,0.886,1.4,0.739,0.739,1.6,0.769,0.739,1.4,0.753,0.739,1.4,0.753,0.739,1.3,0.753,0.739,0,-1.0,-33.569
20230301_0536,-4.82,149.59,597.0,BW.MSBB.,50.031,11.973,122.494,1527.614,1541.776,1545.993,142.0,3.021,0.585,0.598,0.582,0.589,0.582,-0.7,-4.3,0.748,-0.571,-1.2,0.533,0.533,-1.1,0.564,0.533,-1.2,0.56,0.533,-1.1,0.564,0.533,-1.2,0.563,0.533,1,0.0,-30.877
20230301_0536,-4.82,149.59,597.0,IV.MGAB.,42.913,12.112,126.519,1553.225,1570.211,1575.304,143.0,1.958,0.514,0.522,0.538,0.54,0.54,1.0,0.8,0.857,0.845,0.7,0.647,0.647,0.8,0.658,0.647,0.6,0.66,0.647,0.6,0.662,0.647,0.6,0.663,0.647,0,-1.0,-37.982
20230301_0536,-4.82,149.59,597.0,GE.STU.,48.772,9.195,124.693,1541.672,1557.339,1562.022,144.0,3.865,0.449,0.423,0.416,0.417,0.416,-0.2,0.1,0.911,0.932,-0.2,0.814,0.814,-0.2,0.817,0.814,-0.3,0.815,0.814,-0.3,0.817,0.814,-0.4,0.816,0.814,1,0.0,-30.705
20230301_0536,-4.82,149.59,597.0,MN.RTC.,33.988,-6.857,143.549,1655.781,1687.709,1697.815,145.0,0.248,0.035,-0.02,-0.015,-0.012,-0.015,1.4,-4.8,0.893,-0.49,1.2,0.126,0.126,1.0,0.122,0.126,0.9,0.127,0.126,0.6,0.131,0.126,0.7,0.128,0.126,0,-1.0,-33.705
20230301_0536,-4.82,149.59,597.0,WI.ABD.00,16.474,-61.488,147.376,1677.523,1713.457,1724.982,146.0,1.497,0.448,0.478,0.489,0.49,0.484,0.5,0.6,0.837,0.875,0.2,0.867,0.867,0.4,0.707,0.867,-0.3,0.622,0.867,-0.2,0.643,0.867,0.2,0.67,0.867,0,-1.0,66.488
20230301_0536,-4.82,149.59,597.0,BX.LKGWB.,-24.114,21.782,121.548,1521.519,1535.061,1539.088,147.0,0.764,0.121,0.09,0.098,0.098,0.093,5.8,-2.3,0.655,-0.574,6.1,0.723,0.723,6.1,0.714,0.723,5.7,0.623,0.723,5.9,0.635,0.723,6.1,0.67,0.723,0,-1.0,-122.256
20230301_0536,-4.82,149.59,597.0,IV.ATFO.,43.367,12.571,125.991,1549.894,1566.492,1571.464,148.0,3.012,0.507,0.476,0.513,0.511,0.511,1.9,1.9,0.965,0.975,1.6,0.86,0.86,1.6,0.87,0.86,1.4,0.862,0.86,1.5,0.863,0.86,1.4,0.86,0.86,1,0.0,-37.74
20230301_0536,-4.82,149.59,597.0,GR.ZARR.,53.554,10.917,120.806,1516.714,1529.781,1533.662,149.0,2.186,0.265,0.252,0.238,0.24,0.24,3.8,3.9,0.798,0.923,3.7,0.774,0.774,3.9,0.758,0.774,3.7,0.77,0.774,3.8,0.761,0.774,3.8,0.764,0.774,0,-1.0,-27.172
20230301_0536,-4.82,149.59,597.0,IV.ATVO.,43.382,12.407,126.083,1550.475,1567.14,1572.133,150.0,3.284,0.628,0.627,0.653,0.654,0.651,0.9,1.3,0.845,0.894,0.9,0.796,0.796,1.1,0.794,0.796,0.7,0.789,0.796,0.8,0.794,0.796,0.8,0.794,0.796,1,0.0,-37.643
20230301_0536,-4.82,149.59,597.0,RD.ORIF.,44.918,5.88,128.908,1568.175,1586.975,1592.639,151.0,4.757,0.46,0.462,0.466,0.464,0.465,1.0,4.5,0.64,-0.711,-0.1,0.696,0.696,0.1,0.677,0.696,0.0,0.682,0.696,0.0,0.684,0.696,-0.1,0.684,0.696,1,0.0,-32.537
20230301_0536,-4.82,149.59,597.0,CH.ACB.,47.588,8.255,125.931,1549.514,1566.069,1571.027,152.0,2.737,0.371,0.366,0.373,0.377,0.374,3.2,4.0,0.523,0.357,3.4,0.624,0.624,3.4,0.645,0.624,3.2,0.651,0.624,3.2,0.654,0.624,3.2,0.653,0.624,1,0.0,-31.326
20230301_0536,-4.82,149.59,597.0,GE.MATE.,40.649,16.704,124.697,1541.702,1557.372,1562.056,153.0,4.965,0.627,0.611,0.617,0.618,0.615,0.5,0.7,0.83,0.83,0.4,0.681,0.681,0.6,0.697,0.681,0.3,0.691,0.681,0.3,0.693,0.681,0.3,0.693,0.681,1,0.0,-42.519
20230301_0536,-4.82,149.59,597.0,IV.SNTG.,43.255,12.941,125.825,1548.847,1565.324,1570.259,154.0,3.844,0.597,0.559,0.599,0.599,0.598,1.5,1.9,0.877,0.831,1.1,0.91,0.91,1.3,0.902,0.91,1.0,0.907,0.91,1.0,0.908,0.91,1.0,0.906,0.91,1,0.0,-38.037
20230301_0536,-4.82,149.59,597.0,C1.AF01.,-22.952,-68.179,133.834,1598.434,1621.246,1628.232,155.0,0.743,0.184,0.039,0.06,0.067,0.037,5.0,1.7,0.609,-0.507,-3.8,0.778,0.778,-4.2,0.768,0.778,-4.3,0.768,0.778,-4.2,0.771,0.778,-4.2,0.767,0.778,0,-1.0,128.716
20230301_0536,-4.82,149.59,597.0,GE.KTHA.,36.257,23.062,121.868,1523.583,1537.333,1541.424,156.0,4.015,0.749,0.733,0.743,0.732,0.737,0.8,1.1,0.728,0.723,0.4,0.897,0.897,0.7,0.859,0.897,0.4,0.883,0.897,0.6,0.865,0.897,0.6,0.867,0.897,1,0.0,-49.723
20230301_0536,-4.82,149.59,597.0,OE.RETA.,47.487,10.762,124.667,1541.507,1557.156,1561.833,157.0,5.984,0.61,0.613,0.631,0.629,0.628,1.1,1.3,0.694,0.746,0.7,0.93,0.93,0.8,0.926,0.93,0.6,0.932,0.93,0.6,0.933,0.93,0.6,0.931,0.93,1,0.0,-32.719
20230301_0536,-4.82,149.59,597.0,IV.FIAM.,42.268,13.117,126.239,1551.463,1568.243,1573.271,158.0,2.741,0.342,0.344,0.374,0.377,0.373,-5.4,-1.6,0.678,-0.59,-5.7,0.781,0.781,-5.5,0.779,0.781,-5.8,0.781,0.781,-5.8,0.78,0.781,-5.8,0.778,0.781,1,0.0,-39.153
20230301_0536,-4.82,149.59,597.0,CH.CHAMB.,46.782,6.612,127.303,1558.149,1575.72,1580.996,159.0,2.115,0.454,0.507,0.52,0.525,0.517,0.3,0.5,0.883,0.883,-0.1,0.776,0.776,0.0,0.806,0.776,-0.1,0.807,0.776,-0.1,0.81,0.776,-0.2,0.808,0.776,1,0.0,-31.181
20230301_0536,-4.82,149.59,597.0,C1.AC05.,-28.836,-70.274,129.012,1568.822,1587.704,1593.394,160.0,1.972,0.144,0.037,0.043,0.051,0.038,-1.9,-1.8,0.78,0.73,-3.1,0.827,0.827,-3.5,0.838,0.827,-3.7,0.857,0.827,-3.6,0.861,0.827,-3.6,0.836,0.827,0,-1.0,133.834
20230301_0536,-4.82,149.59,597.0,CH.MUGIO.,45.922,9.042,126.556,1553.458,1570.472,1575.573,161.0,2.214,0.588,0.593,0.629,0.639,0.636,1.3,1.5,0.835,0.857,0.9,0.925,0.925,1.0,0.919,0.925,0.8,0.92,0.925,0.8,0.919,0.925,0.7,0.922,0.925,1,0.0,-33.35
20230301_0536,-4.82,149.59,597.0,GR.UBBA.,50.819,10.001,122.989,1530.791,1545.285,1549.604,162.0,2.804,0.565,0.539,0.536,0.529,0.534,0.9,0.6,0.535,0.514,1.2,0.543,0.543,1.3,0.536,0.543,1.2,0.525,0.543,1.2,0.529,0.543,1.2,0.525,0.543,1,0.0,-29.212
20230301_0536,-4.82,149.59,597.0,CH.PLONS.,47.049,9.381,125.676,1547.908,1564.278,1569.179,163.0,1.785,0.519,0.519,0.538,0.537,0.536,1.2,1.6,0.799,0.798,1.2,0.934,0.934,1.2,0.935,0.934,1.0,0.936,0.934,1.0,0.939,0.934,1.0,0.937,0.934,0,-1.0,-32.436
20230301_0536,-4.82,149.59,597.0,TH.MENTE.,51.316,10.58,122.392,1526.96,1541.055,1545.251,164.0,2.286,0.287,0.369,0.358,0.362,0.36,-1.1,2.4,0.77,-0.774,-1.8,0.674,0.674,-1.4,0.677,0.674,-1.6,0.681,0.674,-1.6,0.672,0.674,-1.6,0.679,0.674,1,0.0,-29.034
20230301_0536,-4.82,149.59,597.0,GU.STV.,44.245,7.326,128.546,1565.921,1584.441,1590.017,165.0,1.035,0.191,0.129,0.139,0.139,0.141,-4.9,-4.6,0.835,0.826,-6.0,0.586,0.586,-5.7,0.602,0.586,-6.0,0.616,0.586,-6.0,0.631,0.586,-6.1,0.626,0.586,0,-1.0,-34.046
20230301_0536,-4.82,149.59,597.0,GT.DBIC.00,6.67,-4.857,154.511,1716.799,1760.735,1775.215,166.0,10.552,0.692,0.717,0.72,0.727,0.725,0.5,0.8,0.963,0.965,0.4,0.888,0.888,-0.1,0.896,0.888,-0.5,0.905,0.888,-0.4,0.898,0.888,-0.3,0.897,0.888,1,-1.0,-84.565
20230301_0536,-4.82,149.59,597.0,SX.MULD.,50.412,12.404,122.044,1524.721,1538.586,1542.713,167.0,1.098,0.243,0.256,0.255,0.255,0.255,3.0,-3.9,0.596,0.563,2.3,0.663,0.663,2.4,0.641,0.663,2.3,0.649,0.663,2.4,0.646,0.663,2.4,0.649,0.663,0,-1.0,-30.716
20230301_0536,-4.82,149.59,597.0,CH.HAUIG.,47.66,7.7,126.17,1551.025,1567.754,1572.767,168.0,2.43,0.486,0.481,0.477,0.472,0.473,0.3,0.7,0.879,0.848,-0.2,0.727,0.727,-0.1,0.735,0.727,-0.3,0.739,0.727,-0.4,0.74,0.727,-0.3,0.739,0.727,1,0.0,-30.959
20230301_0536,-4.82,149.59,597.0,SI.KOSI.,46.463,11.378,124.938,1543.232,1559.073,1563.81,169.0,0.356,0.01,0.008,0.01,0.011,0.009,8.6,0.1,0.55,-0.862,-9.4,0.546,0.546,-9.5,0.546,0.546,-9.6,0.549,0.546,-9.6,0.551,0.546,-9.6,0.549,0.546,0,-1.0,-34.024
20230301_0536,-4.82,149.59,597.0,CH.VDR.,46.206,9.166,126.313,1551.926,1568.76,1573.806,170.0,3.973,0.544,0.574,0.607,0.615,0.616,1.3,1.6,0.794,0.77,1.0,0.93,0.93,1.1,0.926,0.93,1.0,0.923,0.93,0.9,0.926,0.93,0.9,0.924,0.93,1,0.0,-33.139
20230301_0536,-4.82,149.59,597.0,GR.KBON.,54.116,11.773,120.058,1511.859,1524.455,1528.193,171.0,0.735,0.316,0.297,0.295,0.293,0.294,5.9,3.4,0.826,-0.585,-0.1,0.577,0.577,-0.1,0.603,0.577,5.8,0.61,0.577,-0.1,0.601,0.577,5.9,0.604,0.577,0,-1.0,-27.048
20230301_0536,-4.82,149.59,597.0,FR.NEEW.00,48.956,8.104,125.124,1544.409,1560.382,1565.16,172.0,2.211,0.474,0.427,0.427,0.425,0.424,0.6,0.5,0.695,0.74,0.3,0.778,0.778,0.2,0.791,0.778,0.1,0.795,0.778,0.1,0.788,0.778,0.0,0.794,0.778,1,0.0,-29.968
20230301_0536,-4.82,149.59,597.0,FR.RUSF.03,43.936,5.466,129.772,1573.54,1593.016,1598.897,173.0,2.454,0.422,0.362,0.39,0.405,0.399,2.3,2.4,0.932,0.937,1.5,0.874,0.874,1.7,0.868,0.874,1.4,0.862,0.874,1.3,0.865,0.874,1.3,0.865,0.874,1,0.0,-33.245
20230301_0536,-4.82,149.59,597.0,NA.SEUH.,17.474,-62.952,145.739,1668.277,1702.473,1713.377,174.0,2.563,0.319,0.265,0.304,0.305,0.285,1.9,2.0,0.797,0.901,1.4,0.7,0.7,1.8,0.836,0.7,1.0,0.855,0.7,1.2,0.847,0.7,1.4,0.841,0.7,0,-1.0,65.541
20230301_0536,-4.82,149.59,597.0,FR.MON.00,43.73,7.425,128.812,1567.575,1586.3,1591.941,175.0,1.282,0.306,0.294,0.296,0.295,0.295,0.1,0.8,0.583,0.513,0.4,0.561,0.561,0.6,0.566,0.561,0.3,0.537,0.561,0.3,0.531,0.561,0.3,0.533,0.561,0,-1.0,-34.617
20230301_0536,-4.82,149.59,597.0,OE.FETA.,47.021,10.729,124.965,1543.402,1559.262,1564.005,176.0,4.95,0.546,0.594,0.611,0.616,0.615,1.0,1.2,0.836,0.842,0.6,0.942,0.942,0.6,0.941,0.942,0.5,0.945,0.942,0.5,0.943,0.942,0.4,0.946,0.942,1,0.0,-33.154
20230301_0536,-4.82,149.59,597.0,TH.PLN.,50.485,12.157,122.125,1525.242,1539.161,1543.303,177.0,0.482,0.071,0.079,0.078,0.081,0.079,-13.7,2.8,0.193,-0.717,-9.1,0.581,0.581,-8.8,0.581,0.581,-9.0,0.582,0.581,-8.9,0.584,0.581,-9.0,0.582,0.581,0,-1.0,-30.535
20230301_0536,-4.82,149.59,597.0,IV.SOLUN.,38.092,13.533,128.062,1562.9,1581.049,1586.507,178.0,1.118,0.144,0.133,0.127,0.118,0.124,2.9,4.0,0.561,0.511,2.8,0.509,0.509,3.3,0.515,0.509,2.8,0.519,0.509,2.8,0.519,0.509,2.8,0.519,0.509,0,-1.0,-43.873
20230301_0536,-4.82,149.59,597.0,CH.FUSIO.,46.455,8.663,126.431,1552.672,1569.594,1574.667,179.0,2.894,0.597,0.616,0.632,0.63,0.63,1.1,1.2,0.924,0.918,0.8,0.928,0.928,0.9,0.933,0.928,0.6,0.937,0.928,0.6,0.937,0.928,0.7,0.936,0.928,1,0.0,-32.628
20230301_0536,-4.82,149.59,597.0,NA.SEUT.,17.471,-62.976,145.718,1668.162,1702.337,1713.234,180.0,2.387,0.3,0.252,0.27,0.279,0.266,2.1,2.4,0.74,0.75,1.7,0.674,0.674,1.9,0.751,0.674,1.1,0.818,0.674,1.3,0.8,0.674,1.5,0.774,0.674,0,-1.0,65.559
20230301_0536,-4.82,149.59,597.0,CX.MNMCX.,-19.131,-69.596,134.601,1603.077,1626.552,1633.761,181.0,2.54,0.169,0.086,0.069,0.068,0.083,-3.6,-3.6,0.716,0.74,-4.1,0.5,0.5,5.0,0.363,0.5,-4.7,0.391,0.5,-4.6,0.385,0.5,4.9,0.357,0.5,0,-1.0,123.178
20230301_0536,-4.82,149.59,597.0,OE.DAVA.,47.287,9.88,125.263,1545.289,1561.36,1566.169,182.0,7.736,0.433,0.431,0.45,0.448,0.454,2.8,2.6,0.763,0.819,2.1,0.863,0.863,2.2,0.866,0.863,2.0,0.872,0.863,2.0,0.872,0.863,1.9,0.874,0.863,1,0.0,-32.466
20230301_0536,-4.82,149.59,597.0,NL.VKB.,50.867,5.785,124.939,1543.236,1559.077,1563.814,183.0,5.105,0.526,0.47,0.447,0.426,0.434,-1.8,-0.5,0.668,0.488,-1.6,0.57,0.57,-1.6,0.575,0.57,-1.7,0.568,0.57,-1.8,0.565,0.57,-1.8,0.568,0.57,1,0.0,-27.017
20230301_0536,-4.82,149.59,597.0,OE.ARSA.,47.25,15.523,122.15,1525.399,1539.333,1543.481,184.0,3.068,0.521,0.551,0.582,0.584,0.583,1.5,1.5,0.845,0.86,0.9,0.837,0.837,1.1,0.857,0.837,0.9,0.854,0.837,1.0,0.854,0.837,0.9,0.854,0.837,1,0.0,-35.164
20230301_0536,-4.82,149.59,597.0,IV.GALF.,37.711,14.566,127.521,1559.513,1577.249,1582.577,185.0,6.097,0.565,0.585,0.594,0.593,0.591,0.2,0.4,0.888,0.884,-0.1,0.827,0.827,0.2,0.841,0.827,-0.1,0.826,0.827,0.0,0.832,0.827,0.0,0.832,0.827,1,0.0,-44.787
20230301_0536,-4.82,149.59,597.0,IV.MSSA.,44.316,9.517,127.261,1557.886,1575.426,1580.692,186.0,0.999,0.187,0.178,0.182,0.178,0.179,8.5,-0.5,0.574,-0.557,-7.4,0.381,0.381,-7.3,0.393,0.381,-7.6,0.394,0.381,-7.6,0.394,0.381,-7.5,0.393,0.381,0,-1.0,-35.197
20230301_0536,-4.82,149.59,597.0,TH.SPAHL.,50.653,9.91,123.139,1531.755,1546.35,1550.701,187.0,0.415,0.102,0.098,0.096,0.094,0.095,-0.3,-4.0,0.444,-0.86,-8.8,0.655,0.655,-8.6,0.65,0.655,-8.7,0.66,0.655,-8.7,0.66,0.655,-8.7,0.661,0.655,0,-1.0,-29.32
20230301_0536,-4.82,149.59,597.0,OE.SQTA.,47.221,11.209,124.584,1540.982,1556.573,1561.232,188.0,4.492,0.523,0.54,0.558,0.558,0.553,1.4,1.7,0.772,0.841,1.1,0.892,0.892,1.1,0.897,0.892,0.9,0.9,0.892,0.9,0.899,0.892,0.9,0.898,0.892,1,0.0,-33.199
20230301_0536,-4.82,149.59,597.0,FR.URDF.00,43.438,-0.593,133.278,1595.059,1617.399,1624.225,189.0,1.248,0.355,0.378,0.385,0.384,0.384,0.8,-2.8,0.799,-0.677,-0.2,0.682,0.682,0.0,0.661,0.682,-0.1,0.672,0.682,-0.3,0.675,0.682,-0.2,0.672,0.682,0,-1.0,-29.651
20230301_0536,-4.82,149.59,597.0,PR.SMDR.,19.29,-69.188,139.549,1632.541,1660.534,1669.278,190.0,0.507,0.079,0.084,0.055,0.062,0.077,0.6,-0.1,0.612,0.607,-0.9,0.742,0.742,-1.2,0.552,0.742,-1.7,0.625,0.742,-1.6,0.614,0.742,-1.3,0.582,0.742,0,-1.0,65.565
20230301_0536,-4.82,149.59,597.0,CM.SJC.00,9.897,-75.179,135.345,1607.555,1631.681,1639.112,191.0,3.257,0.439,0.343,0.328,0.346,0.343,1.2,1.2,0.845,0.766,0.6,0.72,0.72,0.0,0.646,0.72,-0.5,0.608,0.72,-0.2,0.636,0.72,-0.1,0.642,0.72,1,3.0,80.784
20230301_0536,-4.82,149.59,597.0,SX.WIMM.,51.521,11.505,121.814,1523.235,1536.95,1541.03,192.0,2.398,0.548,0.576,0.584,0.59,0.587,0.1,0.2,0.461,0.583,-0.1,0.666,0.666,-0.1,0.694,0.666,-0.1,0.69,0.666,-0.1,0.696,0.666,-0.1,0.692,0.666,0,-1.0,-29.276
20230301_0536,-4.82,149.59,597.0,LX.MORF.,37.304,-8.653,141.913,1646.34,1676.627,1686.162,193.0,2.211,0.46,0.425,0.436,0.456,0.448,1.3,1.6,0.887,0.838,0.8,0.889,0.889,1.6,0.898,0.889,1.4,0.897,0.889,1.1,0.891,0.889,1.3,0.893,0.889,1,0.0,-28.4
20230301_0536,-4.82,149.59,597.0,IV.ORI.,40.051,16.45,125.144,1544.536,1560.523,1565.305,194.0,7.76,0.512,0.484,0.493,0.479,0.484,1.7,1.4,0.787,0.731,1.1,0.891,0.891,1.3,0.891,0.891,1.0,0.898,0.891,1.1,0.896,0.891,1.1,0.896,0.891,1,0.0,-43.056
20230301_0536,-4.82,149.59,597.0,GE.ILTH.,54.028,-6.336,127.042,1556.516,1573.891,1579.106,195.0,3.224,0.474,0.463,0.453,0.439,0.439,-1.3,-0.3,0.737,0.62,-1.7,0.592,0.592,-1.4,0.608,0.592,-1.5,0.61,0.592,-1.7,0.614,0.592,-1.7,0.612,0.592,1,4.0,-17.443
20230301_0536,-4.82,149.59,597.0,C1.LR03.,-39.632,-72.346,121.151,1518.95,1532.236,1536.185,196.0,1.649,0.23,0.158,0.188,0.211,0.19,3.8,4.1,0.904,0.666,3.7,0.395,0.395,3.2,0.522,0.395,3.0,0.514,0.395,3.0,0.501,0.395,3.1,0.51,0.395,0,-1.0,143.075
20230301_0536,-4.82,149.59,597.0,GR.ASSE.,52.128,10.674,121.831,1523.345,1537.071,1541.154,197.0,1.343,0.569,0.519,0.526,0.511,0.526,0.2,0.4,0.686,0.631,0.1,0.848,0.848,0.3,0.848,0.848,0.2,0.855,0.848,0.2,0.848,0.848,0.1,0.857,0.848,0,-1.0,-28.34
20230301_0536,-4.82,149.59,597.0,C1.ML02.,-35.763,-71.418,124.129,1538.083,1553.356,1557.916,198.0,1.605,0.284,0.241,0.244,0.242,0.239,-4.8,1.3,0.763,0.786,0.4,0.64,0.64,0.4,0.713,0.64,0.2,0.681,0.64,0.2,0.671,0.64,0.3,0.699,0.64,0,-1.0,140.035
20230301_0536,-4.82,149.59,597.0,C1.VA04.,-33.643,-78.83,120.265,1513.207,1525.932,1529.71,199.0,0.848,0.004,0.005,-0.014,-0.027,0.005,3.7,-5.0,0.221,-0.72,3.5,0.607,0.607,3.5,0.639,0.607,3.4,0.666,0.607,3.5,0.667,0.607,3.4,0.64,0.607,0,-1.0,133.908
20230301_0536,-4.82,149.59,597.0,GR.WEEZ.,52.303,9.627,122.209,1525.778,1539.752,1543.911,200.0,3.227,0.37,0.355,0.35,0.365,0.361,-1.0,-0.4,0.701,0.731,-1.3,0.715,0.715,-1.1,0.744,0.715,-1.2,0.744,0.715,-1.1,0.75,0.715,-1.2,0.75,0.715,1,0.0,-27.692
20230301_0536,-4.82,149.59,597.0,C1.VA03.,-32.764,-70.551,126.52,1553.229,1570.215,1575.309,201.0,1.787,0.232,0.284,0.272,0.265,0.282,7.4,3.9,0.7,-0.772,-0.2,0.745,0.745,-0.7,0.712,0.745,-0.9,0.726,0.745,-0.9,0.734,0.745,-0.7,0.714,0.745,0,-1.0,137.666
20230301_0536,-4.82,149.59,597.0,FR.CALF.00,43.753,6.922,129.082,1569.254,1588.189,1593.896,202.0,2.121,0.322,0.316,0.322,0.328,0.323,-4.9,0.2,0.703,0.569,0.0,0.632,0.632,0.2,0.639,0.632,0.0,0.621,0.632,0.0,0.616,0.632,-0.1,0.619,0.632,1,0.0,-34.3
20230301_0536,-4.82,149.59,597.0,GR.GEC7.,48.835,13.714,122.282,1526.253,1540.275,1544.45,203.0,7.177,0.589,0.536,0.549,0.527,0.542,1.9,1.8,0.751,0.783,1.2,0.922,0.922,1.4,0.918,0.922,1.2,0.928,0.922,1.3,0.919,0.922,1.2,0.926,0.922,1,0.0,-32.812
20230301_0536,-4.82,149.59,597.0,LU.RUMEL.,49.454,6.011,125.809,1548.749,1565.215,1570.146,204.0,2.912,0.143,0.172,0.167,0.17,0.163,2.9,-4.7,0.554,-0.281,4.5,0.535,0.535,4.5,0.547,0.535,4.4,0.553,0.535,4.4,0.555,0.535,4.3,0.556,0.535,0,-1.0,-28.389
20230301_0536,-4.82,149.59,597.0,GE.DSB.,53.245,-6.376,127.727,1560.807,1578.7,1584.077,205.0,1.632,0.42,0.419,0.419,0.411,0.408,-0.3,4.0,0.773,-0.415,-1.1,0.726,0.726,-0.7,0.701,0.726,-0.8,0.707,0.726,-0.9,0.71,0.726,-0.9,0.71,0.726,0,-1.0,-17.917
20230301_0536,-4.82,149.59,597.0,TH.RANIS.,50.662,11.564,122.316,1526.467,1540.511,1544.692,206.0,3.503,0.582,0.579,0.572,0.566,0.57,0.2,-0.1,0.829,0.798,-0.1,0.558,0.558,-0.1,0.575,0.558,-0.1,0.563,0.558,-0.1,0.563,0.558,-0.1,0.562,0.558,1,0.0,-30.097
20230301_0536,-4.82,149.59,597.0,C1.MT13.,-33.743,-70.286,126.101,1550.592,1567.271,1572.269,207.0,1.332,0.008,0.137,0.093,0.061,0.111,-0.7,-3.9,0.596,-0.845,-7.7,0.674,0.674,-8.4,0.761,0.674,-8.5,0.783,0.674,-8.5,0.792,0.674,-8.3,0.769,0.674,0,-1.0,138.794
20230301_0536,-4.82,149.59,597.0,TH.MORAS.,50.536,11.225,122.563,1528.059,1542.268,1546.499,208.0,3.562,0.534,0.576,0.576,0.59,0.58,-0.1,-4.2,0.569,-0.511,-0.8,0.56,0.56,-0.5,0.587,0.56,-0.7,0.578,0.56,-0.6,0.579,0.56,-0.7,0.577,0.56,1,0.0,-30.056
20230301_0536,-4.82,149.59,597.0,BW.RTSA.,47.768,12.842,123.369,1533.227,1547.978,1552.377,209.0,2.247,0.323,0.335,0.345,0.355,0.351,3.1,3.1,0.509,0.837,2.8,0.66,0.66,2.9,0.639,0.66,2.8,0.641,0.66,2.8,0.641,0.66,2.7,0.646,0.66,1,0.0,-33.45
20230301_0536,-4.82,149.59,597.0,IV.ATMI.,43.334,12.268,126.193,1551.173,1567.919,1572.937,210.0,2.564,0.375,0.366,0.384,0.379,0.377,2.0,2.1,0.838,0.9,1.8,0.721,0.721,1.9,0.74,0.721,1.6,0.723,0.721,1.7,0.726,0.721,1.7,0.725,0.721,1,0.0,-37.624
20230301_0536,-4.82,149.59,597.0,II.XBFO.65,48.33,8.33,125.416,1546.259,1562.441,1567.283,211.0,4.504,0.392,0.414,0.393,0.386,0.387,-1.7,4.6,0.531,0.402,4.4,0.718,0.718,4.4,0.724,0.718,4.3,0.725,0.718,4.3,0.733,0.718,4.2,0.732,0.718,1,0.0,-30.669
20230301_0536,-4.82,149.59,597.0,CH.JAUN.,46.634,7.291,127.046,1556.538,1573.916,1579.132,212.0,1.412,0.193,0.238,0.257,0.257,0.256,2.1,2.6,0.82,0.881,1.4,0.784,0.784,1.6,0.772,0.784,1.3,0.775,0.784,1.3,0.774,0.784,1.3,0.774,0.784,0,-1.0,-31.704
20230301_0536,-4.82,149.59,597.0,CR.STON.,42.872,17.7,123.01,1530.927,1545.435,1549.758,213.0,3.452,0.688,0.704,0.706,0.702,0.702,0.6,0.9,0.95,0.927,0.2,0.824,0.824,0.4,0.837,0.824,0.1,0.839,0.824,0.3,0.839,0.824,0.2,0.836,0.824,1,0.0,-40.571
20230301_0536,-4.82,149.59,597.0,CH.BERNI.,46.414,10.023,125.718,1548.168,1564.568,1569.478,214.0,3.51,0.669,0.651,0.674,0.67,0.668,0.8,1.3,0.745,0.712,0.8,0.963,0.963,0.8,0.961,0.963,0.6,0.965,0.963,0.6,0.966,0.963,0.6,0.966,0.963,1,0.0,-33.386
20230301_0536,-4.82,149.59,597.0,NL.WTSB.01,51.966,6.799,123.721,1535.479,1550.471,1554.944,215.0,2.213,0.465,0.443,0.446,0.448,0.448,0.5,1.3,0.731,0.648,0.9,0.634,0.634,1.0,0.638,0.634,0.9,0.626,0.634,0.9,0.628,0.634,0.9,0.629,0.634,1,0.0,-26.594
20230301_0536,-4.82,149.59,597.0,CH.BALST.,47.336,7.695,126.382,1552.364,1569.249,1574.311,216.0,3.407,0.377,0.398,0.416,0.425,0.42,1.0,0.5,0.809,0.731,0.8,0.661,0.661,0.8,0.691,0.661,0.6,0.698,0.661,0.6,0.701,0.661,0.6,0.696,0.661,1,0.0,-31.262
20230301_0536,-4.82,149.59,597.0,OE.MOTA.,47.345,11.104,124.567,1540.875,1556.454,1561.109,217.0,6.867,0.583,0.605,0.627,0.63,0.625,0.8,1.4,0.669,0.63,0.8,0.927,0.927,0.7,0.926,0.927,0.5,0.928,0.927,0.5,0.925,0.927,0.5,0.926,0.927,1,0.0,-33.026
20230301_0536,-4.82,149.59,597.0,TH.GERA.,50.982,12.071,121.867,1523.574,1537.323,1541.414,218.0,3.398,0.611,0.598,0.602,0.603,0.604,0.3,0.3,0.951,0.958,-0.1,0.788,0.788,0.1,0.809,0.788,0.0,0.805,0.788,0.0,0.803,0.788,0.0,0.806,0.788,1,0.0,-30.032
20230301_0536,-4.82,149.59,597.0,G.TAM.10,22.791,5.528,140.927,1640.606,1669.924,1679.124,219.0,7.324,0.713,0.746,0.742,0.746,0.748,0.4,0.4,0.886,0.904,-0.4,0.843,0.843,-0.1,0.848,0.843,-0.7,0.835,0.843,-0.6,0.849,0.843,-0.6,0.852,0.843,1,6.0,-59.004
20230301_0536,-4.82,149.59,597.0,SI.ROSI.,46.928,11.412,124.646,1541.375,1557.009,1561.682,220.0,2.794,0.495,0.484,0.522,0.522,0.517,1.6,1.7,0.71,0.705,1.3,0.917,0.917,1.3,0.902,0.917,1.1,0.902,0.917,1.1,0.904,0.917,1.1,0.905,0.917,1,0.0,-33.585
20230301_0536,-4.82,149.59,597.0,OE.CONA.,47.928,15.862,121.595,1521.82,1535.392,1539.428,221.0,5.272,0.715,0.697,0.721,0.711,0.715,1.2,1.4,0.896,0.926,0.9,0.938,0.938,1.0,0.932,0.938,0.8,0.935,0.938,0.9,0.929,0.938,0.8,0.932,0.938,1,0.0,-34.635
20230301_0536,-4.82,149.59,597.0,FR.MLS.00,42.958,1.095,132.768,1591.955,1613.865,1620.548,222.0,2.127,0.353,0.348,0.354,0.356,0.355,0.0,0.0,0.719,0.692,-0.2,0.6,0.6,-0.1,0.601,0.6,-0.1,0.603,0.6,-0.3,0.595,0.6,-0.3,0.597,0.6,1,0.0,-31.319
20230301_0536,-4.82,149.59,597.0,NL.ROLD.,50.869,6.085,124.801,1542.359,1558.103,1562.809,223.0,4.691,0.494,0.426,0.398,0.377,0.384,-1.2,-4.5,0.692,-0.728,4.7,0.648,0.648,4.7,0.66,0.648,4.6,0.671,0.648,4.5,0.679,0.648,4.5,0.676,0.648,1,0.0,-27.176
20230301_0536,-4.82,149.59,597.0,LX.MESJ.,37.84,-8.22,141.279,1642.657,1672.319,1681.638,224.0,2.548,0.399,0.415,0.416,0.426,0.426,2.8,2.4,0.515,0.554,2.5,0.549,0.549,3.0,0.539,0.549,2.9,0.528,0.549,2.4,0.518,0.549,2.6,0.522,0.549,1,0.0,-28.331
20230301_0536,-4.82,149.59,597.0,FR.EILF.00,43.548,7.131,129.092,1569.315,1588.258,1593.968,225.0,0.785,0.129,0.126,0.124,0.125,0.124,-1.4,3.1,0.622,0.32,2.5,0.667,0.667,2.6,0.669,0.667,2.5,0.651,0.667,2.4,0.648,0.667,2.4,0.651,0.667,0,-1.0,-34.628
20230301_0536,-4.82,149.59,597.0,IV.MPNC.,38.146,15.353,126.77,1554.803,1571.975,1577.126,226.0,4.394,0.448,0.457,0.477,0.468,0.473,3.2,3.4,0.755,0.454,2.8,0.887,0.887,3.0,0.895,0.887,2.7,0.886,0.887,2.9,0.892,0.887,2.8,0.891,0.887,1,0.0,-44.662
20230301_0536,-4.82,149.59,597.0,CH.MTI02.,47.379,7.165,126.627,1553.905,1570.971,1576.089,227.0,2.55,0.421,0.472,0.493,0.507,0.493,1.0,1.1,0.895,0.948,0.5,0.87,0.87,0.6,0.885,0.87,0.4,0.888,0.87,0.3,0.887,0.87,0.3,0.889,0.87,1,0.0,-30.93
20230301_0536,-4.82,149.59,597.0,FR.SAOF.00,43.987,7.555,128.579,1566.125,1584.671,1590.254,228.0,1.11,0.284,0.291,0.305,0.303,0.31,1.4,1.5,0.678,0.742,0.8,0.82,0.82,1.0,0.836,0.82,0.7,0.832,0.82,0.7,0.834,0.82,0.7,0.834,0.82,0,-1.0,-34.435
20230301_0536,-4.82,149.59,597.0,TH.BBWF.,50.736,10.504,122.795,1529.55,1543.914,1548.193,229.0,2.497,0.599,0.655,0.64,0.651,0.639,-0.4,-0.4,0.868,0.883,-1.0,0.821,0.821,-0.8,0.85,0.821,-1.0,0.844,0.821,-0.9,0.846,0.821,-1.0,0.844,0.821,1,0.0,-29.53
20230301_0536,-4.82,149.59,597.0,MC.OLV1.,16.75,-62.228,146.617,1673.247,1708.372,1719.606,230.0,1.236,0.038,0.131,0.162,0.159,0.144,-4.1,-1.2,0.786,-0.679,-4.4,0.377,0.377,-11.4,0.278,0.377,-6.0,0.41,0.377,-5.8,0.397,0.377,-5.6,0.316,0.377,0,-1.0,66.402
20230301_0536,-4.82,149.59,597.0,IV.ALJA.,37.749,13.754,128.072,1562.959,1581.115,1586.575,231.0,0.802,0.092,0.11,0.105,0.104,0.105,-8.9,1.0,0.251,-0.251,-2.8,0.611,0.611,-2.4,0.604,0.611,-2.8,0.6,0.611,-2.7,0.604,0.611,-2.7,0.603,0.611,0,-1.0,-44.362
20230301_0536,-4.82,149.59,597.0,G.FDFM.00,14.735,-61.16,148.166,1681.953,1718.736,1730.568,232.0,2.998,0.512,0.513,0.492,0.514,0.518,3.5,4.0,0.828,0.761,10.0,0.495,0.495,3.1,0.803,0.495,2.6,0.824,0.495,2.8,0.822,0.495,3.0,0.811,0.495,1,5.0,69.467
20230301_0536,-4.82,149.59,597.0,C1.AC02.,-26.836,-69.129,130.981,1581.002,1601.442,1607.638,233.0,0.963,0.369,0.156,0.218,0.239,0.161,1.6,-1.9,0.829,-0.459,-6.5,0.69,0.69,-6.5,0.594,0.69,-6.7,0.572,0.69,-6.8,0.566,0.69,-6.6,0.588,0.69,0,-1.0,132.448
20230301_0536,-4.82,149.59,597.0,RD.LFF.,44.939,0.74,131.529,1584.375,1605.26,1611.602,234.0,3.29,0.422,0.493,0.504,0.505,0.505,2.0,2.0,0.6,0.551,1.7,0.596,0.596,2.0,0.62,0.596,1.8,0.617,0.596,1.6,0.611,0.596,1.7,0.613,0.596,1,0.0,-29.216
20230301_0536,-4.82,149.59,597.0,CH.WGT.,47.098,8.925,125.888,1549.249,1565.772,1570.721,235.0,2.822,0.536,0.564,0.571,0.561,0.577,1.8,1.8,0.875,0.89,1.4,0.951,0.951,1.3,0.951,0.951,1.2,0.953,0.951,1.2,0.954,0.951,1.1,0.954,0.951,1,0.0,-32.149
20230301_0536,-4.82,149.59,597.0,IV.CERT.,41.949,12.982,126.492,1553.056,1570.023,1575.11,236.0,0.345,0.013,0.013,0.011,0.009,0.011,9.8,-4.0,0.524,-0.999,-8.7,0.51,0.51,-8.7,0.509,0.51,-8.9,0.513,0.51,-8.8,0.515,0.51,-8.9,0.515,0.51,0,-1.0,-39.423
20230301_0536,-4.82,149.59,597.0,IV.SSY.,37.158,15.074,127.412,1558.835,1576.489,1581.791,237.0,4.957,0.586,0.587,0.58,0.586,0.582,-0.6,-0.3,0.954,0.975,-1.3,0.895,0.895,-0.9,0.887,0.895,-1.2,0.894,0.895,-1.1,0.891,0.895,-1.1,0.89,0.895,1,0.0,-45.639
20230301_0536,-4.82,149.59,597.0,GT.PLCA.00,-40.733,-70.551,121.494,1521.166,1534.673,1538.689,238.0,0.959,0.112,-0.019,-0.019,-0.014,-0.017,-2.2,-2.2,0.827,0.84,3.4,0.435,0.435,2.8,0.522,0.435,2.7,0.524,0.435,2.7,0.523,0.435,2.7,0.527,0.435,0,-1.0,145.095
20230301_0536,-4.82,149.59,597.0,TH.HKWD.,50.83,12.268,121.861,1523.537,1537.282,1541.372,239.0,2.03,0.418,0.369,0.357,0.351,0.353,-0.7,4.6,0.556,0.472,4.3,0.667,0.667,4.5,0.648,0.667,4.3,0.662,0.667,4.4,0.66,0.667,4.3,0.665,0.667,1,0.0,-30.263
20230301_0536,-4.82,149.59,597.0,II.BFO.10,48.33,8.33,125.416,1546.259,1562.441,1567.283,240.0,4.634,0.375,0.397,0.376,0.368,0.37,-1.7,4.6,0.54,0.415,4.4,0.726,0.726,4.4,0.732,0.726,4.3,0.733,0.726,4.3,0.741,0.726,4.2,0.74,0.726,1,0.0,-30.669
20230301_0536,-4.82,149.59,597.0,CH.VMV.,46.423,9.022,126.257,1551.576,1568.369,1573.402,241.0,8.609,0.672,0.706,0.742,0.737,0.742,1.2,1.3,0.872,0.888,0.9,0.969,0.969,0.9,0.965,0.969,0.7,0.969,0.969,0.8,0.968,0.969,0.7,0.969,0.969,1,0.0,-32.851
20230301_0536,-4.82,149.59,597.0,IV.ZCCA.,44.351,10.976,126.394,1552.439,1569.332,1574.397,242.0,1.479,0.158,0.135,0.118,0.115,0.115,0.4,-3.1,0.55,-0.498,-7.1,0.57,0.57,-7.0,0.566,0.57,-7.2,0.56,0.57,-7.1,0.56,0.57,-7.2,0.56,0.57,0,-1.0,-35.93
20230301_0536,-4.82,149.59,597.0,GR.BRG.,50.873,13.944,120.984,1517.872,1531.052,1534.969,243.0,3.641,0.484,0.47,0.462,0.466,0.464,5.8,-0.8,0.492,0.367,5.2,0.723,0.723,5.2,0.716,0.723,5.1,0.725,0.723,5.1,0.725,0.723,5.1,0.728,0.723,0,-1.0,-30.964
20230301_0536,-4.82,149.59,597.0,MN.VLC.,44.159,10.386,126.85,1555.305,1572.536,1577.706,244.0,3.076,0.435,0.369,0.386,0.387,0.389,1.8,1.7,0.687,0.695,1.2,0.938,0.938,1.3,0.936,0.938,1.2,0.932,0.938,1.2,0.932,0.938,1.1,0.932,0.938,1,0.0,-35.818
20230301_0536,-4.82,149.59,597.0,GE.IBBN.,52.306,7.759,123.059,1531.239,1545.78,1550.114,245.0,5.035,0.5,0.503,0.52,0.533,0.528,0.5,0.6,0.862,0.85,0.1,0.85,0.85,0.3,0.872,0.85,0.2,0.868,0.85,0.2,0.866,0.85,0.2,0.867,0.85,1,0.0,-26.783
20230301_0536,-4.82,149.59,597.0,GR.BSEG.,53.936,10.316,120.829,1516.864,1529.945,1533.831,246.0,1.888,0.43,0.412,0.42,0.415,0.425,0.6,0.6,0.825,0.8,0.7,0.819,0.819,0.9,0.842,0.819,0.7,0.831,0.819,0.8,0.839,0.819,0.7,0.828,0.819,0,-1.0,-26.565
20230301_0536,-4.82,149.59,597.0,GR.TNS.,50.224,8.449,124.126,1538.065,1553.337,1557.896,247.0,6.551,0.563,0.613,0.615,0.618,0.617,-0.1,4.0,0.391,0.381,3.4,0.539,0.539,3.4,0.539,0.539,3.2,0.541,0.539,3.3,0.537,0.539,3.2,0.54,0.539,0,-1.0,-28.985
20230301_0536,-4.82,149.59,597.0,C1.LR05.,-40.23,-72.004,120.976,1517.816,1530.991,1534.905,248.0,1.777,0.119,-0.013,-0.003,0.018,0.001,1.9,4.7,0.881,-0.884,7.7,0.358,0.358,7.5,0.424,0.358,7.5,0.416,0.358,7.4,0.408,0.358,7.5,0.417,0.358,0,-1.0,143.808
20230301_0536,-4.82,149.59,597.0,BW.MKON.,50.019,12.234,122.368,1526.802,1540.881,1545.073,249.0,4.675,0.498,0.455,0.449,0.444,0.447,4.0,4.1,0.554,0.768,3.3,0.7,0.7,3.5,0.685,0.7,3.3,0.7,0.7,3.4,0.689,0.7,3.3,0.698,0.7,1,0.0,-31.008
20230301_0536,-4.82,149.59,597.0,IV.LATE.,42.614,11.804,126.872,1555.444,1572.692,1577.867,250.0,1.285,0.407,0.38,0.396,0.409,0.404,0.8,-1.1,0.824,0.422,-0.1,0.593,0.593,-0.1,0.58,0.593,-0.2,0.595,0.593,-0.2,0.598,0.593,-0.1,0.597,0.593,0,-1.0,-38.138
20230301_0536,-4.82,149.59,597.0,NL.MAME.,50.801,5.973,124.899,1542.983,1558.796,1563.524,251.0,1.796,0.229,0.338,0.362,0.383,0.373,0.9,-0.1,0.789,0.688,0.1,0.74,0.74,0.2,0.742,0.74,0.0,0.736,0.74,0.0,0.734,0.74,0.0,0.736,0.74,0,-1.0,-27.176
20230301_0536,-4.82,149.59,597.0,NU.MGAN.,12.149,-86.248,124.381,1539.69,1555.139,1559.753,252.0,3.138,0.349,0.337,0.266,0.315,0.332,0.3,0.6,0.716,0.735,-0.2,0.698,0.698,-0.6,0.707,0.698,-1.3,0.719,0.698,-0.8,0.708,0.698,-0.7,0.707,0.698,1,2.0,78.583
20230301_0536,-4.82,149.59,597.0,BW.RJOB.,47.737,12.796,123.412,1533.504,1548.285,1552.693,253.0,2.138,0.329,0.314,0.314,0.318,0.316,-4.2,4.9,0.408,0.104,3.9,0.498,0.498,4.1,0.486,0.498,3.9,0.492,0.498,3.9,0.49,0.498,3.9,0.489,0.498,0,-1.0,-33.458
20230301_0536,-4.82,149.59,597.0,MN.PDG.,42.43,19.261,122.187,1525.641,1539.6,1543.755,254.0,7.262,0.659,0.677,0.687,0.688,0.685,0.6,1.0,0.911,0.94,0.3,0.82,0.82,0.5,0.826,0.82,0.3,0.827,0.82,0.4,0.822,0.82,0.4,0.824,0.82,1,0.0,-41.662
20230301_0536,-4.82,149.59,597.0,IV.OSSC.,43.524,11.246,126.705,1554.398,1571.522,1576.659,255.0,1.201,0.322,0.344,0.315,0.311,0.316,-2.1,-2.4,0.708,0.741,-2.6,0.869,0.869,-2.4,0.863,0.869,-2.7,0.865,0.869,-2.7,0.864,0.869,-2.6,0.865,0.869,0,-1.0,-36.912
20230301_0536,-4.82,149.59,597.0,FR.CHMF.00,47.248,6.652,126.976,1556.096,1573.422,1578.621,256.0,2.408,0.525,0.544,0.563,0.577,0.568,0.3,0.8,0.836,0.812,0.1,0.943,0.943,0.3,0.936,0.943,0.2,0.932,0.943,0.1,0.933,0.943,0.1,0.933,0.943,1,0.0,-30.766
20230301_0536,-4.82,149.59,597.0,IV.CAMP.,42.536,13.409,125.915,1549.419,1565.962,1570.917,257.0,2.092,0.359,0.321,0.345,0.338,0.337,2.4,2.5,0.835,0.835,2.1,0.721,0.721,2.3,0.724,0.721,2.0,0.717,0.721,2.1,0.721,0.721,2.1,0.722,0.721,1,0.0,-39.013
20230301_0536,-4.82,149.59,597.0,NA.SABQ.,17.627,-63.249,145.423,1666.487,1700.351,1711.138,258.0,4.164,0.381,0.358,0.392,0.377,0.366,0.4,4.7,0.702,-0.825,0.2,0.566,0.566,-6.9,0.633,0.566,-0.5,0.671,0.566,-0.4,0.626,0.566,-7.1,0.622,0.566,1,5.0,65.439
20230301_0536,-4.82,149.59,597.0,LD.KSCT.,41.726,-73.484,126.811,1555.059,1572.262,1577.423,259.0,1.714,0.235,0.28,0.312,0.299,0.312,-0.1,2.0,0.458,0.256,1.5,0.744,0.744,1.3,0.719,0.744,0.9,0.714,0.744,1.0,0.722,0.744,1.0,0.719,0.744,0,-1.0,39.502
20230301_0536,-4.82,149.59,597.0,LD.GEDE.,39.811,-75.636,126.364,1552.247,1569.119,1574.176,260.0,1.224,0.307,0.206,0.211,0.208,0.207,7.9,4.8,0.438,-0.578,1.4,0.499,0.499,1.0,0.515,0.499,0.7,0.522,0.499,0.9,0.522,0.499,0.9,0.522,0.499,0,-1.0,42.588
20230301_0536,-4.82,149.59,597.0,IV.IVPL.,38.376,14.98,126.925,1555.778,1573.065,1578.253,261.0,1.588,0.354,0.309,0.341,0.324,0.332,1.5,1.6,0.533,0.472,1.1,0.738,0.738,1.2,0.753,0.738,1.0,0.734,0.738,1.1,0.744,0.738,1.1,0.742,0.738,0,-1.0,-44.238
20230301_0536,-4.82,149.59,597.0,CM.SMAR.00,11.164,-74.225,136.195,1612.65,1637.534,1645.222,262.0,5.901,0.57,0.537,0.536,0.553,0.546,1.9,1.8,0.841,0.827,1.4,0.811,0.811,0.3,0.67,0.811,-0.5,0.827,0.811,-0.1,0.785,0.811,0.0,0.713,0.811,1,3.0,78.868
20230301_0536,-4.82,149.59,597.0,LD.GCMD.,39.562,-79.338,123.934,1536.836,1551.974,1556.492,263.0,1.541,0.453,0.394,0.44,0.441,0.426,0.0,1.9,0.558,0.256,1.1,0.787,0.787,1.1,0.776,0.787,0.7,0.756,0.787,0.8,0.75,0.787,0.9,0.76,0.787,0,-1.0,44.448
20230301_0536,-4.82,149.59,597.0,GU.GORR.,44.607,9.293,127.215,1557.602,1575.107,1580.363,264.0,2.249,0.438,0.383,0.4,0.394,0.4,1.8,2.2,0.857,0.773,1.2,0.848,0.848,1.5,0.837,0.848,1.2,0.841,0.848,1.2,0.841,0.848,1.1,0.842,0.848,1,0.0,-34.784
20230301_0536,-4.82,149.59,597.0,SX.TANN.,50.415,12.461,122.013,1524.521,1538.366,1542.486,265.0,3.727,0.467,0.506,0.506,0.51,0.508,-0.1,0.1,0.795,0.767,-0.5,0.489,0.489,-0.3,0.522,0.489,-0.4,0.518,0.489,-0.4,0.518,0.489,-0.4,0.52,0.489,1,0.0,-30.739
20230301_0536,-4.82,149.59,597.0,IV.MSFR.,38.034,14.592,127.354,1558.469,1576.079,1581.367,266.0,1.924,0.473,0.48,0.466,0.468,0.469,0.0,-0.2,0.925,0.915,-0.9,0.951,0.951,-0.6,0.943,0.951,-0.9,0.947,0.951,-0.8,0.944,0.951,-0.8,0.944,0.951,0,-1.0,-44.439
20230301_0536,-4.82,149.59,597.0,C1.MT09.,-33.776,-70.989,125.618,1547.537,1563.864,1568.752,267.0,1.077,0.035,-0.032,-0.017,-0.011,-0.027,3.5,3.4,0.636,0.34,2.7,0.644,0.644,2.4,0.668,0.644,2.2,0.66,0.644,2.2,0.65,0.644,2.3,0.664,0.644,0,-1.0,138.385
20230301_0536,-4.82,149.59,597.0,BW.BE1.,47.911,11.221,124.165,1538.313,1553.611,1558.179,268.0,2.924,0.595,0.637,0.641,0.634,0.644,1.0,1.2,0.939,0.937,0.8,0.905,0.905,0.7,0.913,0.905,0.6,0.913,0.905,0.6,0.909,0.905,0.5,0.911,0.905,1,0.0,-32.537
20230301_0536,-4.82,149.59,597.0,GR.GRC1.,48.995,11.52,123.354,1533.133,1547.874,1552.27,269.0,4.383,0.544,0.453,0.458,0.448,0.455,2.0,2.7,0.673,0.677,1.9,0.718,0.718,2.0,0.705,0.718,1.8,0.712,0.718,1.9,0.707,0.718,1.8,0.708,0.718,1,0.0,-31.644
20230301_0536,-4.82,149.59,597.0,NU.BOAB.,12.449,-85.666,124.936,1543.216,1559.055,1563.791,270.0,3.167,0.663,0.596,0.51,0.585,0.594,-0.1,0.1,0.891,0.885,-0.6,0.919,0.919,-1.0,0.923,0.919,-1.7,0.921,0.919,-1.2,0.92,0.919,-1.0,0.921,0.919,1,2.0,78.185
20230301_0536,-4.82,149.59,597.0,BW.MGBB.,49.972,12.215,122.406,1527.046,1541.149,1545.349,271.0,8.242,0.565,0.546,0.543,0.541,0.542,-3.0,4.2,0.407,0.539,2.9,0.588,0.588,3.2,0.551,0.588,3.0,0.57,0.588,3.0,0.571,0.588,3.0,0.565,0.588,0,-1.0,-31.044
20230301_0536,-4.82,149.59,597.0,TH.HWTS.,50.592,11.472,122.405,1527.041,1541.144,1545.343,272.0,0.453,0.087,0.08,0.079,0.081,0.08,-9.4,-4.0,0.215,-0.922,-8.8,0.627,0.627,-8.5,0.617,0.627,-8.6,0.623,0.627,-8.5,0.622,0.627,-8.6,0.622,0.627,0,-1.0,-30.119
20230301_0536,-4.82,149.59,597.0,GU.PZZ.,44.507,7.116,128.499,1565.624,1584.108,1589.672,273.0,1.259,0.212,0.269,0.26,0.25,0.256,-7.1,3.8,0.572,0.709,-8.0,0.471,0.471,-7.8,0.474,0.471,-8.0,0.487,0.471,-8.0,0.496,0.471,-8.0,0.491,0.471,0,-1.0,-33.666
20230301_0536,-4.82,149.59,597.0,CX.PB02.,-21.32,-69.896,133.304,1595.219,1617.582,1624.415,274.0,0.399,0.0,0.033,0.03,0.031,0.034,3.3,0.4,0.509,-0.451,3.1,0.593,0.593,3.0,0.643,0.593,2.7,0.658,0.593,2.7,0.658,0.593,2.9,0.647,0.593,0,-1.0,125.65
20230301_0536,-4.82,149.59,597.0,CH.BOURR.,47.394,7.23,126.584,1553.637,1570.671,1575.78,275.0,2.431,0.494,0.508,0.519,0.525,0.524,0.6,0.6,0.915,0.949,0.4,0.863,0.863,0.5,0.882,0.863,0.3,0.887,0.863,0.3,0.887,0.863,0.3,0.886,0.863,1,0.0,-30.951
20230301_0536,-4.82,149.59,597.0,CX.PB15.,-23.208,-69.471,132.688,1591.467,1613.31,1619.97,276.0,1.45,0.365,0.429,0.436,0.435,0.432,3.7,4.0,0.722,0.894,1.9,0.579,0.579,1.6,0.679,0.579,1.4,0.703,0.579,1.5,0.699,0.579,1.5,0.69,0.579,0,-1.0,128.145
20230301_0536,-4.82,149.59,597.0,IV.ILOS.,38.446,14.948,126.915,1555.715,1572.995,1578.181,277.0,1.521,0.08,0.088,0.109,0.115,0.107,2.7,-1.5,0.485,0.305,3.1,0.407,0.407,3.3,0.431,0.407,3.1,0.409,0.407,3.1,0.42,0.407,3.1,0.419,0.407,0,-1.0,-44.146
20230301_0536,-4.82,149.59,597.0,NA.SEUS.,17.493,-62.981,145.707,1668.095,1702.258,1713.15,278.0,2.036,0.332,0.32,0.358,0.361,0.34,1.7,1.8,0.878,0.913,1.3,0.732,0.732,1.6,0.814,0.732,0.8,0.88,0.732,0.9,0.861,0.732,1.3,0.835,0.732,1,5.0,65.524
20230301_0536,-4.82,149.59,597.0,DR.SC01.,19.427,-70.728,138.113,1624.065,1650.706,1658.989,279.0,0.348,-0.001,-0.006,-0.004,-0.004,-0.005,4.7,-4.5,0.734,-0.796,7.2,0.204,0.204,6.7,0.243,0.204,6.4,0.281,0.204,6.5,0.27,0.204,6.7,0.258,0.204,0,-1.0,65.966
20230301_0536,-4.82,149.59,597.0,C.GO03.,-27.594,-70.235,129.741,1573.348,1592.799,1598.672,280.0,0.827,0.174,0.151,0.151,0.152,0.151,-0.8,-4.8,0.598,-0.766,-9.7,0.778,0.778,-10.2,0.764,0.778,-10.4,0.778,0.778,-10.4,0.775,0.778,-10.3,0.765,0.778,0,-1.0,132.538
20230301_0536,-4.82,149.59,597.0,CX.PB12.,-18.614,-70.328,134.223,1600.791,1623.938,1631.037,281.0,0.35,0.07,0.083,0.079,0.08,0.083,6.9,-4.4,0.765,-0.917,7.3,0.37,0.37,-1.4,0.185,0.37,-1.9,0.171,0.37,-1.9,0.175,0.37,-1.5,0.182,0.37,0,-1.0,122.085
20230301_0536,-4.82,149.59,597.0,GU.RSP.,45.148,7.265,128.011,1562.579,1580.689,1586.134,282.0,1.13,0.283,0.284,0.321,0.343,0.327,1.6,1.8,0.751,0.784,0.7,0.853,0.853,1.1,0.857,0.853,0.9,0.86,0.853,0.8,0.865,0.853,0.8,0.865,0.853,0,-1.0,-33.122
20230301_0536,-4.82,149.59,597.0,CR.7433.,45.417,17.248,122.071,1524.889,1538.772,1542.904,283.0,4.289,0.626,0.611,0.618,0.609,0.611,0.8,1.0,0.837,0.873,0.4,0.894,0.894,0.4,0.908,0.894,0.3,0.911,0.894,0.4,0.908,0.894,0.4,0.908,0.894,1,0.0,-37.743
20230301_0536,-4.82,149.59,597.0,WI.DSD.00,16.313,-61.066,147.811,1679.964,1716.365,1728.058,284.0,3.877,0.401,0.507,0.518,0.511,0.509,-9.8,-0.5,0.358,0.264,-2.8,0.57,0.57,-1.4,0.527,0.57,-0.3,0.507,0.57,-1.2,0.5,0.57,-1.5,0.514,0.57,0,-1.0,66.543
20230301_0536,-4.82,149.59,597.0,KQ.BIRK.,54.445,10.073,120.602,1515.395,1528.333,1532.175,285.0,0.902,0.314,0.309,0.314,0.323,0.322,0.1,-2.6,0.902,-0.611,0.2,0.601,0.601,0.3,0.614,0.601,0.3,0.619,0.601,0.2,0.607,0.601,0.2,0.609,0.601,0,-1.0,-26.011
20230301_0536,-4.82,149.59,597.0,C1.BI02.,-36.663,-71.273,123.665,1535.119,1550.072,1554.534,286.0,1.371,0.153,0.134,0.135,0.135,0.137,-2.3,1.6,0.873,-0.604,-3.1,0.86,0.86,-3.7,0.884,0.86,-3.8,0.898,0.86,-3.8,0.9,0.86,-3.7,0.893,0.86,0,-1.0,140.971
20230301_0536,-4.82,149.59,597.0,GR.KAST.,51.203,8.416,123.497,1534.044,1548.882,1553.308,287.0,6.44,0.383,0.471,0.485,0.492,0.488,0.2,0.0,0.794,0.78,-0.5,0.743,0.743,-0.5,0.752,0.743,-0.5,0.748,0.743,-0.6,0.746,0.743,-0.6,0.748,0.743,1,0.0,-28.086
20230301_0536,-4.82,149.59,597.0,IV.PZUN.,40.646,15.807,125.301,1545.535,1561.635,1566.452,288.0,3.842,0.448,0.435,0.456,0.455,0.452,2.3,2.5,0.79,0.78,1.7,0.834,0.834,2.0,0.828,0.834,1.7,0.831,0.834,1.7,0.828,0.834,1.7,0.828,0.834,1,0.0,-42.131
20230301_0536,-4.82,149.59,597.0,GU.POPM.,44.045,10.757,126.699,1554.356,1571.475,1576.61,289.0,4.173,0.288,0.266,0.292,0.288,0.283,2.7,3.0,0.394,0.386,2.3,0.873,0.873,2.4,0.881,0.873,2.1,0.874,0.873,2.2,0.872,0.873,2.2,0.873,0.873,0,-1.0,-36.127
20230301_0536,-4.82,149.59,597.0,TH.FRAU.,50.695,12.317,121.917,1523.903,1537.685,1541.786,290.0,4.491,0.496,0.529,0.541,0.55,0.546,0.3,0.4,0.549,0.52,5.9,0.585,0.585,-0.1,0.589,0.585,-0.1,0.587,0.585,-0.1,0.593,0.585,-0.1,0.592,0.585,1,0.0,-30.411
20230301_0536,-4.82,149.59,597.0,IV.SACS.,42.849,11.91,126.678,1554.225,1571.329,1576.459,291.0,1.975,0.391,0.361,0.389,0.39,0.387,1.9,1.8,0.833,0.848,1.6,0.793,0.793,1.7,0.807,0.793,1.5,0.809,0.793,1.5,0.812,0.793,1.5,0.81,0.793,0,-1.0,-37.947
20230301_0536,-4.82,149.59,597.0,LU.VIA.,49.935,6.202,125.39,1546.093,1562.256,1567.093,292.0,1.06,0.487,0.48,0.463,0.454,0.457,-0.5,-0.2,0.869,0.764,-0.7,0.961,0.961,-0.6,0.954,0.961,-0.8,0.954,0.961,-0.8,0.954,0.961,-0.8,0.954,0.961,0,-1.0,-28.064
20230301_0536,-4.82,149.59,597.0,MN.CUC.,39.994,15.816,125.601,1547.435,1563.75,1568.634,293.0,2.63,0.54,0.542,0.516,0.517,0.521,-0.9,-4.2,0.622,-0.686,3.9,0.447,0.447,4.0,0.465,0.447,3.8,0.457,0.447,3.9,0.46,0.447,3.9,0.459,0.447,0,-1.0,-42.841
20230301_0536,-4.82,149.59,597.0,BW.RTBE.,47.745,12.824,123.392,1533.376,1548.143,1552.546,294.0,2.287,0.329,0.318,0.323,0.33,0.326,-3.7,2.7,0.425,0.501,3.3,0.546,0.546,3.5,0.525,0.546,3.2,0.535,0.546,3.2,0.532,0.546,3.2,0.53,0.546,0,-1.0,-33.464
20230301_0536,-4.82,149.59,597.0,GR.GRC2.,48.867,11.374,123.508,1534.119,1548.965,1553.393,295.0,3.554,0.662,0.635,0.627,0.617,0.622,0.4,0.5,0.897,0.918,0.1,0.724,0.724,0.2,0.705,0.724,0.0,0.7,0.724,0.0,0.7,0.724,0.0,0.699,0.724,1,0.0,-31.695
20230301_0536,-4.82,149.59,597.0,WI.SBLM.00,17.914,-62.85,145.695,1668.029,1702.179,1713.067,296.0,3.318,0.532,0.574,0.496,0.536,0.558,-0.3,0.0,0.896,0.879,-0.9,0.847,0.847,-0.5,0.916,0.847,-1.2,0.88,0.847,-1.0,0.894,0.847,-0.7,0.912,0.847,1,5.0,64.741
20230301_0536,-4.82,149.59,597.0,LU.LILIE.,49.754,6.395,125.422,1546.3,1562.487,1567.331,297.0,1.112,0.333,0.366,0.358,0.354,0.357,-0.8,-0.5,0.872,0.704,-1.4,0.793,0.793,-1.3,0.796,0.793,-1.4,0.795,0.793,-1.5,0.792,0.793,-1.5,0.794,0.793,0,-1.0,-28.33
20230301_0536,-4.82,149.59,597.0,CH.HASLI.,46.757,8.151,126.514,1553.195,1570.177,1575.269,298.0,2.978,0.537,0.59,0.586,0.596,0.597,-0.2,0.0,0.77,0.739,-0.7,0.889,0.889,-0.5,0.884,0.889,-0.8,0.885,0.889,-0.8,0.883,0.889,-0.7,0.885,0.889,1,0.0,-32.061
20230301_0536,-4.82,149.59,597.0,TH.LUHNE.,51.254,10.419,122.509,1527.71,1541.883,1546.103,299.0,2.261,0.307,0.26,0.26,0.263,0.263,1.2,1.8,0.686,0.792,2.4,0.587,0.587,2.5,0.584,0.587,2.4,0.579,0.587,2.4,0.587,0.587,2.4,0.582,0.587,0,-1.0,-29.014
20230301_0536,-4.82,149.59,597.0,FR.RUSF.04,43.94,5.475,129.765,1573.493,1592.963,1598.843,300.0,2.102,0.421,0.371,0.403,0.408,0.412,2.2,2.5,0.897,0.907,1.5,0.867,0.867,1.7,0.861,0.867,1.4,0.858,0.867,1.3,0.861,0.867,1.3,0.863,0.867,1,0.0,-33.247
20230301_0536,-4.82,149.59,597.0,PM.PESTR.,38.867,-7.59,140.161,1636.131,1664.709,1673.653,301.0,2.647,0.32,0.314,0.328,0.34,0.331,1.4,1.8,0.789,0.8,0.6,0.819,0.819,0.8,0.788,0.819,0.6,0.795,0.819,0.4,0.802,0.819,0.5,0.798,0.819,1,0.0,-27.989
20230301_0536,-4.82,149.59,597.0,TH.VITZ.,50.888,10.092,122.901,1530.227,1544.661,1548.962,302.0,7.077,0.672,0.66,0.636,0.637,0.641,-1.1,-0.8,0.834,0.838,-1.5,0.75,0.75,-1.3,0.779,0.75,-1.5,0.774,0.75,-1.4,0.775,0.75,-1.4,0.777,0.75,1,0.0,-29.193
20230301_0536,-4.82,149.59,597.0,GE.ACRG.,5.641,-0.207,149.915,1691.693,1730.39,1742.918,303.0,4.915,0.451,0.472,0.56,0.536,0.527,1.1,1.4,0.374,0.298,1.0,0.924,0.924,0.8,0.925,0.924,0.1,0.806,0.924,0.3,0.885,0.924,0.4,0.904,0.924,0,-1.0,-87.071
20230301_0536,-4.82,149.59,597.0,FR.FNEB.00,42.903,2.106,132.275,1588.946,1610.446,1616.991,304.0,1.224,0.045,0.055,0.062,0.067,0.061,-2.0,3.2,0.636,0.514,2.7,0.477,0.477,2.9,0.485,0.477,2.8,0.482,0.477,2.7,0.488,0.477,2.7,0.488,0.477,0,-1.0,-32.076
20230301_0536,-4.82,149.59,597.0,SX.GUNZ.,50.363,12.332,122.11,1525.145,1539.054,1543.194,305.0,1.928,0.373,0.385,0.395,0.392,0.398,0.6,0.6,0.896,0.931,0.2,0.827,0.827,0.5,0.835,0.827,0.3,0.823,0.827,0.4,0.832,0.827,0.3,0.827,0.827,0,-1.0,-30.729
20230301_0536,-4.82,149.59,597.0,TH.MODW.,50.943,12.468,121.692,1522.446,1536.082,1540.137,306.0,1.475,0.308,0.32,0.32,0.323,0.321,0.1,4.4,0.514,0.44,4.1,0.618,0.618,4.2,0.619,0.618,4.0,0.629,0.618,4.1,0.63,0.618,4.0,0.63,0.618,0,-1.0,-30.248
20230301_0536,-4.82,149.59,597.0,IV.IVUG.,38.396,14.986,126.912,1555.695,1572.973,1578.157,307.0,2.21,0.432,0.397,0.402,0.393,0.396,0.6,4.1,0.722,-0.56,0.4,0.852,0.852,0.6,0.862,0.852,0.3,0.845,0.852,0.5,0.853,0.852,0.4,0.852,0.852,1,0.0,-44.218
20230301_0536,-4.82,149.59,597.0,IV.MBFT.,37.946,12.953,128.532,1565.834,1584.343,1589.915,308.0,2.832,0.565,0.575,0.589,0.585,0.59,1.2,1.3,0.79,0.76,1.0,0.722,0.722,1.3,0.742,0.722,1.0,0.729,0.722,1.1,0.73,0.722,1.0,0.735,0.722,1,0.0,-43.752
20230301_0536,-4.82,149.59,597.0,BW.UH3.,48.03,11.639,123.87,1536.428,1551.522,1556.026,309.0,3.835,0.535,0.484,0.508,0.506,0.505,1.3,1.5,0.931,0.93,1.0,0.985,0.985,1.0,0.984,0.985,0.8,0.984,0.985,0.8,0.985,0.985,0.8,0.985,0.985,1,0.0,-32.625
20230301_0536,-4.82,149.59,597.0,IV.LPEL.,42.047,14.183,125.677,1547.913,1564.283,1569.184,310.0,4.646,0.539,0.484,0.512,0.501,0.504,2.1,1.8,0.774,0.707,1.5,0.902,0.902,1.7,0.903,0.902,1.4,0.907,0.902,1.4,0.904,0.902,1.5,0.905,0.902,1,0.0,-39.895
20230301_0536,-4.82,149.59,597.0,CH.LAUCH.,46.416,7.772,126.932,1555.825,1573.118,1578.307,311.0,5.303,0.634,0.609,0.616,0.618,0.617,0.6,1.0,0.884,0.861,0.2,0.948,0.948,0.4,0.957,0.948,0.2,0.953,0.948,0.2,0.952,0.948,0.1,0.954,0.948,1,0.0,-32.18
20230301_0536,-4.82,149.59,597.0,GE.GVD.,34.839,24.087,121.531,1521.41,1534.941,1538.965,312.0,1.376,-0.042,-0.056,-0.044,-0.044,-0.05,6.7,-1.9,0.641,-0.798,7.9,0.58,0.58,8.3,0.583,0.58,8.0,0.585,0.58,8.1,0.591,0.58,8.2,0.586,0.58,0,-1.0,-51.618
20230301_0536,-4.82,149.59,597.0,CH.SALAN.,46.144,6.973,127.53,1559.572,1577.315,1582.645,313.0,1.224,0.251,0.234,0.236,0.232,0.231,1.2,1.8,0.578,0.514,0.6,0.721,0.721,0.8,0.731,0.721,0.6,0.733,0.721,0.6,0.737,0.721,0.6,0.739,0.721,0,-1.0,-31.993
20230301_0536,-4.82,149.59,597.0,SX.MUHB.,51.658,12.342,121.32,1520.044,1533.439,1537.421,314.0,1.467,0.246,0.266,0.266,0.269,0.267,5.4,4.2,0.206,0.423,4.7,0.415,0.415,4.7,0.449,0.415,4.7,0.449,0.415,4.7,0.46,0.415,4.7,0.453,0.415,0,-1.0,-29.527
20230301_0536,-4.82,149.59,597.0,BW.MZEK.,49.963,11.947,122.548,1527.964,1542.163,1546.392,315.0,3.836,0.615,0.623,0.609,0.607,0.607,-0.5,-0.3,0.756,0.767,-1.1,0.55,0.55,-0.8,0.586,0.55,-1.0,0.575,0.55,-1.0,0.575,0.55,-1.0,0.577,0.55,1,0.0,-30.928
20230301_0536,-4.82,149.59,597.0,CH.SIMPL.,46.24,8.02,126.912,1555.696,1572.973,1578.158,316.0,7.002,0.487,0.511,0.545,0.562,0.555,1.5,1.8,0.829,0.806,1.0,0.764,0.764,1.2,0.769,0.764,0.9,0.773,0.764,0.9,0.772,0.764,0.9,0.772,0.764,1,0.0,-32.486
20230301_0536,-4.82,149.59,597.0,CN.GAC.,45.703,-75.478,123.479,1533.934,1548.761,1553.183,317.0,1.8,0.335,0.317,0.327,0.334,0.324,0.4,4.1,0.738,-0.642,-0.1,0.755,0.755,-0.4,0.674,0.755,-0.5,0.697,0.755,-0.5,0.697,0.755,-0.5,0.693,0.755,0,-1.0,36.335
20230301_0536,-4.82,149.59,597.0,GE.IMMV.,35.461,23.981,121.421,1520.697,1534.157,1538.158,318.0,6.71,0.689,0.701,0.69,0.702,0.698,-0.6,-0.8,0.86,0.807,-0.8,0.798,0.798,-0.5,0.818,0.798,-0.8,0.797,0.798,-0.6,0.802,0.798,-0.6,0.799,0.798,1,0.0,-50.894
20230301_0536,-4.82,149.59,597.0,CH.VANNI.,46.21,7.597,127.157,1557.232,1574.693,1579.935,319.0,2.849,0.502,0.504,0.522,0.529,0.524,0.9,1.2,0.804,0.769,0.6,0.786,0.786,0.8,0.798,0.786,0.6,0.796,0.786,0.5,0.797,0.786,0.5,0.793,0.786,1,0.0,-32.281
20230301_0536,-4.82,149.59,597.0,C1.MT02.,-33.259,-71.138,125.829,1548.872,1565.352,1570.287,320.0,1.679,0.057,0.09,0.088,0.083,0.082,-4.9,-4.9,0.702,0.819,-5.5,0.756,0.756,-6.0,0.771,0.756,-6.1,0.776,0.756,-6.1,0.777,0.756,-6.0,0.77,0.756,0,-1.0,137.786
20230301_0536,-4.82,149.59,597.0,G.MPG.00,5.11,-52.644,157.848,1734.613,1782.536,1798.519,321.0,9.422,0.607,0.718,0.665,0.708,0.719,0.2,0.3,0.929,0.958,-1.7,0.722,0.722,0.3,0.876,0.722,-0.3,0.789,0.722,-0.1,0.853,0.722,0.2,0.87,0.722,1,-1.0,88.296
20230301_0536,-4.82,149.59,597.0,OE.OBKA.,46.509,14.549,123.11,1531.567,1546.142,1550.486,322.0,2.772,0.411,0.439,0.449,0.455,0.452,2.9,3.3,0.828,0.86,2.7,0.823,0.823,2.8,0.816,0.823,2.6,0.81,0.823,2.7,0.814,0.823,2.7,0.81,0.823,1,0.0,-35.475
20230301_0536,-4.82,149.59,597.0,SX.BURZL.,51.431,12.815,121.224,1519.425,1532.758,1536.721,323.0,4.256,0.414,0.403,0.399,0.381,0.384,1.4,3.3,0.692,0.498,3.0,0.722,0.722,3.0,0.725,0.722,2.7,0.73,0.722,2.9,0.728,0.722,2.9,0.73,0.722,1,0.0,-29.948
20230301_0536,-4.82,149.59,597.0,DK.NRS.,61.16,-45.419,122.539,1527.904,1542.096,1546.323,324.0,3.143,0.104,0.073,0.077,0.08,0.076,3.0,-3.0,0.82,0.888,2.6,0.726,0.726,2.9,0.718,0.726,2.8,0.72,0.726,2.8,0.719,0.726,2.8,0.722,0.726,0,-1.0,8.516
20230301_0536,-4.82,149.59,597.0,CH.LLS.,46.847,9.008,126.001,1549.962,1566.568,1571.542,325.0,3.647,0.531,0.539,0.551,0.544,0.561,1.7,1.7,0.865,0.823,1.3,0.912,0.912,1.2,0.91,0.912,1.1,0.915,0.912,1.1,0.914,0.912,1.0,0.915,0.912,1,0.0,-32.434
20230301_0536,-4.82,149.59,597.0,LU.WILW.,49.992,6.005,125.443,1546.431,1562.632,1567.48,326.0,1.392,0.326,0.291,0.304,0.315,0.31,0.9,1.1,0.931,0.893,0.8,0.812,0.812,0.8,0.83,0.812,0.7,0.827,0.812,0.6,0.829,0.812,0.6,0.828,0.812,0,-1.0,-27.906
20230301_0536,-4.82,149.59,597.0,BW.ROTZ.,49.767,12.207,122.533,1527.863,1542.051,1546.277,327.0,6.316,0.528,0.497,0.495,0.496,0.497,0.1,0.4,0.586,0.552,4.7,0.408,0.408,5.0,0.38,0.408,4.8,0.382,0.408,4.8,0.388,0.408,4.8,0.383,0.408,0,-1.0,-31.234
20230301_0536,-4.82,149.59,597.0,C1.CO06.,-30.674,-71.635,126.995,1556.216,1573.556,1578.759,328.0,3.391,0.219,0.218,0.212,0.211,0.21,1.3,1.2,0.533,0.424,0.3,0.516,0.516,-0.4,0.414,0.516,-0.7,0.461,0.516,-0.7,0.484,0.516,-0.5,0.409,0.516,0,-1.0,134.882
20230301_0536,-4.82,149.59,597.0,NA.SEUB.,17.489,-62.962,145.726,1668.204,1702.386,1713.286,329.0,2.925,0.098,0.105,0.128,0.12,0.111,1.3,-4.1,0.608,0.645,-5.0,0.682,0.682,1.1,0.532,0.682,0.5,0.662,0.682,0.6,0.644,0.682,0.8,0.598,0.682,0,-1.0,65.521
20230301_0536,-4.82,149.59,597.0,IV.ARVD.,43.498,12.942,125.693,1548.017,1564.399,1569.304,330.0,3.12,0.547,0.532,0.562,0.563,0.565,1.5,1.7,0.902,0.905,1.3,0.828,0.828,1.3,0.83,0.828,1.1,0.829,0.828,1.1,0.826,0.828,1.0,0.83,0.828,1,0.0,-37.785
20230301_0536,-4.82,149.59,597.0,IV.MGR.,40.138,15.554,125.711,1548.129,1564.524,1569.433,331.0,5.684,0.595,0.567,0.583,0.577,0.578,1.1,1.2,0.972,0.968,0.7,0.883,0.883,0.9,0.886,0.883,0.7,0.885,0.883,0.7,0.885,0.883,0.7,0.886,0.883,1,0.0,-42.568
20230301_0536,-4.82,149.59,597.0,FR.CIEL.00,48.833,7.364,125.572,1547.249,1563.543,1568.421,332.0,2.523,0.445,0.409,0.393,0.379,0.385,-1.5,0.5,0.666,0.43,-1.8,0.351,0.351,-1.6,0.362,0.351,-1.8,0.359,0.351,-1.8,0.355,0.351,-1.8,0.357,0.351,0,-1.0,-29.688
20230301_0536,-4.82,149.59,597.0,GR.GRB2.,49.27,11.668,123.111,1531.577,1546.153,1550.498,333.0,2.157,0.463,0.415,0.413,0.41,0.409,2.2,3.3,0.751,0.606,2.2,0.794,0.794,2.3,0.784,0.794,2.2,0.786,0.794,2.2,0.784,0.794,2.2,0.782,0.794,1,0.0,-31.453
20230301_0536,-4.82,149.59,597.0,NA.SMRT.,18.05,-63.075,145.449,1666.632,1700.523,1711.32,334.0,1.265,0.018,0.183,0.166,0.173,0.177,1.0,-3.2,0.708,0.871,-3.6,0.393,0.393,4.0,0.455,0.393,3.3,0.388,0.393,3.5,0.403,0.393,3.8,0.436,0.393,0,-1.0,64.635
20230301_0536,-4.82,149.59,597.0,G.HDC.00,10.002,-84.111,126.55,1553.422,1570.431,1575.532,335.0,3.357,0.483,0.536,0.379,0.479,0.521,-0.2,0.0,0.834,0.846,-0.4,0.919,0.919,-0.9,0.938,0.919,-1.6,0.926,0.919,-1.1,0.932,0.919,-0.9,0.936,0.919,1,2.0,81.131
20230301_0536,-4.82,149.59,597.0,C1.MT14.,-33.396,-70.536,126.148,1550.886,1567.599,1572.607,336.0,1.174,0.116,0.093,0.071,0.051,0.079,-6.0,-2.8,0.584,-0.747,-6.8,0.523,0.523,-7.3,0.632,0.523,-7.5,0.642,0.523,-7.4,0.645,0.523,-7.3,0.635,0.523,0,-1.0,138.297
20230301_0536,-4.82,149.59,597.0,CH.DIX.,46.081,7.408,127.339,1558.378,1575.977,1581.262,337.0,3.232,0.342,0.379,0.368,0.368,0.359,0.0,-4.2,0.682,-0.405,-1.0,0.799,0.799,-0.8,0.798,0.799,-1.0,0.802,0.799,-1.0,0.801,0.799,-1.1,0.803,0.799,1,0.0,-32.299
20230301_0536,-4.82,149.59,597.0,WM.MAHO.,39.896,4.266,133.047,1593.655,1615.8,1622.561,338.0,1.82,0.163,0.214,0.216,0.224,0.214,1.0,-3.8,0.472,-0.397,-0.6,0.745,0.745,-0.4,0.733,0.745,-0.6,0.743,0.745,-0.6,0.74,0.745,-0.7,0.742,0.745,0,-1.0,-36.591
20230301_0536,-4.82,149.59,597.0,GR.GRA1.,49.691,11.22,123.086,1531.415,1545.974,1550.313,339.0,2.472,0.386,0.412,0.426,0.442,0.432,0.2,0.1,0.662,0.576,0.3,0.568,0.568,0.4,0.569,0.568,0.3,0.557,0.568,0.3,0.556,0.568,0.2,0.555,0.568,1,0.0,-30.843
20230301_0536,-4.82,149.59,597.0,GT.LPAZ.00,-16.288,-68.131,137.139,1618.281,1644.025,1652.003,340.0,0.996,0.125,0.297,0.297,0.294,0.299,4.3,-2.1,0.315,-0.457,0.1,0.63,0.63,12.2,0.468,0.63,12.5,0.504,0.63,12.5,0.505,0.63,12.2,0.472,0.63,0,-1.0,120.474
20230301_0536,-4.82,149.59,597.0,IM.TKL.,35.658,-83.774,122.149,1525.392,1539.326,1543.473,341.0,2.013,0.413,0.429,0.414,0.414,0.421,0.8,-4.1,0.833,-0.48,0.1,0.5,0.5,-0.1,0.613,0.5,-0.2,0.62,0.5,-0.1,0.616,0.5,-0.1,0.618,0.5,1,-1.0,50.354
20230301_0536,-4.82,149.59,597.0,G.PEL.00,-33.144,-70.675,126.208,1551.265,1568.021,1573.043,342.0,0.572,0.118,-0.007,-0.006,0.02,-0.008,-0.3,-0.4,0.814,0.639,-0.4,0.82,0.82,-0.9,0.76,0.82,-1.1,0.759,0.82,-1.1,0.757,0.82,-0.9,0.76,0.82,0,-1.0,137.962
20230301_0536,-4.82,149.59,597.0,SX.WERN.,50.287,12.376,122.133,1525.294,1539.218,1543.362,343.0,1.452,0.19,0.158,0.159,0.161,0.163,-4.5,-4.3,0.577,0.609,-4.6,0.567,0.567,-4.3,0.566,0.567,-4.5,0.558,0.567,-4.5,0.556,0.567,-4.5,0.56,0.567,0,-1.0,-30.821
20230301_0536,-4.82,149.59,597.0,G.TAM.00,22.791,5.528,140.927,1640.606,1669.924,1679.124,344.0,7.367,0.712,0.746,0.742,0.746,0.748,0.4,0.4,0.885,0.902,-0.4,0.84,0.84,-0.1,0.846,0.84,-0.7,0.834,0.84,-0.6,0.848,0.84,-0.6,0.851,0.84,1,6.0,-59.004
20230301_0536,-4.82,149.59,597.0,CR.7445.,45.729,15.472,122.983,1530.755,1545.245,1549.563,345.0,2.5,0.581,0.57,0.586,0.579,0.589,1.0,1.4,0.927,0.905,0.6,0.911,0.911,0.7,0.924,0.911,0.6,0.925,0.911,0.7,0.924,0.911,0.5,0.922,0.911,1,0.0,-36.67
20230301_0536,-4.82,149.59,597.0,HU.CSKK.,47.363,18.26,120.501,1514.735,1527.609,1531.431,346.0,1.005,0.309,0.301,0.313,0.311,0.311,1.2,1.2,0.82,0.642,1.0,0.78,0.78,1.1,0.78,0.78,0.9,0.772,0.78,1.0,0.761,0.78,1.0,0.764,0.78,0,-1.0,-36.178
20230301_0536,-4.82,149.59,597.0,C.GO01.,-19.669,-69.194,134.681,1603.556,1627.099,1634.332,347.0,1.96,0.236,0.056,0.075,0.073,0.057,1.2,4.4,0.864,-0.836,-6.4,0.388,0.388,9.5,0.622,0.388,9.1,0.595,0.388,9.1,0.603,0.388,9.5,0.62,0.388,0,-1.0,124.098
20230301_0536,-4.82,149.59,597.0,BX.KGCAE.,-22.854,22.207,121.659,1522.238,1535.852,1539.901,348.0,0.726,0.056,0.132,0.184,0.182,0.156,0.4,-4.9,0.462,0.253,0.5,0.568,0.568,0.5,0.655,0.568,0.0,0.683,0.568,0.2,0.676,0.568,0.4,0.672,0.568,0,-1.0,-120.713
20230301_0536,-4.82,149.59,597.0,SS.COI.,40.208,-8.412,139.451,1631.961,1659.86,1668.572,349.0,2.773,0.215,0.189,0.206,0.231,0.223,2.6,3.2,0.814,0.755,2.3,0.926,0.926,2.7,0.916,0.926,2.6,0.915,0.926,2.3,0.917,0.926,2.3,0.917,0.926,0,-1.0,-25.984
20230301_0536,-4.82,149.59,597.0,G.SSB.10,45.279,4.542,129.376,1571.08,1590.244,1596.026,350.0,2.195,0.219,0.217,0.232,0.247,0.241,1.2,0.7,0.407,0.31,1.1,0.63,0.63,1.3,0.64,0.63,1.1,0.639,0.63,1.0,0.633,0.63,1.1,0.635,0.63,0,-1.0,-31.379
20230301_0536,-4.82,149.59,597.0,CH.SAVIG.,46.066,5.973,128.106,1563.171,1581.354,1586.822,351.0,1.795,0.306,0.291,0.29,0.287,0.288,-0.2,0.1,0.816,0.813,-0.2,0.375,0.375,-0.1,0.398,0.375,-0.3,0.407,0.375,-0.4,0.411,0.375,-0.5,0.406,0.375,0,-1.0,-31.491
20230301_0536,-4.82,149.59,597.0,GU.PCP.,44.541,8.545,127.679,1560.504,1578.36,1583.726,352.0,2.358,0.372,0.356,0.374,0.385,0.381,2.0,2.0,0.674,0.796,1.4,0.869,0.869,1.5,0.864,0.869,1.4,0.866,0.869,1.3,0.867,0.869,1.3,0.866,0.869,1,0.0,-34.441
20230301_0536,-4.82,149.59,597.0,CX.PB06.,-22.706,-69.572,132.868,1592.563,1614.558,1621.268,353.0,0.831,0.249,0.239,0.246,0.248,0.239,-3.7,-3.7,0.74,0.352,0.4,0.471,0.471,-5.5,0.431,0.471,-5.7,0.469,0.471,-5.7,0.474,0.471,-5.6,0.439,0.471,0,-1.0,127.495
20230301_0536,-4.82,149.59,597.0,TH.LEIB1.,50.576,11.198,122.552,1527.986,1542.187,1546.416,354.0,0.939,0.242,0.252,0.255,0.256,0.256,-0.1,-4.1,0.792,-0.489,-0.7,0.84,0.84,-0.4,0.861,0.84,-0.5,0.865,0.84,-0.5,0.858,0.84,-0.5,0.863,0.84,0,-1.0,-30.006
20230301_0536,-4.82,149.59,597.0,C.GO05.,-35.01,-71.93,124.254,1538.881,1554.241,1558.829,355.0,0.346,0.017,0.026,0.025,0.023,0.026,10.6,-2.6,0.374,-1.0,-9.0,0.561,0.561,-9.3,0.522,0.561,-9.5,0.512,0.561,-9.5,0.506,0.561,-9.4,0.516,0.561,0,-1.0,139.007
20230301_0536,-4.82,149.59,597.0,LX.GGNV.,38.718,-9.151,140.997,1641.018,1670.405,1679.628,356.0,1.463,-0.022,0.016,0.025,0.04,0.035,4.3,4.3,0.49,0.425,4.0,0.908,0.908,4.4,0.886,0.908,4.2,0.891,0.908,3.9,0.882,0.908,4.1,0.885,0.908,0,-1.0,-26.574
20230301_0536,-4.82,149.59,597.0,RD.LOR.,47.268,3.859,128.353,1564.716,1583.088,1588.617,357.0,0.354,0.028,0.028,0.029,0.029,0.029,8.8,-3.8,0.566,-0.954,-8.9,0.508,0.508,-8.7,0.506,0.508,-8.9,0.502,0.508,-9.0,0.5,0.508,-9.0,0.499,0.508,0,-1.0,-29.114
20230301_0536,-4.82,149.59,597.0,TH.GRZ1.,50.691,12.22,121.969,1524.237,1538.053,1542.164,358.0,0.664,0.176,0.175,0.174,0.178,0.175,12.9,4.5,0.096,0.249,4.0,0.55,0.55,4.3,0.535,0.55,4.1,0.55,0.55,4.2,0.544,0.55,4.1,0.551,0.55,0,-1.0,-30.371
20230301_0536,-4.82,149.59,597.0,IV.AOI.,43.55,13.602,125.261,1545.278,1561.349,1566.157,359.0,4.11,0.517,0.489,0.507,0.516,0.515,2.2,2.1,0.85,0.832,2.0,0.913,0.913,2.1,0.921,0.913,1.9,0.92,0.913,1.8,0.921,0.913,1.9,0.921,0.913,1,0.0,-38.048
20230301_0536,-4.82,149.59,597.0,CR.ZAG.,45.829,15.994,122.62,1528.421,1542.667,1546.91,360.0,1.073,0.367,0.376,0.372,0.365,0.366,1.0,1.2,0.7,0.711,0.6,0.53,0.53,0.6,0.557,0.53,0.4,0.54,0.53,0.5,0.547,0.53,0.4,0.544,0.53,0,-1.0,-36.795
20230301_0536,-4.82,149.59,597.0,RD.ETSF.,42.899,-0.559,133.655,1597.351,1620.011,1626.945,361.0,6.002,0.606,0.562,0.565,0.562,0.566,1.1,1.1,0.924,0.906,-0.1,0.914,0.914,0.2,0.888,0.914,0.0,0.891,0.914,-0.1,0.895,0.914,-0.1,0.894,0.914,1,0.0,-30.18
20230301_0536,-4.82,149.59,597.0,TH.ZEITZ.,51.051,12.126,121.797,1523.129,1536.833,1540.909,362.0,0.461,0.021,0.022,0.024,0.024,0.025,7.8,-5.2,0.453,-0.881,2.8,0.453,0.453,3.0,0.453,0.453,2.8,0.452,0.453,2.9,0.453,0.453,2.8,0.454,0.453,0,-1.0,-29.993
20230301_0536,-4.82,149.59,597.0,EI.IWEX.,52.374,-6.774,128.599,1566.246,1584.807,1590.396,363.0,0.934,0.363,0.35,0.351,0.352,0.352,0.4,0.4,0.802,0.806,-0.5,0.899,0.899,-0.1,0.918,0.899,-0.2,0.921,0.899,-0.4,0.928,0.899,-0.4,0.927,0.899,0,-1.0,-18.218
20230301_0536,-4.82,149.59,597.0,MN.KEK.,39.713,19.796,122.976,1530.711,1545.196,1549.513,364.0,12.219,0.78,0.799,0.799,0.795,0.797,1.0,1.1,0.757,0.725,0.2,0.788,0.788,0.4,0.776,0.788,0.2,0.802,0.788,0.3,0.787,0.788,0.3,0.79,0.788,1,0.0,-44.781
20230301_0536,-4.82,149.59,597.0,FR.TURF.00,43.975,7.392,128.678,1566.743,1585.366,1590.974,365.0,1.779,0.365,0.361,0.38,0.387,0.379,1.2,1.4,0.729,0.714,0.5,0.884,0.884,0.6,0.891,0.884,0.3,0.897,0.884,0.3,0.904,0.884,0.4,0.9,0.884,0,-1.0,-34.353
20230301_0536,-4.82,149.59,597.0,FR.ARTF.00,43.587,5.805,129.811,1573.778,1593.284,1599.175,366.0,1.645,0.183,0.152,0.159,0.159,0.159,3.3,3.4,0.708,0.74,1.8,0.533,0.533,1.9,0.503,0.533,1.5,0.503,0.533,1.5,0.505,0.533,1.5,0.504,0.533,0,-1.0,-33.797
20230301_0536,-4.82,149.59,597.0,NA.SEUG.,17.478,-62.974,145.718,1668.159,1702.334,1713.23,367.0,2.505,0.309,0.267,0.29,0.298,0.283,2.0,2.0,0.834,0.911,1.5,0.713,0.713,1.9,0.821,0.713,1.1,0.843,0.713,1.2,0.834,0.713,1.5,0.826,0.713,0,-1.0,65.546
20230301_0536,-4.82,149.59,597.0,FR.LEMB.00,49.035,7.759,125.243,1545.167,1561.225,1566.029,368.0,2.72,0.518,0.528,0.536,0.531,0.533,1.4,1.5,0.864,0.891,1.2,0.822,0.822,1.3,0.824,0.822,1.1,0.826,0.822,1.1,0.823,0.822,1.1,0.825,0.822,1,0.0,-29.713
20230301_0536,-4.82,149.59,597.0,C1.CO05.,-29.919,-71.238,127.706,1560.671,1578.548,1583.92,369.0,0.917,-0.051,0.005,-0.008,-0.015,0.003,-3.8,-4.0,0.695,0.773,4.6,0.524,0.524,4.5,0.487,0.524,4.3,0.488,0.524,4.2,0.491,0.524,4.4,0.484,0.524,0,-1.0,134.351
20230301_0536,-4.82,149.59,597.0,IV.MTRZ.,44.313,11.425,126.153,1550.917,1567.633,1572.642,370.0,0.0,0.011,0.017,0.01,0.002,0.005,-16.0,-4.1,0.0,0.0,-16.0,0.0,0.0,-16.0,0.0,0.0,-16.0,0.0,0.0,-16.0,0.0,0.0,-16.0,0.0,0.0,0,-1.0,-36.197
20230301_0536,-4.82,149.59,597.0,EI.IGLA.,53.419,-9.375,128.444,1565.281,1583.723,1589.273,371.0,1.575,0.457,0.396,0.379,0.372,0.371,0.1,0.1,0.892,0.863,-1.0,0.875,0.875,-0.6,0.88,0.875,-0.8,0.887,0.875,-0.8,0.896,0.875,-0.8,0.895,0.875,0,-1.0,-15.821
20230301_0536,-4.82,149.59,597.0,HU.BEHE.,46.471,16.776,121.826,1523.312,1537.035,1541.117,372.0,1.273,0.315,0.313,0.327,0.322,0.323,1.4,1.7,0.758,0.679,1.0,0.759,0.759,1.1,0.764,0.759,0.9,0.771,0.759,1.0,0.765,0.759,1.0,0.768,0.759,0,-1.0,-36.476
20230301_0536,-4.82,149.59,597.0,C1.VA05.,-33.657,-71.614,125.272,1545.35,1561.429,1566.24,373.0,4.708,0.364,0.325,0.327,0.325,0.323,3.8,4.0,0.773,0.672,3.2,0.732,0.732,2.9,0.806,0.732,2.8,0.797,0.732,2.8,0.793,0.732,2.9,0.803,0.732,1,-1.0,137.884
20230301_0536,-4.82,149.59,597.0,TH.GLEI.,51.292,10.206,122.587,1528.214,1542.438,1546.675,374.0,2.163,0.286,0.315,0.311,0.325,0.312,8.2,-4.6,0.563,-0.83,-9.2,0.442,0.442,-9.0,0.446,0.442,-9.1,0.453,0.442,-9.0,0.454,0.442,-9.2,0.453,0.442,0,-1.0,-28.879
20230301_0536,-4.82,149.59,597.0,GR.RETHO.,52.738,9.361,122.045,1524.727,1538.593,1542.719,375.0,3.019,0.229,0.21,0.209,0.229,0.222,5.7,4.9,0.434,0.452,4.8,0.55,0.55,5.1,0.536,0.55,4.9,0.544,0.55,5.0,0.539,0.55,4.9,0.54,0.55,0,-1.0,-27.18
20230301_0536,-4.82,149.59,597.0,GR.GRA2.,49.654,11.358,123.038,1531.107,1545.633,1549.963,376.0,1.705,0.49,0.468,0.454,0.429,0.446,1.3,1.6,0.466,0.493,1.8,0.468,0.468,1.8,0.448,0.468,1.7,0.44,0.468,1.8,0.441,0.468,1.7,0.438,0.468,0,-1.0,-30.943
20230301_0536,-4.82,149.59,597.0,FR.SMPL.00,42.095,9.285,128.703,1566.894,1585.535,1591.149,377.0,1.384,0.217,0.199,0.184,0.174,0.184,0.9,-4.8,0.737,-0.626,-9.6,0.602,0.602,-9.3,0.609,0.602,-9.7,0.603,0.602,-9.6,0.604,0.602,-9.7,0.603,0.602,0,-1.0,-37.342
20230301_0536,-4.82,149.59,597.0,FR.MONQ.00,44.367,1.194,131.717,1585.528,1606.567,1612.96,378.0,1.499,0.467,0.408,0.438,0.455,0.452,1.0,1.3,0.911,0.905,0.6,0.937,0.937,0.9,0.939,0.937,0.7,0.94,0.937,0.6,0.943,0.937,0.6,0.944,0.937,0,-1.0,-30.056
20230301_0536,-4.82,149.59,597.0,CH.NALPS.,46.595,8.748,126.298,1551.831,1568.654,1573.696,379.0,3.402,0.507,0.515,0.533,0.528,0.529,2.0,2.3,0.68,0.64,1.8,0.779,0.779,1.8,0.778,0.779,1.6,0.771,0.779,1.5,0.774,0.779,1.6,0.774,0.779,1,0.0,-32.539
20230301_0536,-4.82,149.59,597.0,FR.RUSF.01,43.941,5.484,129.759,1573.459,1592.924,1598.802,380.0,2.349,0.405,0.352,0.382,0.385,0.39,2.4,2.7,0.901,0.9,1.7,0.855,0.855,1.9,0.849,0.855,1.6,0.845,0.855,1.6,0.847,0.855,1.5,0.849,0.855,1,0.0,-33.251
20230301_0536,-4.82,149.59,597.0,IV.BDI.,44.062,10.597,126.783,1554.884,1572.065,1577.22,381.0,1.805,0.335,0.329,0.354,0.372,0.355,0.5,0.4,0.872,0.832,0.1,0.528,0.528,0.2,0.553,0.528,0.0,0.549,0.528,0.0,0.553,0.528,0.0,0.549,0.528,0,-1.0,-36.026
20230301_0536,-4.82,149.59,597.0,BW.PART.,47.496,11.116,124.47,1540.257,1555.768,1560.402,382.0,4.989,0.658,0.643,0.646,0.645,0.648,-0.2,0.6,0.877,0.817,0.1,0.885,0.885,0.2,0.877,0.885,0.0,0.88,0.885,0.0,0.878,0.885,-0.1,0.879,0.885,1,0.0,-32.886
20230301_0536,-4.82,149.59,597.0,GU.RORO.,44.112,8.067,128.212,1563.836,1582.1,1587.594,383.0,1.787,0.18,0.191,0.179,0.167,0.17,-1.5,-1.5,0.683,0.631,-2.9,0.515,0.515,-2.7,0.546,0.515,-3.0,0.561,0.515,-3.0,0.57,0.515,-2.9,0.564,0.515,0,-1.0,-34.602
20230301_0536,-4.82,149.59,597.0,GU.IMI.,43.91,7.893,128.435,1565.225,1583.66,1589.208,384.0,0.959,0.177,0.153,0.162,0.17,0.166,1.6,-4.1,0.611,0.379,-5.5,0.519,0.519,-5.3,0.532,0.519,-5.5,0.549,0.519,-5.6,0.564,0.519,-5.6,0.559,0.519,0,-1.0,-34.705
20230301_0536,-4.82,149.59,597.0,GR.FBRG.,52.906,10.198,121.553,1521.551,1535.096,1539.124,385.0,0.834,0.174,0.201,0.205,0.196,0.197,6.3,1.1,0.677,0.189,6.3,0.568,0.568,6.4,0.576,0.568,6.2,0.58,0.568,6.3,0.585,0.568,6.3,0.58,0.568,0,-1.0,-27.422
20230301_0536,-4.82,149.59,597.0,NL.HRKB.,51.188,6.168,124.543,1540.717,1556.279,1560.928,386.0,2.161,0.495,0.539,0.527,0.522,0.523,-2.1,-1.6,0.691,0.693,-2.3,0.635,0.635,-2.2,0.623,0.635,-2.4,0.618,0.635,-2.4,0.614,0.635,-2.4,0.617,0.635,1,0.0,-26.942
20230301_0536,-4.82,149.59,597.0,CH.BAULM.,46.787,6.468,127.374,1558.595,1576.22,1581.513,387.0,1.26,0.212,0.32,0.316,0.313,0.311,-0.3,-0.4,0.752,0.778,-0.9,0.753,0.753,-0.7,0.762,0.753,-0.8,0.768,0.753,-0.9,0.77,0.753,-0.9,0.767,0.753,0,-1.0,-31.095
20230301_0536,-4.82,149.59,597.0,CH.ZUR.,47.369,8.581,125.9,1549.319,1565.85,1570.802,388.0,1.236,0.245,0.212,0.215,0.22,0.222,-2.3,1.9,0.568,0.449,1.9,0.606,0.606,1.9,0.63,0.606,1.8,0.625,0.606,1.8,0.629,0.606,1.8,0.627,0.606,0,-1.0,-31.708
20230301_0536,-4.82,149.59,597.0,BW.RNON.,47.741,12.867,123.371,1533.241,1547.993,1552.393,389.0,2.588,0.394,0.395,0.402,0.408,0.405,1.9,1.8,0.613,0.876,1.5,0.619,0.619,1.4,0.596,0.619,1.3,0.593,0.619,1.4,0.595,0.619,1.3,0.6,0.619,1,0.0,-33.488
20230301_0536,-4.82,149.59,597.0,IV.PESA.,43.941,12.84,125.515,1546.888,1563.141,1568.006,390.0,2.745,0.425,0.42,0.442,0.434,0.435,0.3,1.2,0.854,0.776,1.0,0.921,0.921,1.1,0.911,0.921,0.8,0.912,0.921,0.8,0.912,0.921,0.8,0.914,0.921,1,0.0,-37.28
20230301_0536,-4.82,149.59,597.0,SX.SCHF.,50.677,12.403,121.885,1523.693,1537.454,1541.548,391.0,2.005,0.298,0.345,0.344,0.343,0.345,-0.3,-3.1,0.689,-0.516,-7.6,0.499,0.499,-7.4,0.479,0.499,-7.5,0.49,0.499,-7.5,0.486,0.499,-7.5,0.491,0.499,0,-1.0,-30.467
20230301_0536,-4.82,149.59,597.0,GR.GRB5.,49.111,11.675,123.203,1532.166,1546.804,1551.168,392.0,1.821,0.362,0.372,0.392,0.405,0.399,1.3,1.1,0.889,0.906,0.8,0.841,0.841,1.0,0.839,0.841,0.8,0.834,0.841,0.8,0.834,0.841,0.8,0.832,0.841,0,-1.0,-31.607
20230301_0536,-4.82,149.59,597.0,OE.WATA.,47.336,11.576,124.315,1539.269,1554.672,1559.272,393.0,1.491,0.456,0.451,0.471,0.467,0.467,-4.1,1.5,0.565,0.663,1.3,0.784,0.784,1.4,0.778,0.784,1.2,0.788,0.784,1.2,0.792,0.784,1.2,0.788,0.784,0,-1.0,-33.267
20230301_0536,-4.82,149.59,597.0,SX.NEUB.,51.194,11.772,121.885,1523.695,1537.456,1541.55,394.0,3.025,0.472,0.5,0.504,0.507,0.506,0.0,0.3,0.556,0.544,5.2,0.741,0.741,5.3,0.732,0.741,5.3,0.732,0.741,5.3,0.742,0.741,5.2,0.736,0.741,1,0.0,-29.699
20230301_0536,-4.82,149.59,597.0,OE.MYKA.,46.63,13.642,123.565,1534.481,1549.366,1553.806,395.0,1.664,0.496,0.548,0.56,0.564,0.564,0.7,0.8,0.763,0.767,0.1,0.91,0.91,0.2,0.919,0.91,-0.1,0.919,0.91,0.0,0.917,0.91,0.0,0.918,0.91,0,-1.0,-34.942
20230301_0536,-4.82,149.59,597.0,IV.NRCA.,42.834,13.114,125.942,1549.59,1566.153,1571.114,396.0,6.269,0.599,0.577,0.596,0.596,0.596,1.1,1.3,0.918,0.927,0.7,0.851,0.851,0.9,0.844,0.851,0.5,0.846,0.851,0.6,0.847,0.851,0.6,0.849,0.851,1,0.0,-38.559
20230301_0536,-4.82,149.59,597.0,G.IVI.00,61.206,-48.171,122.054,1524.784,1538.656,1542.784,397.0,2.128,0.145,0.149,0.141,0.133,0.135,-2.4,-2.2,0.77,0.744,-2.7,0.64,0.64,-2.4,0.645,0.64,-2.5,0.642,0.64,-2.5,0.634,0.64,-2.5,0.641,0.64,0,-1.0,9.978
20230301_0536,-4.82,149.59,597.0,CX.PB01.,-21.043,-69.487,133.772,1598.06,1620.82,1627.788,398.0,2.288,0.179,0.136,0.153,0.159,0.139,1.9,-1.1,0.838,-0.88,-6.2,0.683,0.683,-6.4,0.586,0.683,-6.5,0.61,0.683,-6.5,0.622,0.683,-6.4,0.594,0.683,0,-1.0,125.581
20230301_0536,-4.82,149.59,597.0,CH.MFERR.,45.951,7.112,127.581,1559.889,1577.67,1583.012,399.0,3.068,0.291,0.286,0.304,0.309,0.309,2.3,2.6,0.7,0.704,2.1,0.709,0.709,2.4,0.729,0.709,2.2,0.737,0.709,2.1,0.74,0.709,2.1,0.737,0.709,0,-1.0,-32.257
20230301_0536,-4.82,149.59,597.0,BW.OBER.,47.407,10.293,124.968,1543.418,1559.279,1564.022,400.0,2.213,0.587,0.512,0.511,0.503,0.505,0.8,1.1,0.752,0.726,0.5,0.821,0.821,0.6,0.821,0.821,0.3,0.823,0.821,0.3,0.826,0.821,0.4,0.825,0.821,1,0.0,-32.561
20230301_0536,-4.82,149.59,597.0,GU.TRAV.,45.513,7.747,127.518,1559.498,1577.232,1582.559,401.0,2.871,0.48,0.474,0.503,0.505,0.501,1.6,1.7,0.922,0.914,1.0,0.964,0.964,1.1,0.971,0.964,0.9,0.972,0.964,0.9,0.973,0.964,0.9,0.972,0.964,1,0.0,-33.039
20230301_0536,-4.82,149.59,597.0,GU.ROTM.,44.849,8.353,127.598,1559.997,1577.792,1583.138,402.0,1.333,0.153,0.146,0.141,0.133,0.137,-4.3,-4.2,0.565,0.527,-4.8,0.524,0.524,-4.5,0.544,0.524,-4.7,0.542,0.524,-4.7,0.545,0.524,-4.8,0.542,0.524,0,-1.0,-34.029
20230301_0536,-4.82,149.59,597.0,GE.RUE.,52.476,13.78,120.122,1512.273,1524.909,1528.66,403.0,4.075,0.368,0.381,0.404,0.395,0.397,1.6,1.3,0.599,0.672,1.4,0.872,0.872,1.5,0.874,0.872,1.3,0.886,0.872,1.4,0.878,0.872,1.4,0.881,0.872,1,0.0,-29.395
20230301_0536,-4.82,149.59,597.0,CH.VDL.,46.483,9.449,125.989,1549.881,1566.477,1571.449,404.0,4.249,0.523,0.499,0.514,0.504,0.524,2.1,2.1,0.799,0.788,1.6,0.93,0.93,1.6,0.925,0.93,1.5,0.926,0.93,1.5,0.929,0.93,1.4,0.929,0.93,1,0.0,-33.019
20230301_0536,-4.82,149.59,597.0,RD.PGF.,42.548,8.999,128.609,1566.314,1584.883,1590.474,405.0,1.794,0.349,0.341,0.346,0.345,0.345,2.0,2.3,0.542,0.57,1.5,0.411,0.411,1.7,0.431,0.411,1.4,0.419,0.411,1.4,0.424,0.411,1.3,0.421,0.411,0,-1.0,-36.714
20230301_0536,-4.82,149.59,597.0,NA.SABN.,17.645,-63.241,145.425,1666.495,1700.361,1711.149,406.0,8.981,0.401,0.357,0.371,0.366,0.362,-6.5,4.7,0.659,-0.772,0.3,0.58,0.58,-6.9,0.649,0.58,-0.6,0.663,0.58,-7.4,0.623,0.58,-7.1,0.646,0.58,1,5.0,65.405
20230301_0536,-4.82,149.59,597.0,C1.BO03.,-34.496,-71.961,124.542,1540.711,1556.272,1560.922,407.0,0.834,0.154,0.015,0.037,0.053,0.02,2.7,-2.9,0.712,0.724,2.4,0.578,0.578,2.2,0.693,0.578,2.0,0.663,0.578,2.0,0.652,0.578,2.2,0.688,0.578,0,-1.0,138.492
20230301_0536,-4.82,149.59,597.0,C1.MT12.,-33.733,-70.549,125.935,1549.542,1566.1,1571.059,408.0,1.043,-0.042,0.081,0.07,0.044,0.074,-10.3,-5.9,0.625,-0.091,2.3,0.416,0.416,-11.0,0.497,0.416,-11.2,0.489,0.416,-11.0,0.476,0.416,-11.0,0.494,0.416,0,-1.0,138.619
20230301_0536,-4.82,149.59,597.0,C1.MT10.,-33.273,-70.537,126.222,1551.352,1568.119,1573.144,409.0,0.349,0.043,0.06,0.058,0.056,0.06,9.8,-4.0,0.551,-1.0,-8.9,0.48,0.48,-9.4,0.486,0.48,-9.5,0.484,0.48,-9.5,0.483,0.48,-9.4,0.487,0.48,0,-1.0,138.176
20230301_0536,-4.82,149.59,597.0,IV.TERO.,42.623,13.604,125.747,1548.358,1564.779,1569.696,410.0,0.89,0.262,0.258,0.253,0.248,0.251,0.3,0.7,0.667,0.64,0.0,0.875,0.875,0.1,0.863,0.875,-0.1,0.868,0.875,0.0,0.866,0.875,-0.1,0.869,0.875,0,-1.0,-39.015
20230301_0536,-4.82,149.59,597.0,IV.ATPC.,43.481,12.457,125.998,1549.942,1566.546,1571.519,411.0,3.672,0.594,0.597,0.624,0.619,0.618,1.4,1.5,0.968,0.967,1.2,0.935,0.935,1.3,0.943,0.935,1.0,0.941,0.935,1.0,0.942,0.935,1.0,0.94,0.935,1,0.0,-37.566
20230301_0536,-4.82,149.59,597.0,RD.EPF.,43.031,0.34,133.105,1594.005,1616.198,1622.975,412.0,1.61,0.44,0.466,0.464,0.46,0.461,-0.1,-1.2,0.705,0.472,0.1,0.404,0.404,0.1,0.396,0.404,0.0,0.4,0.404,0.0,0.388,0.404,-0.1,0.396,0.404,0,-1.0,-30.711
20230301_0536,-4.82,149.59,597.0,LU.EIF02.,49.834,6.392,125.37,1545.967,1562.116,1566.948,413.0,1.85,0.388,0.457,0.456,0.468,0.458,-2.0,-1.0,0.748,0.558,-2.1,0.661,0.661,-2.1,0.655,0.661,-2.2,0.652,0.661,-2.2,0.648,0.661,-2.3,0.651,0.661,0,-1.0,-28.257
20230301_0536,-4.82,149.59,597.0,ZC.ABDR.,18.812,-70.627,138.362,1625.539,1652.412,1660.774,414.0,0.418,0.077,0.062,0.057,0.06,0.062,13.1,4.6,0.428,-0.538,7.7,0.452,0.452,7.9,0.5,0.452,7.4,0.493,0.452,7.6,0.49,0.452,7.8,0.499,0.452,0,-1.0,66.824
20230301_0536,-4.82,149.59,597.0,GE.MARCO.,40.297,15.806,125.466,1546.576,1562.794,1567.648,415.0,7.866,0.506,0.486,0.49,0.47,0.48,1.4,1.3,0.77,0.803,0.7,0.889,0.889,0.9,0.88,0.889,0.6,0.893,0.889,0.7,0.886,0.889,0.6,0.89,0.889,1,0.0,-42.508
20230301_0536,-4.82,149.59,597.0,SX.MEINS.,50.732,12.881,121.61,1521.916,1535.498,1539.537,416.0,2.196,0.312,0.276,0.257,0.247,0.251,4.3,4.1,0.552,0.486,3.4,0.776,0.776,3.6,0.752,0.776,3.4,0.777,0.776,3.4,0.777,0.776,3.4,0.778,0.776,0,-1.0,-30.63
20230301_0536,-4.82,149.59,597.0,CH.BNALP.,46.87,8.425,126.297,1551.828,1568.651,1573.693,417.0,5.222,0.604,0.629,0.659,0.668,0.663,1.6,1.6,0.946,0.94,1.5,0.907,0.907,1.5,0.915,0.907,1.3,0.908,0.907,1.2,0.906,0.907,1.3,0.908,0.907,1,0.0,-32.101
20230301_0536,-4.82,149.59,597.0,IV.MESG.,40.589,17.85,123.948,1536.93,1552.078,1556.599,418.0,3.63,0.74,0.731,0.742,0.732,0.736,0.8,1.0,0.934,0.917,0.4,0.925,0.925,0.5,0.931,0.925,0.2,0.927,0.925,0.3,0.927,0.925,0.3,0.928,0.925,1,0.0,-43.065
20230301_0536,-4.82,149.59,597.0,IV.SSFR.,43.436,12.782,125.824,1548.843,1565.319,1570.254,419.0,0.991,0.373,0.353,0.375,0.367,0.368,1.4,1.3,0.946,0.945,1.0,0.924,0.924,1.2,0.928,0.924,0.9,0.929,0.924,0.9,0.931,0.924,0.9,0.93,0.924,0,-1.0,-37.772
20230301_0536,-4.82,149.59,597.0,GR.WET.,49.145,12.88,122.549,1527.967,1542.166,1546.395,420.0,2.367,0.771,0.744,0.734,0.729,0.733,0.1,0.2,0.927,0.943,-0.3,0.86,0.86,-0.1,0.886,0.86,-0.2,0.879,0.86,-0.2,0.879,0.86,-0.3,0.875,0.86,1,0.0,-32.136
20230301_0536,-4.82,149.59,597.0,FR.ISO.00,44.184,7.05,128.739,1567.121,1585.79,1591.413,421.0,1.261,0.25,0.27,0.287,0.286,0.278,1.1,1.2,0.781,0.775,1.3,0.665,0.665,1.4,0.67,0.665,1.2,0.662,0.665,1.2,0.657,0.665,1.2,0.659,0.665,0,-1.0,-33.947
20230301_0536,-4.82,149.59,597.0,IV.MRLC.,40.756,15.489,125.461,1546.546,1562.761,1567.613,422.0,3.17,0.435,0.417,0.425,0.407,0.421,2.8,-4.0,0.795,0.554,2.4,0.82,0.82,2.6,0.817,0.82,2.4,0.824,0.82,2.5,0.819,0.82,2.4,0.823,0.82,1,0.0,-41.871
20230301_0536,-4.82,149.59,597.0,FR.ATE.00,43.086,-0.701,133.589,1596.951,1619.555,1626.47,423.0,2.324,0.425,0.396,0.407,0.421,0.417,2.5,2.1,0.732,0.605,2.0,0.753,0.753,2.3,0.723,0.753,2.2,0.731,0.753,2.0,0.732,0.753,2.0,0.731,0.753,1,0.0,-29.899
20230301_0536,-4.82,149.59,597.0,FR.BSTF.00,43.801,5.643,129.763,1573.48,1592.948,1598.826,424.0,1.196,0.268,0.289,0.311,0.316,0.317,0.8,2.6,0.627,0.373,1.5,0.88,0.88,1.6,0.875,0.88,1.3,0.872,0.88,1.2,0.87,0.88,1.2,0.872,0.88,0,-1.0,-33.487
20230301_0536,-4.82,149.59,597.0,CH.GRYON.,46.251,7.111,127.388,1558.684,1576.32,1581.616,425.0,3.353,0.484,0.433,0.447,0.444,0.443,1.3,1.6,0.92,0.945,0.9,0.801,0.801,1.1,0.81,0.801,0.9,0.819,0.801,0.9,0.82,0.801,0.9,0.817,0.801,1,0.0,-31.969
20230301_0536,-4.82,149.59,597.0,OE.RONA.,47.7,16.296,121.468,1521.004,1534.495,1538.506,426.0,3.697,0.453,0.448,0.464,0.457,0.458,1.5,1.6,0.601,0.596,1.2,0.896,0.896,1.2,0.891,0.896,1.1,0.898,0.896,1.1,0.892,0.896,1.1,0.895,0.896,1,0.0,-35.044
20230301_0536,-4.82,149.59,597.0,ZC.SC01.00,19.427,-70.728,138.113,1624.065,1650.706,1658.989,427.0,0.348,-0.001,-0.006,-0.004,-0.004,-0.005,4.7,-4.5,0.734,-0.796,7.2,0.204,0.204,6.7,0.243,0.204,6.4,0.281,0.204,6.5,0.27,0.204,6.7,0.258,0.204,0,-1.0,65.966
20230301_0536,-4.82,149.59,597.0,C1.MT15.,-33.599,-70.506,126.044,1550.231,1566.868,1571.853,428.0,1.042,0.13,0.151,0.111,0.059,0.128,0.2,-3.5,0.665,-0.765,0.1,0.754,0.754,-0.1,0.677,0.754,-0.4,0.664,0.754,-0.3,0.655,0.754,-0.2,0.671,0.754,0,-1.0,138.515
20230301_0536,-4.82,149.59,597.0,NL.HGN.02,50.764,5.932,124.944,1543.266,1559.11,1563.848,429.0,2.236,0.414,0.434,0.444,0.469,0.449,0.2,0.1,0.823,0.871,-0.2,0.878,0.878,-0.2,0.887,0.878,-0.3,0.882,0.878,-0.3,0.882,0.878,-0.4,0.88,0.878,1,0.0,-27.186
20230301_0536,-4.82,149.59,597.0,LD.MMNY.,42.732,-77.907,123.473,1533.892,1548.714,1553.135,430.0,2.335,0.259,0.238,0.209,0.209,0.209,-0.5,-0.5,0.667,0.578,5.0,0.663,0.663,4.8,0.707,0.663,4.6,0.693,0.663,4.7,0.697,0.663,4.6,0.698,0.663,0,-1.0,40.463
20230301_0536,-4.82,149.59,597.0,IV.CRE.,43.619,11.952,126.228,1551.392,1568.164,1573.19,431.0,1.874,0.482,0.501,0.514,0.514,0.514,0.3,0.9,0.895,0.816,0.3,0.861,0.861,0.4,0.864,0.861,0.2,0.867,0.861,0.1,0.865,0.861,0.2,0.867,0.861,0,-1.0,-37.172
20230301_0536,-4.82,149.59,597.0,OE.SOKA.,46.678,15.033,122.739,1529.187,1543.512,1547.78,432.0,10.731,0.55,0.518,0.552,0.544,0.549,1.0,1.5,0.731,0.708,0.7,0.878,0.878,0.9,0.883,0.878,0.7,0.895,0.878,0.9,0.888,0.878,0.8,0.891,0.878,1,0.0,-35.521
20230301_0536,-4.82,149.59,597.0,LD.BRNY.,41.414,-74.012,126.637,1553.965,1571.038,1576.158,433.0,0.346,0.022,0.028,0.03,0.033,0.03,10.0,-4.1,0.548,-0.997,-8.8,0.527,0.527,-8.9,0.523,0.527,-9.3,0.526,0.527,-9.2,0.526,0.527,-9.2,0.524,0.527,0,-1.0,40.093
20230301_0536,-4.82,149.59,597.0,BW.GRMB.,48.141,11.264,124.005,1537.289,1552.476,1557.01,434.0,2.161,0.442,0.478,0.495,0.499,0.49,0.7,0.9,0.809,0.817,0.1,0.856,0.856,0.1,0.844,0.856,0.0,0.841,0.856,0.0,0.845,0.856,-0.1,0.846,0.856,1,0.0,-32.336
20230301_0536,-4.82,149.59,597.0,CX.PX06.,-23.512,-70.25,131.919,1586.768,1607.974,1614.422,435.0,1.013,0.179,0.121,0.129,0.132,0.122,2.1,2.1,0.942,0.915,2.0,0.743,0.743,0.4,0.897,0.743,0.5,0.911,0.743,0.6,0.914,0.743,0.4,0.9,0.743,0,-1.0,127.991
20230301_0536,-4.82,149.59,597.0,IV.BRMO.,46.476,10.372,125.488,1546.716,1562.95,1567.809,436.0,4.926,0.652,0.624,0.65,0.648,0.657,1.1,1.6,0.792,0.73,1.1,0.932,0.932,1.1,0.929,0.932,0.9,0.932,0.932,0.9,0.934,0.932,0.8,0.933,0.932,1,0.0,-33.505
20230301_0536,-4.82,149.59,597.0,C1.TA01.,-20.566,-70.181,133.438,1596.031,1618.506,1625.378,437.0,1.114,0.179,0.206,0.202,0.202,0.205,-0.1,0.0,0.514,0.512,-1.0,0.429,0.429,-1.1,0.419,0.429,-1.5,0.419,0.429,-1.4,0.416,0.429,-1.1,0.418,0.429,0,-1.0,124.566
20230301_0536,-4.82,149.59,597.0,CH.SALEV.,46.06,6.097,128.045,1562.792,1580.928,1586.381,438.0,1.666,0.272,0.265,0.263,0.268,0.26,0.7,0.6,0.703,0.764,-0.4,0.844,0.844,-0.2,0.864,0.844,-0.4,0.87,0.844,-0.4,0.872,0.844,-0.5,0.87,0.844,0,-1.0,-31.569
20230301_0536,-4.82,149.59,597.0,FR.CALF.01,43.753,6.922,129.082,1569.254,1588.189,1593.896,439.0,2.125,0.322,0.315,0.322,0.327,0.322,-4.9,0.3,0.705,0.56,0.0,0.63,0.63,0.2,0.638,0.63,0.0,0.62,0.63,0.0,0.615,0.63,-0.1,0.618,0.63,1,0.0,-34.3
20230301_0536,-4.82,149.59,597.0,GE.MTE.,40.4,-7.544,138.91,1628.775,1656.162,1664.699,440.0,2.577,0.389,0.293,0.308,0.322,0.315,3.6,3.9,0.752,0.596,3.3,0.808,0.808,3.6,0.757,0.808,3.3,0.757,0.808,3.1,0.756,0.808,3.2,0.754,0.808,0,-1.0,-26.64
20230301_0536,-4.82,149.59,597.0,GR.GTTG.,51.546,9.964,122.54,1527.913,1542.106,1546.333,441.0,1.771,0.634,0.626,0.604,0.589,0.595,-0.1,0.0,0.8,0.793,-0.8,0.723,0.723,-0.5,0.755,0.723,-0.6,0.755,0.723,-0.6,0.753,0.723,-0.6,0.755,0.723,0,-1.0,-28.533
20230301_0536,-4.82,149.59,597.0,FR.CLEV.00,48.549,1.389,128.58,1566.13,1584.677,1590.26,442.0,2.462,0.49,0.469,0.48,0.485,0.485,1.2,1.4,0.895,0.899,0.6,0.902,0.902,0.8,0.922,0.902,0.7,0.924,0.902,0.6,0.927,0.902,0.6,0.925,0.902,1,0.0,-26.457
20230301_0536,-4.82,149.59,597.0,WM.SFS.,36.466,-6.206,141.339,1643.008,1672.73,1682.069,443.0,0.819,0.129,0.122,0.137,0.164,0.151,2.7,2.6,0.823,0.835,2.0,0.92,0.92,2.6,0.892,0.92,2.3,0.897,0.92,2.1,0.884,0.92,2.3,0.89,0.92,0,-1.0,-31.699
20230301_0536,-4.82,149.59,597.0,GR.FUR.,48.164,11.277,123.983,1537.154,1552.327,1556.856,444.0,2.26,0.55,0.596,0.606,0.606,0.605,0.8,1.1,0.918,0.913,0.3,0.853,0.853,0.4,0.855,0.853,0.2,0.851,0.853,0.3,0.851,0.853,0.2,0.854,0.853,1,0.0,-32.321
20230301_0536,-4.82,149.59,597.0,NL.TERZ.00,50.757,5.906,124.96,1543.371,1559.228,1563.969,445.0,2.521,0.468,0.429,0.423,0.425,0.421,-0.1,-0.1,0.86,0.858,-0.7,0.817,0.817,-0.6,0.832,0.817,-0.8,0.828,0.817,-0.8,0.828,0.817,-0.8,0.827,0.817,1,0.0,-27.178
20230301_0536,-4.82,149.59,597.0,EI.DSB.,53.245,-6.376,127.727,1560.807,1578.7,1584.077,446.0,1.632,0.42,0.419,0.419,0.411,0.408,-0.3,4.0,0.773,-0.415,-1.1,0.726,0.726,-0.7,0.701,0.726,-0.8,0.707,0.726,-0.9,0.71,0.726,-0.9,0.71,0.726,0,-1.0,-17.917
20230301_0536,-4.82,149.59,597.0,LU.ARSD.,49.864,5.857,125.6,1547.425,1563.739,1568.623,447.0,2.204,0.476,0.339,0.346,0.347,0.355,1.1,1.4,0.916,0.904,1.0,0.884,0.884,1.1,0.887,0.884,1.0,0.884,0.884,0.9,0.882,0.884,0.8,0.885,0.884,1,0.0,-27.938
20230301_0536,-4.82,149.59,597.0,IV.ESLN.,37.693,14.974,127.241,1557.764,1575.289,1580.55,448.0,3.635,0.521,0.517,0.52,0.522,0.518,-1.3,-4.8,0.675,-0.722,-9.3,0.672,0.672,-9.0,0.654,0.672,-9.3,0.657,0.672,-9.2,0.656,0.672,-9.2,0.656,0.672,1,0.0,-44.995
20230301_0536,-4.82,149.59,597.0,LU.KLB.,50.1,6.109,125.32,1545.654,1561.767,1566.589,449.0,3.041,0.583,0.617,0.623,0.624,0.624,0.6,0.5,0.898,0.876,0.3,0.901,0.901,0.4,0.896,0.901,0.3,0.893,0.901,0.2,0.891,0.901,0.2,0.892,0.901,1,0.0,-27.867
20230301_0536,-4.82,149.59,597.0,CH.GIMEL.,46.534,6.265,127.645,1560.295,1578.126,1583.483,450.0,1.952,0.399,0.434,0.45,0.465,0.459,0.8,1.1,0.923,0.941,0.1,0.902,0.902,0.3,0.912,0.902,0.1,0.919,0.902,0.1,0.92,0.902,0.1,0.919,0.902,0,-1.0,-31.217
20230301_0536,-4.82,149.59,597.0,ML.MSDA.,35.901,14.484,128.395,1564.977,1583.381,1588.919,451.0,6.364,0.732,0.73,0.72,0.717,0.719,-1.0,-0.6,0.637,0.624,-0.3,0.383,0.383,-0.1,0.419,0.383,-0.4,0.394,0.383,-0.3,0.392,0.383,-0.3,0.396,0.383,0,-1.0,-46.793
20230301_0536,-4.82,149.59,597.0,NU.CRIN.,12.697,-87.021,123.603,1534.724,1549.635,1554.083,452.0,4.855,0.519,0.515,0.465,0.494,0.512,0.3,0.4,0.967,0.964,0.0,0.836,0.836,-0.5,0.85,0.836,-0.9,0.87,0.836,-0.6,0.859,0.836,-0.4,0.854,0.836,1,2.0,77.965
20230301_0536,-4.82,149.59,597.0,BW.BGDS.,47.635,13.028,123.343,1533.061,1547.795,1552.188,453.0,2.095,0.388,0.378,0.393,0.401,0.395,0.5,0.8,0.746,0.818,0.5,0.581,0.581,0.5,0.562,0.581,0.4,0.549,0.581,0.4,0.551,0.581,0.4,0.547,0.581,1,0.0,-33.666
20230301_0536,-4.82,149.59,597.0,SL.ZAVS.,46.434,15.025,122.874,1530.055,1544.471,1548.766,454.0,2.094,0.511,0.508,0.529,0.528,0.526,1.3,1.6,0.891,0.909,0.9,0.912,0.912,1.0,0.916,0.912,0.8,0.919,0.912,0.9,0.918,0.912,0.9,0.918,0.912,1,0.0,-35.762
20230301_0536,-4.82,149.59,597.0,GE.WLF.,49.665,6.153,125.598,1547.413,1563.726,1568.61,455.0,2.944,0.307,0.34,0.363,0.38,0.372,1.2,1.7,0.907,0.901,1.1,0.698,0.698,1.2,0.714,0.698,1.1,0.709,0.698,1.0,0.708,0.698,1.0,0.709,0.698,1,0.0,-28.278
20230301_0536,-4.82,149.59,597.0,ZC.CADR.,19.667,-69.94,138.765,1627.92,1655.171,1663.661,456.0,0.361,0.006,-0.009,-0.009,-0.009,-0.009,4.5,-4.7,0.702,-0.747,7.3,0.252,0.252,6.7,0.237,0.252,6.4,0.271,0.252,6.5,0.261,0.252,6.6,0.247,0.252,0,-1.0,65.312
20230301_0536,-4.82,149.59,597.0,C1.AC04.,-28.205,-71.074,128.785,1567.409,1586.114,1591.748,457.0,1.762,0.099,0.046,0.059,0.071,0.046,-6.8,2.8,0.476,0.321,-8.0,0.625,0.625,-8.3,0.66,0.625,-8.5,0.649,0.625,-8.4,0.648,0.625,-8.4,0.658,0.625,0,-1.0,132.654
20230301_0536,-4.82,149.59,597.0,GR.MILB.,49.828,9.292,123.97,1537.068,1552.231,1556.757,458.0,5.077,0.64,0.583,0.58,0.576,0.578,0.3,0.6,0.649,0.635,0.0,0.776,0.776,0.1,0.776,0.776,0.0,0.763,0.776,-0.1,0.761,0.776,-0.1,0.762,0.776,1,0.0,-29.773
20230301_0536,-4.82,149.59,597.0,TH.NEUST.,51.578,10.864,122.089,1525.006,1538.901,1543.036,459.0,3.039,0.462,0.48,0.473,0.486,0.481,-0.1,4.9,0.511,0.447,4.8,0.771,0.771,5.0,0.765,0.771,4.9,0.769,0.771,5.0,0.767,0.771,5.0,0.762,0.771,1,0.0,-28.928
20230301_0536,-4.82,149.59,597.0,GR.GRB1.,49.39,11.651,123.048,1531.168,1545.701,1550.033,460.0,2.661,0.467,0.482,0.489,0.49,0.49,0.8,1.2,0.658,0.653,1.3,0.645,0.645,1.4,0.627,0.645,1.3,0.626,0.645,1.3,0.628,0.645,1.3,0.624,0.645,1,0.0,-31.331
20230301_0536,-4.82,149.59,597.0,CR.MOSL.,45.613,16.754,122.273,1526.192,1540.207,1544.38,461.0,0.337,0.111,0.108,0.116,0.119,0.117,-5.0,-1.7,0.418,-0.958,-5.6,0.764,0.764,-5.4,0.785,0.764,-5.6,0.79,0.764,-5.5,0.787,0.764,-5.5,0.788,0.764,0,-1.0,-37.338
20230301_0536,-4.82,149.59,597.0,GE.WIN.,-22.569,17.091,126.113,1550.666,1567.353,1572.353,462.0,1.48,0.19,0.228,0.227,0.229,0.23,-5.9,-5.5,0.75,0.779,-6.4,0.704,0.704,-6.3,0.736,0.704,-6.6,0.662,0.704,-6.4,0.686,0.704,-6.3,0.719,0.704,0,-1.0,-122.65
20230301_0536,-4.82,149.59,597.0,C1.BI04.,-38.412,-73.886,120.956,1517.692,1530.854,1534.765,463.0,0.345,-0.007,-0.017,-0.015,-0.012,-0.016,-11.8,0.6,0.214,-0.995,-8.9,0.502,0.502,-9.1,0.552,0.502,-9.2,0.542,0.502,-9.2,0.522,0.502,-9.2,0.541,0.502,0,-1.0,141.094
20230301_0536,-4.82,149.59,597.0,FR.WLS.00,48.413,7.354,125.854,1549.032,1565.53,1570.472,464.0,1.806,0.281,0.234,0.247,0.255,0.253,2.2,2.2,0.8,0.85,1.9,0.81,0.81,2.0,0.824,0.81,1.8,0.821,0.81,1.8,0.817,0.81,1.8,0.819,0.81,0,-1.0,-30.07
20230301_0536,-4.82,149.59,597.0,BW.LAEN.,50.183,12.186,122.293,1526.325,1540.354,1544.531,465.0,1.932,0.506,0.55,0.544,0.54,0.54,0.1,0.5,0.769,0.649,-0.1,0.745,0.745,-0.1,0.772,0.745,-0.1,0.772,0.745,-0.1,0.777,0.745,-0.1,0.775,0.745,0,-1.0,-30.832
20230301_0536,-4.82,149.59,597.0,CR.DBRK.,42.669,18.147,122.813,1529.661,1544.036,1548.319,466.0,5.03,0.688,0.686,0.696,0.688,0.69,0.9,1.1,0.908,0.924,0.5,0.799,0.799,0.6,0.836,0.799,0.4,0.841,0.799,0.5,0.835,0.799,0.5,0.837,0.799,1,0.0,-40.967
20230301_0536,-4.82,149.59,597.0,CH.SULZ.,47.528,8.112,126.043,1550.225,1566.862,1571.846,467.0,2.46,0.381,0.398,0.413,0.423,0.419,0.6,0.6,0.803,0.841,0.2,0.907,0.907,0.3,0.908,0.907,0.1,0.903,0.907,0.0,0.906,0.907,0.1,0.905,0.907,1,0.0,-31.306
20230301_0536,-4.82,149.59,597.0,C1.BI05.,-36.748,-73.191,122.395,1526.978,1541.075,1545.272,468.0,0.662,0.187,0.064,0.087,0.11,0.074,-2.6,-2.5,0.375,0.425,-3.0,0.631,0.631,-3.5,0.708,0.631,-3.6,0.715,0.631,-3.5,0.717,0.631,-3.5,0.715,0.631,0,-1.0,139.926
20230301_0536,-4.82,149.59,597.0,FR.ARBF.00,43.492,5.332,130.134,1575.78,1595.542,1601.516,469.0,1.02,0.084,0.083,0.082,0.071,0.083,-1.8,3.2,0.831,0.698,2.5,0.642,0.642,2.7,0.637,0.642,2.4,0.626,0.642,2.3,0.633,0.642,2.3,0.635,0.642,0,-1.0,-33.601
20230301_0536,-4.82,149.59,597.0,C1.MT05.,-33.392,-70.738,126.016,1550.054,1566.671,1571.649,470.0,1.02,0.046,0.107,0.06,0.02,0.084,-1.3,1.6,0.863,-0.914,-1.9,0.621,0.621,-2.6,0.699,0.621,-2.7,0.726,0.621,-2.6,0.74,0.621,-2.5,0.708,0.621,0,-1.0,138.166
20230301_0536,-4.82,149.59,597.0,C1.MT07.,-32.976,-71.016,126.08,1550.457,1567.12,1572.113,471.0,1.181,0.208,0.321,0.319,0.312,0.322,1.3,-1.6,0.877,-0.485,1.2,0.694,0.694,-6.4,0.746,0.694,-6.4,0.748,0.694,-6.4,0.744,0.694,-6.3,0.746,0.694,0,-1.0,137.583
20230301_0536,-4.82,149.59,597.0,IV.CESX.,42.608,12.587,126.39,1552.415,1569.306,1574.369,472.0,3.243,0.556,0.556,0.571,0.583,0.577,0.3,0.4,0.945,0.943,0.0,0.822,0.822,0.1,0.825,0.822,-0.2,0.819,0.822,-0.2,0.819,0.822,-0.1,0.82,0.822,1,0.0,-38.537
20230301_0536,-4.82,149.59,597.0,CH.DAGMA.,47.231,8.012,126.285,1551.75,1568.563,1573.603,473.0,1.603,0.144,0.202,0.192,0.194,0.181,-1.2,-1.0,0.79,0.841,-1.5,0.702,0.702,-1.5,0.704,0.702,-1.7,0.701,0.702,-1.7,0.706,0.702,-1.8,0.705,0.702,0,-1.0,-31.534
20230301_0536,-4.82,149.59,597.0,FR.DOU.00,50.096,4.595,126.019,1550.075,1566.694,1571.673,474.0,1.961,0.474,0.357,0.356,0.345,0.357,0.6,0.8,0.824,0.831,0.7,0.81,0.81,0.8,0.818,0.81,0.6,0.82,0.81,0.6,0.817,0.81,0.6,0.82,0.81,0,-1.0,-27.033
20230301_0536,-4.82,149.59,597.0,CH.FUORN.,46.62,10.264,125.461,1546.544,1562.758,1567.611,475.0,4.583,0.525,0.526,0.551,0.551,0.55,1.3,1.5,0.703,0.67,0.9,0.896,0.896,0.9,0.889,0.896,0.6,0.894,0.896,0.7,0.896,0.896,0.7,0.896,0.896,1,0.0,-33.309
20230301_0536,-4.82,149.59,597.0,GE.FALKS.,51.682,11.266,121.83,1523.338,1537.063,1541.146,476.0,1.816,0.62,0.602,0.584,0.574,0.578,0.1,0.1,0.801,0.808,-0.1,0.78,0.78,0.0,0.793,0.78,0.0,0.787,0.78,-0.1,0.786,0.78,-0.1,0.787,0.78,0,-1.0,-29.018
20230301_0536,-4.82,149.59,597.0,CH.METMA.,47.712,8.253,125.852,1549.018,1565.515,1570.456,477.0,2.062,0.354,0.396,0.422,0.434,0.428,1.1,1.5,0.887,0.879,1.2,0.827,0.827,1.2,0.843,0.827,1.0,0.843,0.827,1.0,0.84,0.827,1.0,0.84,0.827,1,0.0,-31.208
20230301_0536,-4.82,149.59,597.0,NL.OPLO.01,51.589,5.812,124.423,1539.953,1555.43,1560.054,478.0,1.362,0.45,0.392,0.39,0.375,0.385,0.9,0.9,0.843,0.906,0.3,0.854,0.854,0.4,0.861,0.854,0.3,0.86,0.854,0.3,0.857,0.854,0.2,0.856,0.854,0,-1.0,-26.406
20230301_0536,-4.82,149.59,597.0,CH.BERGE.,47.872,8.178,125.788,1548.615,1565.066,1569.992,479.0,2.015,0.557,0.494,0.499,0.493,0.493,2.0,2.0,0.681,0.714,2.2,0.704,0.704,2.2,0.719,0.704,2.0,0.725,0.704,2.0,0.723,0.704,2.0,0.723,0.704,1,0.0,-31.017
20230301_0536,-4.82,149.59,597.0,TH.KAMM.,51.048,12.431,121.647,1522.157,1535.763,1539.809,480.0,0.331,0.005,0.003,0.003,0.005,0.004,-12.8,2.9,0.115,-0.939,-8.5,0.499,0.499,-8.4,0.52,0.499,-8.6,0.518,0.499,-8.5,0.523,0.499,-8.6,0.517,0.499,0,-1.0,-30.133
20230301_0536,-4.82,149.59,597.0,WI.ILAM.00,14.774,-60.875,148.421,1683.38,1720.44,1732.371,481.0,2.116,0.103,0.021,0.07,0.053,0.035,-7.9,-0.8,0.683,-0.207,1.7,0.549,0.549,-6.0,0.682,0.549,-6.4,0.723,0.549,-6.3,0.709,0.549,-6.1,0.695,0.549,0,-1.0,69.254
20230301_0536,-4.82,149.59,597.0,BW.HROE.,50.537,10.157,123.092,1531.451,1546.014,1550.355,482.0,3.763,0.573,0.599,0.603,0.606,0.604,-0.2,-0.1,0.77,0.768,-0.5,0.68,0.68,-0.4,0.699,0.68,-0.4,0.695,0.68,-0.4,0.691,0.68,-0.4,0.694,0.68,1,0.0,-29.546
20230301_0536,-4.82,149.59,597.0,FR.SALF.00,42.759,1.188,132.859,1592.51,1614.497,1621.205,483.0,1.574,0.372,0.323,0.332,0.338,0.335,2.0,2.0,0.906,0.906,0.5,0.811,0.811,0.6,0.794,0.811,0.4,0.8,0.811,0.4,0.797,0.811,0.3,0.8,0.811,0,-1.0,-31.576
20230301_0536,-4.82,149.59,597.0,C1.TA02.,-20.271,-70.131,133.619,1597.135,1619.765,1626.688,484.0,0.351,0.057,0.067,0.068,0.068,0.067,6.6,-4.3,0.783,-0.92,6.9,0.378,0.378,6.5,0.406,0.378,6.3,0.392,0.378,6.3,0.393,0.378,6.5,0.403,0.378,0,-1.0,124.24
20230301_0536,-4.82,149.59,597.0,IV.TOLF.,42.064,12.0,127.049,1556.555,1573.935,1579.151,485.0,1.991,0.526,0.506,0.53,0.529,0.528,1.2,1.2,0.838,0.803,0.8,0.912,0.912,0.9,0.915,0.912,0.7,0.918,0.912,0.7,0.917,0.912,0.7,0.918,0.912,0,-1.0,-38.813
20230301_0536,-4.82,149.59,597.0,PR.OBIP.,18.043,-66.606,142.244,1648.259,1678.874,1688.524,486.0,0.815,0.207,0.154,0.079,0.106,0.136,-7.9,-4.1,0.69,-0.749,-8.3,0.476,0.476,-1.3,0.671,0.476,-1.6,0.583,0.476,-1.5,0.609,0.476,-1.4,0.644,0.476,0,-1.0,66.38
20230301_0536,-4.82,149.59,597.0,GR.GEC2.,48.844,13.701,122.284,1526.262,1540.286,1544.46,487.0,5.649,0.589,0.542,0.544,0.533,0.55,2.0,1.8,0.657,0.75,1.1,0.865,0.865,1.3,0.86,0.865,1.2,0.862,0.865,1.3,0.861,0.865,1.2,0.868,0.865,1,0.0,-32.797
20230301_0536,-4.82,149.59,597.0,CH.MUTEZ.,47.506,7.649,126.296,1551.82,1568.641,1573.683,488.0,1.544,0.25,0.314,0.325,0.332,0.317,-6.8,-3.7,0.733,-0.586,-0.6,0.573,0.573,-0.5,0.576,0.573,-0.6,0.565,0.573,-0.7,0.558,0.573,-0.7,0.56,0.573,0,-1.0,-31.076
20230301_0536,-4.82,149.59,597.0,LD.NCB.,43.973,-74.223,125.157,1544.617,1560.614,1565.398,489.0,2.263,0.49,0.438,0.468,0.479,0.47,1.6,1.6,0.722,0.729,1.3,0.795,0.795,1.3,0.823,0.795,1.2,0.828,0.795,1.1,0.833,0.795,1.2,0.83,0.795,1,1.0,37.517
20230301_0536,-4.82,149.59,597.0,TH.WARTH.,50.845,10.318,122.817,1529.692,1544.07,1548.354,490.0,3.728,0.492,0.492,0.483,0.48,0.483,-0.7,-0.2,0.683,0.632,3.9,0.479,0.479,-1.1,0.433,0.479,4.0,0.43,0.479,4.0,0.438,0.479,4.0,0.432,0.479,0,-1.0,-29.341
20230301_0536,-4.82,149.59,597.0,CH.SLE.,47.764,8.492,125.695,1548.023,1564.406,1569.311,491.0,1.931,0.471,0.478,0.497,0.502,0.502,1.5,1.3,0.696,0.669,1.5,0.618,0.618,1.5,0.639,0.618,1.4,0.637,0.618,1.3,0.632,0.618,1.3,0.636,0.618,0,-1.0,-31.286
20230301_0536,-4.82,149.59,597.0,ZC.SODR.,19.752,-70.576,138.165,1624.372,1651.063,1659.362,492.0,2.94,0.348,0.309,0.377,0.351,0.329,1.5,1.6,0.887,0.888,0.9,0.603,0.603,1.0,0.721,0.603,0.5,0.724,0.603,0.7,0.706,0.603,0.8,0.715,0.603,1,5.0,65.437
20230301_0536,-4.82,149.59,597.0,BW.BIB.,48.152,11.247,124.006,1537.3,1552.488,1557.022,493.0,1.134,0.155,0.143,0.145,0.146,0.146,2.0,1.1,0.729,0.665,4.5,0.42,0.42,4.4,0.406,0.42,4.3,0.406,0.42,4.3,0.41,0.42,4.3,0.404,0.42,0,-1.0,-32.317
20230301_0536,-4.82,149.59,597.0,IV.HVZN.,37.178,14.715,127.658,1560.374,1578.214,1583.574,494.0,7.16,0.698,0.687,0.702,0.695,0.695,0.8,0.2,0.811,0.68,0.2,0.829,0.829,0.5,0.836,0.829,0.2,0.836,0.829,0.3,0.831,0.829,0.3,0.832,0.829,1,0.0,-45.453
20230301_0536,-4.82,149.59,597.0,CH.VINZL.,46.452,6.278,127.693,1560.592,1578.458,1583.827,495.0,0.836,0.24,0.262,0.274,0.281,0.267,-0.6,-1.2,0.957,0.885,-1.3,0.678,0.678,-1.2,0.683,0.678,-1.3,0.694,0.678,-1.3,0.697,0.678,-1.4,0.691,0.678,0,-1.0,-31.302
20230301_0536,-4.82,149.59,597.0,MN.BLY.,44.749,17.184,122.439,1527.263,1541.389,1545.595,496.0,2.982,0.681,0.638,0.653,0.636,0.642,1.4,1.5,0.889,0.888,0.9,0.902,0.902,1.1,0.92,0.902,0.8,0.925,0.902,0.9,0.922,0.902,0.9,0.922,0.902,1,0.0,-38.403
20230301_0536,-4.82,149.59,597.0,CH.CHASS.,47.161,7.121,126.792,1554.944,1572.132,1577.289,497.0,4.324,0.461,0.45,0.441,0.435,0.438,-0.6,-0.1,0.681,0.602,-0.7,0.587,0.587,-0.5,0.625,0.587,-0.7,0.62,0.587,-0.7,0.62,0.587,-0.7,0.62,0.587,1,0.0,-31.11
20230301_0536,-4.82,149.59,597.0,PM.ROSA.,38.721,-28.247,146.042,1669.997,1704.513,1715.531,498.0,1.601,0.134,0.115,0.115,0.123,0.119,-3.4,-3.4,0.725,0.779,-3.9,0.432,0.432,-3.8,0.513,0.432,-3.9,0.515,0.432,-4.2,0.515,0.432,-4.2,0.521,0.432,0,-1.0,-2.996
20230301_0536,-4.82,149.59,597.0,IV.QLNO.,44.324,8.346,127.924,1562.038,1580.081,1585.506,499.0,2.842,0.251,0.295,0.328,0.338,0.327,2.5,2.9,0.661,0.636,2.3,0.899,0.899,2.4,0.905,0.899,2.1,0.904,0.899,2.1,0.906,0.899,2.2,0.904,0.899,0,-1.0,-34.547
20230301_0536,-4.82,149.59,597.0,SI.MOSI.,46.616,10.55,125.306,1545.565,1561.668,1566.487,500.0,1.907,0.496,0.489,0.503,0.506,0.504,0.9,1.1,0.667,0.636,0.3,0.878,0.878,0.4,0.871,0.878,0.1,0.881,0.878,0.1,0.887,0.878,0.2,0.883,0.878,0,-1.0,-33.458
20230301_0536,-4.82,149.59,597.0,C1.AP01.,-18.371,-70.342,134.321,1601.381,1624.613,1631.74,501.0,0.947,0.177,0.098,0.152,0.149,0.102,2.6,2.4,0.572,0.325,1.4,0.688,0.688,1.2,0.718,0.688,0.8,0.764,0.688,0.8,0.761,0.688,1.1,0.727,0.688,0,-1.0,121.774
20230301_0536,-4.82,149.59,597.0,CR.7499.,45.819,15.698,122.802,1529.592,1543.96,1548.24,502.0,3.038,0.594,0.572,0.59,0.59,0.589,1.4,1.8,0.781,0.781,1.2,0.818,0.818,1.3,0.821,0.818,1.1,0.818,0.818,1.2,0.821,0.818,1.2,0.819,0.818,1,0.0,-36.677
20230301_0536,-4.82,149.59,597.0,CH.DAVOX.,46.78,9.88,125.573,1547.254,1563.549,1568.426,503.0,6.315,0.671,0.663,0.683,0.683,0.681,1.3,1.5,0.857,0.875,1.0,0.973,0.973,1.0,0.967,0.973,0.8,0.969,0.973,0.8,0.971,0.973,0.8,0.971,0.973,1,0.0,-32.956
20230301_0536,-4.82,149.59,597.0,IV.RMP.,41.812,12.705,126.74,1554.613,1571.763,1576.907,504.0,1.787,0.437,0.416,0.433,0.438,0.435,1.4,2.0,0.399,0.416,0.9,0.639,0.639,1.1,0.622,0.639,0.8,0.628,0.639,0.8,0.625,0.639,0.8,0.627,0.639,0,-1.0,-39.432
20230301_0536,-4.82,149.59,597.0,IV.CSNT.,43.473,11.29,126.707,1554.41,1571.535,1576.672,505.0,2.363,0.359,0.351,0.362,0.358,0.36,2.1,-0.6,0.643,-0.466,1.7,0.705,0.705,1.8,0.711,0.705,1.7,0.7,0.705,1.6,0.697,0.705,1.7,0.699,0.705,1,0.0,-36.987
20230301_0536,-4.82,149.59,597.0,IV.MDI.,45.77,9.716,126.277,1551.698,1568.505,1573.543,506.0,1.221,0.35,0.379,0.373,0.378,0.377,5.9,2.6,0.655,-0.511,5.5,0.596,0.596,5.5,0.599,0.596,5.3,0.596,0.596,5.3,0.596,0.596,5.4,0.595,0.596,0,-1.0,-33.857
20230301_0536,-4.82,149.59,597.0,PM.PMOZ.,32.823,-17.197,149.402,1688.845,1726.975,1739.296,507.0,1.158,0.15,0.175,0.196,0.204,0.196,-0.1,0.6,0.913,0.835,-1.0,0.821,0.821,-0.6,0.766,0.821,-0.7,0.745,0.821,-1.2,0.727,0.821,-1.0,0.734,0.821,0,-1.0,-21.96
20230301_0536,-4.82,149.59,597.0,BW.SCE.,47.038,11.709,124.418,1539.921,1555.395,1560.018,508.0,3.579,0.641,0.644,0.657,0.656,0.657,1.0,1.2,0.871,0.89,0.8,0.94,0.94,0.7,0.944,0.94,0.6,0.942,0.94,0.6,0.94,0.94,0.5,0.94,0.94,1,0.0,-33.622
20230301_0536,-4.82,149.59,597.0,IV.PIEI.,43.536,12.535,125.921,1549.453,1566.0,1570.957,509.0,3.871,0.612,0.599,0.615,0.618,0.619,0.9,1.3,0.923,0.924,0.6,0.841,0.841,0.8,0.836,0.841,0.5,0.837,0.841,0.5,0.84,0.841,0.5,0.838,0.841,1,0.0,-37.547
20230301_0536,-4.82,149.59,597.0,IV.POFI.,41.717,13.712,126.147,1550.88,1567.592,1572.599,510.0,2.98,0.49,0.452,0.464,0.46,0.464,1.5,1.5,0.918,0.918,1.2,0.783,0.783,1.3,0.776,0.783,1.1,0.776,0.783,1.1,0.776,0.783,1.1,0.777,0.783,1,0.0,-40.021
20230301_0536,-4.82,149.59,597.0,PM.MTE.,40.4,-7.544,138.91,1628.775,1656.162,1664.699,511.0,2.577,0.389,0.293,0.308,0.322,0.315,3.6,3.9,0.752,0.596,3.3,0.808,0.808,3.6,0.757,0.808,3.3,0.757,0.808,3.1,0.756,0.808,3.2,0.754,0.808,0,-1.0,-26.64
20230301_0536,-4.82,149.59,597.0,GR.KHUS.,54.196,11.055,120.33,1513.63,1526.396,1530.186,512.0,2.425,0.339,0.341,0.339,0.352,0.349,2.9,2.6,0.516,0.463,2.8,0.781,0.781,2.8,0.781,0.781,2.7,0.775,0.781,2.8,0.777,0.781,2.8,0.775,0.781,1,0.0,-26.664
20230301_0536,-4.82,149.59,597.0,GR.GRC3.,48.889,11.584,123.384,1533.326,1548.088,1552.49,513.0,7.331,0.577,0.544,0.549,0.55,0.549,0.7,0.5,0.901,0.94,0.3,0.74,0.74,0.4,0.723,0.74,0.2,0.727,0.74,0.2,0.724,0.74,0.2,0.723,0.74,1,0.0,-31.775
20230301_0536,-4.82,149.59,597.0,RD.ROSF.,48.336,-3.274,130.712,1579.35,1599.574,1605.698,514.0,1.843,0.449,0.577,0.597,0.613,0.611,1.4,1.5,0.883,0.941,0.7,0.765,0.765,0.7,0.762,0.765,0.5,0.77,0.765,0.3,0.783,0.765,0.2,0.783,0.765,0,-1.0,-23.526
20230301_0536,-4.82,149.59,597.0,NA.SABW.,17.628,-63.231,145.438,1666.573,1700.453,1711.246,515.0,2.767,0.296,0.279,0.292,0.283,0.285,-6.6,4.7,0.628,-0.793,0.2,0.494,0.494,-6.9,0.653,0.494,-0.8,0.643,0.494,-7.4,0.627,0.494,-7.2,0.649,0.494,0,-1.0,65.428
20230301_0536,-4.82,149.59,597.0,GR.BUG.,51.441,7.271,123.867,1536.414,1551.506,1556.01,516.0,2.532,0.495,0.427,0.425,0.424,0.424,-0.1,0.3,0.835,0.807,-0.4,0.652,0.652,-0.2,0.651,0.652,-0.3,0.638,0.652,-0.4,0.637,0.652,-0.4,0.639,0.652,1,0.0,-27.295
20230301_0536,-4.82,149.59,597.0,CR.7442.,45.87,15.788,122.722,1529.077,1543.391,1547.656,517.0,4.276,0.549,0.541,0.556,0.552,0.553,1.1,1.5,0.835,0.804,0.7,0.798,0.798,0.8,0.83,0.798,0.6,0.831,0.798,0.7,0.831,0.798,0.7,0.83,0.798,1,0.0,-36.665
20230301_0536,-4.82,149.59,597.0,FR.SMPL.01,42.095,9.285,128.703,1566.894,1585.535,1591.149,518.0,1.381,0.216,0.198,0.182,0.172,0.183,0.9,-4.8,0.739,-0.626,-9.6,0.604,0.604,-9.3,0.611,0.604,-9.6,0.605,0.604,-9.6,0.605,0.604,-9.7,0.605,0.604,0,-1.0,-37.342
20230301_0536,-4.82,149.59,597.0,IV.GUMA.,43.063,13.335,125.684,1547.956,1564.331,1569.234,519.0,3.284,0.493,0.443,0.479,0.464,0.464,1.5,1.7,0.633,0.554,0.9,0.815,0.815,1.1,0.813,0.815,0.7,0.813,0.815,0.8,0.813,0.815,0.8,0.811,0.815,1,0.0,-38.426
20230301_0536,-4.82,149.59,597.0,CH.MESRY.,46.347,6.308,127.746,1560.926,1578.834,1584.216,520.0,1.731,0.405,0.406,0.413,0.414,0.414,0.9,0.9,0.903,0.909,0.3,0.836,0.836,0.5,0.848,0.836,0.4,0.851,0.836,0.4,0.848,0.836,0.4,0.85,0.836,0,-1.0,-31.419
20230301_0536,-4.82,149.59,597.0,TH.TAUT.,50.982,11.711,122.046,1524.733,1538.6,1542.727,521.0,2.444,0.555,0.557,0.553,0.542,0.549,0.3,0.8,0.584,0.525,0.6,0.666,0.666,0.8,0.709,0.666,0.6,0.699,0.666,0.7,0.707,0.666,0.6,0.697,0.666,1,0.0,-29.867
20230301_0536,-4.82,149.59,597.0,IV.MUCR.,38.043,14.874,127.152,1557.205,1574.663,1579.904,522.0,2.052,0.494,0.437,0.437,0.454,0.438,0.0,4.0,0.693,-0.871,-0.5,0.873,0.873,-0.4,0.884,0.873,-0.6,0.874,0.873,-0.5,0.873,0.873,-0.6,0.874,0.873,1,0.0,-44.559
20230301_0536,-4.82,149.59,597.0,IV.MILZ.,38.271,15.231,126.798,1554.98,1572.173,1577.331,523.0,1.594,0.291,0.283,0.275,0.276,0.276,-5.2,-4.5,0.585,0.472,-5.3,0.599,0.599,-5.1,0.605,0.599,-5.4,0.604,0.599,-5.3,0.606,0.599,-5.3,0.605,0.599,0,-1.0,-44.468
20230301_0536,-4.82,149.59,597.0,GR.CLZ.,51.843,10.374,122.155,1525.435,1539.373,1543.522,524.0,2.48,0.491,0.447,0.431,0.422,0.429,1.3,1.3,0.797,0.955,0.7,0.712,0.712,1.0,0.723,0.712,0.9,0.714,0.712,0.9,0.714,0.712,0.9,0.715,0.712,1,0.0,-28.458
20230301_0536,-4.82,149.59,597.0,IV.INTR.,42.012,13.905,125.873,1549.151,1565.664,1570.609,525.0,2.191,0.505,0.464,0.474,0.475,0.473,2.4,2.5,0.479,0.478,2.3,0.49,0.49,2.4,0.509,0.49,2.2,0.503,0.49,2.2,0.507,0.49,2.2,0.504,0.49,0,-1.0,-39.801
20230301_0536,-4.82,149.59,597.0,IV.MSRU.,38.264,15.508,126.608,1553.783,1570.834,1575.948,526.0,1.986,0.308,0.28,0.298,0.291,0.295,0.5,1.8,0.836,0.691,1.6,0.745,0.745,1.8,0.729,0.745,1.5,0.741,0.745,1.7,0.74,0.745,1.6,0.737,0.745,0,-1.0,-44.601
20230301_0536,-4.82,149.59,597.0,G.ECH.00,48.216,7.159,126.081,1550.463,1567.127,1572.12,527.0,4.824,0.428,0.441,0.436,0.435,0.438,-0.7,0.2,0.672,0.66,4.8,0.358,0.358,4.9,0.354,0.358,4.6,0.36,0.358,4.6,0.369,0.358,4.6,0.363,0.358,0,-1.0,-30.146
20230301_0536,-4.82,149.59,597.0,GR.SKMB.,54.718,9.439,120.695,1516.0,1528.996,1532.857,528.0,1.924,0.308,0.259,0.272,0.274,0.274,0.7,0.9,0.836,0.758,0.7,0.724,0.724,1.0,0.713,0.724,0.8,0.713,0.724,0.9,0.699,0.724,0.8,0.701,0.724,0,-1.0,-25.489
20230301_0536,-4.82,149.59,597.0,BW.RTSH.,47.754,12.85,123.373,1533.25,1548.004,1552.403,529.0,2.412,0.269,0.263,0.27,0.277,0.274,-3.7,2.4,0.58,0.351,2.7,0.617,0.617,2.8,0.597,0.617,2.7,0.602,0.617,2.7,0.6,0.617,2.6,0.604,0.617,0,-1.0,-33.467
20230301_0536,-4.82,149.59,597.0,GR.GRA3.,49.761,11.317,122.993,1530.821,1545.318,1549.638,530.0,2.438,0.447,0.437,0.438,0.436,0.438,-0.4,-3.6,0.595,-0.548,-0.3,0.719,0.719,-0.2,0.731,0.719,-0.4,0.725,0.719,-0.3,0.727,0.719,-0.4,0.727,0.719,1,0.0,-30.823
20230301_0536,-4.82,149.59,597.0,IV.SGG.,41.387,14.379,125.883,1549.216,1565.736,1570.683,531.0,5.474,0.585,0.591,0.563,0.563,0.562,-0.9,-0.6,0.797,0.782,-1.2,0.818,0.818,-1.1,0.811,0.818,-1.3,0.811,0.818,-1.2,0.81,0.818,-1.3,0.811,0.818,1,0.0,-40.687
20230301_0536,-4.82,149.59,597.0,FR.RUSF.06,43.929,5.482,129.768,1573.513,1592.985,1598.865,532.0,2.638,0.376,0.341,0.366,0.367,0.36,2.5,2.7,0.924,0.931,1.8,0.844,0.844,1.9,0.841,0.844,1.7,0.834,0.844,1.6,0.836,0.844,1.7,0.836,0.844,1,0.0,-33.262
20230301_0536,-4.82,149.59,597.0,TH.SONN.,51.532,10.426,122.329,1526.551,1540.604,1544.788,533.0,0.445,0.075,0.073,0.072,0.072,0.072,-10.0,-3.5,0.258,-0.836,-8.3,0.627,0.627,-8.0,0.626,0.627,-8.0,0.636,0.627,-8.0,0.632,0.627,-8.1,0.634,0.627,0,-1.0,-28.765
20230301_0536,-4.82,149.59,597.0,WI.BIM.00,14.518,-61.066,148.309,1682.755,1719.693,1731.581,534.0,5.664,0.538,0.549,0.581,0.572,0.562,-0.1,0.1,0.944,0.96,-0.6,0.708,0.708,0.0,0.963,0.708,-0.6,0.967,0.708,-0.4,0.969,0.708,-0.2,0.968,0.708,1,5.0,69.823
20230301_0536,-4.82,149.59,597.0,GR.SCHI.,53.341,12.845,120.047,1511.787,1524.376,1528.113,535.0,1.521,0.383,0.336,0.338,0.339,0.338,0.1,0.3,0.895,0.881,-0.1,0.648,0.648,0.0,0.665,0.648,-0.1,0.674,0.648,-0.1,0.668,0.648,-0.1,0.673,0.648,0,-1.0,-28.205
20230301_0536,-4.82,149.59,597.0,CZ.PRA.,50.07,14.433,121.193,1519.222,1532.535,1536.492,536.0,3.635,0.509,0.487,0.484,0.489,0.485,-0.1,-0.7,0.49,0.437,4.2,0.613,0.613,4.2,0.634,0.613,4.1,0.658,0.613,4.1,0.657,0.613,4.1,0.659,0.613,0,-1.0,-31.939
20230301_0536,-4.82,149.59,597.0,TH.ABG1.,50.968,12.576,121.623,1522.0,1535.59,1539.632,537.0,2.927,0.489,0.502,0.491,0.493,0.491,-0.5,-0.2,0.662,0.634,-1.0,0.682,0.682,-0.7,0.675,0.682,-0.9,0.665,0.682,-0.9,0.664,0.682,-0.9,0.667,0.682,1,0.0,-30.273
20230301_0536,-4.82,149.59,597.0,IV.CELB.,42.747,10.211,127.768,1561.064,1578.988,1584.375,538.0,2.001,0.399,0.382,0.398,0.409,0.398,0.4,0.0,0.857,0.819,-0.1,0.712,0.712,-0.1,0.717,0.712,-0.2,0.718,0.712,-0.2,0.717,0.712,-0.3,0.715,0.712,1,0.0,-37.17
20230301_0536,-4.82,149.59,597.0,CX.PB19.,-23.905,-69.291,132.463,1590.093,1611.749,1618.346,539.0,2.526,0.393,0.279,0.307,0.302,0.276,1.3,1.3,0.796,0.781,0.1,0.561,0.561,-0.3,0.644,0.561,-0.5,0.677,0.561,-0.6,0.683,0.561,-0.4,0.651,0.561,0,-1.0,129.067
20230301_0536,-4.82,149.59,597.0,LU.DUDEL.,49.473,6.081,125.762,1548.453,1564.885,1569.805,540.0,2.586,0.387,0.377,0.379,0.377,0.376,1.4,1.0,0.757,0.588,0.2,0.777,0.777,0.3,0.753,0.777,0.1,0.764,0.777,0.1,0.763,0.777,0.0,0.771,0.777,1,0.0,-28.41
20230301_0536,-4.82,149.59,597.0,IV.TRTR.,42.808,13.914,125.457,1546.518,1562.729,1567.581,541.0,1.939,0.433,0.397,0.401,0.399,0.397,0.7,1.2,0.597,0.569,0.5,0.622,0.622,0.6,0.628,0.622,0.4,0.64,0.622,0.4,0.637,0.622,0.4,0.643,0.622,0,-1.0,-38.968
20230301_0536,-4.82,149.59,597.0,GR.IGAD.,53.258,8.69,122.001,1524.441,1538.278,1542.395,542.0,4.436,0.156,0.158,0.141,0.134,0.136,-2.5,-2.4,0.864,0.847,-2.9,0.628,0.628,-2.6,0.607,0.628,-2.8,0.614,0.628,-2.7,0.609,0.628,-2.7,0.611,0.628,0,-1.0,-26.406
20230301_0536,-4.82,149.59,597.0,BW.WARN.,48.705,10.559,124.032,1537.466,1552.672,1557.212,543.0,4.738,0.408,0.426,0.445,0.446,0.454,2.1,2.0,0.753,0.85,1.5,0.92,0.92,1.5,0.919,0.92,1.4,0.921,0.92,1.4,0.922,0.92,1.3,0.925,0.92,1,0.0,-31.453
20230301_0536,-4.82,149.59,597.0,FR.CFF.00,45.763,3.111,129.773,1573.543,1593.019,1598.9,544.0,1.916,0.352,0.395,0.406,0.411,0.406,0.7,0.5,0.743,0.727,0.4,0.649,0.649,0.4,0.662,0.649,0.3,0.662,0.649,0.2,0.656,0.649,0.2,0.658,0.649,0,-1.0,-30.028
20230301_0536,-4.82,149.59,597.0,NA.SABA.,17.621,-63.243,145.431,1666.529,1700.401,1711.191,545.0,2.41,0.346,0.35,0.372,0.361,0.353,0.4,4.7,0.795,-0.587,0.1,0.575,0.575,0.5,0.733,0.575,-0.5,0.725,0.575,-0.3,0.702,0.575,0.1,0.708,0.575,1,5.0,65.446
20230301_0536,-4.82,149.59,597.0,GU.REMY.,45.838,7.156,127.63,1560.196,1578.015,1583.369,546.0,3.81,0.623,0.657,0.679,0.687,0.682,1.3,1.4,0.75,0.736,0.7,0.805,0.805,0.9,0.811,0.805,0.6,0.813,0.805,0.6,0.813,0.805,0.7,0.812,0.805,1,0.0,-32.391
20230301_0536,-4.82,149.59,597.0,C1.MT03.,-33.494,-70.51,126.106,1550.621,1567.303,1572.301,547.0,6.036,0.019,0.066,0.063,0.066,0.064,5.2,4.3,0.204,0.234,-8.1,0.323,0.323,-8.1,0.293,0.323,-8.4,0.289,0.323,-8.4,0.282,0.323,-8.1,0.294,0.323,0,-1.0,138.41
20230301_0536,-4.82,149.59,597.0,CH.LADOL.,46.432,6.132,127.782,1561.147,1579.082,1584.472,548.0,1.577,0.4,0.45,0.471,0.484,0.473,1.3,1.2,0.761,0.75,0.5,0.743,0.743,0.6,0.757,0.743,0.4,0.758,0.743,0.4,0.762,0.743,0.3,0.759,0.743,0,-1.0,-31.237
20230301_0536,-4.82,149.59,597.0,BW.GELB.,48.163,11.251,123.998,1537.245,1552.427,1556.959,549.0,2.521,0.501,0.547,0.559,0.562,0.56,1.0,1.1,0.915,0.894,0.4,0.837,0.837,0.4,0.842,0.837,0.2,0.839,0.837,0.2,0.84,0.837,0.2,0.841,0.837,1,0.0,-32.309
20230301_0536,-4.82,149.59,597.0,CR.RIY.,45.325,14.483,123.785,1535.886,1550.921,1555.408,550.0,1.717,0.178,0.18,0.178,0.178,0.177,8.1,-0.5,0.613,-0.37,7.8,0.387,0.387,7.7,0.373,0.387,7.5,0.367,0.387,7.6,0.371,0.387,7.6,0.368,0.387,0,-1.0,-36.638
20230301_0536,-4.82,149.59,597.0,NL.DBN.01,52.102,5.177,124.338,1539.416,1554.835,1559.441,551.0,1.21,0.319,0.244,0.226,0.208,0.213,-0.2,3.1,0.793,-0.787,5.5,0.688,0.688,5.7,0.702,0.688,5.5,0.709,0.688,5.4,0.707,0.688,5.4,0.706,0.688,0,-1.0,-25.631
20230301_0536,-4.82,149.59,597.0,RD.MTLF.,43.341,2.218,131.914,1586.734,1607.935,1614.382,552.0,1.544,0.413,0.333,0.36,0.372,0.371,2.1,2.2,0.749,0.726,1.4,0.884,0.884,1.7,0.89,0.884,1.5,0.892,0.884,1.4,0.895,0.884,1.4,0.895,0.884,0,-1.0,-31.728
20230301_0536,-4.82,149.59,597.0,TH.BONN.,51.307,11.002,122.193,1525.675,1539.638,1543.795,553.0,0.347,-0.003,0.0,0.0,0.001,0.001,10.4,-3.6,0.288,-0.974,-8.8,0.537,0.537,-8.6,0.553,0.537,-8.7,0.557,0.537,-8.7,0.556,0.537,-8.7,0.557,0.537,0,-1.0,-29.24
20230301_0536,-4.82,149.59,597.0,C1.MT16.,-33.428,-70.523,126.137,1550.815,1567.52,1572.525,554.0,1.744,0.192,0.086,0.104,0.117,0.091,-0.5,-4.0,0.786,-0.744,-1.0,0.621,0.621,-8.6,0.633,0.621,-8.7,0.64,0.621,-8.7,0.637,0.621,-8.6,0.635,0.621,0,-1.0,138.337
20230301_0536,-4.82,149.59,597.0,CH.BRANT.,46.938,6.473,127.272,1557.955,1575.503,1580.772,555.0,1.809,0.481,0.395,0.403,0.405,0.405,0.9,1.6,0.681,0.621,0.7,0.694,0.694,1.0,0.703,0.694,0.7,0.704,0.694,0.7,0.704,0.694,0.7,0.702,0.694,0,-1.0,-30.955
20230301_0536,-4.82,149.59,597.0,CH.ILLEZ.,46.219,6.94,127.498,1559.375,1577.094,1582.417,556.0,1.158,0.264,0.26,0.264,0.26,0.262,-4.5,-0.8,0.551,-0.71,-5.0,0.647,0.647,-4.8,0.632,0.647,-5.0,0.633,0.647,-5.0,0.637,0.647,-5.1,0.638,0.647,0,-1.0,-31.902
20230301_0536,-4.82,149.59,597.0,IV.MABI.,46.055,10.514,125.661,1547.813,1564.172,1569.07,557.0,1.48,0.322,0.287,0.284,0.279,0.283,2.3,-3.3,0.694,-0.021,2.0,0.545,0.545,2.0,0.543,0.545,1.7,0.557,0.545,1.8,0.556,0.545,1.8,0.555,0.545,0,-1.0,-33.99
20230301_0536,-4.82,149.59,597.0,IV.FNVD.,44.168,11.123,126.413,1552.558,1569.465,1574.534,558.0,2.738,0.427,0.428,0.46,0.462,0.463,1.9,2.3,0.812,0.767,1.7,0.882,0.882,1.8,0.887,0.882,1.6,0.882,0.882,1.7,0.883,0.882,1.6,0.882,0.882,1,0.0,-36.191
20230301_0536,-4.82,149.59,597.0,LU.KLAUS.,49.705,5.982,125.651,1547.746,1564.097,1568.993,559.0,0.999,0.329,0.293,0.285,0.274,0.282,1.3,-3.2,0.729,-0.5,3.0,0.447,0.447,3.1,0.465,0.447,3.0,0.46,0.447,3.1,0.461,0.447,2.9,0.461,0.447,0,-1.0,-28.148
20230301_0536,-4.82,149.59,597.0,ES.ESBB.,39.674,-3.963,137.761,1621.976,1648.291,1656.463,560.0,2.002,0.19,0.277,0.286,0.297,0.291,1.2,-4.5,0.542,0.173,-5.6,0.654,0.654,-5.4,0.627,0.654,-5.5,0.648,0.654,-5.7,0.667,0.654,-5.6,0.658,0.654,0,-1.0,-30.542
20230301_0536,-4.82,149.59,597.0,BW.MANZ.,49.986,12.108,122.452,1527.344,1541.479,1545.688,561.0,4.201,0.619,0.589,0.584,0.587,0.583,0.3,0.4,0.864,0.889,-0.1,0.76,0.76,0.0,0.768,0.76,-0.1,0.763,0.76,-0.1,0.767,0.76,-0.1,0.765,0.76,1,0.0,-30.981
20230301_0536,-4.82,149.59,597.0,IV.PTQR.,42.022,13.401,126.189,1551.143,1567.886,1572.903,562.0,3.382,0.437,0.453,0.458,0.457,0.455,0.4,0.6,0.819,0.807,0.0,0.823,0.823,0.2,0.843,0.823,-0.1,0.831,0.823,0.0,0.83,0.823,0.0,0.83,0.823,1,0.0,-39.55
20230301_0536,-4.82,149.59,597.0,WI.DHS.00,16.289,-61.765,147.177,1676.403,1712.124,1723.572,563.0,2.448,0.473,0.488,0.471,0.473,0.479,0.6,-3.2,0.679,-0.834,0.0,0.912,0.912,0.5,0.665,0.912,-8.1,0.758,0.912,-7.9,0.746,0.912,-7.7,0.704,0.912,1,5.0,66.966
20230301_0536,-4.82,149.59,597.0,CN.DRLN.,49.256,-57.503,129.991,1574.892,1594.54,1600.477,564.0,2.907,0.51,0.499,0.521,0.529,0.532,1.8,2.1,0.646,0.624,0.9,0.886,0.886,1.1,0.888,0.886,0.8,0.89,0.886,0.7,0.89,0.886,0.7,0.891,0.886,1,-1.0,22.782
20230301_0536,-4.82,149.59,597.0,CM.RUS.00,5.892,-73.083,137.509,1620.485,1646.568,1654.661,565.0,1.686,0.53,0.427,0.401,0.428,0.427,0.3,-2.9,0.439,-0.632,-0.1,0.668,0.668,0.1,0.474,0.668,-1.3,0.449,0.668,-0.5,0.421,0.668,-0.1,0.458,0.668,0,-1.0,86.553
20230301_0536,-4.82,149.59,597.0,IV.LNSS.,42.603,13.04,126.111,1550.653,1567.338,1572.338,566.0,2.641,0.575,0.568,0.583,0.578,0.584,2.1,-5.2,0.715,0.464,-6.1,0.743,0.743,-6.0,0.738,0.743,-6.3,0.74,0.743,-6.2,0.741,0.743,-6.3,0.738,0.743,1,0.0,-38.764
20230301_0536,-4.82,149.59,597.0,HU.TIH.,46.9,17.888,120.951,1517.654,1530.812,1534.722,567.0,2.368,0.573,0.545,0.555,0.55,0.554,1.0,1.1,0.851,0.902,0.9,0.836,0.836,0.9,0.824,0.836,0.7,0.832,0.836,0.8,0.818,0.836,0.8,0.822,0.836,1,0.0,-36.497
20230301_0536,-4.82,149.59,597.0,BX.GRTLG.,-21.362,21.216,123.058,1531.238,1545.779,1550.113,568.0,0.751,0.258,-0.022,-0.077,-0.075,-0.051,-3.0,-3.3,0.663,0.648,-1.4,0.632,0.632,-2.8,0.794,0.632,-3.1,0.685,0.632,-2.8,0.712,0.632,-2.8,0.757,0.632,0,-1.0,-119.472
20230301_0536,-4.82,149.59,597.0,GR.HAM4.,53.479,10.239,121.161,1519.018,1532.311,1536.262,569.0,0.887,0.18,0.234,0.222,0.252,0.245,-1.8,1.4,0.81,-0.624,4.3,0.57,0.57,4.4,0.554,0.57,4.2,0.568,0.57,4.3,0.56,0.57,4.2,0.562,0.57,0,-1.0,-26.933
20230301_0536,-4.82,149.59,597.0,FR.STR.10,48.58,7.763,125.539,1547.042,1563.313,1568.183,570.0,1.39,0.286,0.305,0.308,0.304,0.307,1.8,4.5,0.67,-0.86,7.7,0.484,0.484,7.9,0.478,0.484,7.7,0.471,0.484,7.6,0.468,0.484,7.6,0.47,0.484,0,-1.0,-30.135
20230301_0536,-4.82,149.59,597.0,II.XBFO.60,48.33,8.33,125.416,1546.259,1562.441,1567.283,571.0,4.596,0.375,0.397,0.376,0.368,0.37,-1.6,4.6,0.54,0.414,4.4,0.727,0.727,4.4,0.733,0.727,4.3,0.734,0.727,4.3,0.741,0.727,4.2,0.741,0.727,1,0.0,-30.669
20230301_0536,-4.82,149.59,597.0,GR.GRC4.,49.086,11.525,123.297,1532.766,1547.469,1551.852,572.0,1.963,0.424,0.387,0.385,0.384,0.386,0.9,0.9,0.837,0.888,0.5,0.586,0.586,0.6,0.578,0.586,0.5,0.563,0.586,0.6,0.562,0.586,0.4,0.563,0.586,0,-1.0,-31.559
20230301_0536,-4.82,149.59,597.0,IV.RSM2.,43.938,12.445,125.755,1548.406,1564.832,1569.751,573.0,0.357,0.009,0.008,0.008,0.008,0.008,9.4,-4.1,0.62,-0.996,-8.8,0.405,0.405,-8.7,0.403,0.405,-9.0,0.403,0.405,-8.9,0.403,0.405,-8.9,0.404,0.405,0,-1.0,-37.09
20230301_0536,-4.82,149.59,597.0,ZC.JIDR.,18.491,-71.864,137.301,1619.246,1645.138,1653.167,574.0,2.089,0.256,0.186,0.236,0.222,0.199,-0.1,1.8,0.837,0.766,1.4,0.724,0.724,1.4,0.636,0.724,0.7,0.691,0.724,0.9,0.668,0.724,1.2,0.652,0.724,0,-1.0,67.72
20230301_0536,-4.82,149.59,597.0,IV.CESI.,43.005,12.905,125.981,1549.834,1566.425,1571.395,575.0,2.246,0.477,0.449,0.497,0.499,0.501,1.8,1.9,0.836,0.773,1.4,0.941,0.941,1.5,0.94,0.941,1.3,0.937,0.941,1.3,0.936,0.941,1.3,0.937,0.941,1,0.0,-38.279
20230301_0536,-4.82,149.59,597.0,FR.PYLO.00,43.097,-0.049,133.255,1594.917,1617.238,1624.057,576.0,1.496,0.616,0.56,0.556,0.549,0.554,0.2,-3.9,0.758,-0.833,-0.1,0.808,0.808,0.0,0.805,0.808,-0.1,0.807,0.808,-0.1,0.791,0.808,-0.1,0.8,0.808,0,-1.0,-30.367
20230301_0536,-4.82,149.59,597.0,OE.LESA.,47.424,12.677,123.658,1535.076,1550.024,1554.484,577.0,4.091,0.53,0.536,0.551,0.556,0.55,0.3,0.7,0.916,0.927,0.1,0.767,0.767,0.1,0.77,0.767,0.0,0.776,0.767,0.0,0.773,0.767,-0.1,0.773,0.767,1,0.0,-33.708
20230301_0536,-4.82,149.59,597.0,CH.COLLE.,46.292,6.121,127.88,1561.759,1579.769,1585.182,578.0,1.191,0.249,0.28,0.295,0.303,0.298,0.0,-5.5,0.662,-0.395,2.3,0.428,0.428,2.6,0.424,0.428,2.4,0.418,0.428,2.4,0.416,0.428,2.3,0.417,0.428,0,-1.0,-31.363
20230301_0536,-4.82,149.59,597.0,SI.ABSI.,46.729,11.321,124.814,1542.443,1558.196,1562.906,579.0,5.667,0.555,0.569,0.606,0.599,0.611,1.9,2.0,0.88,0.878,1.4,0.944,0.944,1.4,0.935,0.944,1.2,0.938,0.944,1.2,0.94,0.944,1.1,0.939,0.944,1,0.0,-33.734
20230301_0536,-4.82,149.59,597.0,LU.WMG.,49.611,6.391,125.522,1546.932,1563.19,1568.057,580.0,1.589,0.471,0.433,0.438,0.436,0.436,0.9,0.9,0.969,0.886,0.5,0.923,0.923,0.6,0.931,0.923,0.4,0.926,0.923,0.4,0.926,0.923,0.4,0.927,0.923,0,-1.0,-28.456
20230301_0536,-4.82,149.59,597.0,C1.BO04.,-33.989,-70.609,125.739,1548.305,1564.72,1569.635,581.0,1.088,0.188,0.165,0.17,0.171,0.169,-2.0,-2.0,0.68,0.624,-2.6,0.557,0.557,-3.2,0.664,0.557,-3.2,0.682,0.557,-3.2,0.695,0.557,-3.1,0.677,0.557,0,-1.0,138.83
20230301_0536,-4.82,149.59,597.0,WM.CART.,37.587,-1.001,137.657,1621.362,1647.582,1655.722,582.0,1.006,0.308,0.167,0.174,0.187,0.18,1.6,1.8,0.857,0.704,1.4,0.861,0.861,1.7,0.85,0.861,1.5,0.874,0.861,1.3,0.889,0.861,1.4,0.879,0.861,0,-1.0,-35.163
20230301_0536,-4.82,149.59,597.0,IV.PLMA.,44.05,9.854,127.224,1557.656,1575.167,1580.425,583.0,1.485,0.299,0.265,0.266,0.264,0.262,9.0,0.6,0.33,-0.398,-3.3,0.413,0.413,-3.1,0.401,0.413,-3.4,0.393,0.413,-3.4,0.393,0.413,-3.4,0.396,0.413,0,-1.0,-35.646
20230301_0536,-4.82,149.59,597.0,CR.7443.,46.167,16.244,122.297,1526.345,1540.376,1544.554,584.0,1.093,0.277,0.303,0.299,0.309,0.305,4.8,-4.4,0.679,-0.564,4.3,0.64,0.64,4.4,0.641,0.64,4.3,0.639,0.64,4.4,0.636,0.64,4.4,0.636,0.64,0,-1.0,-36.56
20230301_0536,-4.82,149.59,597.0,MN.AQU.,42.354,13.405,126.013,1550.035,1566.649,1571.626,585.0,3.735,0.497,0.484,0.519,0.52,0.518,1.5,1.4,0.878,0.883,1.2,0.863,0.863,1.3,0.87,0.863,1.1,0.863,0.863,1.1,0.863,0.863,1.1,0.864,0.863,1,0.0,-39.202
20230301_0536,-4.82,149.59,597.0,C1.CO01.,-29.977,-70.094,128.483,1565.528,1584.0,1589.56,586.0,1.374,0.251,0.124,0.147,0.157,0.129,-0.1,-3.2,0.577,-0.661,-7.9,0.785,0.785,-8.1,0.82,0.785,-8.3,0.796,0.785,-8.3,0.786,0.785,-8.1,0.817,0.785,0,-1.0,135.141
20230301_0536,-4.82,149.59,597.0,A7.LUBAN.,-14.906,13.448,132.277,1588.956,1610.457,1617.003,587.0,1.545,0.033,0.17,0.203,0.188,0.177,-1.4,-1.2,0.803,0.822,-2.2,0.689,0.689,-2.3,0.623,0.689,-3.1,0.693,0.689,-2.9,0.684,0.689,-2.7,0.65,0.689,0,-1.0,-115.302
20230301_0536,-4.82,149.59,597.0,DR.SDD.,18.463,-69.917,139.1,1629.898,1657.465,1666.063,588.0,0.541,0.218,0.008,0.011,0.016,0.011,-5.7,-2.6,0.646,-0.17,-7.0,0.508,0.508,1.9,0.533,0.508,1.6,0.454,0.508,1.7,0.472,0.508,1.8,0.505,0.508,0,-1.0,67.077
20230301_0536,-4.82,149.59,597.0,TH.MUEN.,51.422,10.667,122.282,1526.254,1540.276,1544.45,589.0,1.539,0.341,0.367,0.376,0.379,0.378,0.2,0.2,0.665,0.607,-0.1,0.834,0.834,-0.1,0.816,0.834,-0.1,0.819,0.834,-0.1,0.824,0.834,-0.1,0.821,0.834,0,-1.0,-28.978
20230301_0536,-4.82,149.59,597.0,GE.HLG.,54.183,7.883,121.722,1522.644,1536.3,1540.361,590.0,2.243,0.516,0.479,0.489,0.487,0.489,1.8,1.9,0.883,0.923,1.6,0.806,0.806,1.9,0.795,0.806,1.7,0.796,0.806,1.8,0.787,0.806,1.8,0.791,0.806,1,0.0,-25.226
20230301_0536,-4.82,149.59,597.0,IV.FAGN.,42.266,13.584,125.946,1549.612,1566.177,1571.139,591.0,3.649,0.625,0.599,0.627,0.616,0.617,1.3,1.4,0.955,0.939,1.0,0.957,0.957,1.1,0.964,0.957,0.9,0.962,0.957,0.9,0.963,0.957,1.0,0.961,0.957,1,0.0,-39.38
20230301_0536,-4.82,149.59,597.0,CH.PERON.,46.191,5.908,128.057,1562.868,1581.012,1586.469,592.0,1.726,0.486,0.47,0.487,0.49,0.492,0.6,1.2,0.801,0.745,0.3,0.941,0.941,0.5,0.942,0.941,0.3,0.946,0.941,0.3,0.945,0.941,0.2,0.948,0.941,0,-1.0,-31.334
20230301_0536,-4.82,149.59,597.0,RD.RJF.,45.304,1.516,130.887,1580.423,1600.787,1606.958,593.0,3.106,0.386,0.469,0.493,0.514,0.504,2.1,2.2,0.875,0.881,1.7,0.87,0.87,1.8,0.876,0.87,1.6,0.876,0.87,1.4,0.879,0.87,1.5,0.879,0.87,1,0.0,-29.409
20230301_0536,-4.82,149.59,597.0,IV.MOMA.,42.804,12.57,126.296,1551.819,1568.64,1573.682,594.0,2.206,0.488,0.488,0.502,0.506,0.504,0.6,0.4,0.88,0.827,0.4,0.842,0.842,0.5,0.837,0.842,0.3,0.847,0.842,0.3,0.85,0.842,0.3,0.85,0.842,1,0.0,-38.324
20230301_0536,-4.82,149.59,597.0,CR.7502.,45.315,16.593,122.521,1527.788,1541.969,1546.192,595.0,2.992,0.54,0.518,0.534,0.523,0.524,1.9,2.4,0.758,0.694,1.5,0.791,0.791,1.7,0.818,0.791,1.5,0.825,0.791,1.6,0.823,0.791,1.6,0.823,0.791,1,0.0,-37.574
20230301_0536,-4.82,149.59,597.0,IV.ROVR.,45.647,11.072,125.588,1547.35,1563.656,1568.537,596.0,3.549,0.584,0.561,0.598,0.589,0.588,1.4,1.6,0.723,0.709,1.0,0.959,0.959,1.1,0.952,0.959,0.8,0.958,0.959,0.8,0.959,0.959,0.9,0.959,0.959,1,0.0,-34.678
