evtid,evla,evlo,evdp,station,stla,stlo,gcarc,s2ks,s3ks,s4ks,tridx,snr,ccf1,ccf2,ccf3,ccf4,ccf5,t32_cc,t32_pp,ccf_cc,ccf_pp,t32_fw1,ccf_fw1,ccf_sg1,t32_fw2,ccf_fw2,ccf_sg2,t32_fw3,ccf_fw3,ccf_sg3,t32_fw4,ccf_fw4,ccf_sg4,t32_fw5,ccf_fw5,ccf_sg5
20230301_0536,-4.820,149.590,597.000,CR.MORI.,43.866,15.707,123.795,1535.950,1550.992,1555.481,0.000,4.895,0.598,0.578,0.603,0.592,0.590,1.700,1.700,0.963,0.978,1.300,0.960,0.960,1.300,0.959,0.960,1.100,0.960,0.960,1.200,0.961,0.960,1.200,0.960,0.960
20230301_0536,-4.820,149.590,597.000,LD.PAL.,41.006,-73.908,126.914,1555.709,1572.989,1578.174,1.000,2.385,0.380,0.343,0.355,0.366,0.358,1.200,1.200,0.826,0.856,0.500,0.681,0.681,0.200,0.653,0.681,0.000,0.639,0.681,0.000,0.646,0.681,0.100,0.645,0.681
20230301_0536,-4.820,149.590,597.000,IV.MA9.,41.770,12.659,126.791,1554.933,1572.121,1577.277,2.000,3.070,0.553,0.531,0.541,0.548,0.542,0.300,0.700,0.703,0.608,0.000,0.829,0.829,0.100,0.831,0.829,-0.100,0.830,0.829,-0.100,0.828,0.829,-0.100,0.829,0.829
20230301_0536,-4.820,149.590,597.000,OE.KBA.,47.078,13.345,123.482,1533.953,1548.781,1553.204,3.000,2.196,0.524,0.524,0.528,0.515,0.530,1.500,1.600,0.844,0.884,1.000,0.890,0.890,1.000,0.898,0.890,0.800,0.898,0.890,0.900,0.898,0.890,0.800,0.897,0.890
20230301_0536,-4.820,149.590,597.000,ZC.PODR.,18.153,-71.271,137.927,1622.964,1649.434,1657.658,4.000,0.859,0.159,0.114,0.151,0.140,0.127,3.600,3.400,0.810,0.943,1.900,0.705,0.705,2.400,0.744,0.705,1.900,0.710,0.705,2.100,0.722,0.705,2.300,0.735,0.705
20230301_0536,-4.820,149.590,597.000,IV.IFIL.,38.564,14.575,127.118,1556.991,1574.423,1579.656,5.000,0.000,,,,,,-16.000,-8.000,0.000,0.000,-16.000,0.000,0.000,-16.000,0.000,0.000,-16.000,0.000,0.000,-16.000,0.000,0.000,-16.000,0.000,0.000
20230301_0536,-4.820,149.590,597.000,CH.PANIX.,46.826,9.112,125.959,1549.695,1566.270,1571.235,6.000,6.443,0.633,0.587,0.607,0.603,0.611,2.000,2.200,0.945,0.948,1.600,0.916,0.916,1.700,0.915,0.916,1.500,0.915,0.916,1.500,0.916,0.916,1.400,0.916,0.916
20230301_0536,-4.820,149.590,597.000,MN.VSL.,39.496,9.378,130.114,1575.654,1595.400,1601.369,7.000,1.049,0.279,0.284,0.276,0.271,0.273,-0.800,-0.700,0.782,0.822,-1.300,0.571,0.571,-0.900,0.597,0.571,-1.300,0.577,0.571,-1.400,0.582,0.571,-1.400,0.584,0.571
20230301_0536,-4.820,149.590,597.000,CH.MUO.,46.968,8.637,126.123,1550.732,1567.427,1572.429,8.000,1.585,0.467,0.497,0.504,0.498,0.503,0.500,1.000,0.758,0.740,0.400,0.877,0.877,0.400,0.870,0.877,0.200,0.872,0.877,0.300,0.870,0.877,0.200,0.872,0.877
20230301_0536,-4.820,149.590,597.000,CH.LIENZ.,47.294,9.492,125.465,1546.572,1562.789,1567.643,9.000,2.621,0.301,0.273,0.300,0.298,0.297,2.800,2.600,0.768,0.728,2.100,0.903,0.903,2.200,0.901,0.903,2.000,0.906,0.903,2.000,0.906,0.903,2.000,0.907,0.903
20230301_0536,-4.820,149.590,597.000,GR.AHRW.,50.541,7.076,124.568,1540.878,1556.457,1561.113,10.000,4.415,0.614,0.523,0.505,0.488,0.497,-0.100,0.400,0.655,0.611,-0.300,0.603,0.603,-0.300,0.613,0.603,-0.400,0.607,0.603,-0.300,0.608,0.603,-0.400,0.606,0.603
20230301_0536,-4.820,149.590,597.000,C1.MT18.,-33.463,-70.664,126.022,1550.092,1566.713,1571.692,11.000,0.000,,,,,,-16.000,-8.000,0.000,0.000,-16.000,0.000,0.000,-16.000,0.000,0.000,-16.000,0.000,0.000,-16.000,0.000,0.000,-16.000,0.000,0.000
20230301_0536,-4.820,149.590,597.000,FR.SPIF.00,44.056,7.237,128.715,1566.972,1585.623,1591.240,12.000,1.951,0.305,0.283,0.299,0.308,0.305,1.800,2.000,0.538,0.505,1.200,0.677,0.677,1.400,0.689,0.677,1.100,0.688,0.677,1.000,0.699,0.677,1.000,0.695,0.677
20230301_0536,-4.820,149.590,597.000,C1.VA01.,-33.023,-71.648,125.625,1547.585,1563.918,1568.808,13.000,0.762,0.193,0.267,0.246,0.231,0.258,0.000,0.600,0.849,0.754,0.000,0.796,0.796,-0.500,0.840,0.796,-0.700,0.858,0.796,-0.600,0.867,0.796,-0.500,0.845,0.796
20230301_0536,-4.820,149.590,597.000,NL.ARCN.,51.501,6.194,124.313,1539.257,1554.658,1559.258,14.000,4.163,0.401,0.401,0.398,0.395,0.394,5.000,-3.100,0.454,-0.490,-0.300,0.424,0.424,-0.200,0.451,0.424,-0.300,0.450,0.424,-0.300,0.450,0.424,-0.300,0.447,0.424
20230301_0536,-4.820,149.590,597.000,IV.MURB.,43.263,12.525,126.076,1550.430,1567.090,1572.081,15.000,2.671,0.623,0.627,0.652,0.645,0.654,1.500,1.700,0.967,0.963,1.300,0.970,0.970,1.400,0.975,0.970,1.200,0.972,0.970,1.200,0.973,0.970,1.200,0.972,0.970
20230301_0536,-4.820,149.590,597.000,C1.AC01.,-26.148,-70.599,130.262,1576.572,1596.436,1602.443,16.000,1.652,0.201,0.114,0.092,0.084,0.111,-0.200,0.500,0.847,0.755,-8.800,0.678,0.678,-8.800,0.630,0.678,-9.400,0.623,0.678,-9.400,0.625,0.678,-8.900,0.628,0.678
20230301_0536,-4.820,149.590,597.000,LU.ETLBK.,49.814,6.135,125.504,1546.820,1563.066,1567.928,17.000,1.637,0.493,0.451,0.442,0.433,0.435,-0.300,3.600,0.467,-0.615,-0.400,0.607,0.607,-0.300,0.576,0.607,-0.500,0.579,0.607,-0.500,0.576,0.607,-0.500,0.578,0.607
20230301_0536,-4.820,149.590,597.000,AF.WIN.,-22.567,17.100,126.107,1550.627,1567.310,1572.309,18.000,1.477,0.191,0.234,0.228,0.234,0.232,-5.900,-5.500,0.750,0.778,-6.400,0.707,0.707,-6.200,0.742,0.707,-6.600,0.661,0.707,-6.300,0.689,0.707,-6.300,0.719,0.707
20230301_0536,-4.820,149.590,597.000,GE.BOAB.,12.449,-85.666,124.936,1543.216,1559.055,1563.791,19.000,3.167,0.663,0.596,0.510,0.585,0.594,-0.100,0.100,0.891,0.885,-0.600,0.919,0.919,-1.000,0.923,0.919,-1.700,0.921,0.919,-1.200,0.920,0.919,-1.000,0.921,0.919
20230301_0536,-4.820,149.590,597.000,RD.FLAF.,43.383,6.255,129.690,1573.030,1592.441,1598.302,20.000,2.433,0.274,0.298,0.307,0.306,0.309,2.400,2.500,0.574,0.635,1.600,0.624,0.624,1.900,0.609,0.624,1.500,0.599,0.624,1.500,0.599,0.624,1.500,0.602,0.624
20230301_0536,-4.820,149.590,597.000,CH.MMK.,46.051,7.964,127.061,1556.633,1574.022,1579.241,21.000,3.220,0.553,0.536,0.564,0.568,0.564,1.600,1.800,0.872,0.851,1.100,0.872,0.872,1.200,0.881,0.872,1.000,0.882,0.872,1.000,0.881,0.872,1.000,0.882,0.872
20230301_0536,-4.820,149.590,597.000,IV.ASSB.,43.043,12.659,126.112,1550.663,1567.350,1572.350,22.000,2.425,0.359,0.340,0.386,0.394,0.388,2.100,2.100,0.920,0.903,1.600,0.830,0.830,1.800,0.830,0.830,1.500,0.823,0.830,1.500,0.821,0.830,1.600,0.825,0.830
20230301_0536,-4.820,149.590,597.000,OE.MOA.,47.849,14.266,122.535,1527.876,1542.065,1546.291,23.000,3.584,0.561,0.502,0.526,0.513,0.519,2.100,2.000,0.716,0.753,1.400,0.919,0.919,1.600,0.923,0.919,1.400,0.927,0.919,1.400,0.925,0.919,1.400,0.927,0.919
20230301_0536,-4.820,149.590,597.000,FR.SJAF.00,42.484,2.876,132.148,1588.169,1609.563,1616.074,24.000,2.020,0.109,0.187,0.189,0.197,0.183,-1.800,-1.600,0.641,0.712,-2.400,0.740,0.740,-2.100,0.750,0.740,-2.300,0.753,0.740,-2.400,0.758,0.740,-2.400,0.758,0.740
20230301_0536,-4.820,149.590,597.000,CR.7493.,45.408,15.579,123.086,1531.414,1545.973,1550.313,25.000,1.715,0.351,0.329,0.337,0.331,0.330,7.000,-2.300,0.645,-0.468,7.500,0.446,0.446,7.600,0.417,0.446,7.400,0.416,0.446,7.400,0.421,0.446,7.400,0.417,0.446
20230301_0536,-4.820,149.590,597.000,C1.BO01.,-34.392,-71.085,125.182,1544.776,1560.790,1565.580,26.000,0.669,0.049,0.121,0.113,0.111,0.114,-5.500,-2.300,0.816,-0.832,-6.200,0.599,0.599,-6.300,0.697,0.599,-6.500,0.682,0.599,-6.500,0.674,0.599,-6.300,0.690,0.599
20230301_0536,-4.820,149.590,597.000,CX.PB18.,-17.590,-69.480,135.403,1607.907,1632.085,1639.534,27.000,1.346,0.136,0.225,0.229,0.231,0.226,-3.000,3.100,0.810,0.711,4.400,0.500,0.500,0.400,0.493,0.500,0.400,0.633,0.500,0.300,0.631,0.500,0.400,0.514,0.500
20230301_0536,-4.820,149.590,597.000,CM.HEL.00,6.191,-75.529,135.081,1605.967,1629.860,1637.212,28.000,2.369,0.490,0.431,0.453,0.439,0.438,1.900,1.900,0.804,0.753,1.400,0.672,0.672,0.800,0.851,0.672,0.500,0.784,0.672,0.700,0.826,0.672,0.700,0.845,0.672
20230301_0536,-4.820,149.590,597.000,GR.LOCC.,52.410,9.139,122.363,1526.772,1540.847,1545.038,29.000,1.731,0.442,0.459,0.460,0.463,0.460,-0.200,0.000,0.951,0.870,-0.700,0.895,0.895,-0.400,0.912,0.895,-0.500,0.914,0.895,-0.600,0.911,0.895,-0.600,0.912,0.895
20230301_0536,-4.820,149.590,597.000,LD.FOR.,40.860,-73.885,127.003,1556.270,1573.616,1578.822,30.000,1.033,0.253,0.230,0.222,0.225,0.221,1.500,-2.100,0.466,0.389,-1.700,0.505,0.505,-1.800,0.541,0.505,-2.000,0.533,0.505,-1.900,0.531,0.505,-2.000,0.529,0.505
20230301_0536,-4.820,149.590,597.000,SX.LANDS.,51.526,12.163,121.489,1521.135,1534.639,1538.654,31.000,3.642,0.670,0.582,0.575,0.569,0.573,0.500,0.500,0.780,0.804,0.100,0.927,0.927,0.200,0.934,0.927,0.100,0.940,0.927,0.100,0.941,0.927,0.100,0.941,0.927
20230301_0536,-4.820,149.590,597.000,CH.WIMIS.,46.665,7.624,126.851,1555.313,1572.546,1577.716,32.000,0.991,0.377,0.339,0.356,0.358,0.364,1.200,1.300,0.634,0.560,0.800,0.912,0.912,1.000,0.901,0.912,0.800,0.892,0.912,0.800,0.891,0.912,0.700,0.895,0.912
20230301_0536,-4.820,149.590,597.000,OE.ABTA.,46.747,12.512,124.138,1538.142,1553.422,1557.984,33.000,1.186,0.306,0.265,0.248,0.234,0.242,-2.700,-2.700,0.695,0.596,-3.300,0.793,0.793,-3.300,0.790,0.793,-3.500,0.794,0.793,-3.400,0.794,0.793,-3.500,0.794,0.793
20230301_0536,-4.820,149.590,597.000,CH.FULLY.,46.156,7.136,127.436,1558.983,1576.655,1581.962,34.000,3.678,0.409,0.400,0.412,0.420,0.415,0.400,-0.400,0.782,0.698,-0.100,0.586,0.586,-0.100,0.589,0.586,-0.200,0.607,0.586,-0.200,0.609,0.586,-0.200,0.606,0.586
20230301_0536,-4.820,149.590,597.000,GU.RRL.,44.921,6.791,128.414,1565.097,1583.516,1589.059,35.000,0.953,0.242,0.198,0.227,0.234,0.234,2.700,3.000,0.667,0.633,1.900,0.845,0.845,2.100,0.851,0.845,1.800,0.859,0.845,1.800,0.863,0.845,1.800,0.863,0.845
20230301_0536,-4.820,149.590,597.000,OH.O53A.,40.249,-81.213,122.340,1526.625,1540.686,1544.872,36.000,2.096,0.350,0.207,0.257,0.258,0.242,1.300,4.300,0.900,-0.865,0.900,0.711,0.711,0.700,0.699,0.711,0.500,0.703,0.711,0.600,0.703,0.711,0.600,0.707,0.711
20230301_0536,-4.820,149.590,597.000,CX.PSGCX.,-19.597,-70.123,133.944,1599.099,1622.006,1629.023,37.000,4.720,0.347,0.174,0.306,0.305,0.174,5.000,2.100,0.700,-0.745,-2.800,0.661,0.661,5.600,0.511,0.661,-3.700,0.517,0.661,-3.600,0.527,0.661,5.500,0.510,0.661
20230301_0536,-4.820,149.590,597.000,IV.GIB.,37.990,14.026,127.768,1561.064,1578.988,1584.375,38.000,2.632,0.363,0.364,0.361,0.352,0.357,1.700,1.600,0.482,0.461,1.200,0.516,0.516,1.600,0.540,0.516,1.300,0.524,0.516,1.400,0.528,0.516,1.400,0.528,0.516
20230301_0536,-4.820,149.590,597.000,G.SSB.00,45.279,4.542,129.376,1571.080,1590.244,1596.026,39.000,2.419,0.207,0.205,0.221,0.236,0.230,1.300,0.700,0.396,0.289,1.100,0.623,0.623,1.300,0.634,0.623,1.100,0.636,0.623,1.000,0.630,0.623,1.100,0.632,0.623
20230301_0536,-4.820,149.590,597.000,C.GO06.,-39.584,-71.472,121.702,1522.514,1536.156,1540.214,40.000,1.879,0.188,0.143,0.168,0.192,0.175,-2.800,3.600,0.774,0.869,3.000,0.628,0.628,2.600,0.711,0.628,2.500,0.716,0.628,2.500,0.715,0.628,2.600,0.717,0.628
20230301_0536,-4.820,149.590,597.000,GE.FLT1.,52.331,11.237,121.436,1520.794,1534.263,1538.268,41.000,3.451,0.564,0.562,0.562,0.564,0.563,-0.100,0.100,0.657,0.657,4.400,0.541,0.541,0.000,0.568,0.541,4.400,0.574,0.541,4.400,0.583,0.541,4.400,0.575,0.541
20230301_0536,-4.820,149.590,597.000,CR.7441.,45.844,16.020,122.597,1528.277,1542.508,1546.746,42.000,3.924,0.487,0.497,0.518,0.513,0.513,1.400,1.800,0.828,0.799,0.900,0.784,0.784,1.000,0.814,0.784,0.900,0.819,0.784,1.000,0.819,0.784,0.900,0.818,0.784
20230301_0536,-4.820,149.590,597.000,II.XBFO.55,48.330,8.330,125.416,1546.259,1562.441,1567.283,43.000,4.605,0.374,0.397,0.376,0.368,0.369,-1.600,4.600,0.539,0.415,4.400,0.728,0.728,4.400,0.734,0.728,4.300,0.735,0.728,4.300,0.742,0.728,4.200,0.741,0.728
20230301_0536,-4.820,149.590,597.000,CX.PB09.,-21.796,-69.242,133.594,1596.978,1619.587,1626.503,44.000,1.422,0.023,-0.081,-0.077,-0.080,-0.085,-2.500,0.800,0.814,-0.566,-4.100,0.629,0.629,-4.300,0.581,0.629,-4.500,0.613,0.629,-4.500,0.626,0.629,-4.400,0.589,0.629
20230301_0536,-4.820,149.590,597.000,IV.CGL.,39.366,9.296,130.238,1576.425,1596.269,1602.270,45.000,1.626,0.224,0.193,0.205,0.209,0.201,2.200,2.000,0.468,0.452,1.100,0.435,0.435,1.500,0.431,0.435,1.100,0.430,0.435,1.100,0.435,0.435,1.100,0.435,0.435
20230301_0536,-4.820,149.590,597.000,C1.MT01.,-33.864,-71.251,125.391,1546.101,1562.265,1567.102,46.000,1.068,0.086,0.067,0.062,0.056,0.062,-3.500,-3.500,0.617,0.604,-3.900,0.727,0.727,-4.200,0.816,0.727,-4.400,0.811,0.727,-4.400,0.803,0.727,-4.300,0.809,0.727
20230301_0536,-4.820,149.590,597.000,OE.WTTA.,47.264,11.636,124.325,1539.330,1554.739,1559.342,47.000,4.027,0.596,0.540,0.540,0.528,0.533,0.900,1.100,0.662,0.706,0.400,0.883,0.883,0.400,0.887,0.883,0.200,0.894,0.883,0.200,0.895,0.883,0.200,0.894,0.883
20230301_0536,-4.820,149.590,597.000,CR.7491.,45.507,15.845,122.875,1530.064,1544.481,1548.777,48.000,2.284,0.477,0.435,0.444,0.429,0.446,1.900,2.000,0.776,0.762,1.400,0.854,0.854,1.500,0.886,0.854,1.400,0.888,0.854,1.400,0.885,0.854,1.300,0.883,0.854
20230301_0536,-4.820,149.590,597.000,IV.USI.,38.708,13.179,128.007,1562.553,1580.659,1586.103,49.000,4.295,0.520,0.508,0.522,0.524,0.518,-0.400,-0.700,0.651,0.590,-1.300,0.630,0.630,-1.000,0.653,0.630,-1.300,0.638,0.630,-1.300,0.641,0.630,-1.300,0.640,0.630
20230301_0536,-4.820,149.590,597.000,GR.MOX.,50.646,11.616,122.300,1526.365,1540.398,1544.576,50.000,3.023,0.644,0.602,0.589,0.574,0.584,0.100,0.000,0.842,0.845,-0.200,0.646,0.646,-0.100,0.676,0.646,-0.100,0.658,0.646,-0.100,0.664,0.646,-0.100,0.658,0.646
20230301_0536,-4.820,149.590,597.000,TH.CHRS.,51.610,10.819,122.091,1525.020,1538.915,1543.051,51.000,4.594,0.511,0.509,0.504,0.511,0.506,0.200,-0.200,0.505,0.495,4.900,0.647,0.647,5.100,0.638,0.647,5.000,0.633,0.647,5.000,0.639,0.647,5.000,0.634,0.647
20230301_0536,-4.820,149.590,597.000,ZC.BADR.,18.390,-70.356,138.715,1627.626,1654.830,1663.304,52.000,1.923,0.142,0.123,0.123,0.124,0.124,-3.900,-4.600,0.746,0.922,-0.100,0.594,0.594,-5.200,0.575,0.594,-5.800,0.622,0.594,-5.600,0.594,0.594,-5.400,0.590,0.594
20230301_0536,-4.820,149.590,597.000,IV.PTCC.,46.408,13.354,123.853,1536.323,1551.405,1555.907,53.000,0.987,0.141,0.123,0.117,0.112,0.114,5.300,4.400,0.409,0.621,4.600,0.444,0.444,4.600,0.433,0.444,4.400,0.431,0.444,4.400,0.433,0.444,4.400,0.429,0.444
20230301_0536,-4.820,149.590,597.000,TH.POSS.,51.333,10.867,122.242,1525.995,1539.991,1544.157,54.000,3.651,0.399,0.399,0.405,0.411,0.408,1.000,1.100,0.704,0.821,1.000,0.661,0.661,1.100,0.670,0.661,1.000,0.665,0.661,1.100,0.666,0.661,1.000,0.666,0.661
20230301_0536,-4.820,149.590,597.000,TH.ZEU.,50.671,11.977,122.104,1525.102,1539.007,1543.145,55.000,0.504,0.158,0.145,0.144,0.142,0.143,11.600,0.200,0.081,-0.038,0.300,0.496,0.496,0.500,0.504,0.496,0.300,0.504,0.496,0.300,0.514,0.496,0.300,0.505,0.496
20230301_0536,-4.820,149.590,597.000,CH.TORNY.,46.774,6.959,127.129,1557.058,1574.498,1579.733,56.000,1.562,0.365,0.367,0.376,0.381,0.384,1.000,1.200,0.828,0.822,1.200,0.729,0.729,1.400,0.748,0.729,1.300,0.754,0.729,1.200,0.756,0.729,1.200,0.752,0.729
20230301_0536,-4.820,149.590,597.000,BX.GMARE.,-19.389,22.162,122.913,1530.306,1544.748,1549.052,57.000,1.480,0.067,0.063,0.091,0.089,0.079,-9.500,-0.700,0.459,-0.216,-9.500,0.507,0.507,-9.400,0.531,0.507,-9.400,0.581,0.507,-9.300,0.575,0.507,-9.300,0.557,0.507
20230301_0536,-4.820,149.590,597.000,CX.PB16.,-18.335,-69.508,135.043,1605.739,1629.599,1636.940,58.000,0.773,0.036,0.054,-0.086,-0.085,0.051,-0.200,3.500,0.509,-0.843,7.600,0.568,0.568,4.400,0.746,0.568,8.800,0.560,0.568,8.800,0.576,0.568,4.400,0.755,0.568
20230301_0536,-4.820,149.590,597.000,MN.DIVS.,44.098,19.992,120.971,1517.785,1530.957,1534.870,59.000,3.021,0.615,0.608,0.624,0.612,0.613,1.100,1.300,0.937,0.968,1.200,0.829,0.829,1.300,0.833,0.829,1.000,0.826,0.829,1.200,0.816,0.829,1.200,0.819,0.829
20230301_0536,-4.820,149.590,597.000,TH.CRUX.,50.602,10.792,122.737,1529.178,1543.502,1547.770,60.000,2.810,0.485,0.470,0.465,0.467,0.463,0.600,-0.100,0.751,0.660,-0.300,0.680,0.680,0.000,0.695,0.680,-0.200,0.690,0.680,-0.100,0.694,0.680,-0.200,0.690,0.680
20230301_0536,-4.820,149.590,597.000,GE.VAL.,51.939,-10.244,130.002,1574.962,1594.619,1600.559,61.000,2.980,0.451,0.452,0.450,0.449,0.449,-0.500,0.700,0.738,0.628,-0.200,0.792,0.792,0.000,0.786,0.792,-0.200,0.783,0.792,-0.400,0.791,0.792,-0.400,0.792,0.792
20230301_0536,-4.820,149.590,597.000,LU.KIND.,49.694,5.864,125.714,1548.145,1564.542,1569.452,62.000,1.302,0.271,0.263,0.278,0.290,0.287,2.400,2.600,0.880,0.913,2.300,0.841,0.841,2.400,0.846,0.841,2.200,0.843,0.841,2.200,0.842,0.841,2.200,0.844,0.841
20230301_0536,-4.820,149.590,597.000,LD.NPNY.,41.755,-74.144,126.376,1552.326,1569.206,1574.267,63.000,1.674,0.426,0.399,0.403,0.402,0.398,1.200,0.700,0.755,0.706,0.500,0.829,0.829,0.200,0.864,0.829,0.000,0.867,0.829,0.100,0.859,0.829,0.100,0.863,0.829
20230301_0536,-4.820,149.590,597.000,IV.ISTR.,38.787,15.192,126.589,1553.664,1570.701,1575.811,64.000,1.932,0.384,0.365,0.372,0.365,0.367,-0.100,-4.300,0.505,-0.843,1.700,0.539,0.539,1.900,0.534,0.539,1.600,0.521,0.539,1.800,0.529,0.539,1.700,0.524,0.539
20230301_0536,-4.820,149.590,597.000,FR.ISO.01,44.184,7.050,128.739,1567.121,1585.790,1591.413,65.000,1.262,0.251,0.272,0.289,0.288,0.279,1.100,1.200,0.780,0.773,1.300,0.665,0.665,1.400,0.670,0.665,1.200,0.662,0.665,1.200,0.657,0.665,1.200,0.659,0.665
20230301_0536,-4.820,149.590,597.000,CX.PB03.,-22.048,-69.753,133.057,1593.716,1615.870,1622.633,66.000,1.145,0.169,0.175,0.189,0.185,0.173,1.800,4.700,0.697,-0.693,-0.200,0.626,0.626,-0.400,0.616,0.626,-0.500,0.626,0.626,-0.600,0.634,0.626,-0.400,0.619,0.626
20230301_0536,-4.820,149.590,597.000,RD.MFF.,46.601,-0.141,130.719,1579.392,1599.622,1605.748,67.000,1.515,0.376,0.370,0.360,0.352,0.356,0.300,1.100,0.586,0.502,-0.700,0.430,0.430,-0.700,0.415,0.430,-0.900,0.436,0.430,-1.000,0.443,0.430,-1.000,0.441,0.430
20230301_0536,-4.820,149.590,597.000,GR.GRB3.,49.343,11.805,122.996,1530.840,1545.338,1549.659,68.000,2.847,0.460,0.480,0.476,0.479,0.477,0.400,3.500,0.668,0.246,3.200,0.635,0.635,3.200,0.627,0.635,3.100,0.616,0.635,3.200,0.623,0.635,3.100,0.616,0.635
20230301_0536,-4.820,149.590,597.000,TH.MEHR.,51.283,10.659,122.374,1526.845,1540.928,1545.121,69.000,3.161,0.368,0.350,0.337,0.332,0.333,-1.900,-2.200,0.456,0.417,3.300,0.613,0.613,3.500,0.578,0.613,3.400,0.571,0.613,3.400,0.577,0.613,3.400,0.571,0.613
20230301_0536,-4.820,149.590,597.000,BW.MROB.,50.083,12.179,122.357,1526.735,1540.807,1544.997,70.000,2.120,0.337,0.337,0.340,0.341,0.339,1.500,1.500,0.551,0.818,1.100,0.566,0.566,1.200,0.549,0.566,1.200,0.541,0.566,1.200,0.542,0.566,1.200,0.538,0.566
20230301_0536,-4.820,149.590,597.000,OE.VIE.,48.248,16.362,121.142,1518.891,1532.171,1536.118,71.000,4.839,0.448,0.419,0.434,0.421,0.425,1.100,1.900,0.576,0.419,1.400,0.702,0.702,1.600,0.684,0.702,1.300,0.676,0.702,1.300,0.665,0.702,1.300,0.671,0.702
20230301_0536,-4.820,149.590,597.000,GR.LUEB.,52.297,8.699,122.639,1528.549,1542.808,1547.055,72.000,0.346,0.009,0.011,0.011,0.011,0.011,11.400,-3.300,0.291,-0.962,-8.700,0.587,0.587,-8.400,0.580,0.587,-8.500,0.581,0.587,-8.500,0.583,0.587,-8.600,0.583,0.587
20230301_0536,-4.820,149.590,597.000,C.GO04.,-30.173,-70.799,127.872,1561.714,1579.718,1585.130,73.000,0.344,0.001,-0.028,-0.027,-0.025,-0.029,9.300,-3.900,0.616,-0.991,-9.100,0.387,0.387,-9.200,0.413,0.387,-9.400,0.403,0.387,-9.500,0.399,0.387,-9.200,0.410,0.387
20230301_0536,-4.820,149.590,597.000,FR.RUSF.07,43.941,5.484,129.759,1573.459,1592.924,1598.802,74.000,2.350,0.402,0.347,0.378,0.382,0.386,2.400,2.600,0.867,0.876,1.600,0.842,0.842,1.800,0.835,0.842,1.600,0.830,0.842,1.500,0.836,0.842,1.500,0.837,0.842
20230301_0536,-4.820,149.590,597.000,FR.FILF.00,42.560,2.417,132.345,1589.370,1610.927,1617.492,75.000,0.725,0.103,0.106,0.104,0.102,0.099,-1.500,-1.600,0.693,0.718,-1.400,0.385,0.385,-1.200,0.410,0.385,-1.400,0.406,0.385,-1.500,0.397,0.385,-1.500,0.402,0.385
20230301_0536,-4.820,149.590,597.000,CR.OZLJ.,45.615,15.467,123.045,1531.153,1545.684,1550.015,76.000,1.291,0.467,0.455,0.444,0.437,0.451,2.600,3.300,0.790,0.832,2.400,0.829,0.829,2.600,0.813,0.829,2.400,0.814,0.829,2.500,0.813,0.829,2.400,0.820,0.829
20230301_0536,-4.820,149.590,597.000,GU.CIRO.,45.602,7.568,127.559,1559.752,1577.517,1582.853,77.000,2.823,0.419,0.408,0.447,0.456,0.453,2.100,2.000,0.846,0.757,1.200,0.867,0.867,1.400,0.879,0.867,1.200,0.873,0.867,1.200,0.874,0.867,1.200,0.873,0.867
20230301_0536,-4.820,149.590,597.000,EI.ILTH.,54.028,-6.336,127.042,1556.516,1573.891,1579.106,78.000,3.224,0.474,0.463,0.453,0.439,0.439,-1.300,-0.300,0.737,0.620,-1.700,0.592,0.592,-1.400,0.608,0.592,-1.500,0.610,0.592,-1.700,0.614,0.592,-1.700,0.612,0.592
20230301_0536,-4.820,149.590,597.000,BX.PHPEN.,-25.476,22.857,120.124,1512.292,1524.929,1528.680,79.000,1.036,0.010,0.054,0.002,-0.015,0.009,1.500,-1.700,0.555,-0.513,3.400,0.596,0.596,1.800,0.718,0.596,1.800,0.694,0.596,1.900,0.705,0.596,1.900,0.719,0.596
20230301_0536,-4.820,149.590,597.000,CR.7440.,46.004,16.120,122.455,1527.363,1541.499,1545.708,80.000,1.744,0.057,0.060,0.051,0.048,0.049,-3.100,0.500,0.421,-0.507,-3.500,0.584,0.584,-3.400,0.581,0.584,-3.600,0.594,0.584,-3.500,0.587,0.584,-3.500,0.591,0.584
20230301_0536,-4.820,149.590,597.000,GR.UBR.,47.680,10.107,124.900,1542.989,1558.803,1563.531,81.000,6.750,0.402,0.349,0.375,0.373,0.385,1.800,2.000,0.757,0.721,1.500,0.943,0.943,1.600,0.938,0.943,1.400,0.938,0.943,1.400,0.938,0.943,1.300,0.938,0.943
20230301_0536,-4.820,149.590,597.000,PM.PFVI.,37.133,-8.827,142.133,1647.618,1678.123,1687.733,82.000,1.671,0.388,0.295,0.310,0.334,0.325,2.200,2.200,0.959,0.943,1.400,0.980,0.980,2.300,0.980,0.980,2.100,0.977,0.980,1.900,0.968,0.980,2.100,0.971,0.980
20230301_0536,-4.820,149.590,597.000,GR.CLL.,51.308,13.002,121.204,1519.296,1532.617,1536.576,83.000,4.317,0.517,0.529,0.529,0.541,0.530,-0.300,-4.100,0.662,-0.391,4.700,0.719,0.719,4.800,0.733,0.719,4.600,0.755,0.719,4.700,0.757,0.719,4.600,0.761,0.719
20230301_0536,-4.820,149.590,597.000,CH.WILA.,47.415,8.908,125.699,1548.052,1564.438,1569.344,84.000,1.235,0.275,0.297,0.306,0.314,0.304,2.200,5.300,0.638,-0.624,1.800,0.580,0.580,1.800,0.578,0.580,1.600,0.580,0.580,1.600,0.587,0.580,1.500,0.580,0.580
20230301_0536,-4.820,149.590,597.000,NU.CNGN.,12.500,-86.699,123.926,1536.789,1551.922,1556.439,85.000,1.014,0.071,0.075,0.093,0.087,0.079,8.000,0.000,0.483,-0.831,7.800,0.335,0.335,7.400,0.297,0.335,6.800,0.274,0.335,7.300,0.290,0.335,7.400,0.295,0.335
20230301_0536,-4.820,149.590,597.000,CH.AIGLE.,46.342,6.953,127.412,1558.837,1576.491,1581.793,86.000,4.410,0.350,0.356,0.372,0.384,0.371,2.500,-2.400,0.420,0.318,2.000,0.383,0.383,2.300,0.379,0.383,2.100,0.370,0.383,2.000,0.367,0.383,2.000,0.368,0.383
20230301_0536,-4.820,149.590,597.000,BW.ALFT.,48.142,11.280,123.995,1537.228,1552.408,1556.940,87.000,0.492,0.122,0.132,0.132,0.132,0.132,-6.600,-2.800,0.146,-0.827,0.000,0.631,0.631,0.100,0.632,0.631,-0.200,0.630,0.631,-0.200,0.630,0.631,-0.200,0.635,0.631
20230301_0536,-4.820,149.590,597.000,TH.GEIDO.,50.735,12.200,121.952,1524.127,1537.932,1542.040,88.000,0.349,0.051,0.048,0.048,0.048,0.048,15.600,2.900,0.002,-0.574,-8.100,0.415,0.415,-8.000,0.430,0.415,-8.000,0.435,0.415,-8.000,0.438,0.415,-8.000,0.437,0.415
20230301_0536,-4.820,149.590,597.000,C1.CO04.,-32.043,-70.975,126.661,1554.117,1571.208,1576.334,89.000,1.055,0.128,0.020,0.019,0.022,0.013,-1.100,4.700,0.810,0.806,4.300,0.823,0.823,4.000,0.708,0.823,3.700,0.686,0.823,3.700,0.683,0.823,3.900,0.704,0.823
20230301_0536,-4.820,149.590,597.000,FR.PAND.00,42.524,1.546,132.835,1592.363,1614.330,1621.031,90.000,1.038,0.238,0.181,0.181,0.182,0.181,2.000,-1.500,0.671,0.255,0.800,0.484,0.484,1.300,0.481,0.484,1.100,0.477,0.484,1.000,0.477,0.484,1.000,0.476,0.484
20230301_0536,-4.820,149.590,597.000,BW.TON.,48.174,11.289,123.971,1537.075,1552.239,1556.765,91.000,2.440,0.586,0.623,0.628,0.627,0.628,0.900,1.100,0.930,0.941,0.400,0.850,0.850,0.400,0.864,0.850,0.300,0.861,0.850,0.300,0.861,0.850,0.200,0.864,0.850
20230301_0536,-4.820,149.590,597.000,FR.ILLF.00,47.683,7.254,126.383,1552.367,1569.252,1574.314,92.000,2.615,0.462,0.478,0.497,0.503,0.506,1.200,1.500,0.845,0.833,1.100,0.915,0.915,1.300,0.930,0.915,1.100,0.925,0.915,1.000,0.926,0.915,1.000,0.925,0.915
20230301_0536,-4.820,149.590,597.000,IV.MRGE.,45.770,7.061,127.724,1560.789,1578.680,1584.056,93.000,3.076,0.647,0.618,0.635,0.634,0.636,1.300,1.500,0.859,0.908,0.500,0.929,0.929,0.700,0.917,0.929,0.600,0.916,0.929,0.500,0.916,0.929,0.500,0.919,0.929
20230301_0536,-4.820,149.590,597.000,CR.7500.,45.424,16.188,122.711,1529.007,1543.314,1547.576,94.000,1.234,0.356,0.321,0.317,0.312,0.309,7.100,-2.700,0.682,-0.317,7.100,0.603,0.603,7.200,0.596,0.603,7.100,0.595,0.603,7.200,0.594,0.603,7.200,0.593,0.603
20230301_0536,-4.820,149.590,597.000,LU.EIF05.,49.997,6.498,125.208,1544.944,1560.978,1565.774,95.000,2.256,0.302,0.292,0.290,0.290,0.288,-1.400,-2.000,0.611,0.583,-2.300,0.652,0.652,-2.300,0.664,0.652,-2.500,0.661,0.652,-2.500,0.663,0.652,-2.500,0.663,0.652
20230301_0536,-4.820,149.590,597.000,GR.GRA4.,49.564,11.435,123.053,1531.206,1545.743,1550.076,96.000,1.888,0.549,0.532,0.522,0.507,0.518,0.300,0.200,0.674,0.647,0.600,0.471,0.471,0.600,0.471,0.471,0.500,0.461,0.471,0.600,0.463,0.471,0.500,0.459,0.471
20230301_0536,-4.820,149.590,597.000,OE.CSNA.,47.928,15.859,121.596,1521.831,1535.404,1539.441,97.000,5.136,0.714,0.697,0.720,0.709,0.714,1.200,1.400,0.895,0.927,0.900,0.937,0.937,1.000,0.931,0.937,0.800,0.934,0.937,0.900,0.928,0.937,0.800,0.932,0.937
20230301_0536,-4.820,149.590,597.000,C.GO02.,-25.163,-69.590,131.559,1584.559,1605.469,1611.820,98.000,2.383,0.158,0.123,0.122,0.117,0.119,0.800,-2.100,0.707,-0.367,0.700,0.345,0.345,-0.700,0.405,0.345,-0.600,0.400,0.345,-0.500,0.401,0.345,-0.700,0.410,0.345
20230301_0536,-4.820,149.590,597.000,PR.PCDR.,18.514,-68.381,140.494,1638.079,1666.978,1676.033,99.000,2.389,0.339,0.358,0.342,0.346,0.354,0.800,0.600,0.627,0.619,0.100,0.935,0.935,-0.300,0.843,0.935,-0.800,0.891,0.935,-0.700,0.884,0.935,-0.500,0.863,0.935
20230301_0536,-4.820,149.590,597.000,C1.VA06.,-32.561,-71.298,126.135,1550.805,1567.508,1572.514,100.000,0.388,0.051,0.064,0.061,0.060,0.064,10.200,-4.200,0.664,-0.996,-9.100,0.337,0.337,-9.500,0.371,0.337,-9.700,0.366,0.337,-9.700,0.362,0.337,-9.500,0.372,0.337
20230301_0536,-4.820,149.590,597.000,CX.PB14.,-24.626,-70.404,131.220,1582.478,1603.112,1609.372,101.000,0.826,0.170,0.069,0.072,0.075,0.067,-0.800,-4.800,0.577,-0.665,-9.200,0.662,0.662,-9.600,0.634,0.662,-9.700,0.610,0.662,-9.700,0.612,0.662,-9.700,0.632,0.662
20230301_0536,-4.820,149.590,597.000,CH.SENIN.,46.363,7.299,127.216,1557.605,1575.111,1580.367,102.000,3.281,0.268,0.246,0.257,0.262,0.267,2.400,2.600,0.866,0.876,2.200,0.832,0.832,2.400,0.863,0.832,2.200,0.865,0.832,2.200,0.865,0.832,2.200,0.865,0.832
20230301_0536,-4.820,149.590,597.000,IV.LAV9.,41.678,12.699,126.814,1555.081,1572.286,1577.448,103.000,1.342,0.442,0.405,0.440,0.449,0.438,0.400,-2.800,0.888,-0.820,0.700,0.655,0.655,0.700,0.644,0.655,0.500,0.655,0.655,0.500,0.655,0.655,0.500,0.654,0.655
20230301_0536,-4.820,149.590,597.000,IV.CRMI.,43.796,10.980,126.710,1554.427,1571.555,1576.692,104.000,2.439,0.289,0.295,0.303,0.304,0.297,-2.400,-2.200,0.589,0.602,-2.200,0.466,0.466,-2.200,0.487,0.466,-2.300,0.487,0.466,-2.300,0.489,0.466,-2.400,0.488,0.466
20230301_0536,-4.820,149.590,597.000,FR.LRVF.00,44.948,-0.310,132.029,1587.440,1608.735,1615.213,105.000,2.054,0.249,0.300,0.306,0.308,0.309,5.000,4.900,0.516,0.556,4.000,0.599,0.599,4.400,0.610,0.599,4.200,0.605,0.599,4.100,0.606,0.599,4.100,0.605,0.599
20230301_0536,-4.820,149.590,597.000,C1.LR04.,-39.880,-73.426,120.346,1513.734,1526.511,1530.304,106.000,0.339,-0.002,-0.007,-0.005,-0.002,-0.005,-11.900,0.400,0.156,-0.997,-8.900,0.424,0.424,-9.100,0.453,0.424,-9.200,0.436,0.424,-9.100,0.417,0.424,-9.100,0.435,0.424
20230301_0536,-4.820,149.590,597.000,CH.FIESA.,46.435,8.111,126.739,1554.612,1571.762,1576.906,107.000,2.263,0.434,0.451,0.483,0.496,0.495,2.000,2.200,0.771,0.766,1.600,0.926,0.926,1.700,0.928,0.926,1.500,0.923,0.926,1.500,0.925,0.926,1.500,0.925,0.926
20230301_0536,-4.820,149.590,597.000,GE.SALTA.,-24.224,-66.340,134.535,1602.678,1626.096,1633.286,108.000,1.473,0.215,0.016,-0.004,-0.008,0.011,-1.600,-1.700,0.664,0.591,-2.600,0.870,0.870,-2.600,0.689,0.870,-2.900,0.711,0.870,-3.000,0.709,0.870,-2.700,0.691,0.870
20230301_0536,-4.820,149.590,597.000,CR.7498.,45.748,16.613,122.290,1526.304,1540.332,1544.508,109.000,2.303,0.509,0.473,0.501,0.493,0.496,1.500,1.500,0.691,0.719,0.800,0.871,0.871,1.100,0.890,0.871,0.800,0.892,0.871,0.900,0.890,0.871,0.900,0.891,0.871
20230301_0536,-4.820,149.590,597.000,IV.CASP.,42.791,10.865,127.347,1558.429,1576.034,1581.321,110.000,1.619,-0.035,-0.058,-0.052,-0.055,-0.055,-3.600,-3.800,0.607,0.505,-4.200,0.722,0.722,-4.100,0.730,0.722,-4.200,0.725,0.722,-4.200,0.727,0.722,-4.300,0.726,0.722
20230301_0536,-4.820,149.590,597.000,IV.CIGN.,41.654,14.905,125.409,1546.214,1562.391,1567.232,111.000,3.457,0.304,0.290,0.299,0.297,0.297,1.000,1.200,0.867,0.867,0.900,0.657,0.657,1.000,0.653,0.657,0.800,0.646,0.657,0.900,0.650,0.657,0.800,0.651,0.657
20230301_0536,-4.820,149.590,597.000,EI.VAL.,51.939,-10.244,130.002,1574.962,1594.619,1600.559,112.000,2.980,0.451,0.452,0.450,0.449,0.449,-0.500,0.700,0.738,0.628,-0.200,0.792,0.792,0.000,0.786,0.792,-0.200,0.783,0.792,-0.400,0.791,0.792,-0.400,0.792,0.792
20230301_0536,-4.820,149.590,597.000,C1.BO02.,-34.792,-70.781,125.135,1544.479,1560.459,1565.239,113.000,0.754,0.229,0.176,0.190,0.206,0.183,0.800,3.800,0.685,-0.734,-0.100,0.765,0.765,-0.500,0.870,0.765,-0.700,0.885,0.765,-0.700,0.892,0.765,-0.600,0.879,0.765
20230301_0536,-4.820,149.590,597.000,FR.VIEF.00,42.882,0.023,133.373,1595.635,1618.055,1624.908,114.000,2.241,0.543,0.560,0.568,0.577,0.576,2.300,2.400,0.780,0.816,1.000,0.797,0.797,1.300,0.785,0.797,1.100,0.784,0.797,1.000,0.790,0.797,1.000,0.788,0.797
20230301_0536,-4.820,149.590,597.000,CR.HVAR.,43.178,16.449,123.668,1535.141,1550.097,1554.558,115.000,7.410,0.662,0.655,0.700,0.680,0.681,1.600,1.700,0.888,0.901,1.100,0.941,0.941,1.200,0.955,0.941,0.900,0.958,0.941,1.000,0.955,0.941,1.000,0.955,0.941
20230301_0536,-4.820,149.590,597.000,CH.EMBD.,46.217,7.832,127.027,1556.417,1573.781,1578.992,116.000,2.928,0.502,0.488,0.521,0.531,0.528,1.900,1.900,0.930,0.887,1.400,0.896,0.896,1.500,0.904,0.896,1.200,0.910,0.896,1.200,0.909,0.896,1.300,0.908,0.896
20230301_0536,-4.820,149.590,597.000,GR.GRB4.,49.468,11.559,123.048,1531.169,1545.702,1550.034,117.000,1.736,0.326,0.313,0.319,0.316,0.316,1.800,2.700,0.574,0.673,2.200,0.695,0.695,2.400,0.671,0.695,2.200,0.679,0.695,2.200,0.680,0.695,2.200,0.676,0.695
20230301_0536,-4.820,149.590,597.000,IV.IACL.,38.533,14.355,127.285,1558.037,1575.595,1580.867,118.000,5.962,0.488,0.491,0.477,0.479,0.481,-6.600,-3.400,0.750,-0.795,-0.700,0.800,0.800,-0.500,0.799,0.800,-0.700,0.794,0.800,-0.700,0.799,0.800,-0.700,0.798,0.800
20230301_0536,-4.820,149.590,597.000,FR.ATE.01,43.086,-0.701,133.589,1596.951,1619.555,1626.470,119.000,2.330,0.424,0.396,0.407,0.420,0.417,2.500,2.100,0.731,0.604,2.000,0.752,0.752,2.300,0.722,0.752,2.200,0.731,0.752,2.000,0.731,0.752,2.000,0.731,0.752
20230301_0536,-4.820,149.590,597.000,BW.KW1.,48.122,12.597,123.298,1532.772,1547.475,1551.859,120.000,2.005,0.460,0.473,0.510,0.513,0.511,1.600,1.800,0.724,0.639,0.900,0.852,0.852,1.100,0.864,0.852,0.800,0.875,0.852,0.900,0.873,0.852,0.900,0.875,0.852
20230301_0536,-4.820,149.590,597.000,LD.WADE.,38.679,-75.250,127.164,1557.281,1574.749,1579.992,121.000,0.348,0.031,0.002,0.008,0.010,0.008,9.400,-4.100,0.619,-0.998,-8.800,0.455,0.455,-9.100,0.449,0.455,-9.400,0.448,0.455,-9.300,0.448,0.455,-9.200,0.447,0.455
20230301_0536,-4.820,149.590,597.000,GR.GOLD.,52.922,9.425,121.895,1523.756,1537.523,1541.620,122.000,3.407,0.332,0.369,0.393,0.402,0.398,2.700,2.600,0.729,0.844,2.100,0.883,0.883,2.200,0.890,0.883,2.200,0.888,0.883,2.200,0.889,0.883,2.100,0.889,0.883
20230301_0536,-4.820,149.590,597.000,WM.TIO.,30.927,-7.262,146.012,1669.827,1704.312,1715.318,123.000,4.655,0.440,0.395,0.404,0.419,0.413,1.400,-2.700,0.813,-0.780,-7.100,0.525,0.525,1.100,0.608,0.525,0.700,0.644,0.525,0.400,0.686,0.525,0.600,0.664,0.525
20230301_0536,-4.820,149.590,597.000,IV.MTCE.,42.023,12.742,126.605,1553.765,1570.814,1575.927,124.000,1.801,0.412,0.399,0.427,0.425,0.422,1.100,1.300,0.892,0.868,0.800,0.892,0.892,1.000,0.891,0.892,0.700,0.886,0.892,0.700,0.888,0.892,0.800,0.888,0.892
20230301_0536,-4.820,149.590,597.000,C1.CO02.,-31.204,-71.000,127.135,1557.096,1574.541,1579.777,125.000,1.632,0.103,-0.024,-0.011,0.005,-0.027,-1.300,-4.500,0.761,-0.806,-2.400,0.645,0.645,-2.500,0.589,0.645,-9.900,0.586,0.645,-9.800,0.597,0.645,-2.600,0.587,0.645
20230301_0536,-4.820,149.590,597.000,II.BFO.00,48.330,8.330,125.416,1546.259,1562.441,1567.283,126.000,4.590,0.370,0.396,0.377,0.369,0.370,-1.600,4.500,0.540,0.402,4.300,0.729,0.729,4.300,0.735,0.729,4.200,0.736,0.729,4.200,0.744,0.729,4.100,0.743,0.729
20230301_0536,-4.820,149.590,597.000,FR.STR.00,48.580,7.763,125.539,1547.042,1563.313,1568.183,127.000,1.437,0.352,0.369,0.375,0.372,0.377,1.700,1.700,0.678,0.677,0.900,0.739,0.739,1.000,0.734,0.739,0.800,0.740,0.739,0.800,0.749,0.739,0.700,0.745,0.739
20230301_0536,-4.820,149.590,597.000,GR.BFO.,48.330,8.330,125.416,1546.259,1562.441,1567.283,128.000,4.495,0.386,0.413,0.394,0.386,0.387,-1.700,4.500,0.532,0.391,4.300,0.721,0.721,4.300,0.726,0.721,4.200,0.727,0.721,4.200,0.736,0.721,4.100,0.734,0.721
20230301_0536,-4.820,149.590,597.000,FR.LABF.00,43.046,0.073,133.230,1594.766,1617.065,1623.877,129.000,2.079,0.333,0.280,0.290,0.294,0.300,3.200,3.600,0.817,0.639,2.300,0.891,0.891,2.500,0.882,0.891,2.400,0.886,0.891,2.300,0.889,0.891,2.300,0.890,0.891
20230301_0536,-4.820,149.590,597.000,IV.PARC.,43.649,12.239,126.039,1550.197,1566.830,1571.813,130.000,7.105,0.534,0.504,0.536,0.532,0.534,2.000,2.100,0.979,0.941,1.500,0.916,0.916,1.600,0.920,0.916,1.400,0.918,0.916,1.500,0.918,0.916,1.400,0.916,0.916
20230301_0536,-4.820,149.590,597.000,WM.AVE.,33.298,-7.413,144.371,1660.494,1693.265,1703.667,131.000,2.878,0.206,0.281,0.306,0.334,0.319,2.200,2.200,0.893,0.855,1.900,0.897,0.897,1.800,0.961,0.897,1.600,0.973,0.897,1.300,0.981,0.897,1.400,0.976,0.897
20230301_0536,-4.820,149.590,597.000,LU.FDGR.,49.534,5.864,125.824,1548.842,1565.319,1570.254,132.000,1.514,0.386,0.404,0.416,0.415,0.419,1.300,1.300,0.927,0.903,1.000,0.861,0.861,1.200,0.876,0.861,0.900,0.871,0.861,1.000,0.873,0.861,0.900,0.872,0.861
20230301_0536,-4.820,149.590,597.000,LU.EIF01.,49.891,6.410,125.322,1545.663,1561.777,1566.599,133.000,2.935,0.438,0.502,0.497,0.504,0.496,-2.300,-2.000,0.685,0.714,-2.600,0.591,0.591,-2.600,0.594,0.591,-2.800,0.590,0.591,-2.700,0.590,0.591,-2.800,0.590,0.591
20230301_0536,-4.820,149.590,597.000,IV.BOB.,44.768,9.448,127.031,1556.442,1573.809,1579.021,134.000,2.151,0.214,0.212,0.237,0.254,0.249,3.000,3.300,0.519,0.508,2.700,0.761,0.761,2.800,0.768,0.761,2.600,0.762,0.761,2.600,0.763,0.761,2.600,0.764,0.761
20230301_0536,-4.820,149.590,597.000,C1.LL04.,-40.910,-72.408,120.307,1513.477,1526.229,1530.015,135.000,1.242,0.104,0.136,0.129,0.123,0.128,-3.400,-3.500,0.615,0.430,-3.200,0.458,0.458,-3.200,0.461,0.458,-3.400,0.440,0.458,-3.400,0.428,0.458,-3.300,0.440,0.458
20230301_0536,-4.820,149.590,597.000,FR.CARF.00,42.715,2.105,132.406,1589.745,1611.353,1617.935,136.000,1.529,0.250,0.290,0.287,0.286,0.285,0.000,-3.700,0.497,-0.242,-7.900,0.522,0.522,-7.700,0.515,0.522,-7.900,0.512,0.522,-7.900,0.521,0.522,-8.000,0.518,0.522
20230301_0536,-4.820,149.590,597.000,TH.MLFH.,50.790,12.081,121.979,1524.299,1538.122,1542.235,137.000,2.068,0.346,0.345,0.340,0.335,0.337,8.700,3.100,0.416,-0.448,-0.700,0.714,0.714,-0.500,0.686,0.714,-0.600,0.688,0.714,-0.600,0.682,0.714,-0.600,0.689,0.714
20230301_0536,-4.820,149.590,597.000,NA.SABY.,17.645,-63.221,145.443,1666.600,1700.485,1711.279,138.000,3.106,0.267,0.255,0.231,0.237,0.248,-6.900,-3.400,0.563,-0.319,7.200,0.526,0.526,-7.200,0.598,0.526,-7.900,0.521,0.526,-7.700,0.542,0.526,-7.400,0.577,0.526
20230301_0536,-4.820,149.590,597.000,WI.CBE.00,16.067,-61.611,147.383,1677.561,1713.502,1725.030,139.000,1.824,0.465,0.496,0.451,0.480,0.493,0.200,0.400,0.574,0.575,-0.400,0.941,0.941,0.100,0.782,0.941,-0.700,0.709,0.941,-0.500,0.730,0.941,-0.200,0.756,0.941
20230301_0536,-4.820,149.590,597.000,C1.BI06.,-36.131,-72.788,123.023,1531.011,1545.528,1549.854,140.000,1.141,0.121,0.017,0.049,0.069,0.026,2.600,3.500,0.351,0.454,2.700,0.502,0.502,-4.000,0.407,0.502,-4.000,0.424,0.502,-4.000,0.428,0.502,-4.100,0.416,0.502
20230301_0536,-4.820,149.590,597.000,IV.MONC.,45.074,7.927,127.695,1560.603,1578.471,1583.841,141.000,1.223,0.344,0.336,0.358,0.354,0.363,1.900,1.900,0.844,0.886,1.400,0.739,0.739,1.600,0.769,0.739,1.400,0.753,0.739,1.400,0.753,0.739,1.300,0.753,0.739
20230301_0536,-4.820,149.590,597.000,BW.MSBB.,50.031,11.973,122.494,1527.614,1541.776,1545.993,142.000,3.021,0.585,0.598,0.582,0.589,0.582,-0.700,-4.300,0.748,-0.571,-1.200,0.533,0.533,-1.100,0.564,0.533,-1.200,0.560,0.533,-1.100,0.564,0.533,-1.200,0.563,0.533
20230301_0536,-4.820,149.590,597.000,IV.MGAB.,42.913,12.112,126.519,1553.225,1570.211,1575.304,143.000,1.958,0.514,0.522,0.538,0.540,0.540,1.000,0.800,0.857,0.845,0.700,0.647,0.647,0.800,0.658,0.647,0.600,0.660,0.647,0.600,0.662,0.647,0.600,0.663,0.647
20230301_0536,-4.820,149.590,597.000,GE.STU.,48.772,9.195,124.693,1541.672,1557.339,1562.022,144.000,3.865,0.449,0.423,0.416,0.417,0.416,-0.200,0.100,0.911,0.932,-0.200,0.814,0.814,-0.200,0.817,0.814,-0.300,0.815,0.814,-0.300,0.817,0.814,-0.400,0.816,0.814
20230301_0536,-4.820,149.590,597.000,MN.RTC.,33.988,-6.857,143.549,1655.781,1687.709,1697.815,145.000,0.248,0.035,-0.020,-0.015,-0.012,-0.015,1.400,-4.800,0.893,-0.490,1.200,0.126,0.126,1.000,0.122,0.126,0.900,0.127,0.126,0.600,0.131,0.126,0.700,0.128,0.126
20230301_0536,-4.820,149.590,597.000,WI.ABD.00,16.474,-61.488,147.376,1677.523,1713.457,1724.982,146.000,1.497,0.448,0.478,0.489,0.490,0.484,0.500,0.600,0.837,0.875,0.200,0.867,0.867,0.400,0.707,0.867,-0.300,0.622,0.867,-0.200,0.643,0.867,0.200,0.670,0.867
20230301_0536,-4.820,149.590,597.000,BX.LKGWB.,-24.114,21.782,121.548,1521.519,1535.061,1539.088,147.000,0.764,0.121,0.090,0.098,0.098,0.093,5.800,-2.300,0.655,-0.574,6.100,0.723,0.723,6.100,0.714,0.723,5.700,0.623,0.723,5.900,0.635,0.723,6.100,0.670,0.723
20230301_0536,-4.820,149.590,597.000,IV.ATFO.,43.367,12.571,125.991,1549.894,1566.492,1571.464,148.000,3.012,0.507,0.476,0.513,0.511,0.511,1.900,1.900,0.965,0.975,1.600,0.860,0.860,1.600,0.870,0.860,1.400,0.862,0.860,1.500,0.863,0.860,1.400,0.860,0.860
20230301_0536,-4.820,149.590,597.000,GR.ZARR.,53.554,10.917,120.806,1516.714,1529.781,1533.662,149.000,2.186,0.265,0.252,0.238,0.240,0.240,3.800,3.900,0.798,0.923,3.700,0.774,0.774,3.900,0.758,0.774,3.700,0.770,0.774,3.800,0.761,0.774,3.800,0.764,0.774
20230301_0536,-4.820,149.590,597.000,IV.ATVO.,43.382,12.407,126.083,1550.475,1567.140,1572.133,150.000,3.284,0.628,0.627,0.653,0.654,0.651,0.900,1.300,0.845,0.894,0.900,0.796,0.796,1.100,0.794,0.796,0.700,0.789,0.796,0.800,0.794,0.796,0.800,0.794,0.796
20230301_0536,-4.820,149.590,597.000,RD.ORIF.,44.918,5.880,128.908,1568.175,1586.975,1592.639,151.000,4.757,0.460,0.462,0.466,0.464,0.465,1.000,4.500,0.640,-0.711,-0.100,0.696,0.696,0.100,0.677,0.696,0.000,0.682,0.696,0.000,0.684,0.696,-0.100,0.684,0.696
20230301_0536,-4.820,149.590,597.000,CH.ACB.,47.588,8.255,125.931,1549.514,1566.069,1571.027,152.000,2.737,0.371,0.366,0.373,0.377,0.374,3.200,4.000,0.523,0.357,3.400,0.624,0.624,3.400,0.645,0.624,3.200,0.651,0.624,3.200,0.654,0.624,3.200,0.653,0.624
20230301_0536,-4.820,149.590,597.000,GE.MATE.,40.649,16.704,124.697,1541.702,1557.372,1562.056,153.000,4.965,0.627,0.611,0.617,0.618,0.615,0.500,0.700,0.830,0.830,0.400,0.681,0.681,0.600,0.697,0.681,0.300,0.691,0.681,0.300,0.693,0.681,0.300,0.693,0.681
20230301_0536,-4.820,149.590,597.000,IV.SNTG.,43.255,12.941,125.825,1548.847,1565.324,1570.259,154.000,3.844,0.597,0.559,0.599,0.599,0.598,1.500,1.900,0.877,0.831,1.100,0.910,0.910,1.300,0.902,0.910,1.000,0.907,0.910,1.000,0.908,0.910,1.000,0.906,0.910
20230301_0536,-4.820,149.590,597.000,C1.AF01.,-22.952,-68.179,133.834,1598.434,1621.246,1628.232,155.000,0.743,0.184,0.039,0.060,0.067,0.037,5.000,1.700,0.609,-0.507,-3.800,0.778,0.778,-4.200,0.768,0.778,-4.300,0.768,0.778,-4.200,0.771,0.778,-4.200,0.767,0.778
20230301_0536,-4.820,149.590,597.000,GE.KTHA.,36.257,23.062,121.868,1523.583,1537.333,1541.424,156.000,4.015,0.749,0.733,0.743,0.732,0.737,0.800,1.100,0.728,0.723,0.400,0.897,0.897,0.700,0.859,0.897,0.400,0.883,0.897,0.600,0.865,0.897,0.600,0.867,0.897
20230301_0536,-4.820,149.590,597.000,OE.RETA.,47.487,10.762,124.667,1541.507,1557.156,1561.833,157.000,5.984,0.610,0.613,0.631,0.629,0.628,1.100,1.300,0.694,0.746,0.700,0.930,0.930,0.800,0.926,0.930,0.600,0.932,0.930,0.600,0.933,0.930,0.600,0.931,0.930
20230301_0536,-4.820,149.590,597.000,IV.FIAM.,42.268,13.117,126.239,1551.463,1568.243,1573.271,158.000,2.741,0.342,0.344,0.374,0.377,0.373,-5.400,-1.600,0.678,-0.590,-5.700,0.781,0.781,-5.500,0.779,0.781,-5.800,0.781,0.781,-5.800,0.780,0.781,-5.800,0.778,0.781
20230301_0536,-4.820,149.590,597.000,CH.CHAMB.,46.782,6.612,127.303,1558.149,1575.720,1580.996,159.000,2.115,0.454,0.507,0.520,0.525,0.517,0.300,0.500,0.883,0.883,-0.100,0.776,0.776,0.000,0.806,0.776,-0.100,0.807,0.776,-0.100,0.810,0.776,-0.200,0.808,0.776
20230301_0536,-4.820,149.590,597.000,C1.AC05.,-28.836,-70.274,129.012,1568.822,1587.704,1593.394,160.000,1.972,0.144,0.037,0.043,0.051,0.038,-1.900,-1.800,0.780,0.730,-3.100,0.827,0.827,-3.500,0.838,0.827,-3.700,0.857,0.827,-3.600,0.861,0.827,-3.600,0.836,0.827
20230301_0536,-4.820,149.590,597.000,CH.MUGIO.,45.922,9.042,126.556,1553.458,1570.472,1575.573,161.000,2.214,0.588,0.593,0.629,0.639,0.636,1.300,1.500,0.835,0.857,0.900,0.925,0.925,1.000,0.919,0.925,0.800,0.920,0.925,0.800,0.919,0.925,0.700,0.922,0.925
20230301_0536,-4.820,149.590,597.000,GR.UBBA.,50.819,10.001,122.989,1530.791,1545.285,1549.604,162.000,2.804,0.565,0.539,0.536,0.529,0.534,0.900,0.600,0.535,0.514,1.200,0.543,0.543,1.300,0.536,0.543,1.200,0.525,0.543,1.200,0.529,0.543,1.200,0.525,0.543
20230301_0536,-4.820,149.590,597.000,CH.PLONS.,47.049,9.381,125.676,1547.908,1564.278,1569.179,163.000,1.785,0.519,0.519,0.538,0.537,0.536,1.200,1.600,0.799,0.798,1.200,0.934,0.934,1.200,0.935,0.934,1.000,0.936,0.934,1.000,0.939,0.934,1.000,0.937,0.934
20230301_0536,-4.820,149.590,597.000,TH.MENTE.,51.316,10.580,122.392,1526.960,1541.055,1545.251,164.000,2.286,0.287,0.369,0.358,0.362,0.360,-1.100,2.400,0.770,-0.774,-1.800,0.674,0.674,-1.400,0.677,0.674,-1.600,0.681,0.674,-1.600,0.672,0.674,-1.600,0.679,0.674
20230301_0536,-4.820,149.590,597.000,GU.STV.,44.245,7.326,128.546,1565.921,1584.441,1590.017,165.000,1.035,0.191,0.129,0.139,0.139,0.141,-4.900,-4.600,0.835,0.826,-6.000,0.586,0.586,-5.700,0.602,0.586,-6.000,0.616,0.586,-6.000,0.631,0.586,-6.100,0.626,0.586
20230301_0536,-4.820,149.590,597.000,GT.DBIC.00,6.670,-4.857,154.511,1716.799,1760.735,1775.215,166.000,10.552,0.692,0.717,0.720,0.727,0.725,0.500,0.800,0.963,0.965,0.400,0.888,0.888,-0.100,0.896,0.888,-0.500,0.905,0.888,-0.400,0.898,0.888,-0.300,0.897,0.888
20230301_0536,-4.820,149.590,597.000,SX.MULD.,50.412,12.404,122.044,1524.721,1538.586,1542.713,167.000,1.098,0.243,0.256,0.255,0.255,0.255,3.000,-3.900,0.596,0.563,2.300,0.663,0.663,2.400,0.641,0.663,2.300,0.649,0.663,2.400,0.646,0.663,2.400,0.649,0.663
20230301_0536,-4.820,149.590,597.000,CH.HAUIG.,47.660,7.700,126.170,1551.025,1567.754,1572.767,168.000,2.430,0.486,0.481,0.477,0.472,0.473,0.300,0.700,0.879,0.848,-0.200,0.727,0.727,-0.100,0.735,0.727,-0.300,0.739,0.727,-0.400,0.740,0.727,-0.300,0.739,0.727
20230301_0536,-4.820,149.590,597.000,SI.KOSI.,46.463,11.378,124.938,1543.232,1559.073,1563.810,169.000,0.356,0.010,0.008,0.010,0.011,0.009,8.600,0.100,0.550,-0.862,-9.400,0.546,0.546,-9.500,0.546,0.546,-9.600,0.549,0.546,-9.600,0.551,0.546,-9.600,0.549,0.546
20230301_0536,-4.820,149.590,597.000,CH.VDR.,46.206,9.166,126.313,1551.926,1568.760,1573.806,170.000,3.973,0.544,0.574,0.607,0.615,0.616,1.300,1.600,0.794,0.770,1.000,0.930,0.930,1.100,0.926,0.930,1.000,0.923,0.930,0.900,0.926,0.930,0.900,0.924,0.930
20230301_0536,-4.820,149.590,597.000,GR.KBON.,54.116,11.773,120.058,1511.859,1524.455,1528.193,171.000,0.735,0.316,0.297,0.295,0.293,0.294,5.900,3.400,0.826,-0.585,-0.100,0.577,0.577,-0.100,0.603,0.577,5.800,0.610,0.577,-0.100,0.601,0.577,5.900,0.604,0.577
20230301_0536,-4.820,149.590,597.000,FR.NEEW.00,48.956,8.104,125.124,1544.409,1560.382,1565.160,172.000,2.211,0.474,0.427,0.427,0.425,0.424,0.600,0.500,0.695,0.740,0.300,0.778,0.778,0.200,0.791,0.778,0.100,0.795,0.778,0.100,0.788,0.778,0.000,0.794,0.778
20230301_0536,-4.820,149.590,597.000,FR.RUSF.03,43.936,5.466,129.772,1573.540,1593.016,1598.897,173.000,2.454,0.422,0.362,0.390,0.405,0.399,2.300,2.400,0.932,0.937,1.500,0.874,0.874,1.700,0.868,0.874,1.400,0.862,0.874,1.300,0.865,0.874,1.300,0.865,0.874
20230301_0536,-4.820,149.590,597.000,NA.SEUH.,17.474,-62.952,145.739,1668.277,1702.473,1713.377,174.000,2.563,0.319,0.265,0.304,0.305,0.285,1.900,2.000,0.797,0.901,1.400,0.700,0.700,1.800,0.836,0.700,1.000,0.855,0.700,1.200,0.847,0.700,1.400,0.841,0.700
20230301_0536,-4.820,149.590,597.000,FR.MON.00,43.730,7.425,128.812,1567.575,1586.300,1591.941,175.000,1.282,0.306,0.294,0.296,0.295,0.295,0.100,0.800,0.583,0.513,0.400,0.561,0.561,0.600,0.566,0.561,0.300,0.537,0.561,0.300,0.531,0.561,0.300,0.533,0.561
20230301_0536,-4.820,149.590,597.000,OE.FETA.,47.021,10.729,124.965,1543.402,1559.262,1564.005,176.000,4.950,0.546,0.594,0.611,0.616,0.615,1.000,1.200,0.836,0.842,0.600,0.942,0.942,0.600,0.941,0.942,0.500,0.945,0.942,0.500,0.943,0.942,0.400,0.946,0.942
20230301_0536,-4.820,149.590,597.000,TH.PLN.,50.485,12.157,122.125,1525.242,1539.161,1543.303,177.000,0.482,0.071,0.079,0.078,0.081,0.079,-13.700,2.800,0.193,-0.717,-9.100,0.581,0.581,-8.800,0.581,0.581,-9.000,0.582,0.581,-8.900,0.584,0.581,-9.000,0.582,0.581
20230301_0536,-4.820,149.590,597.000,IV.SOLUN.,38.092,13.533,128.062,1562.900,1581.049,1586.507,178.000,1.118,0.144,0.133,0.127,0.118,0.124,2.900,4.000,0.561,0.511,2.800,0.509,0.509,3.300,0.515,0.509,2.800,0.519,0.509,2.800,0.519,0.509,2.800,0.519,0.509
20230301_0536,-4.820,149.590,597.000,CH.FUSIO.,46.455,8.663,126.431,1552.672,1569.594,1574.667,179.000,2.894,0.597,0.616,0.632,0.630,0.630,1.100,1.200,0.924,0.918,0.800,0.928,0.928,0.900,0.933,0.928,0.600,0.937,0.928,0.600,0.937,0.928,0.700,0.936,0.928
20230301_0536,-4.820,149.590,597.000,NA.SEUT.,17.471,-62.976,145.718,1668.162,1702.337,1713.234,180.000,2.387,0.300,0.252,0.270,0.279,0.266,2.100,2.400,0.740,0.750,1.700,0.674,0.674,1.900,0.751,0.674,1.100,0.818,0.674,1.300,0.800,0.674,1.500,0.774,0.674
20230301_0536,-4.820,149.590,597.000,CX.MNMCX.,-19.131,-69.596,134.601,1603.077,1626.552,1633.761,181.000,2.540,0.169,0.086,0.069,0.068,0.083,-3.600,-3.600,0.716,0.740,-4.100,0.500,0.500,5.000,0.363,0.500,-4.700,0.391,0.500,-4.600,0.385,0.500,4.900,0.357,0.500
20230301_0536,-4.820,149.590,597.000,OE.DAVA.,47.287,9.880,125.263,1545.289,1561.360,1566.169,182.000,7.736,0.433,0.431,0.450,0.448,0.454,2.800,2.600,0.763,0.819,2.100,0.863,0.863,2.200,0.866,0.863,2.000,0.872,0.863,2.000,0.872,0.863,1.900,0.874,0.863
20230301_0536,-4.820,149.590,597.000,NL.VKB.,50.867,5.785,124.939,1543.236,1559.077,1563.814,183.000,5.105,0.526,0.470,0.447,0.426,0.434,-1.800,-0.500,0.668,0.488,-1.600,0.570,0.570,-1.600,0.575,0.570,-1.700,0.568,0.570,-1.800,0.565,0.570,-1.800,0.568,0.570
20230301_0536,-4.820,149.590,597.000,OE.ARSA.,47.250,15.523,122.150,1525.399,1539.333,1543.481,184.000,3.068,0.521,0.551,0.582,0.584,0.583,1.500,1.500,0.845,0.860,0.900,0.837,0.837,1.100,0.857,0.837,0.900,0.854,0.837,1.000,0.854,0.837,0.900,0.854,0.837
20230301_0536,-4.820,149.590,597.000,IV.GALF.,37.711,14.566,127.521,1559.513,1577.249,1582.577,185.000,6.097,0.565,0.585,0.594,0.593,0.591,0.200,0.400,0.888,0.884,-0.100,0.827,0.827,0.200,0.841,0.827,-0.100,0.826,0.827,0.000,0.832,0.827,0.000,0.832,0.827
20230301_0536,-4.820,149.590,597.000,IV.MSSA.,44.316,9.517,127.261,1557.886,1575.426,1580.692,186.000,0.999,0.187,0.178,0.182,0.178,0.179,8.500,-0.500,0.574,-0.557,-7.400,0.381,0.381,-7.300,0.393,0.381,-7.600,0.394,0.381,-7.600,0.394,0.381,-7.500,0.393,0.381
20230301_0536,-4.820,149.590,597.000,TH.SPAHL.,50.653,9.910,123.139,1531.755,1546.350,1550.701,187.000,0.415,0.102,0.098,0.096,0.094,0.095,-0.300,-4.000,0.444,-0.860,-8.800,0.655,0.655,-8.600,0.650,0.655,-8.700,0.660,0.655,-8.700,0.660,0.655,-8.700,0.661,0.655
20230301_0536,-4.820,149.590,597.000,OE.SQTA.,47.221,11.209,124.584,1540.982,1556.573,1561.232,188.000,4.492,0.523,0.540,0.558,0.558,0.553,1.400,1.700,0.772,0.841,1.100,0.892,0.892,1.100,0.897,0.892,0.900,0.900,0.892,0.900,0.899,0.892,0.900,0.898,0.892
20230301_0536,-4.820,149.590,597.000,FR.URDF.00,43.438,-0.593,133.278,1595.059,1617.399,1624.225,189.000,1.248,0.355,0.378,0.385,0.384,0.384,0.800,-2.800,0.799,-0.677,-0.200,0.682,0.682,0.000,0.661,0.682,-0.100,0.672,0.682,-0.300,0.675,0.682,-0.200,0.672,0.682
20230301_0536,-4.820,149.590,597.000,PR.SMDR.,19.290,-69.188,139.549,1632.541,1660.534,1669.278,190.000,0.507,0.079,0.084,0.055,0.062,0.077,0.600,-0.100,0.612,0.607,-0.900,0.742,0.742,-1.200,0.552,0.742,-1.700,0.625,0.742,-1.600,0.614,0.742,-1.300,0.582,0.742
20230301_0536,-4.820,149.590,597.000,CM.SJC.00,9.897,-75.179,135.345,1607.555,1631.681,1639.112,191.000,3.257,0.439,0.343,0.328,0.346,0.343,1.200,1.200,0.845,0.766,0.600,0.720,0.720,0.000,0.646,0.720,-0.500,0.608,0.720,-0.200,0.636,0.720,-0.100,0.642,0.720
20230301_0536,-4.820,149.590,597.000,SX.WIMM.,51.521,11.505,121.814,1523.235,1536.950,1541.030,192.000,2.398,0.548,0.576,0.584,0.590,0.587,0.100,0.200,0.461,0.583,-0.100,0.666,0.666,-0.100,0.694,0.666,-0.100,0.690,0.666,-0.100,0.696,0.666,-0.100,0.692,0.666
20230301_0536,-4.820,149.590,597.000,LX.MORF.,37.304,-8.653,141.913,1646.340,1676.627,1686.162,193.000,2.211,0.460,0.425,0.436,0.456,0.448,1.300,1.600,0.887,0.838,0.800,0.889,0.889,1.600,0.898,0.889,1.400,0.897,0.889,1.100,0.891,0.889,1.300,0.893,0.889
20230301_0536,-4.820,149.590,597.000,IV.ORI.,40.051,16.450,125.144,1544.536,1560.523,1565.305,194.000,7.760,0.512,0.484,0.493,0.479,0.484,1.700,1.400,0.787,0.731,1.100,0.891,0.891,1.300,0.891,0.891,1.000,0.898,0.891,1.100,0.896,0.891,1.100,0.896,0.891
20230301_0536,-4.820,149.590,597.000,GE.ILTH.,54.028,-6.336,127.042,1556.516,1573.891,1579.106,195.000,3.224,0.474,0.463,0.453,0.439,0.439,-1.300,-0.300,0.737,0.620,-1.700,0.592,0.592,-1.400,0.608,0.592,-1.500,0.610,0.592,-1.700,0.614,0.592,-1.700,0.612,0.592
20230301_0536,-4.820,149.590,597.000,C1.LR03.,-39.632,-72.346,121.151,1518.950,1532.236,1536.185,196.000,1.649,0.230,0.158,0.188,0.211,0.190,3.800,4.100,0.904,0.666,3.700,0.395,0.395,3.200,0.522,0.395,3.000,0.514,0.395,3.000,0.501,0.395,3.100,0.510,0.395
20230301_0536,-4.820,149.590,597.000,GR.ASSE.,52.128,10.674,121.831,1523.345,1537.071,1541.154,197.000,1.343,0.569,0.519,0.526,0.511,0.526,0.200,0.400,0.686,0.631,0.100,0.848,0.848,0.300,0.848,0.848,0.200,0.855,0.848,0.200,0.848,0.848,0.100,0.857,0.848
20230301_0536,-4.820,149.590,597.000,C1.ML02.,-35.763,-71.418,124.129,1538.083,1553.356,1557.916,198.000,1.605,0.284,0.241,0.244,0.242,0.239,-4.800,1.300,0.763,0.786,0.400,0.640,0.640,0.400,0.713,0.640,0.200,0.681,0.640,0.200,0.671,0.640,0.300,0.699,0.640
20230301_0536,-4.820,149.590,597.000,C1.VA04.,-33.643,-78.830,120.265,1513.207,1525.932,1529.710,199.000,0.848,0.004,0.005,-0.014,-0.027,0.005,3.700,-5.000,0.221,-0.720,3.500,0.607,0.607,3.500,0.639,0.607,3.400,0.666,0.607,3.500,0.667,0.607,3.400,0.640,0.607
20230301_0536,-4.820,149.590,597.000,GR.WEEZ.,52.303,9.627,122.209,1525.778,1539.752,1543.911,200.000,3.227,0.370,0.355,0.350,0.365,0.361,-1.000,-0.400,0.701,0.731,-1.300,0.715,0.715,-1.100,0.744,0.715,-1.200,0.744,0.715,-1.100,0.750,0.715,-1.200,0.750,0.715
20230301_0536,-4.820,149.590,597.000,C1.VA03.,-32.764,-70.551,126.520,1553.229,1570.215,1575.309,201.000,1.787,0.232,0.284,0.272,0.265,0.282,7.400,3.900,0.700,-0.772,-0.200,0.745,0.745,-0.700,0.712,0.745,-0.900,0.726,0.745,-0.900,0.734,0.745,-0.700,0.714,0.745
20230301_0536,-4.820,149.590,597.000,FR.CALF.00,43.753,6.922,129.082,1569.254,1588.189,1593.896,202.000,2.121,0.322,0.316,0.322,0.328,0.323,-4.900,0.200,0.703,0.569,0.000,0.632,0.632,0.200,0.639,0.632,0.000,0.621,0.632,0.000,0.616,0.632,-0.100,0.619,0.632
20230301_0536,-4.820,149.590,597.000,GR.GEC7.,48.835,13.714,122.282,1526.253,1540.275,1544.450,203.000,7.177,0.589,0.536,0.549,0.527,0.542,1.900,1.800,0.751,0.783,1.200,0.922,0.922,1.400,0.918,0.922,1.200,0.928,0.922,1.300,0.919,0.922,1.200,0.926,0.922
20230301_0536,-4.820,149.590,597.000,LU.RUMEL.,49.454,6.011,125.809,1548.749,1565.215,1570.146,204.000,2.912,0.143,0.172,0.167,0.170,0.163,2.900,-4.700,0.554,-0.281,4.500,0.535,0.535,4.500,0.547,0.535,4.400,0.553,0.535,4.400,0.555,0.535,4.300,0.556,0.535
20230301_0536,-4.820,149.590,597.000,GE.DSB.,53.245,-6.376,127.727,1560.807,1578.700,1584.077,205.000,1.632,0.420,0.419,0.419,0.411,0.408,-0.300,4.000,0.773,-0.415,-1.100,0.726,0.726,-0.700,0.701,0.726,-0.800,0.707,0.726,-0.900,0.710,0.726,-0.900,0.710,0.726
20230301_0536,-4.820,149.590,597.000,TH.RANIS.,50.662,11.564,122.316,1526.467,1540.511,1544.692,206.000,3.503,0.582,0.579,0.572,0.566,0.570,0.200,-0.100,0.829,0.798,-0.100,0.558,0.558,-0.100,0.575,0.558,-0.100,0.563,0.558,-0.100,0.563,0.558,-0.100,0.562,0.558
20230301_0536,-4.820,149.590,597.000,C1.MT13.,-33.743,-70.286,126.101,1550.592,1567.271,1572.269,207.000,1.332,0.008,0.137,0.093,0.061,0.111,-0.700,-3.900,0.596,-0.845,-7.700,0.674,0.674,-8.400,0.761,0.674,-8.500,0.783,0.674,-8.500,0.792,0.674,-8.300,0.769,0.674
20230301_0536,-4.820,149.590,597.000,TH.MORAS.,50.536,11.225,122.563,1528.059,1542.268,1546.499,208.000,3.562,0.534,0.576,0.576,0.590,0.580,-0.100,-4.200,0.569,-0.511,-0.800,0.560,0.560,-0.500,0.587,0.560,-0.700,0.578,0.560,-0.600,0.579,0.560,-0.700,0.577,0.560
20230301_0536,-4.820,149.590,597.000,BW.RTSA.,47.768,12.842,123.369,1533.227,1547.978,1552.377,209.000,2.247,0.323,0.335,0.345,0.355,0.351,3.100,3.100,0.509,0.837,2.800,0.660,0.660,2.900,0.639,0.660,2.800,0.641,0.660,2.800,0.641,0.660,2.700,0.646,0.660
20230301_0536,-4.820,149.590,597.000,IV.ATMI.,43.334,12.268,126.193,1551.173,1567.919,1572.937,210.000,2.564,0.375,0.366,0.384,0.379,0.377,2.000,2.100,0.838,0.900,1.800,0.721,0.721,1.900,0.740,0.721,1.600,0.723,0.721,1.700,0.726,0.721,1.700,0.725,0.721
20230301_0536,-4.820,149.590,597.000,II.XBFO.65,48.330,8.330,125.416,1546.259,1562.441,1567.283,211.000,4.504,0.392,0.414,0.393,0.386,0.387,-1.700,4.600,0.531,0.402,4.400,0.718,0.718,4.400,0.724,0.718,4.300,0.725,0.718,4.300,0.733,0.718,4.200,0.732,0.718
20230301_0536,-4.820,149.590,597.000,CH.JAUN.,46.634,7.291,127.046,1556.538,1573.916,1579.132,212.000,1.412,0.193,0.238,0.257,0.257,0.256,2.100,2.600,0.820,0.881,1.400,0.784,0.784,1.600,0.772,0.784,1.300,0.775,0.784,1.300,0.774,0.784,1.300,0.774,0.784
20230301_0536,-4.820,149.590,597.000,CR.STON.,42.872,17.700,123.010,1530.927,1545.435,1549.758,213.000,3.452,0.688,0.704,0.706,0.702,0.702,0.600,0.900,0.950,0.927,0.200,0.824,0.824,0.400,0.837,0.824,0.100,0.839,0.824,0.300,0.839,0.824,0.200,0.836,0.824
20230301_0536,-4.820,149.590,597.000,CH.BERNI.,46.414,10.023,125.718,1548.168,1564.568,1569.478,214.000,3.510,0.669,0.651,0.674,0.670,0.668,0.800,1.300,0.745,0.712,0.800,0.963,0.963,0.800,0.961,0.963,0.600,0.965,0.963,0.600,0.966,0.963,0.600,0.966,0.963
20230301_0536,-4.820,149.590,597.000,NL.WTSB.01,51.966,6.799,123.721,1535.479,1550.471,1554.944,215.000,2.213,0.465,0.443,0.446,0.448,0.448,0.500,1.300,0.731,0.648,0.900,0.634,0.634,1.000,0.638,0.634,0.900,0.626,0.634,0.900,0.628,0.634,0.900,0.629,0.634
20230301_0536,-4.820,149.590,597.000,CH.BALST.,47.336,7.695,126.382,1552.364,1569.249,1574.311,216.000,3.407,0.377,0.398,0.416,0.425,0.420,1.000,0.500,0.809,0.731,0.800,0.661,0.661,0.800,0.691,0.661,0.600,0.698,0.661,0.600,0.701,0.661,0.600,0.696,0.661
20230301_0536,-4.820,149.590,597.000,OE.MOTA.,47.345,11.104,124.567,1540.875,1556.454,1561.109,217.000,6.867,0.583,0.605,0.627,0.630,0.625,0.800,1.400,0.669,0.630,0.800,0.927,0.927,0.700,0.926,0.927,0.500,0.928,0.927,0.500,0.925,0.927,0.500,0.926,0.927
20230301_0536,-4.820,149.590,597.000,TH.GERA.,50.982,12.071,121.867,1523.574,1537.323,1541.414,218.000,3.398,0.611,0.598,0.602,0.603,0.604,0.300,0.300,0.951,0.958,-0.100,0.788,0.788,0.100,0.809,0.788,0.000,0.805,0.788,0.000,0.803,0.788,0.000,0.806,0.788
20230301_0536,-4.820,149.590,597.000,G.TAM.10,22.791,5.528,140.927,1640.606,1669.924,1679.124,219.000,7.324,0.713,0.746,0.742,0.746,0.748,0.400,0.400,0.886,0.904,-0.400,0.843,0.843,-0.100,0.848,0.843,-0.700,0.835,0.843,-0.600,0.849,0.843,-0.600,0.852,0.843
20230301_0536,-4.820,149.590,597.000,SI.ROSI.,46.928,11.412,124.646,1541.375,1557.009,1561.682,220.000,2.794,0.495,0.484,0.522,0.522,0.517,1.600,1.700,0.710,0.705,1.300,0.917,0.917,1.300,0.902,0.917,1.100,0.902,0.917,1.100,0.904,0.917,1.100,0.905,0.917
20230301_0536,-4.820,149.590,597.000,OE.CONA.,47.928,15.862,121.595,1521.820,1535.392,1539.428,221.000,5.272,0.715,0.697,0.721,0.711,0.715,1.200,1.400,0.896,0.926,0.900,0.938,0.938,1.000,0.932,0.938,0.800,0.935,0.938,0.900,0.929,0.938,0.800,0.932,0.938
20230301_0536,-4.820,149.590,597.000,FR.MLS.00,42.958,1.095,132.768,1591.955,1613.865,1620.548,222.000,2.127,0.353,0.348,0.354,0.356,0.355,0.000,0.000,0.719,0.692,-0.200,0.600,0.600,-0.100,0.601,0.600,-0.100,0.603,0.600,-0.300,0.595,0.600,-0.300,0.597,0.600
20230301_0536,-4.820,149.590,597.000,NL.ROLD.,50.869,6.085,124.801,1542.359,1558.103,1562.809,223.000,4.691,0.494,0.426,0.398,0.377,0.384,-1.200,-4.500,0.692,-0.728,4.700,0.648,0.648,4.700,0.660,0.648,4.600,0.671,0.648,4.500,0.679,0.648,4.500,0.676,0.648
20230301_0536,-4.820,149.590,597.000,LX.MESJ.,37.840,-8.220,141.279,1642.657,1672.319,1681.638,224.000,2.548,0.399,0.415,0.416,0.426,0.426,2.800,2.400,0.515,0.554,2.500,0.549,0.549,3.000,0.539,0.549,2.900,0.528,0.549,2.400,0.518,0.549,2.600,0.522,0.549
20230301_0536,-4.820,149.590,597.000,FR.EILF.00,43.548,7.131,129.092,1569.315,1588.258,1593.968,225.000,0.785,0.129,0.126,0.124,0.125,0.124,-1.400,3.100,0.622,0.320,2.500,0.667,0.667,2.600,0.669,0.667,2.500,0.651,0.667,2.400,0.648,0.667,2.400,0.651,0.667
20230301_0536,-4.820,149.590,597.000,IV.MPNC.,38.146,15.353,126.770,1554.803,1571.975,1577.126,226.000,4.394,0.448,0.457,0.477,0.468,0.473,3.200,3.400,0.755,0.454,2.800,0.887,0.887,3.000,0.895,0.887,2.700,0.886,0.887,2.900,0.892,0.887,2.800,0.891,0.887
20230301_0536,-4.820,149.590,597.000,CH.MTI02.,47.379,7.165,126.627,1553.905,1570.971,1576.089,227.000,2.550,0.421,0.472,0.493,0.507,0.493,1.000,1.100,0.895,0.948,0.500,0.870,0.870,0.600,0.885,0.870,0.400,0.888,0.870,0.300,0.887,0.870,0.300,0.889,0.870
20230301_0536,-4.820,149.590,597.000,FR.SAOF.00,43.987,7.555,128.579,1566.125,1584.671,1590.254,228.000,1.110,0.284,0.291,0.305,0.303,0.310,1.400,1.500,0.678,0.742,0.800,0.820,0.820,1.000,0.836,0.820,0.700,0.832,0.820,0.700,0.834,0.820,0.700,0.834,0.820
20230301_0536,-4.820,149.590,597.000,TH.BBWF.,50.736,10.504,122.795,1529.550,1543.914,1548.193,229.000,2.497,0.599,0.655,0.640,0.651,0.639,-0.400,-0.400,0.868,0.883,-1.000,0.821,0.821,-0.800,0.850,0.821,-1.000,0.844,0.821,-0.900,0.846,0.821,-1.000,0.844,0.821
20230301_0536,-4.820,149.590,597.000,MC.OLV1.,16.750,-62.228,146.617,1673.247,1708.372,1719.606,230.000,1.236,0.038,0.131,0.162,0.159,0.144,-4.100,-1.200,0.786,-0.679,-4.400,0.377,0.377,-11.400,0.278,0.377,-6.000,0.410,0.377,-5.800,0.397,0.377,-5.600,0.316,0.377
20230301_0536,-4.820,149.590,597.000,IV.ALJA.,37.749,13.754,128.072,1562.959,1581.115,1586.575,231.000,0.802,0.092,0.110,0.105,0.104,0.105,-8.900,1.000,0.251,-0.251,-2.800,0.611,0.611,-2.400,0.604,0.611,-2.800,0.600,0.611,-2.700,0.604,0.611,-2.700,0.603,0.611
20230301_0536,-4.820,149.590,597.000,G.FDFM.00,14.735,-61.160,148.166,1681.953,1718.736,1730.568,232.000,2.998,0.512,0.513,0.492,0.514,0.518,3.500,4.000,0.828,0.761,10.000,0.495,0.495,3.100,0.803,0.495,2.600,0.824,0.495,2.800,0.822,0.495,3.000,0.811,0.495
20230301_0536,-4.820,149.590,597.000,C1.AC02.,-26.836,-69.129,130.981,1581.002,1601.442,1607.638,233.000,0.963,0.369,0.156,0.218,0.239,0.161,1.600,-1.900,0.829,-0.459,-6.500,0.690,0.690,-6.500,0.594,0.690,-6.700,0.572,0.690,-6.800,0.566,0.690,-6.600,0.588,0.690
20230301_0536,-4.820,149.590,597.000,RD.LFF.,44.939,0.740,131.529,1584.375,1605.260,1611.602,234.000,3.290,0.422,0.493,0.504,0.505,0.505,2.000,2.000,0.600,0.551,1.700,0.596,0.596,2.000,0.620,0.596,1.800,0.617,0.596,1.600,0.611,0.596,1.700,0.613,0.596
20230301_0536,-4.820,149.590,597.000,CH.WGT.,47.098,8.925,125.888,1549.249,1565.772,1570.721,235.000,2.822,0.536,0.564,0.571,0.561,0.577,1.800,1.800,0.875,0.890,1.400,0.951,0.951,1.300,0.951,0.951,1.200,0.953,0.951,1.200,0.954,0.951,1.100,0.954,0.951
20230301_0536,-4.820,149.590,597.000,IV.CERT.,41.949,12.982,126.492,1553.056,1570.023,1575.110,236.000,0.345,0.013,0.013,0.011,0.009,0.011,9.800,-4.000,0.524,-0.999,-8.700,0.510,0.510,-8.700,0.509,0.510,-8.900,0.513,0.510,-8.800,0.515,0.510,-8.900,0.515,0.510
20230301_0536,-4.820,149.590,597.000,IV.SSY.,37.158,15.074,127.412,1558.835,1576.489,1581.791,237.000,4.957,0.586,0.587,0.580,0.586,0.582,-0.600,-0.300,0.954,0.975,-1.300,0.895,0.895,-0.900,0.887,0.895,-1.200,0.894,0.895,-1.100,0.891,0.895,-1.100,0.890,0.895
20230301_0536,-4.820,149.590,597.000,GT.PLCA.00,-40.733,-70.551,121.494,1521.166,1534.673,1538.689,238.000,0.959,0.112,-0.019,-0.019,-0.014,-0.017,-2.200,-2.200,0.827,0.840,3.400,0.435,0.435,2.800,0.522,0.435,2.700,0.524,0.435,2.700,0.523,0.435,2.700,0.527,0.435
20230301_0536,-4.820,149.590,597.000,TH.HKWD.,50.830,12.268,121.861,1523.537,1537.282,1541.372,239.000,2.030,0.418,0.369,0.357,0.351,0.353,-0.700,4.600,0.556,0.472,4.300,0.667,0.667,4.500,0.648,0.667,4.300,0.662,0.667,4.400,0.660,0.667,4.300,0.665,0.667
20230301_0536,-4.820,149.590,597.000,II.BFO.10,48.330,8.330,125.416,1546.259,1562.441,1567.283,240.000,4.634,0.375,0.397,0.376,0.368,0.370,-1.700,4.600,0.540,0.415,4.400,0.726,0.726,4.400,0.732,0.726,4.300,0.733,0.726,4.300,0.741,0.726,4.200,0.740,0.726
20230301_0536,-4.820,149.590,597.000,CH.VMV.,46.423,9.022,126.257,1551.576,1568.369,1573.402,241.000,8.609,0.672,0.706,0.742,0.737,0.742,1.200,1.300,0.872,0.888,0.900,0.969,0.969,0.900,0.965,0.969,0.700,0.969,0.969,0.800,0.968,0.969,0.700,0.969,0.969
20230301_0536,-4.820,149.590,597.000,IV.ZCCA.,44.351,10.976,126.394,1552.439,1569.332,1574.397,242.000,1.479,0.158,0.135,0.118,0.115,0.115,0.400,-3.100,0.550,-0.498,-7.100,0.570,0.570,-7.000,0.566,0.570,-7.200,0.560,0.570,-7.100,0.560,0.570,-7.200,0.560,0.570
20230301_0536,-4.820,149.590,597.000,GR.BRG.,50.873,13.944,120.984,1517.872,1531.052,1534.969,243.000,3.641,0.484,0.470,0.462,0.466,0.464,5.800,-0.800,0.492,0.367,5.200,0.723,0.723,5.200,0.716,0.723,5.100,0.725,0.723,5.100,0.725,0.723,5.100,0.728,0.723
20230301_0536,-4.820,149.590,597.000,MN.VLC.,44.159,10.386,126.850,1555.305,1572.536,1577.706,244.000,3.076,0.435,0.369,0.386,0.387,0.389,1.800,1.700,0.687,0.695,1.200,0.938,0.938,1.300,0.936,0.938,1.200,0.932,0.938,1.200,0.932,0.938,1.100,0.932,0.938
20230301_0536,-4.820,149.590,597.000,GE.IBBN.,52.306,7.759,123.059,1531.239,1545.780,1550.114,245.000,5.035,0.500,0.503,0.520,0.533,0.528,0.500,0.600,0.862,0.850,0.100,0.850,0.850,0.300,0.872,0.850,0.200,0.868,0.850,0.200,0.866,0.850,0.200,0.867,0.850
20230301_0536,-4.820,149.590,597.000,GR.BSEG.,53.936,10.316,120.829,1516.864,1529.945,1533.831,246.000,1.888,0.430,0.412,0.420,0.415,0.425,0.600,0.600,0.825,0.800,0.700,0.819,0.819,0.900,0.842,0.819,0.700,0.831,0.819,0.800,0.839,0.819,0.700,0.828,0.819
20230301_0536,-4.820,149.590,597.000,GR.TNS.,50.224,8.449,124.126,1538.065,1553.337,1557.896,247.000,6.551,0.563,0.613,0.615,0.618,0.617,-0.100,4.000,0.391,0.381,3.400,0.539,0.539,3.400,0.539,0.539,3.200,0.541,0.539,3.300,0.537,0.539,3.200,0.540,0.539
20230301_0536,-4.820,149.590,597.000,C1.LR05.,-40.230,-72.004,120.976,1517.816,1530.991,1534.905,248.000,1.777,0.119,-0.013,-0.003,0.018,0.001,1.900,4.700,0.881,-0.884,7.700,0.358,0.358,7.500,0.424,0.358,7.500,0.416,0.358,7.400,0.408,0.358,7.500,0.417,0.358
20230301_0536,-4.820,149.590,597.000,BW.MKON.,50.019,12.234,122.368,1526.802,1540.881,1545.073,249.000,4.675,0.498,0.455,0.449,0.444,0.447,4.000,4.100,0.554,0.768,3.300,0.700,0.700,3.500,0.685,0.700,3.300,0.700,0.700,3.400,0.689,0.700,3.300,0.698,0.700
20230301_0536,-4.820,149.590,597.000,IV.LATE.,42.614,11.804,126.872,1555.444,1572.692,1577.867,250.000,1.285,0.407,0.380,0.396,0.409,0.404,0.800,-1.100,0.824,0.422,-0.100,0.593,0.593,-0.100,0.580,0.593,-0.200,0.595,0.593,-0.200,0.598,0.593,-0.100,0.597,0.593
20230301_0536,-4.820,149.590,597.000,NL.MAME.,50.801,5.973,124.899,1542.983,1558.796,1563.524,251.000,1.796,0.229,0.338,0.362,0.383,0.373,0.900,-0.100,0.789,0.688,0.100,0.740,0.740,0.200,0.742,0.740,0.000,0.736,0.740,0.000,0.734,0.740,0.000,0.736,0.740
20230301_0536,-4.820,149.590,597.000,NU.MGAN.,12.149,-86.248,124.381,1539.690,1555.139,1559.753,252.000,3.138,0.349,0.337,0.266,0.315,0.332,0.300,0.600,0.716,0.735,-0.200,0.698,0.698,-0.600,0.707,0.698,-1.300,0.719,0.698,-0.800,0.708,0.698,-0.700,0.707,0.698
20230301_0536,-4.820,149.590,597.000,BW.RJOB.,47.737,12.796,123.412,1533.504,1548.285,1552.693,253.000,2.138,0.329,0.314,0.314,0.318,0.316,-4.200,4.900,0.408,0.104,3.900,0.498,0.498,4.100,0.486,0.498,3.900,0.492,0.498,3.900,0.490,0.498,3.900,0.489,0.498
20230301_0536,-4.820,149.590,597.000,MN.PDG.,42.430,19.261,122.187,1525.641,1539.600,1543.755,254.000,7.262,0.659,0.677,0.687,0.688,0.685,0.600,1.000,0.911,0.940,0.300,0.820,0.820,0.500,0.826,0.820,0.300,0.827,0.820,0.400,0.822,0.820,0.400,0.824,0.820
20230301_0536,-4.820,149.590,597.000,IV.OSSC.,43.524,11.246,126.705,1554.398,1571.522,1576.659,255.000,1.201,0.322,0.344,0.315,0.311,0.316,-2.100,-2.400,0.708,0.741,-2.600,0.869,0.869,-2.400,0.863,0.869,-2.700,0.865,0.869,-2.700,0.864,0.869,-2.600,0.865,0.869
20230301_0536,-4.820,149.590,597.000,FR.CHMF.00,47.248,6.652,126.976,1556.096,1573.422,1578.621,256.000,2.408,0.525,0.544,0.563,0.577,0.568,0.300,0.800,0.836,0.812,0.100,0.943,0.943,0.300,0.936,0.943,0.200,0.932,0.943,0.100,0.933,0.943,0.100,0.933,0.943
20230301_0536,-4.820,149.590,597.000,IV.CAMP.,42.536,13.409,125.915,1549.419,1565.962,1570.917,257.000,2.092,0.359,0.321,0.345,0.338,0.337,2.400,2.500,0.835,0.835,2.100,0.721,0.721,2.300,0.724,0.721,2.000,0.717,0.721,2.100,0.721,0.721,2.100,0.722,0.721
20230301_0536,-4.820,149.590,597.000,NA.SABQ.,17.627,-63.249,145.423,1666.487,1700.351,1711.138,258.000,4.164,0.381,0.358,0.392,0.377,0.366,0.400,4.700,0.702,-0.825,0.200,0.566,0.566,-6.900,0.633,0.566,-0.500,0.671,0.566,-0.400,0.626,0.566,-7.100,0.622,0.566
20230301_0536,-4.820,149.590,597.000,LD.KSCT.,41.726,-73.484,126.811,1555.059,1572.262,1577.423,259.000,1.714,0.235,0.280,0.312,0.299,0.312,-0.100,2.000,0.458,0.256,1.500,0.744,0.744,1.300,0.719,0.744,0.900,0.714,0.744,1.000,0.722,0.744,1.000,0.719,0.744
20230301_0536,-4.820,149.590,597.000,LD.GEDE.,39.811,-75.636,126.364,1552.247,1569.119,1574.176,260.000,1.224,0.307,0.206,0.211,0.208,0.207,7.900,4.800,0.438,-0.578,1.400,0.499,0.499,1.000,0.515,0.499,0.700,0.522,0.499,0.900,0.522,0.499,0.900,0.522,0.499
20230301_0536,-4.820,149.590,597.000,IV.IVPL.,38.376,14.980,126.925,1555.778,1573.065,1578.253,261.000,1.588,0.354,0.309,0.341,0.324,0.332,1.500,1.600,0.533,0.472,1.100,0.738,0.738,1.200,0.753,0.738,1.000,0.734,0.738,1.100,0.744,0.738,1.100,0.742,0.738
20230301_0536,-4.820,149.590,597.000,CM.SMAR.00,11.164,-74.225,136.195,1612.650,1637.534,1645.222,262.000,5.901,0.570,0.537,0.536,0.553,0.546,1.900,1.800,0.841,0.827,1.400,0.811,0.811,0.300,0.670,0.811,-0.500,0.827,0.811,-0.100,0.785,0.811,0.000,0.713,0.811
20230301_0536,-4.820,149.590,597.000,LD.GCMD.,39.562,-79.338,123.934,1536.836,1551.974,1556.492,263.000,1.541,0.453,0.394,0.440,0.441,0.426,0.000,1.900,0.558,0.256,1.100,0.787,0.787,1.100,0.776,0.787,0.700,0.756,0.787,0.800,0.750,0.787,0.900,0.760,0.787
20230301_0536,-4.820,149.590,597.000,GU.GORR.,44.607,9.293,127.215,1557.602,1575.107,1580.363,264.000,2.249,0.438,0.383,0.400,0.394,0.400,1.800,2.200,0.857,0.773,1.200,0.848,0.848,1.500,0.837,0.848,1.200,0.841,0.848,1.200,0.841,0.848,1.100,0.842,0.848
20230301_0536,-4.820,149.590,597.000,SX.TANN.,50.415,12.461,122.013,1524.521,1538.366,1542.486,265.000,3.727,0.467,0.506,0.506,0.510,0.508,-0.100,0.100,0.795,0.767,-0.500,0.489,0.489,-0.300,0.522,0.489,-0.400,0.518,0.489,-0.400,0.518,0.489,-0.400,0.520,0.489
20230301_0536,-4.820,149.590,597.000,IV.MSFR.,38.034,14.592,127.354,1558.469,1576.079,1581.367,266.000,1.924,0.473,0.480,0.466,0.468,0.469,0.000,-0.200,0.925,0.915,-0.900,0.951,0.951,-0.600,0.943,0.951,-0.900,0.947,0.951,-0.800,0.944,0.951,-0.800,0.944,0.951
20230301_0536,-4.820,149.590,597.000,C1.MT09.,-33.776,-70.989,125.618,1547.537,1563.864,1568.752,267.000,1.077,0.035,-0.032,-0.017,-0.011,-0.027,3.500,3.400,0.636,0.340,2.700,0.644,0.644,2.400,0.668,0.644,2.200,0.660,0.644,2.200,0.650,0.644,2.300,0.664,0.644
20230301_0536,-4.820,149.590,597.000,BW.BE1.,47.911,11.221,124.165,1538.313,1553.611,1558.179,268.000,2.924,0.595,0.637,0.641,0.634,0.644,1.000,1.200,0.939,0.937,0.800,0.905,0.905,0.700,0.913,0.905,0.600,0.913,0.905,0.600,0.909,0.905,0.500,0.911,0.905
20230301_0536,-4.820,149.590,597.000,GR.GRC1.,48.995,11.520,123.354,1533.133,1547.874,1552.270,269.000,4.383,0.544,0.453,0.458,0.448,0.455,2.000,2.700,0.673,0.677,1.900,0.718,0.718,2.000,0.705,0.718,1.800,0.712,0.718,1.900,0.707,0.718,1.800,0.708,0.718
20230301_0536,-4.820,149.590,597.000,NU.BOAB.,12.449,-85.666,124.936,1543.216,1559.055,1563.791,270.000,3.167,0.663,0.596,0.510,0.585,0.594,-0.100,0.100,0.891,0.885,-0.600,0.919,0.919,-1.000,0.923,0.919,-1.700,0.921,0.919,-1.200,0.920,0.919,-1.000,0.921,0.919
20230301_0536,-4.820,149.590,597.000,BW.MGBB.,49.972,12.215,122.406,1527.046,1541.149,1545.349,271.000,8.242,0.565,0.546,0.543,0.541,0.542,-3.000,4.200,0.407,0.539,2.900,0.588,0.588,3.200,0.551,0.588,3.000,0.570,0.588,3.000,0.571,0.588,3.000,0.565,0.588
20230301_0536,-4.820,149.590,597.000,TH.HWTS.,50.592,11.472,122.405,1527.041,1541.144,1545.343,272.000,0.453,0.087,0.080,0.079,0.081,0.080,-9.400,-4.000,0.215,-0.922,-8.800,0.627,0.627,-8.500,0.617,0.627,-8.600,0.623,0.627,-8.500,0.622,0.627,-8.600,0.622,0.627
20230301_0536,-4.820,149.590,597.000,GU.PZZ.,44.507,7.116,128.499,1565.624,1584.108,1589.672,273.000,1.259,0.212,0.269,0.260,0.250,0.256,-7.100,3.800,0.572,0.709,-8.000,0.471,0.471,-7.800,0.474,0.471,-8.000,0.487,0.471,-8.000,0.496,0.471,-8.000,0.491,0.471
20230301_0536,-4.820,149.590,597.000,CX.PB02.,-21.320,-69.896,133.304,1595.219,1617.582,1624.415,274.000,0.399,0.000,0.033,0.030,0.031,0.034,3.300,0.400,0.509,-0.451,3.100,0.593,0.593,3.000,0.643,0.593,2.700,0.658,0.593,2.700,0.658,0.593,2.900,0.647,0.593
20230301_0536,-4.820,149.590,597.000,CH.BOURR.,47.394,7.230,126.584,1553.637,1570.671,1575.780,275.000,2.431,0.494,0.508,0.519,0.525,0.524,0.600,0.600,0.915,0.949,0.400,0.863,0.863,0.500,0.882,0.863,0.300,0.887,0.863,0.300,0.887,0.863,0.300,0.886,0.863
20230301_0536,-4.820,149.590,597.000,CX.PB15.,-23.208,-69.471,132.688,1591.467,1613.310,1619.970,276.000,1.450,0.365,0.429,0.436,0.435,0.432,3.700,4.000,0.722,0.894,1.900,0.579,0.579,1.600,0.679,0.579,1.400,0.703,0.579,1.500,0.699,0.579,1.500,0.690,0.579
20230301_0536,-4.820,149.590,597.000,IV.ILOS.,38.446,14.948,126.915,1555.715,1572.995,1578.181,277.000,1.521,0.080,0.088,0.109,0.115,0.107,2.700,-1.500,0.485,0.305,3.100,0.407,0.407,3.300,0.431,0.407,3.100,0.409,0.407,3.100,0.420,0.407,3.100,0.419,0.407
20230301_0536,-4.820,149.590,597.000,NA.SEUS.,17.493,-62.981,145.707,1668.095,1702.258,1713.150,278.000,2.036,0.332,0.320,0.358,0.361,0.340,1.700,1.800,0.878,0.913,1.300,0.732,0.732,1.600,0.814,0.732,0.800,0.880,0.732,0.900,0.861,0.732,1.300,0.835,0.732
20230301_0536,-4.820,149.590,597.000,DR.SC01.,19.427,-70.728,138.113,1624.065,1650.706,1658.989,279.000,0.348,-0.001,-0.006,-0.004,-0.004,-0.005,4.700,-4.500,0.734,-0.796,7.200,0.204,0.204,6.700,0.243,0.204,6.400,0.281,0.204,6.500,0.270,0.204,6.700,0.258,0.204
20230301_0536,-4.820,149.590,597.000,C.GO03.,-27.594,-70.235,129.741,1573.348,1592.799,1598.672,280.000,0.827,0.174,0.151,0.151,0.152,0.151,-0.800,-4.800,0.598,-0.766,-9.700,0.778,0.778,-10.200,0.764,0.778,-10.400,0.778,0.778,-10.400,0.775,0.778,-10.300,0.765,0.778
20230301_0536,-4.820,149.590,597.000,CX.PB12.,-18.614,-70.328,134.223,1600.791,1623.938,1631.037,281.000,0.350,0.070,0.083,0.079,0.080,0.083,6.900,-4.400,0.765,-0.917,7.300,0.370,0.370,-1.400,0.185,0.370,-1.900,0.171,0.370,-1.900,0.175,0.370,-1.500,0.182,0.370
20230301_0536,-4.820,149.590,597.000,GU.RSP.,45.148,7.265,128.011,1562.579,1580.689,1586.134,282.000,1.130,0.283,0.284,0.321,0.343,0.327,1.600,1.800,0.751,0.784,0.700,0.853,0.853,1.100,0.857,0.853,0.900,0.860,0.853,0.800,0.865,0.853,0.800,0.865,0.853
20230301_0536,-4.820,149.590,597.000,CR.7433.,45.417,17.248,122.071,1524.889,1538.772,1542.904,283.000,4.289,0.626,0.611,0.618,0.609,0.611,0.800,1.000,0.837,0.873,0.400,0.894,0.894,0.400,0.908,0.894,0.300,0.911,0.894,0.400,0.908,0.894,0.400,0.908,0.894
20230301_0536,-4.820,149.590,597.000,WI.DSD.00,16.313,-61.066,147.811,1679.964,1716.365,1728.058,284.000,3.877,0.401,0.507,0.518,0.511,0.509,-9.800,-0.500,0.358,0.264,-2.800,0.570,0.570,-1.400,0.527,0.570,-0.300,0.507,0.570,-1.200,0.500,0.570,-1.500,0.514,0.570
20230301_0536,-4.820,149.590,597.000,KQ.BIRK.,54.445,10.073,120.602,1515.395,1528.333,1532.175,285.000,0.902,0.314,0.309,0.314,0.323,0.322,0.100,-2.600,0.902,-0.611,0.200,0.601,0.601,0.300,0.614,0.601,0.300,0.619,0.601,0.200,0.607,0.601,0.200,0.609,0.601
20230301_0536,-4.820,149.590,597.000,C1.BI02.,-36.663,-71.273,123.665,1535.119,1550.072,1554.534,286.000,1.371,0.153,0.134,0.135,0.135,0.137,-2.300,1.600,0.873,-0.604,-3.100,0.860,0.860,-3.700,0.884,0.860,-3.800,0.898,0.860,-3.800,0.900,0.860,-3.700,0.893,0.860
20230301_0536,-4.820,149.590,597.000,GR.KAST.,51.203,8.416,123.497,1534.044,1548.882,1553.308,287.000,6.440,0.383,0.471,0.485,0.492,0.488,0.200,0.000,0.794,0.780,-0.500,0.743,0.743,-0.500,0.752,0.743,-0.500,0.748,0.743,-0.600,0.746,0.743,-0.600,0.748,0.743
20230301_0536,-4.820,149.590,597.000,IV.PZUN.,40.646,15.807,125.301,1545.535,1561.635,1566.452,288.000,3.842,0.448,0.435,0.456,0.455,0.452,2.300,2.500,0.790,0.780,1.700,0.834,0.834,2.000,0.828,0.834,1.700,0.831,0.834,1.700,0.828,0.834,1.700,0.828,0.834
20230301_0536,-4.820,149.590,597.000,GU.POPM.,44.045,10.757,126.699,1554.356,1571.475,1576.610,289.000,4.173,0.288,0.266,0.292,0.288,0.283,2.700,3.000,0.394,0.386,2.300,0.873,0.873,2.400,0.881,0.873,2.100,0.874,0.873,2.200,0.872,0.873,2.200,0.873,0.873
20230301_0536,-4.820,149.590,597.000,TH.FRAU.,50.695,12.317,121.917,1523.903,1537.685,1541.786,290.000,4.491,0.496,0.529,0.541,0.550,0.546,0.300,0.400,0.549,0.520,5.900,0.585,0.585,-0.100,0.589,0.585,-0.100,0.587,0.585,-0.100,0.593,0.585,-0.100,0.592,0.585
20230301_0536,-4.820,149.590,597.000,IV.SACS.,42.849,11.910,126.678,1554.225,1571.329,1576.459,291.000,1.975,0.391,0.361,0.389,0.390,0.387,1.900,1.800,0.833,0.848,1.600,0.793,0.793,1.700,0.807,0.793,1.500,0.809,0.793,1.500,0.812,0.793,1.500,0.810,0.793
20230301_0536,-4.820,149.590,597.000,LU.VIA.,49.935,6.202,125.390,1546.093,1562.256,1567.093,292.000,1.060,0.487,0.480,0.463,0.454,0.457,-0.500,-0.200,0.869,0.764,-0.700,0.961,0.961,-0.600,0.954,0.961,-0.800,0.954,0.961,-0.800,0.954,0.961,-0.800,0.954,0.961
20230301_0536,-4.820,149.590,597.000,MN.CUC.,39.994,15.816,125.601,1547.435,1563.750,1568.634,293.000,2.630,0.540,0.542,0.516,0.517,0.521,-0.900,-4.200,0.622,-0.686,3.900,0.447,0.447,4.000,0.465,0.447,3.800,0.457,0.447,3.900,0.460,0.447,3.900,0.459,0.447
20230301_0536,-4.820,149.590,597.000,BW.RTBE.,47.745,12.824,123.392,1533.376,1548.143,1552.546,294.000,2.287,0.329,0.318,0.323,0.330,0.326,-3.700,2.700,0.425,0.501,3.300,0.546,0.546,3.500,0.525,0.546,3.200,0.535,0.546,3.200,0.532,0.546,3.200,0.530,0.546
20230301_0536,-4.820,149.590,597.000,GR.GRC2.,48.867,11.374,123.508,1534.119,1548.965,1553.393,295.000,3.554,0.662,0.635,0.627,0.617,0.622,0.400,0.500,0.897,0.918,0.100,0.724,0.724,0.200,0.705,0.724,0.000,0.700,0.724,0.000,0.700,0.724,0.000,0.699,0.724
20230301_0536,-4.820,149.590,597.000,WI.SBLM.00,17.914,-62.850,145.695,1668.029,1702.179,1713.067,296.000,3.318,0.532,0.574,0.496,0.536,0.558,-0.300,0.000,0.896,0.879,-0.900,0.847,0.847,-0.500,0.916,0.847,-1.200,0.880,0.847,-1.000,0.894,0.847,-0.700,0.912,0.847
20230301_0536,-4.820,149.590,597.000,LU.LILIE.,49.754,6.395,125.422,1546.300,1562.487,1567.331,297.000,1.112,0.333,0.366,0.358,0.354,0.357,-0.800,-0.500,0.872,0.704,-1.400,0.793,0.793,-1.300,0.796,0.793,-1.400,0.795,0.793,-1.500,0.792,0.793,-1.500,0.794,0.793
20230301_0536,-4.820,149.590,597.000,CH.HASLI.,46.757,8.151,126.514,1553.195,1570.177,1575.269,298.000,2.978,0.537,0.590,0.586,0.596,0.597,-0.200,0.000,0.770,0.739,-0.700,0.889,0.889,-0.500,0.884,0.889,-0.800,0.885,0.889,-0.800,0.883,0.889,-0.700,0.885,0.889
20230301_0536,-4.820,149.590,597.000,TH.LUHNE.,51.254,10.419,122.509,1527.710,1541.883,1546.103,299.000,2.261,0.307,0.260,0.260,0.263,0.263,1.200,1.800,0.686,0.792,2.400,0.587,0.587,2.500,0.584,0.587,2.400,0.579,0.587,2.400,0.587,0.587,2.400,0.582,0.587
20230301_0536,-4.820,149.590,597.000,FR.RUSF.04,43.940,5.475,129.765,1573.493,1592.963,1598.843,300.000,2.102,0.421,0.371,0.403,0.408,0.412,2.200,2.500,0.897,0.907,1.500,0.867,0.867,1.700,0.861,0.867,1.400,0.858,0.867,1.300,0.861,0.867,1.300,0.863,0.867
20230301_0536,-4.820,149.590,597.000,PM.PESTR.,38.867,-7.590,140.161,1636.131,1664.709,1673.653,301.000,2.647,0.320,0.314,0.328,0.340,0.331,1.400,1.800,0.789,0.800,0.600,0.819,0.819,0.800,0.788,0.819,0.600,0.795,0.819,0.400,0.802,0.819,0.500,0.798,0.819
20230301_0536,-4.820,149.590,597.000,TH.VITZ.,50.888,10.092,122.901,1530.227,1544.661,1548.962,302.000,7.077,0.672,0.660,0.636,0.637,0.641,-1.100,-0.800,0.834,0.838,-1.500,0.750,0.750,-1.300,0.779,0.750,-1.500,0.774,0.750,-1.400,0.775,0.750,-1.400,0.777,0.750
20230301_0536,-4.820,149.590,597.000,GE.ACRG.,5.641,-0.207,149.915,1691.693,1730.390,1742.918,303.000,4.915,0.451,0.472,0.560,0.536,0.527,1.100,1.400,0.374,0.298,1.000,0.924,0.924,0.800,0.925,0.924,0.100,0.806,0.924,0.300,0.885,0.924,0.400,0.904,0.924
20230301_0536,-4.820,149.590,597.000,FR.FNEB.00,42.903,2.106,132.275,1588.946,1610.446,1616.991,304.000,1.224,0.045,0.055,0.062,0.067,0.061,-2.000,3.200,0.636,0.514,2.700,0.477,0.477,2.900,0.485,0.477,2.800,0.482,0.477,2.700,0.488,0.477,2.700,0.488,0.477
20230301_0536,-4.820,149.590,597.000,SX.GUNZ.,50.363,12.332,122.110,1525.145,1539.054,1543.194,305.000,1.928,0.373,0.385,0.395,0.392,0.398,0.600,0.600,0.896,0.931,0.200,0.827,0.827,0.500,0.835,0.827,0.300,0.823,0.827,0.400,0.832,0.827,0.300,0.827,0.827
20230301_0536,-4.820,149.590,597.000,TH.MODW.,50.943,12.468,121.692,1522.446,1536.082,1540.137,306.000,1.475,0.308,0.320,0.320,0.323,0.321,0.100,4.400,0.514,0.440,4.100,0.618,0.618,4.200,0.619,0.618,4.000,0.629,0.618,4.100,0.630,0.618,4.000,0.630,0.618
20230301_0536,-4.820,149.590,597.000,IV.IVUG.,38.396,14.986,126.912,1555.695,1572.973,1578.157,307.000,2.210,0.432,0.397,0.402,0.393,0.396,0.600,4.100,0.722,-0.560,0.400,0.852,0.852,0.600,0.862,0.852,0.300,0.845,0.852,0.500,0.853,0.852,0.400,0.852,0.852
20230301_0536,-4.820,149.590,597.000,IV.MBFT.,37.946,12.953,128.532,1565.834,1584.343,1589.915,308.000,2.832,0.565,0.575,0.589,0.585,0.590,1.200,1.300,0.790,0.760,1.000,0.722,0.722,1.300,0.742,0.722,1.000,0.729,0.722,1.100,0.730,0.722,1.000,0.735,0.722
20230301_0536,-4.820,149.590,597.000,BW.UH3.,48.030,11.639,123.870,1536.428,1551.522,1556.026,309.000,3.835,0.535,0.484,0.508,0.506,0.505,1.300,1.500,0.931,0.930,1.000,0.985,0.985,1.000,0.984,0.985,0.800,0.984,0.985,0.800,0.985,0.985,0.800,0.985,0.985
20230301_0536,-4.820,149.590,597.000,IV.LPEL.,42.047,14.183,125.677,1547.913,1564.283,1569.184,310.000,4.646,0.539,0.484,0.512,0.501,0.504,2.100,1.800,0.774,0.707,1.500,0.902,0.902,1.700,0.903,0.902,1.400,0.907,0.902,1.400,0.904,0.902,1.500,0.905,0.902
20230301_0536,-4.820,149.590,597.000,CH.LAUCH.,46.416,7.772,126.932,1555.825,1573.118,1578.307,311.000,5.303,0.634,0.609,0.616,0.618,0.617,0.600,1.000,0.884,0.861,0.200,0.948,0.948,0.400,0.957,0.948,0.200,0.953,0.948,0.200,0.952,0.948,0.100,0.954,0.948
20230301_0536,-4.820,149.590,597.000,GE.GVD.,34.839,24.087,121.531,1521.410,1534.941,1538.965,312.000,1.376,-0.042,-0.056,-0.044,-0.044,-0.050,6.700,-1.900,0.641,-0.798,7.900,0.580,0.580,8.300,0.583,0.580,8.000,0.585,0.580,8.100,0.591,0.580,8.200,0.586,0.580
20230301_0536,-4.820,149.590,597.000,CH.SALAN.,46.144,6.973,127.530,1559.572,1577.315,1582.645,313.000,1.224,0.251,0.234,0.236,0.232,0.231,1.200,1.800,0.578,0.514,0.600,0.721,0.721,0.800,0.731,0.721,0.600,0.733,0.721,0.600,0.737,0.721,0.600,0.739,0.721
20230301_0536,-4.820,149.590,597.000,SX.MUHB.,51.658,12.342,121.320,1520.044,1533.439,1537.421,314.000,1.467,0.246,0.266,0.266,0.269,0.267,5.400,4.200,0.206,0.423,4.700,0.415,0.415,4.700,0.449,0.415,4.700,0.449,0.415,4.700,0.460,0.415,4.700,0.453,0.415
20230301_0536,-4.820,149.590,597.000,BW.MZEK.,49.963,11.947,122.548,1527.964,1542.163,1546.392,315.000,3.836,0.615,0.623,0.609,0.607,0.607,-0.500,-0.300,0.756,0.767,-1.100,0.550,0.550,-0.800,0.586,0.550,-1.000,0.575,0.550,-1.000,0.575,0.550,-1.000,0.577,0.550
20230301_0536,-4.820,149.590,597.000,CH.SIMPL.,46.240,8.020,126.912,1555.696,1572.973,1578.158,316.000,7.002,0.487,0.511,0.545,0.562,0.555,1.500,1.800,0.829,0.806,1.000,0.764,0.764,1.200,0.769,0.764,0.900,0.773,0.764,0.900,0.772,0.764,0.900,0.772,0.764
20230301_0536,-4.820,149.590,597.000,CN.GAC.,45.703,-75.478,123.479,1533.934,1548.761,1553.183,317.000,1.800,0.335,0.317,0.327,0.334,0.324,0.400,4.100,0.738,-0.642,-0.100,0.755,0.755,-0.400,0.674,0.755,-0.500,0.697,0.755,-0.500,0.697,0.755,-0.500,0.693,0.755
20230301_0536,-4.820,149.590,597.000,GE.IMMV.,35.461,23.981,121.421,1520.697,1534.157,1538.158,318.000,6.710,0.689,0.701,0.690,0.702,0.698,-0.600,-0.800,0.860,0.807,-0.800,0.798,0.798,-0.500,0.818,0.798,-0.800,0.797,0.798,-0.600,0.802,0.798,-0.600,0.799,0.798
20230301_0536,-4.820,149.590,597.000,CH.VANNI.,46.210,7.597,127.157,1557.232,1574.693,1579.935,319.000,2.849,0.502,0.504,0.522,0.529,0.524,0.900,1.200,0.804,0.769,0.600,0.786,0.786,0.800,0.798,0.786,0.600,0.796,0.786,0.500,0.797,0.786,0.500,0.793,0.786
20230301_0536,-4.820,149.590,597.000,C1.MT02.,-33.259,-71.138,125.829,1548.872,1565.352,1570.287,320.000,1.679,0.057,0.090,0.088,0.083,0.082,-4.900,-4.900,0.702,0.819,-5.500,0.756,0.756,-6.000,0.771,0.756,-6.100,0.776,0.756,-6.100,0.777,0.756,-6.000,0.770,0.756
20230301_0536,-4.820,149.590,597.000,G.MPG.00,5.110,-52.644,157.848,1734.613,1782.536,1798.519,321.000,9.422,0.607,0.718,0.665,0.708,0.719,0.200,0.300,0.929,0.958,-1.700,0.722,0.722,0.300,0.876,0.722,-0.300,0.789,0.722,-0.100,0.853,0.722,0.200,0.870,0.722
20230301_0536,-4.820,149.590,597.000,OE.OBKA.,46.509,14.549,123.110,1531.567,1546.142,1550.486,322.000,2.772,0.411,0.439,0.449,0.455,0.452,2.900,3.300,0.828,0.860,2.700,0.823,0.823,2.800,0.816,0.823,2.600,0.810,0.823,2.700,0.814,0.823,2.700,0.810,0.823
20230301_0536,-4.820,149.590,597.000,SX.BURZL.,51.431,12.815,121.224,1519.425,1532.758,1536.721,323.000,4.256,0.414,0.403,0.399,0.381,0.384,1.400,3.300,0.692,0.498,3.000,0.722,0.722,3.000,0.725,0.722,2.700,0.730,0.722,2.900,0.728,0.722,2.900,0.730,0.722
20230301_0536,-4.820,149.590,597.000,DK.NRS.,61.160,-45.419,122.539,1527.904,1542.096,1546.323,324.000,3.143,0.104,0.073,0.077,0.080,0.076,3.000,-3.000,0.820,0.888,2.600,0.726,0.726,2.900,0.718,0.726,2.800,0.720,0.726,2.800,0.719,0.726,2.800,0.722,0.726
20230301_0536,-4.820,149.590,597.000,CH.LLS.,46.847,9.008,126.001,1549.962,1566.568,1571.542,325.000,3.647,0.531,0.539,0.551,0.544,0.561,1.700,1.700,0.865,0.823,1.300,0.912,0.912,1.200,0.910,0.912,1.100,0.915,0.912,1.100,0.914,0.912,1.000,0.915,0.912
20230301_0536,-4.820,149.590,597.000,LU.WILW.,49.992,6.005,125.443,1546.431,1562.632,1567.480,326.000,1.392,0.326,0.291,0.304,0.315,0.310,0.900,1.100,0.931,0.893,0.800,0.812,0.812,0.800,0.830,0.812,0.700,0.827,0.812,0.600,0.829,0.812,0.600,0.828,0.812
20230301_0536,-4.820,149.590,597.000,BW.ROTZ.,49.767,12.207,122.533,1527.863,1542.051,1546.277,327.000,6.316,0.528,0.497,0.495,0.496,0.497,0.100,0.400,0.586,0.552,4.700,0.408,0.408,5.000,0.380,0.408,4.800,0.382,0.408,4.800,0.388,0.408,4.800,0.383,0.408
20230301_0536,-4.820,149.590,597.000,C1.CO06.,-30.674,-71.635,126.995,1556.216,1573.556,1578.759,328.000,3.391,0.219,0.218,0.212,0.211,0.210,1.300,1.200,0.533,0.424,0.300,0.516,0.516,-0.400,0.414,0.516,-0.700,0.461,0.516,-0.700,0.484,0.516,-0.500,0.409,0.516
20230301_0536,-4.820,149.590,597.000,NA.SEUB.,17.489,-62.962,145.726,1668.204,1702.386,1713.286,329.000,2.925,0.098,0.105,0.128,0.120,0.111,1.300,-4.100,0.608,0.645,-5.000,0.682,0.682,1.100,0.532,0.682,0.500,0.662,0.682,0.600,0.644,0.682,0.800,0.598,0.682
20230301_0536,-4.820,149.590,597.000,IV.ARVD.,43.498,12.942,125.693,1548.017,1564.399,1569.304,330.000,3.120,0.547,0.532,0.562,0.563,0.565,1.500,1.700,0.902,0.905,1.300,0.828,0.828,1.300,0.830,0.828,1.100,0.829,0.828,1.100,0.826,0.828,1.000,0.830,0.828
20230301_0536,-4.820,149.590,597.000,IV.MGR.,40.138,15.554,125.711,1548.129,1564.524,1569.433,331.000,5.684,0.595,0.567,0.583,0.577,0.578,1.100,1.200,0.972,0.968,0.700,0.883,0.883,0.900,0.886,0.883,0.700,0.885,0.883,0.700,0.885,0.883,0.700,0.886,0.883
20230301_0536,-4.820,149.590,597.000,FR.CIEL.00,48.833,7.364,125.572,1547.249,1563.543,1568.421,332.000,2.523,0.445,0.409,0.393,0.379,0.385,-1.500,0.500,0.666,0.430,-1.800,0.351,0.351,-1.600,0.362,0.351,-1.800,0.359,0.351,-1.800,0.355,0.351,-1.800,0.357,0.351
20230301_0536,-4.820,149.590,597.000,GR.GRB2.,49.270,11.668,123.111,1531.577,1546.153,1550.498,333.000,2.157,0.463,0.415,0.413,0.410,0.409,2.200,3.300,0.751,0.606,2.200,0.794,0.794,2.300,0.784,0.794,2.200,0.786,0.794,2.200,0.784,0.794,2.200,0.782,0.794
20230301_0536,-4.820,149.590,597.000,NA.SMRT.,18.050,-63.075,145.449,1666.632,1700.523,1711.320,334.000,1.265,0.018,0.183,0.166,0.173,0.177,1.000,-3.200,0.708,0.871,-3.600,0.393,0.393,4.000,0.455,0.393,3.300,0.388,0.393,3.500,0.403,0.393,3.800,0.436,0.393
20230301_0536,-4.820,149.590,597.000,G.HDC.00,10.002,-84.111,126.550,1553.422,1570.431,1575.532,335.000,3.357,0.483,0.536,0.379,0.479,0.521,-0.200,0.000,0.834,0.846,-0.400,0.919,0.919,-0.900,0.938,0.919,-1.600,0.926,0.919,-1.100,0.932,0.919,-0.900,0.936,0.919
20230301_0536,-4.820,149.590,597.000,C1.MT14.,-33.396,-70.536,126.148,1550.886,1567.599,1572.607,336.000,1.174,0.116,0.093,0.071,0.051,0.079,-6.000,-2.800,0.584,-0.747,-6.800,0.523,0.523,-7.300,0.632,0.523,-7.500,0.642,0.523,-7.400,0.645,0.523,-7.300,0.635,0.523
20230301_0536,-4.820,149.590,597.000,CH.DIX.,46.081,7.408,127.339,1558.378,1575.977,1581.262,337.000,3.232,0.342,0.379,0.368,0.368,0.359,0.000,-4.200,0.682,-0.405,-1.000,0.799,0.799,-0.800,0.798,0.799,-1.000,0.802,0.799,-1.000,0.801,0.799,-1.100,0.803,0.799
20230301_0536,-4.820,149.590,597.000,WM.MAHO.,39.896,4.266,133.047,1593.655,1615.800,1622.561,338.000,1.820,0.163,0.214,0.216,0.224,0.214,1.000,-3.800,0.472,-0.397,-0.600,0.745,0.745,-0.400,0.733,0.745,-0.600,0.743,0.745,-0.600,0.740,0.745,-0.700,0.742,0.745
20230301_0536,-4.820,149.590,597.000,GR.GRA1.,49.691,11.220,123.086,1531.415,1545.974,1550.313,339.000,2.472,0.386,0.412,0.426,0.442,0.432,0.200,0.100,0.662,0.576,0.300,0.568,0.568,0.400,0.569,0.568,0.300,0.557,0.568,0.300,0.556,0.568,0.200,0.555,0.568
20230301_0536,-4.820,149.590,597.000,GT.LPAZ.00,-16.288,-68.131,137.139,1618.281,1644.025,1652.003,340.000,0.996,0.125,0.297,0.297,0.294,0.299,4.300,-2.100,0.315,-0.457,0.100,0.630,0.630,12.200,0.468,0.630,12.500,0.504,0.630,12.500,0.505,0.630,12.200,0.472,0.630
20230301_0536,-4.820,149.590,597.000,IM.TKL.,35.658,-83.774,122.149,1525.392,1539.326,1543.473,341.000,2.013,0.413,0.429,0.414,0.414,0.421,0.800,-4.100,0.833,-0.480,0.100,0.500,0.500,-0.100,0.613,0.500,-0.200,0.620,0.500,-0.100,0.616,0.500,-0.100,0.618,0.500
20230301_0536,-4.820,149.590,597.000,G.PEL.00,-33.144,-70.675,126.208,1551.265,1568.021,1573.043,342.000,0.572,0.118,-0.007,-0.006,0.020,-0.008,-0.300,-0.400,0.814,0.639,-0.400,0.820,0.820,-0.900,0.760,0.820,-1.100,0.759,0.820,-1.100,0.757,0.820,-0.900,0.760,0.820
20230301_0536,-4.820,149.590,597.000,SX.WERN.,50.287,12.376,122.133,1525.294,1539.218,1543.362,343.000,1.452,0.190,0.158,0.159,0.161,0.163,-4.500,-4.300,0.577,0.609,-4.600,0.567,0.567,-4.300,0.566,0.567,-4.500,0.558,0.567,-4.500,0.556,0.567,-4.500,0.560,0.567
20230301_0536,-4.820,149.590,597.000,G.TAM.00,22.791,5.528,140.927,1640.606,1669.924,1679.124,344.000,7.367,0.712,0.746,0.742,0.746,0.748,0.400,0.400,0.885,0.902,-0.400,0.840,0.840,-0.100,0.846,0.840,-0.700,0.834,0.840,-0.600,0.848,0.840,-0.600,0.851,0.840
20230301_0536,-4.820,149.590,597.000,CR.7445.,45.729,15.472,122.983,1530.755,1545.245,1549.563,345.000,2.500,0.581,0.570,0.586,0.579,0.589,1.000,1.400,0.927,0.905,0.600,0.911,0.911,0.700,0.924,0.911,0.600,0.925,0.911,0.700,0.924,0.911,0.500,0.922,0.911
20230301_0536,-4.820,149.590,597.000,HU.CSKK.,47.363,18.260,120.501,1514.735,1527.609,1531.431,346.000,1.005,0.309,0.301,0.313,0.311,0.311,1.200,1.200,0.820,0.642,1.000,0.780,0.780,1.100,0.780,0.780,0.900,0.772,0.780,1.000,0.761,0.780,1.000,0.764,0.780
20230301_0536,-4.820,149.590,597.000,C.GO01.,-19.669,-69.194,134.681,1603.556,1627.099,1634.332,347.000,1.960,0.236,0.056,0.075,0.073,0.057,1.200,4.400,0.864,-0.836,-6.400,0.388,0.388,9.500,0.622,0.388,9.100,0.595,0.388,9.100,0.603,0.388,9.500,0.620,0.388
20230301_0536,-4.820,149.590,597.000,BX.KGCAE.,-22.854,22.207,121.659,1522.238,1535.852,1539.901,348.000,0.726,0.056,0.132,0.184,0.182,0.156,0.400,-4.900,0.462,0.253,0.500,0.568,0.568,0.500,0.655,0.568,0.000,0.683,0.568,0.200,0.676,0.568,0.400,0.672,0.568
20230301_0536,-4.820,149.590,597.000,SS.COI.,40.208,-8.412,139.451,1631.961,1659.860,1668.572,349.000,2.773,0.215,0.189,0.206,0.231,0.223,2.600,3.200,0.814,0.755,2.300,0.926,0.926,2.700,0.916,0.926,2.600,0.915,0.926,2.300,0.917,0.926,2.300,0.917,0.926
20230301_0536,-4.820,149.590,597.000,G.SSB.10,45.279,4.542,129.376,1571.080,1590.244,1596.026,350.000,2.195,0.219,0.217,0.232,0.247,0.241,1.200,0.700,0.407,0.310,1.100,0.630,0.630,1.300,0.640,0.630,1.100,0.639,0.630,1.000,0.633,0.630,1.100,0.635,0.630
20230301_0536,-4.820,149.590,597.000,CH.SAVIG.,46.066,5.973,128.106,1563.171,1581.354,1586.822,351.000,1.795,0.306,0.291,0.290,0.287,0.288,-0.200,0.100,0.816,0.813,-0.200,0.375,0.375,-0.100,0.398,0.375,-0.300,0.407,0.375,-0.400,0.411,0.375,-0.500,0.406,0.375
20230301_0536,-4.820,149.590,597.000,GU.PCP.,44.541,8.545,127.679,1560.504,1578.360,1583.726,352.000,2.358,0.372,0.356,0.374,0.385,0.381,2.000,2.000,0.674,0.796,1.400,0.869,0.869,1.500,0.864,0.869,1.400,0.866,0.869,1.300,0.867,0.869,1.300,0.866,0.869
20230301_0536,-4.820,149.590,597.000,CX.PB06.,-22.706,-69.572,132.868,1592.563,1614.558,1621.268,353.000,0.831,0.249,0.239,0.246,0.248,0.239,-3.700,-3.700,0.740,0.352,0.400,0.471,0.471,-5.500,0.431,0.471,-5.700,0.469,0.471,-5.700,0.474,0.471,-5.600,0.439,0.471
20230301_0536,-4.820,149.590,597.000,TH.LEIB1.,50.576,11.198,122.552,1527.986,1542.187,1546.416,354.000,0.939,0.242,0.252,0.255,0.256,0.256,-0.100,-4.100,0.792,-0.489,-0.700,0.840,0.840,-0.400,0.861,0.840,-0.500,0.865,0.840,-0.500,0.858,0.840,-0.500,0.863,0.840
20230301_0536,-4.820,149.590,597.000,C.GO05.,-35.010,-71.930,124.254,1538.881,1554.241,1558.829,355.000,0.346,0.017,0.026,0.025,0.023,0.026,10.600,-2.600,0.374,-1.000,-9.000,0.561,0.561,-9.300,0.522,0.561,-9.500,0.512,0.561,-9.500,0.506,0.561,-9.400,0.516,0.561
20230301_0536,-4.820,149.590,597.000,LX.GGNV.,38.718,-9.151,140.997,1641.018,1670.405,1679.628,356.000,1.463,-0.022,0.016,0.025,0.040,0.035,4.300,4.300,0.490,0.425,4.000,0.908,0.908,4.400,0.886,0.908,4.200,0.891,0.908,3.900,0.882,0.908,4.100,0.885,0.908
20230301_0536,-4.820,149.590,597.000,RD.LOR.,47.268,3.859,128.353,1564.716,1583.088,1588.617,357.000,0.354,0.028,0.028,0.029,0.029,0.029,8.800,-3.800,0.566,-0.954,-8.900,0.508,0.508,-8.700,0.506,0.508,-8.900,0.502,0.508,-9.000,0.500,0.508,-9.000,0.499,0.508
20230301_0536,-4.820,149.590,597.000,TH.GRZ1.,50.691,12.220,121.969,1524.237,1538.053,1542.164,358.000,0.664,0.176,0.175,0.174,0.178,0.175,12.900,4.500,0.096,0.249,4.000,0.550,0.550,4.300,0.535,0.550,4.100,0.550,0.550,4.200,0.544,0.550,4.100,0.551,0.550
20230301_0536,-4.820,149.590,597.000,IV.AOI.,43.550,13.602,125.261,1545.278,1561.349,1566.157,359.000,4.110,0.517,0.489,0.507,0.516,0.515,2.200,2.100,0.850,0.832,2.000,0.913,0.913,2.100,0.921,0.913,1.900,0.920,0.913,1.800,0.921,0.913,1.900,0.921,0.913
20230301_0536,-4.820,149.590,597.000,CR.ZAG.,45.829,15.994,122.620,1528.421,1542.667,1546.910,360.000,1.073,0.367,0.376,0.372,0.365,0.366,1.000,1.200,0.700,0.711,0.600,0.530,0.530,0.600,0.557,0.530,0.400,0.540,0.530,0.500,0.547,0.530,0.400,0.544,0.530
20230301_0536,-4.820,149.590,597.000,RD.ETSF.,42.899,-0.559,133.655,1597.351,1620.011,1626.945,361.000,6.002,0.606,0.562,0.565,0.562,0.566,1.100,1.100,0.924,0.906,-0.100,0.914,0.914,0.200,0.888,0.914,0.000,0.891,0.914,-0.100,0.895,0.914,-0.100,0.894,0.914
20230301_0536,-4.820,149.590,597.000,TH.ZEITZ.,51.051,12.126,121.797,1523.129,1536.833,1540.909,362.000,0.461,0.021,0.022,0.024,0.024,0.025,7.800,-5.200,0.453,-0.881,2.800,0.453,0.453,3.000,0.453,0.453,2.800,0.452,0.453,2.900,0.453,0.453,2.800,0.454,0.453
20230301_0536,-4.820,149.590,597.000,EI.IWEX.,52.374,-6.774,128.599,1566.246,1584.807,1590.396,363.000,0.934,0.363,0.350,0.351,0.352,0.352,0.400,0.400,0.802,0.806,-0.500,0.899,0.899,-0.100,0.918,0.899,-0.200,0.921,0.899,-0.400,0.928,0.899,-0.400,0.927,0.899
20230301_0536,-4.820,149.590,597.000,MN.KEK.,39.713,19.796,122.976,1530.711,1545.196,1549.513,364.000,12.219,0.780,0.799,0.799,0.795,0.797,1.000,1.100,0.757,0.725,0.200,0.788,0.788,0.400,0.776,0.788,0.200,0.802,0.788,0.300,0.787,0.788,0.300,0.790,0.788
20230301_0536,-4.820,149.590,597.000,FR.TURF.00,43.975,7.392,128.678,1566.743,1585.366,1590.974,365.000,1.779,0.365,0.361,0.380,0.387,0.379,1.200,1.400,0.729,0.714,0.500,0.884,0.884,0.600,0.891,0.884,0.300,0.897,0.884,0.300,0.904,0.884,0.400,0.900,0.884
20230301_0536,-4.820,149.590,597.000,FR.ARTF.00,43.587,5.805,129.811,1573.778,1593.284,1599.175,366.000,1.645,0.183,0.152,0.159,0.159,0.159,3.300,3.400,0.708,0.740,1.800,0.533,0.533,1.900,0.503,0.533,1.500,0.503,0.533,1.500,0.505,0.533,1.500,0.504,0.533
20230301_0536,-4.820,149.590,597.000,NA.SEUG.,17.478,-62.974,145.718,1668.159,1702.334,1713.230,367.000,2.505,0.309,0.267,0.290,0.298,0.283,2.000,2.000,0.834,0.911,1.500,0.713,0.713,1.900,0.821,0.713,1.100,0.843,0.713,1.200,0.834,0.713,1.500,0.826,0.713
20230301_0536,-4.820,149.590,597.000,FR.LEMB.00,49.035,7.759,125.243,1545.167,1561.225,1566.029,368.000,2.720,0.518,0.528,0.536,0.531,0.533,1.400,1.500,0.864,0.891,1.200,0.822,0.822,1.300,0.824,0.822,1.100,0.826,0.822,1.100,0.823,0.822,1.100,0.825,0.822
20230301_0536,-4.820,149.590,597.000,C1.CO05.,-29.919,-71.238,127.706,1560.671,1578.548,1583.920,369.000,0.917,-0.051,0.005,-0.008,-0.015,0.003,-3.800,-4.000,0.695,0.773,4.600,0.524,0.524,4.500,0.487,0.524,4.300,0.488,0.524,4.200,0.491,0.524,4.400,0.484,0.524
20230301_0536,-4.820,149.590,597.000,IV.MTRZ.,44.313,11.425,126.153,1550.917,1567.633,1572.642,370.000,0.000,0.011,0.017,0.010,0.002,0.005,-16.000,-4.100,0.000,0.000,-16.000,0.000,0.000,-16.000,0.000,0.000,-16.000,0.000,0.000,-16.000,0.000,0.000,-16.000,0.000,0.000
20230301_0536,-4.820,149.590,597.000,EI.IGLA.,53.419,-9.375,128.444,1565.281,1583.723,1589.273,371.000,1.575,0.457,0.396,0.379,0.372,0.371,0.100,0.100,0.892,0.863,-1.000,0.875,0.875,-0.600,0.880,0.875,-0.800,0.887,0.875,-0.800,0.896,0.875,-0.800,0.895,0.875
20230301_0536,-4.820,149.590,597.000,HU.BEHE.,46.471,16.776,121.826,1523.312,1537.035,1541.117,372.000,1.273,0.315,0.313,0.327,0.322,0.323,1.400,1.700,0.758,0.679,1.000,0.759,0.759,1.100,0.764,0.759,0.900,0.771,0.759,1.000,0.765,0.759,1.000,0.768,0.759
20230301_0536,-4.820,149.590,597.000,C1.VA05.,-33.657,-71.614,125.272,1545.350,1561.429,1566.240,373.000,4.708,0.364,0.325,0.327,0.325,0.323,3.800,4.000,0.773,0.672,3.200,0.732,0.732,2.900,0.806,0.732,2.800,0.797,0.732,2.800,0.793,0.732,2.900,0.803,0.732
20230301_0536,-4.820,149.590,597.000,TH.GLEI.,51.292,10.206,122.587,1528.214,1542.438,1546.675,374.000,2.163,0.286,0.315,0.311,0.325,0.312,8.200,-4.600,0.563,-0.830,-9.200,0.442,0.442,-9.000,0.446,0.442,-9.100,0.453,0.442,-9.000,0.454,0.442,-9.200,0.453,0.442
20230301_0536,-4.820,149.590,597.000,GR.RETHO.,52.738,9.361,122.045,1524.727,1538.593,1542.719,375.000,3.019,0.229,0.210,0.209,0.229,0.222,5.700,4.900,0.434,0.452,4.800,0.550,0.550,5.100,0.536,0.550,4.900,0.544,0.550,5.000,0.539,0.550,4.900,0.540,0.550
20230301_0536,-4.820,149.590,597.000,GR.GRA2.,49.654,11.358,123.038,1531.107,1545.633,1549.963,376.000,1.705,0.490,0.468,0.454,0.429,0.446,1.300,1.600,0.466,0.493,1.800,0.468,0.468,1.800,0.448,0.468,1.700,0.440,0.468,1.800,0.441,0.468,1.700,0.438,0.468
20230301_0536,-4.820,149.590,597.000,FR.SMPL.00,42.095,9.285,128.703,1566.894,1585.535,1591.149,377.000,1.384,0.217,0.199,0.184,0.174,0.184,0.900,-4.800,0.737,-0.626,-9.600,0.602,0.602,-9.300,0.609,0.602,-9.700,0.603,0.602,-9.600,0.604,0.602,-9.700,0.603,0.602
20230301_0536,-4.820,149.590,597.000,FR.MONQ.00,44.367,1.194,131.717,1585.528,1606.567,1612.960,378.000,1.499,0.467,0.408,0.438,0.455,0.452,1.000,1.300,0.911,0.905,0.600,0.937,0.937,0.900,0.939,0.937,0.700,0.940,0.937,0.600,0.943,0.937,0.600,0.944,0.937
20230301_0536,-4.820,149.590,597.000,CH.NALPS.,46.595,8.748,126.298,1551.831,1568.654,1573.696,379.000,3.402,0.507,0.515,0.533,0.528,0.529,2.000,2.300,0.680,0.640,1.800,0.779,0.779,1.800,0.778,0.779,1.600,0.771,0.779,1.500,0.774,0.779,1.600,0.774,0.779
20230301_0536,-4.820,149.590,597.000,FR.RUSF.01,43.941,5.484,129.759,1573.459,1592.924,1598.802,380.000,2.349,0.405,0.352,0.382,0.385,0.390,2.400,2.700,0.901,0.900,1.700,0.855,0.855,1.900,0.849,0.855,1.600,0.845,0.855,1.600,0.847,0.855,1.500,0.849,0.855
20230301_0536,-4.820,149.590,597.000,IV.BDI.,44.062,10.597,126.783,1554.884,1572.065,1577.220,381.000,1.805,0.335,0.329,0.354,0.372,0.355,0.500,0.400,0.872,0.832,0.100,0.528,0.528,0.200,0.553,0.528,0.000,0.549,0.528,0.000,0.553,0.528,0.000,0.549,0.528
20230301_0536,-4.820,149.590,597.000,BW.PART.,47.496,11.116,124.470,1540.257,1555.768,1560.402,382.000,4.989,0.658,0.643,0.646,0.645,0.648,-0.200,0.600,0.877,0.817,0.100,0.885,0.885,0.200,0.877,0.885,0.000,0.880,0.885,0.000,0.878,0.885,-0.100,0.879,0.885
20230301_0536,-4.820,149.590,597.000,GU.RORO.,44.112,8.067,128.212,1563.836,1582.100,1587.594,383.000,1.787,0.180,0.191,0.179,0.167,0.170,-1.500,-1.500,0.683,0.631,-2.900,0.515,0.515,-2.700,0.546,0.515,-3.000,0.561,0.515,-3.000,0.570,0.515,-2.900,0.564,0.515
20230301_0536,-4.820,149.590,597.000,GU.IMI.,43.910,7.893,128.435,1565.225,1583.660,1589.208,384.000,0.959,0.177,0.153,0.162,0.170,0.166,1.600,-4.100,0.611,0.379,-5.500,0.519,0.519,-5.300,0.532,0.519,-5.500,0.549,0.519,-5.600,0.564,0.519,-5.600,0.559,0.519
20230301_0536,-4.820,149.590,597.000,GR.FBRG.,52.906,10.198,121.553,1521.551,1535.096,1539.124,385.000,0.834,0.174,0.201,0.205,0.196,0.197,6.300,1.100,0.677,0.189,6.300,0.568,0.568,6.400,0.576,0.568,6.200,0.580,0.568,6.300,0.585,0.568,6.300,0.580,0.568
20230301_0536,-4.820,149.590,597.000,NL.HRKB.,51.188,6.168,124.543,1540.717,1556.279,1560.928,386.000,2.161,0.495,0.539,0.527,0.522,0.523,-2.100,-1.600,0.691,0.693,-2.300,0.635,0.635,-2.200,0.623,0.635,-2.400,0.618,0.635,-2.400,0.614,0.635,-2.400,0.617,0.635
20230301_0536,-4.820,149.590,597.000,CH.BAULM.,46.787,6.468,127.374,1558.595,1576.220,1581.513,387.000,1.260,0.212,0.320,0.316,0.313,0.311,-0.300,-0.400,0.752,0.778,-0.900,0.753,0.753,-0.700,0.762,0.753,-0.800,0.768,0.753,-0.900,0.770,0.753,-0.900,0.767,0.753
20230301_0536,-4.820,149.590,597.000,CH.ZUR.,47.369,8.581,125.900,1549.319,1565.850,1570.802,388.000,1.236,0.245,0.212,0.215,0.220,0.222,-2.300,1.900,0.568,0.449,1.900,0.606,0.606,1.900,0.630,0.606,1.800,0.625,0.606,1.800,0.629,0.606,1.800,0.627,0.606
20230301_0536,-4.820,149.590,597.000,BW.RNON.,47.741,12.867,123.371,1533.241,1547.993,1552.393,389.000,2.588,0.394,0.395,0.402,0.408,0.405,1.900,1.800,0.613,0.876,1.500,0.619,0.619,1.400,0.596,0.619,1.300,0.593,0.619,1.400,0.595,0.619,1.300,0.600,0.619
20230301_0536,-4.820,149.590,597.000,IV.PESA.,43.941,12.840,125.515,1546.888,1563.141,1568.006,390.000,2.745,0.425,0.420,0.442,0.434,0.435,0.300,1.200,0.854,0.776,1.000,0.921,0.921,1.100,0.911,0.921,0.800,0.912,0.921,0.800,0.912,0.921,0.800,0.914,0.921
20230301_0536,-4.820,149.590,597.000,SX.SCHF.,50.677,12.403,121.885,1523.693,1537.454,1541.548,391.000,2.005,0.298,0.345,0.344,0.343,0.345,-0.300,-3.100,0.689,-0.516,-7.600,0.499,0.499,-7.400,0.479,0.499,-7.500,0.490,0.499,-7.500,0.486,0.499,-7.500,0.491,0.499
20230301_0536,-4.820,149.590,597.000,GR.GRB5.,49.111,11.675,123.203,1532.166,1546.804,1551.168,392.000,1.821,0.362,0.372,0.392,0.405,0.399,1.300,1.100,0.889,0.906,0.800,0.841,0.841,1.000,0.839,0.841,0.800,0.834,0.841,0.800,0.834,0.841,0.800,0.832,0.841
20230301_0536,-4.820,149.590,597.000,OE.WATA.,47.336,11.576,124.315,1539.269,1554.672,1559.272,393.000,1.491,0.456,0.451,0.471,0.467,0.467,-4.100,1.500,0.565,0.663,1.300,0.784,0.784,1.400,0.778,0.784,1.200,0.788,0.784,1.200,0.792,0.784,1.200,0.788,0.784
20230301_0536,-4.820,149.590,597.000,SX.NEUB.,51.194,11.772,121.885,1523.695,1537.456,1541.550,394.000,3.025,0.472,0.500,0.504,0.507,0.506,0.000,0.300,0.556,0.544,5.200,0.741,0.741,5.300,0.732,0.741,5.300,0.732,0.741,5.300,0.742,0.741,5.200,0.736,0.741
20230301_0536,-4.820,149.590,597.000,OE.MYKA.,46.630,13.642,123.565,1534.481,1549.366,1553.806,395.000,1.664,0.496,0.548,0.560,0.564,0.564,0.700,0.800,0.763,0.767,0.100,0.910,0.910,0.200,0.919,0.910,-0.100,0.919,0.910,0.000,0.917,0.910,0.000,0.918,0.910
20230301_0536,-4.820,149.590,597.000,IV.NRCA.,42.834,13.114,125.942,1549.590,1566.153,1571.114,396.000,6.269,0.599,0.577,0.596,0.596,0.596,1.100,1.300,0.918,0.927,0.700,0.851,0.851,0.900,0.844,0.851,0.500,0.846,0.851,0.600,0.847,0.851,0.600,0.849,0.851
20230301_0536,-4.820,149.590,597.000,G.IVI.00,61.206,-48.171,122.054,1524.784,1538.656,1542.784,397.000,2.128,0.145,0.149,0.141,0.133,0.135,-2.400,-2.200,0.770,0.744,-2.700,0.640,0.640,-2.400,0.645,0.640,-2.500,0.642,0.640,-2.500,0.634,0.640,-2.500,0.641,0.640
20230301_0536,-4.820,149.590,597.000,CX.PB01.,-21.043,-69.487,133.772,1598.060,1620.820,1627.788,398.000,2.288,0.179,0.136,0.153,0.159,0.139,1.900,-1.100,0.838,-0.880,-6.200,0.683,0.683,-6.400,0.586,0.683,-6.500,0.610,0.683,-6.500,0.622,0.683,-6.400,0.594,0.683
20230301_0536,-4.820,149.590,597.000,CH.MFERR.,45.951,7.112,127.581,1559.889,1577.670,1583.012,399.000,3.068,0.291,0.286,0.304,0.309,0.309,2.300,2.600,0.700,0.704,2.100,0.709,0.709,2.400,0.729,0.709,2.200,0.737,0.709,2.100,0.740,0.709,2.100,0.737,0.709
20230301_0536,-4.820,149.590,597.000,BW.OBER.,47.407,10.293,124.968,1543.418,1559.279,1564.022,400.000,2.213,0.587,0.512,0.511,0.503,0.505,0.800,1.100,0.752,0.726,0.500,0.821,0.821,0.600,0.821,0.821,0.300,0.823,0.821,0.300,0.826,0.821,0.400,0.825,0.821
20230301_0536,-4.820,149.590,597.000,GU.TRAV.,45.513,7.747,127.518,1559.498,1577.232,1582.559,401.000,2.871,0.480,0.474,0.503,0.505,0.501,1.600,1.700,0.922,0.914,1.000,0.964,0.964,1.100,0.971,0.964,0.900,0.972,0.964,0.900,0.973,0.964,0.900,0.972,0.964
20230301_0536,-4.820,149.590,597.000,GU.ROTM.,44.849,8.353,127.598,1559.997,1577.792,1583.138,402.000,1.333,0.153,0.146,0.141,0.133,0.137,-4.300,-4.200,0.565,0.527,-4.800,0.524,0.524,-4.500,0.544,0.524,-4.700,0.542,0.524,-4.700,0.545,0.524,-4.800,0.542,0.524
20230301_0536,-4.820,149.590,597.000,GE.RUE.,52.476,13.780,120.122,1512.273,1524.909,1528.660,403.000,4.075,0.368,0.381,0.404,0.395,0.397,1.600,1.300,0.599,0.672,1.400,0.872,0.872,1.500,0.874,0.872,1.300,0.886,0.872,1.400,0.878,0.872,1.400,0.881,0.872
20230301_0536,-4.820,149.590,597.000,CH.VDL.,46.483,9.449,125.989,1549.881,1566.477,1571.449,404.000,4.249,0.523,0.499,0.514,0.504,0.524,2.100,2.100,0.799,0.788,1.600,0.930,0.930,1.600,0.925,0.930,1.500,0.926,0.930,1.500,0.929,0.930,1.400,0.929,0.930
20230301_0536,-4.820,149.590,597.000,RD.PGF.,42.548,8.999,128.609,1566.314,1584.883,1590.474,405.000,1.794,0.349,0.341,0.346,0.345,0.345,2.000,2.300,0.542,0.570,1.500,0.411,0.411,1.700,0.431,0.411,1.400,0.419,0.411,1.400,0.424,0.411,1.300,0.421,0.411
20230301_0536,-4.820,149.590,597.000,NA.SABN.,17.645,-63.241,145.425,1666.495,1700.361,1711.149,406.000,8.981,0.401,0.357,0.371,0.366,0.362,-6.500,4.700,0.659,-0.772,0.300,0.580,0.580,-6.900,0.649,0.580,-0.600,0.663,0.580,-7.400,0.623,0.580,-7.100,0.646,0.580
20230301_0536,-4.820,149.590,597.000,C1.BO03.,-34.496,-71.961,124.542,1540.711,1556.272,1560.922,407.000,0.834,0.154,0.015,0.037,0.053,0.020,2.700,-2.900,0.712,0.724,2.400,0.578,0.578,2.200,0.693,0.578,2.000,0.663,0.578,2.000,0.652,0.578,2.200,0.688,0.578
20230301_0536,-4.820,149.590,597.000,C1.MT12.,-33.733,-70.549,125.935,1549.542,1566.100,1571.059,408.000,1.043,-0.042,0.081,0.070,0.044,0.074,-10.300,-5.900,0.625,-0.091,2.300,0.416,0.416,-11.000,0.497,0.416,-11.200,0.489,0.416,-11.000,0.476,0.416,-11.000,0.494,0.416
20230301_0536,-4.820,149.590,597.000,C1.MT10.,-33.273,-70.537,126.222,1551.352,1568.119,1573.144,409.000,0.349,0.043,0.060,0.058,0.056,0.060,9.800,-4.000,0.551,-1.000,-8.900,0.480,0.480,-9.400,0.486,0.480,-9.500,0.484,0.480,-9.500,0.483,0.480,-9.400,0.487,0.480
20230301_0536,-4.820,149.590,597.000,IV.TERO.,42.623,13.604,125.747,1548.358,1564.779,1569.696,410.000,0.890,0.262,0.258,0.253,0.248,0.251,0.300,0.700,0.667,0.640,0.000,0.875,0.875,0.100,0.863,0.875,-0.100,0.868,0.875,0.000,0.866,0.875,-0.100,0.869,0.875
20230301_0536,-4.820,149.590,597.000,IV.ATPC.,43.481,12.457,125.998,1549.942,1566.546,1571.519,411.000,3.672,0.594,0.597,0.624,0.619,0.618,1.400,1.500,0.968,0.967,1.200,0.935,0.935,1.300,0.943,0.935,1.000,0.941,0.935,1.000,0.942,0.935,1.000,0.940,0.935
20230301_0536,-4.820,149.590,597.000,RD.EPF.,43.031,0.340,133.105,1594.005,1616.198,1622.975,412.000,1.610,0.440,0.466,0.464,0.460,0.461,-0.100,-1.200,0.705,0.472,0.100,0.404,0.404,0.100,0.396,0.404,0.000,0.400,0.404,0.000,0.388,0.404,-0.100,0.396,0.404
20230301_0536,-4.820,149.590,597.000,LU.EIF02.,49.834,6.392,125.370,1545.967,1562.116,1566.948,413.000,1.850,0.388,0.457,0.456,0.468,0.458,-2.000,-1.000,0.748,0.558,-2.100,0.661,0.661,-2.100,0.655,0.661,-2.200,0.652,0.661,-2.200,0.648,0.661,-2.300,0.651,0.661
20230301_0536,-4.820,149.590,597.000,ZC.ABDR.,18.812,-70.627,138.362,1625.539,1652.412,1660.774,414.000,0.418,0.077,0.062,0.057,0.060,0.062,13.100,4.600,0.428,-0.538,7.700,0.452,0.452,7.900,0.500,0.452,7.400,0.493,0.452,7.600,0.490,0.452,7.800,0.499,0.452
20230301_0536,-4.820,149.590,597.000,GE.MARCO.,40.297,15.806,125.466,1546.576,1562.794,1567.648,415.000,7.866,0.506,0.486,0.490,0.470,0.480,1.400,1.300,0.770,0.803,0.700,0.889,0.889,0.900,0.880,0.889,0.600,0.893,0.889,0.700,0.886,0.889,0.600,0.890,0.889
20230301_0536,-4.820,149.590,597.000,SX.MEINS.,50.732,12.881,121.610,1521.916,1535.498,1539.537,416.000,2.196,0.312,0.276,0.257,0.247,0.251,4.300,4.100,0.552,0.486,3.400,0.776,0.776,3.600,0.752,0.776,3.400,0.777,0.776,3.400,0.777,0.776,3.400,0.778,0.776
20230301_0536,-4.820,149.590,597.000,CH.BNALP.,46.870,8.425,126.297,1551.828,1568.651,1573.693,417.000,5.222,0.604,0.629,0.659,0.668,0.663,1.600,1.600,0.946,0.940,1.500,0.907,0.907,1.500,0.915,0.907,1.300,0.908,0.907,1.200,0.906,0.907,1.300,0.908,0.907
20230301_0536,-4.820,149.590,597.000,IV.MESG.,40.589,17.850,123.948,1536.930,1552.078,1556.599,418.000,3.630,0.740,0.731,0.742,0.732,0.736,0.800,1.000,0.934,0.917,0.400,0.925,0.925,0.500,0.931,0.925,0.200,0.927,0.925,0.300,0.927,0.925,0.300,0.928,0.925
20230301_0536,-4.820,149.590,597.000,IV.SSFR.,43.436,12.782,125.824,1548.843,1565.319,1570.254,419.000,0.991,0.373,0.353,0.375,0.367,0.368,1.400,1.300,0.946,0.945,1.000,0.924,0.924,1.200,0.928,0.924,0.900,0.929,0.924,0.900,0.931,0.924,0.900,0.930,0.924
20230301_0536,-4.820,149.590,597.000,GR.WET.,49.145,12.880,122.549,1527.967,1542.166,1546.395,420.000,2.367,0.771,0.744,0.734,0.729,0.733,0.100,0.200,0.927,0.943,-0.300,0.860,0.860,-0.100,0.886,0.860,-0.200,0.879,0.860,-0.200,0.879,0.860,-0.300,0.875,0.860
20230301_0536,-4.820,149.590,597.000,FR.ISO.00,44.184,7.050,128.739,1567.121,1585.790,1591.413,421.000,1.261,0.250,0.270,0.287,0.286,0.278,1.100,1.200,0.781,0.775,1.300,0.665,0.665,1.400,0.670,0.665,1.200,0.662,0.665,1.200,0.657,0.665,1.200,0.659,0.665
20230301_0536,-4.820,149.590,597.000,IV.MRLC.,40.756,15.489,125.461,1546.546,1562.761,1567.613,422.000,3.170,0.435,0.417,0.425,0.407,0.421,2.800,-4.000,0.795,0.554,2.400,0.820,0.820,2.600,0.817,0.820,2.400,0.824,0.820,2.500,0.819,0.820,2.400,0.823,0.820
20230301_0536,-4.820,149.590,597.000,FR.ATE.00,43.086,-0.701,133.589,1596.951,1619.555,1626.470,423.000,2.324,0.425,0.396,0.407,0.421,0.417,2.500,2.100,0.732,0.605,2.000,0.753,0.753,2.300,0.723,0.753,2.200,0.731,0.753,2.000,0.732,0.753,2.000,0.731,0.753
20230301_0536,-4.820,149.590,597.000,FR.BSTF.00,43.801,5.643,129.763,1573.480,1592.948,1598.826,424.000,1.196,0.268,0.289,0.311,0.316,0.317,0.800,2.600,0.627,0.373,1.500,0.880,0.880,1.600,0.875,0.880,1.300,0.872,0.880,1.200,0.870,0.880,1.200,0.872,0.880
20230301_0536,-4.820,149.590,597.000,CH.GRYON.,46.251,7.111,127.388,1558.684,1576.320,1581.616,425.000,3.353,0.484,0.433,0.447,0.444,0.443,1.300,1.600,0.920,0.945,0.900,0.801,0.801,1.100,0.810,0.801,0.900,0.819,0.801,0.900,0.820,0.801,0.900,0.817,0.801
20230301_0536,-4.820,149.590,597.000,OE.RONA.,47.700,16.296,121.468,1521.004,1534.495,1538.506,426.000,3.697,0.453,0.448,0.464,0.457,0.458,1.500,1.600,0.601,0.596,1.200,0.896,0.896,1.200,0.891,0.896,1.100,0.898,0.896,1.100,0.892,0.896,1.100,0.895,0.896
20230301_0536,-4.820,149.590,597.000,ZC.SC01.00,19.427,-70.728,138.113,1624.065,1650.706,1658.989,427.000,0.348,-0.001,-0.006,-0.004,-0.004,-0.005,4.700,-4.500,0.734,-0.796,7.200,0.204,0.204,6.700,0.243,0.204,6.400,0.281,0.204,6.500,0.270,0.204,6.700,0.258,0.204
20230301_0536,-4.820,149.590,597.000,C1.MT15.,-33.599,-70.506,126.044,1550.231,1566.868,1571.853,428.000,1.042,0.130,0.151,0.111,0.059,0.128,0.200,-3.500,0.665,-0.765,0.100,0.754,0.754,-0.100,0.677,0.754,-0.400,0.664,0.754,-0.300,0.655,0.754,-0.200,0.671,0.754
20230301_0536,-4.820,149.590,597.000,NL.HGN.02,50.764,5.932,124.944,1543.266,1559.110,1563.848,429.000,2.236,0.414,0.434,0.444,0.469,0.449,0.200,0.100,0.823,0.871,-0.200,0.878,0.878,-0.200,0.887,0.878,-0.300,0.882,0.878,-0.300,0.882,0.878,-0.400,0.880,0.878
20230301_0536,-4.820,149.590,597.000,LD.MMNY.,42.732,-77.907,123.473,1533.892,1548.714,1553.135,430.000,2.335,0.259,0.238,0.209,0.209,0.209,-0.500,-0.500,0.667,0.578,5.000,0.663,0.663,4.800,0.707,0.663,4.600,0.693,0.663,4.700,0.697,0.663,4.600,0.698,0.663
20230301_0536,-4.820,149.590,597.000,IV.CRE.,43.619,11.952,126.228,1551.392,1568.164,1573.190,431.000,1.874,0.482,0.501,0.514,0.514,0.514,0.300,0.900,0.895,0.816,0.300,0.861,0.861,0.400,0.864,0.861,0.200,0.867,0.861,0.100,0.865,0.861,0.200,0.867,0.861
20230301_0536,-4.820,149.590,597.000,OE.SOKA.,46.678,15.033,122.739,1529.187,1543.512,1547.780,432.000,10.731,0.550,0.518,0.552,0.544,0.549,1.000,1.500,0.731,0.708,0.700,0.878,0.878,0.900,0.883,0.878,0.700,0.895,0.878,0.900,0.888,0.878,0.800,0.891,0.878
20230301_0536,-4.820,149.590,597.000,LD.BRNY.,41.414,-74.012,126.637,1553.965,1571.038,1576.158,433.000,0.346,0.022,0.028,0.030,0.033,0.030,10.000,-4.100,0.548,-0.997,-8.800,0.527,0.527,-8.900,0.523,0.527,-9.300,0.526,0.527,-9.200,0.526,0.527,-9.200,0.524,0.527
20230301_0536,-4.820,149.590,597.000,BW.GRMB.,48.141,11.264,124.005,1537.289,1552.476,1557.010,434.000,2.161,0.442,0.478,0.495,0.499,0.490,0.700,0.900,0.809,0.817,0.100,0.856,0.856,0.100,0.844,0.856,0.000,0.841,0.856,0.000,0.845,0.856,-0.100,0.846,0.856
20230301_0536,-4.820,149.590,597.000,CX.PX06.,-23.512,-70.250,131.919,1586.768,1607.974,1614.422,435.000,1.013,0.179,0.121,0.129,0.132,0.122,2.100,2.100,0.942,0.915,2.000,0.743,0.743,0.400,0.897,0.743,0.500,0.911,0.743,0.600,0.914,0.743,0.400,0.900,0.743
20230301_0536,-4.820,149.590,597.000,IV.BRMO.,46.476,10.372,125.488,1546.716,1562.950,1567.809,436.000,4.926,0.652,0.624,0.650,0.648,0.657,1.100,1.600,0.792,0.730,1.100,0.932,0.932,1.100,0.929,0.932,0.900,0.932,0.932,0.900,0.934,0.932,0.800,0.933,0.932
20230301_0536,-4.820,149.590,597.000,C1.TA01.,-20.566,-70.181,133.438,1596.031,1618.506,1625.378,437.000,1.114,0.179,0.206,0.202,0.202,0.205,-0.100,0.000,0.514,0.512,-1.000,0.429,0.429,-1.100,0.419,0.429,-1.500,0.419,0.429,-1.400,0.416,0.429,-1.100,0.418,0.429
20230301_0536,-4.820,149.590,597.000,CH.SALEV.,46.060,6.097,128.045,1562.792,1580.928,1586.381,438.000,1.666,0.272,0.265,0.263,0.268,0.260,0.700,0.600,0.703,0.764,-0.400,0.844,0.844,-0.200,0.864,0.844,-0.400,0.870,0.844,-0.400,0.872,0.844,-0.500,0.870,0.844
20230301_0536,-4.820,149.590,597.000,FR.CALF.01,43.753,6.922,129.082,1569.254,1588.189,1593.896,439.000,2.125,0.322,0.315,0.322,0.327,0.322,-4.900,0.300,0.705,0.560,0.000,0.630,0.630,0.200,0.638,0.630,0.000,0.620,0.630,0.000,0.615,0.630,-0.100,0.618,0.630
20230301_0536,-4.820,149.590,597.000,GE.MTE.,40.400,-7.544,138.910,1628.775,1656.162,1664.699,440.000,2.577,0.389,0.293,0.308,0.322,0.315,3.600,3.900,0.752,0.596,3.300,0.808,0.808,3.600,0.757,0.808,3.300,0.757,0.808,3.100,0.756,0.808,3.200,0.754,0.808
20230301_0536,-4.820,149.590,597.000,GR.GTTG.,51.546,9.964,122.540,1527.913,1542.106,1546.333,441.000,1.771,0.634,0.626,0.604,0.589,0.595,-0.100,0.000,0.800,0.793,-0.800,0.723,0.723,-0.500,0.755,0.723,-0.600,0.755,0.723,-0.600,0.753,0.723,-0.600,0.755,0.723
20230301_0536,-4.820,149.590,597.000,FR.CLEV.00,48.549,1.389,128.580,1566.130,1584.677,1590.260,442.000,2.462,0.490,0.469,0.480,0.485,0.485,1.200,1.400,0.895,0.899,0.600,0.902,0.902,0.800,0.922,0.902,0.700,0.924,0.902,0.600,0.927,0.902,0.600,0.925,0.902
20230301_0536,-4.820,149.590,597.000,WM.SFS.,36.466,-6.206,141.339,1643.008,1672.730,1682.069,443.000,0.819,0.129,0.122,0.137,0.164,0.151,2.700,2.600,0.823,0.835,2.000,0.920,0.920,2.600,0.892,0.920,2.300,0.897,0.920,2.100,0.884,0.920,2.300,0.890,0.920
20230301_0536,-4.820,149.590,597.000,GR.FUR.,48.164,11.277,123.983,1537.154,1552.327,1556.856,444.000,2.260,0.550,0.596,0.606,0.606,0.605,0.800,1.100,0.918,0.913,0.300,0.853,0.853,0.400,0.855,0.853,0.200,0.851,0.853,0.300,0.851,0.853,0.200,0.854,0.853
20230301_0536,-4.820,149.590,597.000,NL.TERZ.00,50.757,5.906,124.960,1543.371,1559.228,1563.969,445.000,2.521,0.468,0.429,0.423,0.425,0.421,-0.100,-0.100,0.860,0.858,-0.700,0.817,0.817,-0.600,0.832,0.817,-0.800,0.828,0.817,-0.800,0.828,0.817,-0.800,0.827,0.817
20230301_0536,-4.820,149.590,597.000,EI.DSB.,53.245,-6.376,127.727,1560.807,1578.700,1584.077,446.000,1.632,0.420,0.419,0.419,0.411,0.408,-0.300,4.000,0.773,-0.415,-1.100,0.726,0.726,-0.700,0.701,0.726,-0.800,0.707,0.726,-0.900,0.710,0.726,-0.900,0.710,0.726
20230301_0536,-4.820,149.590,597.000,LU.ARSD.,49.864,5.857,125.600,1547.425,1563.739,1568.623,447.000,2.204,0.476,0.339,0.346,0.347,0.355,1.100,1.400,0.916,0.904,1.000,0.884,0.884,1.100,0.887,0.884,1.000,0.884,0.884,0.900,0.882,0.884,0.800,0.885,0.884
20230301_0536,-4.820,149.590,597.000,IV.ESLN.,37.693,14.974,127.241,1557.764,1575.289,1580.550,448.000,3.635,0.521,0.517,0.520,0.522,0.518,-1.300,-4.800,0.675,-0.722,-9.300,0.672,0.672,-9.000,0.654,0.672,-9.300,0.657,0.672,-9.200,0.656,0.672,-9.200,0.656,0.672
20230301_0536,-4.820,149.590,597.000,LU.KLB.,50.100,6.109,125.320,1545.654,1561.767,1566.589,449.000,3.041,0.583,0.617,0.623,0.624,0.624,0.600,0.500,0.898,0.876,0.300,0.901,0.901,0.400,0.896,0.901,0.300,0.893,0.901,0.200,0.891,0.901,0.200,0.892,0.901
20230301_0536,-4.820,149.590,597.000,CH.GIMEL.,46.534,6.265,127.645,1560.295,1578.126,1583.483,450.000,1.952,0.399,0.434,0.450,0.465,0.459,0.800,1.100,0.923,0.941,0.100,0.902,0.902,0.300,0.912,0.902,0.100,0.919,0.902,0.100,0.920,0.902,0.100,0.919,0.902
20230301_0536,-4.820,149.590,597.000,ML.MSDA.,35.901,14.484,128.395,1564.977,1583.381,1588.919,451.000,6.364,0.732,0.730,0.720,0.717,0.719,-1.000,-0.600,0.637,0.624,-0.300,0.383,0.383,-0.100,0.419,0.383,-0.400,0.394,0.383,-0.300,0.392,0.383,-0.300,0.396,0.383
20230301_0536,-4.820,149.590,597.000,NU.CRIN.,12.697,-87.021,123.603,1534.724,1549.635,1554.083,452.000,4.855,0.519,0.515,0.465,0.494,0.512,0.300,0.400,0.967,0.964,0.000,0.836,0.836,-0.500,0.850,0.836,-0.900,0.870,0.836,-0.600,0.859,0.836,-0.400,0.854,0.836
20230301_0536,-4.820,149.590,597.000,BW.BGDS.,47.635,13.028,123.343,1533.061,1547.795,1552.188,453.000,2.095,0.388,0.378,0.393,0.401,0.395,0.500,0.800,0.746,0.818,0.500,0.581,0.581,0.500,0.562,0.581,0.400,0.549,0.581,0.400,0.551,0.581,0.400,0.547,0.581
20230301_0536,-4.820,149.590,597.000,SL.ZAVS.,46.434,15.025,122.874,1530.055,1544.471,1548.766,454.000,2.094,0.511,0.508,0.529,0.528,0.526,1.300,1.600,0.891,0.909,0.900,0.912,0.912,1.000,0.916,0.912,0.800,0.919,0.912,0.900,0.918,0.912,0.900,0.918,0.912
20230301_0536,-4.820,149.590,597.000,GE.WLF.,49.665,6.153,125.598,1547.413,1563.726,1568.610,455.000,2.944,0.307,0.340,0.363,0.380,0.372,1.200,1.700,0.907,0.901,1.100,0.698,0.698,1.200,0.714,0.698,1.100,0.709,0.698,1.000,0.708,0.698,1.000,0.709,0.698
20230301_0536,-4.820,149.590,597.000,ZC.CADR.,19.667,-69.940,138.765,1627.920,1655.171,1663.661,456.000,0.361,0.006,-0.009,-0.009,-0.009,-0.009,4.500,-4.700,0.702,-0.747,7.300,0.252,0.252,6.700,0.237,0.252,6.400,0.271,0.252,6.500,0.261,0.252,6.600,0.247,0.252
20230301_0536,-4.820,149.590,597.000,C1.AC04.,-28.205,-71.074,128.785,1567.409,1586.114,1591.748,457.000,1.762,0.099,0.046,0.059,0.071,0.046,-6.800,2.800,0.476,0.321,-8.000,0.625,0.625,-8.300,0.660,0.625,-8.500,0.649,0.625,-8.400,0.648,0.625,-8.400,0.658,0.625
20230301_0536,-4.820,149.590,597.000,GR.MILB.,49.828,9.292,123.970,1537.068,1552.231,1556.757,458.000,5.077,0.640,0.583,0.580,0.576,0.578,0.300,0.600,0.649,0.635,0.000,0.776,0.776,0.100,0.776,0.776,0.000,0.763,0.776,-0.100,0.761,0.776,-0.100,0.762,0.776
20230301_0536,-4.820,149.590,597.000,TH.NEUST.,51.578,10.864,122.089,1525.006,1538.901,1543.036,459.000,3.039,0.462,0.480,0.473,0.486,0.481,-0.100,4.900,0.511,0.447,4.800,0.771,0.771,5.000,0.765,0.771,4.900,0.769,0.771,5.000,0.767,0.771,5.000,0.762,0.771
20230301_0536,-4.820,149.590,597.000,GR.GRB1.,49.390,11.651,123.048,1531.168,1545.701,1550.033,460.000,2.661,0.467,0.482,0.489,0.490,0.490,0.800,1.200,0.658,0.653,1.300,0.645,0.645,1.400,0.627,0.645,1.300,0.626,0.645,1.300,0.628,0.645,1.300,0.624,0.645
20230301_0536,-4.820,149.590,597.000,CR.MOSL.,45.613,16.754,122.273,1526.192,1540.207,1544.380,461.000,0.337,0.111,0.108,0.116,0.119,0.117,-5.000,-1.700,0.418,-0.958,-5.600,0.764,0.764,-5.400,0.785,0.764,-5.600,0.790,0.764,-5.500,0.787,0.764,-5.500,0.788,0.764
20230301_0536,-4.820,149.590,597.000,GE.WIN.,-22.569,17.091,126.113,1550.666,1567.353,1572.353,462.000,1.480,0.190,0.228,0.227,0.229,0.230,-5.900,-5.500,0.750,0.779,-6.400,0.704,0.704,-6.300,0.736,0.704,-6.600,0.662,0.704,-6.400,0.686,0.704,-6.300,0.719,0.704
20230301_0536,-4.820,149.590,597.000,C1.BI04.,-38.412,-73.886,120.956,1517.692,1530.854,1534.765,463.000,0.345,-0.007,-0.017,-0.015,-0.012,-0.016,-11.800,0.600,0.214,-0.995,-8.900,0.502,0.502,-9.100,0.552,0.502,-9.200,0.542,0.502,-9.200,0.522,0.502,-9.200,0.541,0.502
20230301_0536,-4.820,149.590,597.000,FR.WLS.00,48.413,7.354,125.854,1549.032,1565.530,1570.472,464.000,1.806,0.281,0.234,0.247,0.255,0.253,2.200,2.200,0.800,0.850,1.900,0.810,0.810,2.000,0.824,0.810,1.800,0.821,0.810,1.800,0.817,0.810,1.800,0.819,0.810
20230301_0536,-4.820,149.590,597.000,BW.LAEN.,50.183,12.186,122.293,1526.325,1540.354,1544.531,465.000,1.932,0.506,0.550,0.544,0.540,0.540,0.100,0.500,0.769,0.649,-0.100,0.745,0.745,-0.100,0.772,0.745,-0.100,0.772,0.745,-0.100,0.777,0.745,-0.100,0.775,0.745
20230301_0536,-4.820,149.590,597.000,CR.DBRK.,42.669,18.147,122.813,1529.661,1544.036,1548.319,466.000,5.030,0.688,0.686,0.696,0.688,0.690,0.900,1.100,0.908,0.924,0.500,0.799,0.799,0.600,0.836,0.799,0.400,0.841,0.799,0.500,0.835,0.799,0.500,0.837,0.799
20230301_0536,-4.820,149.590,597.000,CH.SULZ.,47.528,8.112,126.043,1550.225,1566.862,1571.846,467.000,2.460,0.381,0.398,0.413,0.423,0.419,0.600,0.600,0.803,0.841,0.200,0.907,0.907,0.300,0.908,0.907,0.100,0.903,0.907,0.000,0.906,0.907,0.100,0.905,0.907
20230301_0536,-4.820,149.590,597.000,C1.BI05.,-36.748,-73.191,122.395,1526.978,1541.075,1545.272,468.000,0.662,0.187,0.064,0.087,0.110,0.074,-2.600,-2.500,0.375,0.425,-3.000,0.631,0.631,-3.500,0.708,0.631,-3.600,0.715,0.631,-3.500,0.717,0.631,-3.500,0.715,0.631
20230301_0536,-4.820,149.590,597.000,FR.ARBF.00,43.492,5.332,130.134,1575.780,1595.542,1601.516,469.000,1.020,0.084,0.083,0.082,0.071,0.083,-1.800,3.200,0.831,0.698,2.500,0.642,0.642,2.700,0.637,0.642,2.400,0.626,0.642,2.300,0.633,0.642,2.300,0.635,0.642
20230301_0536,-4.820,149.590,597.000,C1.MT05.,-33.392,-70.738,126.016,1550.054,1566.671,1571.649,470.000,1.020,0.046,0.107,0.060,0.020,0.084,-1.300,1.600,0.863,-0.914,-1.900,0.621,0.621,-2.600,0.699,0.621,-2.700,0.726,0.621,-2.600,0.740,0.621,-2.500,0.708,0.621
20230301_0536,-4.820,149.590,597.000,C1.MT07.,-32.976,-71.016,126.080,1550.457,1567.120,1572.113,471.000,1.181,0.208,0.321,0.319,0.312,0.322,1.300,-1.600,0.877,-0.485,1.200,0.694,0.694,-6.400,0.746,0.694,-6.400,0.748,0.694,-6.400,0.744,0.694,-6.300,0.746,0.694
20230301_0536,-4.820,149.590,597.000,IV.CESX.,42.608,12.587,126.390,1552.415,1569.306,1574.369,472.000,3.243,0.556,0.556,0.571,0.583,0.577,0.300,0.400,0.945,0.943,0.000,0.822,0.822,0.100,0.825,0.822,-0.200,0.819,0.822,-0.200,0.819,0.822,-0.100,0.820,0.822
20230301_0536,-4.820,149.590,597.000,CH.DAGMA.,47.231,8.012,126.285,1551.750,1568.563,1573.603,473.000,1.603,0.144,0.202,0.192,0.194,0.181,-1.200,-1.000,0.790,0.841,-1.500,0.702,0.702,-1.500,0.704,0.702,-1.700,0.701,0.702,-1.700,0.706,0.702,-1.800,0.705,0.702
20230301_0536,-4.820,149.590,597.000,FR.DOU.00,50.096,4.595,126.019,1550.075,1566.694,1571.673,474.000,1.961,0.474,0.357,0.356,0.345,0.357,0.600,0.800,0.824,0.831,0.700,0.810,0.810,0.800,0.818,0.810,0.600,0.820,0.810,0.600,0.817,0.810,0.600,0.820,0.810
20230301_0536,-4.820,149.590,597.000,CH.FUORN.,46.620,10.264,125.461,1546.544,1562.758,1567.611,475.000,4.583,0.525,0.526,0.551,0.551,0.550,1.300,1.500,0.703,0.670,0.900,0.896,0.896,0.900,0.889,0.896,0.600,0.894,0.896,0.700,0.896,0.896,0.700,0.896,0.896
20230301_0536,-4.820,149.590,597.000,GE.FALKS.,51.682,11.266,121.830,1523.338,1537.063,1541.146,476.000,1.816,0.620,0.602,0.584,0.574,0.578,0.100,0.100,0.801,0.808,-0.100,0.780,0.780,0.000,0.793,0.780,0.000,0.787,0.780,-0.100,0.786,0.780,-0.100,0.787,0.780
20230301_0536,-4.820,149.590,597.000,CH.METMA.,47.712,8.253,125.852,1549.018,1565.515,1570.456,477.000,2.062,0.354,0.396,0.422,0.434,0.428,1.100,1.500,0.887,0.879,1.200,0.827,0.827,1.200,0.843,0.827,1.000,0.843,0.827,1.000,0.840,0.827,1.000,0.840,0.827
20230301_0536,-4.820,149.590,597.000,NL.OPLO.01,51.589,5.812,124.423,1539.953,1555.430,1560.054,478.000,1.362,0.450,0.392,0.390,0.375,0.385,0.900,0.900,0.843,0.906,0.300,0.854,0.854,0.400,0.861,0.854,0.300,0.860,0.854,0.300,0.857,0.854,0.200,0.856,0.854
20230301_0536,-4.820,149.590,597.000,CH.BERGE.,47.872,8.178,125.788,1548.615,1565.066,1569.992,479.000,2.015,0.557,0.494,0.499,0.493,0.493,2.000,2.000,0.681,0.714,2.200,0.704,0.704,2.200,0.719,0.704,2.000,0.725,0.704,2.000,0.723,0.704,2.000,0.723,0.704
20230301_0536,-4.820,149.590,597.000,TH.KAMM.,51.048,12.431,121.647,1522.157,1535.763,1539.809,480.000,0.331,0.005,0.003,0.003,0.005,0.004,-12.800,2.900,0.115,-0.939,-8.500,0.499,0.499,-8.400,0.520,0.499,-8.600,0.518,0.499,-8.500,0.523,0.499,-8.600,0.517,0.499
20230301_0536,-4.820,149.590,597.000,WI.ILAM.00,14.774,-60.875,148.421,1683.380,1720.440,1732.371,481.000,2.116,0.103,0.021,0.070,0.053,0.035,-7.900,-0.800,0.683,-0.207,1.700,0.549,0.549,-6.000,0.682,0.549,-6.400,0.723,0.549,-6.300,0.709,0.549,-6.100,0.695,0.549
20230301_0536,-4.820,149.590,597.000,BW.HROE.,50.537,10.157,123.092,1531.451,1546.014,1550.355,482.000,3.763,0.573,0.599,0.603,0.606,0.604,-0.200,-0.100,0.770,0.768,-0.500,0.680,0.680,-0.400,0.699,0.680,-0.400,0.695,0.680,-0.400,0.691,0.680,-0.400,0.694,0.680
20230301_0536,-4.820,149.590,597.000,FR.SALF.00,42.759,1.188,132.859,1592.510,1614.497,1621.205,483.000,1.574,0.372,0.323,0.332,0.338,0.335,2.000,2.000,0.906,0.906,0.500,0.811,0.811,0.600,0.794,0.811,0.400,0.800,0.811,0.400,0.797,0.811,0.300,0.800,0.811
20230301_0536,-4.820,149.590,597.000,C1.TA02.,-20.271,-70.131,133.619,1597.135,1619.765,1626.688,484.000,0.351,0.057,0.067,0.068,0.068,0.067,6.600,-4.300,0.783,-0.920,6.900,0.378,0.378,6.500,0.406,0.378,6.300,0.392,0.378,6.300,0.393,0.378,6.500,0.403,0.378
20230301_0536,-4.820,149.590,597.000,IV.TOLF.,42.064,12.000,127.049,1556.555,1573.935,1579.151,485.000,1.991,0.526,0.506,0.530,0.529,0.528,1.200,1.200,0.838,0.803,0.800,0.912,0.912,0.900,0.915,0.912,0.700,0.918,0.912,0.700,0.917,0.912,0.700,0.918,0.912
20230301_0536,-4.820,149.590,597.000,PR.OBIP.,18.043,-66.606,142.244,1648.259,1678.874,1688.524,486.000,0.815,0.207,0.154,0.079,0.106,0.136,-7.900,-4.100,0.690,-0.749,-8.300,0.476,0.476,-1.300,0.671,0.476,-1.600,0.583,0.476,-1.500,0.609,0.476,-1.400,0.644,0.476
20230301_0536,-4.820,149.590,597.000,GR.GEC2.,48.844,13.701,122.284,1526.262,1540.286,1544.460,487.000,5.649,0.589,0.542,0.544,0.533,0.550,2.000,1.800,0.657,0.750,1.100,0.865,0.865,1.300,0.860,0.865,1.200,0.862,0.865,1.300,0.861,0.865,1.200,0.868,0.865
20230301_0536,-4.820,149.590,597.000,CH.MUTEZ.,47.506,7.649,126.296,1551.820,1568.641,1573.683,488.000,1.544,0.250,0.314,0.325,0.332,0.317,-6.800,-3.700,0.733,-0.586,-0.600,0.573,0.573,-0.500,0.576,0.573,-0.600,0.565,0.573,-0.700,0.558,0.573,-0.700,0.560,0.573
20230301_0536,-4.820,149.590,597.000,LD.NCB.,43.973,-74.223,125.157,1544.617,1560.614,1565.398,489.000,2.263,0.490,0.438,0.468,0.479,0.470,1.600,1.600,0.722,0.729,1.300,0.795,0.795,1.300,0.823,0.795,1.200,0.828,0.795,1.100,0.833,0.795,1.200,0.830,0.795
20230301_0536,-4.820,149.590,597.000,TH.WARTH.,50.845,10.318,122.817,1529.692,1544.070,1548.354,490.000,3.728,0.492,0.492,0.483,0.480,0.483,-0.700,-0.200,0.683,0.632,3.900,0.479,0.479,-1.100,0.433,0.479,4.000,0.430,0.479,4.000,0.438,0.479,4.000,0.432,0.479
20230301_0536,-4.820,149.590,597.000,CH.SLE.,47.764,8.492,125.695,1548.023,1564.406,1569.311,491.000,1.931,0.471,0.478,0.497,0.502,0.502,1.500,1.300,0.696,0.669,1.500,0.618,0.618,1.500,0.639,0.618,1.400,0.637,0.618,1.300,0.632,0.618,1.300,0.636,0.618
20230301_0536,-4.820,149.590,597.000,ZC.SODR.,19.752,-70.576,138.165,1624.372,1651.063,1659.362,492.000,2.940,0.348,0.309,0.377,0.351,0.329,1.500,1.600,0.887,0.888,0.900,0.603,0.603,1.000,0.721,0.603,0.500,0.724,0.603,0.700,0.706,0.603,0.800,0.715,0.603
20230301_0536,-4.820,149.590,597.000,BW.BIB.,48.152,11.247,124.006,1537.300,1552.488,1557.022,493.000,1.134,0.155,0.143,0.145,0.146,0.146,2.000,1.100,0.729,0.665,4.500,0.420,0.420,4.400,0.406,0.420,4.300,0.406,0.420,4.300,0.410,0.420,4.300,0.404,0.420
20230301_0536,-4.820,149.590,597.000,IV.HVZN.,37.178,14.715,127.658,1560.374,1578.214,1583.574,494.000,7.160,0.698,0.687,0.702,0.695,0.695,0.800,0.200,0.811,0.680,0.200,0.829,0.829,0.500,0.836,0.829,0.200,0.836,0.829,0.300,0.831,0.829,0.300,0.832,0.829
20230301_0536,-4.820,149.590,597.000,CH.VINZL.,46.452,6.278,127.693,1560.592,1578.458,1583.827,495.000,0.836,0.240,0.262,0.274,0.281,0.267,-0.600,-1.200,0.957,0.885,-1.300,0.678,0.678,-1.200,0.683,0.678,-1.300,0.694,0.678,-1.300,0.697,0.678,-1.400,0.691,0.678
20230301_0536,-4.820,149.590,597.000,MN.BLY.,44.749,17.184,122.439,1527.263,1541.389,1545.595,496.000,2.982,0.681,0.638,0.653,0.636,0.642,1.400,1.500,0.889,0.888,0.900,0.902,0.902,1.100,0.920,0.902,0.800,0.925,0.902,0.900,0.922,0.902,0.900,0.922,0.902
20230301_0536,-4.820,149.590,597.000,CH.CHASS.,47.161,7.121,126.792,1554.944,1572.132,1577.289,497.000,4.324,0.461,0.450,0.441,0.435,0.438,-0.600,-0.100,0.681,0.602,-0.700,0.587,0.587,-0.500,0.625,0.587,-0.700,0.620,0.587,-0.700,0.620,0.587,-0.700,0.620,0.587
20230301_0536,-4.820,149.590,597.000,PM.ROSA.,38.721,-28.247,146.042,1669.997,1704.513,1715.531,498.000,1.601,0.134,0.115,0.115,0.123,0.119,-3.400,-3.400,0.725,0.779,-3.900,0.432,0.432,-3.800,0.513,0.432,-3.900,0.515,0.432,-4.200,0.515,0.432,-4.200,0.521,0.432
20230301_0536,-4.820,149.590,597.000,IV.QLNO.,44.324,8.346,127.924,1562.038,1580.081,1585.506,499.000,2.842,0.251,0.295,0.328,0.338,0.327,2.500,2.900,0.661,0.636,2.300,0.899,0.899,2.400,0.905,0.899,2.100,0.904,0.899,2.100,0.906,0.899,2.200,0.904,0.899
20230301_0536,-4.820,149.590,597.000,SI.MOSI.,46.616,10.550,125.306,1545.565,1561.668,1566.487,500.000,1.907,0.496,0.489,0.503,0.506,0.504,0.900,1.100,0.667,0.636,0.300,0.878,0.878,0.400,0.871,0.878,0.100,0.881,0.878,0.100,0.887,0.878,0.200,0.883,0.878
20230301_0536,-4.820,149.590,597.000,C1.AP01.,-18.371,-70.342,134.321,1601.381,1624.613,1631.740,501.000,0.947,0.177,0.098,0.152,0.149,0.102,2.600,2.400,0.572,0.325,1.400,0.688,0.688,1.200,0.718,0.688,0.800,0.764,0.688,0.800,0.761,0.688,1.100,0.727,0.688
20230301_0536,-4.820,149.590,597.000,CR.7499.,45.819,15.698,122.802,1529.592,1543.960,1548.240,502.000,3.038,0.594,0.572,0.590,0.590,0.589,1.400,1.800,0.781,0.781,1.200,0.818,0.818,1.300,0.821,0.818,1.100,0.818,0.818,1.200,0.821,0.818,1.200,0.819,0.818
20230301_0536,-4.820,149.590,597.000,CH.DAVOX.,46.780,9.880,125.573,1547.254,1563.549,1568.426,503.000,6.315,0.671,0.663,0.683,0.683,0.681,1.300,1.500,0.857,0.875,1.000,0.973,0.973,1.000,0.967,0.973,0.800,0.969,0.973,0.800,0.971,0.973,0.800,0.971,0.973
20230301_0536,-4.820,149.590,597.000,IV.RMP.,41.812,12.705,126.740,1554.613,1571.763,1576.907,504.000,1.787,0.437,0.416,0.433,0.438,0.435,1.400,2.000,0.399,0.416,0.900,0.639,0.639,1.100,0.622,0.639,0.800,0.628,0.639,0.800,0.625,0.639,0.800,0.627,0.639
20230301_0536,-4.820,149.590,597.000,IV.CSNT.,43.473,11.290,126.707,1554.410,1571.535,1576.672,505.000,2.363,0.359,0.351,0.362,0.358,0.360,2.100,-0.600,0.643,-0.466,1.700,0.705,0.705,1.800,0.711,0.705,1.700,0.700,0.705,1.600,0.697,0.705,1.700,0.699,0.705
20230301_0536,-4.820,149.590,597.000,IV.MDI.,45.770,9.716,126.277,1551.698,1568.505,1573.543,506.000,1.221,0.350,0.379,0.373,0.378,0.377,5.900,2.600,0.655,-0.511,5.500,0.596,0.596,5.500,0.599,0.596,5.300,0.596,0.596,5.300,0.596,0.596,5.400,0.595,0.596
20230301_0536,-4.820,149.590,597.000,PM.PMOZ.,32.823,-17.197,149.402,1688.845,1726.975,1739.296,507.000,1.158,0.150,0.175,0.196,0.204,0.196,-0.100,0.600,0.913,0.835,-1.000,0.821,0.821,-0.600,0.766,0.821,-0.700,0.745,0.821,-1.200,0.727,0.821,-1.000,0.734,0.821
20230301_0536,-4.820,149.590,597.000,BW.SCE.,47.038,11.709,124.418,1539.921,1555.395,1560.018,508.000,3.579,0.641,0.644,0.657,0.656,0.657,1.000,1.200,0.871,0.890,0.800,0.940,0.940,0.700,0.944,0.940,0.600,0.942,0.940,0.600,0.940,0.940,0.500,0.940,0.940
20230301_0536,-4.820,149.590,597.000,IV.PIEI.,43.536,12.535,125.921,1549.453,1566.000,1570.957,509.000,3.871,0.612,0.599,0.615,0.618,0.619,0.900,1.300,0.923,0.924,0.600,0.841,0.841,0.800,0.836,0.841,0.500,0.837,0.841,0.500,0.840,0.841,0.500,0.838,0.841
20230301_0536,-4.820,149.590,597.000,IV.POFI.,41.717,13.712,126.147,1550.880,1567.592,1572.599,510.000,2.980,0.490,0.452,0.464,0.460,0.464,1.500,1.500,0.918,0.918,1.200,0.783,0.783,1.300,0.776,0.783,1.100,0.776,0.783,1.100,0.776,0.783,1.100,0.777,0.783
20230301_0536,-4.820,149.590,597.000,PM.MTE.,40.400,-7.544,138.910,1628.775,1656.162,1664.699,511.000,2.577,0.389,0.293,0.308,0.322,0.315,3.600,3.900,0.752,0.596,3.300,0.808,0.808,3.600,0.757,0.808,3.300,0.757,0.808,3.100,0.756,0.808,3.200,0.754,0.808
20230301_0536,-4.820,149.590,597.000,GR.KHUS.,54.196,11.055,120.330,1513.630,1526.396,1530.186,512.000,2.425,0.339,0.341,0.339,0.352,0.349,2.900,2.600,0.516,0.463,2.800,0.781,0.781,2.800,0.781,0.781,2.700,0.775,0.781,2.800,0.777,0.781,2.800,0.775,0.781
20230301_0536,-4.820,149.590,597.000,GR.GRC3.,48.889,11.584,123.384,1533.326,1548.088,1552.490,513.000,7.331,0.577,0.544,0.549,0.550,0.549,0.700,0.500,0.901,0.940,0.300,0.740,0.740,0.400,0.723,0.740,0.200,0.727,0.740,0.200,0.724,0.740,0.200,0.723,0.740
20230301_0536,-4.820,149.590,597.000,RD.ROSF.,48.336,-3.274,130.712,1579.350,1599.574,1605.698,514.000,1.843,0.449,0.577,0.597,0.613,0.611,1.400,1.500,0.883,0.941,0.700,0.765,0.765,0.700,0.762,0.765,0.500,0.770,0.765,0.300,0.783,0.765,0.200,0.783,0.765
20230301_0536,-4.820,149.590,597.000,NA.SABW.,17.628,-63.231,145.438,1666.573,1700.453,1711.246,515.000,2.767,0.296,0.279,0.292,0.283,0.285,-6.600,4.700,0.628,-0.793,0.200,0.494,0.494,-6.900,0.653,0.494,-0.800,0.643,0.494,-7.400,0.627,0.494,-7.200,0.649,0.494
20230301_0536,-4.820,149.590,597.000,GR.BUG.,51.441,7.271,123.867,1536.414,1551.506,1556.010,516.000,2.532,0.495,0.427,0.425,0.424,0.424,-0.100,0.300,0.835,0.807,-0.400,0.652,0.652,-0.200,0.651,0.652,-0.300,0.638,0.652,-0.400,0.637,0.652,-0.400,0.639,0.652
20230301_0536,-4.820,149.590,597.000,CR.7442.,45.870,15.788,122.722,1529.077,1543.391,1547.656,517.000,4.276,0.549,0.541,0.556,0.552,0.553,1.100,1.500,0.835,0.804,0.700,0.798,0.798,0.800,0.830,0.798,0.600,0.831,0.798,0.700,0.831,0.798,0.700,0.830,0.798
20230301_0536,-4.820,149.590,597.000,FR.SMPL.01,42.095,9.285,128.703,1566.894,1585.535,1591.149,518.000,1.381,0.216,0.198,0.182,0.172,0.183,0.900,-4.800,0.739,-0.626,-9.600,0.604,0.604,-9.300,0.611,0.604,-9.600,0.605,0.604,-9.600,0.605,0.604,-9.700,0.605,0.604
20230301_0536,-4.820,149.590,597.000,IV.GUMA.,43.063,13.335,125.684,1547.956,1564.331,1569.234,519.000,3.284,0.493,0.443,0.479,0.464,0.464,1.500,1.700,0.633,0.554,0.900,0.815,0.815,1.100,0.813,0.815,0.700,0.813,0.815,0.800,0.813,0.815,0.800,0.811,0.815
20230301_0536,-4.820,149.590,597.000,CH.MESRY.,46.347,6.308,127.746,1560.926,1578.834,1584.216,520.000,1.731,0.405,0.406,0.413,0.414,0.414,0.900,0.900,0.903,0.909,0.300,0.836,0.836,0.500,0.848,0.836,0.400,0.851,0.836,0.400,0.848,0.836,0.400,0.850,0.836
20230301_0536,-4.820,149.590,597.000,TH.TAUT.,50.982,11.711,122.046,1524.733,1538.600,1542.727,521.000,2.444,0.555,0.557,0.553,0.542,0.549,0.300,0.800,0.584,0.525,0.600,0.666,0.666,0.800,0.709,0.666,0.600,0.699,0.666,0.700,0.707,0.666,0.600,0.697,0.666
20230301_0536,-4.820,149.590,597.000,IV.MUCR.,38.043,14.874,127.152,1557.205,1574.663,1579.904,522.000,2.052,0.494,0.437,0.437,0.454,0.438,0.000,4.000,0.693,-0.871,-0.500,0.873,0.873,-0.400,0.884,0.873,-0.600,0.874,0.873,-0.500,0.873,0.873,-0.600,0.874,0.873
20230301_0536,-4.820,149.590,597.000,IV.MILZ.,38.271,15.231,126.798,1554.980,1572.173,1577.331,523.000,1.594,0.291,0.283,0.275,0.276,0.276,-5.200,-4.500,0.585,0.472,-5.300,0.599,0.599,-5.100,0.605,0.599,-5.400,0.604,0.599,-5.300,0.606,0.599,-5.300,0.605,0.599
20230301_0536,-4.820,149.590,597.000,GR.CLZ.,51.843,10.374,122.155,1525.435,1539.373,1543.522,524.000,2.480,0.491,0.447,0.431,0.422,0.429,1.300,1.300,0.797,0.955,0.700,0.712,0.712,1.000,0.723,0.712,0.900,0.714,0.712,0.900,0.714,0.712,0.900,0.715,0.712
20230301_0536,-4.820,149.590,597.000,IV.INTR.,42.012,13.905,125.873,1549.151,1565.664,1570.609,525.000,2.191,0.505,0.464,0.474,0.475,0.473,2.400,2.500,0.479,0.478,2.300,0.490,0.490,2.400,0.509,0.490,2.200,0.503,0.490,2.200,0.507,0.490,2.200,0.504,0.490
20230301_0536,-4.820,149.590,597.000,IV.MSRU.,38.264,15.508,126.608,1553.783,1570.834,1575.948,526.000,1.986,0.308,0.280,0.298,0.291,0.295,0.500,1.800,0.836,0.691,1.600,0.745,0.745,1.800,0.729,0.745,1.500,0.741,0.745,1.700,0.740,0.745,1.600,0.737,0.745
20230301_0536,-4.820,149.590,597.000,G.ECH.00,48.216,7.159,126.081,1550.463,1567.127,1572.120,527.000,4.824,0.428,0.441,0.436,0.435,0.438,-0.700,0.200,0.672,0.660,4.800,0.358,0.358,4.900,0.354,0.358,4.600,0.360,0.358,4.600,0.369,0.358,4.600,0.363,0.358
20230301_0536,-4.820,149.590,597.000,GR.SKMB.,54.718,9.439,120.695,1516.000,1528.996,1532.857,528.000,1.924,0.308,0.259,0.272,0.274,0.274,0.700,0.900,0.836,0.758,0.700,0.724,0.724,1.000,0.713,0.724,0.800,0.713,0.724,0.900,0.699,0.724,0.800,0.701,0.724
20230301_0536,-4.820,149.590,597.000,BW.RTSH.,47.754,12.850,123.373,1533.250,1548.004,1552.403,529.000,2.412,0.269,0.263,0.270,0.277,0.274,-3.700,2.400,0.580,0.351,2.700,0.617,0.617,2.800,0.597,0.617,2.700,0.602,0.617,2.700,0.600,0.617,2.600,0.604,0.617
20230301_0536,-4.820,149.590,597.000,GR.GRA3.,49.761,11.317,122.993,1530.821,1545.318,1549.638,530.000,2.438,0.447,0.437,0.438,0.436,0.438,-0.400,-3.600,0.595,-0.548,-0.300,0.719,0.719,-0.200,0.731,0.719,-0.400,0.725,0.719,-0.300,0.727,0.719,-0.400,0.727,0.719
20230301_0536,-4.820,149.590,597.000,IV.SGG.,41.387,14.379,125.883,1549.216,1565.736,1570.683,531.000,5.474,0.585,0.591,0.563,0.563,0.562,-0.900,-0.600,0.797,0.782,-1.200,0.818,0.818,-1.100,0.811,0.818,-1.300,0.811,0.818,-1.200,0.810,0.818,-1.300,0.811,0.818
20230301_0536,-4.820,149.590,597.000,FR.RUSF.06,43.929,5.482,129.768,1573.513,1592.985,1598.865,532.000,2.638,0.376,0.341,0.366,0.367,0.360,2.500,2.700,0.924,0.931,1.800,0.844,0.844,1.900,0.841,0.844,1.700,0.834,0.844,1.600,0.836,0.844,1.700,0.836,0.844
20230301_0536,-4.820,149.590,597.000,TH.SONN.,51.532,10.426,122.329,1526.551,1540.604,1544.788,533.000,0.445,0.075,0.073,0.072,0.072,0.072,-10.000,-3.500,0.258,-0.836,-8.300,0.627,0.627,-8.000,0.626,0.627,-8.000,0.636,0.627,-8.000,0.632,0.627,-8.100,0.634,0.627
20230301_0536,-4.820,149.590,597.000,WI.BIM.00,14.518,-61.066,148.309,1682.755,1719.693,1731.581,534.000,5.664,0.538,0.549,0.581,0.572,0.562,-0.100,0.100,0.944,0.960,-0.600,0.708,0.708,0.000,0.963,0.708,-0.600,0.967,0.708,-0.400,0.969,0.708,-0.200,0.968,0.708
20230301_0536,-4.820,149.590,597.000,GR.SCHI.,53.341,12.845,120.047,1511.787,1524.376,1528.113,535.000,1.521,0.383,0.336,0.338,0.339,0.338,0.100,0.300,0.895,0.881,-0.100,0.648,0.648,0.000,0.665,0.648,-0.100,0.674,0.648,-0.100,0.668,0.648,-0.100,0.673,0.648
20230301_0536,-4.820,149.590,597.000,CZ.PRA.,50.070,14.433,121.193,1519.222,1532.535,1536.492,536.000,3.635,0.509,0.487,0.484,0.489,0.485,-0.100,-0.700,0.490,0.437,4.200,0.613,0.613,4.200,0.634,0.613,4.100,0.658,0.613,4.100,0.657,0.613,4.100,0.659,0.613
20230301_0536,-4.820,149.590,597.000,TH.ABG1.,50.968,12.576,121.623,1522.000,1535.590,1539.632,537.000,2.927,0.489,0.502,0.491,0.493,0.491,-0.500,-0.200,0.662,0.634,-1.000,0.682,0.682,-0.700,0.675,0.682,-0.900,0.665,0.682,-0.900,0.664,0.682,-0.900,0.667,0.682
20230301_0536,-4.820,149.590,597.000,IV.CELB.,42.747,10.211,127.768,1561.064,1578.988,1584.375,538.000,2.001,0.399,0.382,0.398,0.409,0.398,0.400,0.000,0.857,0.819,-0.100,0.712,0.712,-0.100,0.717,0.712,-0.200,0.718,0.712,-0.200,0.717,0.712,-0.300,0.715,0.712
20230301_0536,-4.820,149.590,597.000,CX.PB19.,-23.905,-69.291,132.463,1590.093,1611.749,1618.346,539.000,2.526,0.393,0.279,0.307,0.302,0.276,1.300,1.300,0.796,0.781,0.100,0.561,0.561,-0.300,0.644,0.561,-0.500,0.677,0.561,-0.600,0.683,0.561,-0.400,0.651,0.561
20230301_0536,-4.820,149.590,597.000,LU.DUDEL.,49.473,6.081,125.762,1548.453,1564.885,1569.805,540.000,2.586,0.387,0.377,0.379,0.377,0.376,1.400,1.000,0.757,0.588,0.200,0.777,0.777,0.300,0.753,0.777,0.100,0.764,0.777,0.100,0.763,0.777,0.000,0.771,0.777
20230301_0536,-4.820,149.590,597.000,IV.TRTR.,42.808,13.914,125.457,1546.518,1562.729,1567.581,541.000,1.939,0.433,0.397,0.401,0.399,0.397,0.700,1.200,0.597,0.569,0.500,0.622,0.622,0.600,0.628,0.622,0.400,0.640,0.622,0.400,0.637,0.622,0.400,0.643,0.622
20230301_0536,-4.820,149.590,597.000,GR.IGAD.,53.258,8.690,122.001,1524.441,1538.278,1542.395,542.000,4.436,0.156,0.158,0.141,0.134,0.136,-2.500,-2.400,0.864,0.847,-2.900,0.628,0.628,-2.600,0.607,0.628,-2.800,0.614,0.628,-2.700,0.609,0.628,-2.700,0.611,0.628
20230301_0536,-4.820,149.590,597.000,BW.WARN.,48.705,10.559,124.032,1537.466,1552.672,1557.212,543.000,4.738,0.408,0.426,0.445,0.446,0.454,2.100,2.000,0.753,0.850,1.500,0.920,0.920,1.500,0.919,0.920,1.400,0.921,0.920,1.400,0.922,0.920,1.300,0.925,0.920
20230301_0536,-4.820,149.590,597.000,FR.CFF.00,45.763,3.111,129.773,1573.543,1593.019,1598.900,544.000,1.916,0.352,0.395,0.406,0.411,0.406,0.700,0.500,0.743,0.727,0.400,0.649,0.649,0.400,0.662,0.649,0.300,0.662,0.649,0.200,0.656,0.649,0.200,0.658,0.649
20230301_0536,-4.820,149.590,597.000,NA.SABA.,17.621,-63.243,145.431,1666.529,1700.401,1711.191,545.000,2.410,0.346,0.350,0.372,0.361,0.353,0.400,4.700,0.795,-0.587,0.100,0.575,0.575,0.500,0.733,0.575,-0.500,0.725,0.575,-0.300,0.702,0.575,0.100,0.708,0.575
20230301_0536,-4.820,149.590,597.000,GU.REMY.,45.838,7.156,127.630,1560.196,1578.015,1583.369,546.000,3.810,0.623,0.657,0.679,0.687,0.682,1.300,1.400,0.750,0.736,0.700,0.805,0.805,0.900,0.811,0.805,0.600,0.813,0.805,0.600,0.813,0.805,0.700,0.812,0.805
20230301_0536,-4.820,149.590,597.000,C1.MT03.,-33.494,-70.510,126.106,1550.621,1567.303,1572.301,547.000,6.036,0.019,0.066,0.063,0.066,0.064,5.200,4.300,0.204,0.234,-8.100,0.323,0.323,-8.100,0.293,0.323,-8.400,0.289,0.323,-8.400,0.282,0.323,-8.100,0.294,0.323
20230301_0536,-4.820,149.590,597.000,CH.LADOL.,46.432,6.132,127.782,1561.147,1579.082,1584.472,548.000,1.577,0.400,0.450,0.471,0.484,0.473,1.300,1.200,0.761,0.750,0.500,0.743,0.743,0.600,0.757,0.743,0.400,0.758,0.743,0.400,0.762,0.743,0.300,0.759,0.743
20230301_0536,-4.820,149.590,597.000,BW.GELB.,48.163,11.251,123.998,1537.245,1552.427,1556.959,549.000,2.521,0.501,0.547,0.559,0.562,0.560,1.000,1.100,0.915,0.894,0.400,0.837,0.837,0.400,0.842,0.837,0.200,0.839,0.837,0.200,0.840,0.837,0.200,0.841,0.837
20230301_0536,-4.820,149.590,597.000,CR.RIY.,45.325,14.483,123.785,1535.886,1550.921,1555.408,550.000,1.717,0.178,0.180,0.178,0.178,0.177,8.100,-0.500,0.613,-0.370,7.800,0.387,0.387,7.700,0.373,0.387,7.500,0.367,0.387,7.600,0.371,0.387,7.600,0.368,0.387
20230301_0536,-4.820,149.590,597.000,NL.DBN.01,52.102,5.177,124.338,1539.416,1554.835,1559.441,551.000,1.210,0.319,0.244,0.226,0.208,0.213,-0.200,3.100,0.793,-0.787,5.500,0.688,0.688,5.700,0.702,0.688,5.500,0.709,0.688,5.400,0.707,0.688,5.400,0.706,0.688
20230301_0536,-4.820,149.590,597.000,RD.MTLF.,43.341,2.218,131.914,1586.734,1607.935,1614.382,552.000,1.544,0.413,0.333,0.360,0.372,0.371,2.100,2.200,0.749,0.726,1.400,0.884,0.884,1.700,0.890,0.884,1.500,0.892,0.884,1.400,0.895,0.884,1.400,0.895,0.884
20230301_0536,-4.820,149.590,597.000,TH.BONN.,51.307,11.002,122.193,1525.675,1539.638,1543.795,553.000,0.347,-0.003,0.000,0.000,0.001,0.001,10.400,-3.600,0.288,-0.974,-8.800,0.537,0.537,-8.600,0.553,0.537,-8.700,0.557,0.537,-8.700,0.556,0.537,-8.700,0.557,0.537
20230301_0536,-4.820,149.590,597.000,C1.MT16.,-33.428,-70.523,126.137,1550.815,1567.520,1572.525,554.000,1.744,0.192,0.086,0.104,0.117,0.091,-0.500,-4.000,0.786,-0.744,-1.000,0.621,0.621,-8.600,0.633,0.621,-8.700,0.640,0.621,-8.700,0.637,0.621,-8.600,0.635,0.621
20230301_0536,-4.820,149.590,597.000,CH.BRANT.,46.938,6.473,127.272,1557.955,1575.503,1580.772,555.000,1.809,0.481,0.395,0.403,0.405,0.405,0.900,1.600,0.681,0.621,0.700,0.694,0.694,1.000,0.703,0.694,0.700,0.704,0.694,0.700,0.704,0.694,0.700,0.702,0.694
20230301_0536,-4.820,149.590,597.000,CH.ILLEZ.,46.219,6.940,127.498,1559.375,1577.094,1582.417,556.000,1.158,0.264,0.260,0.264,0.260,0.262,-4.500,-0.800,0.551,-0.710,-5.000,0.647,0.647,-4.800,0.632,0.647,-5.000,0.633,0.647,-5.000,0.637,0.647,-5.100,0.638,0.647
20230301_0536,-4.820,149.590,597.000,IV.MABI.,46.055,10.514,125.661,1547.813,1564.172,1569.070,557.000,1.480,0.322,0.287,0.284,0.279,0.283,2.300,-3.300,0.694,-0.021,2.000,0.545,0.545,2.000,0.543,0.545,1.700,0.557,0.545,1.800,0.556,0.545,1.800,0.555,0.545
20230301_0536,-4.820,149.590,597.000,IV.FNVD.,44.168,11.123,126.413,1552.558,1569.465,1574.534,558.000,2.738,0.427,0.428,0.460,0.462,0.463,1.900,2.300,0.812,0.767,1.700,0.882,0.882,1.800,0.887,0.882,1.600,0.882,0.882,1.700,0.883,0.882,1.600,0.882,0.882
20230301_0536,-4.820,149.590,597.000,LU.KLAUS.,49.705,5.982,125.651,1547.746,1564.097,1568.993,559.000,0.999,0.329,0.293,0.285,0.274,0.282,1.300,-3.200,0.729,-0.500,3.000,0.447,0.447,3.100,0.465,0.447,3.000,0.460,0.447,3.100,0.461,0.447,2.900,0.461,0.447
20230301_0536,-4.820,149.590,597.000,ES.ESBB.,39.674,-3.963,137.761,1621.976,1648.291,1656.463,560.000,2.002,0.190,0.277,0.286,0.297,0.291,1.200,-4.500,0.542,0.173,-5.600,0.654,0.654,-5.400,0.627,0.654,-5.500,0.648,0.654,-5.700,0.667,0.654,-5.600,0.658,0.654
20230301_0536,-4.820,149.590,597.000,BW.MANZ.,49.986,12.108,122.452,1527.344,1541.479,1545.688,561.000,4.201,0.619,0.589,0.584,0.587,0.583,0.300,0.400,0.864,0.889,-0.100,0.760,0.760,0.000,0.768,0.760,-0.100,0.763,0.760,-0.100,0.767,0.760,-0.100,0.765,0.760
20230301_0536,-4.820,149.590,597.000,IV.PTQR.,42.022,13.401,126.189,1551.143,1567.886,1572.903,562.000,3.382,0.437,0.453,0.458,0.457,0.455,0.400,0.600,0.819,0.807,0.000,0.823,0.823,0.200,0.843,0.823,-0.100,0.831,0.823,0.000,0.830,0.823,0.000,0.830,0.823
20230301_0536,-4.820,149.590,597.000,WI.DHS.00,16.289,-61.765,147.177,1676.403,1712.124,1723.572,563.000,2.448,0.473,0.488,0.471,0.473,0.479,0.600,-3.200,0.679,-0.834,0.000,0.912,0.912,0.500,0.665,0.912,-8.100,0.758,0.912,-7.900,0.746,0.912,-7.700,0.704,0.912
20230301_0536,-4.820,149.590,597.000,CN.DRLN.,49.256,-57.503,129.991,1574.892,1594.540,1600.477,564.000,2.907,0.510,0.499,0.521,0.529,0.532,1.800,2.100,0.646,0.624,0.900,0.886,0.886,1.100,0.888,0.886,0.800,0.890,0.886,0.700,0.890,0.886,0.700,0.891,0.886
20230301_0536,-4.820,149.590,597.000,CM.RUS.00,5.892,-73.083,137.509,1620.485,1646.568,1654.661,565.000,1.686,0.530,0.427,0.401,0.428,0.427,0.300,-2.900,0.439,-0.632,-0.100,0.668,0.668,0.100,0.474,0.668,-1.300,0.449,0.668,-0.500,0.421,0.668,-0.100,0.458,0.668
20230301_0536,-4.820,149.590,597.000,IV.LNSS.,42.603,13.040,126.111,1550.653,1567.338,1572.338,566.000,2.641,0.575,0.568,0.583,0.578,0.584,2.100,-5.200,0.715,0.464,-6.100,0.743,0.743,-6.000,0.738,0.743,-6.300,0.740,0.743,-6.200,0.741,0.743,-6.300,0.738,0.743
20230301_0536,-4.820,149.590,597.000,HU.TIH.,46.900,17.888,120.951,1517.654,1530.812,1534.722,567.000,2.368,0.573,0.545,0.555,0.550,0.554,1.000,1.100,0.851,0.902,0.900,0.836,0.836,0.900,0.824,0.836,0.700,0.832,0.836,0.800,0.818,0.836,0.800,0.822,0.836
20230301_0536,-4.820,149.590,597.000,BX.GRTLG.,-21.362,21.216,123.058,1531.238,1545.779,1550.113,568.000,0.751,0.258,-0.022,-0.077,-0.075,-0.051,-3.000,-3.300,0.663,0.648,-1.400,0.632,0.632,-2.800,0.794,0.632,-3.100,0.685,0.632,-2.800,0.712,0.632,-2.800,0.757,0.632
20230301_0536,-4.820,149.590,597.000,GR.HAM4.,53.479,10.239,121.161,1519.018,1532.311,1536.262,569.000,0.887,0.180,0.234,0.222,0.252,0.245,-1.800,1.400,0.810,-0.624,4.300,0.570,0.570,4.400,0.554,0.570,4.200,0.568,0.570,4.300,0.560,0.570,4.200,0.562,0.570
20230301_0536,-4.820,149.590,597.000,FR.STR.10,48.580,7.763,125.539,1547.042,1563.313,1568.183,570.000,1.390,0.286,0.305,0.308,0.304,0.307,1.800,4.500,0.670,-0.860,7.700,0.484,0.484,7.900,0.478,0.484,7.700,0.471,0.484,7.600,0.468,0.484,7.600,0.470,0.484
20230301_0536,-4.820,149.590,597.000,II.XBFO.60,48.330,8.330,125.416,1546.259,1562.441,1567.283,571.000,4.596,0.375,0.397,0.376,0.368,0.370,-1.600,4.600,0.540,0.414,4.400,0.727,0.727,4.400,0.733,0.727,4.300,0.734,0.727,4.300,0.741,0.727,4.200,0.741,0.727
20230301_0536,-4.820,149.590,597.000,GR.GRC4.,49.086,11.525,123.297,1532.766,1547.469,1551.852,572.000,1.963,0.424,0.387,0.385,0.384,0.386,0.900,0.900,0.837,0.888,0.500,0.586,0.586,0.600,0.578,0.586,0.500,0.563,0.586,0.600,0.562,0.586,0.400,0.563,0.586
20230301_0536,-4.820,149.590,597.000,IV.RSM2.,43.938,12.445,125.755,1548.406,1564.832,1569.751,573.000,0.357,0.009,0.008,0.008,0.008,0.008,9.400,-4.100,0.620,-0.996,-8.800,0.405,0.405,-8.700,0.403,0.405,-9.000,0.403,0.405,-8.900,0.403,0.405,-8.900,0.404,0.405
20230301_0536,-4.820,149.590,597.000,ZC.JIDR.,18.491,-71.864,137.301,1619.246,1645.138,1653.167,574.000,2.089,0.256,0.186,0.236,0.222,0.199,-0.100,1.800,0.837,0.766,1.400,0.724,0.724,1.400,0.636,0.724,0.700,0.691,0.724,0.900,0.668,0.724,1.200,0.652,0.724
20230301_0536,-4.820,149.590,597.000,IV.CESI.,43.005,12.905,125.981,1549.834,1566.425,1571.395,575.000,2.246,0.477,0.449,0.497,0.499,0.501,1.800,1.900,0.836,0.773,1.400,0.941,0.941,1.500,0.940,0.941,1.300,0.937,0.941,1.300,0.936,0.941,1.300,0.937,0.941
20230301_0536,-4.820,149.590,597.000,FR.PYLO.00,43.097,-0.049,133.255,1594.917,1617.238,1624.057,576.000,1.496,0.616,0.560,0.556,0.549,0.554,0.200,-3.900,0.758,-0.833,-0.100,0.808,0.808,0.000,0.805,0.808,-0.100,0.807,0.808,-0.100,0.791,0.808,-0.100,0.800,0.808
20230301_0536,-4.820,149.590,597.000,OE.LESA.,47.424,12.677,123.658,1535.076,1550.024,1554.484,577.000,4.091,0.530,0.536,0.551,0.556,0.550,0.300,0.700,0.916,0.927,0.100,0.767,0.767,0.100,0.770,0.767,0.000,0.776,0.767,0.000,0.773,0.767,-0.100,0.773,0.767
20230301_0536,-4.820,149.590,597.000,CH.COLLE.,46.292,6.121,127.880,1561.759,1579.769,1585.182,578.000,1.191,0.249,0.280,0.295,0.303,0.298,0.000,-5.500,0.662,-0.395,2.300,0.428,0.428,2.600,0.424,0.428,2.400,0.418,0.428,2.400,0.416,0.428,2.300,0.417,0.428
20230301_0536,-4.820,149.590,597.000,SI.ABSI.,46.729,11.321,124.814,1542.443,1558.196,1562.906,579.000,5.667,0.555,0.569,0.606,0.599,0.611,1.900,2.000,0.880,0.878,1.400,0.944,0.944,1.400,0.935,0.944,1.200,0.938,0.944,1.200,0.940,0.944,1.100,0.939,0.944
20230301_0536,-4.820,149.590,597.000,LU.WMG.,49.611,6.391,125.522,1546.932,1563.190,1568.057,580.000,1.589,0.471,0.433,0.438,0.436,0.436,0.900,0.900,0.969,0.886,0.500,0.923,0.923,0.600,0.931,0.923,0.400,0.926,0.923,0.400,0.926,0.923,0.400,0.927,0.923
20230301_0536,-4.820,149.590,597.000,C1.BO04.,-33.989,-70.609,125.739,1548.305,1564.720,1569.635,581.000,1.088,0.188,0.165,0.170,0.171,0.169,-2.000,-2.000,0.680,0.624,-2.600,0.557,0.557,-3.200,0.664,0.557,-3.200,0.682,0.557,-3.200,0.695,0.557,-3.100,0.677,0.557
20230301_0536,-4.820,149.590,597.000,WM.CART.,37.587,-1.001,137.657,1621.362,1647.582,1655.722,582.000,1.006,0.308,0.167,0.174,0.187,0.180,1.600,1.800,0.857,0.704,1.400,0.861,0.861,1.700,0.850,0.861,1.500,0.874,0.861,1.300,0.889,0.861,1.400,0.879,0.861
20230301_0536,-4.820,149.590,597.000,IV.PLMA.,44.050,9.854,127.224,1557.656,1575.167,1580.425,583.000,1.485,0.299,0.265,0.266,0.264,0.262,9.000,0.600,0.330,-0.398,-3.300,0.413,0.413,-3.100,0.401,0.413,-3.400,0.393,0.413,-3.400,0.393,0.413,-3.400,0.396,0.413
20230301_0536,-4.820,149.590,597.000,CR.7443.,46.167,16.244,122.297,1526.345,1540.376,1544.554,584.000,1.093,0.277,0.303,0.299,0.309,0.305,4.800,-4.400,0.679,-0.564,4.300,0.640,0.640,4.400,0.641,0.640,4.300,0.639,0.640,4.400,0.636,0.640,4.400,0.636,0.640
20230301_0536,-4.820,149.590,597.000,MN.AQU.,42.354,13.405,126.013,1550.035,1566.649,1571.626,585.000,3.735,0.497,0.484,0.519,0.520,0.518,1.500,1.400,0.878,0.883,1.200,0.863,0.863,1.300,0.870,0.863,1.100,0.863,0.863,1.100,0.863,0.863,1.100,0.864,0.863
20230301_0536,-4.820,149.590,597.000,C1.CO01.,-29.977,-70.094,128.483,1565.528,1584.000,1589.560,586.000,1.374,0.251,0.124,0.147,0.157,0.129,-0.100,-3.200,0.577,-0.661,-7.900,0.785,0.785,-8.100,0.820,0.785,-8.300,0.796,0.785,-8.300,0.786,0.785,-8.100,0.817,0.785
20230301_0536,-4.820,149.590,597.000,A7.LUBAN.,-14.906,13.448,132.277,1588.956,1610.457,1617.003,587.000,1.545,0.033,0.170,0.203,0.188,0.177,-1.400,-1.200,0.803,0.822,-2.200,0.689,0.689,-2.300,0.623,0.689,-3.100,0.693,0.689,-2.900,0.684,0.689,-2.700,0.650,0.689
20230301_0536,-4.820,149.590,597.000,DR.SDD.,18.463,-69.917,139.100,1629.898,1657.465,1666.063,588.000,0.541,0.218,0.008,0.011,0.016,0.011,-5.700,-2.600,0.646,-0.170,-7.000,0.508,0.508,1.900,0.533,0.508,1.600,0.454,0.508,1.700,0.472,0.508,1.800,0.505,0.508
20230301_0536,-4.820,149.590,597.000,TH.MUEN.,51.422,10.667,122.282,1526.254,1540.276,1544.450,589.000,1.539,0.341,0.367,0.376,0.379,0.378,0.200,0.200,0.665,0.607,-0.100,0.834,0.834,-0.100,0.816,0.834,-0.100,0.819,0.834,-0.100,0.824,0.834,-0.100,0.821,0.834
20230301_0536,-4.820,149.590,597.000,GE.HLG.,54.183,7.883,121.722,1522.644,1536.300,1540.361,590.000,2.243,0.516,0.479,0.489,0.487,0.489,1.800,1.900,0.883,0.923,1.600,0.806,0.806,1.900,0.795,0.806,1.700,0.796,0.806,1.800,0.787,0.806,1.800,0.791,0.806
20230301_0536,-4.820,149.590,597.000,IV.FAGN.,42.266,13.584,125.946,1549.612,1566.177,1571.139,591.000,3.649,0.625,0.599,0.627,0.616,0.617,1.300,1.400,0.955,0.939,1.000,0.957,0.957,1.100,0.964,0.957,0.900,0.962,0.957,0.900,0.963,0.957,1.000,0.961,0.957
20230301_0536,-4.820,149.590,597.000,CH.PERON.,46.191,5.908,128.057,1562.868,1581.012,1586.469,592.000,1.726,0.486,0.470,0.487,0.490,0.492,0.600,1.200,0.801,0.745,0.300,0.941,0.941,0.500,0.942,0.941,0.300,0.946,0.941,0.300,0.945,0.941,0.200,0.948,0.941
20230301_0536,-4.820,149.590,597.000,RD.RJF.,45.304,1.516,130.887,1580.423,1600.787,1606.958,593.000,3.106,0.386,0.469,0.493,0.514,0.504,2.100,2.200,0.875,0.881,1.700,0.870,0.870,1.800,0.876,0.870,1.600,0.876,0.870,1.400,0.879,0.870,1.500,0.879,0.870
20230301_0536,-4.820,149.590,597.000,IV.MOMA.,42.804,12.570,126.296,1551.819,1568.640,1573.682,594.000,2.206,0.488,0.488,0.502,0.506,0.504,0.600,0.400,0.880,0.827,0.400,0.842,0.842,0.500,0.837,0.842,0.300,0.847,0.842,0.300,0.850,0.842,0.300,0.850,0.842
20230301_0536,-4.820,149.590,597.000,CR.7502.,45.315,16.593,122.521,1527.788,1541.969,1546.192,595.000,2.992,0.540,0.518,0.534,0.523,0.524,1.900,2.400,0.758,0.694,1.500,0.791,0.791,1.700,0.818,0.791,1.500,0.825,0.791,1.600,0.823,0.791,1.600,0.823,0.791
20230301_0536,-4.820,149.590,597.000,IV.ROVR.,45.647,11.072,125.588,1547.350,1563.656,1568.537,596.000,3.549,0.584,0.561,0.598,0.589,0.588,1.400,1.600,0.723,0.709,1.000,0.959,0.959,1.100,0.952,0.959,0.800,0.958,0.959,0.800,0.959,0.959,0.900,0.959,0.959
