evtid,evla,evlo,evdp,station,stla,stlo,gcarc,s2ks,s3ks,s4ks,tridx,snr,ccf1,ccf2,ccf3,ccf4,ccf5,t32_cc,t32_pp,ccf_cc,ccf_pp,t32_fw1,ccf_fw1,ccf_sg1,t32_fw2,ccf_fw2,ccf_sg2,t32_fw3,ccf_fw3,ccf_sg3,t32_fw4,ccf_fw4,ccf_sg4,t32_fw5,ccf_fw5,ccf_sg5
20100729_0732,6.690,123.410,614.000,LD.PAL.,41.006,-73.908,129.724,1570.345,1589.835,1595.722,0.000,3.788,0.483,0.530,0.533,0.505,0.503,0.400,0.700,0.901,0.908,-1.400,0.838,0.838,-0.800,0.822,0.838,-0.800,0.828,0.838,-1.200,0.799,0.838,-1.200,0.799,0.838
20100729_0732,6.690,123.410,614.000,NE.HNH.,43.705,-72.286,127.641,1557.376,1575.254,1580.627,1.000,1.916,0.222,0.208,0.213,0.242,0.240,0.600,0.600,0.657,0.521,6.700,0.414,0.414,7.000,0.444,0.414,6.900,0.447,0.414,7.100,0.447,0.414,7.100,0.447,0.414
20100729_0732,6.690,123.410,614.000,NE.EMMW.,44.710,-67.458,127.678,1557.603,1575.508,1580.891,2.000,1.702,0.346,0.338,0.345,0.365,0.363,-4.200,2.000,0.543,0.384,1.600,0.657,0.657,1.700,0.646,0.657,1.700,0.649,0.657,1.400,0.684,0.657,1.400,0.676,0.657
20100729_0732,6.690,123.410,614.000,X4.GC09.,29.213,-97.293,126.892,1552.682,1569.994,1575.191,3.000,3.064,0.422,0.451,0.464,0.475,0.466,1.000,1.100,0.656,0.646,0.500,0.652,0.652,0.500,0.657,0.652,0.200,0.654,0.652,0.200,0.655,0.652,0.200,0.656,0.652
20100729_0732,6.690,123.410,614.000,XH.ESP02.01,-29.456,-64.051,156.174,1722.774,1768.746,1783.997,4.000,2.492,0.516,0.409,0.419,0.433,0.433,1.400,1.300,0.818,0.826,1.000,0.917,0.917,1.300,0.753,0.917,1.200,0.757,0.917,0.800,0.784,0.917,0.800,0.780,0.917
20100729_0732,6.690,123.410,614.000,US.LONY.,44.620,-74.583,126.195,1548.295,1565.091,1570.126,5.000,2.766,0.400,0.390,0.394,0.400,0.398,0.000,0.000,0.836,0.785,-0.100,0.673,0.673,0.200,0.728,0.673,0.100,0.725,0.673,0.000,0.706,0.673,-0.100,0.710,0.673
20100729_0732,6.690,123.410,614.000,TA.236A.,32.000,-96.531,125.736,1545.394,1561.854,1566.785,6.000,3.763,0.564,0.522,0.536,0.540,0.533,1.100,4.300,0.770,-0.863,0.600,0.818,0.818,0.600,0.804,0.818,0.400,0.805,0.818,0.300,0.808,0.818,0.400,0.807,0.818
20100729_0732,6.690,123.410,614.000,TA.Y39A.,33.938,-94.094,126.061,1547.449,1564.147,1569.151,7.000,3.986,0.399,0.342,0.331,0.320,0.323,-0.100,-0.300,0.552,0.620,-0.400,0.407,0.407,-0.500,0.312,0.407,-0.600,0.307,0.407,-0.600,0.312,0.407,-0.600,0.314,0.407
20100729_0732,6.690,123.410,614.000,CX.PB11.,-19.761,-69.656,161.785,1752.212,1805.117,1822.999,8.000,4.744,0.641,0.499,0.530,0.548,0.520,0.700,0.700,0.740,0.737,1.100,0.897,0.897,0.100,0.905,0.897,0.000,0.911,0.897,0.000,0.916,0.897,0.000,0.910,0.897
20100729_0732,6.690,123.410,614.000,Z9.W10.,31.903,-83.894,133.445,1593.173,1615.710,1622.604,9.000,2.258,0.301,0.443,0.441,0.438,0.438,2.800,2.800,0.763,0.838,1.400,0.593,0.593,1.500,0.713,0.593,1.200,0.703,0.593,0.900,0.705,0.593,0.900,0.702,0.593
20100729_0732,6.690,123.410,614.000,TA.339A.,31.333,-94.556,127.462,1556.253,1573.995,1579.326,10.000,2.234,0.033,0.016,0.016,0.016,0.016,8.700,-2.500,0.532,-0.721,8.300,0.325,0.325,8.300,0.296,0.325,8.100,0.291,0.325,7.900,0.295,0.325,8.000,0.295,0.325
20100729_0732,6.690,123.410,614.000,XY.U65B.,-34.964,-71.789,148.454,1680.634,1717.795,1729.767,11.000,1.866,0.501,0.516,0.527,0.538,0.541,0.400,0.900,0.629,0.628,-0.600,0.691,0.691,0.700,0.823,0.691,0.500,0.819,0.691,0.100,0.801,0.691,0.000,0.806,0.691
20100729_0732,6.690,123.410,614.000,TA.134A.,32.573,-98.079,124.349,1536.600,1552.073,1556.697,12.000,8.661,0.628,0.616,0.639,0.642,0.639,1.200,1.200,0.923,0.969,0.600,0.948,0.948,0.600,0.943,0.948,0.500,0.948,0.948,0.500,0.951,0.948,0.400,0.951,0.948
20100729_0732,6.690,123.410,614.000,GE.BOAB.,12.449,-85.666,145.336,1663.066,1696.903,1707.683,13.000,4.864,0.035,0.049,0.041,0.041,0.041,-5.500,-4.400,0.647,0.810,-5.700,0.548,0.548,-5.500,0.479,0.548,-6.100,0.510,0.548,-6.300,0.518,0.548,-6.200,0.520,0.548
20100729_0732,6.690,123.410,614.000,TA.637A.,29.439,-96.332,127.432,1556.069,1573.788,1579.112,14.000,2.013,0.429,0.418,0.430,0.436,0.435,1.000,1.100,0.951,0.942,0.600,0.941,0.941,0.500,0.932,0.941,0.300,0.930,0.941,0.300,0.932,0.941,0.200,0.933,0.941
20100729_0732,6.690,123.410,614.000,TA.432A.,30.875,-99.794,124.165,1535.428,1550.773,1555.357,15.000,5.539,0.691,0.699,0.705,0.705,0.702,0.700,0.600,0.682,0.764,0.200,0.866,0.866,0.300,0.823,0.866,0.100,0.826,0.866,0.100,0.832,0.866,0.200,0.833,0.866
20100729_0732,6.690,123.410,614.000,YM.V04.,-39.388,-71.941,144.503,1658.319,1691.288,1701.763,16.000,0.823,0.003,0.109,0.101,0.088,0.089,5.800,-2.500,0.614,0.687,-3.700,0.710,0.710,-3.700,0.648,0.710,-3.900,0.671,0.710,-4.200,0.702,0.710,-4.200,0.696,0.710
20100729_0732,6.690,123.410,614.000,IU.BBSR.10,32.371,-64.696,140.183,1633.340,1661.999,1670.974,17.000,2.666,0.252,0.307,0.321,0.368,0.360,-5.500,-4.700,0.745,0.619,-4.800,0.510,0.510,-4.200,0.464,0.510,-4.100,0.442,0.510,-0.100,0.550,0.510,-0.100,0.532,0.510
20100729_0732,6.690,123.410,614.000,TA.ABTX.,32.624,-99.643,123.260,1529.645,1544.368,1548.759,18.000,4.927,0.628,0.621,0.628,0.632,0.627,0.300,0.500,0.620,0.595,0.400,0.587,0.587,0.400,0.637,0.587,0.300,0.628,0.587,0.300,0.632,0.587,0.300,0.631,0.587
20100729_0732,6.690,123.410,614.000,TA.239A.,32.018,-94.471,127.078,1553.848,1571.300,1576.541,19.000,2.699,0.518,0.434,0.432,0.424,0.424,3.600,-4.000,0.537,-0.706,1.700,0.402,0.402,-8.400,0.375,0.402,-8.500,0.373,0.402,-8.600,0.370,0.402,-8.600,0.369,0.402
20100729_0732,6.690,123.410,614.000,X4.GC20.,30.310,-98.404,125.469,1543.705,1559.973,1564.844,20.000,1.123,0.320,0.319,0.316,0.315,0.315,7.100,-2.400,0.682,-0.699,6.700,0.490,0.490,6.800,0.451,0.490,6.600,0.447,0.490,6.600,0.447,0.490,6.600,0.448,0.490
20100729_0732,6.690,123.410,614.000,Z9.W15B.,32.138,-83.898,133.259,1592.043,1614.421,1621.263,21.000,3.165,0.380,0.400,0.392,0.387,0.384,1.600,1.400,0.774,0.706,1.500,0.650,0.650,1.100,0.610,0.650,0.800,0.569,0.650,0.400,0.564,0.650,0.300,0.562,0.650
20100729_0732,6.690,123.410,614.000,LD.FOR.,40.860,-73.885,129.865,1571.217,1590.817,1596.740,22.000,2.888,0.393,0.441,0.441,0.413,0.418,-0.100,0.700,0.854,0.747,-1.600,0.651,0.651,-0.900,0.628,0.651,-1.000,0.630,0.651,-1.400,0.588,0.651,-1.300,0.595,0.651
20100729_0732,6.690,123.410,614.000,TA.R37A.,38.313,-94.829,122.674,1525.887,1540.215,1544.484,23.000,6.572,0.518,0.449,0.459,0.466,0.470,1.200,1.200,0.890,0.895,0.900,0.818,0.818,1.200,0.864,0.818,1.200,0.867,0.818,1.200,0.869,0.818,1.100,0.866,0.818
20100729_0732,6.690,123.410,614.000,CX.PSGCX.,-19.597,-70.123,161.578,1751.143,1803.784,1821.564,24.000,5.016,0.350,0.357,0.368,0.378,0.361,2.100,2.100,0.873,0.885,2.400,0.822,0.822,1.700,0.861,0.822,1.600,0.864,0.822,1.500,0.865,0.822,1.700,0.863,0.822
20100729_0732,6.690,123.410,614.000,TA.V30A.,35.762,-100.689,120.709,1513.210,1526.258,1530.135,25.000,2.274,0.433,0.434,0.440,0.438,0.439,0.700,0.900,0.781,0.757,0.600,0.624,0.624,0.800,0.603,0.624,0.700,0.603,0.624,0.700,0.596,0.624,0.600,0.595,0.624
20100729_0732,6.690,123.410,614.000,TA.933A.,27.613,-99.275,126.366,1549.368,1566.290,1571.365,26.000,2.912,0.386,0.486,0.486,0.487,0.488,-0.700,-4.400,0.690,-0.962,-8.600,0.635,0.635,-8.800,0.634,0.635,-9.000,0.644,0.635,-9.000,0.643,0.635,-8.900,0.641,0.635
20100729_0732,6.690,123.410,614.000,TA.MSTX.,33.970,-102.772,120.345,1510.845,1523.662,1527.469,27.000,3.117,0.391,0.392,0.398,0.405,0.405,0.000,0.200,0.889,0.870,-0.100,0.715,0.715,0.000,0.732,0.715,-0.100,0.737,0.715,-0.100,0.733,0.715,-0.100,0.736,0.715
20100729_0732,6.690,123.410,614.000,YZ.POPE.,10.063,-85.263,146.891,1671.862,1707.343,1718.708,28.000,3.122,0.471,0.407,0.407,0.412,0.409,-6.200,-2.400,0.429,-0.567,6.100,0.473,0.473,-5.800,0.480,0.473,6.800,0.443,0.473,6.700,0.441,0.473,6.700,0.424,0.473
20100729_0732,6.690,123.410,614.000,PE.PSUB.,39.927,-75.451,130.239,1573.527,1593.425,1599.444,29.000,5.577,0.407,0.423,0.427,0.414,0.408,-0.500,-0.500,0.868,0.896,-1.700,0.825,0.825,-1.400,0.800,0.825,-1.400,0.814,0.825,-1.700,0.800,0.825,-1.700,0.798,0.825
20100729_0732,6.690,123.410,614.000,TA.T35A.,36.916,-96.512,122.617,1525.520,1539.809,1544.066,30.000,2.836,0.406,0.443,0.469,0.480,0.480,1.600,-1.700,0.766,-0.624,1.300,0.577,0.577,1.700,0.652,0.577,1.500,0.640,0.577,1.600,0.638,0.577,1.500,0.643,0.577
20100729_0732,6.690,123.410,614.000,TA.N34A.,40.838,-96.501,120.013,1508.687,1521.297,1525.041,31.000,1.851,0.382,0.323,0.326,0.328,0.327,1.100,4.100,0.467,-0.797,7.100,0.496,0.496,7.200,0.425,0.496,7.000,0.442,0.496,7.100,0.438,0.496,7.100,0.445,0.496
20100729_0732,6.690,123.410,614.000,NM.PBMO.,36.778,-90.430,126.228,1548.499,1565.319,1570.362,32.000,2.566,0.514,0.456,0.452,0.445,0.444,1.900,4.900,0.844,-0.831,1.200,0.742,0.742,1.000,0.833,0.742,0.900,0.829,0.742,0.800,0.820,0.742,0.900,0.820,0.742
20100729_0732,6.690,123.410,614.000,CX.PB09.,-21.796,-69.242,160.571,1745.927,1797.293,1814.587,33.000,2.984,0.277,0.294,0.325,0.347,0.330,1.300,1.500,0.906,0.922,1.200,0.735,0.735,1.600,0.891,0.735,1.400,0.895,0.735,1.200,0.894,0.735,1.400,0.894,0.735
20100729_0732,6.690,123.410,614.000,G.TRIS.10,-37.068,-12.315,129.616,1569.675,1589.080,1594.940,34.000,1.580,0.061,0.063,0.076,0.070,0.065,-6.000,-1.800,0.554,0.481,0.300,0.442,0.442,-11.900,0.501,0.442,-12.500,0.477,0.442,-12.300,0.486,0.442,-11.900,0.496,0.442
20100729_0732,6.690,123.410,614.000,US.TZTN.00,36.544,-83.549,129.930,1571.620,1591.273,1597.212,35.000,1.443,0.246,0.125,0.124,0.125,0.126,0.900,-3.300,0.782,-0.967,8.500,0.441,0.441,-2.900,0.647,0.441,-3.100,0.624,0.441,-3.500,0.574,0.441,-3.400,0.583,0.441
20100729_0732,6.690,123.410,614.000,NE.BRYW.,41.917,-71.538,129.510,1569.017,1588.338,1594.171,36.000,1.427,0.165,0.181,0.174,0.149,0.155,8.000,-4.600,0.540,-0.732,4.900,0.403,0.403,-10.700,0.381,0.403,-10.700,0.386,0.403,-10.900,0.387,0.403,-11.000,0.381,0.403
20100729_0732,6.690,123.410,614.000,TA.W38A.,35.070,-94.518,125.046,1541.031,1556.996,1561.773,37.000,4.352,0.288,0.294,0.316,0.315,0.316,2.900,3.000,0.751,0.773,2.400,0.867,0.867,2.400,0.843,0.867,2.200,0.850,0.867,2.200,0.856,0.867,2.200,0.855,0.867
20100729_0732,6.690,123.410,614.000,TA.Z38A.,33.260,-94.985,125.945,1546.717,1563.330,1568.308,38.000,1.839,0.269,0.230,0.235,0.242,0.236,3.700,0.400,0.548,-0.496,-9.000,0.495,0.495,-9.100,0.502,0.495,-9.300,0.504,0.495,-9.200,0.505,0.495,-9.200,0.504,0.495
20100729_0732,6.690,123.410,614.000,YZ.MANS.,10.099,-85.381,146.773,1671.196,1706.550,1717.870,39.000,3.568,0.471,0.453,0.469,0.473,0.476,-5.400,-4.800,0.762,0.707,0.600,0.674,0.674,-5.300,0.804,0.674,-5.800,0.682,0.674,-5.900,0.680,0.674,-5.800,0.728,0.674
20100729_0732,6.690,123.410,614.000,TA.U29A.,36.452,-101.270,119.922,1508.098,1520.651,1524.378,40.000,3.241,0.480,0.455,0.469,0.465,0.461,0.900,1.000,0.924,0.910,0.600,0.665,0.665,0.800,0.685,0.665,0.600,0.688,0.665,0.700,0.676,0.665,0.700,0.684,0.665
20100729_0732,6.690,123.410,614.000,US.NATX.,31.760,-94.661,127.120,1554.112,1571.596,1576.846,41.000,0.344,0.022,-0.031,-0.031,-0.030,-0.031,9.700,-3.300,0.545,-0.990,-8.800,0.491,0.491,-8.800,0.494,0.491,-9.000,0.494,0.491,-9.100,0.495,0.491,-9.100,0.495,0.491
20100729_0732,6.690,123.410,614.000,NE.WES.,42.385,-71.322,129.121,1566.601,1585.618,1591.353,42.000,2.245,-0.072,0.151,0.152,0.142,0.144,-0.100,0.100,0.939,0.950,6.400,0.416,0.416,-5.300,0.536,0.416,-5.300,0.534,0.416,-5.300,0.527,0.416,-5.300,0.528,0.416
20100729_0732,6.690,123.410,614.000,LD.NPNY.,41.755,-74.144,128.965,1565.632,1584.527,1590.223,43.000,2.751,0.209,0.254,0.261,0.260,0.259,-0.100,-0.300,0.983,0.975,2.500,0.718,0.718,-5.600,0.522,0.718,-5.600,0.521,0.718,-5.600,0.513,0.718,-5.600,0.514,0.718
20100729_0732,6.690,123.410,614.000,TA.Y38A.,33.928,-94.731,125.670,1544.981,1561.394,1566.310,44.000,1.257,0.268,0.272,0.275,0.267,0.271,0.700,0.800,0.701,0.542,1.100,0.616,0.616,1.000,0.567,0.616,0.900,0.571,0.616,0.900,0.575,0.616,0.900,0.577,0.616
20100729_0732,6.690,123.410,614.000,XE.GS06.,-0.680,-91.204,144.957,1660.910,1694.351,1704.992,45.000,0.849,0.130,0.110,0.080,0.100,0.105,3.300,-3.800,0.514,-0.926,3.700,0.473,0.473,3.800,0.471,0.473,2.400,0.590,0.473,2.800,0.529,0.473,3.600,0.477,0.473
20100729_0732,6.690,123.410,614.000,TA.539A.,30.108,-94.724,128.125,1560.396,1578.644,1584.134,46.000,2.633,0.494,0.529,0.549,0.555,0.550,1.500,1.600,0.932,0.939,0.800,0.960,0.960,0.600,0.971,0.960,0.400,0.975,0.960,0.400,0.978,0.960,0.500,0.977,0.960
20100729_0732,6.690,123.410,614.000,TA.530A.,30.149,-101.338,123.466,1530.965,1545.828,1550.262,47.000,8.151,0.674,0.678,0.680,0.689,0.683,-0.500,-0.400,0.845,0.874,-1.000,0.720,0.720,-0.900,0.733,0.720,-1.100,0.723,0.720,-1.000,0.729,0.720,-1.100,0.729,0.720
20100729_0732,6.690,123.410,614.000,TA.T30A.,37.053,-100.527,120.039,1508.859,1521.486,1525.235,48.000,2.086,0.498,0.525,0.535,0.536,0.538,0.900,1.000,0.803,0.793,0.500,0.682,0.682,0.700,0.683,0.682,0.600,0.689,0.682,0.700,0.683,0.682,0.600,0.689,0.682
20100729_0732,6.690,123.410,614.000,CN.MNTQ.,45.500,-73.623,125.627,1544.708,1561.090,1565.996,49.000,6.996,0.536,0.533,0.531,0.526,0.530,-0.100,0.200,0.614,0.568,-0.200,0.815,0.815,0.000,0.811,0.815,-0.100,0.821,0.815,-0.100,0.842,0.815,-0.100,0.837,0.815
20100729_0732,6.690,123.410,614.000,CN.LMQ.,47.549,-70.326,124.419,1537.044,1552.566,1557.205,50.000,4.000,0.315,0.348,0.339,0.312,0.317,-4.100,-0.900,0.633,0.221,-0.800,0.462,0.462,-0.500,0.544,0.462,-0.700,0.523,0.462,-0.900,0.469,0.462,-0.800,0.476,0.462
20100729_0732,6.690,123.410,614.000,IU.LCO.,-29.011,-70.700,154.009,1711.149,1754.568,1768.857,51.000,3.167,0.248,0.219,0.235,0.250,0.246,-1.200,4.700,0.569,0.469,4.300,0.530,0.530,4.400,0.595,0.530,4.300,0.582,0.530,3.800,0.571,0.530,3.900,0.580,0.530
20100729_0732,6.690,123.410,614.000,US.LRAL.,33.040,-86.998,130.885,1577.513,1597.929,1604.118,52.000,4.141,0.342,0.590,0.598,0.608,0.610,1.700,1.400,0.818,0.641,0.800,0.722,0.722,0.900,0.862,0.722,0.700,0.845,0.722,0.500,0.822,0.722,0.600,0.826,0.722
20100729_0732,6.690,123.410,614.000,TA.434A.,30.814,-98.269,125.268,1542.436,1558.559,1563.385,53.000,7.400,0.488,0.486,0.504,0.510,0.512,0.600,0.900,0.579,0.616,0.500,0.845,0.845,0.500,0.818,0.845,0.300,0.821,0.845,0.300,0.827,0.845,0.300,0.825,0.845
20100729_0732,6.690,123.410,614.000,TA.U31A.,36.369,-99.851,120.885,1514.348,1527.508,1531.419,54.000,2.224,0.399,0.370,0.386,0.390,0.389,0.900,1.300,0.785,0.735,6.700,0.459,0.459,1.000,0.505,0.459,0.700,0.494,0.459,0.800,0.486,0.459,0.900,0.498,0.459
20100729_0732,6.690,123.410,614.000,TA.X28A.,34.519,-102.197,120.429,1511.392,1524.262,1528.086,55.000,5.654,0.465,0.548,0.549,0.553,0.552,0.200,0.400,0.901,0.901,-0.200,0.697,0.697,0.000,0.755,0.697,-0.100,0.760,0.697,0.000,0.755,0.697,-0.100,0.756,0.697
20100729_0732,6.690,123.410,614.000,CX.PB07.,-21.727,-69.886,160.225,1744.130,1795.062,1812.190,56.000,1.977,0.241,0.324,0.349,0.361,0.345,0.500,1.400,0.803,0.747,1.600,0.485,0.485,1.300,0.667,0.485,1.100,0.677,0.485,0.900,0.683,0.485,1.100,0.673,0.485
20100729_0732,6.690,123.410,614.000,TA.229A.,31.967,-101.811,122.128,1522.379,1536.344,1540.502,57.000,6.066,0.547,0.519,0.493,0.508,0.501,-0.700,-0.600,0.713,0.752,-1.600,0.566,0.566,-1.800,0.563,0.566,-2.000,0.577,0.566,-1.900,0.580,0.566,-1.900,0.572,0.566
20100729_0732,6.690,123.410,614.000,NM.USIN.,37.965,-87.666,126.797,1552.080,1569.321,1574.496,58.000,0.357,0.028,0.058,0.060,0.061,0.061,8.900,-4.100,0.677,-1.000,-1.600,0.270,0.270,-2.200,0.310,0.270,-2.200,0.304,0.270,-2.200,0.271,0.270,-2.200,0.282,0.270
20100729_0732,6.690,123.410,614.000,TA.W36A.,35.139,-96.226,123.947,1534.034,1549.227,1553.764,59.000,1.370,0.295,0.284,0.300,0.294,0.297,1.800,2.100,0.907,0.840,1.600,0.802,0.802,1.500,0.818,0.802,1.400,0.813,0.802,1.400,0.818,0.802,1.400,0.820,0.802
20100729_0732,6.690,123.410,614.000,IU.SSPA.10,40.636,-77.888,128.782,1564.493,1583.246,1588.897,60.000,3.546,0.082,0.025,0.008,-0.026,-0.023,0.600,0.500,0.776,0.832,10.900,0.265,0.265,-1.300,0.342,0.265,-1.400,0.332,0.265,11.300,0.293,0.265,11.400,0.293,0.265
20100729_0732,6.690,123.410,614.000,TA.S37A.,37.760,-94.828,123.052,1528.313,1542.894,1547.242,61.000,3.117,0.490,0.432,0.438,0.440,0.433,1.200,1.300,0.899,0.900,0.800,0.803,0.803,1.100,0.859,0.803,1.000,0.857,0.803,1.000,0.857,0.803,1.100,0.860,0.803
20100729_0732,6.690,123.410,614.000,TA.135A.,32.557,-97.410,124.807,1539.509,1555.304,1560.028,62.000,3.418,0.675,0.641,0.649,0.643,0.643,0.900,1.000,0.944,0.947,0.500,0.923,0.923,0.400,0.923,0.923,0.200,0.927,0.923,0.300,0.931,0.923,0.200,0.929,0.923
20100729_0732,6.690,123.410,614.000,TA.T37A.,37.123,-94.918,123.431,1530.738,1545.577,1550.004,63.000,3.590,0.485,0.527,0.539,0.541,0.535,1.300,1.300,0.657,0.668,1.100,0.658,0.658,1.100,0.770,0.658,1.000,0.767,0.658,1.100,0.761,0.658,1.100,0.767,0.658
20100729_0732,6.690,123.410,614.000,TA.V32A.,35.720,-99.044,121.798,1520.253,1534.001,1538.093,64.000,2.743,0.597,0.525,0.539,0.540,0.540,0.700,1.000,0.899,0.935,0.400,0.661,0.661,0.600,0.705,0.661,0.400,0.718,0.661,0.400,0.706,0.661,0.400,0.710,0.661
20100729_0732,6.690,123.410,614.000,TA.Z33A.,33.286,-98.765,123.460,1530.927,1545.786,1550.219,65.000,5.161,0.586,0.619,0.628,0.626,0.624,0.600,0.900,0.846,0.802,0.400,0.740,0.740,0.500,0.785,0.740,0.400,0.781,0.740,0.400,0.775,0.740,0.300,0.773,0.740
20100729_0732,6.690,123.410,614.000,X4.GC14.,29.764,-97.771,126.232,1548.530,1565.354,1570.398,66.000,0.347,0.025,-0.003,0.003,0.006,0.004,9.700,-3.700,0.536,-0.999,-8.700,0.512,0.512,-8.800,0.522,0.512,-8.900,0.522,0.512,-8.900,0.522,0.512,-8.900,0.521,0.512
20100729_0732,6.690,123.410,614.000,YM.V08.,-39.449,-71.975,144.436,1657.941,1690.842,1701.293,67.000,2.350,0.141,0.168,0.162,0.156,0.158,12.100,0.600,0.430,0.192,0.700,0.466,0.466,0.400,0.589,0.466,0.300,0.570,0.466,0.100,0.544,0.466,0.100,0.549,0.466
20100729_0732,6.690,123.410,614.000,CN.SADO.,44.770,-79.141,124.691,1538.775,1554.489,1559.187,68.000,3.235,0.281,0.285,0.285,0.290,0.290,-1.100,-4.800,0.673,-0.598,3.800,0.477,0.477,3.600,0.586,0.477,3.600,0.601,0.477,3.600,0.609,0.477,3.600,0.604,0.477
20100729_0732,6.690,123.410,614.000,CX.PB14.,-24.626,-70.404,157.712,1730.945,1778.772,1794.723,69.000,2.029,0.385,0.389,0.383,0.375,0.380,-0.100,0.400,0.350,0.359,0.500,0.535,0.535,0.400,0.540,0.535,0.200,0.527,0.535,0.100,0.516,0.535,0.200,0.520,0.535
20100729_0732,6.690,123.410,614.000,TA.O34A.,40.183,-96.694,120.345,1510.850,1523.669,1527.476,70.000,2.372,0.449,0.416,0.423,0.424,0.425,1.300,1.300,0.869,0.896,1.300,0.650,0.650,1.500,0.738,0.650,1.500,0.732,0.650,1.500,0.721,0.650,1.500,0.712,0.650
20100729_0732,6.690,123.410,614.000,XH.ESP08.01,-31.597,-64.550,154.006,1711.133,1754.548,1768.835,71.000,5.540,0.224,0.273,0.280,0.287,0.293,1.500,1.700,0.764,0.849,1.300,0.863,0.863,1.300,0.895,0.863,1.100,0.908,0.863,0.800,0.930,0.863,0.800,0.927,0.863
20100729_0732,6.690,123.410,614.000,LD.CUNY.,40.735,-73.818,130.000,1572.055,1591.762,1597.720,72.000,0.912,0.105,0.093,0.094,0.080,0.086,1.900,2.100,0.810,0.829,1.100,0.840,0.840,1.500,0.813,0.840,1.400,0.821,0.840,1.200,0.833,0.840,1.100,0.834,0.840
20100729_0732,6.690,123.410,614.000,G.UNM.00,19.330,-99.178,130.651,1576.071,1596.297,1602.424,73.000,1.512,0.224,0.238,0.235,0.233,0.236,8.300,4.800,0.702,-0.568,7.800,0.415,0.415,0.600,0.366,0.415,7.100,0.398,0.415,7.200,0.394,0.415,7.300,0.390,0.415
20100729_0732,6.690,123.410,614.000,Z9.W14.,32.094,-83.899,133.294,1592.252,1614.659,1621.510,74.000,3.416,0.371,0.344,0.335,0.315,0.318,-8.400,2.400,0.603,0.576,2.700,0.580,0.580,1.800,0.668,0.580,1.700,0.665,0.580,1.600,0.673,0.580,1.500,0.672,0.580
20100729_0732,6.690,123.410,614.000,US.BINY.,42.199,-75.986,128.007,1559.662,1577.819,1583.281,75.000,1.851,0.139,0.015,0.039,0.089,0.081,0.900,0.800,0.901,0.852,-5.900,0.608,0.608,-5.600,0.653,0.608,-5.600,0.658,0.608,-5.900,0.623,0.608,-5.800,0.628,0.608
20100729_0732,6.690,123.410,614.000,TA.O36A.,40.132,-94.965,121.348,1517.343,1530.800,1534.801,76.000,2.720,0.461,0.413,0.421,0.423,0.422,1.500,1.500,0.875,0.844,1.100,0.768,0.768,1.400,0.874,0.768,1.200,0.873,0.768,1.200,0.861,0.768,1.300,0.863,0.768
20100729_0732,6.690,123.410,614.000,TA.538A.,30.222,-95.490,127.535,1556.712,1574.509,1579.858,77.000,5.640,0.526,0.566,0.573,0.569,0.569,1.100,4.700,0.930,-0.912,0.600,0.879,0.879,0.500,0.890,0.879,0.300,0.885,0.879,0.300,0.883,0.879,0.200,0.884,0.879
20100729_0732,6.690,123.410,614.000,TA.734A.,28.847,-98.558,126.201,1548.330,1565.131,1570.167,78.000,3.362,0.529,0.530,0.525,0.518,0.522,0.100,-3.400,0.706,-0.925,-0.300,0.719,0.719,-0.300,0.711,0.719,-0.500,0.700,0.719,-0.500,0.703,0.719,-0.500,0.706,0.719
20100729_0732,6.690,123.410,614.000,TA.T34A.,37.022,-97.188,122.137,1522.436,1536.407,1540.567,79.000,3.104,0.478,0.461,0.476,0.483,0.476,1.300,1.700,0.806,0.786,1.100,0.585,0.585,1.300,0.656,0.585,1.200,0.645,0.585,1.100,0.632,0.585,1.200,0.645,0.585
20100729_0732,6.690,123.410,614.000,XE.GS07.,-0.788,-91.425,144.760,1659.786,1693.022,1703.591,80.000,1.181,0.238,0.270,0.237,0.248,0.261,-2.000,-2.000,0.763,0.743,-2.200,0.688,0.688,-2.000,0.656,0.688,-3.400,0.521,0.688,-2.800,0.544,0.688,-2.200,0.634,0.688
20100729_0732,6.690,123.410,614.000,CN.ICQ.,49.522,-67.271,123.021,1528.115,1542.675,1547.016,81.000,3.268,0.336,0.388,0.390,0.406,0.402,-0.100,0.400,0.807,0.825,-0.400,0.870,0.870,-0.200,0.895,0.870,-0.200,0.897,0.870,-0.100,0.905,0.870,-0.100,0.907,0.870
20100729_0732,6.690,123.410,614.000,TA.Y31A.,33.963,-100.261,122.056,1521.914,1535.831,1539.975,82.000,3.175,0.440,0.473,0.499,0.505,0.500,1.400,1.400,0.962,0.964,1.300,0.914,0.914,1.300,0.918,0.914,1.100,0.909,0.914,1.100,0.903,0.914,1.100,0.909,0.914
20100729_0732,6.690,123.410,614.000,X4.GC18.,30.166,-98.213,125.687,1545.084,1561.510,1566.429,83.000,3.956,0.623,0.564,0.552,0.545,0.545,0.100,0.500,0.462,0.536,-0.100,0.705,0.705,-0.100,0.654,0.705,-0.300,0.648,0.705,-0.300,0.655,0.705,-0.200,0.654,0.705
20100729_0732,6.690,123.410,614.000,TA.431A.,30.682,-100.608,123.697,1532.438,1547.459,1551.942,84.000,3.942,0.557,0.580,0.581,0.580,0.580,0.600,0.700,0.599,0.585,0.600,0.527,0.527,0.600,0.526,0.527,0.500,0.510,0.527,0.500,0.523,0.527,0.600,0.527,0.527
20100729_0732,6.690,123.410,614.000,TA.T32A.,37.180,-98.925,120.968,1514.888,1528.101,1532.028,85.000,2.372,0.449,0.494,0.510,0.507,0.509,1.100,1.300,0.857,0.826,0.900,0.646,0.646,1.100,0.648,0.646,0.900,0.636,0.646,1.000,0.645,0.646,1.000,0.645,0.646
20100729_0732,6.690,123.410,614.000,TA.534A.,30.028,-98.475,125.582,1544.424,1560.773,1565.669,86.000,2.884,0.605,0.569,0.568,0.565,0.568,0.600,0.800,0.775,0.766,0.200,0.782,0.782,0.200,0.735,0.782,0.000,0.730,0.782,0.000,0.738,0.782,-0.100,0.739,0.782
20100729_0732,6.690,123.410,614.000,NE.WVL.,44.565,-69.662,127.411,1555.933,1573.635,1578.954,87.000,1.489,0.082,0.265,0.270,0.292,0.288,0.500,1.400,0.678,0.617,8.200,0.499,0.499,1.800,0.814,0.499,1.700,0.814,0.499,1.400,0.813,0.499,1.500,0.813,0.499
20100729_0732,6.690,123.410,614.000,X4.GC16.,29.930,-98.007,125.969,1546.868,1563.499,1568.482,88.000,2.364,0.385,0.428,0.412,0.407,0.406,-1.200,-0.700,0.347,0.225,-1.500,0.689,0.689,-1.500,0.669,0.689,-1.700,0.665,0.689,-1.700,0.672,0.689,-1.700,0.672,0.689
20100729_0732,6.690,123.410,614.000,PE.PSWB.,41.305,-76.015,128.809,1564.659,1583.433,1589.091,89.000,4.101,0.052,0.060,0.220,0.210,0.212,0.500,-0.400,0.375,0.377,2.200,0.698,0.698,2.900,0.643,0.698,-5.200,0.564,0.698,-5.200,0.563,0.698,-5.200,0.564,0.698
20100729_0732,6.690,123.410,614.000,US.VBMS.,32.219,-90.518,129.427,1568.500,1587.756,1593.568,90.000,2.341,0.250,0.229,0.222,0.207,0.214,-2.600,-5.200,0.675,-0.666,-10.100,0.580,0.580,-10.300,0.615,0.580,-10.400,0.614,0.580,-10.500,0.612,0.580,-10.500,0.612,0.580
20100729_0732,6.690,123.410,614.000,AF.SHAI.,5.881,0.044,122.102,1522.211,1536.159,1540.312,91.000,4.218,0.373,0.437,0.412,0.420,0.426,0.600,-3.200,0.747,-0.082,0.200,0.620,0.620,0.100,0.565,0.620,-0.400,0.610,0.620,0.000,0.589,0.620,0.000,0.581,0.620
20100729_0732,6.690,123.410,614.000,TA.Y33A.,34.008,-98.626,123.116,1528.726,1543.351,1547.712,92.000,2.265,0.443,0.474,0.478,0.482,0.480,0.900,0.700,0.762,0.732,0.400,0.417,0.417,0.400,0.453,0.417,0.300,0.444,0.417,0.300,0.449,0.417,0.400,0.452,0.417
20100729_0732,6.690,123.410,614.000,TA.438A.,30.750,-95.474,127.219,1554.729,1572.287,1577.560,93.000,4.549,0.422,0.398,0.413,0.422,0.414,-5.400,-1.900,0.826,-0.837,0.800,0.725,0.725,0.700,0.737,0.725,0.600,0.736,0.725,0.400,0.740,0.725,0.500,0.739,0.725
20100729_0732,6.690,123.410,614.000,SV.SNET.,13.687,-89.231,141.722,1642.313,1672.472,1681.966,94.000,0.769,0.098,0.061,0.076,0.074,0.077,3.200,-2.100,0.774,-0.368,2.700,0.627,0.627,1.400,0.791,0.627,1.300,0.776,0.627,1.300,0.779,0.627,1.200,0.779,0.627
20100729_0732,6.690,123.410,614.000,TA.SFIN.,40.379,-87.097,125.196,1541.982,1558.055,1562.864,95.000,3.924,0.406,0.220,0.226,0.237,0.235,1.900,1.700,0.494,0.435,-5.700,0.271,0.271,7.200,0.577,0.271,7.200,0.579,0.271,7.100,0.577,0.271,7.100,0.577,0.271
20100729_0732,6.690,123.410,614.000,TA.V33A.,35.821,-98.286,122.218,1522.959,1536.983,1541.159,96.000,2.625,0.488,0.417,0.434,0.430,0.430,1.400,1.400,0.802,0.828,1.200,0.751,0.751,1.200,0.795,0.751,1.000,0.786,0.751,1.100,0.783,0.751,1.000,0.783,0.751
20100729_0732,6.690,123.410,614.000,XE.GS05.,-0.722,-91.338,144.833,1660.203,1693.515,1704.110,97.000,0.838,0.091,0.034,0.138,0.090,0.040,2.500,2.900,0.481,0.307,9.000,0.487,0.487,9.200,0.469,0.487,0.600,0.587,0.487,1.100,0.509,0.487,9.100,0.452,0.487
20100729_0732,6.690,123.410,614.000,TA.U33A.,36.433,-98.114,121.943,1521.184,1535.027,1539.148,98.000,2.493,0.446,0.470,0.484,0.480,0.482,1.500,1.700,0.854,0.796,1.300,0.736,0.736,1.400,0.745,0.736,1.200,0.727,0.736,1.300,0.732,0.736,1.300,0.735,0.736
20100729_0732,6.690,123.410,614.000,C.CCH2.,-36.603,-72.078,146.912,1671.980,1707.483,1718.856,99.000,1.513,0.046,0.094,0.093,0.102,0.101,-3.200,-3.400,0.764,0.711,-3.900,0.609,0.609,-3.700,0.486,0.609,-3.900,0.490,0.609,-4.400,0.524,0.609,-4.300,0.520,0.609
20100729_0732,6.690,123.410,614.000,IU.SSPA.00,40.636,-77.888,128.782,1564.493,1583.246,1588.897,100.000,3.541,0.078,0.021,0.004,-0.029,-0.026,0.600,0.500,0.775,0.829,10.900,0.267,0.267,-1.300,0.320,0.267,-1.500,0.310,0.267,11.300,0.294,0.267,11.400,0.295,0.267
20100729_0732,6.690,123.410,614.000,XE.GS03.,-1.031,-91.223,145.002,1661.166,1694.654,1705.311,101.000,1.581,0.404,0.432,0.392,0.410,0.432,-0.200,0.100,0.889,0.825,-0.700,0.757,0.757,-0.500,0.724,0.757,-1.800,0.707,0.757,-1.300,0.683,0.757,-0.600,0.717,0.757
20100729_0732,6.690,123.410,614.000,TA.Y35A.,33.906,-97.037,124.216,1535.750,1551.130,1555.725,102.000,3.218,0.405,0.420,0.435,0.429,0.431,1.300,1.400,0.679,0.613,1.100,0.801,0.801,0.900,0.772,0.801,0.800,0.772,0.801,0.800,0.785,0.801,0.800,0.784,0.801
20100729_0732,6.690,123.410,614.000,NM.SLM.00,38.636,-90.236,124.967,1540.526,1556.434,1561.193,103.000,5.086,0.317,0.451,0.452,0.454,0.451,2.700,-0.400,0.770,-0.949,-4.100,0.847,0.847,2.700,0.896,0.847,2.600,0.905,0.847,2.400,0.909,0.847,2.500,0.907,0.847
20100729_0732,6.690,123.410,614.000,US.NHSC.,33.107,-80.178,134.332,1598.542,1621.839,1628.989,104.000,1.278,0.069,0.224,0.231,0.229,0.229,8.100,4.800,0.536,-0.851,10.100,0.457,0.457,10.000,0.712,0.457,10.100,0.725,0.457,10.100,0.738,0.457,10.100,0.735,0.457
20100729_0732,6.690,123.410,614.000,XE.GS8A.,-0.979,-91.447,144.772,1659.859,1693.108,1703.681,105.000,0.968,0.215,0.224,0.313,0.280,0.230,1.800,2.200,0.728,0.600,1.600,0.866,0.866,1.700,0.831,0.866,0.700,0.767,0.866,1.100,0.789,0.866,1.600,0.825,0.866
20100729_0732,6.690,123.410,614.000,TA.P36A.,39.620,-95.206,121.565,1518.751,1532.348,1536.393,106.000,3.029,0.479,0.550,0.562,0.567,0.563,1.500,1.700,0.786,0.794,1.400,0.813,0.813,1.700,0.882,0.813,1.500,0.868,0.813,1.500,0.864,0.813,1.600,0.867,0.813
20100729_0732,6.690,123.410,614.000,TA.Y30A.,33.877,-100.898,121.677,1519.474,1533.143,1537.211,107.000,0.969,0.346,0.323,0.319,0.324,0.322,6.900,3.500,0.539,-0.651,-7.400,0.430,0.430,-7.600,0.429,0.430,-7.800,0.426,0.430,-7.600,0.423,0.430,-7.700,0.423,0.430
20100729_0732,6.690,123.410,614.000,US.JFWS.HR,42.914,-90.248,121.744,1519.903,1533.616,1537.697,108.000,4.413,0.202,0.267,0.263,0.264,0.262,1.600,1.700,0.960,0.961,5.700,0.723,0.723,-5.600,0.688,0.723,-5.700,0.684,0.723,-6.000,0.660,0.723,-5.900,0.664,0.723
20100729_0732,6.690,123.410,614.000,US.CBN.,38.205,-77.373,131.119,1578.953,1599.558,1605.809,109.000,2.790,0.039,0.126,0.128,0.137,0.135,-0.100,1.600,0.752,0.908,0.200,0.555,0.555,-5.200,0.475,0.555,-5.300,0.480,0.555,-5.400,0.489,0.555,-5.400,0.487,0.555
20100729_0732,6.690,123.410,614.000,IM.TX32.,29.334,-103.668,122.179,1522.709,1536.708,1540.876,110.000,1.683,0.456,0.533,0.504,0.496,0.497,0.200,0.300,0.729,0.708,0.000,0.582,0.582,-0.300,0.553,0.582,-0.400,0.565,0.582,-0.400,0.563,0.582,-0.300,0.561,0.582
20100729_0732,6.690,123.410,614.000,TA.Z35A.,33.331,-97.253,124.434,1537.139,1552.671,1557.313,111.000,0.870,0.240,0.236,0.244,0.245,0.243,1.400,1.500,0.734,0.600,1.000,0.770,0.770,0.900,0.803,0.770,0.700,0.797,0.770,0.700,0.793,0.770,0.800,0.796,0.770
20100729_0732,6.690,123.410,614.000,TA.137A.,32.597,-95.756,125.872,1546.258,1562.819,1567.780,112.000,2.298,0.547,0.522,0.520,0.514,0.516,0.600,0.200,0.764,0.642,0.100,0.846,0.846,0.100,0.843,0.846,-0.100,0.839,0.846,-0.100,0.838,0.846,-0.100,0.840,0.846
20100729_0732,6.690,123.410,614.000,TA.X35A.,34.400,-96.973,123.947,1534.035,1549.228,1553.765,113.000,2.245,0.248,0.276,0.284,0.285,0.285,3.000,2.400,0.541,0.354,2.400,0.641,0.641,2.300,0.606,0.641,2.300,0.601,0.641,2.200,0.611,0.641,2.200,0.612,0.641
20100729_0732,6.690,123.410,614.000,TA.Y34A.,33.957,-97.757,123.716,1532.564,1547.598,1552.085,114.000,4.724,0.498,0.491,0.502,0.502,0.500,1.400,1.500,0.590,0.611,1.400,0.534,0.534,1.300,0.547,0.534,1.200,0.538,0.534,1.200,0.545,0.534,1.200,0.547,0.534
20100729_0732,6.690,123.410,614.000,TA.M35A.,41.466,-95.695,120.026,1508.771,1521.390,1525.136,115.000,3.162,0.482,0.435,0.445,0.445,0.443,0.900,1.100,0.840,0.806,0.600,0.572,0.572,0.700,0.569,0.572,0.600,0.591,0.572,0.800,0.573,0.572,0.700,0.570,0.572
20100729_0732,6.690,123.410,614.000,US.JFWS.,42.914,-90.248,121.744,1519.903,1533.616,1537.697,116.000,4.541,0.199,0.265,0.261,0.261,0.260,1.600,1.700,0.959,0.961,5.700,0.726,0.726,-5.600,0.686,0.726,-5.700,0.682,0.726,-6.000,0.657,0.726,-5.900,0.661,0.726
20100729_0732,6.690,123.410,614.000,TA.W30A.,35.182,-100.577,121.127,1515.918,1529.232,1533.190,117.000,4.337,0.508,0.511,0.520,0.523,0.525,0.600,0.700,0.900,0.905,0.500,0.711,0.711,0.600,0.696,0.711,0.500,0.696,0.711,0.500,0.691,0.711,0.500,0.689,0.711
20100729_0732,6.690,123.410,614.000,TA.138A.,32.660,-95.089,126.265,1548.736,1565.583,1570.635,118.000,3.393,0.552,0.495,0.506,0.508,0.509,1.700,1.600,0.879,0.873,0.900,0.864,0.864,1.000,0.822,0.864,0.800,0.823,0.864,0.700,0.826,0.864,0.800,0.826,0.864
20100729_0732,6.690,123.410,614.000,TA.631A.,29.412,-100.576,124.423,1537.068,1552.592,1557.232,119.000,2.568,0.622,0.487,0.477,0.474,0.475,-0.100,-0.100,0.910,0.917,-0.300,0.873,0.873,-0.200,0.882,0.873,-0.400,0.877,0.873,-0.400,0.874,0.873,-0.300,0.875,0.873
20100729_0732,6.690,123.410,614.000,TA.634A.,29.382,-98.352,126.043,1547.337,1564.022,1569.022,120.000,4.326,0.538,0.516,0.529,0.535,0.531,1.100,4.000,0.602,-0.706,0.300,0.629,0.629,0.300,0.569,0.629,0.100,0.567,0.629,0.200,0.580,0.629,0.100,0.578,0.629
20100729_0732,6.690,123.410,614.000,XE.GS09.,-0.783,-91.110,145.068,1661.541,1695.098,1705.779,121.000,0.497,0.172,0.173,0.174,0.172,0.177,1.500,1.100,0.629,0.481,0.300,0.790,0.790,0.600,0.758,0.790,-0.300,0.701,0.790,0.100,0.735,0.790,0.400,0.761,0.790
20100729_0732,6.690,123.410,614.000,TA.531A.,30.164,-100.546,124.029,1534.560,1549.810,1554.364,122.000,5.523,0.545,0.529,0.533,0.528,0.535,-0.100,0.000,0.776,0.764,-0.500,0.617,0.617,-0.500,0.605,0.617,-0.700,0.604,0.617,-0.800,0.618,0.617,-0.700,0.618,0.617
20100729_0732,6.690,123.410,614.000,TA.440A.,30.746,-93.959,128.231,1561.060,1579.389,1584.905,123.000,2.271,0.378,0.346,0.357,0.358,0.354,3.100,-4.100,0.564,-0.423,-8.400,0.581,0.581,-8.500,0.588,0.581,-8.600,0.583,0.581,-8.700,0.580,0.581,-8.700,0.580,0.581
20100729_0732,6.690,123.410,614.000,TA.537A.,30.080,-96.315,127.057,1553.718,1571.155,1576.390,124.000,1.372,0.500,0.468,0.465,0.460,0.461,0.700,1.000,0.822,0.761,0.200,0.894,0.894,0.200,0.883,0.894,0.000,0.888,0.894,0.000,0.890,0.894,0.000,0.888,0.894
20100729_0732,6.690,123.410,614.000,TA.632A.,29.507,-99.786,124.943,1540.373,1556.264,1561.018,125.000,3.866,0.519,0.568,0.573,0.575,0.573,0.500,0.600,0.712,0.814,0.100,0.796,0.796,0.100,0.742,0.796,-0.100,0.746,0.796,-0.100,0.758,0.796,-0.100,0.757,0.796
20100729_0732,6.690,123.410,614.000,GT.DBIC.00,6.670,-4.857,126.685,1551.376,1568.534,1573.682,126.000,4.779,0.594,0.612,0.601,0.612,0.612,0.400,0.600,0.913,0.934,0.000,0.900,0.900,0.000,0.916,0.900,-0.400,0.885,0.900,-0.100,0.908,0.900,-0.100,0.912,0.900
20100729_0732,6.690,123.410,614.000,CX.PB10.,-23.513,-70.554,158.480,1734.995,1783.761,1800.067,127.000,3.841,0.448,0.459,0.465,0.465,0.462,-0.100,-4.200,0.682,-0.609,-0.300,0.632,0.632,-8.200,0.662,0.632,-8.400,0.664,0.632,-8.600,0.662,0.632,-8.400,0.664,0.632
20100729_0732,6.690,123.410,614.000,TA.139A.,32.680,-94.393,126.700,1551.472,1568.641,1573.793,128.000,5.752,0.474,0.453,0.456,0.449,0.447,-5.100,2.700,0.454,0.426,1.500,0.573,0.573,1.500,0.554,0.573,1.400,0.552,0.573,1.300,0.551,0.573,1.300,0.556,0.573
20100729_0732,6.690,123.410,614.000,TA.N35A.,40.861,-95.643,120.471,1511.665,1524.563,1528.394,129.000,4.231,0.420,0.363,0.367,0.357,0.355,1.200,1.300,0.832,0.849,1.300,0.543,0.543,1.300,0.654,0.543,1.200,0.650,0.543,1.300,0.636,0.543,1.300,0.646,0.543
20100729_0732,6.690,123.410,614.000,TA.934A.,27.602,-98.519,126.930,1552.916,1570.257,1575.462,130.000,1.352,0.095,0.055,0.089,0.085,0.090,1.900,-1.200,0.649,-0.634,1.800,0.716,0.716,1.900,0.710,0.716,1.600,0.705,0.716,1.700,0.704,0.716,1.600,0.707,0.716
20100729_0732,6.690,123.410,614.000,TA.W33A.,35.152,-98.469,122.517,1524.884,1539.106,1543.344,131.000,1.380,0.313,0.280,0.290,0.296,0.293,2.100,2.100,0.678,0.628,2.700,0.557,0.557,2.700,0.607,0.557,2.600,0.593,0.557,2.600,0.595,0.557,2.600,0.600,0.557
20100729_0732,6.690,123.410,614.000,TA.439A.,30.794,-94.766,127.665,1557.526,1575.422,1580.802,132.000,2.080,0.446,0.501,0.501,0.497,0.497,0.900,0.700,0.831,0.814,0.000,0.861,0.861,-0.100,0.820,0.861,-0.200,0.819,0.861,-0.300,0.820,0.861,-0.200,0.821,0.861
20100729_0732,6.690,123.410,614.000,TA.TUL1.,35.910,-95.792,123.713,1532.544,1547.577,1552.063,133.000,3.290,0.456,0.393,0.415,0.417,0.418,2.000,2.100,0.879,0.848,1.700,0.804,0.804,1.700,0.833,0.804,1.600,0.830,0.804,1.600,0.834,0.804,1.600,0.836,0.804
20100729_0732,6.690,123.410,614.000,TA.338A.,31.357,-95.311,126.948,1553.033,1570.388,1575.598,134.000,5.508,0.559,0.520,0.522,0.513,0.511,1.300,1.000,0.774,0.739,0.400,0.927,0.927,0.400,0.929,0.927,0.300,0.931,0.927,0.200,0.931,0.927,0.200,0.934,0.927
20100729_0732,6.690,123.410,614.000,TA.X30A.,34.446,-100.874,121.362,1517.439,1530.905,1534.909,135.000,3.929,0.622,0.546,0.543,0.553,0.550,-0.300,0.100,0.920,0.878,-0.600,0.742,0.742,-0.500,0.721,0.742,-0.700,0.723,0.742,-0.600,0.726,0.742,-0.600,0.725,0.742
20100729_0732,6.690,123.410,614.000,TA.Q35A.,38.859,-96.037,121.610,1519.039,1532.665,1536.719,136.000,5.852,0.452,0.493,0.503,0.509,0.506,1.500,1.500,0.815,0.863,1.100,0.904,0.904,1.400,0.924,0.904,1.300,0.925,0.904,1.200,0.921,0.904,1.300,0.922,0.904
20100729_0732,6.690,123.410,614.000,TA.O33A.,40.076,-97.585,119.908,1508.010,1520.555,1524.280,137.000,2.348,0.323,0.318,0.320,0.321,0.320,1.700,1.400,0.611,0.599,2.000,0.821,0.821,2.100,0.837,0.821,2.100,0.829,0.821,2.100,0.826,0.821,2.100,0.830,0.821
20100729_0732,6.690,123.410,614.000,TA.437A.,30.829,-96.139,126.721,1551.605,1568.790,1573.947,138.000,3.219,0.578,0.584,0.594,0.591,0.587,1.100,1.200,0.913,0.963,0.500,0.845,0.845,0.500,0.850,0.845,0.300,0.845,0.845,0.300,0.843,0.845,0.400,0.842,0.845
20100729_0732,6.690,123.410,614.000,TA.237A.,32.001,-95.808,126.214,1548.411,1565.221,1570.260,139.000,3.582,0.608,0.588,0.594,0.590,0.591,1.100,1.300,0.833,0.845,0.600,0.775,0.775,0.600,0.757,0.775,0.400,0.749,0.775,0.400,0.750,0.775,0.400,0.751,0.775
20100729_0732,6.690,123.410,614.000,TA.337A.,31.316,-95.885,126.591,1550.786,1567.874,1573.000,140.000,5.046,0.605,0.570,0.570,0.563,0.565,1.200,4.400,0.895,-0.938,0.200,0.854,0.854,0.200,0.847,0.854,0.000,0.852,0.854,0.000,0.854,0.854,0.000,0.851,0.854
20100729_0732,6.690,123.410,614.000,CX.MNMCX.,-19.131,-69.596,162.260,1754.653,1808.165,1826.280,141.000,2.518,0.456,0.582,0.593,0.603,0.591,1.600,1.600,0.890,0.893,2.200,0.821,0.821,1.000,0.811,0.821,0.800,0.809,0.821,0.500,0.809,0.821,0.900,0.803,0.821
20100729_0732,6.690,123.410,614.000,YZ.PNCB.,9.590,-85.092,147.269,1673.989,1709.873,1721.383,142.000,2.965,0.440,0.503,0.548,0.545,0.532,0.500,0.200,0.811,0.822,-0.600,0.830,0.830,0.500,0.729,0.830,0.100,0.806,0.830,0.000,0.807,0.830,0.000,0.781,0.830
20100729_0732,6.690,123.410,614.000,TA.W37A.,35.138,-95.427,124.444,1537.203,1552.743,1557.387,143.000,2.468,0.427,0.380,0.380,0.368,0.372,1.300,1.400,0.847,0.848,1.000,0.616,0.616,0.800,0.667,0.616,0.700,0.663,0.616,0.700,0.659,0.616,0.700,0.663,0.616
20100729_0732,6.690,123.410,614.000,TA.035A.,26.938,-98.102,127.607,1557.163,1575.014,1580.380,144.000,2.141,0.420,0.471,0.424,0.440,0.430,-0.200,-0.400,0.625,0.673,-0.900,0.912,0.912,-1.000,0.900,0.912,-1.300,0.896,0.912,-1.300,0.899,0.912,-1.300,0.898,0.912
20100729_0732,6.690,123.410,614.000,TA.536A.,30.076,-97.065,126.542,1550.478,1567.530,1572.645,145.000,3.327,0.636,0.586,0.588,0.582,0.581,1.000,1.300,0.874,0.831,0.500,0.837,0.837,0.400,0.826,0.837,0.100,0.829,0.837,0.100,0.833,0.837,0.200,0.833,0.837
20100729_0732,6.690,123.410,614.000,XE.GS15.,-0.809,-91.127,145.056,1661.474,1695.018,1705.695,146.000,0.732,0.199,0.222,0.221,0.222,0.225,1.500,0.900,0.559,0.424,0.300,0.721,0.721,0.600,0.705,0.721,-0.700,0.589,0.721,-0.100,0.622,0.721,0.400,0.694,0.721
20100729_0732,6.690,123.410,614.000,NM.OLIL.,38.734,-88.099,125.989,1546.993,1563.638,1568.626,147.000,2.208,0.346,0.252,0.256,0.273,0.268,1.600,-2.300,0.857,-0.779,-5.000,0.445,0.445,1.800,0.755,0.445,1.700,0.742,0.445,1.400,0.740,0.445,1.400,0.738,0.445
20100729_0732,6.690,123.410,614.000,LD.BRNJ.,40.683,-74.566,129.826,1570.978,1590.548,1596.461,148.000,2.593,0.444,0.479,0.486,0.467,0.460,0.200,0.600,0.902,0.847,-1.400,0.732,0.732,-0.900,0.716,0.732,-0.900,0.721,0.732,-1.300,0.684,0.732,-1.300,0.686,0.732
20100729_0732,6.690,123.410,614.000,TA.334A.,31.333,-98.238,124.984,1540.633,1556.553,1561.316,149.000,5.725,0.569,0.596,0.611,0.611,0.607,0.900,1.100,0.763,0.780,0.600,0.917,0.917,0.600,0.905,0.917,0.400,0.910,0.917,0.400,0.915,0.917,0.400,0.913,0.917
20100729_0732,6.690,123.410,614.000,6D.TBMR.,12.592,-86.852,144.274,1657.014,1689.748,1700.140,150.000,1.120,0.110,0.138,0.132,0.134,0.135,-10.900,0.900,0.413,0.509,0.300,0.775,0.775,-0.300,0.553,0.775,-0.700,0.575,0.775,-0.800,0.589,0.775,-0.800,0.582,0.775
20100729_0732,6.690,123.410,614.000,TA.535A.,30.029,-97.571,126.217,1548.432,1565.244,1570.285,151.000,2.797,0.482,0.505,0.505,0.505,0.505,5.400,5.100,0.594,0.579,5.300,0.682,0.682,5.200,0.651,0.682,5.100,0.638,0.682,5.000,0.641,0.682,5.000,0.640,0.682
20100729_0732,6.690,123.410,614.000,XH.ESP06.01,-31.138,-64.956,154.328,1712.870,1756.661,1771.090,152.000,4.404,0.148,0.291,0.280,0.308,0.298,2.100,2.700,0.734,0.708,2.200,0.901,0.901,2.200,0.854,0.901,2.100,0.862,0.901,1.600,0.891,0.901,1.700,0.887,0.901
20100729_0732,6.690,123.410,614.000,TA.340A.,31.417,-93.890,127.844,1558.643,1576.675,1582.098,153.000,9.218,0.391,0.422,0.456,0.465,0.451,1.700,-1.600,0.781,-0.798,1.700,0.646,0.646,-5.800,0.633,0.646,-6.100,0.630,0.646,-6.200,0.628,0.646,-6.100,0.631,0.646
20100729_0732,6.690,123.410,614.000,TA.T36A.,37.061,-95.879,122.902,1527.354,1541.835,1546.151,154.000,2.085,0.352,0.356,0.376,0.383,0.374,1.700,1.800,0.603,0.599,1.600,0.642,0.642,1.800,0.735,0.642,1.700,0.730,0.642,1.700,0.728,0.642,1.700,0.733,0.642
20100729_0732,6.690,123.410,614.000,TA.W31A.,35.186,-99.943,121.540,1518.587,1532.168,1536.208,155.000,3.511,0.467,0.423,0.439,0.442,0.437,1.300,1.200,0.897,0.872,1.000,0.796,0.796,1.200,0.805,0.796,1.000,0.791,0.796,0.900,0.782,0.796,1.000,0.792,0.796
20100729_0732,6.690,123.410,614.000,TA.R33A.,38.308,-97.984,120.826,1513.968,1527.090,1530.990,156.000,2.413,0.467,0.428,0.434,0.435,0.439,0.900,1.000,0.939,0.943,0.800,0.679,0.679,1.000,0.680,0.679,0.900,0.673,0.679,1.000,0.677,0.679,0.900,0.677,0.679
20100729_0732,6.690,123.410,614.000,TA.Z36A.,33.270,-96.434,125.006,1540.774,1556.710,1561.478,157.000,2.844,0.322,0.230,0.238,0.226,0.230,2.400,2.300,0.699,0.684,2.400,0.819,0.819,2.300,0.776,0.819,2.100,0.772,0.819,2.200,0.776,0.819,2.200,0.777,0.819
20100729_0732,6.690,123.410,614.000,AI.JUBA.,-62.237,-58.663,124.432,1537.125,1552.656,1557.297,158.000,2.177,0.121,0.120,0.126,0.133,0.131,-5.600,-5.000,0.424,0.652,-5.600,0.646,0.646,-5.400,0.652,0.646,-5.500,0.650,0.646,-5.600,0.650,0.646,-5.500,0.651,0.646
20100729_0732,6.690,123.410,614.000,PR.AGPR.,18.467,-67.111,152.786,1704.520,1746.521,1760.278,159.000,0.900,0.030,0.162,0.155,0.143,0.145,2.700,2.900,0.595,0.627,0.900,0.646,0.646,-0.400,0.499,0.646,-0.300,0.496,0.646,-0.400,0.479,0.646,-0.400,0.481,0.646
20100729_0732,6.690,123.410,614.000,YZ.HATI.,10.292,-85.710,146.395,1669.067,1704.021,1715.198,160.000,2.670,0.442,0.400,0.389,0.387,0.395,-0.600,-0.500,0.844,0.809,-1.400,0.804,0.804,-0.700,0.801,0.804,-1.700,0.715,0.804,-1.800,0.731,0.804,-1.500,0.757,0.804
20100729_0732,6.690,123.410,614.000,YZ.SARO.,10.843,-85.616,146.204,1667.987,1702.739,1713.843,161.000,2.069,0.266,0.295,0.329,0.336,0.331,-5.800,2.400,0.668,0.460,1.400,0.758,0.758,2.000,0.685,0.758,1.100,0.598,0.758,1.000,0.614,0.758,1.200,0.638,0.758
20100729_0732,6.690,123.410,614.000,Z9.W15A.,32.138,-83.898,133.259,1592.043,1614.421,1621.263,162.000,3.127,0.376,0.399,0.390,0.386,0.383,1.700,1.400,0.779,0.714,1.500,0.626,0.626,1.200,0.598,0.626,0.900,0.553,0.626,0.400,0.541,0.626,0.400,0.540,0.626
20100729_0732,6.690,123.410,614.000,BR.AGBLB.,-9.039,-37.045,160.500,1745.563,1796.840,1814.101,163.000,5.803,0.410,0.419,0.416,0.419,0.421,0.000,0.000,0.888,0.870,-0.500,0.476,0.476,-0.200,0.584,0.476,-0.700,0.655,0.476,-0.600,0.627,0.476,-0.300,0.602,0.476
20100729_0732,6.690,123.410,614.000,TA.X29A.,34.445,-101.701,120.807,1513.843,1526.953,1530.849,164.000,6.862,0.566,0.598,0.599,0.603,0.607,-0.500,-0.200,0.892,0.880,-0.700,0.683,0.683,-0.600,0.712,0.683,-0.600,0.728,0.683,-0.600,0.727,0.683,-0.500,0.732,0.683
20100729_0732,6.690,123.410,614.000,IU.HRV.10,42.506,-71.558,128.949,1565.531,1584.414,1590.107,165.000,4.082,0.152,0.181,0.177,0.149,0.154,-0.100,0.000,0.912,0.941,2.200,0.741,0.741,-5.100,0.602,0.741,-5.100,0.601,0.741,-5.100,0.596,0.741,-5.100,0.596,0.741
20100729_0732,6.690,123.410,614.000,CX.HMBCX.,-20.278,-69.888,161.268,1749.540,1801.787,1819.417,166.000,3.579,0.379,0.302,0.327,0.338,0.319,3.900,4.100,0.761,0.704,4.100,0.877,0.877,4.300,0.859,0.877,4.100,0.859,0.877,4.000,0.865,0.877,4.100,0.861,0.877
20100729_0732,6.690,123.410,614.000,Z9.W23.,32.523,-83.886,132.965,1590.251,1612.381,1619.138,167.000,3.127,0.488,0.411,0.404,0.397,0.393,2.500,-4.900,0.488,-0.285,-9.900,0.523,0.523,-0.100,0.775,0.523,-0.100,0.763,0.523,-0.100,0.752,0.523,-0.100,0.756,0.523
20100729_0732,6.690,123.410,614.000,TA.335A.,31.282,-97.427,125.569,1544.344,1560.684,1565.578,168.000,3.484,0.574,0.569,0.578,0.585,0.582,0.500,0.700,0.787,0.794,0.300,0.855,0.855,0.200,0.821,0.855,0.000,0.820,0.855,0.100,0.827,0.855,0.000,0.825,0.855
20100729_0732,6.690,123.410,614.000,TA.S36A.,37.724,-95.592,122.630,1525.606,1539.904,1544.165,169.000,4.292,0.418,0.429,0.439,0.439,0.443,2.000,1.900,0.667,0.663,1.700,0.658,0.658,2.100,0.764,0.658,2.000,0.758,0.658,2.000,0.754,0.658,2.000,0.754,0.658
20100729_0732,6.690,123.410,614.000,XH.ESP09.01,-31.909,-64.658,153.681,1709.375,1752.411,1766.555,170.000,3.880,0.244,0.400,0.393,0.381,0.395,1.500,1.300,0.831,0.775,0.700,0.943,0.943,0.700,0.917,0.943,0.500,0.917,0.943,0.200,0.923,0.943,0.100,0.923,0.943
20100729_0732,6.690,123.410,614.000,LD.PANJ.,40.377,-74.703,130.065,1572.452,1592.211,1598.185,171.000,0.855,0.170,0.175,0.180,0.175,0.177,0.500,-2.800,0.667,-0.638,-1.100,0.509,0.509,-0.700,0.469,0.509,-0.800,0.484,0.509,-1.100,0.457,0.509,-1.100,0.463,0.509
20100729_0732,6.690,123.410,614.000,XE.GS10.,-0.837,-91.091,145.096,1661.703,1695.289,1705.981,172.000,1.690,0.146,0.131,0.184,0.158,0.135,4.600,4.500,0.491,0.719,2.300,0.560,0.560,2.400,0.554,0.560,2.000,0.578,0.560,2.200,0.582,0.560,2.400,0.561,0.560
20100729_0732,6.690,123.410,614.000,TA.Z37A.,33.198,-95.623,125.576,1544.387,1560.733,1565.628,173.000,1.643,0.405,0.402,0.425,0.437,0.436,1.400,1.300,0.904,0.870,1.100,0.864,0.864,1.100,0.848,0.864,0.900,0.843,0.864,0.900,0.846,0.864,0.800,0.847,0.864
20100729_0732,6.690,123.410,614.000,6D.TBTN.,12.606,-86.835,144.281,1657.053,1689.794,1700.188,174.000,1.235,-0.058,-0.009,-0.024,-0.025,-0.020,-7.900,3.000,0.451,-0.971,-7.800,0.374,0.374,-8.500,0.409,0.374,-8.900,0.351,0.374,-9.000,0.355,0.374,-8.900,0.355,0.374
20100729_0732,6.690,123.410,614.000,AI.ESPZ.,-63.398,-56.996,123.291,1529.845,1544.589,1548.987,175.000,0.783,0.088,0.093,0.100,0.114,0.106,5.100,2.000,0.755,-0.897,4.700,0.587,0.587,4.900,0.552,0.587,4.800,0.556,0.587,4.800,0.558,0.587,4.700,0.557,0.587
20100729_0732,6.690,123.410,614.000,US.HDIL.,40.556,-89.294,124.002,1534.391,1549.623,1554.171,176.000,3.235,0.205,0.401,0.402,0.396,0.402,1.800,-1.400,0.878,-0.745,-5.000,0.778,0.778,-4.800,0.544,0.778,-4.900,0.563,0.778,-5.100,0.628,0.778,-5.200,0.616,0.778
20100729_0732,6.690,123.410,614.000,TA.Y37A.,33.979,-95.621,125.076,1541.220,1557.206,1561.989,177.000,3.274,0.369,0.343,0.364,0.363,0.365,2.200,2.200,0.805,0.703,2.100,0.788,0.788,2.100,0.769,0.788,1.800,0.770,0.788,1.900,0.771,0.788,1.800,0.772,0.788
20100729_0732,6.690,123.410,614.000,NU.MGAN.,12.149,-86.248,145.008,1661.198,1694.692,1705.351,178.000,0.361,0.047,0.019,0.027,0.028,0.025,2.300,3.600,0.643,0.532,2.900,0.657,0.657,2.800,0.763,0.657,2.100,0.781,0.657,2.100,0.766,0.657,2.100,0.779,0.657
20100729_0732,6.690,123.410,614.000,TA.Q33A.,38.998,-97.833,120.469,1511.656,1524.552,1528.383,179.000,2.998,0.508,0.427,0.432,0.438,0.441,1.200,1.300,0.707,0.722,1.000,0.655,0.655,1.400,0.675,0.655,1.300,0.667,0.655,1.300,0.665,0.655,1.300,0.662,0.655
20100729_0732,6.690,123.410,614.000,NM.SIUC.,37.715,-89.217,126.188,1548.247,1565.037,1570.071,180.000,9.717,0.094,0.500,0.496,0.480,0.483,1.200,2.100,0.621,0.559,-4.400,0.480,0.480,0.500,0.589,0.480,0.300,0.618,0.480,0.200,0.670,0.480,0.200,0.660,0.480
20100729_0732,6.690,123.410,614.000,PR.MPR.,18.212,-67.140,153.010,1705.737,1747.996,1761.849,181.000,0.773,0.186,0.237,0.237,0.237,0.236,1.900,-3.800,0.690,0.441,-5.900,0.499,0.499,-6.300,0.503,0.499,-6.300,0.502,0.499,-6.200,0.498,0.499,-6.200,0.499,0.499
20100729_0732,6.690,123.410,614.000,IU.HKT.00,29.962,-95.838,127.457,1556.224,1573.961,1579.291,182.000,0.347,0.020,-0.044,-0.046,-0.047,-0.047,9.300,-4.000,0.641,-0.996,-8.900,0.454,0.454,-8.900,0.465,0.454,-9.200,0.465,0.454,-9.200,0.465,0.454,-9.200,0.464,0.454
20100729_0732,6.690,123.410,614.000,TA.034A.,27.065,-98.683,127.106,1554.022,1571.495,1576.741,183.000,3.232,0.298,0.308,0.326,0.320,0.322,2.900,2.900,0.709,0.756,2.400,0.831,0.831,2.400,0.830,0.831,2.100,0.828,0.831,2.200,0.828,0.831,2.200,0.829,0.831
20100729_0732,6.690,123.410,614.000,TA.U36A.,36.393,-95.732,123.432,1530.746,1545.586,1550.013,184.000,2.498,0.419,0.406,0.417,0.419,0.419,1.200,1.400,0.713,0.742,1.000,0.534,0.534,0.900,0.639,0.534,0.900,0.639,0.534,0.900,0.634,0.534,0.900,0.637,0.534
20100729_0732,6.690,123.410,614.000,XH.ESP11.01,-32.419,-65.717,152.904,1705.161,1747.298,1761.105,185.000,1.682,0.220,0.353,0.344,0.320,0.331,5.900,-3.300,0.460,-0.275,5.000,0.490,0.490,5.300,0.601,0.490,5.200,0.599,0.490,4.900,0.577,0.490,4.900,0.581,0.490
20100729_0732,6.690,123.410,614.000,NM.UALR.,34.775,-92.343,126.557,1550.571,1567.634,1572.753,186.000,2.529,0.596,0.597,0.593,0.591,0.596,0.600,0.800,0.847,0.842,-0.100,0.899,0.899,-0.100,0.914,0.899,-0.300,0.915,0.899,-0.400,0.917,0.899,-0.300,0.915,0.899
20100729_0732,6.690,123.410,614.000,IU.PMSA.00,-64.774,-64.049,121.674,1519.453,1533.120,1537.187,187.000,0.833,0.123,0.122,0.116,0.109,0.108,-1.000,-4.700,0.901,-0.875,-9.000,0.515,0.515,-8.800,0.507,0.515,-8.900,0.501,0.515,-8.900,0.484,0.515,-8.900,0.485,0.515
20100729_0732,6.690,123.410,614.000,TA.430A.,30.787,-101.236,123.190,1529.195,1543.870,1548.246,188.000,3.720,0.617,0.525,0.523,0.531,0.526,0.000,0.200,0.774,0.744,-0.600,0.603,0.603,-0.600,0.593,0.603,-0.800,0.580,0.603,-0.700,0.578,0.603,-0.700,0.577,0.603
20100729_0732,6.690,123.410,614.000,TA.R36A.,38.324,-95.504,122.278,1523.345,1537.409,1541.597,189.000,3.562,0.444,0.358,0.364,0.368,0.371,1.700,1.500,0.828,0.830,1.400,0.875,0.875,1.700,0.801,0.875,1.600,0.806,0.875,1.600,0.812,0.875,1.600,0.812,0.875
20100729_0732,6.690,123.410,614.000,NM.BLO.,39.172,-86.522,126.419,1549.706,1566.667,1571.754,190.000,2.517,0.217,0.391,0.388,0.049,0.384,2.100,2.700,0.824,0.809,8.100,0.521,0.521,8.500,0.698,0.521,8.400,0.671,0.521,9.800,0.734,0.521,8.400,0.618,0.521
20100729_0732,6.690,123.410,614.000,TA.Z32A.,33.307,-99.478,122.970,1527.786,1542.312,1546.642,191.000,1.085,0.180,0.159,0.164,0.168,0.167,0.500,0.600,0.610,0.690,0.500,0.763,0.763,0.500,0.798,0.763,0.400,0.792,0.763,0.400,0.791,0.763,0.400,0.797,0.763
20100729_0732,6.690,123.410,614.000,TA.V34A.,35.834,-97.518,122.694,1526.016,1540.357,1544.630,192.000,1.892,0.378,0.405,0.427,0.430,0.430,1.100,1.400,0.793,0.778,1.000,0.671,0.671,1.200,0.702,0.671,1.000,0.688,0.671,1.100,0.693,0.671,1.100,0.698,0.671
20100729_0732,6.690,123.410,614.000,US.AAM.,42.301,-83.657,125.150,1541.689,1557.728,1562.527,193.000,4.233,0.194,0.280,0.278,0.274,0.275,1.200,1.500,0.844,0.824,6.600,0.804,0.804,7.700,0.452,0.804,7.700,0.456,0.804,7.700,0.471,0.804,7.700,0.471,0.804
20100729_0732,6.690,123.410,614.000,TA.X31A.,34.631,-99.979,121.849,1520.578,1534.360,1538.461,194.000,3.327,0.582,0.496,0.498,0.502,0.498,0.600,0.700,0.896,0.920,0.200,0.574,0.574,0.200,0.611,0.574,-0.200,0.610,0.574,0.000,0.600,0.574,0.000,0.599,0.574
20100729_0732,6.690,123.410,614.000,TA.X36A.,34.570,-96.352,124.233,1535.862,1551.254,1555.853,195.000,2.071,0.253,0.299,0.312,0.310,0.307,2.800,2.700,0.736,0.567,2.400,0.846,0.846,2.200,0.838,0.846,2.100,0.837,0.846,2.100,0.842,0.846,2.100,0.843,0.846
20100729_0732,6.690,123.410,614.000,II.RPN.10,-27.127,-109.334,126.032,1547.263,1563.939,1568.937,196.000,1.278,0.111,0.113,0.127,0.122,0.113,-7.100,-4.300,0.594,-0.689,-8.100,0.496,0.496,-8.400,0.485,0.496,-8.900,0.486,0.496,-8.600,0.485,0.496,-8.400,0.486,0.496
20100729_0732,6.690,123.410,614.000,Z9.W11.,31.959,-83.908,133.394,1592.860,1615.353,1622.233,197.000,2.650,0.177,0.340,0.348,0.356,0.356,2.300,2.100,0.626,0.649,1.800,0.626,0.626,1.600,0.737,0.626,1.500,0.701,0.626,1.000,0.679,0.626,1.100,0.679,0.626
20100729_0732,6.690,123.410,614.000,NU.BOAB.,12.449,-85.666,145.336,1663.066,1696.903,1707.683,198.000,4.864,0.035,0.049,0.041,0.041,0.041,-5.500,-4.400,0.647,0.810,-5.700,0.548,0.548,-5.500,0.479,0.548,-6.100,0.510,0.548,-6.300,0.518,0.548,-6.200,0.520,0.548
20100729_0732,6.690,123.410,614.000,6D.TBHS.,12.618,-86.856,144.257,1656.918,1689.634,1700.020,199.000,0.861,0.158,0.103,0.109,0.110,0.109,1.000,1.900,0.953,0.975,1.100,0.382,0.382,0.300,0.522,0.382,-0.100,0.455,0.382,-0.100,0.447,0.382,-0.100,0.453,0.382
20100729_0732,6.690,123.410,614.000,TA.T33A.,37.082,-98.244,121.451,1518.010,1531.533,1535.555,200.000,3.057,0.524,0.489,0.505,0.502,0.504,1.200,1.600,0.826,0.826,0.800,0.706,0.706,1.000,0.714,0.706,0.900,0.724,0.706,0.900,0.720,0.706,0.900,0.726,0.706
20100729_0732,6.690,123.410,614.000,IU.HRV.00,42.506,-71.558,128.949,1565.531,1584.414,1590.107,201.000,3.991,0.147,0.166,0.163,0.134,0.140,-0.100,0.000,0.914,0.943,2.200,0.716,0.716,-5.100,0.591,0.716,-5.100,0.589,0.716,-5.100,0.583,0.716,-5.100,0.583,0.716
20100729_0732,6.690,123.410,614.000,CX.PB02.,-21.320,-69.896,160.517,1745.649,1796.947,1814.215,202.000,3.666,0.406,0.403,0.419,0.441,0.414,1.900,2.400,0.839,0.875,2.100,0.801,0.801,2.400,0.864,0.801,2.200,0.857,0.801,1.900,0.862,0.801,2.200,0.857,0.801
20100729_0732,6.690,123.410,614.000,TA.433A.,30.754,-99.091,124.729,1539.016,1554.756,1559.462,203.000,3.876,0.716,0.730,0.728,0.723,0.724,0.600,0.600,0.825,0.859,0.100,0.956,0.956,0.100,0.941,0.956,-0.100,0.942,0.956,-0.100,0.946,0.956,-0.100,0.946,0.956
20100729_0732,6.690,123.410,614.000,TA.P33A.,39.436,-97.695,120.265,1510.326,1523.094,1526.886,204.000,1.850,0.440,0.396,0.396,0.401,0.399,0.400,0.700,0.703,0.720,1.200,0.371,0.371,1.200,0.462,0.371,1.200,0.442,0.371,1.200,0.453,0.371,1.200,0.441,0.371
20100729_0732,6.690,123.410,614.000,X4.GC15.,29.858,-97.932,126.065,1547.471,1564.171,1569.177,205.000,1.575,0.354,0.374,0.369,0.368,0.369,6.200,0.400,0.385,-0.193,5.800,0.681,0.681,5.800,0.647,0.681,5.600,0.635,0.681,5.600,0.640,0.681,5.600,0.641,0.681
20100729_0732,6.690,123.410,614.000,CX.PB13.,-18.336,-69.502,162.858,1757.722,1812.001,1830.412,206.000,3.327,0.164,0.348,0.324,0.314,0.340,-0.300,-4.500,0.755,-0.707,5.900,0.535,0.535,5.000,0.479,0.535,4.600,0.556,0.535,4.500,0.586,0.535,4.800,0.510,0.535
20100729_0732,6.690,123.410,614.000,NA.SEUS.,17.493,-62.981,155.006,1716.523,1761.109,1775.839,207.000,1.318,0.327,0.282,0.288,0.303,0.301,9.400,5.200,0.198,-0.641,-0.800,0.628,0.628,-1.100,0.697,0.628,-0.900,0.691,0.628,-0.700,0.658,0.628,-0.700,0.661,0.628
20100729_0732,6.690,123.410,614.000,X4.GC04.,28.636,-96.875,127.527,1556.664,1574.455,1579.801,208.000,3.169,0.236,0.228,0.218,0.221,0.220,-0.100,-1.200,0.658,0.759,-0.600,0.382,0.382,-0.700,0.398,0.382,-1.000,0.389,0.382,-1.000,0.387,0.382,-1.000,0.389,0.382
20100729_0732,6.690,123.410,614.000,X4.GC24.,28.830,-97.011,127.317,1555.347,1572.979,1578.275,209.000,1.467,0.407,0.376,0.364,0.368,0.363,-0.500,-0.500,0.691,0.651,-1.100,0.875,0.875,-1.100,0.882,0.875,-1.300,0.886,0.875,-1.300,0.885,0.875,-1.300,0.884,0.875
20100729_0732,6.690,123.410,614.000,TA.936A.,27.421,-97.309,127.918,1559.106,1577.195,1582.635,210.000,1.382,0.219,0.140,0.139,0.137,0.139,-3.500,-3.600,0.785,0.397,-4.300,0.738,0.738,-4.600,0.757,0.738,-4.800,0.759,0.738,-4.900,0.763,0.738,-4.800,0.762,0.738
20100729_0732,6.690,123.410,614.000,TA.R31A.,38.289,-99.527,119.903,1507.972,1520.514,1524.237,211.000,2.451,0.529,0.463,0.473,0.482,0.482,-6.600,-2.800,0.653,-0.568,0.000,0.444,0.444,5.500,0.416,0.444,5.500,0.410,0.444,5.500,0.426,0.444,5.600,0.420,0.444
20100729_0732,6.690,123.410,614.000,CN.VLDQ.,48.190,-77.757,122.047,1521.857,1535.769,1539.910,212.000,2.993,0.230,0.198,0.216,0.233,0.226,-0.800,-0.500,0.867,0.848,0.400,0.793,0.793,0.800,0.842,0.793,0.700,0.846,0.793,0.700,0.836,0.793,0.700,0.838,0.793
20100729_0732,6.690,123.410,614.000,TA.Q34A.,38.921,-96.941,121.044,1515.376,1528.638,1532.580,213.000,4.334,0.353,0.372,0.379,0.381,0.380,-3.800,1.400,0.712,0.782,1.300,0.745,0.745,1.500,0.729,0.745,1.300,0.723,0.745,1.400,0.730,0.745,1.400,0.730,0.745
20100729_0732,6.690,123.410,614.000,II.SACV.00,14.970,-23.608,140.784,1636.853,1666.093,1675.268,214.000,0.354,0.015,0.087,0.080,0.079,0.082,1.300,3.900,0.641,-0.129,11.900,0.290,0.290,-1.800,0.466,0.290,-2.100,0.464,0.290,-2.100,0.491,0.290,-2.100,0.475,0.290
20100729_0732,6.690,123.410,614.000,US.CNNC.,35.239,-77.890,133.516,1593.603,1616.200,1623.114,215.000,1.024,-0.019,0.030,0.028,0.024,0.025,4.900,2.100,0.519,0.464,-1.000,0.472,0.472,0.700,0.355,0.472,0.800,0.364,0.472,0.800,0.385,0.472,0.900,0.384,0.472
20100729_0732,6.690,123.410,614.000,XE.GS13.,-0.778,-91.092,145.085,1661.638,1695.212,1705.900,216.000,0.348,0.013,0.010,0.007,0.008,0.010,-0.100,4.100,0.842,0.988,3.400,0.096,0.096,3.600,0.089,0.096,3.200,0.099,0.096,3.400,0.097,0.096,3.500,0.092,0.096
20100729_0732,6.690,123.410,614.000,TA.540A.,30.209,-93.980,128.560,1563.110,1581.692,1587.288,217.000,1.506,0.377,0.321,0.338,0.346,0.345,1.800,1.600,0.697,0.615,0.900,0.873,0.873,0.900,0.881,0.873,0.700,0.868,0.873,0.600,0.864,0.873,0.600,0.865,0.873
20100729_0732,6.690,123.410,614.000,NE.PQI.,46.670,-68.013,125.682,1545.054,1561.476,1566.394,218.000,1.082,0.081,0.069,0.069,0.069,0.068,2.800,-4.700,0.612,-0.883,2.000,0.522,0.522,2.200,0.558,0.522,2.100,0.549,0.522,1.900,0.521,0.522,1.900,0.522,0.522
20100729_0732,6.690,123.410,614.000,TA.231A.,31.935,-100.316,123.194,1529.223,1543.901,1548.278,219.000,4.136,0.556,0.483,0.495,0.506,0.501,0.000,0.200,0.546,0.502,0.300,0.456,0.456,0.300,0.499,0.456,0.200,0.491,0.456,0.200,0.500,0.456,0.200,0.499,0.456
20100729_0732,6.690,123.410,614.000,US.KVTX.,27.546,-97.893,127.421,1555.995,1573.705,1579.026,220.000,1.272,0.258,0.280,0.254,0.243,0.247,-0.100,0.800,0.473,0.363,5.700,0.480,0.480,5.600,0.472,0.480,5.300,0.458,0.480,5.300,0.458,0.480,5.300,0.459,0.480
20100729_0732,6.690,123.410,614.000,TA.Z31A.,33.318,-100.144,122.513,1524.856,1539.076,1543.312,221.000,7.637,0.668,0.571,0.572,0.572,0.568,0.200,0.500,0.920,0.911,-0.200,0.794,0.794,-0.200,0.772,0.794,-0.300,0.769,0.794,-0.300,0.762,0.794,-0.400,0.762,0.794
20100729_0732,6.690,123.410,614.000,TA.Q32A.,38.991,-98.560,120.043,1508.884,1521.513,1525.263,222.000,2.724,0.409,0.388,0.406,0.419,0.417,1.400,1.500,0.778,0.791,1.100,0.636,0.636,1.500,0.609,0.636,1.400,0.607,0.636,1.300,0.600,0.636,1.400,0.606,0.636
20100729_0732,6.690,123.410,614.000,US.MIAR.,34.545,-93.576,125.972,1546.889,1563.522,1568.506,223.000,1.394,0.392,0.408,0.419,0.423,0.422,1.400,1.300,0.635,0.602,0.800,0.788,0.788,0.600,0.751,0.788,0.500,0.764,0.788,0.500,0.771,0.788,0.500,0.770,0.788
20100729_0732,6.690,123.410,614.000,TA.W35A.,35.153,-96.874,123.531,1531.383,1546.291,1550.739,224.000,2.540,0.382,0.289,0.275,0.270,0.269,-5.400,2.700,0.685,-0.716,-5.600,0.510,0.510,-5.700,0.541,0.510,-5.800,0.534,0.510,-5.800,0.545,0.510,-5.800,0.546,0.510
20100729_0732,6.690,123.410,614.000,CN.GAC.,45.703,-75.478,124.952,1540.432,1556.330,1561.086,225.000,2.498,0.334,0.327,0.330,0.338,0.337,0.400,-3.600,0.598,-0.257,-0.100,0.384,0.384,0.000,0.298,0.384,-0.100,0.330,0.384,-0.100,0.401,0.384,-0.100,0.391,0.384
20100729_0732,6.690,123.410,614.000,TA.Y29A.,33.860,-101.671,121.161,1516.138,1529.474,1533.439,226.000,4.754,0.711,0.700,0.709,0.716,0.717,0.200,0.400,0.756,0.782,-0.100,0.871,0.871,-0.100,0.857,0.871,-0.100,0.873,0.871,-0.100,0.878,0.871,-0.100,0.877,0.871
20100729_0732,6.690,123.410,614.000,TA.234A.,32.004,-98.137,124.653,1538.531,1554.217,1558.907,227.000,5.822,0.721,0.671,0.680,0.682,0.682,0.900,1.100,0.901,0.949,0.400,0.953,0.953,0.500,0.941,0.953,0.300,0.945,0.953,0.300,0.948,0.953,0.300,0.949,0.953
20100729_0732,6.690,123.410,614.000,TA.636A.,29.481,-97.057,126.901,1552.735,1570.054,1575.253,228.000,4.154,0.664,0.605,0.601,0.588,0.592,0.600,0.600,0.984,0.976,0.100,0.962,0.962,0.000,0.950,0.962,-0.100,0.947,0.962,-0.200,0.947,0.962,-0.100,0.948,0.962
20100729_0732,6.690,123.410,614.000,TA.133A.,32.608,-98.916,123.764,1532.866,1547.933,1552.430,229.000,5.884,0.680,0.671,0.673,0.675,0.672,0.700,0.800,0.919,0.916,0.200,0.878,0.878,0.300,0.905,0.878,0.100,0.900,0.878,0.200,0.905,0.878,0.200,0.904,0.878
20100729_0732,6.690,123.410,614.000,NM.MGMO.,37.154,-92.269,124.935,1540.324,1556.210,1560.962,230.000,2.151,0.447,0.554,0.558,0.571,0.574,0.600,0.900,0.674,0.615,0.400,0.615,0.615,0.400,0.540,0.615,0.200,0.547,0.615,0.200,0.557,0.615,0.200,0.551,0.615
20100729_0732,6.690,123.410,614.000,PE.UPAO.,40.483,-80.021,128.134,1560.455,1578.709,1584.202,231.000,2.336,0.357,0.164,0.166,0.158,0.157,-5.600,1.800,0.655,0.462,8.200,0.371,0.371,8.400,0.403,0.371,8.100,0.397,0.371,7.600,0.412,0.371,7.700,0.408,0.371
20100729_0732,6.690,123.410,614.000,II.SACV.10,14.970,-23.608,140.784,1636.853,1666.093,1675.268,232.000,2.403,0.379,0.254,0.287,0.281,0.279,1.000,1.100,0.792,0.856,3.900,0.715,0.715,1.000,0.413,0.715,0.300,0.462,0.715,0.400,0.469,0.715,0.400,0.448,0.715
20100729_0732,6.690,123.410,614.000,XH.ESP10.01,-32.152,-64.999,153.359,1707.631,1750.293,1764.297,233.000,3.142,0.401,0.391,0.390,0.393,0.398,1.700,-3.000,0.750,-0.110,-3.300,0.516,0.516,-3.400,0.616,0.516,-3.500,0.619,0.516,-3.800,0.618,0.516,-3.800,0.618,0.516
20100729_0732,6.690,123.410,614.000,TA.X37A.,34.589,-95.371,124.837,1539.704,1555.521,1560.251,234.000,2.193,0.376,0.420,0.418,0.405,0.410,-0.700,-4.000,0.414,-0.755,1.800,0.474,0.474,1.200,0.480,0.474,1.200,0.484,0.474,1.200,0.484,0.474,1.200,0.485,0.474
20100729_0732,6.690,123.410,614.000,TR.SVB.,13.272,-61.252,159.508,1740.390,1790.426,1807.215,235.000,1.207,0.186,0.017,0.014,0.019,0.021,3.300,4.000,0.507,0.478,3.400,0.665,0.665,-3.700,0.713,0.665,-3.700,0.704,0.665,3.100,0.672,0.665,-3.700,0.667,0.665
20100729_0732,6.690,123.410,614.000,XE.GS02.,-0.743,-90.800,145.366,1663.234,1697.103,1707.894,236.000,3.148,0.307,0.291,0.387,0.348,0.296,2.100,-3.800,0.682,0.684,1.900,0.500,0.500,2.100,0.486,0.500,-5.500,0.320,0.500,1.600,0.375,0.500,2.100,0.471,0.500
20100729_0732,6.690,123.410,614.000,NA.SMRT.,18.050,-63.075,154.445,1713.503,1757.431,1771.913,237.000,1.563,0.014,0.022,0.020,0.019,0.019,-1.800,5.100,0.835,-0.764,-6.100,0.455,0.455,-6.200,0.422,0.455,-6.100,0.421,0.455,-6.200,0.463,0.455,-6.100,0.455,0.455
20100729_0732,6.690,123.410,614.000,G.HDC.00,10.002,-84.111,147.906,1677.568,1714.136,1725.893,238.000,2.879,0.493,0.321,0.296,0.305,0.316,0.700,0.900,0.817,0.833,-0.300,0.856,0.856,0.000,0.926,0.856,-0.100,0.912,0.856,0.000,0.912,0.856,-0.100,0.917,0.856
20100729_0732,6.690,123.410,614.000,TA.035Z.,26.463,-98.068,127.896,1558.967,1577.039,1582.473,239.000,2.044,0.376,0.363,0.345,0.338,0.341,-4.100,-4.300,0.604,0.589,5.600,0.300,0.300,-1.400,0.292,0.300,5.000,0.288,0.300,5.100,0.292,0.300,5.000,0.290,0.300
20100729_0732,6.690,123.410,614.000,GT.LPAZ.00,-16.288,-68.131,165.179,1769.531,1826.821,1846.406,240.000,13.267,0.604,0.627,0.627,0.627,0.630,0.600,0.800,0.834,0.829,0.900,0.854,0.854,-0.100,0.771,0.854,-0.100,0.807,0.854,-0.100,0.813,0.854,-0.100,0.786,0.854
20100729_0732,6.690,123.410,614.000,IM.TKL.,35.658,-83.774,130.536,1575.366,1595.501,1601.599,241.000,3.575,0.134,0.247,0.201,0.205,0.206,0.700,0.800,0.615,0.539,4.800,0.569,0.569,1.700,0.435,0.569,-4.400,0.573,0.569,-4.700,0.585,0.569,-4.700,0.583,0.569
20100729_0732,6.690,123.410,614.000,TA.238A.,32.003,-95.120,126.665,1551.250,1568.393,1573.537,242.000,7.860,0.547,0.559,0.574,0.576,0.572,1.500,1.700,0.942,0.940,1.000,0.901,0.901,1.000,0.890,0.901,0.800,0.887,0.901,0.700,0.888,0.901,0.700,0.890,0.901
20100729_0732,6.690,123.410,614.000,TA.U38A.,36.439,-94.386,124.207,1535.693,1551.066,1555.659,243.000,4.039,0.316,0.441,0.452,0.443,0.448,2.100,2.000,0.639,0.669,1.800,0.792,0.792,1.600,0.812,0.792,1.500,0.812,0.792,1.500,0.812,0.792,1.500,0.813,0.792
20100729_0732,6.690,123.410,614.000,TA.R35A.,38.323,-96.199,121.874,1520.743,1534.541,1538.648,244.000,1.705,0.402,0.382,0.391,0.402,0.397,1.400,1.600,0.905,0.954,1.100,0.916,0.916,1.400,0.926,0.916,1.300,0.927,0.916,1.200,0.927,0.916,1.300,0.927,0.916
20100729_0732,6.690,123.410,614.000,TA.129A.,32.631,-101.866,121.720,1519.748,1533.445,1537.521,245.000,2.430,0.661,0.624,0.619,0.625,0.625,0.100,0.300,0.810,0.809,-0.100,0.827,0.827,-0.200,0.813,0.827,-0.400,0.810,0.827,-0.300,0.822,0.827,-0.300,0.818,0.827
20100729_0732,6.690,123.410,614.000,TA.W34A.,35.235,-97.773,122.910,1527.405,1541.891,1546.209,246.000,2.728,0.305,0.265,0.268,0.273,0.273,7.100,-4.600,0.477,-0.703,7.400,0.327,0.327,7.600,0.295,0.327,7.400,0.300,0.327,7.400,0.313,0.327,7.400,0.309,0.327
20100729_0732,6.690,123.410,614.000,CX.PB06.,-22.706,-69.572,159.680,1741.290,1791.540,1808.409,247.000,3.554,0.309,0.420,0.434,0.445,0.433,3.000,3.200,0.565,0.674,3.000,0.695,0.695,2.700,0.736,0.695,2.500,0.727,0.695,2.200,0.715,0.695,2.400,0.724,0.695
20100729_0732,6.690,123.410,614.000,C.PEL1.,-33.144,-70.675,150.493,1691.954,1731.359,1744.152,248.000,3.058,0.477,0.460,0.468,0.473,0.472,0.000,-0.100,0.626,0.640,-0.400,0.611,0.611,-7.400,0.441,0.611,-0.500,0.452,0.611,-0.800,0.506,0.611,-0.800,0.502,0.611
20100729_0732,6.690,123.410,614.000,IM.TX31.,29.334,-103.668,122.179,1522.708,1536.707,1540.875,249.000,1.681,0.443,0.512,0.483,0.474,0.476,0.100,0.300,0.697,0.672,-0.200,0.541,0.541,-0.400,0.516,0.541,-0.500,0.530,0.541,-0.500,0.528,0.541,-0.400,0.525,0.541
20100729_0732,6.690,123.410,614.000,US.NCB.,43.971,-74.224,126.893,1552.687,1570.000,1575.197,250.000,2.387,0.367,0.127,0.126,0.129,0.128,-0.600,0.300,0.819,0.667,0.100,0.801,0.801,7.200,0.450,0.801,7.400,0.453,0.801,7.800,0.482,0.801,7.800,0.477,0.801
20100729_0732,6.690,123.410,614.000,TA.U32A.,36.380,-99.001,121.418,1517.800,1531.302,1535.318,251.000,2.269,0.445,0.385,0.397,0.397,0.393,1.500,1.400,0.664,0.624,1.500,0.748,0.748,1.700,0.763,0.748,1.500,0.735,0.748,1.500,0.729,0.748,1.600,0.741,0.748
20100729_0732,6.690,123.410,614.000,YZ.JUDI.,10.166,-85.539,146.604,1670.246,1705.421,1716.677,252.000,3.559,0.527,0.589,0.544,0.548,0.569,-0.300,-0.100,0.715,0.720,5.200,0.717,0.717,-0.300,0.616,0.717,5.500,0.509,0.717,5.300,0.516,0.717,5.500,0.561,0.717
20100729_0732,6.690,123.410,614.000,XH.ESP07.01,-31.265,-65.224,154.131,1711.809,1755.370,1769.712,253.000,4.014,0.431,0.256,0.256,0.280,0.274,2.200,2.400,0.814,0.843,1.800,0.831,0.831,2.000,0.827,0.831,2.000,0.825,0.831,1.500,0.815,0.831,1.600,0.818,0.831
20100729_0732,6.690,123.410,614.000,TA.V31A.,35.774,-99.842,121.252,1516.723,1530.118,1534.101,254.000,1.567,0.442,0.351,0.364,0.373,0.372,1.200,0.900,0.536,0.521,0.500,0.629,0.629,0.700,0.527,0.629,0.500,0.517,0.629,0.600,0.520,0.629,0.600,0.527,0.629
20100729_0732,6.690,123.410,614.000,TA.V38A.,35.863,-94.408,124.583,1538.087,1553.724,1558.399,255.000,2.390,0.402,0.429,0.443,0.459,0.454,1.200,1.700,0.685,0.710,1.300,0.595,0.595,1.000,0.667,0.595,0.900,0.666,0.595,0.900,0.661,0.595,0.900,0.665,0.595
20100729_0732,6.690,123.410,614.000,TA.S32A.,37.700,-98.936,120.634,1512.726,1525.727,1529.589,256.000,3.155,0.584,0.593,0.602,0.608,0.607,0.900,1.100,0.683,0.642,0.400,0.523,0.523,1.100,0.474,0.523,0.900,0.468,0.523,0.800,0.462,0.523,0.900,0.470,0.523
20100729_0732,6.690,123.410,614.000,US.BLA.,37.211,-80.420,130.776,1576.842,1597.169,1603.329,257.000,0.833,0.097,0.108,0.108,0.107,0.106,11.800,3.800,0.408,-0.776,6.400,0.791,0.791,7.000,0.819,0.791,6.900,0.825,0.791,7.000,0.815,0.791,6.900,0.815,0.791
20100729_0732,6.690,123.410,614.000,TA.529A.,30.125,-102.220,122.837,1526.935,1541.371,1545.674,258.000,1.882,0.589,0.542,0.545,0.551,0.553,0.300,-3.600,0.762,-0.608,0.100,0.755,0.755,-0.100,0.747,0.755,-0.200,0.752,0.755,-0.200,0.750,0.755,-0.100,0.751,0.755
20100729_0732,6.690,123.410,614.000,TA.W28A.,35.257,-102.206,120.001,1508.613,1521.216,1524.958,259.000,3.103,0.552,0.576,0.584,0.584,0.583,0.200,0.400,0.889,0.899,-0.100,0.741,0.741,0.100,0.738,0.741,0.000,0.755,0.741,0.000,0.744,0.741,0.100,0.746,0.741
20100729_0732,6.690,123.410,614.000,TA.X33A.,34.541,-98.501,122.873,1527.165,1541.625,1545.936,260.000,1.641,0.448,0.401,0.405,0.401,0.402,0.800,1.000,0.853,0.849,0.300,0.736,0.736,0.500,0.763,0.736,0.300,0.759,0.736,0.400,0.758,0.736,0.300,0.760,0.736
20100729_0732,6.690,123.410,614.000,TA.732A.,28.729,-99.971,125.240,1542.257,1558.360,1563.180,261.000,5.849,0.582,0.584,0.576,0.580,0.578,-0.100,0.100,0.927,0.936,-0.500,0.800,0.800,-0.500,0.771,0.800,-0.800,0.767,0.800,-0.700,0.774,0.800,-0.800,0.774,0.800
20100729_0732,6.690,123.410,614.000,TA.733A.,28.719,-99.294,125.740,1545.419,1561.883,1566.814,262.000,3.588,0.579,0.486,0.470,0.463,0.469,0.300,0.400,0.760,0.782,-0.100,0.736,0.736,-0.100,0.687,0.736,-0.300,0.668,0.736,-0.200,0.674,0.736,-0.300,0.676,0.736
20100729_0732,6.690,123.410,614.000,TA.633A.,29.459,-99.177,125.409,1543.326,1559.551,1564.408,263.000,4.777,0.589,0.602,0.611,0.618,0.618,0.600,0.500,0.659,0.726,0.200,0.871,0.871,0.100,0.835,0.871,-0.100,0.838,0.871,-0.100,0.842,0.871,0.000,0.839,0.871
20100729_0732,6.690,123.410,614.000,TA.332A.,31.383,-99.742,123.911,1533.807,1548.975,1553.504,264.000,5.548,0.691,0.650,0.647,0.658,0.653,0.100,0.300,0.891,0.909,-0.300,0.841,0.841,-0.200,0.867,0.841,-0.400,0.864,0.841,-0.300,0.865,0.841,-0.300,0.863,0.841
20100729_0732,6.690,123.410,614.000,X4.GC06.,28.876,-97.035,127.273,1555.072,1572.671,1577.957,265.000,1.198,0.331,0.314,0.336,0.340,0.339,1.200,5.000,0.706,-0.695,0.900,0.723,0.723,0.800,0.719,0.723,0.500,0.725,0.723,0.500,0.724,0.723,0.600,0.723,0.723
20100729_0732,6.690,123.410,614.000,XE.GS12.,-0.860,-91.019,145.171,1662.131,1695.795,1706.515,266.000,1.121,0.259,0.226,0.254,0.241,0.226,3.900,3.700,0.649,0.584,3.100,0.505,0.505,3.400,0.496,0.505,1.500,0.602,0.505,2.200,0.515,0.505,3.200,0.490,0.505
20100729_0732,6.690,123.410,614.000,TA.Z34A.,33.371,-97.916,123.973,1534.201,1549.413,1553.955,267.000,4.611,0.530,0.524,0.542,0.529,0.533,1.100,1.300,0.915,0.895,0.800,0.909,0.909,0.800,0.926,0.909,0.700,0.923,0.909,0.700,0.926,0.909,0.700,0.927,0.909
20100729_0732,6.690,123.410,614.000,GT.CPUP.00,-26.331,-57.331,160.347,1744.764,1795.848,1813.034,268.000,1.313,0.165,0.252,0.252,0.248,0.253,-1.900,-5.200,0.740,-0.535,2.700,0.515,0.515,2.900,0.465,0.515,2.800,0.464,0.515,2.500,0.465,0.515,2.500,0.469,0.515
20100729_0732,6.690,123.410,614.000,TA.Z29A.,33.259,-101.706,121.478,1518.186,1531.726,1535.754,269.000,5.909,0.689,0.661,0.666,0.675,0.670,-0.400,0.000,0.621,0.611,-0.400,0.789,0.789,-0.300,0.769,0.789,-0.500,0.768,0.789,-0.400,0.776,0.789,-0.500,0.771,0.789
20100729_0732,6.690,123.410,614.000,II.NNA.00,-11.988,-76.842,159.336,1739.491,1789.314,1806.021,270.000,5.304,0.447,0.503,0.517,0.512,0.503,2.700,3.300,0.735,0.660,3.000,0.526,0.526,2.600,0.739,0.526,2.100,0.711,0.526,2.300,0.724,0.526,2.600,0.739,0.526
20100729_0732,6.690,123.410,614.000,CX.PB01.,-21.043,-69.487,160.979,1748.047,1799.928,1817.418,271.000,4.514,0.489,0.428,0.454,0.475,0.452,1.000,1.100,0.942,0.923,1.000,0.806,0.806,1.300,0.887,0.806,1.100,0.889,0.806,0.900,0.892,0.806,1.100,0.888,0.806
20100729_0732,6.690,123.410,614.000,TA.X38A.,34.669,-94.829,125.122,1541.509,1557.528,1562.321,272.000,1.850,0.204,0.170,0.187,0.189,0.189,3.000,3.500,0.523,0.449,2.800,0.775,0.775,2.800,0.742,0.775,2.500,0.749,0.775,2.600,0.756,0.775,2.600,0.755,0.775
20100729_0732,6.690,123.410,614.000,NE.YLE.,41.317,-72.921,129.714,1570.279,1589.760,1595.645,273.000,1.293,0.016,0.013,0.011,0.011,0.011,5.200,-3.400,0.571,-0.396,3.700,0.396,0.396,3.300,0.416,0.396,3.400,0.416,0.396,3.500,0.433,0.396,3.500,0.430,0.396
20100729_0732,6.690,123.410,614.000,TA.136A.,32.475,-96.530,125.442,1543.535,1559.783,1564.648,274.000,4.397,0.466,0.460,0.478,0.480,0.472,1.400,1.300,0.847,0.818,1.200,0.887,0.887,1.200,0.858,0.887,1.000,0.858,0.887,1.000,0.862,0.887,1.000,0.862,0.887
20100729_0732,6.690,123.410,614.000,US.GLMI.,44.825,-84.618,122.663,1525.820,1540.140,1544.408,275.000,4.651,0.208,0.229,0.213,0.166,0.176,0.100,0.000,0.875,0.877,2.900,0.548,0.548,4.600,0.618,0.548,4.600,0.587,0.548,4.600,0.552,0.548,4.600,0.567,0.548
20100729_0732,6.690,123.410,614.000,TA.233A.,32.018,-98.900,124.124,1535.166,1550.483,1555.058,276.000,6.908,0.745,0.722,0.724,0.720,0.722,1.000,1.000,0.908,0.914,0.600,0.965,0.965,0.600,0.970,0.965,0.500,0.968,0.965,0.500,0.969,0.965,0.500,0.969,0.965
20100729_0732,6.690,123.410,614.000,XH.ESP12.01,-32.832,-66.080,152.410,1702.471,1744.041,1757.637,277.000,2.861,0.292,0.349,0.338,0.302,0.313,-0.800,-4.200,0.426,-0.637,-1.900,0.656,0.656,-1.600,0.590,0.656,-1.800,0.591,0.656,-2.200,0.618,0.656,-2.200,0.621,0.656
20100729_0732,6.690,123.410,614.000,TA.S35A.,37.682,-96.319,122.229,1523.027,1537.058,1541.236,278.000,2.299,0.384,0.289,0.308,0.330,0.321,1.800,2.100,0.850,0.862,1.700,0.774,0.774,2.100,0.844,0.774,2.000,0.839,0.774,1.900,0.828,0.774,1.900,0.834,0.774
20100729_0732,6.690,123.410,614.000,6D.TBHY.,12.599,-86.828,144.290,1657.108,1689.858,1700.256,279.000,1.019,0.135,0.065,0.062,0.066,0.066,-0.100,0.100,0.737,0.803,-0.300,0.424,0.424,-0.400,0.636,0.424,-0.600,0.538,0.424,-0.700,0.530,0.424,-0.700,0.544,0.424
20100729_0732,6.690,123.410,614.000,CN.GGN.,45.118,-66.842,127.380,1555.743,1573.423,1578.735,280.000,1.886,0.222,0.205,0.211,0.229,0.228,-3.500,0.900,0.471,0.266,1.400,0.627,0.627,1.600,0.592,0.627,1.600,0.594,0.627,1.200,0.605,0.627,1.300,0.603,0.627
20100729_0732,6.690,123.410,614.000,TA.735A.,28.855,-97.808,126.734,1551.689,1568.884,1574.044,281.000,2.267,0.456,0.400,0.398,0.394,0.393,4.600,4.700,0.640,0.693,4.200,0.684,0.684,4.100,0.684,0.684,3.900,0.685,0.684,3.800,0.689,0.684,3.900,0.687,0.684
20100729_0732,6.690,123.410,614.000,LD.MVL.,39.999,-76.351,129.878,1571.296,1590.907,1596.834,282.000,1.205,0.110,0.120,0.124,0.117,0.119,-6.700,3.700,0.472,-0.457,-8.400,0.551,0.551,-7.800,0.463,0.551,-7.800,0.477,0.551,-8.200,0.488,0.551,-8.100,0.486,0.551
20100729_0732,6.690,123.410,614.000,X4.GC17.,30.032,-98.160,125.802,1545.813,1562.322,1567.268,283.000,3.860,0.664,0.629,0.630,0.628,0.626,0.500,0.700,0.731,0.690,0.100,0.893,0.893,0.100,0.871,0.893,-0.100,0.873,0.893,-0.100,0.878,0.893,0.000,0.877,0.893
20100729_0732,6.690,123.410,614.000,TA.Z39A.,33.242,-94.182,126.466,1549.998,1566.994,1572.091,284.000,1.897,0.466,0.443,0.443,0.440,0.445,0.600,0.800,0.672,0.715,0.100,0.686,0.686,0.000,0.639,0.686,-0.200,0.631,0.686,-0.300,0.635,0.686,-0.300,0.634,0.686
20100729_0732,6.690,123.410,614.000,TA.834A.,28.125,-98.552,126.613,1550.925,1568.030,1573.161,285.000,2.117,0.357,0.434,0.457,0.463,0.459,1.500,1.400,0.800,0.799,1.100,0.675,0.675,1.100,0.687,0.675,0.800,0.682,0.675,0.900,0.684,0.675,0.800,0.685,0.675
20100729_0732,6.690,123.410,614.000,US.JCT.,30.479,-99.802,124.384,1536.823,1552.321,1556.952,286.000,4.878,0.747,0.659,0.654,0.654,0.651,0.300,0.400,0.739,0.811,-0.200,0.878,0.878,-0.100,0.868,0.878,-0.300,0.864,0.878,-0.200,0.870,0.878,-0.300,0.869,0.878
20100729_0732,6.690,123.410,614.000,TA.P34A.,39.547,-96.827,120.695,1513.116,1526.154,1530.029,287.000,3.080,0.477,0.454,0.462,0.464,0.463,1.100,1.200,0.851,0.887,1.000,0.774,0.774,1.100,0.809,0.774,1.000,0.806,0.774,1.000,0.804,0.774,1.100,0.811,0.774
20100729_0732,6.690,123.410,614.000,TA.832A.,28.284,-99.974,125.481,1543.784,1560.060,1564.934,288.000,3.372,0.633,0.572,0.561,0.566,0.569,0.000,0.300,0.860,0.850,-0.300,0.826,0.826,-0.400,0.827,0.826,-0.700,0.821,0.826,-0.600,0.819,0.826,-0.600,0.822,0.826
20100729_0732,6.690,123.410,614.000,TA.Y32A.,34.004,-99.442,122.579,1525.279,1539.543,1543.793,289.000,3.803,0.496,0.504,0.509,0.509,0.507,0.500,0.700,0.850,0.839,0.100,0.785,0.785,0.300,0.779,0.785,0.000,0.777,0.785,0.000,0.772,0.785,0.100,0.775,0.785
20100729_0732,6.690,123.410,614.000,X4.GC11.,29.459,-97.437,126.647,1551.138,1568.267,1573.407,290.000,1.163,0.507,0.489,0.495,0.491,0.490,1.200,1.200,0.756,0.717,0.700,0.797,0.797,0.800,0.798,0.797,0.500,0.795,0.797,0.500,0.795,0.797,0.500,0.795,0.797
20100729_0732,6.690,123.410,614.000,US.MCWV.,39.658,-79.846,128.914,1565.315,1584.170,1589.854,291.000,5.805,0.210,0.188,0.180,0.164,0.166,1.600,4.700,0.605,-0.592,0.600,0.773,0.773,8.100,0.325,0.773,8.100,0.308,0.773,4.200,0.323,0.773,4.000,0.318,0.773
20100729_0732,6.690,123.410,614.000,US.WMOK.HR,34.738,-98.781,122.570,1525.221,1539.479,1543.727,292.000,3.873,0.166,0.148,0.168,0.181,0.175,8.200,-1.500,0.605,-0.833,7.900,0.534,0.534,8.000,0.514,0.534,7.800,0.511,0.534,7.900,0.514,0.534,7.900,0.518,0.534
20100729_0732,6.690,123.410,614.000,TA.KMSC.,35.142,-81.333,132.109,1585.027,1606.442,1612.961,293.000,1.156,0.146,-0.063,-0.062,-0.064,-0.064,8.300,-0.500,0.433,0.069,2.900,0.585,0.585,4.100,0.490,0.585,4.100,0.482,0.585,3.900,0.483,0.585,4.000,0.481,0.585
20100729_0732,6.690,123.410,614.000,TA.U34A.,36.437,-97.535,122.300,1523.484,1537.562,1541.755,294.000,1.387,0.097,0.094,0.094,0.094,0.093,8.500,-4.400,0.374,-0.933,7.600,0.400,0.400,7.700,0.377,0.400,7.600,0.377,0.400,7.500,0.388,0.400,7.600,0.383,0.400
20100729_0732,6.690,123.410,614.000,CX.PB04.,-22.334,-70.149,159.611,1740.931,1791.096,1807.933,295.000,6.921,0.548,0.625,0.639,0.650,0.638,0.800,0.800,0.891,0.895,0.400,0.836,0.836,0.200,0.877,0.836,0.000,0.890,0.836,-0.300,0.900,0.836,0.000,0.892,0.836
20100729_0732,6.690,123.410,614.000,XH.ESP05.01,-31.011,-64.648,154.535,1713.984,1758.016,1772.537,296.000,3.917,0.458,0.463,0.471,0.483,0.481,3.000,3.700,0.640,0.508,2.900,0.691,0.691,3.500,0.703,0.691,3.300,0.695,0.691,2.800,0.672,0.691,2.900,0.674,0.691
20100729_0732,6.690,123.410,614.000,TA.T31A.,37.098,-99.677,120.549,1512.170,1525.117,1528.963,297.000,2.984,0.513,0.526,0.543,0.543,0.543,1.100,1.200,0.876,0.883,0.900,0.695,0.695,1.000,0.672,0.695,0.900,0.667,0.695,1.000,0.673,0.695,1.000,0.674,0.695
20100729_0732,6.690,123.410,614.000,TA.Z30A.,33.286,-101.128,121.860,1520.654,1534.443,1538.547,298.000,4.472,0.699,0.645,0.638,0.651,0.646,-0.100,0.200,0.745,0.782,-0.300,0.778,0.778,-0.400,0.722,0.778,-0.600,0.708,0.778,-0.500,0.711,0.778,-0.500,0.710,0.778
20100729_0732,6.690,123.410,614.000,TA.130A.,32.596,-100.965,122.366,1523.912,1538.035,1542.241,299.000,3.946,0.568,0.501,0.501,0.509,0.511,0.200,0.400,0.778,0.811,-0.100,0.847,0.847,-0.100,0.801,0.847,-0.300,0.786,0.847,-0.300,0.788,0.847,-0.200,0.792,0.847
20100729_0732,6.690,123.410,614.000,TA.128A.,32.621,-102.485,121.292,1516.981,1530.401,1534.392,300.000,6.491,0.632,0.567,0.565,0.576,0.572,-0.400,0.000,0.749,0.732,-0.800,0.609,0.609,-0.800,0.675,0.609,-0.900,0.690,0.609,-0.800,0.692,0.609,-0.800,0.686,0.609
20100729_0732,6.690,123.410,614.000,YZ.GRZA.,9.915,-85.636,146.642,1670.459,1705.674,1716.944,301.000,0.348,0.012,-0.003,-0.001,-0.001,-0.003,-0.100,3.800,0.905,1.000,0.000,0.183,0.183,-0.100,0.274,0.183,-0.100,0.387,0.183,-0.100,0.372,0.183,-0.100,0.339,0.183
20100729_0732,6.690,123.410,614.000,TA.V35A.,35.763,-96.838,123.164,1529.032,1543.690,1548.061,302.000,2.759,0.428,0.449,0.478,0.481,0.481,1.200,1.500,0.881,0.867,0.900,0.785,0.785,1.200,0.847,0.785,1.000,0.841,0.785,1.100,0.842,0.785,1.000,0.844,0.785
20100729_0732,6.690,123.410,614.000,TA.Q37A.,38.876,-94.452,122.501,1524.778,1538.990,1543.224,303.000,5.270,0.522,0.435,0.458,0.479,0.475,0.700,0.800,0.945,0.959,0.300,0.915,0.915,0.800,0.962,0.915,0.700,0.965,0.915,0.600,0.962,0.915,0.700,0.962,0.915
20100729_0732,6.690,123.410,614.000,TA.833A.,28.324,-99.394,125.886,1546.346,1562.916,1567.881,304.000,2.956,0.561,0.474,0.464,0.463,0.461,1.000,1.200,0.862,0.856,0.600,0.874,0.874,0.500,0.884,0.874,0.300,0.881,0.874,0.300,0.881,0.874,0.300,0.882,0.874
20100729_0732,6.690,123.410,614.000,TA.738A.,28.840,-95.648,128.270,1561.304,1579.662,1585.188,305.000,1.954,0.194,0.223,0.227,0.220,0.221,-2.300,-2.200,0.795,0.746,-3.100,0.752,0.752,-3.400,0.744,0.752,-3.600,0.754,0.752,-3.700,0.765,0.752,-3.600,0.762,0.752
20100729_0732,6.690,123.410,614.000,IU.TRIS.10,-37.068,-12.315,129.616,1569.675,1589.080,1594.940,306.000,1.580,0.061,0.063,0.076,0.070,0.065,-6.000,-1.800,0.554,0.481,0.300,0.442,0.442,-11.900,0.501,0.442,-12.500,0.477,0.442,-12.300,0.486,0.442,-11.900,0.496,0.442
20100729_0732,6.690,123.410,614.000,II.NNA.10,-11.988,-76.842,159.336,1739.491,1789.314,1806.021,307.000,4.747,0.455,0.518,0.532,0.527,0.517,2.800,3.200,0.753,0.684,2.900,0.550,0.550,2.500,0.763,0.550,2.000,0.734,0.550,2.200,0.748,0.550,2.500,0.763,0.550
20100729_0732,6.690,123.410,614.000,TA.331A.,31.309,-100.427,123.473,1531.010,1545.878,1550.314,308.000,4.844,0.615,0.657,0.670,0.679,0.673,0.100,0.100,0.684,0.687,0.000,0.721,0.721,0.000,0.740,0.721,-0.100,0.735,0.721,-0.100,0.743,0.721,-0.200,0.742,0.721
20100729_0732,6.690,123.410,614.000,TA.131A.,32.674,-100.389,122.720,1526.183,1540.541,1544.820,309.000,5.281,0.766,0.698,0.694,0.710,0.705,-0.100,0.300,0.948,0.924,-0.300,0.904,0.904,-0.300,0.895,0.904,-0.500,0.887,0.904,-0.400,0.886,0.904,-0.500,0.884,0.904
20100729_0732,6.690,123.410,614.000,TA.737A.,28.764,-96.440,127.760,1558.117,1576.085,1581.487,310.000,2.731,0.486,0.468,0.463,0.460,0.459,0.900,1.200,0.815,0.792,0.300,0.787,0.787,-0.100,0.777,0.787,-0.300,0.782,0.787,-0.300,0.781,0.787,-0.300,0.783,0.787
20100729_0732,6.690,123.410,614.000,TA.533A.,30.072,-99.035,125.161,1541.757,1557.804,1562.606,311.000,4.872,0.590,0.595,0.611,0.613,0.613,1.000,4.300,0.571,-0.886,0.500,0.780,0.780,0.400,0.754,0.780,0.200,0.755,0.780,0.200,0.762,0.780,0.200,0.759,0.780
20100729_0732,6.690,123.410,614.000,TA.Z28A.,33.288,-102.387,120.991,1515.035,1528.263,1532.194,312.000,3.741,0.578,0.595,0.588,0.591,0.588,-0.900,-0.600,0.893,0.881,-1.100,0.700,0.700,-1.000,0.755,0.700,-1.100,0.766,0.700,-1.000,0.768,0.700,-1.100,0.762,0.700
20100729_0732,6.690,123.410,614.000,TA.U37A.,36.406,-95.116,123.794,1533.061,1548.149,1552.653,313.000,2.393,0.395,0.349,0.370,0.383,0.381,2.100,2.000,0.819,0.790,1.800,0.724,0.724,1.700,0.783,0.724,1.600,0.779,0.724,1.600,0.775,0.724,1.600,0.777,0.724
20100729_0732,6.690,123.410,614.000,CX.PB08.,-20.141,-69.153,161.850,1752.543,1805.530,1823.443,314.000,6.251,0.438,0.446,0.467,0.476,0.461,1.000,1.300,0.950,0.964,2.000,0.741,0.741,0.800,0.796,0.741,0.600,0.797,0.741,0.600,0.794,0.741,0.700,0.797,0.741
20100729_0732,6.690,123.410,614.000,NE.FFD.,43.470,-71.654,128.016,1559.716,1577.880,1583.344,315.000,1.462,0.060,0.070,0.073,0.079,0.079,-0.100,-4.800,0.478,0.078,-12.200,0.696,0.696,-0.100,0.553,0.696,-0.100,0.562,0.696,-12.200,0.686,0.696,-12.100,0.688,0.696
20100729_0732,6.690,123.410,614.000,TA.S34A.,37.701,-97.111,121.743,1519.900,1533.612,1537.693,316.000,1.733,0.285,0.274,0.287,0.299,0.293,2.000,2.300,0.878,0.833,2.000,0.769,0.769,2.300,0.828,0.769,2.200,0.821,0.769,2.100,0.811,0.769,2.200,0.819,0.769
20100729_0732,6.690,123.410,614.000,XY.U69B.,-34.371,-71.176,149.219,1684.896,1722.892,1735.167,317.000,1.867,0.533,0.309,0.296,0.286,0.287,5.200,-0.800,0.598,0.387,5.100,0.549,0.549,4.600,0.591,0.549,4.600,0.591,0.549,4.500,0.590,0.549,4.400,0.591,0.549
20100729_0732,6.690,123.410,614.000,TA.R34A.,38.301,-97.247,121.271,1516.848,1530.255,1534.241,318.000,2.343,0.437,0.419,0.428,0.434,0.431,1.800,1.800,0.940,0.978,1.400,0.834,0.834,1.700,0.827,0.834,1.600,0.827,0.834,1.600,0.825,0.834,1.600,0.830,0.834
20100729_0732,6.690,123.410,614.000,TA.X32A.,34.421,-99.285,122.432,1524.333,1538.499,1542.719,319.000,2.212,0.473,0.467,0.474,0.466,0.468,0.800,1.100,0.835,0.787,0.400,0.766,0.766,0.400,0.760,0.766,0.200,0.756,0.766,0.300,0.751,0.766,0.300,0.753,0.766
20100729_0732,6.690,123.410,614.000,TA.835A.,28.287,-97.830,127.045,1553.643,1571.070,1576.303,320.000,1.849,0.327,0.354,0.370,0.378,0.371,1.600,1.500,0.621,0.636,1.200,0.821,0.821,1.100,0.797,0.821,1.000,0.780,0.821,0.900,0.783,0.821,1.000,0.783,0.821
20100729_0732,6.690,123.410,614.000,TA.V29A.,35.873,-101.521,120.099,1509.249,1521.913,1525.673,321.000,3.210,0.397,0.454,0.464,0.465,0.459,0.500,-2.400,0.634,-0.675,5.800,0.522,0.522,5.900,0.537,0.522,0.200,0.546,0.522,0.200,0.547,0.522,0.300,0.547,0.522
20100729_0732,6.690,123.410,614.000,TA.X34A.,34.601,-97.833,123.268,1529.699,1544.428,1548.820,322.000,2.236,0.258,0.206,0.221,0.220,0.220,2.700,2.700,0.949,0.948,2.300,0.937,0.937,2.400,0.933,0.937,2.200,0.933,0.937,2.300,0.935,0.937,2.200,0.936,0.937
20100729_0732,6.690,123.410,614.000,PR.CPD.,18.037,-65.915,153.616,1709.022,1751.982,1766.098,323.000,2.027,-0.052,-0.068,-0.066,-0.065,-0.065,-7.200,2.700,0.477,-0.624,-4.700,0.346,0.346,-5.500,0.443,0.346,-5.300,0.424,0.346,-5.300,0.383,0.346,-5.300,0.387,0.346
20100729_0732,6.690,123.410,614.000,PR.AOPR.,18.347,-66.754,153.030,1705.846,1748.128,1761.990,324.000,1.031,0.144,0.095,0.092,0.098,0.102,-5.100,-4.700,0.571,0.407,-6.400,0.670,0.670,-7.400,0.580,0.670,-7.300,0.576,0.670,-7.200,0.562,0.670,-7.300,0.563,0.670
20100729_0732,6.690,123.410,614.000,TA.329A.,31.487,-101.981,122.272,1523.305,1537.365,1541.552,325.000,2.634,0.550,0.506,0.479,0.478,0.474,-1.100,-0.800,0.839,0.804,-1.500,0.702,0.702,-1.700,0.641,0.702,-1.900,0.663,0.702,-1.800,0.666,0.702,-1.900,0.659,0.702
20100729_0732,6.690,123.410,614.000,NM.PVMO.,36.414,-89.700,126.894,1552.693,1570.007,1575.204,326.000,2.090,0.048,0.072,0.077,0.077,0.078,7.200,5.000,0.591,0.600,-4.600,0.362,0.362,5.100,0.221,0.362,5.000,0.218,0.362,4.700,0.233,0.362,4.700,0.228,0.362
20100729_0732,6.690,123.410,614.000,TA.333A.,31.325,-98.984,124.473,1537.385,1552.944,1557.595,327.000,3.947,0.743,0.631,0.629,0.625,0.623,0.700,0.800,0.892,0.927,0.100,0.937,0.937,0.200,0.929,0.937,0.000,0.930,0.937,0.000,0.935,0.937,0.100,0.934,0.937
20100729_0732,6.690,123.410,614.000,TA.435B.,30.783,-97.585,125.760,1545.550,1562.028,1566.965,328.000,2.469,0.645,0.635,0.628,0.626,0.623,-0.300,0.000,0.823,0.803,-0.600,0.947,0.947,-0.600,0.935,0.947,-0.700,0.937,0.947,-0.800,0.940,0.947,-0.800,0.940,0.947
20100729_0732,6.690,123.410,614.000,TA.R32A.,38.423,-98.711,120.315,1510.652,1523.451,1527.253,329.000,2.692,0.507,0.451,0.458,0.463,0.466,1.400,1.100,0.705,0.658,0.800,0.639,0.639,1.200,0.551,0.639,1.100,0.558,0.639,1.200,0.549,0.639,1.100,0.553,0.639
20100729_0732,6.690,123.410,614.000,TA.S33A.,37.594,-98.002,121.274,1516.869,1530.278,1534.265,330.000,3.422,0.513,0.497,0.508,0.509,0.505,1.200,1.500,0.911,0.882,1.000,0.716,0.716,1.300,0.763,0.716,1.100,0.753,0.716,1.100,0.742,0.716,1.200,0.752,0.716
20100729_0732,6.690,123.410,614.000,TA.635A.,29.388,-97.774,126.450,1549.902,1566.887,1571.981,331.000,2.951,0.413,0.364,0.359,0.366,0.371,0.300,0.500,0.649,0.675,-8.800,0.505,0.505,-0.900,0.513,0.505,-1.200,0.516,0.505,-1.100,0.516,0.505,-1.100,0.517,0.505
20100729_0732,6.690,123.410,614.000,PM.ROSA.,38.721,-28.247,127.526,1556.657,1574.447,1579.793,332.000,0.681,0.202,0.174,0.166,0.155,0.162,-0.100,-3.200,0.736,-0.596,-7.500,0.426,0.426,-7.700,0.400,0.426,-7.800,0.420,0.426,-7.900,0.455,0.426,-7.900,0.434,0.426
20100729_0732,6.690,123.410,614.000,XH.ESP03.01,-29.743,-64.014,155.911,1721.372,1767.031,1782.164,333.000,2.099,0.414,0.311,0.324,0.357,0.352,1.100,1.000,0.707,0.670,0.300,0.786,0.786,1.000,0.883,0.786,0.800,0.875,0.786,0.300,0.866,0.786,0.400,0.863,0.786
20100729_0732,6.690,123.410,614.000,PM.PMOZ.,32.823,-17.197,125.582,1544.421,1560.771,1565.667,334.000,1.903,0.304,0.278,0.284,0.281,0.275,1.800,2.100,0.740,0.722,1.400,0.930,0.930,1.400,0.934,0.930,1.300,0.933,0.930,1.300,0.933,0.930,1.300,0.932,0.930
20100729_0732,6.690,123.410,614.000,TA.W32A.,35.124,-99.246,122.033,1521.763,1535.665,1539.804,335.000,2.230,0.375,0.326,0.343,0.343,0.339,1.300,1.300,0.946,0.946,1.100,0.853,0.853,1.100,0.851,0.853,0.900,0.840,0.853,0.900,0.835,0.853,1.000,0.841,0.853
20100729_0732,6.690,123.410,614.000,TA.P35A.,39.529,-96.019,121.169,1516.189,1529.531,1533.497,336.000,2.875,0.424,0.494,0.495,0.504,0.499,-0.400,1.200,0.578,0.415,1.000,0.594,0.594,1.200,0.689,0.594,1.000,0.667,0.594,1.000,0.659,0.594,1.000,0.652,0.594
20100729_0732,6.690,123.410,614.000,TA.429A.,30.625,-101.894,122.805,1526.729,1541.144,1545.440,337.000,3.222,0.616,0.619,0.621,0.637,0.629,-0.400,-0.100,0.785,0.785,-0.600,0.747,0.747,-0.900,0.664,0.747,-1.100,0.658,0.747,-1.000,0.662,0.747,-1.000,0.660,0.747
20100729_0732,6.690,123.410,614.000,TA.U30A.,36.530,-100.651,120.275,1510.392,1523.166,1526.960,338.000,4.589,0.484,0.529,0.544,0.547,0.545,0.700,0.900,0.843,0.844,0.300,0.594,0.594,0.500,0.641,0.594,0.300,0.652,0.594,0.400,0.641,0.594,0.400,0.648,0.594
20100729_0732,6.690,123.410,614.000,NM.UTMT.01,36.350,-88.864,127.394,1555.831,1573.521,1578.836,339.000,2.229,0.250,0.294,0.305,0.314,0.310,-3.600,-3.400,0.911,0.956,2.900,0.668,0.668,-4.000,0.712,0.668,-4.100,0.707,0.668,-4.300,0.723,0.668,-4.200,0.716,0.668
20100729_0732,6.690,123.410,614.000,TA.Q36A.,38.961,-95.461,121.871,1520.724,1534.521,1538.627,340.000,2.033,0.418,0.414,0.433,0.440,0.435,1.300,1.400,0.686,0.663,0.900,0.899,0.899,1.200,0.946,0.899,1.100,0.942,0.899,1.100,0.939,0.899,1.100,0.942,0.899
20100729_0732,6.690,123.410,614.000,TA.O35A.,40.266,-95.910,120.730,1513.346,1526.407,1530.288,341.000,3.067,0.481,0.513,0.516,0.519,0.521,1.100,0.900,0.815,0.806,0.700,0.739,0.739,1.000,0.782,0.739,0.900,0.766,0.739,0.900,0.756,0.739,0.900,0.761,0.739
20100729_0732,6.690,123.410,614.000,YZ.ACHA.,9.828,-85.248,147.019,1672.584,1708.201,1719.615,342.000,2.327,0.527,0.457,0.464,0.463,0.459,0.000,0.200,0.621,0.585,-0.700,0.745,0.745,0.100,0.734,0.745,-0.200,0.576,0.745,-0.300,0.581,0.745,-0.300,0.645,0.745
20100729_0732,6.690,123.410,614.000,YZ.INDI.,9.865,-85.502,146.781,1671.245,1706.609,1717.932,343.000,3.340,0.585,0.616,0.597,0.600,0.608,0.200,0.500,0.820,0.776,-0.700,0.914,0.914,0.300,0.942,0.914,-0.300,0.851,0.914,-0.400,0.855,0.914,-0.300,0.897,0.914
20100729_0732,6.690,123.410,614.000,CN.KGNO.,44.227,-76.493,126.010,1547.129,1563.790,1568.783,344.000,3.463,0.386,0.355,0.356,0.352,0.352,-0.200,0.000,0.730,0.643,-0.400,0.614,0.614,0.000,0.551,0.614,-0.100,0.563,0.614,-0.100,0.583,0.614,-0.100,0.578,0.614
20100729_0732,6.690,123.410,614.000,NE.TRY.,42.731,-73.666,128.194,1560.831,1579.131,1584.638,345.000,1.960,0.206,0.273,0.284,0.161,0.162,7.200,3.100,0.429,-0.656,0.100,0.546,0.546,-0.100,0.671,0.546,-0.100,0.693,0.546,0.200,0.569,0.546,0.100,0.575,0.546
20100729_0732,6.690,123.410,614.000,X4.GC08.,29.060,-97.251,127.012,1553.435,1570.837,1576.062,346.000,2.458,0.469,0.451,0.426,0.409,0.414,-6.100,0.500,0.765,0.551,-0.100,0.742,0.742,-0.100,0.752,0.742,-0.200,0.743,0.742,-0.200,0.741,0.742,-0.100,0.743,0.742
20100729_0732,6.690,123.410,614.000,XE.GS01.,-0.647,-90.878,145.271,1662.696,1696.465,1707.222,347.000,2.093,0.157,0.160,0.204,0.181,0.163,12.900,4.500,0.546,0.109,7.600,0.692,0.692,7.900,0.691,0.692,7.300,0.542,0.692,7.500,0.613,0.692,7.800,0.682,0.692
20100729_0732,6.690,123.410,614.000,PR.CDVI.,17.752,-64.765,154.259,1712.499,1756.209,1770.608,348.000,1.734,0.121,0.087,0.087,0.078,0.080,2.600,-4.400,0.450,-0.718,-1.000,0.596,0.596,-1.300,0.619,0.596,-1.200,0.625,0.596,-1.400,0.598,0.596,-1.300,0.605,0.596
20100729_0732,6.690,123.410,614.000,X4.GC19.,30.262,-98.310,125.563,1544.301,1560.637,1565.529,349.000,2.003,0.312,0.278,0.257,0.255,0.261,0.000,-3.500,0.699,-0.591,-0.900,0.591,0.591,-0.900,0.563,0.591,-1.200,0.559,0.591,-1.200,0.564,0.591,-1.100,0.565,0.591
20100729_0732,6.690,123.410,614.000,C.CL2C.,-34.876,-70.387,149.083,1684.140,1721.987,1734.208,350.000,1.340,0.289,0.043,0.068,0.107,0.095,-2.700,2.200,0.570,0.659,2.500,0.569,0.569,2.400,0.442,0.569,2.400,0.449,0.569,2.200,0.466,0.569,2.200,0.464,0.569
20100729_0732,6.690,123.410,614.000,G.FDF.00,14.735,-61.146,158.104,1733.015,1781.321,1797.452,351.000,2.497,0.327,0.142,0.155,0.179,0.170,-0.100,-0.300,0.930,0.902,-8.900,0.424,0.424,2.700,0.576,0.424,2.700,0.555,0.424,2.600,0.484,0.424,2.600,0.497,0.424
20100729_0732,6.690,123.410,614.000,CN.LMN.,45.854,-64.806,126.945,1553.012,1570.364,1575.573,352.000,1.577,0.303,0.281,0.279,0.273,0.272,0.000,-0.200,0.835,0.797,-0.100,0.679,0.679,0.000,0.688,0.679,-0.100,0.689,0.679,-0.100,0.690,0.679,-0.100,0.691,0.679
20100729_0732,6.690,123.410,614.000,TA.230A.,31.888,-101.112,122.664,1525.826,1540.147,1544.414,353.000,3.047,0.611,0.505,0.506,0.527,0.521,-0.200,-0.200,0.721,0.785,-0.300,0.775,0.775,-0.400,0.788,0.775,-0.600,0.767,0.775,-0.500,0.778,0.775,-0.500,0.779,0.775
20100729_0732,6.690,123.410,614.000,TA.228A.,32.118,-102.592,121.492,1518.277,1531.827,1535.858,354.000,5.883,0.606,0.550,0.544,0.548,0.550,-0.100,0.100,0.726,0.729,-0.400,0.708,0.708,-0.400,0.717,0.708,-0.500,0.721,0.708,-0.500,0.729,0.708,-0.400,0.733,0.708
20100729_0732,6.690,123.410,614.000,G.MBO.00,14.392,-16.955,135.392,1604.929,1629.154,1636.620,355.000,2.885,0.511,0.485,0.490,0.493,0.492,0.200,0.100,0.658,0.630,0.200,0.747,0.747,0.500,0.730,0.747,0.000,0.680,0.747,0.100,0.695,0.747,0.100,0.701,0.747
20100729_0732,6.690,123.410,614.000,LD.PRNY.,42.467,-76.536,127.593,1557.073,1574.914,1580.276,356.000,1.338,0.205,0.106,0.119,0.148,0.142,0.800,4.300,0.790,-0.577,1.500,0.438,0.438,1.900,0.640,0.438,1.800,0.636,0.438,1.800,0.578,0.438,1.800,0.583,0.438
20100729_0732,6.690,123.410,614.000,LD.ACCN.,43.384,-73.668,127.587,1557.037,1574.874,1580.235,357.000,0.768,0.001,-0.027,-0.023,-0.008,-0.010,0.700,0.900,0.667,0.601,-6.600,0.470,0.470,-6.100,0.418,0.470,-6.100,0.426,0.470,-6.400,0.437,0.470,-6.400,0.437,0.470
20100729_0732,6.690,123.410,614.000,NM.MPH.,35.123,-89.932,127.706,1557.784,1575.711,1581.100,358.000,4.233,0.414,0.362,0.374,0.384,0.384,2.400,2.500,0.864,0.859,0.800,0.739,0.739,1.700,0.595,0.739,1.500,0.598,0.739,1.300,0.617,0.739,1.300,0.615,0.739
20100729_0732,6.690,123.410,614.000,TA.WHTX.,31.991,-97.456,125.121,1541.503,1557.521,1562.314,359.000,5.136,0.661,0.657,0.670,0.664,0.664,1.200,1.300,0.891,0.905,0.900,0.887,0.887,0.800,0.871,0.887,0.600,0.875,0.887,0.700,0.880,0.887,0.600,0.879,0.887
20100729_0732,6.690,123.410,614.000,XH.ESP01.01,-29.141,-64.064,156.468,1724.341,1770.665,1786.049,360.000,3.013,0.434,0.220,0.215,0.205,0.203,-0.700,-1.000,0.444,0.455,-1.700,0.660,0.660,-1.300,0.586,0.660,-1.400,0.604,0.660,-1.800,0.643,0.660,-1.700,0.635,0.660
20100729_0732,6.690,123.410,614.000,TA.Y36A.,33.900,-96.285,124.704,1538.857,1554.580,1559.281,361.000,3.534,0.327,0.299,0.308,0.304,0.303,2.800,2.400,0.771,0.691,2.200,0.891,0.891,2.100,0.887,0.891,2.000,0.882,0.891,1.900,0.884,0.891,2.000,0.885,0.891
20100729_0732,6.690,123.410,614.000,US.PKME.,45.264,-69.292,126.811,1552.173,1569.425,1574.603,362.000,0.347,0.045,0.052,0.054,0.061,0.061,9.500,-3.900,0.584,-0.998,-8.500,0.503,0.503,-8.100,0.516,0.503,-8.200,0.514,0.503,-8.400,0.499,0.503,-8.300,0.504,0.503
20100729_0732,6.690,123.410,614.000,X4.GC13.,29.669,-97.627,126.389,1549.517,1566.457,1571.536,363.000,3.376,0.432,0.415,0.410,0.413,0.411,0.900,0.900,0.540,0.573,5.900,0.491,0.491,6.000,0.467,0.491,5.800,0.448,0.491,5.800,0.447,0.491,5.800,0.448,0.491
20100729_0732,6.690,123.410,614.000,YZ.ARDO.,10.214,-85.596,146.531,1669.835,1704.933,1716.161,364.000,4.707,0.495,0.564,0.562,0.559,0.564,0.000,0.200,0.849,0.803,-0.700,0.796,0.796,0.100,0.804,0.796,-0.600,0.599,0.796,-0.800,0.617,0.796,-0.600,0.686,0.796
20100729_0732,6.690,123.410,614.000,NA.SABA.,17.621,-63.243,154.817,1715.505,1759.869,1774.514,365.000,1.589,0.155,0.128,0.134,0.147,0.142,1.100,1.800,0.841,0.619,-1.300,0.505,0.505,-1.700,0.502,0.505,-1.600,0.508,0.505,-1.500,0.511,0.505,-1.600,0.511,0.505
20100729_0732,6.690,123.410,614.000,LD.CPNY.,40.791,-73.960,129.907,1571.476,1591.110,1597.044,366.000,2.809,0.227,0.275,0.274,0.235,0.244,0.200,4.200,0.907,-0.863,-1.900,0.690,0.690,-1.400,0.684,0.690,-1.400,0.687,0.690,-1.700,0.659,0.690,-1.600,0.665,0.690
20100729_0732,6.690,123.410,614.000,YZ.SAJU.,10.067,-85.711,146.504,1669.681,1704.751,1715.969,367.000,6.798,0.570,0.594,0.603,0.605,0.607,1.300,-3.100,0.800,-0.825,0.100,0.839,0.839,1.200,0.861,0.839,0.300,0.862,0.839,0.200,0.859,0.839,0.400,0.871,0.839
20100729_0732,6.690,123.410,614.000,TA.532A.,30.128,-99.905,124.510,1537.620,1553.206,1557.864,368.000,2.469,0.643,0.564,0.556,0.551,0.552,0.300,0.400,0.774,0.814,-0.100,0.943,0.943,0.000,0.916,0.943,-0.200,0.916,0.943,-0.200,0.922,0.943,-0.100,0.923,0.943
20100729_0732,6.690,123.410,614.000,Z9.W18.,32.272,-83.902,133.153,1591.394,1613.683,1620.493,369.000,0.348,-0.003,0.010,0.009,0.008,0.008,7.200,-4.300,0.790,-0.934,13.700,0.161,0.161,7.500,0.543,0.161,7.500,0.541,0.161,7.200,0.528,0.161,7.300,0.532,0.161
20100729_0732,6.690,123.410,614.000,LD.ALLY.,41.649,-80.145,127.077,1553.839,1571.290,1576.530,370.000,3.210,0.130,0.092,0.094,0.110,0.107,3.500,2.900,0.511,0.616,10.100,0.393,0.393,9.400,0.402,0.393,9.400,0.406,0.393,9.700,0.408,0.393,9.600,0.413,0.393
20100729_0732,6.690,123.410,614.000,X4.GC10.,29.348,-97.338,126.781,1551.985,1569.215,1574.386,371.000,4.138,0.431,0.359,0.369,0.375,0.370,4.000,-2.000,0.513,-0.693,4.100,0.399,0.399,3.900,0.398,0.399,2.200,0.402,0.399,3.300,0.401,0.399,3.100,0.399,0.399
20100729_0732,6.690,123.410,614.000,TA.V37A.,35.883,-95.141,124.127,1535.187,1550.506,1555.081,372.000,1.891,0.416,0.376,0.405,0.398,0.403,1.800,2.200,0.872,0.857,1.800,0.748,0.748,1.600,0.798,0.748,1.400,0.795,0.748,1.500,0.793,0.748,1.400,0.795,0.748
20100729_0732,6.690,123.410,614.000,TA.232A.,31.888,-99.647,123.686,1532.369,1547.383,1551.864,373.000,4.171,0.651,0.608,0.609,0.611,0.611,-0.200,0.000,0.752,0.734,0.000,0.775,0.775,0.000,0.796,0.775,-0.200,0.794,0.775,-0.200,0.794,0.775,-0.200,0.794,0.775
20100729_0732,6.690,123.410,614.000,PE.WRPS.,40.794,-77.865,128.649,1563.667,1582.318,1587.936,374.000,4.222,0.126,0.081,0.082,0.078,0.078,0.700,4.100,0.826,-0.819,10.900,0.285,0.285,7.200,0.469,0.285,7.000,0.495,0.285,6.700,0.550,0.285,6.700,0.544,0.285
20100729_0732,6.690,123.410,614.000,YM.V03.,-39.411,-71.968,144.473,1658.149,1691.088,1701.552,375.000,1.842,0.236,0.275,0.277,0.277,0.272,0.200,3.200,0.727,-0.556,-0.600,0.644,0.644,-0.600,0.699,0.644,-0.700,0.689,0.644,-1.000,0.674,0.644,-1.100,0.673,0.644
20100729_0732,6.690,123.410,614.000,PR.STVI.,18.352,-64.956,153.632,1709.113,1752.092,1766.216,376.000,1.501,0.007,0.015,0.016,0.023,0.022,11.500,-1.700,0.333,-0.542,-7.400,0.448,0.448,-7.800,0.441,0.448,-7.700,0.445,0.448,-7.800,0.413,0.448,-7.800,0.416,0.448
20100729_0732,6.690,123.410,614.000,CN.DRLN.,49.256,-57.503,124.048,1534.681,1549.945,1554.504,377.000,4.261,0.364,0.359,0.352,0.323,0.330,0.000,-4.300,0.914,-0.005,-0.700,0.461,0.461,-0.400,0.495,0.461,-0.400,0.500,0.461,-0.500,0.517,0.461,-0.600,0.513,0.461
20100729_0732,6.690,123.410,614.000,TA.TIGA.,31.439,-83.590,133.969,1596.347,1619.331,1626.376,378.000,3.178,0.184,0.323,0.330,0.353,0.348,-5.300,-1.900,0.618,-0.571,-6.400,0.717,0.717,-6.100,0.584,0.717,-6.300,0.556,0.717,-6.700,0.540,0.717,-6.700,0.539,0.717
20100729_0732,6.690,123.410,614.000,TA.S31A.,37.619,-99.484,120.346,1510.856,1523.675,1527.482,379.000,2.842,0.496,0.528,0.541,0.542,0.540,1.200,1.300,0.790,0.802,1.000,0.600,0.600,1.400,0.600,0.600,1.200,0.590,0.600,1.200,0.582,0.600,1.300,0.593,0.600
20100729_0732,6.690,123.410,614.000,TA.330A.,31.406,-101.175,122.889,1527.271,1541.743,1546.056,380.000,4.879,0.537,0.454,0.471,0.481,0.471,0.700,0.400,0.436,0.468,0.500,0.605,0.605,0.400,0.609,0.605,0.200,0.599,0.605,0.300,0.612,0.605,0.200,0.610,0.605
20100729_0732,6.690,123.410,614.000,XH.ESP04.01,-30.772,-64.409,154.827,1715.560,1759.935,1774.586,381.000,2.318,0.573,0.605,0.611,0.634,0.627,1.400,0.800,0.752,0.697,1.100,0.704,0.704,0.300,0.792,0.704,0.300,0.827,0.704,0.100,0.852,0.704,0.200,0.848,0.704
20100729_0732,6.690,123.410,614.000,TA.W29A.,35.121,-101.648,120.453,1511.549,1524.435,1528.262,382.000,3.042,0.443,0.455,0.468,0.472,0.472,0.500,0.600,0.925,0.913,0.200,0.673,0.673,0.400,0.660,0.673,0.200,0.667,0.673,0.300,0.665,0.673,0.300,0.665,0.673
20100729_0732,6.690,123.410,614.000,TA.736A.,28.955,-97.067,127.204,1554.635,1572.182,1577.451,383.000,4.024,0.484,0.543,0.548,0.532,0.540,1.200,1.200,0.941,0.948,0.700,0.942,0.942,0.700,0.943,0.942,0.400,0.944,0.942,0.400,0.944,0.942,0.400,0.944,0.942
20100729_0732,6.690,123.410,614.000,US.WMOK.,34.738,-98.781,122.570,1525.221,1539.479,1543.727,384.000,1.090,0.117,0.196,0.217,0.226,0.226,1.800,-1.700,0.623,-0.300,1.600,0.525,0.525,1.700,0.493,0.525,1.600,0.491,0.525,1.600,0.490,0.525,1.600,0.496,0.525
20100729_0732,6.690,123.410,614.000,AI.ORCD.,-60.738,-44.736,125.222,1542.147,1558.238,1563.053,385.000,1.438,0.060,-0.001,-0.018,-0.032,-0.033,-1.500,3.900,0.796,0.757,3.300,0.542,0.542,3.500,0.541,0.542,3.400,0.535,0.542,3.300,0.528,0.542,3.300,0.531,0.542
20100729_0732,6.690,123.410,614.000,TA.V36A.,35.786,-95.942,123.702,1532.474,1547.499,1551.983,386.000,2.054,0.432,0.322,0.330,0.335,0.328,1.900,1.900,0.806,0.754,1.600,0.662,0.662,1.500,0.685,0.662,1.500,0.682,0.662,1.400,0.687,0.662,1.500,0.690,0.662
20100729_0732,6.690,123.410,614.000,US.ACSO.,40.232,-82.982,127.154,1554.327,1571.837,1577.095,387.000,1.511,0.351,0.345,0.345,0.352,0.353,0.700,0.900,0.855,0.793,7.600,0.520,0.520,7.300,0.607,0.520,7.300,0.602,0.520,7.300,0.597,0.520,7.300,0.600,0.520
20100729_0732,6.690,123.410,614.000,II.RPN.00,-27.127,-109.334,126.032,1547.263,1563.939,1568.937,388.000,1.314,0.120,0.121,0.133,0.129,0.121,-7.100,-4.300,0.609,-0.675,-8.000,0.524,0.524,-8.300,0.512,0.524,-8.800,0.512,0.524,-8.500,0.512,0.524,-8.300,0.513,0.524
20100729_0732,6.690,123.410,614.000,IU.WCI.00,38.229,-86.294,127.271,1555.058,1572.656,1577.941,389.000,0.340,0.041,0.060,0.061,0.061,0.061,8.500,-4.200,0.525,-0.991,-1.700,0.484,0.484,-1.900,0.621,0.484,-1.900,0.622,0.484,-1.900,0.597,0.484,-1.800,0.607,0.484
20100729_0732,6.690,123.410,614.000,TA.Y28A.,33.909,-102.248,120.739,1513.405,1526.472,1530.355,390.000,2.266,0.591,0.634,0.643,0.648,0.641,-0.300,-4.400,0.756,-0.399,-0.800,0.541,0.541,-0.700,0.558,0.541,-0.700,0.566,0.541,-0.700,0.566,0.541,-0.700,0.562,0.541
20100729_0732,6.690,123.410,614.000,DR.SDD.,18.463,-69.917,151.619,1698.147,1738.817,1752.077,391.000,1.333,0.103,0.009,0.017,0.018,0.009,4.400,-3.500,0.685,0.624,-8.800,0.699,0.699,3.900,0.600,0.699,4.000,0.598,0.699,4.100,0.588,0.699,4.000,0.591,0.699
20100729_0732,6.690,123.410,614.000,TA.336A.,31.387,-96.844,125.902,1546.443,1563.025,1567.993,392.000,2.836,0.577,0.540,0.537,0.534,0.535,0.500,0.800,0.874,0.878,-0.100,0.900,0.900,-0.100,0.883,0.900,-0.300,0.882,0.900,-0.300,0.884,0.900,-0.300,0.884,0.900
20100729_0732,6.690,123.410,614.000,XY.U73B.,-33.916,-71.420,149.514,1686.535,1724.855,1737.249,393.000,3.775,0.484,0.516,0.504,0.494,0.503,1.400,1.500,0.790,0.812,1.900,0.814,0.814,0.600,0.904,0.814,0.600,0.904,0.814,0.400,0.903,0.814,0.400,0.904,0.814
20100729_0732,6.690,123.410,614.000,TA.U35A.,36.371,-96.732,122.837,1526.938,1541.375,1545.678,394.000,2.422,0.373,0.349,0.359,0.372,0.363,1.400,-2.100,0.757,-0.649,1.300,0.615,0.615,1.500,0.651,0.615,1.500,0.641,0.615,1.400,0.641,0.615,1.500,0.647,0.615
20100729_0732,6.690,123.410,614.000,YZ.CABA.,10.236,-85.343,146.738,1670.998,1706.315,1717.621,395.000,1.145,0.458,0.462,0.462,0.462,0.470,0.100,-3.000,0.652,-0.574,-0.500,0.734,0.734,0.500,0.806,0.734,-0.100,0.664,0.734,-0.200,0.657,0.734,-0.100,0.718,0.734
20100729_0732,6.690,123.410,614.000,TA.436A.,30.770,-96.796,126.310,1549.016,1565.896,1570.958,396.000,3.812,0.640,0.554,0.554,0.552,0.548,0.600,4.300,0.947,-0.941,0.100,0.892,0.892,0.100,0.862,0.892,-0.100,0.862,0.892,-0.100,0.866,0.892,-0.100,0.865,0.892
20100729_0732,6.690,123.410,614.000,US.BRAL.,31.169,-87.051,132.240,1585.827,1607.350,1613.906,397.000,3.984,0.618,0.484,0.489,0.496,0.493,1.100,1.100,0.874,0.837,0.100,0.766,0.766,0.200,0.897,0.766,0.100,0.894,0.766,-0.100,0.891,0.766,-0.100,0.892,0.766
20100729_0732,6.690,123.410,614.000,PE.PAGS.,40.228,-76.722,129.547,1569.250,1588.600,1594.443,398.000,2.568,0.420,0.285,0.289,0.275,0.269,-6.500,-5.700,0.532,0.406,-0.800,0.493,0.493,-7.700,0.451,0.493,-7.700,0.460,0.493,-8.000,0.452,0.493,-8.000,0.451,0.493
