evtid,evla,evlo,evdp,station,stla,stlo,gcarc,s2ks,s3ks,s4ks,tridx,snr,ccf1,ccf2,ccf3,ccf4,ccf5,t32_cc,t32_pp,ccf_cc,ccf_pp,t32_fw1,ccf_fw1,ccf_sg1,t32_fw2,ccf_fw2,ccf_sg2,t32_fw3,ccf_fw3,ccf_sg3,t32_fw4,ccf_fw4,ccf_sg4,t32_fw5,ccf_fw5,ccf_sg5,auto_selected,group,az
20110101_0957,-27.02,-63.21,586.0,PS.PATS.,6.837,158.315,135.749,1611.872,1636.319,1643.859,0.0,1.631,0.47,0.445,0.455,0.457,0.448,1.6,1.6,0.756,0.75,0.9,0.673,0.673,0.7,0.701,0.673,0.1,0.691,0.673,0.2,0.703,0.673,0.6,0.701,0.673,0,-1.0,-109.632
20110101_0957,-27.02,-63.21,586.0,HB.ZSH.00,32.25,110.217,172.258,1809.402,1876.148,1899.551,1.0,4.394,0.257,-0.117,-0.105,-0.103,-0.113,-2.1,4.0,0.632,0.298,8.0,0.751,0.751,12.6,0.504,0.751,12.6,0.511,0.751,12.6,0.514,0.751,12.6,0.508,0.751,0,-1.0,44.489
20110101_0957,-27.02,-63.21,586.0,YN.DOC.00,26.092,103.187,167.802,1787.569,1848.218,1869.134,2.0,2.749,0.089,0.213,0.215,0.214,0.212,5.5,5.0,0.752,0.771,4.7,0.689,0.689,0.9,0.678,0.689,1.2,0.719,0.689,1.2,0.708,0.689,1.0,0.688,0.689,0,-1.0,91.565
20110101_0957,-27.02,-63.21,586.0,GS.JFS.00,39.391,98.741,160.545,1750.669,1801.885,1819.114,3.0,0.4,-0.108,-0.076,-0.067,-0.061,-0.074,-7.1,-4.4,0.234,0.796,-6.3,0.257,0.257,-12.5,0.122,0.257,-12.0,0.143,0.257,-11.8,0.156,0.257,-12.3,0.129,0.257,0,-1.0,45.589
20110101_0957,-27.02,-63.21,586.0,GS.MQT.00,34.02,102.06,165.53,1776.191,1833.823,1853.534,4.0,2.019,-0.081,0.008,0.006,0.003,0.0,8.0,3.0,0.651,-0.493,-2.2,0.622,0.622,-1.5,0.695,0.622,-1.5,0.685,0.622,-1.5,0.684,0.622,-1.5,0.682,0.622,0,-1.0,56.976
20110101_0957,-27.02,-63.21,586.0,PS.TSK.,36.211,140.11,158.194,1738.356,1786.656,1802.778,5.0,2.281,0.236,0.203,0.163,0.174,0.185,-1.0,2.3,0.897,-0.95,5.6,0.533,0.533,5.7,0.595,0.533,5.3,0.538,0.533,5.3,0.545,0.533,5.4,0.56,0.533,0,-1.0,-59.082
20110101_0957,-27.02,-63.21,586.0,GS.TSS.00,34.342,106.021,168.206,1789.573,1850.764,1871.9,6.0,2.977,0.205,0.085,0.077,0.071,0.068,7.5,0.3,0.393,-0.607,0.9,0.651,0.651,6.6,0.4,0.651,6.6,0.413,0.651,6.5,0.417,0.651,6.5,0.413,0.651,0,-1.0,48.188
20110101_0957,-27.02,-63.21,586.0,GD.LTK.00,23.662,114.647,176.124,1827.856,1900.087,1925.749,7.0,5.986,0.298,0.339,0.357,0.344,0.353,-0.6,-0.6,0.713,0.657,0.6,0.702,0.702,0.4,0.828,0.702,0.3,0.81,0.702,0.4,0.772,0.702,0.4,0.779,0.702,1,0.0,152.447
20110101_0957,-27.02,-63.21,586.0,KN.CHM.,42.999,74.751,142.534,1651.84,1682.704,1692.439,8.0,2.65,0.017,-0.004,0.017,0.011,0.004,-4.6,-1.3,0.895,-0.646,3.3,0.702,0.702,4.3,0.599,0.702,4.6,0.529,0.702,4.5,0.546,0.702,4.4,0.572,0.702,0,-1.0,53.613
20110101_0957,-27.02,-63.21,586.0,ZJ.YOK.00,28.962,120.201,176.417,1829.237,1901.891,1927.728,9.0,8.387,0.405,0.526,0.508,0.514,0.521,3.2,3.4,0.72,0.723,4.5,0.661,0.661,4.3,0.584,0.661,3.9,0.484,0.661,3.9,0.498,0.661,4.0,0.541,0.661,1,1.0,-53.035
20110101_0957,-27.02,-63.21,586.0,GE.MNAI.,-4.36,102.956,145.89,1671.039,1705.353,1716.297,10.0,0.456,-0.138,-0.068,-0.076,-0.091,-0.093,-0.1,3.5,0.965,0.999,0.6,0.283,0.283,-0.5,0.31,0.283,-0.4,0.32,0.283,-0.3,0.347,0.283,0.4,0.332,0.283,0,-1.0,155.084
20110101_0957,-27.02,-63.21,586.0,XJ.KOL.00,41.888,85.805,150.678,1697.823,1737.325,1750.148,11.0,0.675,0.324,0.477,0.485,0.489,0.482,-5.4,-4.5,0.592,0.591,-0.4,0.416,0.416,0.1,0.493,0.416,-0.1,0.527,0.416,-0.1,0.538,0.416,0.0,0.524,0.416,0,-1.0,51.384
20110101_0957,-27.02,-63.21,586.0,BU.SZL.00,40.307,117.217,166.708,1782.109,1841.298,1861.628,12.0,5.016,0.239,0.184,0.182,0.167,0.176,-3.2,-3.1,0.752,0.641,-2.6,0.745,0.745,-2.6,0.655,0.745,-2.8,0.639,0.745,-3.0,0.616,0.745,-3.0,0.628,0.745,0,-1.0,-1.38
20110101_0957,-27.02,-63.21,586.0,JS.GAY.00,34.943,118.983,171.857,1807.463,1873.652,1896.827,13.0,4.281,0.093,0.221,0.217,0.22,0.225,-2.2,1.5,0.78,-0.818,6.8,0.696,0.696,-2.5,0.48,0.696,-2.5,0.478,0.696,-2.3,0.469,0.696,-2.3,0.47,0.696,0,-1.0,-12.215
20110101_0957,-27.02,-63.21,586.0,JX.HUC.00,25.606,115.774,178.319,1838.124,1913.553,1940.543,14.0,5.405,0.018,0.036,0.076,0.081,0.063,-1.2,-0.7,0.784,0.759,-3.7,0.488,0.488,-3.4,0.578,0.488,-3.5,0.579,0.488,-3.3,0.567,0.488,-3.3,0.552,0.488,0,-1.0,153.505
20110101_0957,-27.02,-63.21,586.0,JX.NAC.00,27.539,116.576,179.447,1843.347,1920.437,1948.124,15.0,10.149,0.489,0.579,0.586,0.585,0.58,0.8,4.4,0.808,-0.853,-0.1,0.613,0.613,-0.1,0.512,0.613,-0.1,0.582,0.613,-0.2,0.595,0.613,-0.1,0.558,0.613,1,2.0,10.911
20110101_0957,-27.02,-63.21,586.0,HA.XY.00,32.133,114.012,174.346,1819.429,1889.115,1913.725,16.0,3.696,0.116,0.117,0.118,0.114,0.097,-4.1,2.2,0.528,0.548,0.8,0.513,0.513,-1.7,0.597,0.513,-1.4,0.556,0.513,-1.2,0.536,0.513,-1.5,0.562,0.513,0,-1.0,23.073
20110101_0957,-27.02,-63.21,586.0,LN.FKU.00,42.508,123.347,163.615,1766.475,1821.611,1840.346,17.0,2.867,0.104,0.122,0.117,0.108,0.11,0.6,-2.6,0.76,-0.864,2.3,0.556,0.556,-11.0,0.38,0.556,-11.0,0.398,0.556,-11.0,0.409,0.556,-11.0,0.403,0.556,0,-1.0,-17.056
20110101_0957,-27.02,-63.21,586.0,GS.CXT.00,33.731,105.761,168.369,1790.378,1851.789,1873.012,18.0,3.428,0.203,0.102,0.087,0.083,0.085,4.0,0.0,0.733,-0.575,-1.1,0.646,0.646,6.3,0.734,0.646,6.4,0.727,0.646,6.4,0.727,0.646,6.3,0.735,0.646,0,-1.0,51.288
20110101_0957,-27.02,-63.21,586.0,BJ.DHC.00,39.861,116.11,167.146,1784.301,1844.073,1864.636,19.0,3.664,0.318,0.358,0.352,0.34,0.348,0.3,-3.5,0.762,-0.754,1.0,0.584,0.584,1.0,0.609,0.584,1.0,0.58,0.584,1.0,0.543,0.584,1.0,0.558,0.584,1,2.0,2.284
20110101_0957,-27.02,-63.21,586.0,JS.KS.00,31.39,120.95,174.319,1819.302,1888.951,1913.546,20.0,2.402,0.202,0.234,0.237,0.238,0.233,3.2,-0.3,0.756,-0.785,-3.4,0.611,0.611,-2.6,0.649,0.611,-2.8,0.608,0.611,-2.8,0.59,0.611,-2.8,0.595,0.611,0,-1.0,-36.7
20110101_0957,-27.02,-63.21,586.0,GE.FAKI.,-2.919,132.249,146.55,1674.775,1709.787,1720.979,21.0,8.444,0.518,0.458,0.467,0.477,0.476,0.8,1.0,0.681,0.632,0.7,0.918,0.918,1.1,0.924,0.918,1.0,0.925,0.918,0.8,0.929,0.918,0.8,0.929,0.918,1,-1.0,-151.402
20110101_0957,-27.02,-63.21,586.0,QH.QML.00,34.171,95.83,160.639,1751.158,1802.492,1819.766,22.0,2.406,-0.216,0.199,0.234,0.231,0.213,2.7,-1.1,0.643,-0.442,3.9,0.445,0.445,5.3,0.499,0.445,5.8,0.424,0.445,5.7,0.43,0.445,5.5,0.469,0.445,0,-1.0,62.982
20110101_0957,-27.02,-63.21,586.0,YN.MLA.00,21.426,101.528,165.014,1773.583,1830.538,1849.982,23.0,2.869,0.146,0.137,0.131,0.133,0.133,-1.3,-4.5,0.334,-0.852,-10.2,0.681,0.681,-9.4,0.667,0.681,-9.4,0.667,0.681,-9.4,0.667,0.681,-9.5,0.663,0.681,0,-1.0,109.297
20110101_0957,-27.02,-63.21,586.0,GS.HNT.00,35.691,105.07,166.777,1782.453,1841.733,1862.099,24.0,2.605,0.065,-0.092,-0.13,-0.151,-0.115,5.7,5.3,0.717,0.747,6.3,0.353,0.353,1.9,0.593,0.353,2.2,0.62,0.353,2.4,0.622,0.353,2.1,0.604,0.353,0,-1.0,45.445
20110101_0957,-27.02,-63.21,586.0,GD.NAP.00,23.26,117.283,176.213,1828.28,1900.64,1926.356,25.0,2.153,0.231,0.274,0.274,0.274,0.276,0.8,4.7,0.689,-0.52,9.9,0.444,0.444,0.4,0.642,0.444,0.2,0.635,0.444,0.1,0.624,0.444,0.1,0.631,0.444,0,-1.0,-173.885
20110101_0957,-27.02,-63.21,586.0,HB.SYA.00,32.597,110.719,172.332,1809.758,1876.607,1900.053,26.0,3.379,0.258,-0.293,-0.307,-0.31,-0.303,-3.0,3.2,0.476,0.257,7.2,0.792,0.792,4.5,0.625,0.792,4.4,0.607,0.792,4.5,0.601,0.792,4.5,0.613,0.792,0,-1.0,40.432
20110101_0957,-27.02,-63.21,586.0,JL.SYZT.00,43.539,125.674,161.986,1758.12,1811.162,1829.089,27.0,1.234,-0.022,0.102,0.094,0.094,0.094,-2.9,-2.6,0.537,0.445,5.6,0.574,0.574,-9.6,0.363,0.574,-9.8,0.372,0.574,-9.8,0.385,0.574,-9.8,0.385,0.574,0,-1.0,-20.91
20110101_0957,-27.02,-63.21,586.0,KN.KBK.,42.656,74.948,142.742,1653.038,1684.111,1693.918,28.0,1.043,0.1,0.057,0.073,0.07,0.062,-5.5,2.1,0.798,0.609,3.0,0.664,0.664,3.7,0.681,0.664,4.0,0.597,0.664,3.9,0.608,0.664,3.7,0.653,0.664,0,-1.0,54.122
20110101_0957,-27.02,-63.21,586.0,XJ.AHQ.00,40.934,78.459,145.647,1669.665,1703.724,1714.578,29.0,1.575,0.009,0.019,0.033,0.032,0.025,-4.4,-3.4,0.672,0.419,5.0,0.683,0.683,6.3,0.485,0.683,6.1,0.422,0.683,6.1,0.429,0.683,6.2,0.459,0.683,0,-1.0,56.104
20110101_0957,-27.02,-63.21,586.0,JX.XIS.00,29.04,114.563,177.182,1832.825,1906.59,1932.888,30.0,4.547,0.416,0.117,0.125,0.123,0.119,4.6,4.5,0.617,0.402,-9.8,0.365,0.365,5.4,0.643,0.365,5.4,0.635,0.365,5.5,0.632,0.365,5.4,0.64,0.365,0,-1.0,39.217
20110101_0957,-27.02,-63.21,586.0,SX.LNQ.00,39.382,114.021,167.424,1785.687,1845.83,1866.542,31.0,6.47,-0.078,-0.042,-0.048,-0.048,-0.042,-0.4,3.4,0.713,-0.8,8.0,0.588,0.588,7.5,0.648,0.588,7.5,0.643,0.588,7.5,0.636,0.588,7.4,0.639,0.588,0,-1.0,9.609
20110101_0957,-27.02,-63.21,586.0,TM.PBKT.,16.573,100.969,162.004,1758.216,1811.282,1829.217,32.0,3.129,0.102,0.124,0.121,0.123,0.124,-1.6,-1.3,0.454,0.458,1.1,0.731,0.731,-6.3,0.652,0.731,-6.3,0.658,0.731,-6.3,0.659,0.731,-6.3,0.654,0.731,0,-1.0,122.966
20110101_0957,-27.02,-63.21,586.0,QH.MEY.00,37.472,101.4,163.347,1765.102,1819.892,1838.491,33.0,6.645,0.07,0.113,0.123,0.133,0.121,-2.5,1.1,0.672,-0.927,-3.8,0.722,0.722,-3.3,0.766,0.722,-3.3,0.784,0.722,-3.3,0.785,0.722,-3.3,0.775,0.722,0,-1.0,46.812
20110101_0957,-27.02,-63.21,586.0,HB.ZHX.00,31.172,112.727,174.538,1820.344,1890.303,1915.026,34.0,2.729,0.147,0.103,0.103,0.104,0.088,-0.2,0.1,0.68,0.586,4.6,0.356,0.356,5.3,0.392,0.356,5.4,0.41,0.356,5.5,0.414,0.356,5.3,0.402,0.356,0,-1.0,37.428
20110101_0957,-27.02,-63.21,586.0,YP.NE88.,46.168,123.289,160.171,1748.722,1799.468,1816.519,35.0,1.11,0.059,0.057,0.057,0.059,0.057,-0.1,0.2,0.987,0.983,2.4,0.645,0.645,-1.3,0.626,0.645,-1.3,0.622,0.645,-1.3,0.606,0.645,-1.3,0.614,0.645,0,-1.0,-13.182
20110101_0957,-27.02,-63.21,586.0,GS.AXX.00,40.517,95.8,158.04,1737.544,1785.656,1801.707,36.0,0.333,-0.018,-0.022,-0.021,-0.021,-0.022,-5.2,-2.5,0.142,0.834,-8.2,0.349,0.349,-6.7,0.515,0.349,-6.6,0.519,0.349,-6.5,0.525,0.349,-6.6,0.518,0.349,0,-1.0,46.442
20110101_0957,-27.02,-63.21,586.0,JL.YFT.00,41.362,126.512,163.583,1766.311,1821.406,1840.125,37.0,1.068,0.071,0.072,0.057,0.049,0.053,2.3,2.2,0.605,0.673,-2.3,0.647,0.647,-1.2,0.912,0.647,-1.1,0.924,0.647,-0.9,0.924,0.647,-1.0,0.925,0.647,0,-1.0,-26.217
20110101_0957,-27.02,-63.21,586.0,HI.QIH.00,19.222,110.476,170.282,1799.791,1863.807,1886.089,38.0,3.061,0.138,0.311,0.316,0.3,0.311,-1.1,-1.0,0.757,0.758,-10.8,0.293,0.293,-10.1,0.295,0.293,-10.0,0.301,0.293,-9.9,0.322,0.293,-10.0,0.3,0.293,0,-1.0,143.367
20110101_0957,-27.02,-63.21,586.0,AH.SIX.00,33.558,117.859,173.398,1814.892,1883.236,1907.295,39.0,2.319,0.217,0.309,0.303,0.3,0.31,-1.1,-3.9,0.642,-0.603,-1.9,0.65,0.65,-1.3,0.684,0.65,-1.3,0.68,0.65,-1.3,0.682,0.65,-1.3,0.689,0.65,1,2.0,-7.316
20110101_0957,-27.02,-63.21,586.0,GD.SHT.00,23.416,116.626,176.393,1829.124,1901.744,1927.567,40.0,4.643,0.246,0.236,0.229,0.23,0.226,-1.1,-2.6,0.534,0.451,5.1,0.576,0.576,5.2,0.595,0.576,5.1,0.578,0.576,5.0,0.558,0.576,5.0,0.566,0.576,0,-1.0,177.885
20110101_0957,-27.02,-63.21,586.0,YP.NE6A.,44.806,124.54,161.162,1753.866,1805.86,1823.386,41.0,4.479,-0.072,0.147,0.145,0.147,0.147,1.0,0.9,0.878,0.843,-7.3,0.489,0.489,7.4,0.427,0.489,7.3,0.498,0.489,7.1,0.532,0.489,7.2,0.517,0.489,0,-1.0,-16.99
20110101_0957,-27.02,-63.21,586.0,IC.MDJ.10,44.618,129.593,159.625,1745.875,1795.941,1812.733,42.0,1.967,0.163,0.172,0.145,0.122,0.134,0.3,-3.1,0.774,-0.766,1.6,0.414,0.414,1.0,0.428,0.414,0.9,0.425,0.414,-7.7,0.433,0.414,-7.8,0.427,0.414,0,-1.0,-26.639
20110101_0957,-27.02,-63.21,586.0,NM.NIC.00,41.725,118.875,165.196,1774.503,1831.696,1851.233,43.0,2.225,0.266,0.226,0.225,0.22,0.22,1.6,1.3,0.76,0.75,0.8,0.711,0.711,1.6,0.637,0.711,1.5,0.628,0.711,1.6,0.618,0.711,1.6,0.622,0.711,0,-1.0,-5.968
20110101_0957,-27.02,-63.21,586.0,NM.RLT.00,43.686,111.923,162.876,1762.694,1816.878,1835.243,44.0,4.156,0.237,0.377,0.292,0.29,0.295,-4.9,-1.5,0.487,-0.468,-5.6,0.338,0.338,0.1,0.575,0.338,-5.9,0.348,0.338,-5.9,0.359,0.338,-5.9,0.355,0.338,0,-1.0,11.821
20110101_0957,-27.02,-63.21,586.0,YP.NE57.,44.123,123.258,162.121,1758.817,1812.033,1830.026,45.0,1.467,0.033,0.011,0.016,0.019,0.019,-7.4,-4.1,0.48,-0.564,-7.8,0.447,0.447,-5.8,0.45,0.447,-5.7,0.456,0.447,-5.6,0.459,0.447,-5.7,0.451,0.447,0,-1.0,-15.032
20110101_0957,-27.02,-63.21,586.0,FJ.QZH.00,24.942,118.595,177.364,1833.678,1907.708,1934.116,46.0,7.455,0.395,0.43,0.442,0.45,0.445,-1.4,-1.3,0.97,0.966,-1.0,0.489,0.489,-0.7,0.743,0.489,-0.8,0.766,0.489,-0.8,0.775,0.489,-0.7,0.76,0.489,1,3.0,-146.413
20110101_0957,-27.02,-63.21,586.0,AK.TNA.,65.56,-167.927,120.479,1516.472,1529.304,1533.114,47.0,0.412,0.024,0.027,0.032,0.034,0.034,8.9,-4.3,0.299,-0.952,-9.8,0.463,0.463,-9.4,0.439,0.463,-9.5,0.503,0.463,-9.4,0.479,0.463,-9.4,0.479,0.463,0,-1.0,-27.728
20110101_0957,-27.02,-63.21,586.0,QH.XUH.00,35.862,102.498,164.965,1773.336,1830.227,1849.646,48.0,4.026,0.145,0.253,0.245,0.254,0.254,-2.0,2.2,0.424,-0.585,-3.2,0.577,0.577,-2.4,0.735,0.577,-2.5,0.738,0.577,-2.4,0.747,0.577,-2.4,0.742,0.577,0,-1.0,49.906
20110101_0957,-27.02,-63.21,586.0,IC.SSE.00,31.095,121.189,174.399,1819.681,1889.442,1914.084,49.0,5.005,0.287,0.27,0.264,0.345,0.341,7.5,-0.7,0.426,0.127,0.6,0.903,0.903,1.8,0.681,0.903,1.6,0.674,0.903,0.4,0.948,0.903,0.5,0.946,0.903,0,-1.0,-40.176
20110101_0957,-27.02,-63.21,586.0,SC.EMS.00,29.577,103.454,167.99,1788.503,1849.404,1870.422,50.0,3.949,0.048,0.042,0.034,0.035,0.033,-6.1,-2.7,0.712,-0.868,2.5,0.681,0.681,-9.7,0.622,0.681,-9.6,0.606,0.681,-9.6,0.611,0.681,-9.7,0.617,0.681,0,-1.0,74.302
20110101_0957,-27.02,-63.21,586.0,TM.PHRA.,18.499,100.229,162.538,1760.961,1814.711,1832.909,51.0,4.173,0.032,0.244,0.257,0.258,0.25,-1.3,-4.5,0.57,-0.418,-10.2,0.428,0.428,0.5,0.514,0.428,0.5,0.519,0.428,0.5,0.519,0.428,0.5,0.517,0.428,0,-1.0,116.422
20110101_0957,-27.02,-63.21,586.0,FJ.YCSG.00,25.336,118.227,177.879,1836.078,1910.862,1937.583,52.0,9.65,0.324,0.344,0.377,0.384,0.366,0.3,-0.4,0.865,0.703,3.4,0.661,0.661,3.2,0.63,0.661,2.9,0.625,0.661,3.0,0.618,0.661,3.1,0.622,0.661,1,3.0,-148.049
20110101_0957,-27.02,-63.21,586.0,RM.SZP.,17.552,120.455,169.945,1798.143,1861.697,1883.79,53.0,5.915,0.403,0.42,0.415,0.418,0.42,0.7,-4.3,0.575,-0.501,5.4,0.596,0.596,5.5,0.668,0.596,5.4,0.691,0.596,5.2,0.713,0.596,5.2,0.711,0.596,1,3.0,-160.404
20110101_0957,-27.02,-63.21,586.0,GS.HYS.00,38.401,102.831,163.683,1766.82,1822.044,1840.812,54.0,1.902,0.19,0.006,0.065,0.065,-0.008,4.2,0.5,0.639,-0.679,-5.1,0.613,0.613,-4.5,0.756,0.613,4.3,0.691,0.613,4.2,0.688,0.613,-4.5,0.754,0.613,0,-1.0,41.77
20110101_0957,-27.02,-63.21,586.0,YN.YUM.00,25.689,101.861,166.564,1781.39,1840.387,1860.641,55.0,2.531,-0.039,0.041,-0.004,-0.003,-0.007,1.3,1.3,0.607,0.496,2.7,0.642,0.642,-2.8,0.51,0.642,2.7,0.504,0.642,2.7,0.5,0.642,2.7,0.492,0.642,0,-1.0,92.622
20110101_0957,-27.02,-63.21,586.0,GS.HCH.00,36.25,108.461,168.371,1790.39,1851.804,1873.029,56.0,8.036,0.046,-0.016,0.005,-0.006,-0.013,5.9,2.4,0.538,-0.601,5.5,0.383,0.383,0.8,0.409,0.383,1.0,0.35,0.383,-6.1,0.315,0.383,0.9,0.367,0.383,0,-1.0,34.6
20110101_0957,-27.02,-63.21,586.0,HI.DOF.00,19.066,108.729,169.131,1794.141,1856.584,1878.225,57.0,4.073,-0.156,0.217,0.322,0.215,0.219,-0.4,4.7,0.529,-0.803,6.6,0.408,0.408,1.5,0.605,0.408,0.6,0.944,0.408,1.5,0.58,0.408,1.4,0.592,0.408,0,-1.0,136.598
20110101_0957,-27.02,-63.21,586.0,HB.DJI.00,32.553,111.525,172.827,1812.148,1879.691,1903.42,58.0,6.572,0.19,0.214,0.204,0.202,0.208,-4.2,4.2,0.646,-0.88,-3.8,0.488,0.488,-2.1,0.49,0.488,-2.1,0.48,0.488,-2.1,0.479,0.488,-2.1,0.49,0.488,0,-1.0,36.729
20110101_0957,-27.02,-63.21,586.0,GS.HZT.00,35.01,102.911,165.694,1777.018,1834.866,1854.662,59.0,3.488,0.073,0.076,0.07,0.067,0.07,8.7,4.5,0.572,-0.065,-0.4,0.387,0.387,-0.1,0.399,0.387,0.2,0.363,0.387,0.2,0.361,0.387,0.0,0.371,0.387,0,-1.0,52.072
20110101_0957,-27.02,-63.21,586.0,HL.TAH.00,52.336,124.667,154.004,1715.979,1759.279,1773.517,60.0,4.374,0.277,0.301,0.307,0.312,0.31,-0.9,-0.6,0.626,0.629,-0.5,0.496,0.496,13.4,0.348,0.496,13.4,0.348,0.496,13.4,0.349,0.496,13.4,0.352,0.496,0,-1.0,-10.926
20110101_0957,-27.02,-63.21,586.0,YP.NE63.,44.786,117.814,162.215,1759.298,1812.634,1830.673,61.0,0.348,-0.021,-0.01,-0.012,-0.016,-0.014,-9.4,-4.4,0.175,0.844,4.1,0.202,0.202,5.3,0.215,0.202,5.4,0.218,0.202,5.7,0.218,0.202,5.5,0.219,0.202,0,-1.0,-2.34
20110101_0957,-27.02,-63.21,586.0,HE.XIL.00,40.406,117.471,166.602,1781.578,1840.625,1860.899,62.0,2.62,0.258,0.175,0.176,0.164,0.172,-0.3,-0.1,0.938,0.942,0.3,0.796,0.796,1.2,0.698,0.796,1.3,0.666,0.796,1.4,0.626,0.796,1.3,0.644,0.796,0,-1.0,-2.182
20110101_0957,-27.02,-63.21,586.0,HI.YML.00,19.853,110.28,170.674,1801.709,1866.264,1888.767,63.0,0.358,-0.008,-0.008,-0.008,-0.008,-0.009,11.1,-3.3,0.316,-0.129,-4.7,0.446,0.446,7.4,0.338,0.446,7.3,0.332,0.446,7.3,0.327,0.446,7.3,0.336,0.446,0,-1.0,140.28
20110101_0957,-27.02,-63.21,586.0,YP.NEA6.,47.606,124.995,158.435,1739.626,1788.222,1804.456,64.0,0.31,0.018,0.006,0.006,0.007,0.006,-0.1,-3.3,0.514,0.932,-0.7,0.696,0.696,-0.5,0.573,0.696,-0.4,0.589,0.696,-0.4,0.592,0.696,-0.4,0.584,0.696,0,-1.0,-15.003
20110101_0957,-27.02,-63.21,586.0,NM.WLT.00,46.04,122.027,160.531,1750.598,1801.796,1819.019,65.0,2.361,0.163,0.179,0.18,0.18,0.179,0.3,0.5,0.77,0.75,-6.1,0.626,0.626,-4.3,0.628,0.626,-4.2,0.614,0.626,-4.1,0.592,0.626,-4.1,0.601,0.626,0,-1.0,-10.805
20110101_0957,-27.02,-63.21,586.0,GS.DBT.00,34.06,103.23,166.383,1780.478,1839.235,1859.392,66.0,2.563,0.135,0.127,0.12,0.127,0.125,-6.5,4.1,0.528,-0.031,0.2,0.704,0.704,-0.1,0.613,0.704,-0.1,0.596,0.704,-0.1,0.605,0.704,-0.1,0.606,0.704,0,-1.0,54.982
20110101_0957,-27.02,-63.21,586.0,JS.TZ.00,32.409,119.919,173.965,1817.611,1886.757,1911.145,67.0,2.29,0.209,0.344,0.328,0.313,0.322,-2.4,-2.5,0.806,0.823,-0.6,0.625,0.625,-6.6,0.618,0.625,0.1,0.613,0.625,0.0,0.594,0.625,0.1,0.615,0.625,1,-1.0,-24.499
20110101_0957,-27.02,-63.21,586.0,XZ.NAQ.00,31.45,92.09,158.045,1737.574,1785.693,1801.746,68.0,1.445,0.252,0.34,0.365,0.362,0.349,1.7,-2.1,0.71,-0.571,-2.6,0.61,0.61,5.4,0.383,0.61,5.9,0.375,0.61,5.9,0.373,0.61,5.6,0.379,0.61,0,-1.0,72.401
20110101_0957,-27.02,-63.21,586.0,HI.SAJ.00,19.889,110.641,170.911,1802.865,1867.746,1890.383,69.0,3.536,0.032,0.075,0.083,0.091,0.085,8.6,4.6,0.57,-0.768,-2.7,0.68,0.68,10.7,0.565,0.68,10.7,0.564,0.68,10.7,0.567,0.68,10.7,0.57,0.68,0,-1.0,141.835
20110101_0957,-27.02,-63.21,586.0,YN.CZS.00,24.904,98.667,163.584,1766.313,1821.409,1840.127,70.0,0.348,0.001,0.008,0.006,0.007,0.007,-11.1,-5.3,0.181,0.705,-8.1,0.408,0.408,-7.7,0.392,0.408,-7.5,0.335,0.408,-7.6,0.353,0.408,-7.6,0.374,0.408,0,-1.0,93.647
20110101_0957,-27.02,-63.21,586.0,XW.DESH.,12.583,54.239,119.984,1513.25,1525.773,1529.489,71.0,2.004,0.027,0.001,0.066,-0.004,-0.001,0.4,-3.4,0.731,-0.576,5.4,0.447,0.447,3.0,0.543,0.447,-5.9,0.33,0.447,3.1,0.542,0.447,3.0,0.543,0.447,0,-1.0,90.846
20110101_0957,-27.02,-63.21,586.0,MY.KOM.,1.792,103.847,151.884,1704.45,1745.31,1758.635,72.0,5.809,0.356,0.293,0.299,0.308,0.296,-2.9,-2.9,0.446,0.496,7.9,0.641,0.641,7.4,0.633,0.641,7.4,0.631,0.641,7.3,0.616,0.641,7.4,0.633,0.641,0,-1.0,151.985
20110101_0957,-27.02,-63.21,586.0,HB.DWU.00,31.499,114.12,174.952,1822.315,1892.865,1917.832,73.0,4.238,0.197,0.126,0.134,0.133,0.112,-5.6,-5.2,0.577,0.352,-2.3,0.699,0.699,-3.6,0.806,0.699,-3.5,0.813,0.699,-3.4,0.814,0.699,-3.6,0.811,0.699,0,-1.0,24.973
20110101_0957,-27.02,-63.21,586.0,XJ.KSZ.00,39.591,75.941,143.981,1660.163,1692.492,1702.738,74.0,0.768,0.127,0.273,0.259,0.262,0.27,6.1,2.1,0.497,-0.583,4.8,0.42,0.42,6.8,0.563,0.42,7.0,0.593,0.42,7.0,0.592,0.42,6.9,0.578,0.42,0,-1.0,58.995
20110101_0957,-27.02,-63.21,586.0,YP.NE5A.,44.074,126.907,161.099,1753.541,1805.455,1822.95,75.0,1.658,0.094,0.171,0.029,0.032,0.033,7.5,-2.1,0.324,-0.32,-6.7,0.58,0.58,-6.2,0.59,0.58,-7.6,0.41,0.58,-7.6,0.412,0.58,-7.6,0.406,0.58,0,-1.0,-22.622
20110101_0957,-27.02,-63.21,586.0,YN.MLP.00,23.128,104.702,168.387,1790.47,1851.906,1873.14,76.0,0.36,0.065,0.055,0.055,0.054,0.054,9.7,5.3,0.231,0.453,0.2,0.706,0.706,-3.7,0.516,0.706,-3.5,0.538,0.706,-3.6,0.53,0.706,-3.7,0.52,0.706,0,-1.0,107.734
20110101_0957,-27.02,-63.21,586.0,HL.WUC.00,45.125,127.08,160.116,1748.433,1799.11,1816.135,77.0,3.689,0.11,0.261,0.278,0.275,0.272,0.3,0.0,0.532,0.524,5.3,0.57,0.57,0.6,0.559,0.57,0.5,0.551,0.57,0.5,0.537,0.57,0.5,0.537,0.57,0,-1.0,-21.479
20110101_0957,-27.02,-63.21,586.0,SN.NSHT.00,33.325,108.323,170.346,1800.106,1864.21,1886.528,78.0,2.582,-0.227,-0.218,-0.228,-0.217,-0.215,4.3,4.4,0.852,0.796,-2.4,0.455,0.455,-1.8,0.644,0.455,-1.7,0.659,0.455,-1.6,0.682,0.455,-1.7,0.663,0.455,0,-1.0,46.097
20110101_0957,-27.02,-63.21,586.0,SD.TCH.00,34.703,118.457,172.185,1809.051,1875.696,1899.058,79.0,5.163,-0.129,0.027,0.052,0.063,0.051,-4.2,-4.0,0.916,0.958,-3.2,0.742,0.742,-2.9,0.673,0.742,-2.8,0.665,0.742,-2.8,0.657,0.742,-2.8,0.662,0.742,0,-1.0,-9.643
20110101_0957,-27.02,-63.21,586.0,YN.YAJ.00,28.112,104.231,168.819,1792.604,1854.623,1876.093,80.0,0.862,0.192,0.156,-0.038,-0.036,-0.03,2.3,2.8,0.837,0.597,-1.6,0.634,0.634,-1.4,0.791,0.634,8.3,0.6,0.634,8.3,0.599,0.634,8.3,0.599,0.634,0,-1.0,81.413
20110101_0957,-27.02,-63.21,586.0,AH.LAN.00,31.715,116.501,175.298,1823.956,1895.001,1920.172,81.0,5.379,-0.044,0.004,0.004,0.002,0.002,-0.4,-0.1,0.659,0.646,-3.6,0.648,0.648,-2.5,0.725,0.648,-2.4,0.766,0.648,-2.3,0.788,0.648,-2.4,0.773,0.648,0,-1.0,2.748
20110101_0957,-27.02,-63.21,586.0,GX.PXS.00,22.13,106.751,169.649,1796.692,1859.841,1881.77,82.0,2.556,0.057,0.138,0.149,0.148,0.145,1.3,1.3,0.876,0.925,-3.5,0.742,0.742,6.8,0.569,0.742,6.9,0.566,0.742,6.9,0.565,0.742,6.9,0.572,0.742,0,-1.0,117.161
20110101_0957,-27.02,-63.21,586.0,HE.XIT.00,38.529,114.366,168.314,1790.105,1851.442,1872.636,83.0,5.819,0.035,0.09,0.068,0.045,0.068,0.2,4.0,0.456,-0.745,6.8,0.514,0.514,2.1,0.496,0.514,2.2,0.444,0.514,6.1,0.396,0.514,2.3,0.418,0.514,0,-1.0,9.122
20110101_0957,-27.02,-63.21,586.0,TM.PRAC.,12.473,99.793,158.426,1739.583,1788.168,1804.398,84.0,1.216,0.104,0.16,0.154,0.153,0.158,-0.4,3.9,0.589,-0.765,1.6,0.275,0.275,3.9,0.362,0.275,3.8,0.398,0.275,3.7,0.402,0.275,3.9,0.376,0.275,0,-1.0,129.697
20110101_0957,-27.02,-63.21,586.0,SX.LIS.00,37.529,111.242,168.498,1791.017,1852.602,1873.896,85.0,4.478,0.117,-0.013,-0.023,0.125,-0.023,4.7,4.4,0.732,0.479,4.9,0.335,0.335,10.6,0.419,0.335,10.8,0.381,0.335,1.8,0.427,0.335,10.8,0.381,0.335,0,-1.0,21.985
20110101_0957,-27.02,-63.21,586.0,YN.LIC.00,23.878,100.069,164.591,1771.439,1827.842,1847.069,86.0,2.843,0.274,0.173,0.166,0.17,0.173,1.2,-2.5,0.296,-0.553,-7.8,0.635,0.635,-7.2,0.691,0.635,-7.1,0.69,0.635,-7.2,0.683,0.635,-7.2,0.682,0.635,0,-1.0,98.488
20110101_0957,-27.02,-63.21,586.0,TM.CHBT.,12.744,102.353,160.336,1749.58,1800.533,1817.662,87.0,0.509,0.026,0.032,0.031,0.03,0.031,-4.9,4.3,0.512,-0.904,-2.6,0.579,0.579,-0.6,0.789,0.579,-1.5,0.711,0.579,-1.8,0.687,0.579,-0.9,0.76,0.579,0,-1.0,134.404
20110101_0957,-27.02,-63.21,586.0,GS.WYT.00,35.04,104.1,166.508,1781.107,1840.03,1860.254,88.0,5.742,0.153,0.185,0.19,0.191,0.187,0.5,3.9,0.523,-0.739,1.1,0.533,0.533,-0.2,0.63,0.533,-0.2,0.629,0.533,-0.2,0.627,0.533,-0.2,0.625,0.533,0,-1.0,49.768
20110101_0957,-27.02,-63.21,586.0,CQ.CHS.00,29.905,107.232,171.12,1803.881,1869.049,1891.805,89.0,3.908,0.409,0.337,0.332,0.32,0.342,4.8,4.7,0.874,0.848,7.6,0.726,0.726,9.3,0.536,0.726,10.0,0.613,0.726,9.9,0.591,0.726,-0.4,0.568,0.726,1,4.0,68.059
20110101_0957,-27.02,-63.21,586.0,IU.YAK.00,62.031,129.68,143.951,1659.992,1692.29,1702.524,90.0,2.512,0.093,0.044,0.039,0.039,0.038,0.0,-0.1,0.554,0.556,9.0,0.363,0.363,1.8,0.475,0.363,1.7,0.476,0.363,1.8,0.47,0.363,1.7,0.478,0.363,0,-1.0,-10.21
20110101_0957,-27.02,-63.21,586.0,HB.YXI.00,32.986,110.432,171.885,1807.597,1873.824,1897.015,91.0,3.233,0.053,-0.13,-0.153,-0.159,-0.148,-1.6,1.7,0.769,-0.788,-3.5,0.442,0.442,-2.9,0.604,0.442,-2.8,0.615,0.442,-2.8,0.611,0.442,-2.9,0.602,0.442,0,-1.0,39.794
20110101_0957,-27.02,-63.21,586.0,YP.NE39.,42.979,123.287,163.191,1764.308,1818.897,1837.419,92.0,3.086,0.096,0.038,0.028,0.018,0.03,-0.1,-3.3,0.722,-0.946,1.5,0.69,0.69,-5.4,0.786,0.69,-5.3,0.789,0.69,-5.2,0.793,0.69,-5.3,0.788,0.69,0,-1.0,-16.349
20110101_0957,-27.02,-63.21,586.0,SH.SSE.00,31.096,121.188,174.399,1819.679,1889.44,1914.081,93.0,5.184,0.239,0.385,0.357,0.307,0.306,-11.8,1.9,0.345,-0.236,-2.7,0.818,0.818,-0.6,0.795,0.818,-0.8,0.81,0.818,-2.4,0.824,0.818,-2.4,0.827,0.818,0,-1.0,-40.163
20110101_0957,-27.02,-63.21,586.0,JL.YNB.00,43.003,129.489,160.98,1752.928,1804.693,1822.131,94.0,4.341,0.203,0.195,0.212,0.219,0.212,0.2,0.2,0.632,0.616,-9.0,0.492,0.492,-9.1,0.505,0.492,-9.2,0.505,0.492,-9.2,0.502,0.492,-9.2,0.498,0.492,0,-1.0,-29.2
20110101_0957,-27.02,-63.21,586.0,JS.PX.00,34.8,116.9,172.219,1809.216,1875.909,1899.29,95.0,1.033,-0.101,-0.089,-0.086,-0.084,-0.084,-4.9,-1.5,0.66,-0.933,-5.0,0.714,0.714,-4.7,0.732,0.714,-4.7,0.739,0.714,-4.6,0.743,0.714,-4.6,0.739,0.714,0,-1.0,-0.634
20110101_0957,-27.02,-63.21,586.0,CQ.WAZ.00,30.752,108.461,171.811,1807.239,1873.363,1896.512,96.0,1.946,-0.017,-0.301,-0.312,-0.316,-0.306,1.3,1.3,0.909,0.923,13.1,0.289,0.289,2.1,0.639,0.289,2.0,0.681,0.289,2.0,0.683,0.289,2.1,0.646,0.289,0,-1.0,59.805
20110101_0957,-27.02,-63.21,586.0,HL.LBE.00,47.596,130.829,156.674,1730.301,1776.758,1792.184,97.0,3.488,0.3,0.358,0.346,0.341,0.342,-0.7,-0.6,0.88,0.9,-0.5,0.637,0.637,0.3,0.551,0.637,-9.1,0.472,0.637,-9.1,0.497,0.637,-9.1,0.489,0.637,1,5.0,-24.184
20110101_0957,-27.02,-63.21,586.0,IC.QIZ.01,19.029,109.844,169.772,1797.296,1860.614,1882.612,98.0,6.724,0.068,0.232,0.26,0.26,0.248,0.0,0.1,0.744,0.729,-9.5,0.268,0.268,1.6,0.434,0.268,-5.6,0.444,0.268,-5.5,0.448,0.268,-5.6,0.45,0.268,0,-1.0,141.215
20110101_0957,-27.02,-63.21,586.0,YN.YIM.00,24.7,102.144,166.626,1781.7,1840.779,1861.066,99.0,0.391,0.036,0.008,0.011,0.01,0.007,-0.9,-0.1,0.733,0.535,2.0,0.549,0.549,3.1,0.409,0.549,3.1,0.404,0.549,3.1,0.405,0.549,3.2,0.408,0.549,0,-1.0,97.155
20110101_0957,-27.02,-63.21,586.0,SC.HYS.00,30.416,106.84,170.641,1801.547,1866.056,1888.541,100.0,1.928,-0.036,-0.052,-0.082,-0.083,-0.061,5.6,5.4,0.707,0.375,-0.2,0.596,0.596,-0.1,0.805,0.596,0.0,0.803,0.596,-0.1,0.812,0.596,-0.1,0.815,0.596,0,-1.0,65.614
20110101_0957,-27.02,-63.21,586.0,HI.JFL.00,18.704,108.789,168.894,1792.975,1855.097,1876.608,101.0,5.708,0.346,0.265,0.258,0.253,0.258,-0.1,4.1,0.714,-0.89,2.5,0.682,0.682,1.2,0.926,0.682,1.3,0.922,0.682,1.2,0.917,0.682,1.2,0.922,0.682,0,-1.0,138.028
20110101_0957,-27.02,-63.21,586.0,YP.NE7G.,45.921,132.497,157.36,1733.945,1781.23,1796.969,102.0,0.349,0.022,0.032,0.03,0.028,0.03,-3.8,-4.0,0.253,0.977,2.8,0.313,0.313,3.1,0.325,0.313,3.2,0.319,0.313,3.1,0.319,0.313,3.1,0.318,0.313,0,-1.0,-29.031
20110101_0957,-27.02,-63.21,586.0,YP.NE91.,46.926,120.732,159.853,1747.062,1797.411,1814.31,103.0,3.523,0.195,0.148,0.149,0.153,0.152,5.1,-4.6,0.648,-0.658,-0.1,0.822,0.822,0.4,0.438,0.822,0.4,0.424,0.822,0.3,0.412,0.822,0.3,0.422,0.822,0,-1.0,-7.73
20110101_0957,-27.02,-63.21,586.0,SX.JIC.00,37.712,112.436,168.697,1792.001,1853.856,1875.259,104.0,3.568,0.117,0.134,0.134,0.133,0.135,5.8,5.6,0.651,0.631,14.1,0.496,0.496,11.7,0.486,0.496,11.7,0.492,0.496,11.9,0.487,0.496,11.8,0.491,0.496,0,-1.0,17.317
20110101_0957,-27.02,-63.21,586.0,XW.NIMR.,18.541,55.838,123.68,1537.094,1552.028,1556.482,105.0,1.472,0.08,-0.179,-0.182,-0.187,-0.179,1.0,4.1,0.556,-0.517,12.3,0.583,0.583,-4.8,0.5,0.583,-10.2,0.438,0.583,-4.5,0.474,0.583,-4.8,0.495,0.583,0,-1.0,85.05
20110101_0957,-27.02,-63.21,586.0,HE.YON.00,36.754,114.422,170.062,1798.714,1862.427,1884.587,106.0,4.124,0.046,0.084,0.078,0.078,0.085,1.4,4.9,0.836,-0.878,1.8,0.487,0.487,2.1,0.617,0.487,2.1,0.608,0.487,2.1,0.597,0.487,2.1,0.604,0.487,0,-1.0,10.659
20110101_0957,-27.02,-63.21,586.0,GD.ZHH.00,22.271,113.566,174.42,1819.782,1889.573,1914.227,107.0,3.851,0.117,0.1,0.097,0.096,0.1,-2.3,-2.6,0.827,0.688,-8.5,0.65,0.65,-8.2,0.683,0.65,-8.2,0.669,0.65,-8.1,0.662,0.65,-8.1,0.677,0.65,0,-1.0,149.759
20110101_0957,-27.02,-63.21,586.0,NX.JYU.00,35.486,106.339,167.706,1787.091,1847.612,1868.476,108.0,2.61,0.01,0.069,0.077,0.076,0.069,2.2,4.8,0.755,-0.547,8.3,0.399,0.399,-2.4,0.632,0.399,-2.3,0.589,0.399,-2.3,0.578,0.399,-2.4,0.606,0.399,0,-1.0,43.129
20110101_0957,-27.02,-63.21,586.0,SC.SMI.00,29.226,102.35,167.084,1783.987,1843.675,1864.205,109.0,2.936,0.257,0.239,0.231,0.234,0.238,7.5,3.9,0.636,-0.552,8.2,0.594,0.594,8.8,0.778,0.594,8.9,0.669,0.594,8.9,0.699,0.594,8.8,0.763,0.594,0,-1.0,76.619
20110101_0957,-27.02,-63.21,586.0,SX.HZH.00,36.61,111.899,169.553,1796.217,1859.234,1881.11,110.0,4.119,-0.003,-0.071,-0.065,-0.06,-0.064,4.5,4.5,0.588,0.521,10.7,0.725,0.725,8.8,0.499,0.725,9.0,0.524,0.725,9.1,0.548,0.725,9.0,0.525,0.725,0,-1.0,21.476
20110101_0957,-27.02,-63.21,586.0,XJ.FUH.00,46.993,87.179,149.372,1690.592,1728.648,1740.94,111.0,0.755,-0.007,0.003,0.008,0.012,0.0,-9.0,-3.9,0.575,-0.239,-7.1,0.607,0.607,-3.5,0.587,0.607,-3.3,0.655,0.607,-3.2,0.676,0.607,-3.5,0.617,0.607,0,-1.0,41.293
20110101_0957,-27.02,-63.21,586.0,YP.NEP5.,45.734,122.62,160.72,1751.579,1803.015,1820.329,112.0,1.241,0.01,0.078,0.102,0.126,0.115,5.3,-0.4,0.532,0.078,-7.9,0.707,0.707,-5.3,0.837,0.707,-5.1,0.838,0.707,-4.9,0.835,0.707,-5.0,0.834,0.707,0,-1.0,-12.224
20110101_0957,-27.02,-63.21,586.0,XW.SADA.,19.501,57.465,125.455,1548.389,1564.569,1569.41,113.0,2.66,0.254,-0.133,-0.129,-0.133,-0.136,-3.5,-0.1,0.599,-0.732,3.7,0.496,0.496,8.4,0.451,0.496,8.2,0.472,0.496,8.2,0.464,0.496,8.4,0.446,0.496,0,-1.0,84.602
20110101_0957,-27.02,-63.21,586.0,SD.JIN.00,36.639,117.04,170.379,1800.264,1864.413,1886.75,114.0,7.762,0.093,0.012,0.001,-0.012,-0.011,0.7,4.6,0.799,-0.841,2.7,0.564,0.564,3.4,0.54,0.564,-4.4,0.521,0.564,-4.3,0.539,0.564,-4.3,0.541,0.564,0,-1.0,-1.154
20110101_0957,-27.02,-63.21,586.0,XJ.BLT.00,42.945,86.659,150.869,1698.876,1738.591,1751.493,115.0,1.795,0.126,0.276,0.276,0.278,0.277,4.1,4.2,0.746,0.851,6.1,0.624,0.624,8.4,0.568,0.624,8.7,0.622,0.624,8.8,0.625,0.624,8.6,0.589,0.624,0,-1.0,48.881
20110101_0957,-27.02,-63.21,586.0,YP.NE35.,42.891,119.693,163.954,1768.202,1823.777,1842.681,116.0,2.655,0.117,0.14,0.138,0.135,0.134,0.3,0.2,0.938,0.914,-1.0,0.604,0.604,0.5,0.643,0.604,0.6,0.646,0.604,0.7,0.642,0.604,0.7,0.647,0.604,0,-1.0,-7.566
20110101_0957,-27.02,-63.21,586.0,XJ.ALS.00,45.153,82.119,147.012,1677.379,1712.881,1724.249,117.0,1.029,0.023,0.083,0.114,0.111,0.092,-4.7,0.0,0.358,-0.163,0.6,0.742,0.742,3.1,0.755,0.742,3.6,0.729,0.742,3.6,0.723,0.742,3.3,0.736,0.742,0,-1.0,47.382
20110101_0957,-27.02,-63.21,586.0,6F.BL11.,-22.153,133.49,128.242,1565.905,1584.159,1589.649,118.0,4.389,0.674,0.692,0.685,0.689,0.683,0.1,0.5,0.86,0.827,0.1,0.836,0.836,0.4,0.85,0.836,0.4,0.851,0.836,0.1,0.854,0.836,0.1,0.853,0.836,1,6.0,-160.288
20110101_0957,-27.02,-63.21,586.0,SH.TMS.00,31.078,121.148,174.435,1819.852,1889.664,1914.326,119.0,6.953,0.278,0.368,0.356,0.353,0.35,-1.2,-0.9,0.397,0.279,0.6,0.941,0.941,0.5,0.948,0.941,0.4,0.947,0.941,0.4,0.947,0.941,0.5,0.948,0.941,0,-1.0,-40.026
20110101_0957,-27.02,-63.21,586.0,YN.WES.00,23.408,104.252,168.102,1789.056,1850.108,1871.186,120.0,2.691,0.027,0.071,0.069,0.07,0.068,1.0,-2.6,0.482,-0.433,-4.2,0.572,0.572,-0.4,0.409,0.572,-0.4,0.42,0.572,-0.3,0.416,0.572,-0.4,0.412,0.572,0,-1.0,105.645
20110101_0957,-27.02,-63.21,586.0,HE.SHX.00,38.015,115.561,168.957,1793.285,1855.491,1877.037,121.0,2.722,-0.023,0.061,0.061,0.048,0.058,-5.4,-2.0,0.48,-0.667,1.2,0.531,0.531,0.9,0.551,0.531,0.9,0.567,0.531,0.9,0.574,0.531,0.9,0.569,0.531,0,-1.0,4.898
20110101_0957,-27.02,-63.21,586.0,YP.NE89.,46.154,124.207,159.983,1747.742,1798.254,1815.215,122.0,1.827,0.004,0.19,0.194,0.198,0.197,-9.5,1.5,0.428,0.202,7.1,0.426,0.426,-14.2,0.192,0.426,-14.2,0.193,0.426,-14.3,0.191,0.426,-14.3,0.19,0.426,0,-1.0,-14.947
20110101_0957,-27.02,-63.21,586.0,JX.SHR.00,28.443,117.976,178.231,1837.719,1913.02,1939.957,123.0,0.357,-0.071,-0.105,-0.11,-0.106,-0.103,-1.9,-2.2,0.475,0.794,-1.1,0.685,0.685,6.9,0.591,0.685,6.7,0.572,0.685,6.5,0.571,0.685,-1.5,0.583,0.685,0,-1.0,-29.69
20110101_0957,-27.02,-63.21,586.0,YP.NE6D.,44.815,128.711,159.806,1746.817,1797.107,1813.984,124.0,1.952,0.132,0.043,0.05,0.057,0.049,1.0,4.5,0.404,0.323,3.9,0.689,0.689,4.8,0.576,0.689,4.8,0.558,0.689,4.7,0.549,0.689,4.8,0.55,0.689,0,-1.0,-24.826
20110101_0957,-27.02,-63.21,586.0,XJ.HTA.00,37.1,79.9,147.385,1679.479,1715.38,1726.891,125.0,0.888,0.045,0.022,0.028,0.026,0.024,-4.3,2.3,0.445,0.179,7.7,0.659,0.659,10.2,0.699,0.659,10.4,0.687,0.659,10.4,0.69,0.659,10.3,0.697,0.659,0,-1.0,62.645
20110101_0957,-27.02,-63.21,586.0,IC.ENH.10,30.276,109.495,172.82,1812.113,1879.645,1903.37,126.0,0.994,-0.176,0.167,0.167,0.17,0.165,-3.7,-3.7,0.67,0.564,-4.9,0.818,0.818,6.7,0.537,0.818,6.5,0.55,0.818,6.5,0.552,0.818,6.6,0.557,0.818,0,-1.0,60.002
20110101_0957,-27.02,-63.21,586.0,QH.DLH.00,37.381,97.378,160.64,1751.16,1802.494,1819.769,127.0,1.962,0.048,-0.015,0.003,0.003,-0.006,-6.7,-2.4,0.456,-0.5,8.5,0.301,0.301,3.3,0.562,0.301,3.6,0.563,0.301,3.7,0.563,0.301,3.5,0.561,0.301,0,-1.0,52.468
20110101_0957,-27.02,-63.21,586.0,YP.NE68.,44.897,122.845,161.477,1755.497,1807.89,1825.569,128.0,8.186,0.083,0.046,0.051,0.057,0.061,1.8,1.7,0.767,0.765,-5.2,0.439,0.439,-3.0,0.585,0.439,-2.8,0.598,0.439,-2.7,0.61,0.439,-2.7,0.606,0.439,0,-1.0,-13.4
20110101_0957,-27.02,-63.21,586.0,SC.HLI.00,26.653,102.253,167.03,1783.721,1843.338,1863.84,129.0,4.124,0.181,0.14,0.131,0.13,0.135,-0.7,-4.1,0.444,-0.279,8.8,0.418,0.418,9.4,0.474,0.418,9.6,0.393,0.418,9.5,0.421,0.418,9.4,0.465,0.418,0,-1.0,88.493
20110101_0957,-27.02,-63.21,586.0,SC.JYA.00,29.794,103.928,168.359,1790.328,1851.725,1872.943,130.0,2.99,-0.067,-0.092,-0.094,-0.09,-0.087,8.3,4.9,0.553,-0.587,3.3,0.488,0.488,10.8,0.617,0.488,10.9,0.632,0.488,10.9,0.63,0.488,10.8,0.62,0.488,0,-1.0,72.852
20110101_0957,-27.02,-63.21,586.0,ZN.SIMS.,-8.42,150.44,131.841,1588.177,1609.283,1615.697,131.0,0.447,0.073,0.071,0.075,0.077,0.076,5.2,-4.2,0.738,-0.68,-10.1,0.206,0.206,-10.2,0.188,0.206,-10.3,0.174,0.206,-10.5,0.161,0.206,-10.2,0.183,0.206,0,-1.0,-132.841
20110101_0957,-27.02,-63.21,586.0,ZJ.YUQ.00,28.415,121.08,175.954,1827.058,1899.045,1924.606,132.0,6.526,0.362,0.336,0.339,0.34,0.337,-1.1,-1.1,0.913,0.891,0.3,0.968,0.968,-9.9,0.56,0.968,-2.0,0.545,0.968,-9.8,0.544,0.968,-9.8,0.559,0.968,1,7.0,-66.687
20110101_0957,-27.02,-63.21,586.0,GD.SHW.00,22.792,115.37,175.58,1825.29,1896.738,1922.077,133.0,3.49,0.396,0.305,0.305,0.301,0.297,0.3,0.5,0.909,0.895,1.5,0.874,0.874,1.4,0.959,0.874,1.3,0.941,0.874,1.0,0.912,0.874,1.1,0.926,0.874,1,0.0,164.35
20110101_0957,-27.02,-63.21,586.0,HA.JY.00,35.163,112.449,171.052,1803.548,1868.621,1891.339,134.0,8.774,0.222,0.259,0.265,0.276,0.265,-0.8,-0.5,0.886,0.84,2.2,0.7,0.7,0.9,0.785,0.7,1.0,0.772,0.7,1.2,0.756,0.7,1.0,0.769,0.7,0,-1.0,22.56
20110101_0957,-27.02,-63.21,586.0,LN.FXI.00,42.053,121.599,164.461,1770.78,1827.013,1846.174,135.0,4.62,0.139,0.237,0.234,0.226,0.234,0.1,0.2,0.946,0.928,-1.5,0.458,0.458,-7.7,0.625,0.458,-7.6,0.624,0.458,-7.5,0.622,0.458,-7.6,0.625,0.458,0,-1.0,-13.172
20110101_0957,-27.02,-63.21,586.0,CQ.YUB.00,29.858,106.827,170.795,1802.299,1867.02,1889.592,136.0,5.307,-0.05,-0.087,-0.097,-0.104,-0.087,5.0,4.7,0.669,0.195,7.7,0.486,0.486,-0.6,0.629,0.486,-0.2,0.696,0.486,-0.3,0.676,0.486,-0.4,0.654,0.486,0,-1.0,69.038
20110101_0957,-27.02,-63.21,586.0,IC.WMQ.00,43.814,87.704,151.197,1700.682,1740.766,1753.804,137.0,1.592,-0.242,0.126,0.168,0.168,0.144,0.5,4.1,0.415,0.262,4.5,0.775,0.775,6.4,0.683,0.775,6.6,0.65,0.775,6.6,0.647,0.775,6.5,0.667,0.775,0,-1.0,46.583
20110101_0957,-27.02,-63.21,586.0,SC.WMP.00,29.053,103.789,168.353,1790.3,1851.69,1872.905,138.0,,,,,,,-16.0,-8.0,0.0,0.0,-16.0,0.0,0.0,-16.0,0.0,0.0,-16.0,0.0,0.0,-16.0,0.0,0.0,-16.0,0.0,0.0,0,-1.0,76.694
20110101_0957,-27.02,-63.21,586.0,6F.BL06.,-18.873,134.046,131.152,1583.944,1604.489,1610.718,139.0,5.835,0.624,0.62,0.619,0.642,0.636,0.1,0.6,0.905,0.889,0.5,0.744,0.744,0.5,0.756,0.744,0.6,0.754,0.744,0.2,0.75,0.744,0.3,0.751,0.744,1,6.0,-158.231
20110101_0957,-27.02,-63.21,586.0,YP.NE99.,47.066,128.057,158.083,1737.772,1785.937,1802.008,140.0,4.296,-0.048,0.187,0.191,0.195,0.194,-3.0,-2.8,0.299,0.48,2.8,0.437,0.437,-3.7,0.605,0.437,-4.3,0.602,0.437,-4.5,0.6,0.437,-4.5,0.599,0.437,0,-1.0,-20.668
20110101_0957,-27.02,-63.21,586.0,HB.XSH.00,31.26,110.842,173.296,1814.406,1882.608,1906.608,141.0,3.006,0.228,-0.042,-0.044,-0.046,-0.049,-5.8,-1.2,0.803,-0.75,-1.8,0.441,0.441,-4.5,0.786,0.441,-4.5,0.779,0.441,-4.5,0.777,0.441,-4.5,0.782,0.441,0,-1.0,47.649
20110101_0957,-27.02,-63.21,586.0,II.BRVK.00,53.058,70.283,137.02,1619.472,1645.07,1652.997,142.0,0.837,-0.077,0.004,0.021,0.023,0.014,0.5,1.0,0.773,0.811,-1.9,0.386,0.386,-1.4,0.533,0.386,-1.5,0.572,0.386,-1.4,0.574,0.386,-1.3,0.549,0.386,0,-1.0,39.759
20110101_0957,-27.02,-63.21,586.0,ZN.WAIB.,-9.244,150.138,131.416,1585.567,1606.326,1612.626,143.0,4.951,0.585,0.63,0.63,0.628,0.63,0.6,0.5,0.8,0.849,0.1,0.935,0.935,0.1,0.935,0.935,-0.1,0.939,0.935,-0.2,0.93,0.935,-0.1,0.937,0.935,1,8.0,-133.861
20110101_0957,-27.02,-63.21,586.0,SC.MDS.00,30.075,103.041,167.551,1786.318,1846.631,1867.411,144.0,3.837,0.121,-0.003,-0.023,-0.018,-0.004,-6.6,2.9,0.638,-0.776,-11.0,0.611,0.611,-9.3,0.417,0.611,-9.1,0.456,0.611,-9.1,0.449,0.611,-9.2,0.428,0.611,0,-1.0,72.241
20110101_0957,-27.02,-63.21,586.0,AH.HNA.00,32.633,116.804,174.386,1819.622,1889.366,1914.0,145.0,3.63,0.214,0.189,0.183,0.172,0.192,0.4,0.0,0.502,0.52,-0.5,0.6,0.6,0.3,0.528,0.6,0.3,0.529,0.6,0.3,0.526,0.6,0.3,0.523,0.6,0,-1.0,-0.112
20110101_0957,-27.02,-63.21,586.0,YP.NE12.,42.456,125.218,163.103,1763.857,1818.332,1836.811,146.0,8.417,0.069,-0.025,-0.019,-0.015,-0.019,0.7,-2.6,0.895,-0.867,-4.1,0.607,0.607,2.3,0.61,0.607,2.2,0.594,0.607,2.2,0.582,0.607,2.2,0.582,0.607,0,-1.0,-21.488
20110101_0957,-27.02,-63.21,586.0,GE.CISI.,-7.556,107.815,144.347,1662.261,1694.966,1705.344,147.0,2.082,0.449,0.456,0.457,0.463,0.461,0.8,0.7,0.891,0.852,0.3,0.862,0.862,0.3,0.878,0.862,0.2,0.879,0.862,-0.2,0.887,0.862,0.0,0.885,0.862,1,9.0,164.763
20110101_0957,-27.02,-63.21,586.0,CB.GYA.00,26.46,106.664,170.942,1803.015,1867.937,1890.593,148.0,2.546,-0.016,0.053,0.047,0.051,0.054,-2.3,1.5,0.736,-0.774,-1.2,0.641,0.641,7.3,0.673,0.641,7.0,0.785,0.641,7.1,0.773,0.641,7.2,0.707,0.641,0,-1.0,91.552
20110101_0957,-27.02,-63.21,586.0,YP.NE6B.,44.801,125.97,160.758,1751.774,1803.258,1820.589,149.0,0.348,0.056,0.036,0.056,-0.005,-0.005,-8.7,-4.4,0.164,0.89,8.0,0.517,0.517,10.7,0.329,0.517,-1.6,0.643,0.517,4.5,0.297,0.517,4.5,0.296,0.517,0,-1.0,-19.821
20110101_0957,-27.02,-63.21,586.0,FJ.YAYX.00,25.99,117.358,178.851,1840.593,1916.804,1944.122,150.0,8.13,0.288,0.269,0.286,0.29,0.282,-1.2,-1.2,0.696,0.775,0.4,0.414,0.414,0.0,0.421,0.414,-0.1,0.456,0.414,-0.1,0.459,0.414,-0.1,0.435,0.414,0,-1.0,-160.976
20110101_0957,-27.02,-63.21,586.0,GS.WSH.00,34.661,105.05,167.367,1785.402,1845.469,1866.151,151.0,2.045,0.142,-0.077,-0.099,-0.106,-0.091,1.7,1.6,0.466,0.31,-3.5,0.496,0.496,-1.9,0.366,0.496,0.3,0.393,0.496,0.4,0.392,0.496,0.4,0.373,0.496,0,-1.0,49.189
20110101_0957,-27.02,-63.21,586.0,FJ.TNSC.00,26.908,117.181,179.634,1844.209,1921.575,1949.379,152.0,16.536,0.517,0.74,0.738,0.739,0.743,-0.7,-0.6,0.91,0.907,0.4,0.972,0.972,0.2,0.891,0.972,-0.1,0.9,0.972,-0.1,0.899,0.972,0.2,0.892,0.972,1,3.0,-145.443
20110101_0957,-27.02,-63.21,586.0,XW.SHA2.,18.12,55.741,123.444,1535.588,1550.361,1554.766,153.0,0.988,0.121,0.164,0.21,0.206,0.174,11.0,3.5,0.351,-0.579,11.4,0.553,0.553,-5.6,0.552,0.553,-5.1,0.5,0.553,-5.3,0.534,0.553,-5.5,0.553,0.553,0,-1.0,85.484
20110101_0957,-27.02,-63.21,586.0,AU.BLDU.,-30.615,116.709,122.365,1528.663,1542.711,1546.893,154.0,3.117,0.638,0.634,0.636,0.639,0.64,-0.6,-0.4,0.689,0.731,2.2,0.633,0.633,2.2,0.621,0.633,2.2,0.624,0.633,2.1,0.633,0.633,2.1,0.633,0.633,1,10.0,179.918
20110101_0957,-27.02,-63.21,586.0,YP.NE8F.,46.215,130.532,157.936,1736.993,1784.978,1800.981,155.0,1.155,0.163,0.187,0.185,0.185,0.187,-1.2,-4.6,0.536,-0.436,-0.6,0.678,0.678,0.2,0.648,0.678,0.2,0.646,0.678,0.2,0.642,0.678,0.3,0.643,0.678,0,-1.0,-25.696
20110101_0957,-27.02,-63.21,586.0,YN.HUP.00,26.587,101.199,166.087,1778.992,1837.356,1857.358,156.0,1.012,0.1,0.158,0.192,0.184,0.166,0.6,-3.2,0.781,0.08,-8.2,0.577,0.577,-7.9,0.651,0.577,-7.9,0.64,0.577,-7.9,0.643,0.577,-7.9,0.649,0.577,0,-1.0,88.416
20110101_0957,-27.02,-63.21,586.0,KR.BTK.,40.067,70.816,140.017,1637.184,1665.585,1674.468,157.0,0.923,0.092,-0.042,-0.038,-0.039,-0.042,-0.8,-0.9,0.658,0.615,-6.8,0.632,0.632,-6.8,0.608,0.632,-6.9,0.424,0.632,-6.9,0.524,0.632,-6.8,0.603,0.632,0,-1.0,58.944
20110101_0957,-27.02,-63.21,586.0,XJ.BAC.00,41.859,81.624,147.731,1681.425,1717.698,1729.343,158.0,1.583,0.087,0.089,0.094,0.092,0.092,2.3,-0.6,0.785,-0.496,7.5,0.358,0.358,1.8,0.578,0.358,1.8,0.578,0.358,1.8,0.59,0.358,1.8,0.595,0.358,0,-1.0,53.396
20110101_0957,-27.02,-63.21,586.0,NM.LIX.00,43.622,118.054,163.366,1765.204,1820.019,1838.629,159.0,0.547,0.102,0.127,0.127,0.126,0.127,-8.1,1.4,0.419,-0.625,-3.0,0.541,0.541,-1.6,0.623,0.541,-1.6,0.622,0.541,-1.4,0.624,0.541,-1.5,0.623,0.541,0,-1.0,-3.139
20110101_0957,-27.02,-63.21,586.0,XZ.LIZ.00,29.666,94.342,160.098,1748.344,1799.0,1816.016,160.0,1.857,0.197,0.169,0.165,0.167,0.168,-0.3,2.9,0.625,-0.731,1.5,0.551,0.551,8.2,0.543,0.551,8.3,0.513,0.551,8.3,0.517,0.551,8.3,0.531,0.551,0,-1.0,77.071
20110101_0957,-27.02,-63.21,586.0,BU.CHL.00,39.758,119.096,167.118,1784.159,1843.893,1864.442,161.0,3.351,0.059,0.09,0.079,0.076,0.076,0.6,0.6,0.901,0.907,9.4,0.498,0.498,10.6,0.387,0.498,10.8,0.361,0.498,10.9,0.348,0.498,10.9,0.35,0.498,0,-1.0,-7.766
20110101_0957,-27.02,-63.21,586.0,GE.SOEI.,-9.755,124.267,142.516,1651.734,1682.58,1692.308,162.0,2.151,0.447,0.403,0.401,0.37,0.368,-1.7,-1.6,0.556,0.399,-1.9,0.655,0.655,-2.0,0.664,0.655,-2.0,0.663,0.655,-2.4,0.655,0.655,-2.4,0.655,0.655,1,11.0,-167.944
20110101_0957,-27.02,-63.21,586.0,QH.BAM.00,32.949,100.727,164.898,1772.997,1829.801,1849.185,163.0,2.245,0.19,0.179,0.167,0.163,0.177,0.8,-2.6,0.73,-0.828,-8.0,0.607,0.607,-0.1,0.73,0.607,0.0,0.762,0.607,0.0,0.757,0.607,0.0,0.741,0.607,0,-1.0,62.617
20110101_0957,-27.02,-63.21,586.0,SX.NIW.00,38.687,112.336,167.752,1787.319,1847.901,1868.79,164.0,5.362,0.106,0.061,0.07,0.077,0.073,8.4,-2.6,0.449,-0.553,8.2,0.481,0.481,7.5,0.331,0.481,7.6,0.348,0.481,7.6,0.361,0.481,7.5,0.354,0.481,0,-1.0,16.158
20110101_0957,-27.02,-63.21,586.0,GD.XNH.00,22.57,113.034,174.394,1819.659,1889.414,1914.053,165.0,2.16,-0.001,0.041,0.035,0.038,0.046,-2.1,-2.4,0.857,0.792,-8.5,0.733,0.733,-7.8,0.744,0.733,-7.8,0.733,0.733,-7.7,0.733,0.733,-7.8,0.742,0.733,0,-1.0,144.051
20110101_0957,-27.02,-63.21,586.0,YP.NEAE.,47.299,132.526,156.259,1728.089,1774.048,1789.288,166.0,1.292,0.036,0.055,0.061,0.054,0.055,-0.1,0.8,0.862,0.827,2.2,0.527,0.527,2.5,0.641,0.527,2.7,0.625,0.527,2.8,0.611,0.527,2.7,0.612,0.527,0,-1.0,-26.958
20110101_0957,-27.02,-63.21,586.0,AK.GAMB.,63.776,-171.704,122.168,1527.395,1541.313,1545.455,167.0,1.618,0.343,0.388,0.385,0.385,0.388,6.3,-2.0,0.45,-0.362,6.6,0.535,0.535,6.6,0.525,0.535,6.4,0.532,0.535,6.5,0.533,0.535,6.6,0.528,0.535,0,-1.0,-29.733
20110101_0957,-27.02,-63.21,586.0,YP.NE86.,46.17,121.46,160.496,1750.411,1801.565,1818.77,168.0,3.74,0.111,0.224,0.217,0.215,0.219,5.4,-4.0,0.569,-0.64,-0.5,0.562,0.562,1.2,0.501,0.562,1.4,0.47,0.562,1.6,0.454,0.562,1.4,0.464,0.562,0,-1.0,-9.585
20110101_0957,-27.02,-63.21,586.0,GE.JAGI.,-8.47,114.152,144.418,1662.664,1695.441,1705.844,169.0,2.711,0.526,0.532,0.532,0.561,0.554,1.3,1.6,0.91,0.935,0.8,0.905,0.905,0.9,0.893,0.905,0.9,0.892,0.905,0.5,0.878,0.905,0.5,0.88,0.905,1,9.0,175.558
20110101_0957,-27.02,-63.21,586.0,JX.XUW.00,24.995,115.608,177.714,1835.31,1909.852,1936.472,170.0,4.051,0.392,0.355,0.378,0.377,0.368,0.2,-4.1,0.596,-0.898,-10.6,0.532,0.532,-7.9,0.633,0.532,-8.0,0.642,0.532,-8.0,0.651,0.532,-8.0,0.639,0.532,1,0.0,156.443
20110101_0957,-27.02,-63.21,586.0,BU.BDH.00,39.825,119.474,167.002,1783.58,1843.159,1863.645,171.0,5.565,0.043,0.052,0.044,0.04,0.043,0.0,0.1,0.809,0.811,8.9,0.576,0.576,-0.4,0.721,0.576,-0.3,0.731,0.576,-0.3,0.732,0.576,-0.4,0.727,0.576,0,-1.0,-8.964
20110101_0957,-27.02,-63.21,586.0,GE.BNDI.,-4.522,129.904,146.005,1671.694,1706.131,1717.118,172.0,1.858,0.283,0.184,0.19,0.204,0.205,1.1,3.9,0.502,0.424,3.2,0.655,0.655,3.8,0.74,0.655,3.7,0.738,0.655,3.3,0.727,0.655,3.3,0.725,0.655,0,-1.0,-156.373
20110101_0957,-27.02,-63.21,586.0,HE.LOH.00,41.32,117.713,165.68,1776.948,1834.777,1854.566,173.0,1.825,0.112,0.149,0.149,0.147,0.148,0.5,0.7,0.767,0.772,3.9,0.333,0.333,5.1,0.328,0.333,5.2,0.347,0.333,5.4,0.363,0.333,5.3,0.356,0.333,0,-1.0,-2.739
20110101_0957,-27.02,-63.21,586.0,HE.QIL.00,40.421,118.903,166.486,1780.995,1839.888,1860.1,174.0,5.559,0.306,0.19,0.18,0.159,0.169,2.5,2.3,0.471,0.356,-1.3,0.9,0.9,0.4,0.855,0.9,0.5,0.857,0.9,0.7,0.854,0.9,0.6,0.857,0.9,0,-1.0,-6.728
20110101_0957,-27.02,-63.21,586.0,JP.JOW.,26.836,128.273,169.764,1797.257,1860.564,1882.557,175.0,5.034,0.295,0.384,0.368,0.38,0.387,-0.5,-0.5,0.783,0.763,-0.3,0.74,0.74,0.0,0.784,0.74,-0.6,0.827,0.74,-0.5,0.814,0.74,-0.1,0.782,0.74,1,12.0,-88.587
20110101_0957,-27.02,-63.21,586.0,YP.NE59.,44.096,125.961,161.395,1755.072,1807.361,1824.999,176.0,2.946,0.132,0.185,0.188,0.19,0.195,-8.2,-3.6,0.451,-0.401,0.5,0.861,0.861,-7.7,0.645,0.861,-7.8,0.628,0.861,-7.8,0.618,0.861,-7.9,0.612,0.861,0,-1.0,-20.73
20110101_0957,-27.02,-63.21,586.0,YN.MZT.00,25.215,98.495,163.489,1765.829,1820.802,1839.473,177.0,1.225,-0.009,0.048,0.046,0.046,0.046,-0.9,2.2,0.528,-0.752,-2.8,0.718,0.718,-2.5,0.692,0.718,-2.5,0.714,0.718,-2.5,0.709,0.718,-2.6,0.697,0.718,0,-1.0,92.438
20110101_0957,-27.02,-63.21,586.0,NM.BYT.00,38.846,105.717,164.985,1773.435,1830.352,1849.78,178.0,3.853,0.147,0.157,0.159,0.163,0.16,-8.7,-5.0,0.362,-0.595,-10.7,0.463,0.463,-10.5,0.459,0.463,-10.4,0.46,0.463,-10.4,0.459,0.463,-10.4,0.46,0.463,0,-1.0,34.697
20110101_0957,-27.02,-63.21,586.0,HI.WAN.00,18.801,110.424,169.908,1797.962,1861.465,1883.538,179.0,0.404,0.025,0.024,0.029,0.029,0.027,-7.3,3.1,0.439,-0.569,8.4,0.461,0.461,9.6,0.397,0.461,-6.0,0.402,0.461,-6.0,0.405,0.461,-6.0,0.409,0.461,0,-1.0,144.465
20110101_0957,-27.02,-63.21,586.0,HE.XTT.00,37.122,114.313,169.683,1796.86,1860.056,1882.004,180.0,8.999,-0.05,-0.002,0.003,0.007,0.013,1.8,5.4,0.639,-0.814,8.3,0.59,0.59,2.9,0.486,0.59,2.9,0.452,0.59,2.8,0.418,0.59,2.8,0.437,0.59,0,-1.0,10.712
20110101_0957,-27.02,-63.21,586.0,BJ.XBZ.00,40.343,115.969,166.66,1781.868,1840.992,1861.297,181.0,1.31,0.248,0.295,0.292,0.282,0.288,0.5,1.5,0.257,0.272,-0.6,0.851,0.851,-0.2,0.878,0.851,-0.1,0.891,0.851,-0.1,0.896,0.851,-0.1,0.895,0.851,0,-1.0,2.644
20110101_0957,-27.02,-63.21,586.0,XJ.TAC.00,46.938,83.167,146.973,1677.163,1712.626,1723.979,182.0,2.149,0.137,0.076,0.097,0.107,0.082,-2.3,-1.7,0.699,0.573,4.2,0.589,0.589,9.7,0.553,0.589,9.8,0.526,0.589,9.9,0.523,0.589,9.7,0.543,0.589,0,-1.0,43.835
20110101_0957,-27.02,-63.21,586.0,XJ.BPM.00,39.883,76.836,144.62,1663.817,1696.803,1707.279,183.0,0.838,-0.143,0.147,0.183,0.182,0.159,5.6,-5.8,0.461,-0.391,-4.2,0.366,0.366,-2.8,0.42,0.366,-2.8,0.4,0.366,-2.8,0.407,0.366,-2.8,0.415,0.366,0,-1.0,58.32
20110101_0957,-27.02,-63.21,586.0,YP.NEA4.,47.665,121.941,158.964,1742.412,1791.658,1808.139,184.0,2.419,0.17,0.224,0.225,0.227,0.226,0.6,0.4,0.798,0.737,-4.5,0.659,0.659,1.2,0.392,0.659,1.2,0.379,0.659,1.2,0.373,0.659,1.2,0.383,0.659,0,-1.0,-9.578
20110101_0957,-27.02,-63.21,586.0,SX.XIY.00,37.569,113.721,169.139,1794.181,1856.634,1878.281,185.0,5.466,0.093,-0.069,-0.06,-0.048,-0.047,4.0,4.5,0.585,0.424,11.2,0.675,0.675,9.0,0.388,0.675,9.3,0.427,0.675,9.4,0.466,0.675,9.3,0.444,0.675,0,-1.0,12.598
20110101_0957,-27.02,-63.21,586.0,II.ARU.00,56.429,58.562,129.635,1574.577,1593.912,1599.747,186.0,1.123,0.216,0.328,0.336,0.33,0.33,-4.4,-4.6,0.69,0.76,-6.4,0.502,0.502,8.6,0.526,0.502,7.6,0.513,0.502,7.9,0.512,0.502,8.4,0.518,0.502,0,-1.0,37.664
20110101_0957,-27.02,-63.21,586.0,FJ.YAXT.00,25.723,117.125,178.669,1839.75,1915.694,1942.899,187.0,7.396,0.382,0.446,0.446,0.453,0.452,-1.5,-1.7,0.929,0.818,-0.6,0.72,0.72,-0.6,0.66,0.72,-0.6,0.681,0.72,-0.7,0.693,0.72,-0.6,0.68,0.72,1,3.0,-170.308
20110101_0957,-27.02,-63.21,586.0,HE.YIX.00,39.351,115.368,167.612,1786.623,1847.017,1867.831,188.0,0.399,-0.01,-0.007,-0.007,-0.007,-0.007,14.9,3.8,0.013,-0.895,-9.9,0.361,0.361,-11.1,0.336,0.361,-10.8,0.355,0.361,-10.7,0.374,0.361,-10.8,0.367,0.361,0,-1.0,4.989
20110101_0957,-27.02,-63.21,586.0,BU.TAS.00,40.084,115.493,166.892,1783.03,1842.464,1862.891,189.0,1.512,0.102,0.116,0.119,0.118,0.122,-3.2,-3.1,0.77,0.723,-2.5,0.568,0.568,-2.4,0.546,0.568,-2.4,0.507,0.568,-2.4,0.46,0.568,-2.3,0.482,0.568,0,-1.0,4.266
20110101_0957,-27.02,-63.21,586.0,GE.MALK.,8.397,80.543,140.994,1642.898,1672.243,1681.45,190.0,4.248,0.374,0.289,0.29,0.29,0.29,0.6,1.7,0.814,0.686,0.4,0.864,0.864,-6.8,0.424,0.864,-6.9,0.43,0.864,-6.8,0.433,0.864,-6.8,0.424,0.864,0,-1.0,111.952
20110101_0957,-27.02,-63.21,586.0,SX.XIX.00,36.7,110.95,169.129,1794.135,1856.576,1878.217,191.0,2.954,-0.048,0.034,0.026,0.02,0.028,6.4,3.4,0.55,-0.289,12.8,0.455,0.455,11.3,0.495,0.455,11.4,0.521,0.455,11.4,0.534,0.455,11.4,0.519,0.455,0,-1.0,24.89
20110101_0957,-27.02,-63.21,586.0,XW.DRAK.,19.015,57.761,125.552,1549.001,1565.25,1570.112,192.0,1.284,0.237,0.083,0.098,0.094,0.085,9.0,4.7,0.41,-0.684,-1.3,0.39,0.39,13.8,0.589,0.39,13.6,0.636,0.39,13.7,0.621,0.39,13.8,0.597,0.39,0,-1.0,85.282
20110101_0957,-27.02,-63.21,586.0,LN.YKO.00,40.683,122.603,165.518,1776.129,1833.744,1853.449,193.0,0.349,-0.039,-0.034,-0.033,-0.032,-0.032,-11.9,-5.3,0.18,0.637,-11.7,0.393,0.393,-10.6,0.37,0.393,-10.5,0.375,0.393,-10.4,0.379,0.393,-10.4,0.381,0.393,0,-1.0,-17.508
20110101_0957,-27.02,-63.21,586.0,IC.XAN.00,34.031,108.923,170.256,1799.667,1863.647,1885.916,194.0,2.903,-0.135,-0.026,-0.036,-0.036,-0.029,4.6,4.5,0.862,0.854,-2.2,0.608,0.608,-1.9,0.677,0.608,-1.8,0.671,0.608,-1.7,0.682,0.608,-1.8,0.683,0.608,0,-1.0,41.001
20110101_0957,-27.02,-63.21,586.0,GD.ZIJ.00,23.704,115.167,176.374,1829.038,1901.631,1927.443,195.0,6.516,0.367,0.262,0.273,0.281,0.27,0.1,0.2,0.81,0.752,0.1,0.569,0.569,-0.3,0.724,0.569,-0.2,0.752,0.569,-0.2,0.778,0.569,-0.3,0.764,0.569,0,-1.0,158.366
20110101_0957,-27.02,-63.21,586.0,CQ.ROC.00,29.379,105.443,169.73,1797.09,1860.35,1882.324,196.0,2.352,-0.102,0.167,0.163,0.163,0.165,-3.2,0.5,0.745,-0.405,-3.1,0.573,0.573,-8.2,0.721,0.573,-8.2,0.728,0.573,-8.2,0.729,0.573,-8.2,0.729,0.573,0,-1.0,73.663
20110101_0957,-27.02,-63.21,586.0,GE.UGM.,-7.912,110.523,144.543,1663.381,1696.288,1706.737,197.0,3.605,0.503,0.469,0.482,0.527,0.512,2.3,2.4,0.821,0.819,1.6,0.921,0.921,1.7,0.915,0.921,1.6,0.917,0.921,1.1,0.927,0.921,1.3,0.924,0.921,1,9.0,169.364
20110101_0957,-27.02,-63.21,586.0,HA.JS.00,34.61,113.24,171.822,1807.293,1873.433,1896.588,198.0,4.255,-0.042,-0.036,-0.043,-0.044,-0.041,-3.9,-0.1,0.839,-0.916,-4.9,0.715,0.715,-4.3,0.593,0.715,-4.3,0.616,0.715,-4.4,0.629,0.715,-4.3,0.617,0.715,0,-1.0,20.096
20110101_0957,-27.02,-63.21,586.0,QH.LEH.00,38.819,93.414,157.206,1733.13,1780.229,1795.897,199.0,1.19,0.191,0.048,0.059,0.062,0.051,4.5,-5.0,0.547,-0.795,1.3,0.467,0.467,3.1,0.382,0.467,3.1,0.376,0.467,3.2,0.372,0.467,3.1,0.38,0.467,0,-1.0,52.692
20110101_0957,-27.02,-63.21,586.0,ZN.WANI.,-9.338,149.155,131.973,1588.984,1610.199,1616.649,200.0,2.302,0.531,0.559,0.567,0.576,0.568,1.0,2.3,0.81,0.61,1.2,0.707,0.707,1.2,0.709,0.707,0.9,0.708,0.707,0.7,0.708,0.707,1.0,0.707,0.707,1,8.0,-134.935
20110101_0957,-27.02,-63.21,586.0,SC.GZA.00,30.117,102.173,166.805,1782.593,1841.909,1862.29,201.0,2.458,0.18,0.177,0.187,0.187,0.182,8.9,4.9,0.622,-0.424,9.3,0.506,0.506,10.4,0.438,0.506,10.9,0.345,0.506,10.8,0.36,0.506,10.5,0.41,0.506,0,-1.0,72.715
20110101_0957,-27.02,-63.21,586.0,SC.JLO.00,28.996,101.512,166.378,1780.454,1839.204,1859.359,202.0,1.522,0.03,0.072,0.065,0.068,0.072,-4.4,-1.1,0.378,-0.756,-4.2,0.521,0.521,-2.4,0.421,0.521,-2.5,0.417,0.521,-2.5,0.419,0.521,-2.4,0.42,0.521,0,-1.0,77.985
20110101_0957,-27.02,-63.21,586.0,IC.QIZ.00,19.029,109.844,169.772,1797.296,1860.614,1882.612,203.0,6.71,0.07,0.236,0.265,0.264,0.252,0.0,0.0,0.744,0.729,-9.5,0.27,0.27,1.6,0.435,0.27,-5.6,0.443,0.27,-5.6,0.447,0.27,-5.6,0.449,0.27,0,-1.0,141.215
20110101_0957,-27.02,-63.21,586.0,HI.QSL.00,19.666,110.754,170.795,1802.299,1867.02,1889.592,204.0,4.859,-0.08,0.217,0.247,0.283,0.252,-1.0,2.7,0.631,-0.733,9.4,0.566,0.566,-2.7,0.737,0.566,-2.6,0.744,0.566,-2.4,0.757,0.566,-2.6,0.749,0.566,0,-1.0,143.168
20110101_0957,-27.02,-63.21,586.0,CB.HEH.00,50.253,127.41,155.388,1723.432,1768.356,1783.207,205.0,3.66,0.219,0.229,0.236,0.238,0.235,0.9,1.3,0.886,0.911,-3.8,0.576,0.576,-4.6,0.328,0.576,1.2,0.264,0.576,1.0,0.268,0.576,1.1,0.274,0.576,0,-1.0,-16.293
20110101_0957,-27.02,-63.21,586.0,GX.DXX.00,22.838,107.186,170.344,1800.093,1864.194,1886.511,206.0,2.104,-0.057,0.001,-0.013,-0.011,-0.005,-0.2,0.4,0.619,0.407,-7.0,0.549,0.549,-6.5,0.561,0.549,-6.2,0.577,0.549,-6.2,0.576,0.549,-6.4,0.568,0.549,0,-1.0,114.729
20110101_0957,-27.02,-63.21,586.0,KZ.VOS.,52.723,70.98,137.526,1622.481,1648.542,1656.627,207.0,0.915,0.093,0.098,0.105,0.103,0.099,5.0,4.7,0.677,0.53,2.4,0.676,0.676,2.1,0.766,0.676,1.9,0.785,0.676,1.9,0.776,0.676,2.1,0.769,0.676,0,-1.0,40.025
20110101_0957,-27.02,-63.21,586.0,SC.SMK.00,26.855,102.75,167.489,1786.008,1846.236,1866.983,208.0,5.969,0.078,0.268,0.272,0.273,0.272,8.0,4.7,0.684,-0.439,3.7,0.564,0.564,9.8,0.57,0.564,9.8,0.473,0.564,9.8,0.501,0.564,9.9,0.55,0.564,0,-1.0,87.708
20110101_0957,-27.02,-63.21,586.0,YP.NE56.,44.11,122.35,162.333,1759.908,1813.396,1831.493,209.0,2.687,0.133,0.025,0.02,0.009,0.018,1.0,-2.7,0.522,-0.794,-6.5,0.685,0.685,-4.7,0.708,0.685,-4.6,0.711,0.685,-4.4,0.718,0.685,-4.5,0.711,0.685,0,-1.0,-13.036
20110101_0957,-27.02,-63.21,586.0,JX.ANY.00,25.143,115.394,177.743,1835.445,1910.03,1936.668,210.0,3.512,0.22,0.114,0.134,0.134,0.126,0.1,-4.2,0.626,-0.816,-6.8,0.79,0.79,-5.6,0.755,0.79,-5.3,0.786,0.79,-5.2,0.777,0.79,-5.5,0.766,0.79,0,-1.0,151.088
20110101_0957,-27.02,-63.21,586.0,SH.QHS.00,30.792,121.259,174.566,1820.479,1890.479,1915.219,211.0,4.131,0.078,0.074,0.09,0.09,0.092,-4.9,-1.0,0.403,-0.126,-5.8,0.529,0.529,-5.4,0.678,0.529,-5.4,0.672,0.529,-5.5,0.668,0.529,-5.5,0.671,0.529,0,-1.0,-42.776
20110101_0957,-27.02,-63.21,586.0,NM.LUB.00,44.546,120.882,162.168,1759.061,1812.337,1830.354,212.0,2.076,0.076,0.026,0.027,0.031,0.029,1.9,1.6,0.497,0.687,-5.4,0.619,0.619,-3.7,0.644,0.619,-3.6,0.638,0.619,-3.5,0.627,0.619,-3.5,0.632,0.619,0,-1.0,-9.404
20110101_0957,-27.02,-63.21,586.0,HB.JYU.00,29.816,113.839,176.185,1828.148,1900.468,1926.167,213.0,3.731,0.424,0.345,0.329,0.328,0.323,-0.8,-0.7,0.731,0.781,0.2,0.767,0.767,2.8,0.725,0.767,3.1,0.671,0.767,3.2,0.65,0.767,2.9,0.693,0.767,1,13.0,38.95
20110101_0957,-27.02,-63.21,586.0,SC.BYD.00,27.81,103.188,167.906,1788.082,1848.869,1869.841,214.0,1.498,0.05,0.131,0.139,0.126,0.14,2.4,4.8,0.597,-0.169,9.6,0.478,0.478,-8.8,0.673,0.478,-8.6,0.683,0.478,-8.7,0.681,0.478,-8.7,0.677,0.478,0,-1.0,83.123
20110101_0957,-27.02,-63.21,586.0,SC.PWU.00,32.416,104.548,168.089,1788.991,1850.025,1871.096,215.0,2.671,0.284,0.201,0.174,0.184,0.195,-8.2,5.3,0.413,0.301,-6.3,0.451,0.451,-10.7,0.481,0.451,-10.6,0.484,0.451,-10.5,0.485,0.451,-10.6,0.482,0.451,0,-1.0,59.47
20110101_0957,-27.02,-63.21,586.0,JX.GAZ.00,25.79,114.98,177.965,1836.481,1911.391,1938.165,216.0,2.355,0.216,0.084,0.091,0.083,0.08,-1.5,-4.4,0.56,-0.408,-6.6,0.336,0.336,-6.1,0.368,0.336,-6.2,0.496,0.336,-6.2,0.48,0.336,-6.2,0.42,0.336,0,-1.0,133.562
20110101_0957,-27.02,-63.21,586.0,JS.JJ.00,32.066,120.303,174.102,1818.263,1887.603,1912.071,217.0,3.196,0.019,0.075,0.081,0.076,0.083,2.9,-3.6,0.394,-0.587,-5.2,0.789,0.789,-5.1,0.433,0.789,-5.0,0.437,0.789,-5.0,0.433,0.789,-5.0,0.433,0.789,0,-1.0,-28.639
20110101_0957,-27.02,-63.21,586.0,SC.XCE.00,28.942,99.792,164.88,1772.903,1829.682,1849.057,218.0,4.383,0.204,0.286,0.286,0.286,0.286,4.0,-5.0,0.579,-0.733,-10.8,0.505,0.505,-4.3,0.488,0.505,-4.1,0.497,0.505,-4.2,0.493,0.505,-4.3,0.486,0.505,0,-1.0,78.678
20110101_0957,-27.02,-63.21,586.0,CB.CN2.00,43.48,125.26,162.17,1759.068,1812.345,1830.362,219.0,1.368,0.125,0.021,0.018,0.017,0.015,-0.9,-0.2,0.735,0.724,-0.1,0.764,0.764,-8.5,0.348,0.764,-8.8,0.37,0.764,-9.1,0.385,0.764,-9.1,0.383,0.764,0,-1.0,-20.12
20110101_0957,-27.02,-63.21,586.0,SC.HMS.00,29.572,104.398,168.801,1792.514,1854.508,1875.968,220.0,1.693,0.068,-0.011,-0.001,0.009,-0.006,-2.8,0.3,0.611,-0.036,5.4,0.504,0.504,4.8,0.499,0.504,5.0,0.499,0.504,5.0,0.503,0.504,4.8,0.501,0.504,0,-1.0,73.579
20110101_0957,-27.02,-63.21,586.0,YP.NE36.,42.525,120.584,164.189,1769.398,1825.278,1844.301,221.0,4.043,0.281,0.218,0.208,0.201,0.208,1.0,1.3,0.855,0.851,-0.2,0.687,0.687,1.4,0.682,0.687,1.5,0.684,0.687,1.6,0.684,0.687,1.5,0.685,0.687,0,-1.0,-10.109
20110101_0957,-27.02,-63.21,586.0,AU.NWAO.,-32.928,117.239,120.051,1513.686,1526.25,1529.979,222.0,0.0,,,,,,-16.0,-8.0,0.0,0.0,-16.0,0.0,0.0,-16.0,0.0,0.0,-16.0,0.0,0.0,-16.0,0.0,0.0,-16.0,0.0,0.0,0,-1.0,-179.566
20110101_0957,-27.02,-63.21,586.0,QH.TIJ.00,37.249,98.895,161.768,1757.002,1809.767,1827.587,223.0,3.138,0.068,0.146,0.151,0.151,0.15,-4.3,0.4,0.304,-0.519,-10.3,0.214,0.214,-9.6,0.337,0.214,-9.4,0.371,0.214,-9.4,0.372,0.214,-9.5,0.352,0.214,0,-1.0,51.028
20110101_0957,-27.02,-63.21,586.0,GS.PLT.00,35.451,106.681,167.94,1788.25,1849.083,1870.074,224.0,4.022,0.037,-0.01,-0.019,-0.019,-0.013,7.2,2.9,0.674,-0.693,8.2,0.628,0.628,6.7,0.604,0.628,6.5,0.604,0.628,6.6,0.599,0.628,6.6,0.605,0.628,0,-1.0,42.365
20110101_0957,-27.02,-63.21,586.0,XJ.WSU.00,44.123,84.641,149.062,1688.863,1726.579,1738.746,225.0,2.427,-0.038,-0.022,-0.012,-0.001,-0.025,-9.1,1.3,0.465,0.473,2.8,0.86,0.86,5.7,0.623,0.86,6.2,0.62,0.86,6.3,0.62,0.86,5.8,0.624,0.86,0,-1.0,47.882
20110101_0957,-27.02,-63.21,586.0,HB.HME.00,30.135,115.894,176.787,1830.978,1904.169,1930.229,226.0,4.497,0.184,0.205,0.191,0.194,0.175,0.6,-2.0,0.569,-0.547,7.1,0.389,0.389,-5.6,0.398,0.389,-5.5,0.402,0.389,-5.3,0.404,0.389,-5.5,0.401,0.389,0,-1.0,12.302
20110101_0957,-27.02,-63.21,586.0,HN.HEY.00,26.92,112.519,176.192,1828.181,1900.511,1926.214,227.0,2.787,0.09,0.097,0.083,0.081,0.095,-1.9,-2.2,0.884,0.771,-1.0,0.658,0.658,-6.1,0.718,0.658,-5.7,0.684,0.658,-5.8,0.7,0.658,-6.0,0.71,0.658,0,-1.0,90.865
20110101_0957,-27.02,-63.21,586.0,LN.KDN.00,40.741,124.782,164.776,1772.377,1829.021,1848.343,228.0,3.776,0.213,0.165,0.158,0.157,0.163,0.8,-2.3,0.883,-0.915,1.9,0.671,0.671,-10.7,0.422,0.671,-10.6,0.426,0.671,-10.5,0.427,0.671,-10.6,0.42,0.671,0,-1.0,-23.21
20110101_0957,-27.02,-63.21,586.0,SD.DSH.00,38.0,117.667,168.995,1793.475,1855.733,1877.301,229.0,2.762,-0.035,-0.051,-0.055,-0.059,-0.056,6.3,3.0,0.782,-0.631,1.2,0.514,0.514,6.5,0.389,0.514,6.6,0.389,0.514,6.6,0.382,0.514,6.6,0.385,0.514,0,-1.0,-3.505
20110101_0957,-27.02,-63.21,586.0,NM.ARS.00,47.174,119.952,159.693,1746.228,1796.378,1813.202,230.0,1.062,0.17,0.211,0.213,0.215,0.212,2.2,2.4,0.835,0.792,-3.3,0.679,0.679,-1.3,0.666,0.679,-1.1,0.678,0.679,-0.9,0.687,0.679,-1.0,0.683,0.679,0,-1.0,-6.12
20110101_0957,-27.02,-63.21,586.0,YN.YOS.00,26.694,100.768,165.712,1777.109,1834.98,1854.786,231.0,0.372,0.008,0.018,0.018,0.018,0.018,-10.3,3.2,0.337,-0.695,-2.2,0.328,0.328,-7.2,0.345,0.328,-7.3,0.365,0.328,-7.3,0.365,0.328,-7.2,0.346,0.328,0,-1.0,87.822
20110101_0957,-27.02,-63.21,586.0,CB.KSH.00,39.517,75.923,143.977,1660.141,1692.466,1702.71,232.0,1.526,0.227,0.172,0.132,0.143,0.163,-0.4,-0.5,0.748,0.741,-1.3,0.307,0.307,7.4,0.372,0.307,7.6,0.333,0.307,7.5,0.339,0.307,7.4,0.361,0.307,0,-1.0,59.124
20110101_0957,-27.02,-63.21,586.0,HI.SAY.00,18.204,109.493,168.912,1793.063,1855.209,1876.73,233.0,8.828,0.357,0.384,0.378,0.379,0.379,-0.9,4.0,0.605,-0.338,-0.9,0.873,0.873,0.1,0.916,0.873,0.1,0.925,0.873,0.2,0.928,0.873,0.2,0.921,0.873,1,0.0,142.322
20110101_0957,-27.02,-63.21,586.0,BU.LAY.00,39.51,114.98,167.419,1785.661,1845.797,1866.506,234.0,2.542,0.105,0.12,0.12,0.13,0.129,0.6,3.9,0.58,-0.739,8.7,0.598,0.598,8.5,0.682,0.598,8.5,0.657,0.598,8.5,0.63,0.598,8.5,0.639,0.598,0,-1.0,6.249
20110101_0957,-27.02,-63.21,586.0,MY.LDM.,5.178,118.498,158.097,1737.846,1786.028,1802.106,235.0,2.089,0.448,0.435,0.448,0.485,0.483,1.2,1.7,0.909,0.89,1.2,0.825,0.825,1.4,0.862,0.825,1.3,0.863,0.825,1.0,0.867,0.825,1.0,0.865,0.825,1,-1.0,-175.522
20110101_0957,-27.02,-63.21,586.0,SD.YSH.00,35.788,118.627,171.094,1803.753,1868.885,1891.626,236.0,6.376,0.242,0.079,0.071,0.058,0.067,-0.6,3.1,0.903,-0.841,2.9,0.816,0.816,4.0,0.758,0.816,4.1,0.751,0.816,4.3,0.757,0.816,4.2,0.758,0.816,0,-1.0,-9.269
20110101_0957,-27.02,-63.21,586.0,YP.NE55.,44.186,121.568,162.408,1760.294,1813.877,1832.011,237.0,2.506,0.07,0.132,0.15,0.157,0.151,0.2,0.2,0.827,0.837,1.1,0.544,0.544,2.9,0.563,0.544,3.2,0.553,0.544,3.3,0.546,0.544,3.2,0.548,0.544,0,-1.0,-11.21
20110101_0957,-27.02,-63.21,586.0,ZJ.JAX.00,30.78,120.888,174.804,1821.61,1891.948,1916.827,238.0,3.675,0.264,0.246,0.249,0.248,0.248,-2.8,-3.0,0.679,0.687,-2.1,0.824,0.824,-2.1,0.864,0.824,-2.2,0.835,0.824,-2.3,0.826,0.824,-2.3,0.835,0.824,0,-1.0,-40.377
20110101_0957,-27.02,-63.21,586.0,GD.YGJ.00,21.858,111.954,173.217,1814.025,1882.115,1906.07,239.0,5.291,0.319,0.351,0.369,0.374,0.366,0.9,1.0,0.83,0.866,0.2,0.407,0.407,-0.6,0.636,0.407,-0.6,0.638,0.407,-0.5,0.645,0.407,-0.6,0.638,0.407,1,0.0,140.491
20110101_0957,-27.02,-63.21,586.0,CB.WHN.00,30.543,114.354,175.881,1826.713,1898.594,1924.111,240.0,2.707,0.278,0.18,0.158,0.146,0.151,-2.9,2.6,0.402,0.144,0.1,0.663,0.663,5.3,0.534,0.663,5.3,0.521,0.663,5.4,0.511,0.663,5.3,0.52,0.663,0,-1.0,28.108
20110101_0957,-27.02,-63.21,586.0,MI.ANSW.,16.342,145.673,151.204,1700.72,1740.811,1753.852,241.0,1.5,0.333,0.278,0.279,0.288,0.273,-6.0,-1.7,0.681,-0.801,-6.4,0.686,0.686,-6.9,0.673,0.686,-7.5,0.655,0.686,-7.4,0.667,0.686,-6.9,0.67,0.686,0,-1.0,-106.141
20110101_0957,-27.02,-63.21,586.0,TM.NAYO.,14.315,101.321,160.777,1751.875,1803.384,1820.724,242.0,2.788,0.078,0.004,0.002,0.004,-0.0,-0.7,-0.5,0.43,0.42,-5.2,0.661,0.661,-5.7,0.633,0.661,-5.6,0.633,0.661,-5.7,0.623,0.661,-5.6,0.642,0.661,0,-1.0,128.981
20110101_0957,-27.02,-63.21,586.0,XJ.LTA.00,42.022,84.167,149.486,1691.226,1729.407,1741.745,243.0,2.27,0.293,0.217,0.213,0.199,0.216,-0.7,2.3,0.475,-0.182,1.1,0.451,0.451,6.6,0.377,0.451,6.6,0.465,0.451,6.7,0.474,0.451,6.6,0.42,0.451,0,-1.0,51.976
20110101_0957,-27.02,-63.21,586.0,XJ.WSC.00,43.457,87.685,151.34,1701.465,1741.709,1754.806,244.0,0.827,-0.043,0.116,0.138,0.152,0.118,-8.0,-0.8,0.408,0.37,1.9,0.67,0.67,4.6,0.647,0.67,4.6,0.669,0.67,4.6,0.665,0.67,4.5,0.667,0.67,0,-1.0,47.265
20110101_0957,-27.02,-63.21,586.0,XZ.DXI.00,30.534,91.065,157.231,1733.262,1780.39,1796.07,245.0,1.171,0.058,0.178,0.22,0.223,0.193,-5.3,-1.4,0.616,-0.874,-10.3,0.555,0.555,-10.1,0.635,0.555,-9.9,0.629,0.555,-9.9,0.635,0.555,-10.0,0.637,0.555,0,-1.0,75.007
20110101_0957,-27.02,-63.21,586.0,GZ.XYT.00,25.04,104.9,169.139,1794.181,1856.635,1878.281,246.0,1.605,0.089,0.263,0.224,0.242,0.253,4.6,4.4,0.739,0.485,-1.7,0.38,0.38,1.0,0.747,0.38,1.3,0.675,0.38,1.2,0.697,0.38,1.0,0.729,0.38,0,-1.0,98.387
20110101_0957,-27.02,-63.21,586.0,NM.JIP.00,43.244,117.545,163.764,1767.233,1822.561,1841.37,247.0,3.684,0.287,0.263,0.264,0.261,0.263,0.4,0.2,0.787,0.739,-8.7,0.553,0.553,-8.0,0.642,0.553,-8.0,0.646,0.553,-7.9,0.654,0.553,-7.9,0.651,0.553,0,-1.0,-1.93
20110101_0957,-27.02,-63.21,586.0,HB.JME.00,31.119,112.169,174.247,1818.955,1888.5,1913.052,248.0,3.461,0.181,0.298,0.295,0.29,0.292,-1.3,-0.9,0.687,0.697,3.9,0.41,0.41,11.4,0.396,0.41,11.3,0.389,0.41,11.2,0.393,0.41,11.2,0.401,0.41,0,-1.0,41.415
20110101_0957,-27.02,-63.21,586.0,JS.GUY.00,34.309,119.238,172.413,1810.153,1877.117,1900.609,249.0,3.008,-0.132,0.035,0.039,0.026,0.037,-4.9,-4.1,0.719,0.582,-3.3,0.672,0.672,-2.3,0.664,0.672,-2.3,0.667,0.672,-2.4,0.666,0.672,-2.3,0.668,0.672,0,-1.0,-14.749
20110101_0957,-27.02,-63.21,586.0,SC.RTA.00,32.269,100.98,165.31,1775.078,1832.421,1852.017,250.0,2.131,0.195,0.064,0.056,0.052,0.06,8.7,4.9,0.549,-0.69,-0.1,0.498,0.498,0.7,0.47,0.498,0.7,0.511,0.498,0.7,0.506,0.498,0.7,0.484,0.498,0,-1.0,64.9
20110101_0957,-27.02,-63.21,586.0,FJ.LYXP.00,25.128,117.026,178.096,1837.091,1912.194,1939.048,251.0,9.736,0.212,0.229,0.234,0.238,0.225,-2.6,-6.3,0.605,-0.667,-11.3,0.283,0.283,-10.2,0.234,0.283,-10.4,0.226,0.283,-10.6,0.225,0.283,-10.5,0.234,0.283,0,-1.0,-174.84
20110101_0957,-27.02,-63.21,586.0,JP.ASAJ.,44.119,142.593,153.13,1711.244,1753.53,1767.387,252.0,0.773,0.035,-0.078,-0.061,-0.076,-0.077,-2.4,-2.7,0.582,0.471,-3.1,0.71,0.71,-2.5,0.587,0.71,-3.0,0.584,0.71,-3.0,0.593,0.71,-3.1,0.601,0.71,0,-1.0,-43.556
20110101_0957,-27.02,-63.21,586.0,GD.FES.00,23.822,116.208,176.759,1830.846,1903.997,1930.04,253.0,3.806,0.283,0.209,0.223,0.239,0.239,0.3,0.8,0.825,0.634,2.4,0.639,0.639,2.1,0.651,0.639,1.3,0.722,0.639,0.6,0.811,0.639,0.8,0.77,0.639,0,-1.0,171.734
20110101_0957,-27.02,-63.21,586.0,YN.YOD.00,24.036,99.245,163.904,1767.945,1823.455,1842.334,254.0,0.353,-0.004,-0.001,-0.005,-0.004,-0.002,-11.8,-5.4,0.19,0.826,-9.6,0.106,0.106,15.8,-0.0,0.106,15.8,-0.0,0.106,15.8,-0.0,0.106,15.8,-0.0,0.106,0,-1.0,97.173
20110101_0957,-27.02,-63.21,586.0,SN.YAAN.00,36.872,109.325,168.297,1790.024,1851.339,1872.524,255.0,2.562,-0.121,-0.117,-0.101,-0.089,-0.107,-4.7,-2.0,0.538,-0.124,-9.7,0.33,0.33,-10.3,0.551,0.33,-10.2,0.548,0.33,-10.1,0.536,0.33,-10.2,0.547,0.33,0,-1.0,30.065
20110101_0957,-27.02,-63.21,586.0,YP.NE75.,44.308,119.954,162.525,1760.895,1814.628,1832.82,256.0,0.353,-0.073,-0.054,-0.054,-0.053,-0.054,-10.6,-0.2,0.128,0.818,4.8,0.375,0.375,6.6,0.371,0.375,6.7,0.361,0.375,7.0,0.35,0.375,6.9,0.355,0.375,0,-1.0,-7.43
20110101_0957,-27.02,-63.21,586.0,XJ.BTS.00,45.284,90.514,152.234,1706.364,1747.622,1761.095,257.0,1.156,-0.073,-0.005,-0.003,0.001,-0.003,3.8,3.8,0.622,0.523,3.6,0.719,0.719,4.7,0.691,0.719,5.1,0.674,0.719,5.3,0.667,0.719,4.8,0.681,0.719,0,-1.0,41.789
20110101_0957,-27.02,-63.21,586.0,XJ.YMS.00,41.944,94.002,156.142,1727.463,1773.283,1788.47,258.0,2.043,0.357,0.355,0.352,0.349,0.354,3.5,3.1,0.572,0.557,-0.1,0.729,0.729,1.5,0.682,0.729,1.6,0.688,0.729,1.6,0.689,0.729,1.5,0.685,0.729,1,14.0,45.173
20110101_0957,-27.02,-63.21,586.0,YP.NE82.,46.171,117.915,160.828,1752.139,1803.712,1821.077,259.0,2.716,0.202,0.214,0.229,0.243,0.236,1.2,1.2,0.738,0.698,-6.2,0.671,0.671,-4.2,0.728,0.671,-3.9,0.756,0.671,-3.7,0.777,0.671,-3.8,0.767,0.671,0,-1.0,-2.338
20110101_0957,-27.02,-63.21,586.0,JS.GC.00,31.353,119.017,175.251,1823.732,1894.71,1919.853,260.0,1.301,0.11,-0.108,-0.114,-0.106,-0.1,-0.9,2.5,0.571,-0.455,7.1,0.453,0.453,-12.1,0.458,0.453,-12.1,0.478,0.453,-12.1,0.484,0.453,-12.1,0.475,0.453,0,-1.0,-21.831
20110101_0957,-27.02,-63.21,586.0,RM.SIM.,20.133,92.885,157.078,1732.452,1779.397,1795.007,261.0,1.861,-0.102,-0.004,0.024,0.027,0.012,1.1,0.1,0.39,0.25,-4.6,0.494,0.494,-3.8,0.616,0.494,-3.3,0.652,0.494,-3.3,0.655,0.494,-3.5,0.638,0.494,0,-1.0,102.741
20110101_0957,-27.02,-63.21,586.0,HB.FXI.00,31.938,110.724,172.787,1811.953,1879.439,1903.145,262.0,3.624,-0.033,-0.112,-0.146,-0.159,-0.134,-2.9,-2.8,0.765,0.711,-3.9,0.846,0.846,-2.4,0.417,0.846,-2.5,0.392,0.846,-2.5,0.381,0.846,-2.4,0.398,0.846,0,-1.0,43.993
20110101_0957,-27.02,-63.21,586.0,YP.NE41.,43.307,116.123,163.704,1766.926,1822.176,1840.955,263.0,4.44,0.299,0.311,0.308,0.306,0.309,1.3,1.6,0.841,0.86,0.2,0.64,0.64,0.9,0.616,0.64,1.0,0.627,0.64,1.0,0.635,0.64,0.9,0.632,0.64,1,2.0,1.697
20110101_0957,-27.02,-63.21,586.0,AU.RABL.,-4.191,152.164,133.729,1599.689,1622.377,1629.319,264.0,3.367,0.454,0.527,0.551,0.547,0.526,2.6,2.5,0.905,0.921,2.2,0.788,0.788,1.9,0.802,0.788,1.7,0.811,0.788,1.7,0.81,0.788,1.9,0.802,0.788,1,8.0,-127.203
20110101_0957,-27.02,-63.21,586.0,SN.MIAX.00,33.229,106.8,169.369,1795.315,1858.082,1879.855,265.0,2.548,0.075,-0.16,-0.091,-0.069,-0.127,8.8,-3.3,0.453,0.321,-9.0,0.389,0.389,9.1,0.509,0.389,9.1,0.479,0.389,9.2,0.463,0.389,9.1,0.496,0.389,0,-1.0,50.939
20110101_0957,-27.02,-63.21,586.0,JP.JHJ2.,33.115,139.814,159.214,1743.719,1793.274,1809.872,266.0,1.939,0.076,0.105,0.083,0.091,0.099,3.6,3.7,0.578,0.579,3.4,0.62,0.62,3.7,0.697,0.62,3.1,0.683,0.62,3.2,0.686,0.62,3.5,0.692,0.62,0,-1.0,-67.233
20110101_0957,-27.02,-63.21,586.0,HK.HKPS.,22.278,114.142,174.682,1821.03,1891.195,1916.003,267.0,3.666,0.482,0.519,0.526,0.517,0.517,-0.9,0.9,0.793,0.564,2.4,0.811,0.811,2.3,0.85,0.811,2.2,0.869,0.811,2.2,0.883,0.811,2.2,0.859,0.811,1,0.0,154.512
20110101_0957,-27.02,-63.21,586.0,SN.SUDE.00,37.495,110.231,168.156,1789.324,1850.448,1871.555,268.0,8.45,0.007,-0.079,-0.069,-0.062,-0.069,7.8,-3.0,0.312,-0.553,1.5,0.4,0.4,1.7,0.547,0.4,1.7,0.579,0.4,1.8,0.596,0.4,1.7,0.578,0.4,0,-1.0,25.529
20110101_0957,-27.02,-63.21,586.0,SC.GZI.00,31.61,100.019,164.692,1771.952,1828.487,1847.765,269.0,0.963,0.068,0.016,-0.012,-0.007,0.006,-2.1,2.5,0.566,0.294,-11.5,0.424,0.424,-11.1,0.483,0.424,-11.0,0.484,0.424,-11.0,0.486,0.424,-11.0,0.487,0.424,0,-1.0,68.268
20110101_0957,-27.02,-63.21,586.0,SX.YUY.00,40.023,112.369,166.489,1781.014,1839.912,1860.126,270.0,3.313,0.287,0.319,0.318,0.317,0.324,1.1,0.9,0.764,0.798,-3.2,0.58,0.58,8.9,0.66,0.58,8.9,0.644,0.58,9.0,0.629,0.58,8.9,0.64,0.58,1,2.0,14.287
20110101_0957,-27.02,-63.21,586.0,SN.LUYA.00,33.357,106.14,168.834,1792.681,1854.722,1876.2,271.0,7.04,0.202,0.172,0.171,0.184,0.161,-0.8,-4.9,0.542,-0.458,-0.5,0.856,0.856,-0.8,0.607,0.856,-0.8,0.622,0.856,-0.7,0.627,0.856,-0.9,0.616,0.856,0,-1.0,52.004
20110101_0957,-27.02,-63.21,586.0,HA.PDS.00,33.712,113.298,172.663,1811.357,1878.669,1902.304,272.0,6.619,0.375,0.193,0.454,0.444,0.447,0.2,3.9,0.589,-0.753,-0.7,0.649,0.649,7.6,0.577,0.649,-0.7,0.724,0.649,-0.7,0.719,0.649,-0.7,0.723,0.649,0,-1.0,22.263
20110101_0957,-27.02,-63.21,586.0,YP.NE8H.,46.515,132.831,156.751,1730.714,1777.264,1792.726,273.0,3.408,0.038,0.033,0.073,0.079,0.067,-3.5,-1.0,0.728,-0.713,2.6,0.4,0.4,2.8,0.405,0.4,2.8,0.377,0.4,2.7,0.356,0.4,2.8,0.364,0.4,0,-1.0,-28.557
20110101_0957,-27.02,-63.21,586.0,GD.ZHS.00,22.487,113.36,174.501,1820.169,1890.076,1914.777,274.0,2.225,0.05,0.127,0.115,0.11,0.117,-3.2,-3.4,0.891,0.74,-9.4,0.634,0.634,-9.0,0.628,0.634,-9.0,0.617,0.634,-8.9,0.615,0.634,-9.0,0.623,0.634,0,-1.0,147.035
20110101_0957,-27.02,-63.21,586.0,YP.NE5C.,43.788,128.337,160.815,1752.072,1803.628,1820.987,275.0,4.286,0.184,0.046,0.046,0.047,0.053,2.5,2.4,0.764,0.763,10.0,0.45,0.45,-6.1,0.67,0.45,-6.1,0.669,0.45,-6.1,0.667,0.45,-6.1,0.666,0.45,0,-1.0,-25.76
20110101_0957,-27.02,-63.21,586.0,HL.NEH.00,48.484,124.564,157.701,1735.755,1783.455,1799.35,276.0,2.812,0.165,0.119,0.114,0.128,0.131,-0.3,-0.2,0.84,0.872,6.6,0.481,0.481,-4.5,0.71,0.481,-4.5,0.7,0.481,-4.6,0.665,0.481,-4.6,0.673,0.481,0,-1.0,-13.52
20110101_0957,-27.02,-63.21,586.0,II.DGAR.00,-7.412,72.452,124.976,1545.352,1561.189,1565.924,277.0,1.847,0.266,0.105,0.105,0.105,0.106,-3.4,-3.6,0.379,0.418,1.6,0.529,0.529,13.3,0.435,0.529,13.2,0.439,0.529,13.3,0.449,0.529,13.3,0.439,0.529,0,-1.0,122.422
20110101_0957,-27.02,-63.21,586.0,HN.NIX.00,27.992,112.345,175.94,1826.99,1898.956,1924.508,278.0,2.467,-0.014,0.016,0.026,0.016,0.011,1.7,1.9,0.888,0.765,-1.7,0.657,0.657,4.3,0.719,0.657,4.5,0.646,0.657,4.6,0.662,0.657,4.4,0.699,0.657,0,-1.0,73.592
20110101_0957,-27.02,-63.21,586.0,AH.JIX.00,30.699,118.378,176.067,1827.59,1899.739,1925.367,279.0,2.6,0.126,0.038,0.043,0.053,0.051,-3.3,0.3,0.386,0.229,-1.5,0.728,0.728,-3.3,0.527,0.728,-3.3,0.564,0.728,-3.2,0.566,0.728,-3.2,0.564,0.728,0,-1.0,-18.407
20110101_0957,-27.02,-63.21,586.0,YN.LUS.00,25.832,98.852,163.906,1767.956,1823.468,1842.348,280.0,2.797,0.014,-0.005,-0.017,-0.011,-0.004,7.7,2.2,0.342,-0.298,-2.6,0.254,0.254,-2.3,0.397,0.254,-2.1,0.398,0.254,-2.1,0.404,0.254,-2.2,0.406,0.254,0,-1.0,90.407
20110101_0957,-27.02,-63.21,586.0,BU.ZKD.00,39.688,115.922,167.311,1785.124,1845.115,1865.767,281.0,3.268,0.068,0.169,0.168,0.177,0.167,-0.7,-4.4,0.477,-0.835,-1.4,0.536,0.536,-1.1,0.591,0.536,-1.1,0.591,0.536,-1.1,0.584,0.536,-1.1,0.584,0.536,0,-1.0,2.96
20110101_0957,-27.02,-63.21,586.0,HL.BNX.00,45.739,127.403,159.467,1745.044,1794.913,1811.63,282.0,0.368,0.007,-0.017,-0.017,-0.017,-0.017,-4.5,-4.4,0.275,0.955,4.2,0.32,0.32,-0.1,0.428,0.32,-0.1,0.393,0.32,-0.1,0.373,0.32,-0.1,0.38,0.32,0,-1.0,-21.245
20110101_0957,-27.02,-63.21,586.0,HL.TOH.00,46.085,128.651,158.742,1741.244,1790.217,1806.594,283.0,3.678,0.313,0.245,0.233,0.228,0.236,0.9,1.1,0.876,0.873,0.5,0.678,0.678,1.5,0.634,0.678,1.6,0.605,0.678,1.6,0.581,0.678,1.5,0.586,0.678,0,-1.0,-22.902
20110101_0957,-27.02,-63.21,586.0,AU.MORW.,-29.068,116.04,123.907,1538.548,1553.638,1558.141,284.0,5.119,0.626,0.621,0.621,0.63,0.629,0.1,0.2,0.763,0.864,-0.1,0.817,0.817,-0.1,0.818,0.817,-0.1,0.82,0.817,-0.1,0.808,0.817,-0.1,0.812,0.817,1,10.0,179.213
20110101_0957,-27.02,-63.21,586.0,KR.ARK.,41.8,71.967,140.701,1641.184,1670.244,1679.353,285.0,0.976,0.223,0.047,0.056,0.051,0.049,-4.4,-3.0,0.401,0.224,10.4,0.442,0.442,8.6,0.245,0.442,8.4,0.276,0.442,8.4,0.275,0.442,8.5,0.261,0.442,0,-1.0,56.083
20110101_0957,-27.02,-63.21,586.0,YP.NEAD.,47.581,133.58,155.599,1724.563,1769.737,1784.682,286.0,0.35,-0.014,-0.006,-0.007,-0.007,-0.006,-1.1,-3.7,0.361,0.984,12.3,0.369,0.369,4.8,0.412,0.369,4.7,0.358,0.369,10.2,0.331,0.369,4.6,0.331,0.369,0,-1.0,-27.927
20110101_0957,-27.02,-63.21,586.0,1G.WOP05.,37.654,106.305,166.18,1779.46,1837.948,1857.998,287.0,3.572,-0.13,-0.185,0.04,0.038,0.047,-5.2,-1.1,0.547,-0.639,-7.2,0.419,0.419,-7.8,0.522,0.419,-3.3,0.62,0.419,-3.3,0.619,0.419,-3.3,0.62,0.419,0,-1.0,36.44
20110101_0957,-27.02,-63.21,586.0,SC.BAX.00,30.372,102.813,167.3,1785.066,1845.043,1865.688,288.0,2.682,0.028,0.153,0.169,0.166,0.158,-5.0,-1.7,0.505,-0.747,3.0,0.717,0.717,3.6,0.608,0.717,3.7,0.502,0.717,3.7,0.522,0.717,3.7,0.584,0.717,0,-1.0,71.062
20110101_0957,-27.02,-63.21,586.0,LN.HXQ.00,42.585,122.772,163.69,1766.857,1822.09,1840.862,289.0,3.42,-0.02,-0.034,-0.03,-0.029,-0.027,0.2,0.2,0.881,0.878,8.8,0.449,0.449,-5.8,0.468,0.449,-5.7,0.466,0.449,-5.6,0.468,0.449,-5.8,0.464,0.449,0,-1.0,-15.57
20110101_0957,-27.02,-63.21,586.0,CQ.WUL.00,29.188,107.826,171.804,1807.205,1873.319,1896.464,290.0,2.829,0.121,0.023,-0.028,-0.027,0.008,1.7,4.7,0.759,-0.62,-0.1,0.491,0.491,1.7,0.673,0.491,1.9,0.734,0.491,2.0,0.722,0.491,1.8,0.672,0.491,0,-1.0,71.902
20110101_0957,-27.02,-63.21,586.0,SC.BTA.00,30.01,99.117,164.203,1769.468,1825.366,1844.396,291.0,3.504,-0.135,-0.202,-0.208,-0.203,-0.206,5.6,1.5,0.475,-0.407,-4.1,0.716,0.716,-3.5,0.76,0.716,-3.5,0.748,0.716,-3.5,0.752,0.716,-3.5,0.756,0.716,0,-1.0,74.8
20110101_0957,-27.02,-63.21,586.0,SC.HWS.00,28.64,104.736,169.223,1794.596,1857.164,1878.856,292.0,3.06,0.107,0.045,0.051,0.049,0.046,6.9,3.5,0.462,-0.627,4.7,0.471,0.471,5.0,0.448,0.471,4.9,0.502,0.471,4.9,0.496,0.471,5.0,0.474,0.471,0,-1.0,78.349
20110101_0957,-27.02,-63.21,586.0,JS.LH.00,32.515,118.945,174.196,1818.713,1888.185,1912.708,293.0,0.35,-0.013,-0.001,-0.001,-0.001,-0.001,10.0,4.7,0.634,0.815,0.1,0.704,0.704,1.2,0.615,0.704,1.2,0.631,0.704,1.1,0.645,0.704,1.2,0.634,0.704,0,-1.0,-17.103
20110101_0957,-27.02,-63.21,586.0,YP.NE45.,43.373,120.603,163.358,1765.162,1819.966,1838.572,294.0,4.709,0.133,0.148,0.143,0.146,0.148,0.8,2.7,0.626,0.487,2.4,0.483,0.483,4.4,0.423,0.483,4.6,0.414,0.483,4.7,0.408,0.483,4.6,0.411,0.483,0,-1.0,-9.541
20110101_0957,-27.02,-63.21,586.0,YN.LOP.00,24.886,104.291,168.566,1791.354,1853.032,1874.363,295.0,0.817,0.136,0.221,0.213,0.214,0.222,6.0,5.7,0.536,0.396,14.4,0.404,0.404,1.5,0.447,0.404,1.7,0.435,0.404,1.6,0.438,0.404,1.5,0.439,0.404,0,-1.0,98.491
20110101_0957,-27.02,-63.21,586.0,HA.SC.00,31.791,115.418,175.082,1822.931,1893.667,1918.71,296.0,6.787,0.148,0.081,0.078,0.089,0.069,1.1,1.1,0.512,0.472,-2.1,0.777,0.777,-4.0,0.543,0.777,-3.8,0.566,0.777,-3.6,0.599,0.777,-3.8,0.566,0.777,0,-1.0,12.659
20110101_0957,-27.02,-63.21,586.0,HB.XNI.00,29.716,114.411,176.587,1830.037,1902.938,1928.877,297.0,2.693,0.288,0.111,0.093,0.112,0.097,-1.3,-1.6,0.773,0.677,-0.9,0.602,0.602,1.5,0.731,0.602,1.7,0.696,0.602,1.9,0.677,0.602,1.7,0.705,0.602,0,-1.0,33.818
20110101_0957,-27.02,-63.21,586.0,BU.SHC.00,40.441,115.523,166.539,1781.26,1840.223,1860.463,298.0,2.92,0.234,0.209,0.206,0.195,0.199,-3.2,-3.9,0.757,0.959,-3.9,0.703,0.703,-3.9,0.717,0.703,-3.9,0.718,0.703,-3.8,0.706,0.703,-3.9,0.711,0.703,0,-1.0,4.042
20110101_0957,-27.02,-63.21,586.0,GE.SAUI.,-7.983,131.299,142.278,1650.358,1680.967,1690.613,299.0,0.331,0.01,-0.003,-0.005,-0.009,-0.007,2.0,-4.9,0.807,-0.604,7.3,0.201,0.201,7.1,0.158,0.201,7.0,0.157,0.201,6.6,0.159,0.201,6.5,0.16,0.201,0,-1.0,-156.279
20110101_0957,-27.02,-63.21,586.0,GD.ZHQ.00,23.178,112.539,174.563,1820.461,1890.455,1915.193,300.0,3.345,-0.262,-0.135,-0.163,-0.151,-0.162,-0.9,0.4,0.706,0.508,-4.8,0.698,0.698,-4.4,0.546,0.698,-4.3,0.532,0.698,-4.2,0.551,0.698,-4.3,0.544,0.698,0,-1.0,136.55
20110101_0957,-27.02,-63.21,586.0,ZJ.HUZ.00,30.842,120.095,175.207,1823.524,1894.438,1919.556,301.0,5.375,0.154,0.13,0.141,0.151,0.139,-1.2,-4.5,0.709,-0.636,-8.4,0.762,0.762,-7.9,0.756,0.762,-8.0,0.703,0.762,-8.0,0.672,0.762,-7.9,0.68,0.762,0,-1.0,-33.952
20110101_0957,-27.02,-63.21,586.0,JL.DHT.00,43.344,128.198,161.243,1754.285,1806.382,1823.946,302.0,1.888,0.196,0.176,0.187,0.191,0.183,2.0,-1.6,0.789,-0.55,-6.5,0.64,0.64,2.2,0.452,0.64,1.9,0.466,0.64,1.8,0.472,0.64,1.9,0.467,0.64,0,-1.0,-26.228
20110101_0957,-27.02,-63.21,586.0,XJ.XKR.00,39.828,77.576,145.189,1667.063,1700.641,1711.325,303.0,1.381,-0.083,-0.003,0.016,0.01,0.004,3.4,3.5,0.725,0.882,10.5,0.55,0.55,11.7,0.497,0.55,11.8,0.464,0.55,11.8,0.469,0.55,11.8,0.485,0.55,0,-1.0,58.252
20110101_0957,-27.02,-63.21,586.0,SH.ZHY.00,31.233,121.517,174.102,1818.265,1887.606,1912.074,304.0,1.528,0.119,0.055,0.066,0.072,0.068,4.6,4.7,0.475,0.459,5.9,0.631,0.631,-3.6,0.752,0.631,-3.6,0.733,0.631,-3.6,0.724,0.631,-3.6,0.728,0.631,0,-1.0,-41.295
20110101_0957,-27.02,-63.21,586.0,JS.BY.00,33.263,119.267,173.401,1814.908,1883.257,1907.317,305.0,2.057,0.02,-0.008,-0.012,-0.008,-0.009,-7.3,-4.0,0.706,-0.934,-11.7,0.386,0.386,-1.3,0.203,0.386,-1.3,0.184,0.386,-1.3,0.181,0.386,-1.3,0.194,0.386,0,-1.0,-17.306
20110101_0957,-27.02,-63.21,586.0,HB.SZH.00,31.63,113.386,174.518,1820.248,1890.179,1914.89,306.0,2.4,0.162,0.119,0.12,0.115,0.102,-4.2,-4.1,0.811,0.732,1.3,0.547,0.547,2.2,0.392,0.547,2.2,0.411,0.547,2.2,0.416,0.547,2.1,0.403,0.547,0,-1.0,30.036
20110101_0957,-27.02,-63.21,586.0,JS.XH.00,32.889,119.847,173.562,1815.682,1884.259,1908.413,307.0,1.361,0.07,0.092,0.088,0.076,0.074,-1.6,-4.4,0.745,-0.856,0.9,0.529,0.529,0.4,0.444,0.529,0.4,0.424,0.529,0.5,0.416,0.529,0.5,0.414,0.529,0,-1.0,-22.246
20110101_0957,-27.02,-63.21,586.0,SC.MLI.00,27.932,101.272,166.211,1779.619,1838.149,1858.216,308.0,2.453,0.043,0.263,0.277,0.273,0.265,6.8,3.4,0.589,-0.86,-7.9,0.628,0.628,-7.4,0.576,0.628,-7.4,0.574,0.628,-7.4,0.574,0.628,-7.4,0.575,0.628,0,-1.0,82.646
20110101_0957,-27.02,-63.21,586.0,SD.JIX.00,35.4,116.35,171.612,1806.271,1872.119,1895.154,309.0,3.721,0.149,0.136,0.131,0.119,0.127,-3.5,0.9,0.751,-0.796,-2.5,0.706,0.706,-2.3,0.817,0.706,-2.2,0.811,0.706,-2.2,0.804,0.706,-2.2,0.808,0.706,0,-1.0,2.348
20110101_0957,-27.02,-63.21,586.0,JL.THT.00,41.697,125.998,163.496,1765.863,1820.845,1839.519,310.0,1.719,0.113,0.248,0.241,0.23,0.232,0.6,0.9,0.75,0.744,-4.8,0.381,0.381,-3.1,0.657,0.381,-3.0,0.629,0.381,-2.7,0.607,0.381,-2.8,0.614,0.381,0,-1.0,-24.466
20110101_0957,-27.02,-63.21,586.0,SN.MEIX.00,34.128,107.817,169.511,1796.012,1858.973,1880.825,311.0,2.845,-0.102,-0.323,0.072,0.072,-0.334,7.8,4.0,0.634,-0.59,0.1,0.623,0.623,7.2,0.632,0.623,-1.2,0.465,0.623,-1.2,0.48,0.623,7.1,0.679,0.623,0,-1.0,44.184
20110101_0957,-27.02,-63.21,586.0,FJ.PTLC.00,25.447,119.014,177.46,1834.126,1908.296,1934.763,312.0,12.933,0.44,0.361,0.367,0.373,0.354,-0.4,-0.1,0.933,0.919,0.3,0.794,0.794,0.6,0.853,0.794,0.5,0.884,0.794,0.4,0.888,0.794,0.6,0.867,0.794,1,3.0,-133.186
20110101_0957,-27.02,-63.21,586.0,GD.TIS.00,22.27,112.885,174.071,1818.118,1887.414,1911.864,313.0,2.258,0.269,0.202,0.199,0.2,0.217,-0.8,-1.0,0.882,0.82,0.0,0.58,0.58,-7.0,0.611,0.58,-7.0,0.585,0.58,-6.9,0.575,0.58,-7.0,0.598,0.58,0,-1.0,144.573
20110101_0957,-27.02,-63.21,586.0,SC.XCO.00,31.018,105.902,169.68,1796.842,1860.033,1881.979,314.0,4.711,-0.108,-0.311,0.067,0.07,-0.292,2.6,2.9,0.756,0.74,-4.5,0.631,0.631,2.3,0.522,0.631,-7.9,0.253,0.631,0.8,0.267,0.631,2.3,0.6,0.631,0,-1.0,63.919
20110101_0957,-27.02,-63.21,586.0,GS.YDT.00,36.801,103.321,164.982,1773.419,1830.332,1849.759,315.0,3.694,0.1,0.147,0.155,0.149,0.149,7.4,3.5,0.663,-0.795,-1.8,0.713,0.713,-1.3,0.834,0.713,-1.2,0.853,0.713,-1.2,0.853,0.713,-1.3,0.843,0.713,0,-1.0,45.449
20110101_0957,-27.02,-63.21,586.0,HB.ENS.00,30.276,109.494,172.819,1812.111,1879.643,1903.368,316.0,6.062,-0.027,0.192,0.181,0.179,0.182,-1.8,-1.8,0.788,0.707,-3.1,0.882,0.882,-0.9,0.518,0.882,-0.9,0.495,0.882,-0.9,0.492,0.882,-0.9,0.509,0.882,0,-1.0,60.005
20110101_0957,-27.02,-63.21,586.0,BJ.SSL.00,40.251,116.225,166.761,1782.373,1841.631,1861.989,317.0,2.404,0.295,0.321,0.31,0.295,0.305,3.6,3.8,0.571,0.323,-0.1,0.7,0.7,0.6,0.753,0.7,0.8,0.76,0.7,1.0,0.771,0.7,0.9,0.767,0.7,1,2.0,1.835
20110101_0957,-27.02,-63.21,586.0,LN.BEP.00,41.783,120.699,164.893,1772.971,1829.768,1849.15,318.0,5.287,0.242,0.362,0.362,0.36,0.363,0.0,0.0,0.862,0.848,-9.7,0.406,0.406,-8.2,0.635,0.406,-8.1,0.639,0.406,-8.0,0.646,0.406,-8.0,0.642,0.406,1,2.0,-11.014
20110101_0957,-27.02,-63.21,586.0,FJ.SNQY.00,27.403,119.483,177.575,1834.661,1909.0,1935.536,319.0,16.495,0.466,0.462,0.461,0.461,0.461,-0.6,-0.6,0.927,0.939,-0.5,0.845,0.845,0.3,0.739,0.845,-0.3,0.626,0.845,0.1,0.648,0.845,0.3,0.72,0.845,1,7.0,-78.32
20110101_0957,-27.02,-63.21,586.0,TM.CMAI.,19.932,99.045,162.272,1759.595,1813.005,1831.072,320.0,1.868,0.174,0.225,0.231,0.23,0.223,-1.6,-1.7,0.866,0.689,-7.3,0.672,0.672,-6.8,0.755,0.672,-6.7,0.753,0.672,-6.7,0.754,0.672,-6.7,0.764,0.672,0,-1.0,110.384
20110101_0957,-27.02,-63.21,586.0,SC.MEK.00,31.904,102.224,166.424,1780.688,1839.5,1859.68,321.0,3.03,0.138,0.006,0.006,0.006,0.012,7.5,3.6,0.748,-0.366,-0.2,0.784,0.784,-1.3,0.725,0.784,-1.2,0.728,0.784,-1.2,0.731,0.784,-1.2,0.731,0.784,0,-1.0,65.002
20110101_0957,-27.02,-63.21,586.0,JL.SGT.00,44.089,124.907,161.721,1756.756,1809.461,1827.258,322.0,0.462,0.001,0.063,0.065,0.067,0.066,0.3,0.6,0.798,0.875,9.2,0.531,0.531,1.8,0.681,0.531,1.5,0.657,0.531,1.3,0.664,0.531,1.4,0.662,0.531,0,-1.0,-18.588
20110101_0957,-27.02,-63.21,586.0,LN.XMN.00,42.071,122.868,164.15,1769.197,1825.026,1844.029,323.0,5.29,-0.033,-0.023,-0.021,-0.026,-0.025,0.8,-3.1,0.735,-0.793,2.4,0.473,0.473,10.6,0.345,0.473,-2.9,0.339,0.473,-2.9,0.353,0.473,-2.9,0.348,0.473,0,-1.0,-16.412
20110101_0957,-27.02,-63.21,586.0,GS.JNT.00,35.531,105.771,167.323,1785.182,1845.189,1865.847,324.0,1.125,0.003,-0.03,-0.023,-0.016,-0.022,1.9,2.6,0.511,0.364,2.5,0.673,0.673,10.7,0.356,0.673,-10.2,0.351,0.673,-10.1,0.358,0.673,-10.2,0.344,0.673,0,-1.0,44.376
20110101_0957,-27.02,-63.21,586.0,SC.MBI.00,28.84,103.534,168.154,1789.313,1850.434,1871.54,325.0,2.759,0.062,0.031,0.039,0.042,0.04,0.3,3.1,0.375,0.244,2.8,0.333,0.333,8.5,0.464,0.333,8.6,0.459,0.333,8.6,0.458,0.333,8.6,0.461,0.333,0,-1.0,77.902
20110101_0957,-27.02,-63.21,586.0,SX.YAC.00,35.442,112.407,170.784,1802.246,1866.952,1889.518,326.0,5.172,0.26,0.244,0.253,0.256,0.247,-0.5,3.4,0.803,-0.747,1.2,0.526,0.526,1.6,0.691,0.526,1.7,0.674,0.526,1.7,0.658,0.526,1.7,0.674,0.526,0,-1.0,22.044
20110101_0957,-27.02,-63.21,586.0,ZN.VAKU.,-8.852,151.184,131.029,1583.185,1603.63,1609.826,327.0,4.454,0.606,0.595,0.597,0.591,0.594,0.0,0.0,0.799,0.797,-8.9,0.454,0.454,-1.0,0.435,0.454,-1.2,0.454,0.454,-1.5,0.486,0.454,-1.2,0.449,0.454,0,-1.0,-132.486
20110101_0957,-27.02,-63.21,586.0,AH.JAS.00,32.811,118.262,174.071,1818.114,1887.41,1911.859,328.0,2.185,0.178,0.214,0.201,0.19,0.2,1.2,1.2,0.526,0.422,-3.0,0.356,0.356,-2.1,0.413,0.356,-2.1,0.408,0.356,-2.0,0.409,0.356,-2.0,0.41,0.356,0,-1.0,-11.283
20110101_0957,-27.02,-63.21,586.0,LN.ANS.00,41.105,123.013,165.012,1773.571,1830.522,1849.965,329.0,7.498,-0.051,0.174,0.179,0.176,0.178,0.4,-3.0,0.813,-0.96,2.8,0.445,0.445,13.1,0.291,0.445,13.1,0.29,0.445,13.1,0.289,0.445,13.1,0.289,0.445,0,-1.0,-18.042
20110101_0957,-27.02,-63.21,586.0,NM.BHS.00,40.965,112.026,165.513,1776.103,1833.712,1853.413,330.0,10.384,0.252,0.128,0.124,0.124,0.129,-0.4,0.1,0.647,0.566,2.3,0.387,0.387,0.5,0.58,0.387,0.5,0.541,0.387,0.5,0.5,0.387,0.4,0.529,0.387,0,-1.0,14.204
20110101_0957,-27.02,-63.21,586.0,KZ.CHKZ.,53.676,70.615,137.006,1619.388,1644.972,1652.895,331.0,1.57,0.136,0.191,0.2,0.197,0.194,4.0,4.1,0.597,0.68,1.8,0.383,0.383,1.9,0.566,0.383,1.6,0.607,0.383,1.7,0.608,0.383,1.8,0.583,0.383,0,-1.0,38.806
20110101_0957,-27.02,-63.21,586.0,SD.RZH.00,35.422,119.523,171.28,1804.661,1870.05,1892.897,332.0,3.458,-0.307,0.189,0.186,0.186,0.187,0.0,3.6,0.76,-0.945,-5.0,0.601,0.601,4.8,0.829,0.601,4.9,0.823,0.601,4.9,0.818,0.601,4.9,0.818,0.601,0,-1.0,-14.236
20110101_0957,-27.02,-63.21,586.0,SC.WCH.00,31.479,103.588,167.659,1786.855,1847.312,1868.15,333.0,5.018,0.059,-0.184,-0.185,-0.188,-0.186,-3.8,-3.6,0.586,0.506,-7.4,0.595,0.595,10.2,0.237,0.595,10.2,0.207,0.595,10.2,0.213,0.595,10.2,0.227,0.595,0,-1.0,65.171
20110101_0957,-27.02,-63.21,586.0,LN.CHY.00,41.573,120.485,165.134,1774.19,1831.302,1850.808,334.0,5.025,0.146,0.252,0.258,0.269,0.264,-0.2,0.0,0.794,0.796,3.4,0.458,0.458,-8.1,0.609,0.458,-8.0,0.613,0.458,-7.9,0.616,0.458,-7.9,0.614,0.458,0,-1.0,-10.601
20110101_0957,-27.02,-63.21,586.0,ZN.PMNI.,-9.756,149.467,131.454,1585.803,1606.593,1612.903,335.0,4.907,0.444,0.495,0.496,0.501,0.498,0.6,1.1,0.944,0.869,1.1,0.661,0.661,1.0,0.678,0.661,0.9,0.678,0.661,0.7,0.678,0.661,0.9,0.677,0.661,1,8.0,-134.974
20110101_0957,-27.02,-63.21,586.0,YP.NE3A.,43.075,126.654,162.06,1758.503,1811.64,1829.603,336.0,0.703,0.055,0.008,0.016,0.022,0.02,2.3,2.0,0.898,0.563,-1.4,0.492,0.492,-5.4,0.513,0.492,-5.6,0.515,0.492,-5.8,0.517,0.492,-5.8,0.517,0.492,0,-1.0,-23.624
20110101_0957,-27.02,-63.21,586.0,XW.DUQM.,19.559,57.609,125.603,1549.322,1565.608,1570.482,337.0,2.939,0.09,0.036,0.04,0.039,0.037,1.8,3.5,0.552,0.914,12.2,0.258,0.258,4.7,0.421,0.258,4.2,0.532,0.258,4.3,0.502,0.258,4.5,0.454,0.258,0,-1.0,84.592
20110101_0957,-27.02,-63.21,586.0,SX.ZOQ.00,37.099,113.35,169.51,1796.008,1858.967,1880.819,338.0,6.521,0.019,-0.069,-0.057,-0.061,-0.06,2.8,3.3,0.636,0.491,9.2,0.727,0.727,6.9,0.456,0.727,7.2,0.473,0.727,7.5,0.496,0.727,7.4,0.477,0.727,0,-1.0,14.737
20110101_0957,-27.02,-63.21,586.0,QH.DCD.00,37.932,95.376,158.973,1742.457,1791.714,1808.199,339.0,4.134,0.27,0.293,0.282,0.28,0.289,4.3,-4.1,0.61,0.56,-1.2,0.421,0.421,-0.1,0.644,0.421,0.2,0.612,0.421,0.2,0.612,0.421,-0.1,0.628,0.421,0,-1.0,53.093
20110101_0957,-27.02,-63.21,586.0,SC.LBO.00,28.272,103.57,168.229,1789.685,1850.908,1872.055,340.0,4.228,0.268,0.162,0.161,0.161,0.163,4.3,4.5,0.676,0.622,9.9,0.441,0.441,5.8,0.734,0.441,5.9,0.74,0.441,5.9,0.741,0.441,5.9,0.737,0.441,0,-1.0,80.75
20110101_0957,-27.02,-63.21,586.0,HI.LSH.00,18.5,109.996,169.43,1795.614,1858.464,1880.271,341.0,2.373,0.153,0.334,0.328,0.307,0.324,0.4,0.8,0.667,0.61,0.6,0.741,0.741,1.5,0.877,0.741,1.5,0.88,0.741,1.6,0.877,0.741,1.6,0.878,0.741,1,0.0,143.516
20110101_0957,-27.02,-63.21,586.0,HI.BSH.00,19.248,109.181,169.548,1796.195,1859.207,1881.08,342.0,3.957,-0.013,-0.035,-0.041,-0.039,-0.033,0.4,0.6,0.933,0.94,-4.4,0.716,0.716,5.6,0.735,0.716,5.5,0.73,0.716,5.5,0.714,0.716,5.5,0.736,0.716,0,-1.0,137.738
20110101_0957,-27.02,-63.21,586.0,HI.HSK.00,19.928,110.215,170.695,1801.81,1866.394,1888.909,343.0,2.07,-0.04,0.12,0.137,0.146,0.13,1.9,1.9,0.835,0.84,2.7,0.559,0.559,10.6,0.595,0.559,10.5,0.584,0.559,10.5,0.576,0.559,10.5,0.586,0.559,0,-1.0,139.705
20110101_0957,-27.02,-63.21,586.0,NX.XSH.00,37.249,105.203,165.849,1777.797,1835.848,1855.725,344.0,4.284,-0.002,0.083,0.094,0.102,0.09,5.9,2.6,0.644,-0.647,-3.2,0.388,0.388,-2.4,0.521,0.388,-2.2,0.505,0.388,-2.2,0.506,0.388,-2.3,0.513,0.388,0,-1.0,40.197
20110101_0957,-27.02,-63.21,586.0,YP.NEA2.,47.494,120.286,159.344,1744.4,1794.115,1810.775,345.0,3.066,0.314,0.32,0.319,0.318,0.315,1.5,-1.6,0.684,-0.592,3.5,0.493,0.493,5.1,0.268,0.493,-0.4,0.272,0.493,-0.3,0.291,0.493,-0.2,0.279,0.493,0,-1.0,-6.621
20110101_0957,-27.02,-63.21,586.0,YN.TNC.00,25.029,98.52,163.477,1765.767,1820.724,1839.389,346.0,1.932,0.033,0.086,0.101,0.1,0.092,7.6,-3.8,0.427,-0.775,-0.1,0.615,0.615,0.0,0.604,0.615,0.0,0.611,0.615,0.1,0.61,0.615,0.1,0.605,0.615,0,-1.0,93.111
20110101_0957,-27.02,-63.21,586.0,MY.KUM.,5.29,100.649,153.377,1712.584,1755.155,1769.119,347.0,1.704,-0.001,0.115,0.101,0.073,0.095,-0.9,3.7,0.744,-0.789,3.2,0.588,0.588,4.6,0.393,0.588,4.9,0.474,0.588,5.1,0.582,0.588,5.0,0.464,0.588,0,-1.0,142.298
20110101_0957,-27.02,-63.21,586.0,YP.NE53.,44.093,117.917,162.903,1762.833,1817.051,1835.43,348.0,3.38,0.013,0.021,0.032,0.048,0.039,2.4,2.4,0.723,0.666,2.6,0.475,0.475,-10.8,0.429,0.475,-10.7,0.435,0.475,-10.6,0.442,0.475,-10.7,0.44,0.475,0,-1.0,-2.705
20110101_0957,-27.02,-63.21,586.0,GS.BYT.00,36.581,104.13,165.631,1776.7,1834.464,1854.227,349.0,2.617,0.101,0.153,0.157,0.156,0.149,0.9,4.4,0.76,-0.767,-0.8,0.656,0.656,-0.2,0.801,0.656,-0.1,0.831,0.656,-0.1,0.837,0.656,-0.1,0.818,0.656,0,-1.0,44.538
20110101_0957,-27.02,-63.21,586.0,SX.LOF.00,38.041,111.951,168.253,1789.805,1851.06,1872.22,350.0,4.924,0.044,0.083,0.092,0.098,0.092,8.0,-2.3,0.481,-0.816,1.2,0.54,0.54,-10.2,0.278,0.54,-10.2,0.285,0.54,-10.2,0.29,0.54,-10.2,0.287,0.54,0,-1.0,18.516
20110101_0957,-27.02,-63.21,586.0,GD.LCH.00,24.104,115.271,176.778,1830.936,1904.115,1930.169,351.0,7.183,0.401,0.388,0.373,0.36,0.366,-0.7,4.0,0.631,-0.708,10.1,0.35,0.35,9.8,0.249,0.35,10.0,0.205,0.35,4.5,0.227,0.35,4.0,0.237,0.35,0,-1.0,157.494
20110101_0957,-27.02,-63.21,586.0,YP.NE6F.,45.296,131.201,158.41,1739.495,1788.059,1804.281,352.0,4.421,0.183,0.173,0.177,0.179,0.177,-11.3,-2.5,0.666,-0.869,-7.9,0.662,0.662,-7.4,0.62,0.662,-7.5,0.617,0.662,-7.5,0.621,0.662,-7.5,0.621,0.662,0,-1.0,-28.131
20110101_0957,-27.02,-63.21,586.0,YN.ZOD.00,27.823,99.698,164.82,1772.599,1829.3,1848.644,353.0,2.131,0.265,0.29,0.295,0.29,0.296,7.4,-2.5,0.45,-0.515,-8.0,0.439,0.439,-1.8,0.573,0.439,-1.6,0.572,0.439,-1.7,0.564,0.439,-1.7,0.58,0.439,0,-1.0,83.077
20110101_0957,-27.02,-63.21,586.0,BU.HUA.00,40.811,114.524,166.083,1778.974,1837.334,1857.334,354.0,1.262,0.089,0.12,0.133,0.139,0.135,2.0,-1.8,0.416,-0.304,-0.1,0.367,0.367,-0.1,0.421,0.367,-0.1,0.501,0.367,-0.1,0.57,0.367,-0.1,0.535,0.367,0,-1.0,6.978
20110101_0957,-27.02,-63.21,586.0,GD.YGX.00,21.75,111.6,172.923,1812.608,1880.285,1904.069,355.0,1.276,0.359,0.138,0.152,0.153,0.145,-4.1,2.1,0.534,0.536,-1.9,0.798,0.798,6.7,0.505,0.798,6.7,0.511,0.798,6.7,0.515,0.798,6.7,0.507,0.798,0,-1.0,138.924
20110101_0957,-27.02,-63.21,586.0,HB.QJI.00,30.45,112.773,175.085,1822.943,1893.683,1918.728,356.0,2.904,0.186,0.179,0.172,0.17,0.173,-2.6,0.5,0.691,-0.769,-6.3,0.413,0.413,-5.4,0.478,0.413,-5.3,0.493,0.413,-5.2,0.494,0.413,-5.3,0.485,0.413,0,-1.0,42.338
20110101_0957,-27.02,-63.21,586.0,YP.NE8B.,46.207,126.056,159.456,1744.99,1794.846,1811.558,357.0,1.534,0.079,0.218,0.223,0.229,0.226,0.1,0.3,0.795,0.829,5.4,0.563,0.563,2.5,0.244,0.563,2.2,0.246,0.563,2.1,0.246,0.563,2.2,0.248,0.563,0,-1.0,-18.29
20110101_0957,-27.02,-63.21,586.0,AU.WRKA.,-25.038,128.296,126.773,1556.707,1573.85,1578.991,358.0,9.269,0.67,0.669,0.675,0.687,0.691,0.9,1.5,0.931,0.925,1.2,0.822,0.822,1.2,0.787,0.822,1.1,0.788,0.822,1.0,0.795,0.822,1.0,0.794,0.822,1,6.0,-167.021
20110101_0957,-27.02,-63.21,586.0,QH.YUS.00,33.012,97.016,161.894,1757.651,1810.577,1828.459,359.0,1.637,0.094,0.207,0.218,0.219,0.214,-2.6,1.1,0.697,-0.861,-1.6,0.571,0.571,-7.8,0.729,0.571,-7.6,0.736,0.571,-7.6,0.737,0.571,-7.7,0.737,0.571,0,-1.0,65.667
20110101_0957,-27.02,-63.21,586.0,HL.FUY.00,48.355,134.275,154.705,1719.757,1763.876,1778.423,360.0,2.269,0.192,0.283,0.255,0.243,0.257,-11.5,0.9,0.294,0.351,-12.0,0.543,0.543,-12.2,0.487,0.543,-12.3,0.453,0.543,0.1,0.404,0.543,0.0,0.427,0.543,0,-1.0,-27.659
20110101_0957,-27.02,-63.21,586.0,GD.SZN.00,22.546,114.143,174.922,1822.168,1892.674,1917.623,361.0,2.815,0.392,0.505,0.508,0.503,0.505,0.4,0.7,0.582,0.539,2.8,0.533,0.533,2.9,0.755,0.533,2.7,0.779,0.533,2.6,0.799,0.533,2.8,0.777,0.533,1,0.0,153.339
20110101_0957,-27.02,-63.21,586.0,AU.XMIS.,-10.481,105.652,140.973,1642.773,1672.097,1681.297,362.0,2.793,0.389,0.404,0.413,0.455,0.435,2.9,2.7,0.785,0.797,2.2,0.836,0.836,2.1,0.849,0.836,2.0,0.851,0.836,1.5,0.866,0.836,1.7,0.854,0.836,1,9.0,162.589
20110101_0957,-27.02,-63.21,586.0,LN.NAP.00,41.089,120.758,165.556,1776.323,1833.99,1853.714,363.0,8.207,0.043,0.123,0.143,0.143,0.136,0.4,-3.9,0.737,-0.699,11.5,0.31,0.31,-0.1,0.51,0.31,0.0,0.518,0.31,0.1,0.523,0.31,0.0,0.522,0.31,0,-1.0,-11.804
20110101_0957,-27.02,-63.21,586.0,HI.SHP.00,19.95,110.315,170.771,1802.18,1866.868,1889.426,364.0,4.846,-0.042,-0.027,-0.012,-0.0,-0.013,2.1,2.1,0.87,0.881,3.6,0.64,0.64,3.7,0.483,0.64,11.0,0.471,0.64,11.0,0.462,0.64,11.0,0.475,0.64,0,-1.0,140.081
20110101_0957,-27.02,-63.21,586.0,GD.ZHJ.00,21.394,110.376,171.887,1807.609,1873.839,1897.031,365.0,1.453,0.218,0.175,0.162,0.158,0.163,8.0,-4.6,0.45,-0.617,-0.1,0.64,0.64,-0.1,0.474,0.64,-0.2,0.44,0.64,-5.7,0.43,0.64,-0.2,0.434,0.64,0,-1.0,134.22
20110101_0957,-27.02,-63.21,586.0,NM.BTO.00,40.744,109.878,165.138,1774.209,1831.326,1850.834,366.0,3.903,0.254,0.152,0.158,0.164,0.158,1.8,4.9,0.478,-0.731,-11.2,0.387,0.387,11.6,0.401,0.387,11.7,0.378,0.387,12.0,0.356,0.387,11.8,0.371,0.387,0,-1.0,20.408
20110101_0957,-27.02,-63.21,586.0,GX.HCS.00,24.671,108.011,171.76,1806.99,1873.043,1896.163,367.0,5.245,0.121,0.277,0.283,0.279,0.272,0.5,-2.6,0.877,-0.842,-7.9,0.314,0.314,2.2,0.349,0.314,-5.0,0.382,0.314,-4.9,0.379,0.314,2.3,0.338,0.314,0,-1.0,105.611
20110101_0957,-27.02,-63.21,586.0,XW.SAYH.,12.534,54.39,120.098,1513.996,1526.59,1530.327,368.0,1.2,0.165,0.016,0.015,0.019,0.017,12.1,3.7,0.319,-0.913,12.2,0.35,0.35,10.6,0.486,0.35,10.7,0.488,0.35,10.7,0.486,0.35,10.6,0.486,0.35,0,-1.0,90.967
20110101_0957,-27.02,-63.21,586.0,HA.DA.00,34.8,111.32,170.918,1802.899,1867.788,1890.43,369.0,4.488,0.327,0.337,0.354,0.363,0.347,-0.2,3.8,0.911,-0.684,1.7,0.748,0.748,1.5,0.789,0.748,1.4,0.773,0.748,1.4,0.763,0.748,1.5,0.775,0.748,1,15.0,28.704
20110101_0957,-27.02,-63.21,586.0,SD.TIA.00,36.25,117.1,170.766,1802.158,1866.838,1889.394,370.0,4.649,0.041,-0.006,-0.013,-0.022,-0.017,-0.7,-0.2,0.79,0.772,3.4,0.54,0.54,-5.7,0.632,0.54,-5.6,0.645,0.54,-5.5,0.648,0.54,-5.5,0.656,0.54,0,-1.0,-1.495
20110101_0957,-27.02,-63.21,586.0,HL.BEL.00,46.972,127.158,158.443,1739.672,1788.278,1804.516,371.0,3.684,0.248,0.057,0.058,0.051,0.051,2.2,-4.6,0.381,0.428,-1.5,0.748,0.748,-3.3,0.495,0.748,-7.9,0.459,0.748,-8.0,0.464,0.748,-7.9,0.461,0.748,0,-1.0,-19.311
20110101_0957,-27.02,-63.21,586.0,SN.HEYT.00,35.407,110.063,169.836,1797.61,1861.016,1883.049,372.0,3.956,-0.101,-0.087,-0.084,-0.076,-0.08,5.2,5.1,0.838,0.803,-1.5,0.496,0.496,-1.6,0.489,0.496,11.3,0.511,0.496,11.4,0.531,0.496,11.3,0.504,0.496,0,-1.0,31.812
20110101_0957,-27.02,-63.21,586.0,GD.CHZ.00,23.672,116.637,176.649,1830.331,1903.323,1929.299,373.0,2.703,0.207,0.244,0.243,0.239,0.249,0.3,0.8,0.672,0.505,4.0,0.565,0.565,4.1,0.586,0.565,4.0,0.568,0.565,3.8,0.538,0.565,3.8,0.54,0.565,0,-1.0,177.899
20110101_0957,-27.02,-63.21,586.0,XJ.KUC.00,41.853,82.857,148.613,1686.361,1723.587,1735.576,374.0,0.922,-0.092,0.042,0.077,0.076,0.056,1.4,1.5,0.863,0.858,6.0,0.515,0.515,6.8,0.495,0.515,7.0,0.452,0.515,7.0,0.454,0.515,6.9,0.491,0.515,0,-1.0,52.894
20110101_0957,-27.02,-63.21,586.0,6F.BL07.,-19.921,134.33,130.076,1577.307,1596.99,1602.938,375.0,7.463,0.646,0.634,0.632,0.646,0.649,0.6,0.6,0.977,0.96,0.4,0.689,0.689,0.7,0.698,0.689,0.7,0.698,0.689,0.5,0.707,0.689,0.5,0.707,0.689,1,6.0,-158.379
20110101_0957,-27.02,-63.21,586.0,GE.GENI.,-2.593,140.168,142.781,1653.264,1684.376,1694.196,376.0,1.975,0.279,0.347,0.335,0.321,0.326,4.8,4.4,0.655,0.639,4.3,0.797,0.797,4.0,0.794,0.797,3.8,0.796,0.797,3.6,0.793,0.797,3.7,0.795,0.797,0,-1.0,-139.354
20110101_0957,-27.02,-63.21,586.0,GZ.LPT.00,26.179,109.217,173.178,1813.835,1881.869,1905.801,377.0,2.646,0.214,0.029,0.021,0.021,0.026,1.5,-1.7,0.549,-0.78,6.0,0.344,0.344,5.8,0.252,0.344,5.7,0.257,0.344,5.8,0.256,0.344,5.8,0.253,0.344,0,-1.0,95.985
20110101_0957,-27.02,-63.21,586.0,MY.SBM.,2.453,112.214,155.045,1721.587,1766.106,1780.804,378.0,2.542,0.456,0.445,0.453,0.479,0.47,1.3,2.2,0.818,0.789,2.9,0.684,0.684,2.5,0.568,0.684,2.5,0.568,0.684,2.0,0.575,0.684,2.1,0.574,0.684,1,-1.0,169.283
20110101_0957,-27.02,-63.21,586.0,PS.PSI.,2.694,98.924,150.262,1695.523,1734.561,1747.214,379.0,4.832,0.365,0.431,0.432,0.432,0.429,0.7,-2.5,0.892,-0.62,-1.2,0.743,0.743,-0.1,0.828,0.743,-0.1,0.826,0.743,-0.2,0.815,0.743,-0.1,0.827,0.743,1,16.0,142.234
20110101_0957,-27.02,-63.21,586.0,BU.GUY.00,41.665,115.822,165.334,1775.2,1832.574,1852.184,380.0,1.212,0.244,0.24,0.244,0.247,0.246,-4.1,-1.2,0.432,-0.345,-7.0,0.542,0.542,-6.7,0.637,0.542,-6.7,0.659,0.542,-6.6,0.679,0.542,-6.6,0.676,0.542,0,-1.0,2.794
20110101_0957,-27.02,-63.21,586.0,XW.MIRB.,16.986,54.697,122.106,1526.992,1540.869,1544.999,381.0,3.156,0.204,0.123,0.15,0.144,0.126,1.5,1.6,0.517,0.464,1.9,0.718,0.718,2.5,0.66,0.718,2.4,0.667,0.718,2.4,0.667,0.718,2.5,0.66,0.718,0,-1.0,86.311
20110101_0957,-27.02,-63.21,586.0,HB.SZI.00,30.201,111.797,174.585,1820.569,1890.595,1915.346,382.0,2.691,0.04,-0.019,-0.04,-0.033,-0.033,-3.6,-3.6,0.822,0.755,-12.9,0.317,0.317,-3.5,0.34,0.317,-3.5,0.368,0.317,-3.4,0.372,0.317,-3.5,0.362,0.317,0,-1.0,50.698
20110101_0957,-27.02,-63.21,586.0,YN.ZAT.00,27.322,103.718,168.372,1790.394,1851.809,1873.034,383.0,1.68,0.136,0.121,0.109,0.117,0.123,5.7,5.2,0.543,0.299,0.1,0.493,0.493,8.3,0.519,0.493,8.5,0.541,0.493,8.4,0.53,0.493,8.3,0.518,0.493,0,-1.0,85.592
20110101_0957,-27.02,-63.21,586.0,NM.XIQ.00,48.652,116.786,158.368,1739.276,1787.79,1803.993,384.0,3.04,0.355,0.364,0.359,0.351,0.355,-5.3,-4.9,0.649,0.675,-10.1,0.521,0.521,-0.9,0.538,0.521,-0.8,0.546,0.521,-0.7,0.56,0.521,-0.7,0.554,0.521,1,2.0,0.007
20110101_0957,-27.02,-63.21,586.0,GX.PNX.00,23.614,110.435,173.323,1814.534,1882.773,1906.789,385.0,2.895,0.108,0.105,0.092,0.092,0.095,0.1,0.6,0.632,0.625,4.5,0.828,0.828,2.1,0.818,0.828,2.2,0.819,0.828,2.2,0.817,0.828,2.2,0.818,0.828,0,-1.0,121.155
20110101_0957,-27.02,-63.21,586.0,SD.CSH.00,34.853,118.049,172.093,1808.606,1875.122,1898.432,386.0,6.035,0.124,0.223,0.229,0.24,0.235,-4.1,-0.5,0.8,-0.746,-4.0,0.549,0.549,-3.7,0.528,0.549,-3.7,0.528,0.549,-3.6,0.523,0.549,-3.7,0.526,0.549,0,-1.0,-7.171
20110101_0957,-27.02,-63.21,586.0,JS.SY.00,33.767,120.25,172.624,1811.17,1878.428,1902.041,387.0,0.522,0.093,-0.018,-0.019,-0.014,-0.019,2.4,5.0,0.527,0.234,1.4,0.707,0.707,3.3,0.477,0.707,3.2,0.473,0.707,12.6,0.477,0.707,3.2,0.469,0.707,0,-1.0,-21.914
20110101_0957,-27.02,-63.21,586.0,JX.YIC.00,27.809,114.37,177.712,1835.301,1909.84,1936.459,388.0,1.461,-0.173,-0.048,-0.05,-0.054,-0.052,-3.1,-2.7,0.782,0.857,-10.5,0.639,0.639,-8.6,0.688,0.639,-8.7,0.694,0.639,-8.6,0.694,0.639,-8.5,0.691,0.639,0,-1.0,64.975
20110101_0957,-27.02,-63.21,586.0,GD.MEZ.00,24.317,116.137,177.233,1833.068,1906.909,1933.238,389.0,5.743,0.345,0.293,0.295,0.295,0.295,-1.8,2.3,0.382,-0.706,7.0,0.721,0.721,7.2,0.686,0.721,7.1,0.672,0.721,7.1,0.642,0.721,7.2,0.654,0.721,0,-1.0,169.361
20110101_0957,-27.02,-63.21,586.0,LN.LYN.00,41.267,123.283,164.785,1772.425,1829.081,1848.408,390.0,4.278,-0.13,-0.053,-0.055,-0.059,-0.058,0.6,1.0,0.708,0.582,2.7,0.465,0.465,9.6,0.45,0.465,9.6,0.435,0.465,9.6,0.424,0.465,9.6,0.426,0.465,0,-1.0,-18.528
20110101_0957,-27.02,-63.21,586.0,AH.HEF.00,31.824,117.142,175.186,1823.425,1894.309,1919.414,391.0,5.242,0.123,0.223,0.227,0.229,0.22,0.3,0.1,0.801,0.824,-2.8,0.885,0.885,-1.5,0.915,0.885,-1.4,0.928,0.885,-1.2,0.932,0.885,-1.4,0.93,0.885,0,-1.0,-3.273
20110101_0957,-27.02,-63.21,586.0,IU.ULN.00,47.865,107.053,157.81,1736.33,1784.162,1800.107,392.0,3.521,0.346,0.379,0.376,0.376,0.38,0.4,0.4,0.752,0.767,-4.1,0.582,0.582,-4.8,0.681,0.582,-4.6,0.678,0.582,-4.5,0.666,0.582,-4.6,0.673,0.582,1,17.0,17.298
20110101_0957,-27.02,-63.21,586.0,MY.KSM.,1.473,110.308,153.707,1714.373,1757.327,1771.435,393.0,1.875,0.327,0.395,0.397,0.396,0.398,-4.0,-4.3,0.783,0.757,-3.8,0.614,0.614,-3.4,0.616,0.614,-3.5,0.618,0.614,-3.9,0.628,0.614,-3.8,0.626,0.614,0,-1.0,165.457
20110101_0957,-27.02,-63.21,586.0,SC.LTA.00,30.0,100.269,165.194,1774.495,1831.686,1851.223,394.0,3.586,0.198,0.067,0.055,0.059,0.066,-3.3,-2.8,0.625,0.787,-4.8,0.498,0.498,2.2,0.444,0.498,2.4,0.476,0.498,2.4,0.463,0.498,-11.6,0.445,0.498,0,-1.0,74.332
20110101_0957,-27.02,-63.21,586.0,TJ.GUG.00,38.93,117.503,168.075,1788.924,1849.94,1871.004,395.0,1.303,0.107,0.139,0.125,0.105,0.114,7.3,4.1,0.568,-0.655,7.9,0.447,0.447,8.8,0.645,0.447,8.8,0.631,0.447,8.8,0.61,0.447,8.9,0.621,0.447,0,-1.0,-2.606
20110101_0957,-27.02,-63.21,586.0,KR.ARLS.,41.854,74.329,142.434,1651.256,1682.021,1691.72,396.0,2.757,-0.008,0.15,0.163,0.163,0.156,-6.3,-4.9,0.457,0.201,9.4,0.507,0.507,-5.1,0.319,0.507,-5.4,0.282,0.507,-5.3,0.289,0.507,-5.2,0.309,0.507,0,-1.0,55.563
20110101_0957,-27.02,-63.21,586.0,NM.MDG.00,51.272,120.778,155.561,1724.355,1769.483,1784.41,397.0,2.888,0.364,0.348,0.342,0.336,0.339,2.2,2.2,0.734,0.706,0.1,0.621,0.621,-1.0,0.642,0.621,-1.6,0.648,0.621,-1.7,0.647,0.621,-1.6,0.647,0.621,1,2.0,-5.98
20110101_0957,-27.02,-63.21,586.0,JL.HCT.00,42.642,130.465,160.818,1752.088,1803.647,1821.008,398.0,3.746,0.254,0.34,0.357,0.356,0.359,-8.5,0.6,0.35,0.194,-9.1,0.626,0.626,-8.9,0.653,0.626,-9.2,0.634,0.626,-9.3,0.627,0.626,-9.3,0.622,0.626,0,-1.0,-31.59
20110101_0957,-27.02,-63.21,586.0,XJ.SMY.00,41.638,79.731,146.424,1674.062,1708.94,1720.085,399.0,1.131,0.075,0.15,0.143,0.144,0.15,-4.2,1.1,0.448,0.113,7.1,0.786,0.786,9.2,0.744,0.786,9.3,0.696,0.786,9.3,0.7,0.786,9.2,0.726,0.786,0,-1.0,54.48
20110101_0957,-27.02,-63.21,586.0,IC.SSE.10,31.095,121.189,174.399,1819.681,1889.442,1914.084,400.0,5.381,0.289,0.287,0.28,0.348,0.344,7.5,-0.9,0.41,0.126,0.5,0.903,0.903,1.7,0.674,0.903,1.6,0.669,0.903,0.4,0.945,0.903,0.4,0.944,0.903,0,-1.0,-40.176
20110101_0957,-27.02,-63.21,586.0,XZ.SQHE.00,32.521,80.011,147.766,1681.62,1717.93,1729.589,401.0,0.786,0.123,0.061,0.053,0.055,0.06,8.3,0.8,0.503,0.461,4.8,0.579,0.579,5.8,0.762,0.579,6.2,0.82,0.579,6.2,0.812,0.579,5.9,0.779,0.579,0,-1.0,71.219
20110101_0957,-27.02,-63.21,586.0,GE.HALK.,6.089,80.68,139.803,1635.931,1664.128,1672.94,402.0,4.872,0.047,0.109,0.113,0.113,0.111,1.1,-2.4,0.815,-0.912,2.6,0.704,0.704,2.6,0.753,0.704,2.5,0.767,0.704,2.6,0.762,0.704,2.6,0.758,0.704,0,-1.0,115.058
20110101_0957,-27.02,-63.21,586.0,GX.NNS.00,22.891,108.151,171.15,1804.026,1869.235,1892.008,403.0,1.172,0.112,0.095,0.075,0.074,0.084,-1.7,-1.1,0.695,0.584,9.9,0.427,0.427,0.9,0.616,0.427,1.0,0.61,0.427,1.0,0.608,0.427,1.0,0.618,0.427,0,-1.0,117.258
20110101_0957,-27.02,-63.21,586.0,AH.SCH.00,31.348,116.984,175.669,1825.709,1897.285,1922.676,404.0,3.808,-0.019,-0.043,-0.045,-0.043,-0.039,-0.3,3.3,0.564,-0.638,0.6,0.6,0.6,-1.1,0.669,0.6,-1.2,0.69,0.6,-1.1,0.692,0.6,-1.1,0.687,0.6,0,-1.0,-1.993
20110101_0957,-27.02,-63.21,586.0,HL.HHL.00,44.35,128.89,160.128,1748.496,1799.188,1816.218,405.0,2.657,0.228,0.229,0.22,0.216,0.216,3.6,2.8,0.54,0.412,3.0,0.771,0.771,3.5,0.704,0.771,3.4,0.683,0.771,3.4,0.672,0.771,3.4,0.674,0.771,0,-1.0,-25.857
20110101_0957,-27.02,-63.21,586.0,XW.RIMA.,18.831,56.323,124.212,1540.491,1555.792,1560.361,406.0,1.239,0.122,0.126,0.12,0.121,0.126,1.0,-2.2,0.541,-0.267,5.9,0.483,0.483,11.4,0.402,0.483,11.0,0.394,0.483,11.1,0.396,0.483,11.4,0.401,0.483,0,-1.0,84.917
20110101_0957,-27.02,-63.21,586.0,KZ.MAKZ.,46.808,81.977,146.286,1673.283,1708.016,1719.109,407.0,1.276,0.131,0.331,0.326,0.329,0.328,-1.1,4.2,0.638,-0.542,5.7,0.722,0.722,7.5,0.847,0.722,7.5,0.828,0.722,7.5,0.827,0.722,7.5,0.841,0.722,0,-1.0,44.672
20110101_0957,-27.02,-63.21,586.0,BU.ZHL.00,40.157,115.133,166.791,1782.525,1841.824,1862.198,408.0,1.411,0.261,0.301,0.301,0.287,0.294,4.8,-3.9,0.419,0.067,4.2,0.416,0.416,4.0,0.397,0.416,3.8,0.377,0.416,3.7,0.366,0.416,3.8,0.363,0.416,0,-1.0,5.408
20110101_0957,-27.02,-63.21,586.0,YN.YUX.00,24.435,100.147,164.798,1772.489,1829.162,1848.495,409.0,3.204,0.067,0.136,0.148,0.148,0.14,-1.1,-4.4,0.573,-0.8,-9.9,0.775,0.775,-9.4,0.812,0.775,-9.3,0.812,0.775,-9.3,0.816,0.775,-9.3,0.817,0.775,0,-1.0,96.464
20110101_0957,-27.02,-63.21,586.0,XZ.NMA.00,31.8,87.23,153.893,1715.379,1758.549,1772.738,410.0,1.933,0.112,0.184,0.222,0.212,0.192,-5.0,-4.4,0.37,0.516,-4.4,0.648,0.648,-3.8,0.603,0.648,-3.4,0.578,0.648,-3.5,0.581,0.648,-3.7,0.595,0.648,0,-1.0,72.327
20110101_0957,-27.02,-63.21,586.0,HI.LZH.00,20.581,110.176,171.168,1804.113,1869.347,1892.13,411.0,1.366,-0.005,-0.01,-0.022,-0.025,-0.017,3.9,4.1,0.691,0.751,-1.2,0.835,0.835,1.6,0.574,0.835,1.5,0.546,0.835,1.5,0.533,0.835,1.5,0.534,0.835,0,-1.0,136.939
20110101_0957,-27.02,-63.21,586.0,GS.SGS.00,37.741,103.892,164.746,1772.225,1828.829,1848.135,412.0,1.179,0.024,0.03,0.027,0.025,0.025,-8.9,4.2,0.539,-0.973,-8.0,0.139,0.139,-0.6,0.088,0.139,-0.5,0.083,0.139,-0.3,0.084,0.139,-0.4,0.086,0.139,0,-1.0,41.561
20110101_0957,-27.02,-63.21,586.0,YN.XHT.00,24.749,98.485,163.391,1765.328,1820.174,1838.796,413.0,2.451,0.078,0.209,0.2,0.205,0.208,0.3,-3.6,0.734,-0.769,-0.5,0.544,0.544,0.2,0.549,0.544,0.2,0.532,0.544,0.1,0.542,0.544,0.1,0.55,0.544,0,-1.0,94.073
20110101_0957,-27.02,-63.21,586.0,GD.SHG.00,24.857,113.584,176.396,1829.139,1901.763,1927.588,414.0,1.959,-0.057,0.01,-0.033,-0.007,-0.027,-0.2,-2.9,0.588,-0.678,1.5,0.543,0.543,-6.2,0.502,0.543,-6.0,0.501,0.543,-6.0,0.506,0.543,-6.2,0.5,0.543,0,-1.0,129.954
20110101_0957,-27.02,-63.21,586.0,LN.BXI.00,41.267,123.78,164.637,1771.674,1828.136,1847.387,415.0,2.265,-0.069,-0.08,-0.064,-0.065,-0.061,2.5,2.6,0.482,0.462,-0.1,0.328,0.328,-0.1,0.485,0.328,-0.1,0.512,0.328,-0.1,0.531,0.328,-0.1,0.53,0.328,0,-1.0,-19.813
20110101_0957,-27.02,-63.21,586.0,JX.DAY.00,25.391,114.364,177.282,1833.293,1907.204,1933.562,416.0,1.463,0.078,0.177,0.193,0.192,0.185,4.2,4.4,0.602,0.749,1.3,0.45,0.45,4.1,0.412,0.45,4.2,0.44,0.45,4.2,0.443,0.45,4.2,0.431,0.45,0,-1.0,131.316
20110101_0957,-27.02,-63.21,586.0,YP.NE84.,46.248,119.682,160.636,1751.143,1802.474,1819.747,417.0,2.036,0.205,0.337,0.341,0.353,0.347,0.1,0.5,0.697,0.612,-7.1,0.381,0.381,-5.1,0.618,0.381,-5.1,0.627,0.381,-4.9,0.635,0.381,-5.0,0.633,0.381,1,2.0,-5.953
20110101_0957,-27.02,-63.21,586.0,YP.NE5E.,44.061,130.557,159.67,1746.109,1796.23,1813.043,418.0,2.997,0.392,0.351,0.362,0.37,0.369,1.3,5.1,0.683,-0.428,0.5,0.774,0.774,0.8,0.752,0.774,0.8,0.76,0.774,0.8,0.767,0.774,0.7,0.77,0.774,1,5.0,-29.167
20110101_0957,-27.02,-63.21,586.0,SC.JMG.00,32.205,105.56,168.954,1793.272,1855.475,1877.019,419.0,3.013,-0.057,-0.047,-0.036,-0.038,-0.039,0.4,1.2,0.567,0.46,-3.2,0.37,0.37,-1.8,0.572,0.37,-1.7,0.645,0.37,-1.7,0.643,0.37,-1.7,0.608,0.37,0,-1.0,58.56
20110101_0957,-27.02,-63.21,586.0,FJ.XMSM.00,24.451,118.083,177.179,1832.814,1906.575,1932.871,420.0,7.02,0.278,0.365,0.373,0.379,0.378,-0.8,-0.7,0.903,0.918,0.4,0.71,0.71,0.0,0.792,0.71,-0.1,0.795,0.71,-0.2,0.799,0.71,-0.1,0.799,0.71,1,3.0,-158.615
20110101_0957,-27.02,-63.21,586.0,JX.JIJ.00,29.647,116.01,177.284,1833.306,1907.221,1933.581,421.0,3.64,0.287,0.224,0.222,0.235,0.216,0.3,0.6,0.809,0.837,-6.3,0.468,0.468,-7.4,0.528,0.468,-7.3,0.52,0.468,-7.1,0.513,0.468,-7.3,0.517,0.468,0,-1.0,12.451
20110101_0957,-27.02,-63.21,586.0,SC.SPA.00,32.65,103.603,167.264,1784.889,1844.819,1865.445,422.0,3.017,0.313,0.343,0.348,0.344,0.345,7.8,4.1,0.63,-0.66,8.3,0.661,0.661,8.9,0.581,0.661,9.0,0.464,0.661,9.0,0.471,0.661,8.9,0.532,0.661,1,4.0,60.013
20110101_0957,-27.02,-63.21,586.0,FJ.DSXP.00,23.708,117.426,176.639,1830.281,1903.257,1929.227,423.0,5.274,0.212,0.236,0.237,0.225,0.236,0.9,4.6,0.775,-0.124,5.5,0.607,0.607,5.3,0.586,0.607,5.2,0.577,0.607,5.2,0.567,0.607,5.2,0.572,0.607,0,-1.0,-171.237
20110101_0957,-27.02,-63.21,586.0,YN.DAY.00,25.727,101.316,166.086,1778.987,1837.35,1857.352,424.0,2.35,0.182,0.115,0.15,0.144,0.129,0.8,0.7,0.57,0.584,2.1,0.602,0.602,2.5,0.529,0.602,2.4,0.531,0.602,2.4,0.532,0.602,2.4,0.532,0.602,0,-1.0,92.125
20110101_0957,-27.02,-63.21,586.0,SX.HSH.00,39.668,113.721,167.097,1784.053,1843.758,1864.295,425.0,4.597,0.269,0.237,0.237,0.242,0.247,-0.1,4.0,0.787,-0.332,8.5,0.687,0.687,8.2,0.657,0.687,8.2,0.652,0.687,8.2,0.643,0.687,8.2,0.647,0.687,0,-1.0,10.36
20110101_0957,-27.02,-63.21,586.0,HL.YAS.00,45.338,128.404,159.473,1745.079,1794.955,1811.676,426.0,8.521,0.139,0.091,0.09,0.086,0.101,2.3,2.5,0.882,0.931,-6.4,0.616,0.616,2.1,0.74,0.616,2.1,0.732,0.616,2.1,0.722,0.616,2.0,0.73,0.616,0,-1.0,-23.528
20110101_0957,-27.02,-63.21,586.0,SH.NAH.00,31.048,121.756,174.079,1818.157,1887.465,1911.919,427.0,1.372,-0.003,0.012,0.02,0.025,0.02,5.6,2.2,0.665,-0.662,6.6,0.545,0.545,6.6,0.589,0.545,6.4,0.596,0.545,6.4,0.601,0.545,6.4,0.6,0.545,0,-1.0,-43.964
20110101_0957,-27.02,-63.21,586.0,SX.HMA.00,35.58,111.41,170.288,1799.823,1863.847,1886.134,428.0,5.274,-0.011,0.035,0.028,0.022,0.027,1.9,5.2,0.863,-0.83,2.7,0.59,0.59,2.9,0.657,0.59,2.8,0.64,0.59,2.8,0.626,0.59,2.8,0.643,0.59,0,-1.0,25.992
20110101_0957,-27.02,-63.21,586.0,LN.FSH.00,41.883,123.917,164.032,1768.6,1824.276,1843.22,429.0,4.762,-0.049,-0.112,-0.113,-0.122,-0.118,0.6,4.0,0.718,-0.931,9.2,0.676,0.676,9.2,0.503,0.676,9.2,0.48,0.676,9.3,0.465,0.676,9.3,0.47,0.676,0,-1.0,-19.265
20110101_0957,-27.02,-63.21,586.0,YN.BAS.00,25.118,99.147,164.051,1768.696,1824.397,1843.35,430.0,1.884,0.159,0.149,0.136,0.143,0.149,6.0,5.4,0.378,0.465,4.1,0.411,0.411,4.6,0.425,0.411,4.6,0.437,0.411,4.7,0.433,0.411,4.7,0.426,0.411,0,-1.0,93.184
20110101_0957,-27.02,-63.21,586.0,FJ.MXXF.00,26.354,117.189,179.245,1842.413,1919.204,1946.765,431.0,7.35,0.241,0.284,0.306,0.331,0.315,0.1,0.4,0.591,0.566,1.1,0.774,0.774,1.4,0.854,0.774,1.3,0.852,0.774,1.2,0.857,0.774,1.3,0.858,0.774,0,-1.0,-162.313
20110101_0957,-27.02,-63.21,586.0,XZ.NMU.00,29.43,90.15,156.455,1729.137,1775.332,1790.66,432.0,1.317,0.156,0.122,0.13,0.128,0.123,0.6,1.0,0.831,0.769,5.8,0.522,0.522,-3.9,0.447,0.522,6.1,0.42,0.522,6.1,0.422,0.522,-3.9,0.438,0.522,0,-1.0,77.894
20110101_0957,-27.02,-63.21,586.0,SD.WUL.00,35.751,119.202,171.031,1803.447,1868.492,1891.198,433.0,3.454,0.11,-0.089,-0.103,-0.117,-0.112,0.0,4.0,0.728,-0.931,3.7,0.857,0.857,4.4,0.678,0.857,4.4,0.667,0.857,4.5,0.667,0.857,4.5,0.666,0.857,0,-1.0,-12.141
20110101_0957,-27.02,-63.21,586.0,GS.SDT.00,38.771,101.04,162.357,1760.031,1813.55,1831.658,434.0,0.377,0.024,0.038,0.04,0.042,0.039,-4.8,-4.5,0.207,0.951,2.1,0.661,0.661,-2.8,0.489,0.661,-2.9,0.437,0.661,-2.9,0.435,0.661,-2.9,0.458,0.661,0,-1.0,43.835
20110101_0957,-27.02,-63.21,586.0,NM.JIN.00,40.997,113.152,165.705,1777.074,1834.936,1854.738,435.0,7.013,0.203,0.126,0.123,0.122,0.126,0.2,3.8,0.708,-0.784,-2.0,0.397,0.397,9.0,0.488,0.397,9.2,0.441,0.397,9.3,0.396,0.397,9.3,0.418,0.397,0,-1.0,10.933
20110101_0957,-27.02,-63.21,586.0,HL.BAQ.00,46.33,132.149,157.187,1733.03,1780.106,1795.766,436.0,3.744,0.157,0.169,0.194,0.197,0.192,-1.5,-4.4,0.542,-0.446,-8.9,0.632,0.632,-8.4,0.657,0.632,-8.5,0.655,0.632,-8.6,0.659,0.632,-8.6,0.659,0.632,0,-1.0,-27.896
20110101_0957,-27.02,-63.21,586.0,XW.MKZA.,19.37,56.348,124.42,1541.817,1557.263,1561.876,437.0,0.896,0.055,0.146,0.131,0.139,0.146,-0.5,3.4,0.353,-0.549,11.9,0.566,0.566,10.4,0.53,0.566,9.9,0.514,0.566,10.1,0.515,0.566,10.4,0.527,0.566,0,-1.0,84.313
20110101_0957,-27.02,-63.21,586.0,YN.RST.00,24.91,98.391,163.339,1765.065,1819.845,1838.442,438.0,0.354,-0.001,0.006,0.005,0.005,0.006,-10.0,-4.6,0.244,0.843,-8.5,0.367,0.367,-8.1,0.356,0.367,-8.0,0.315,0.367,-8.0,0.318,0.367,-8.0,0.339,0.367,0,-1.0,93.448
20110101_0957,-27.02,-63.21,586.0,AH.FZL.00,31.349,116.27,175.648,1825.61,1897.156,1922.534,439.0,6.671,-0.009,0.023,0.012,0.013,0.014,-3.1,3.7,0.423,-0.609,-0.1,0.443,0.443,-0.4,0.732,0.443,-0.5,0.735,0.443,-0.4,0.73,0.443,-0.4,0.733,0.443,0,-1.0,5.33
20110101_0957,-27.02,-63.21,586.0,SC.AXI.00,31.638,104.431,168.287,1789.974,1851.275,1872.455,440.0,1.307,0.202,0.198,0.205,0.202,0.201,3.0,2.8,0.498,0.405,9.4,0.506,0.506,4.1,0.49,0.506,4.1,0.491,0.506,4.1,0.492,0.506,4.1,0.492,0.506,0,-1.0,63.238
20110101_0957,-27.02,-63.21,586.0,GZ.AST.00,26.152,106.055,170.364,1800.193,1864.322,1886.651,441.0,1.508,0.252,0.283,0.268,0.27,0.28,-0.5,3.1,0.72,-0.864,0.0,0.619,0.619,0.1,0.603,0.619,-6.1,0.601,0.619,-6.2,0.585,0.619,0.2,0.601,0.619,0,-1.0,93.107
20110101_0957,-27.02,-63.21,586.0,SD.CHD.00,37.913,120.742,168.612,1791.581,1853.32,1874.676,442.0,5.309,0.11,-0.059,-0.063,-0.069,-0.072,8.6,-3.9,0.493,-0.797,5.1,0.35,0.35,-11.7,0.364,0.35,-11.6,0.363,0.35,-11.6,0.361,0.35,-11.6,0.36,0.35,0,-1.0,-15.51
20110101_0957,-27.02,-63.21,586.0,RM.SLV.,21.325,103.907,166.95,1783.32,1842.831,1863.289,443.0,3.65,0.184,0.129,0.142,0.14,0.134,1.7,-2.3,0.589,-0.567,2.7,0.598,0.598,-5.1,0.534,0.598,-5.2,0.539,0.598,-5.2,0.538,0.598,-5.1,0.536,0.598,0,-1.0,113.961
20110101_0957,-27.02,-63.21,586.0,SN.PCHT.00,35.058,109.427,169.789,1797.377,1860.718,1882.725,444.0,2.306,-0.092,-0.168,-0.166,-0.159,-0.16,5.3,5.1,0.715,0.602,-1.5,0.582,0.582,-1.5,0.579,0.582,11.4,0.601,0.582,11.5,0.612,0.582,11.5,0.595,0.582,0,-1.0,35.302
20110101_0957,-27.02,-63.21,586.0,SD.NLA.00,35.522,117.983,171.437,1805.422,1871.028,1893.964,445.0,4.579,0.278,0.267,0.263,0.265,0.263,-1.9,1.8,0.793,-0.855,-2.6,0.509,0.509,2.4,0.514,0.509,2.6,0.546,0.509,2.8,0.56,0.509,2.7,0.549,0.509,0,-1.0,-6.249
20110101_0957,-27.02,-63.21,586.0,JL.BCT.00,45.554,122.207,160.97,1752.874,1804.625,1822.059,446.0,1.839,-0.022,0.063,0.066,0.066,0.067,-1.2,-0.4,0.528,0.441,-8.0,0.805,0.805,-5.8,0.876,0.805,-5.7,0.876,0.805,-5.6,0.875,0.805,-5.6,0.876,0.805,0,-1.0,-11.527
20110101_0957,-27.02,-63.21,586.0,HL.LIH.00,44.331,128.5,160.295,1749.368,1800.27,1817.379,447.0,2.232,-0.037,0.029,0.023,0.015,0.014,-2.8,2.1,0.433,0.422,2.3,0.43,0.43,-11.1,0.427,0.43,-11.1,0.436,0.43,-11.1,0.441,0.43,-11.1,0.443,0.43,0,-1.0,-25.196
20110101_0957,-27.02,-63.21,586.0,HE.YUS.00,37.791,114.371,169.039,1793.689,1856.007,1877.598,448.0,4.303,0.155,0.209,0.228,0.243,0.244,0.6,0.8,0.831,0.838,-3.9,0.442,0.442,-5.8,0.547,0.442,6.5,0.559,0.442,6.5,0.563,0.442,6.4,0.57,0.442,0,-1.0,9.778
20110101_0957,-27.02,-63.21,586.0,SC.BZH.00,31.841,106.744,170.017,1798.498,1862.151,1884.285,449.0,1.735,0.082,-0.08,-0.077,-0.067,-0.07,0.3,0.6,0.649,0.514,-7.6,0.487,0.487,0.1,0.403,0.487,0.1,0.41,0.487,0.2,0.41,0.487,0.1,0.416,0.487,0,-1.0,57.837
20110101_0957,-27.02,-63.21,586.0,TM.SRDT.,14.395,99.121,159.247,1743.894,1793.489,1810.103,450.0,2.606,0.048,-0.058,-0.056,-0.054,-0.057,-0.7,-0.8,0.734,0.724,-5.8,0.61,0.61,-5.9,0.638,0.61,-5.8,0.66,0.61,-5.8,0.66,0.61,-5.8,0.65,0.61,0,-1.0,124.565
20110101_0957,-27.02,-63.21,586.0,YP.NE93.,46.927,122.43,159.603,1745.759,1795.796,1812.578,451.0,1.355,0.243,0.253,0.249,0.244,0.246,-0.4,-3.5,0.772,-0.569,-5.8,0.561,0.561,-0.1,0.378,0.561,-1.5,0.381,0.561,-1.5,0.393,0.561,-1.6,0.387,0.561,0,-1.0,-10.96
20110101_0957,-27.02,-63.21,586.0,YP.NE72.,45.435,116.976,161.584,1756.051,1808.581,1826.312,452.0,0.348,0.02,0.031,0.036,0.039,0.036,-9.2,-4.4,0.171,0.861,4.9,0.212,0.212,6.0,0.172,0.212,6.4,0.163,0.212,6.7,0.157,0.212,6.5,0.162,0.212,0,-1.0,-0.407
20110101_0957,-27.02,-63.21,586.0,HL.MIH.00,45.626,131.81,157.888,1736.742,1784.668,1800.649,453.0,0.408,0.158,0.202,0.191,0.18,0.184,-8.5,2.4,0.456,-0.477,-1.5,0.647,0.647,-1.1,0.634,0.647,-1.2,0.63,0.647,-1.3,0.621,0.647,-1.3,0.627,0.647,0,-1.0,-28.514
20110101_0957,-27.02,-63.21,586.0,HL.YCH.00,47.634,128.565,157.419,1734.261,1781.618,1797.384,454.0,2.12,0.169,0.258,0.246,0.244,0.241,-0.2,0.2,0.884,0.812,6.1,0.549,0.549,5.4,0.586,0.549,-4.3,0.644,0.549,-4.3,0.648,0.549,-4.3,0.654,0.549,0,-1.0,-20.777
20110101_0957,-27.02,-63.21,586.0,XW.KRWN.,19.27,57.208,125.149,1546.447,1562.407,1567.18,455.0,1.931,-0.025,-0.034,-0.021,-0.025,-0.032,-3.5,-0.2,0.577,-0.484,3.5,0.465,0.465,8.0,0.492,0.465,7.8,0.49,0.465,7.9,0.489,0.465,8.0,0.489,0.465,0,-1.0,84.767
20110101_0957,-27.02,-63.21,586.0,SC.AYU.00,30.052,105.337,169.497,1795.943,1858.885,1880.729,456.0,1.44,0.12,-0.262,-0.195,-0.207,-0.236,-1.4,1.8,0.698,-0.753,0.0,0.393,0.393,4.7,0.581,0.393,4.8,0.753,0.393,4.8,0.727,0.393,4.8,0.662,0.393,0,-1.0,70.017
20110101_0957,-27.02,-63.21,586.0,KZ.ZRN.,52.951,69.004,136.321,1615.301,1640.262,1647.975,457.0,2.275,0.315,0.203,0.186,0.187,0.194,2.3,3.7,0.625,0.431,1.8,0.471,0.471,1.5,0.602,0.471,1.1,0.626,0.471,1.2,0.624,0.471,1.4,0.611,0.471,0,-1.0,40.258
20110101_0957,-27.02,-63.21,586.0,YP.NE92.,46.786,121.514,159.886,1747.237,1797.628,1814.543,458.0,3.192,0.026,0.115,0.119,0.125,0.122,0.5,0.6,0.859,0.887,4.9,0.766,0.766,-4.0,0.685,0.766,-4.0,0.699,0.766,-4.1,0.695,0.766,-4.1,0.689,0.766,0,-1.0,-9.312
20110101_0957,-27.02,-63.21,586.0,SC.QCH.00,32.593,105.228,168.534,1791.195,1852.829,1874.143,459.0,2.656,0.294,0.093,0.078,0.073,0.078,-8.3,-4.6,0.478,-0.782,-0.1,0.596,0.596,-3.3,0.556,0.596,-3.0,0.626,0.596,-3.1,0.624,0.596,-3.2,0.591,0.596,0,-1.0,57.408
20110101_0957,-27.02,-63.21,586.0,HA.LS.00,34.018,111.04,171.43,1805.389,1870.985,1893.917,460.0,4.752,0.045,0.078,0.06,0.05,0.062,-0.5,3.5,0.784,-0.805,-0.1,0.767,0.767,7.7,0.799,0.767,7.6,0.793,0.767,7.5,0.791,0.767,7.6,0.796,0.767,0,-1.0,32.684
20110101_0957,-27.02,-63.21,586.0,NX.NSS.00,37.696,106.083,166.029,1778.702,1836.99,1856.962,461.0,3.525,-0.159,0.055,-0.077,-0.061,0.048,-5.5,-1.6,0.779,-0.701,-7.1,0.562,0.562,-4.7,0.813,0.562,-6.8,0.665,0.562,-6.6,0.676,0.562,-4.7,0.812,0.562,0,-1.0,36.864
20110101_0957,-27.02,-63.21,586.0,GD.XIG.00,23.788,114.635,176.228,1828.347,1900.728,1926.452,462.0,4.952,0.262,0.262,0.299,0.295,0.291,-1.5,3.7,0.71,-0.498,-1.9,0.67,0.67,7.6,0.716,0.67,7.4,0.695,0.67,7.4,0.699,0.67,7.4,0.717,0.67,0,-1.0,151.506
20110101_0957,-27.02,-63.21,586.0,JL.CBS.00,42.07,128.07,162.35,1759.993,1813.502,1831.607,463.0,1.534,-0.055,0.021,0.038,0.051,0.042,0.2,-3.1,0.858,-0.849,-10.5,0.579,0.579,-9.0,0.661,0.579,-8.9,0.678,0.579,-8.8,0.686,0.579,-8.9,0.679,0.579,0,-1.0,-28.214
20110101_0957,-27.02,-63.21,586.0,QH.XIH.00,35.507,99.809,163.222,1764.467,1819.096,1837.634,464.0,2.059,0.09,0.146,0.158,0.155,0.151,9.0,2.5,0.414,-0.635,-2.6,0.612,0.612,-1.6,0.714,0.612,-1.5,0.754,0.612,-1.5,0.754,0.612,-1.6,0.73,0.612,0,-1.0,55.022
20110101_0957,-27.02,-63.21,586.0,GE.BKB.,-1.107,116.905,151.872,1704.386,1745.232,1758.553,465.0,1.595,0.539,0.521,0.524,0.54,0.538,0.5,-0.1,0.845,0.77,0.4,0.775,0.775,0.3,0.749,0.775,0.2,0.744,0.775,-0.3,0.736,0.775,-0.2,0.738,0.775,0,-1.0,-179.76
20110101_0957,-27.02,-63.21,586.0,KN.AAK.,42.633,74.494,142.419,1651.17,1681.92,1691.614,466.0,1.799,0.224,0.169,0.187,0.187,0.176,-4.5,-4.3,0.741,0.763,4.0,0.602,0.602,-3.6,0.563,0.602,-3.9,0.451,0.602,-3.8,0.478,0.602,-3.7,0.531,0.602,0,-1.0,54.266
20110101_0957,-27.02,-63.21,586.0,CB.GOM.00,36.198,94.814,159.222,1743.765,1793.331,1809.933,467.0,2.774,0.118,0.103,0.119,0.117,0.11,1.6,-3.0,0.654,-0.412,3.3,0.687,0.687,5.8,0.512,0.687,6.3,0.515,0.687,6.3,0.515,0.687,6.1,0.511,0.687,0,-1.0,58.099
20110101_0957,-27.02,-63.21,586.0,ZN.ESA2.,-9.74,150.816,130.603,1580.565,1600.668,1606.752,468.0,0.348,-0.018,0.004,0.001,-0.004,0.001,8.2,-4.2,0.779,-0.972,-9.4,0.285,0.285,-9.5,0.282,0.285,-9.8,0.274,0.285,-10.0,0.268,0.285,-9.8,0.276,0.285,0,-1.0,-133.616
20110101_0957,-27.02,-63.21,586.0,YN.LIJ.00,26.896,100.232,165.251,1774.784,1832.049,1851.616,469.0,2.477,0.099,0.004,0.002,0.003,0.003,-1.9,-4.9,0.407,-0.618,-10.6,0.715,0.715,-10.4,0.73,0.715,-10.3,0.731,0.715,-10.3,0.733,0.715,-10.4,0.731,0.715,0,-1.0,86.841
20110101_0957,-27.02,-63.21,586.0,ZJ.ZHS.00,30.038,122.117,174.433,1819.843,1889.652,1914.313,470.0,4.844,0.24,0.298,0.308,0.303,0.301,-1.7,-4.8,0.558,-0.299,3.7,0.496,0.496,-8.8,0.443,0.496,-8.9,0.451,0.496,-8.9,0.447,0.496,-8.9,0.449,0.496,0,-1.0,-53.916
20110101_0957,-27.02,-63.21,586.0,YN.CUX.00,25.029,101.536,166.157,1779.348,1837.807,1857.845,471.0,3.371,-0.07,0.105,0.101,0.096,0.102,-0.3,-4.1,0.33,-0.845,-7.6,0.697,0.697,-8.8,0.675,0.697,-8.5,0.702,0.697,-8.5,0.705,0.697,-8.7,0.685,0.697,0,-1.0,95.225
20110101_0957,-27.02,-63.21,586.0,YP.NE9B.,46.946,129.795,157.598,1735.209,1782.783,1798.631,472.0,2.893,0.215,0.271,0.244,0.23,0.235,-0.3,3.9,0.709,-0.29,-0.6,0.833,0.833,0.2,0.798,0.833,0.2,0.787,0.833,0.3,0.782,0.833,0.2,0.782,0.833,0,-1.0,-23.542
20110101_0957,-27.02,-63.21,586.0,NM.LCH.00,40.541,112.511,166.024,1778.677,1836.959,1856.928,473.0,2.644,0.097,0.224,0.209,0.191,0.204,-1.7,-5.5,0.536,-0.742,-11.8,0.439,0.439,-1.9,0.399,0.439,-1.9,0.382,0.439,-1.8,0.366,0.439,-1.8,0.377,0.439,0,-1.0,13.268
20110101_0957,-27.02,-63.21,586.0,GE.SANI.,-2.05,125.988,149.608,1691.9,1730.215,1742.601,474.0,4.453,0.65,0.539,0.547,0.581,0.584,0.5,1.9,0.918,0.757,1.5,0.912,0.912,2.0,0.958,0.912,2.0,0.956,0.912,1.7,0.943,0.912,1.7,0.944,0.912,1,18.0,-161.814
20110101_0957,-27.02,-63.21,586.0,GX.PGX.00,23.328,107.578,170.886,1802.74,1867.585,1890.208,475.0,3.303,0.01,-0.002,-0.006,-0.004,-0.001,-1.7,-1.3,0.861,0.798,-2.3,0.727,0.727,0.2,0.493,0.727,-7.2,0.509,0.727,-7.2,0.506,0.727,-7.2,0.492,0.727,0,-1.0,113.054
20110101_0957,-27.02,-63.21,586.0,KR.TOKL.,41.983,72.868,141.34,1644.911,1674.593,1683.917,476.0,4.722,0.291,0.518,0.534,0.533,0.524,-7.3,4.0,0.861,-0.113,9.0,0.236,0.236,-9.3,0.191,0.236,-10.1,0.28,0.236,-9.9,0.262,0.236,-9.6,0.219,0.236,0,-1.0,55.64
20110101_0957,-27.02,-63.21,586.0,AH.BAS.00,31.473,117.376,175.518,1824.997,1896.357,1921.658,477.0,2.131,-0.01,-0.0,-0.015,-0.035,-0.02,-2.8,-2.7,0.843,0.783,-0.6,0.588,0.588,-5.0,0.644,0.588,-4.9,0.669,0.588,-4.8,0.683,0.588,-4.8,0.676,0.588,0,-1.0,-5.845
20110101_0957,-27.02,-63.21,586.0,IU.WAKE.10,19.283,166.652,133.795,1600.09,1622.834,1629.795,478.0,1.482,0.292,0.309,0.331,0.326,0.31,2.2,2.0,0.689,0.674,1.6,0.535,0.535,1.1,0.511,0.535,0.5,0.508,0.535,0.8,0.523,0.535,1.1,0.513,0.535,0,-1.0,-88.767
20110101_0957,-27.02,-63.21,586.0,XJ.HBH.00,48.231,86.552,148.377,1685.041,1722.011,1733.908,479.0,1.791,0.002,-0.014,0.018,0.032,-0.002,-3.0,3.5,0.697,0.389,7.3,0.493,0.493,8.8,0.662,0.493,9.0,0.677,0.493,9.1,0.677,0.493,8.9,0.672,0.493,0,-1.0,39.663
20110101_0957,-27.02,-63.21,586.0,AH.BEB.00,32.905,117.297,174.098,1818.246,1887.58,1912.046,480.0,4.481,-0.015,-0.07,-0.076,-0.087,-0.074,-4.7,-1.6,0.642,-0.768,-6.5,0.422,0.422,-5.1,0.439,0.422,-5.0,0.443,0.422,-5.0,0.443,0.422,-4.9,0.438,0.422,0,-1.0,-3.868
20110101_0957,-27.02,-63.21,586.0,JS.LYG.00,34.641,119.243,172.094,1808.609,1875.126,1898.436,481.0,5.766,0.133,0.103,0.102,0.1,0.102,-3.7,-3.3,0.864,0.862,-0.5,0.388,0.388,6.4,0.503,0.388,6.3,0.531,0.388,6.3,0.556,0.388,6.3,0.535,0.388,0,-1.0,-14.145
20110101_0957,-27.02,-63.21,586.0,YN.TUS.00,25.609,100.254,165.121,1774.126,1831.221,1850.721,482.0,2.529,0.213,0.14,0.142,0.14,0.139,7.9,1.4,0.267,0.284,-0.4,0.485,0.485,-7.2,0.486,0.485,-7.0,0.508,0.485,-7.0,0.506,0.485,-7.1,0.495,0.485,0,-1.0,91.988
20110101_0957,-27.02,-63.21,586.0,ZN.JONE.,-10.095,150.102,130.792,1581.73,1601.984,1608.118,483.0,1.817,0.413,0.408,0.409,0.404,0.407,-0.3,-0.9,0.811,0.713,-1.3,0.821,0.821,-1.4,0.84,0.821,-1.5,0.836,0.821,-1.7,0.832,0.821,-1.6,0.834,0.821,0,-1.0,-134.625
20110101_0957,-27.02,-63.21,586.0,CQ.CQT.00,29.422,106.573,170.686,1801.767,1866.338,1888.849,484.0,0.757,0.054,-0.006,-0.023,-0.023,-0.016,4.7,4.6,0.59,0.306,6.2,0.491,0.491,6.7,0.382,0.491,10.1,0.33,0.491,10.1,0.311,0.491,6.6,0.358,0.491,0,-1.0,72.126
20110101_0957,-27.02,-63.21,586.0,NX.SZS.00,39.283,106.66,165.113,1774.083,1831.167,1850.662,485.0,2.046,0.205,0.23,0.227,0.229,0.232,-3.2,-3.1,0.518,0.475,-11.6,0.494,0.494,-11.5,0.527,0.494,-11.5,0.524,0.494,-11.4,0.522,0.494,-11.5,0.527,0.494,0,-1.0,31.446
20110101_0957,-27.02,-63.21,586.0,QH.ZAD.00,32.894,95.317,160.532,1750.601,1801.801,1819.024,486.0,2.795,-0.094,0.132,0.129,0.126,0.128,-6.5,-2.9,0.208,-0.377,7.3,0.288,0.288,2.5,0.528,0.288,2.8,0.566,0.288,2.8,0.556,0.288,2.6,0.535,0.288,0,-1.0,67.08
20110101_0957,-27.02,-63.21,586.0,JX.FEC.00,27.933,115.728,178.688,1839.838,1915.81,1943.028,487.0,8.48,0.408,0.553,0.538,0.544,0.551,1.1,1.7,0.9,0.926,-1.3,0.705,0.705,-1.1,0.791,0.705,-1.2,0.796,0.705,-1.3,0.797,0.705,-1.1,0.794,0.705,1,13.0,35.93
20110101_0957,-27.02,-63.21,586.0,SC.WCA.00,32.177,106.197,169.452,1795.722,1858.602,1880.421,488.0,2.225,0.167,0.034,0.068,0.067,0.039,-4.0,-3.8,0.747,0.639,-9.3,0.695,0.695,-7.5,0.505,0.695,-6.7,0.575,0.695,-6.7,0.584,0.695,-7.1,0.538,0.695,0,-1.0,57.365
20110101_0957,-27.02,-63.21,586.0,NM.XLT.00,43.9,116.079,163.11,1763.894,1818.378,1836.86,489.0,5.036,0.272,0.212,0.194,0.193,0.189,1.8,2.1,0.735,0.657,1.0,0.751,0.751,1.5,0.765,0.751,1.7,0.773,0.751,1.7,0.778,0.751,1.7,0.776,0.751,0,-1.0,1.732
20110101_0957,-27.02,-63.21,586.0,YN.HLT.00,25.148,102.747,167.257,1784.851,1844.769,1865.392,490.0,2.269,0.114,0.116,0.146,0.131,0.125,8.0,4.3,0.574,-0.792,1.9,0.666,0.666,9.2,0.497,0.666,9.3,0.419,0.666,9.3,0.443,0.666,9.2,0.482,0.666,0,-1.0,95.703
20110101_0957,-27.02,-63.21,586.0,YP.NE85.,46.176,120.636,160.603,1750.967,1802.255,1819.512,491.0,3.487,0.187,0.246,0.249,0.249,0.249,0.9,0.9,0.739,0.729,-5.9,0.565,0.565,-3.3,0.78,0.565,-3.1,0.796,0.565,-2.9,0.821,0.565,-3.0,0.809,0.565,0,-1.0,-7.924
20110101_0957,-27.02,-63.21,586.0,JL.LYT.00,42.948,125.149,162.685,1761.714,1815.652,1833.922,492.0,6.352,0.113,0.133,0.141,0.145,0.139,5.8,5.2,0.739,0.703,14.2,0.317,0.317,-1.1,0.45,0.317,-1.1,0.503,0.317,-1.3,0.529,0.317,-1.3,0.526,0.317,0,-1.0,-20.618
20110101_0957,-27.02,-63.21,586.0,NM.HHC.00,40.867,111.558,165.497,1776.022,1833.609,1853.303,493.0,6.1,0.128,0.042,0.036,0.035,0.038,8.0,4.3,0.542,-0.613,11.4,0.432,0.432,9.5,0.577,0.432,9.7,0.57,0.432,9.8,0.553,0.432,9.7,0.562,0.432,0,-1.0,15.641
20110101_0957,-27.02,-63.21,586.0,HB.YNX.00,30.023,115.112,176.655,1830.358,1903.358,1929.338,494.0,3.59,0.201,0.119,0.122,0.12,0.116,-4.9,-4.7,0.698,0.755,-4.1,0.589,0.589,1.5,0.483,0.589,1.9,0.485,0.589,2.1,0.499,0.589,1.8,0.486,0.589,0,-1.0,23.004
20110101_0957,-27.02,-63.21,586.0,GS.LXA.00,35.627,103.263,165.615,1776.621,1834.364,1854.12,495.0,1.562,0.001,0.049,0.043,0.051,0.05,6.3,2.4,0.528,-0.736,-2.9,0.618,0.618,-2.3,0.802,0.618,-2.3,0.815,0.618,-2.2,0.822,0.618,-2.3,0.812,0.618,0,-1.0,49.327
20110101_0957,-27.02,-63.21,586.0,BJ.LBP.00,40.571,116.205,166.44,1780.766,1839.599,1859.787,496.0,2.834,0.165,0.101,0.1,0.094,0.094,-3.3,-5.8,0.443,-0.643,-0.1,0.394,0.394,4.0,0.342,0.394,3.9,0.343,0.394,3.8,0.346,0.394,3.9,0.348,0.394,0,-1.0,1.849
20110101_0957,-27.02,-63.21,586.0,SN.SHAZ.00,33.512,109.874,171.183,1804.187,1869.441,1892.233,497.0,5.67,0.327,0.259,0.261,0.258,0.258,0.7,4.2,0.77,-0.81,2.6,0.468,0.468,2.5,0.695,0.468,2.5,0.619,0.468,2.5,0.588,0.468,2.5,0.65,0.468,0,-1.0,39.695
20110101_0957,-27.02,-63.21,586.0,BU.XUH.00,40.478,115.043,166.464,1780.888,1839.753,1859.954,498.0,1.526,0.195,0.194,0.191,0.175,0.184,3.9,4.0,0.847,0.686,5.5,0.487,0.487,-0.3,0.455,0.487,-0.1,0.462,0.487,0.2,0.477,0.487,0.0,0.481,0.487,0,-1.0,5.546
20110101_0957,-27.02,-63.21,586.0,XJ.RGN.00,43.865,87.561,151.082,1700.049,1740.003,1752.993,499.0,1.514,0.103,0.029,0.047,0.042,0.037,2.0,5.3,0.642,-0.611,0.8,0.241,0.241,2.2,0.322,0.241,1.9,0.323,0.241,1.8,0.33,0.241,2.0,0.33,0.241,0,-1.0,46.584
20110101_0957,-27.02,-63.21,586.0,GE.PMBI.,-2.902,104.699,147.883,1682.277,1718.714,1730.418,500.0,2.99,0.412,0.382,0.39,0.404,0.392,2.8,3.4,0.655,0.724,1.8,0.515,0.515,1.7,0.51,0.515,1.7,0.513,0.515,1.4,0.515,0.515,1.6,0.513,0.515,1,-1.0,157.077
20110101_0957,-27.02,-63.21,586.0,NM.CHR.00,47.973,121.177,158.768,1741.382,1790.387,1806.777,501.0,5.317,0.224,0.215,0.213,0.212,0.213,-5.8,-2.4,0.776,-0.906,-3.3,0.642,0.642,-1.2,0.571,0.642,-1.2,0.577,0.642,-1.1,0.581,0.642,-1.1,0.575,0.642,0,-1.0,-8.03
20110101_0957,-27.02,-63.21,586.0,YN.MAL.00,25.427,103.575,168.045,1788.771,1849.746,1870.793,502.0,3.225,0.158,0.084,0.064,0.065,0.079,6.7,-2.8,0.582,-0.771,-5.3,0.362,0.362,5.4,0.444,0.362,5.5,0.447,0.362,5.5,0.445,0.362,5.5,0.444,0.362,0,-1.0,95.087
20110101_0957,-27.02,-63.21,586.0,AU.FITZ.,-18.098,125.64,134.072,1601.77,1624.752,1631.794,503.0,0.0,,,,,,-16.0,-8.0,0.0,0.0,-16.0,0.0,0.0,-16.0,0.0,0.0,-16.0,0.0,0.0,-16.0,0.0,0.0,-16.0,0.0,0.0,0,-1.0,-168.331
20110101_0957,-27.02,-63.21,586.0,YP.NE58.,44.355,125.34,161.352,1754.85,1807.085,1824.703,504.0,2.601,0.097,0.024,0.019,0.02,0.021,1.0,0.9,0.545,0.471,9.2,0.565,0.565,8.1,0.288,0.565,7.8,0.348,0.565,7.6,0.377,0.565,7.7,0.37,0.565,0,-1.0,-19.142
20110101_0957,-27.02,-63.21,586.0,XJ.SHZ.00,44.214,85.863,149.829,1693.129,1731.688,1744.164,505.0,0.985,0.04,-0.068,-0.071,-0.07,-0.071,-0.9,-0.6,0.534,0.572,2.3,0.584,0.584,4.0,0.601,0.584,4.1,0.607,0.584,4.1,0.614,0.584,4.1,0.613,0.584,0,-1.0,47.015
20110101_0957,-27.02,-63.21,586.0,XJ.HTB.00,44.067,86.584,150.36,1696.068,1735.216,1747.908,506.0,1.297,0.215,0.104,0.078,0.076,0.093,-1.3,-1.3,0.897,0.917,1.9,0.551,0.551,3.5,0.637,0.551,3.6,0.683,0.551,3.6,0.694,0.551,3.5,0.671,0.551,0,-1.0,46.841
20110101_0957,-27.02,-63.21,586.0,GD.HUJ.00,24.035,112.302,174.97,1822.397,1892.971,1917.948,507.0,1.57,0.196,0.012,0.008,0.009,0.011,-4.3,-2.9,0.592,0.385,-4.7,0.732,0.732,-5.6,0.574,0.732,-5.5,0.58,0.732,-5.5,0.58,0.732,-5.5,0.578,0.732,0,-1.0,128.094
20110101_0957,-27.02,-63.21,586.0,YP.NEP1.,43.118,128.94,161.124,1753.674,1805.621,1823.129,508.0,3.52,0.077,0.095,0.103,0.114,0.116,1.2,1.5,0.921,0.911,-6.7,0.738,0.738,1.4,0.554,0.738,1.3,0.596,0.738,1.2,0.614,0.738,1.2,0.608,0.738,0,-1.0,-27.997
20110101_0957,-27.02,-63.21,586.0,YN.JIP.00,22.782,103.223,166.995,1783.543,1843.112,1863.594,509.0,3.931,0.243,0.023,0.017,0.015,0.014,8.8,-1.2,0.559,-0.536,3.5,0.645,0.645,-5.3,0.44,0.645,-5.3,0.446,0.645,-5.3,0.444,0.645,-5.3,0.443,0.645,0,-1.0,106.754
20110101_0957,-27.02,-63.21,586.0,JX.LEA.00,27.41,115.848,179.075,1841.632,1918.174,1945.63,510.0,1.665,0.127,0.137,0.176,0.177,0.151,0.9,2.1,0.916,0.542,1.0,0.637,0.637,0.9,0.655,0.637,0.4,0.686,0.637,0.5,0.689,0.637,0.8,0.672,0.637,0,-1.0,50.322
20110101_0957,-27.02,-63.21,586.0,HB.XFA.00,32.002,112.042,173.529,1815.52,1884.049,1908.184,511.0,4.151,0.201,0.276,0.269,0.251,0.248,-7.8,-3.6,0.563,-0.751,-2.1,0.594,0.594,-1.9,0.629,0.594,-1.9,0.634,0.594,-2.0,0.632,0.594,-2.0,0.628,0.594,0,-1.0,36.781
20110101_0957,-27.02,-63.21,586.0,YP.NE46.,43.388,121.495,163.194,1764.321,1818.913,1837.437,512.0,4.059,0.121,0.079,0.084,0.089,0.091,-9.1,-5.3,0.61,-0.807,-10.1,0.759,0.759,-8.1,0.76,0.759,-8.0,0.76,0.759,-7.9,0.761,0.759,-7.9,0.762,0.759,0,-1.0,-11.688
20110101_0957,-27.02,-63.21,586.0,1G.NOP06.,39.471,109.818,166.263,1779.879,1838.477,1858.571,513.0,3.849,-0.032,0.221,0.214,0.201,0.214,4.0,4.1,0.728,0.818,5.1,0.439,0.439,4.1,0.451,0.439,4.1,0.423,0.439,4.1,0.401,0.439,4.1,0.425,0.439,0,-1.0,22.736
20110101_0957,-27.02,-63.21,586.0,JL.CN2.00,43.8,125.45,161.822,1757.276,1810.109,1827.955,514.0,1.37,0.069,0.053,0.061,0.065,0.057,-0.5,0.2,0.73,0.723,-0.1,0.802,0.802,-8.3,0.807,0.802,-8.4,0.807,0.802,-8.4,0.806,0.802,-8.4,0.804,0.802,0,-1.0,-20.088
20110101_0957,-27.02,-63.21,586.0,JS.ZJ.00,32.148,119.447,174.376,1819.571,1889.299,1913.927,515.0,4.034,-0.061,0.041,0.042,0.047,0.04,-3.9,-3.9,0.541,0.612,-9.9,0.683,0.683,-8.4,0.614,0.683,-8.3,0.604,0.683,-8.3,0.597,0.683,-8.3,0.601,0.683,0,-1.0,-22.107
20110101_0957,-27.02,-63.21,586.0,NX.TLE.00,38.807,106.697,165.505,1776.063,1833.661,1853.359,516.0,2.307,0.123,0.005,0.012,0.019,0.008,5.2,5.0,0.468,0.456,-9.4,0.443,0.443,-9.3,0.425,0.443,-9.1,0.44,0.443,-9.1,0.446,0.443,-9.2,0.435,0.443,0,-1.0,32.483
20110101_0957,-27.02,-63.21,586.0,HB.SSH.00,29.646,112.69,175.537,1825.087,1896.474,1921.787,517.0,1.152,0.178,0.135,0.118,0.109,0.123,-5.5,-5.3,0.532,0.308,-9.0,0.355,0.355,-7.9,0.617,0.355,-7.6,0.654,0.355,-7.6,0.658,0.355,-7.7,0.635,0.355,0,-1.0,50.298
20110101_0957,-27.02,-63.21,586.0,XJ.HYS.00,42.975,89.441,152.701,1708.91,1750.703,1764.375,518.0,0.73,0.052,-0.064,-0.099,-0.1,-0.081,4.7,-4.3,0.456,-0.468,-9.4,0.538,0.538,-8.9,0.601,0.538,-8.9,0.592,0.538,-8.9,0.592,0.538,-8.9,0.6,0.538,0,-1.0,46.962
20110101_0957,-27.02,-63.21,586.0,SN.SHNA.00,33.518,110.865,171.733,1806.86,1872.876,1895.98,519.0,3.827,-0.157,-0.128,-0.139,-0.145,-0.143,-1.8,-1.6,0.659,0.728,-1.1,0.688,0.688,-1.2,0.735,0.688,-1.3,0.757,0.688,-1.3,0.768,0.688,-1.3,0.75,0.688,0,-1.0,35.48
20110101_0957,-27.02,-63.21,586.0,NM.HLG.00,40.376,111.844,166.031,1778.712,1837.003,1856.975,520.0,6.373,0.163,0.369,0.369,0.365,0.371,0.9,-4.1,0.773,-0.886,2.8,0.546,0.546,0.8,0.756,0.546,0.8,0.74,0.546,0.8,0.72,0.546,0.8,0.735,0.546,1,2.0,15.432
20110101_0957,-27.02,-63.21,586.0,KN.KZA.,42.078,75.25,143.069,1654.925,1686.326,1696.248,521.0,1.354,0.094,0.093,0.11,0.106,0.098,-10.0,-2.2,0.584,-0.584,3.1,0.627,0.627,3.4,0.382,0.627,3.8,0.371,0.627,3.8,0.358,0.627,3.5,0.375,0.627,0,-1.0,54.995
20110101_0957,-27.02,-63.21,586.0,AU.GIRL.,-22.643,114.234,130.276,1578.54,1598.381,1604.38,522.0,1.554,0.292,0.294,0.3,0.296,0.29,0.6,3.9,0.559,-0.311,-1.1,0.438,0.438,-1.0,0.43,0.438,-0.9,0.427,0.438,-1.1,0.44,0.438,-1.2,0.44,0.438,0,-1.0,176.925
20110101_0957,-27.02,-63.21,586.0,XJ.ATS.00,39.804,75.844,143.878,1659.573,1691.796,1702.004,523.0,1.433,0.15,0.295,0.3,0.3,0.297,-8.7,4.8,0.499,-0.585,8.2,0.433,0.433,10.3,0.344,0.433,10.7,0.308,0.433,10.6,0.315,0.433,10.5,0.331,0.433,0,-1.0,58.654
20110101_0957,-27.02,-63.21,586.0,XJ.BCH.00,39.793,78.783,146.108,1672.276,1706.821,1717.847,524.0,1.808,0.189,0.12,0.108,0.108,0.117,-5.3,-4.9,0.425,0.278,8.8,0.503,0.503,10.7,0.487,0.503,10.8,0.449,0.503,10.8,0.454,0.503,10.7,0.474,0.503,0,-1.0,58.021
20110101_0957,-27.02,-63.21,586.0,LN.WFD.00,39.63,121.987,166.67,1781.919,1841.057,1861.366,525.0,3.304,0.07,-0.071,-0.078,-0.08,-0.083,0.1,-2.8,0.85,-0.68,-8.9,0.492,0.492,-1.8,0.589,0.492,-1.7,0.57,0.492,-1.7,0.555,0.492,-1.7,0.559,0.492,0,-1.0,-17.194
20110101_0957,-27.02,-63.21,586.0,YP.NE95.,46.893,124.206,159.286,1744.097,1793.741,1810.373,526.0,2.979,0.206,0.265,0.264,0.262,0.264,6.5,3.5,0.468,-0.686,11.5,0.504,0.504,-1.3,0.566,0.504,-1.4,0.575,0.504,-1.4,0.579,0.504,-1.4,0.572,0.504,0,-1.0,-14.262
20110101_0957,-27.02,-63.21,586.0,YP.NEAB.,47.603,131.668,156.352,1728.588,1774.659,1789.941,527.0,2.633,0.267,0.245,0.256,0.261,0.266,0.6,-0.3,0.771,0.649,-8.6,0.52,0.52,2.4,0.582,0.52,2.6,0.562,0.52,-8.3,0.591,0.52,-8.3,0.581,0.52,0,-1.0,-25.351
20110101_0957,-27.02,-63.21,586.0,XW.HBAB.,19.443,56.722,124.777,1544.086,1559.782,1564.473,528.0,1.568,0.156,-0.061,-0.042,-0.05,-0.06,-2.8,4.5,0.74,0.773,3.5,0.512,0.512,1.4,0.667,0.512,1.3,0.663,0.512,1.3,0.659,0.512,1.4,0.666,0.512,0,-1.0,84.377
20110101_0957,-27.02,-63.21,586.0,GZ.YPT.00,27.212,108.813,172.899,1812.493,1880.135,1903.906,529.0,1.12,-0.138,0.152,0.171,0.168,0.167,-7.9,-4.0,0.48,-0.212,-7.1,0.585,0.585,1.7,0.642,0.585,1.7,0.653,0.585,1.7,0.649,0.585,1.7,0.647,0.585,0,-1.0,86.653
20110101_0957,-27.02,-63.21,586.0,YN.EYA.00,26.109,99.948,164.919,1773.103,1829.934,1849.329,530.0,1.752,0.115,0.162,0.162,0.163,0.164,10.3,-5.3,0.391,-0.249,-11.2,0.549,0.549,-11.0,0.548,0.549,-10.9,0.537,0.549,-10.9,0.539,0.549,-10.9,0.545,0.549,0,-1.0,89.866
20110101_0957,-27.02,-63.21,586.0,YP.NE42.,43.403,116.958,163.617,1766.481,1821.619,1840.354,531.0,0.348,-0.005,0.002,0.003,0.004,0.004,-10.1,-4.6,0.19,0.786,-7.8,0.061,0.061,3.1,0.016,0.061,3.2,0.019,0.061,3.4,0.029,0.061,3.3,0.024,0.061,0,-1.0,-0.425
20110101_0957,-27.02,-63.21,586.0,AH.TOL.00,30.925,117.819,175.993,1827.241,1899.284,1924.868,532.0,4.692,0.103,-0.007,-0.006,-0.018,0.0,-3.7,-3.4,0.784,0.815,-0.2,0.881,0.881,1.1,0.716,0.881,1.3,0.694,0.881,1.4,0.687,0.881,1.4,0.687,0.881,0,-1.0,-11.506
20110101_0957,-27.02,-63.21,586.0,6F.BL03.,-19.741,136.146,129.617,1574.464,1593.785,1599.615,533.0,8.089,0.747,0.738,0.737,0.755,0.749,0.3,0.9,0.899,0.873,0.5,0.853,0.853,0.9,0.859,0.853,0.9,0.86,0.853,0.7,0.867,0.853,0.7,0.867,0.853,1,6.0,-156.231
20110101_0957,-27.02,-63.21,586.0,KN.TKM2.,42.921,75.597,143.156,1655.426,1686.915,1696.867,534.0,2.346,0.037,0.056,0.066,0.062,0.06,-5.4,-2.6,0.773,-0.54,2.8,0.603,0.603,2.7,0.457,0.603,3.1,0.43,0.603,3.0,0.426,0.603,2.8,0.442,0.603,0,-1.0,53.528
20110101_0957,-27.02,-63.21,586.0,SD.WED.00,37.178,121.923,168.955,1793.278,1855.483,1877.028,535.0,3.301,-0.01,0.031,0.026,0.023,0.027,8.0,-2.1,0.436,-0.517,-6.1,0.568,0.568,-5.7,0.576,0.568,-5.7,0.578,0.568,-5.7,0.576,0.568,-5.7,0.579,0.568,0,-1.0,-21.202
20110101_0957,-27.02,-63.21,586.0,IU.DAV.10,7.07,125.579,158.374,1739.305,1787.826,1804.031,536.0,1.569,0.239,0.23,0.239,0.252,0.25,-6.2,-2.7,0.665,-0.11,-6.7,0.478,0.478,-6.5,0.484,0.478,-6.6,0.483,0.478,-7.0,0.485,0.478,-7.0,0.49,0.478,0,-1.0,-156.129
20110101_0957,-27.02,-63.21,586.0,LN.TIL.00,42.267,123.9,163.685,1766.832,1822.058,1840.828,537.0,3.08,-0.018,-0.108,-0.109,-0.111,-0.11,0.9,1.2,0.929,0.888,2.1,0.488,0.488,9.6,0.322,0.488,-3.4,0.321,0.488,-3.5,0.342,0.488,-3.5,0.337,0.488,0,-1.0,-18.695
20110101_0957,-27.02,-63.21,586.0,GX.DXS.00,21.672,107.497,169.991,1798.368,1861.984,1884.104,538.0,2.506,0.007,0.129,0.132,0.134,0.132,3.2,2.7,0.665,0.548,-10.3,0.501,0.501,-6.2,0.539,0.501,-6.2,0.52,0.501,-6.3,0.508,0.501,-6.2,0.522,0.501,0,-1.0,121.566
20110101_0957,-27.02,-63.21,586.0,YP.NE96.,46.879,125.052,159.101,1743.129,1792.545,1809.09,539.0,1.518,0.08,0.101,0.104,0.105,0.105,-0.1,-0.5,0.794,0.743,4.1,0.561,0.561,-8.5,0.352,0.561,-8.5,0.366,0.561,-0.6,0.376,0.561,-8.5,0.366,0.561,0,-1.0,-15.791
20110101_0957,-27.02,-63.21,586.0,AU.XMI.,-10.45,105.688,141.012,1643.002,1672.364,1681.577,540.0,3.268,0.367,0.379,0.382,0.419,0.403,3.2,3.4,0.798,0.82,2.2,0.738,0.738,2.0,0.764,0.738,1.9,0.768,0.738,1.4,0.795,0.738,1.7,0.779,0.738,1,9.0,162.63
20110101_0957,-27.02,-63.21,586.0,BU.SFS.00,39.661,115.814,167.333,1785.231,1845.251,1865.915,541.0,4.317,0.042,0.137,0.136,0.146,0.152,0.3,0.2,0.844,0.867,9.1,0.545,0.545,9.2,0.594,0.545,9.1,0.573,0.545,9.2,0.548,0.545,9.2,0.556,0.545,0,-1.0,3.335
20110101_0957,-27.02,-63.21,586.0,YP.NEA3.,47.562,121.292,159.157,1743.422,1792.907,1809.478,542.0,3.496,0.188,0.226,0.229,0.232,0.23,-6.0,-2.4,0.673,-0.732,-3.9,0.542,0.542,-10.3,0.37,0.542,-10.2,0.355,0.542,-10.1,0.334,0.542,-10.1,0.344,0.542,0,-1.0,-8.453
20110101_0957,-27.02,-63.21,586.0,XW.BSRN.,18.966,55.972,123.948,1538.806,1553.924,1558.435,543.0,0.771,0.023,-0.06,-0.04,-0.033,-0.058,-0.9,-1.2,0.641,0.847,2.4,0.715,0.715,1.2,0.761,0.715,0.1,0.617,0.715,0.0,0.682,0.715,1.1,0.762,0.715,0,-1.0,84.624
20110101_0957,-27.02,-63.21,586.0,GD.GZH.00,23.653,113.652,175.598,1825.375,1896.85,1922.199,544.0,0.536,0.048,0.012,0.024,0.024,0.025,-0.9,-1.2,0.472,0.564,-6.0,0.571,0.571,-6.0,0.662,0.571,-6.0,0.661,0.571,-6.0,0.661,0.571,-6.0,0.659,0.571,0,-1.0,142.224
20110101_0957,-27.02,-63.21,586.0,JX.JIA.00,27.063,115.044,178.445,1838.709,1914.323,1941.391,545.0,5.429,0.051,0.121,0.136,0.128,0.123,-6.0,-2.6,0.545,0.131,-9.8,0.835,0.835,-9.4,0.853,0.835,-9.5,0.859,0.835,-9.5,0.856,0.835,-9.4,0.852,0.835,0,-1.0,87.45
20110101_0957,-27.02,-63.21,586.0,HL.JMS.00,46.732,130.324,157.584,1735.135,1782.692,1798.533,546.0,3.305,0.189,0.23,0.247,0.269,0.261,1.6,1.5,0.753,0.728,2.2,0.654,0.654,2.8,0.604,0.654,2.9,0.581,0.654,2.9,0.56,0.654,2.8,0.56,0.654,0,-1.0,-24.637
20110101_0957,-27.02,-63.21,586.0,JS.XY.00,33.001,118.492,173.84,1817.013,1885.982,1910.298,547.0,4.708,0.035,0.048,0.052,0.069,0.059,-9.2,-4.9,0.527,-0.779,-2.9,0.704,0.704,-1.8,0.726,0.704,-1.8,0.716,0.704,-1.6,0.712,0.704,-1.7,0.717,0.704,0,-1.0,-12.595
20110101_0957,-27.02,-63.21,586.0,SH.HUH.00,30.448,119.798,175.676,1825.742,1897.328,1922.723,548.0,4.006,0.251,0.343,0.338,0.336,0.332,-1.2,2.3,0.569,-0.352,-0.7,0.869,0.869,-0.8,0.938,0.869,-0.8,0.923,0.869,-0.8,0.911,0.869,-0.8,0.912,0.869,1,19.0,-34.186
20110101_0957,-27.02,-63.21,586.0,LN.SNY.00,41.828,123.578,164.183,1769.365,1825.236,1844.256,549.0,4.647,0.043,-0.032,-0.026,-0.03,-0.027,0.2,-2.9,0.719,-0.721,2.0,0.586,0.586,2.4,0.405,0.586,2.5,0.402,0.586,2.6,0.404,0.586,2.6,0.404,0.586,0,-1.0,-18.504
20110101_0957,-27.02,-63.21,586.0,YP.NE74.,45.514,118.806,161.437,1755.289,1807.632,1825.291,550.0,3.621,0.17,0.148,0.162,0.177,0.169,1.6,1.9,0.91,0.887,-5.1,0.741,0.741,-3.7,0.774,0.741,-3.5,0.755,0.741,-3.3,0.736,0.741,-3.4,0.744,0.741,0,-1.0,-4.372
20110101_0957,-27.02,-63.21,586.0,YP.NE7A.,45.486,125.97,160.138,1748.551,1799.257,1816.292,551.0,2.358,0.14,0.146,0.151,0.146,0.144,5.3,0.1,0.549,0.463,5.2,0.45,0.45,4.7,0.527,0.45,4.6,0.533,0.45,4.6,0.532,0.45,4.6,0.532,0.45,0,-1.0,-18.975
20110101_0957,-27.02,-63.21,586.0,YP.NE54.,44.062,118.984,162.867,1762.646,1816.818,1835.179,552.0,2.628,0.158,0.159,0.163,0.161,0.161,0.7,0.7,0.861,0.86,0.6,0.669,0.669,1.9,0.605,0.669,2.1,0.582,0.669,2.2,0.557,0.669,2.2,0.568,0.669,0,-1.0,-5.264
20110101_0957,-27.02,-63.21,586.0,GD.PUN.00,23.288,116.136,176.222,1828.319,1900.692,1926.412,553.0,8.444,0.281,0.25,0.263,0.277,0.272,-0.9,-0.8,0.827,0.82,0.0,0.885,0.885,-0.3,0.777,0.885,-0.5,0.772,0.885,-0.9,0.786,0.885,-0.8,0.786,0.885,0,-1.0,171.854
20110101_0957,-27.02,-63.21,586.0,QH.HTG.00,37.864,90.715,155.583,1724.473,1769.628,1784.564,554.0,2.055,0.113,0.161,0.181,0.181,0.168,-4.4,2.5,0.796,0.761,1.2,0.481,0.481,2.5,0.317,0.481,2.6,0.293,0.481,2.6,0.294,0.481,2.5,0.308,0.481,0,-1.0,56.91
20110101_0957,-27.02,-63.21,586.0,GD.LIZ.00,24.802,112.385,175.46,1824.721,1895.997,1921.264,555.0,1.143,0.158,0.116,0.124,0.123,0.121,-7.1,3.4,0.438,-0.938,-5.3,0.537,0.537,-5.6,0.551,0.537,-5.4,0.545,0.537,-5.4,0.552,0.537,-5.5,0.548,0.537,0,-1.0,121.001
20110101_0957,-27.02,-63.21,586.0,NM.CSQ.00,40.728,111.048,165.496,1776.017,1833.604,1853.296,556.0,7.993,0.218,-0.086,-0.088,-0.079,-0.085,0.2,0.6,0.697,0.656,-1.5,0.536,0.536,8.9,0.546,0.536,9.0,0.528,0.536,9.2,0.505,0.536,9.1,0.522,0.536,0,-1.0,17.249
20110101_0957,-27.02,-63.21,586.0,HA.JZ.00,35.268,113.213,171.205,1804.293,1869.578,1892.382,557.0,4.7,0.126,0.004,0.003,-0.001,-0.0,-1.7,-1.5,0.877,0.872,1.0,0.821,0.821,7.0,0.696,0.821,7.0,0.693,0.821,6.9,0.692,0.821,6.9,0.693,0.821,0,-1.0,18.685
20110101_0957,-27.02,-63.21,586.0,TJ.YGZ.00,39.91,117.248,167.104,1784.091,1843.806,1864.347,558.0,1.783,-0.018,-0.058,-0.063,-0.062,-0.062,5.6,5.2,0.526,0.333,0.5,0.491,0.491,2.1,0.463,0.491,2.4,0.498,0.491,2.6,0.528,0.491,2.6,0.518,0.491,0,-1.0,-1.533
20110101_0957,-27.02,-63.21,586.0,ZJ.CHA.00,29.469,118.413,177.164,1832.742,1906.481,1932.768,559.0,4.287,-0.099,-0.007,-0.0,0.021,0.022,-1.4,2.2,0.76,-0.705,7.5,0.694,0.694,7.8,0.505,0.694,7.8,0.471,0.694,7.8,0.449,0.694,7.8,0.446,0.694,0,-1.0,-26.277
20110101_0957,-27.02,-63.21,586.0,YP.NE7E.,45.107,129.736,159.164,1743.46,1792.953,1809.528,560.0,1.972,0.195,0.165,0.163,0.16,0.163,4.5,-3.8,0.507,-0.73,3.8,0.656,0.656,4.6,0.553,0.656,4.5,0.543,0.656,4.6,0.532,0.656,4.5,0.538,0.656,0,-1.0,-26.109
20110101_0957,-27.02,-63.21,586.0,NM.HLR.00,49.267,119.742,157.637,1735.412,1783.033,1798.898,561.0,0.56,0.089,0.172,0.168,0.165,0.166,-4.3,-4.1,0.649,0.706,-0.3,0.569,0.569,-2.5,0.483,0.569,-2.6,0.487,0.569,-2.8,0.483,0.569,-2.7,0.479,0.569,0,-1.0,-5.01
20110101_0957,-27.02,-63.21,586.0,YN.FUN.00,23.625,105.62,169.353,1795.236,1857.982,1879.747,562.0,2.707,0.198,0.146,0.14,0.14,0.145,4.0,4.1,0.661,0.642,-1.8,0.648,0.648,0.5,0.569,0.648,0.9,0.568,0.648,0.8,0.571,0.648,0.6,0.576,0.648,0,-1.0,106.979
20110101_0957,-27.02,-63.21,586.0,AU.KNRA.,-15.677,128.763,135.749,1611.876,1636.325,1643.864,563.0,5.633,0.684,0.674,0.676,0.695,0.694,0.7,1.3,0.864,0.808,0.4,0.853,0.853,0.7,0.837,0.853,0.7,0.841,0.853,0.3,0.874,0.853,0.3,0.871,0.853,1,6.0,-163.479
20110101_0957,-27.02,-63.21,586.0,XW.WAYM.,17.915,55.644,123.285,1534.567,1549.232,1553.603,564.0,0.667,-0.002,0.097,0.079,0.084,0.093,1.3,2.1,0.638,0.624,-1.0,0.667,0.667,-2.7,0.654,0.667,-2.0,0.749,0.667,-2.3,0.714,0.667,-2.6,0.665,0.667,0,-1.0,85.673
20110101_0957,-27.02,-63.21,586.0,NM.WJH.00,41.304,108.078,164.021,1768.543,1824.204,1843.143,565.0,5.208,0.317,0.267,0.273,0.277,0.274,8.6,4.2,0.573,-0.595,-0.7,0.61,0.61,-8.5,0.459,0.61,-8.5,0.473,0.61,-8.5,0.474,0.61,-8.5,0.473,0.61,0,-1.0,23.995
20110101_0957,-27.02,-63.21,586.0,ZJ.WXJ.00,28.696,118.826,177.541,1834.504,1908.793,1935.308,566.0,5.139,0.202,0.185,0.182,0.189,0.189,-3.3,0.1,0.62,-0.147,-2.5,0.488,0.488,-2.6,0.542,0.488,-2.8,0.502,0.488,-2.7,0.518,0.488,-2.7,0.54,0.488,0,-1.0,-41.324
20110101_0957,-27.02,-63.21,586.0,AU.COEN.,-13.957,143.175,131.675,1587.16,1608.131,1614.5,567.0,8.301,0.688,0.665,0.669,0.679,0.68,0.2,0.8,0.956,0.912,0.4,0.649,0.649,0.5,0.669,0.649,0.4,0.672,0.649,0.1,0.68,0.649,0.2,0.68,0.649,1,6.0,-144.91
20110101_0957,-27.02,-63.21,586.0,YP.NE71.,45.535,116.164,161.478,1755.503,1807.898,1825.577,568.0,5.858,0.239,0.254,0.266,0.268,0.267,0.9,1.2,0.816,0.869,-7.0,0.617,0.617,-6.0,0.581,0.617,-5.8,0.574,0.617,-5.5,0.587,0.617,-5.6,0.577,0.617,0,-1.0,1.359
20110101_0957,-27.02,-63.21,586.0,FJ.PTNR.00,25.222,119.471,176.996,1831.954,1905.448,1931.634,569.0,13.786,0.245,0.22,0.256,0.255,0.232,0.5,0.7,0.983,0.98,3.8,0.58,0.58,5.0,0.771,0.58,5.2,0.737,0.58,5.2,0.723,0.58,5.1,0.768,0.58,0,-1.0,-130.716
20110101_0957,-27.02,-63.21,586.0,MM.NAM.00,20.896,97.771,161.597,1756.119,1808.666,1826.403,570.0,3.382,0.119,0.26,0.245,0.252,0.257,0.0,-4.4,0.431,-0.738,4.7,0.442,0.442,-13.5,0.38,0.442,-13.3,0.411,0.442,-13.4,0.403,0.442,-13.4,0.39,0.442,0,-1.0,105.85
20110101_0957,-27.02,-63.21,586.0,AK.NIKH.,52.972,-168.855,120.488,1516.53,1529.368,1533.179,571.0,1.081,0.163,0.235,0.244,0.239,0.237,1.1,1.4,0.856,0.836,0.9,0.385,0.385,0.7,0.37,0.385,0.2,0.448,0.385,0.5,0.4,0.385,0.6,0.396,0.385,0,-1.0,-42.386
20110101_0957,-27.02,-63.21,586.0,NM.NJT.00,48.184,123.386,158.221,1738.498,1786.831,1802.966,572.0,1.302,0.338,0.114,0.119,0.125,0.121,0.4,0.6,0.761,0.658,2.6,0.613,0.613,-3.2,0.879,0.613,-3.2,0.872,0.613,-3.2,0.862,0.613,-3.3,0.868,0.613,0,-1.0,-11.776
20110101_0957,-27.02,-63.21,586.0,XW.SABA.,18.756,56.64,124.467,1542.114,1557.593,1562.217,573.0,0.616,-0.031,-0.001,0.006,0.005,-0.0,6.2,5.6,0.476,0.508,11.7,0.577,0.577,10.1,0.582,0.577,9.6,0.573,0.577,9.8,0.573,0.577,10.0,0.578,0.577,0,-1.0,85.129
20110101_0957,-27.02,-63.21,586.0,ZJ.XAJ.00,29.482,119.271,176.709,1830.608,1903.685,1929.698,574.0,2.639,0.38,0.441,0.425,0.433,0.442,-0.1,-4.7,0.672,-0.509,0.6,0.539,0.539,0.4,0.585,0.539,-0.1,0.678,0.539,-0.1,0.693,0.539,0.1,0.663,0.539,1,19.0,-37.278
20110101_0957,-27.02,-63.21,586.0,YP.NE9C.,47.05,131.036,157.051,1732.305,1779.216,1794.814,575.0,0.334,0.087,-0.03,-0.031,-0.033,-0.034,1.0,-0.4,0.333,0.568,10.3,0.409,0.409,6.6,0.484,0.409,6.8,0.447,0.409,6.8,0.412,0.409,6.8,0.424,0.409,0,-1.0,-25.237
20110101_0957,-27.02,-63.21,586.0,GZ.BJT.00,27.243,105.35,169.82,1797.528,1860.911,1882.935,576.0,2.377,0.074,0.137,0.159,0.156,0.143,-0.4,4.2,0.714,-0.543,6.7,0.421,0.421,-3.7,0.741,0.421,-3.7,0.743,0.421,-3.7,0.745,0.421,-3.7,0.746,0.421,0,-1.0,86.202
20110101_0957,-27.02,-63.21,586.0,JL.SPT.00,43.2,124.535,162.644,1761.503,1815.389,1833.639,577.0,2.713,0.135,0.031,0.046,0.053,0.05,1.2,1.2,0.529,0.387,10.0,0.363,0.363,9.0,0.437,0.363,9.1,0.419,0.363,9.1,0.407,0.363,9.1,0.409,0.363,0,-1.0,-18.92
20110101_0957,-27.02,-63.21,586.0,HL.MOH.00,53.455,122.339,153.247,1711.878,1754.299,1768.206,578.0,5.298,0.368,0.314,0.325,0.342,0.334,2.1,1.8,0.743,0.787,2.8,0.518,0.518,4.2,0.567,0.518,4.3,0.554,0.518,4.3,0.545,0.518,4.3,0.548,0.518,1,2.0,-7.293
20110101_0957,-27.02,-63.21,586.0,GS.ZHC.00,34.932,106.3,168.035,1788.726,1849.688,1870.731,579.0,1.105,0.166,0.056,0.048,0.042,0.049,-3.5,2.5,0.493,-0.253,-0.7,0.565,0.565,5.6,0.474,0.565,5.5,0.473,0.565,5.6,0.467,0.565,5.6,0.473,0.565,0,-1.0,45.231
20110101_0957,-27.02,-63.21,586.0,GS.LTT.00,34.671,103.361,166.183,1779.477,1837.969,1858.022,580.0,1.353,0.059,0.058,0.06,0.059,0.054,-0.6,-0.4,0.596,0.5,-8.9,0.354,0.354,-8.6,0.48,0.354,-1.7,0.488,0.354,-1.7,0.491,0.354,-1.8,0.477,0.354,0,-1.0,52.489
20110101_0957,-27.02,-63.21,586.0,SC.JJS.00,31.004,104.546,168.583,1791.44,1853.14,1874.481,581.0,2.06,0.029,-0.048,-0.061,-0.055,-0.045,8.4,4.7,0.67,-0.703,9.2,0.372,0.372,-2.6,0.373,0.372,-2.2,0.381,0.372,-2.2,0.383,0.372,-2.4,0.377,0.372,0,-1.0,66.123
20110101_0957,-27.02,-63.21,586.0,CB.HHC.00,40.85,111.564,165.514,1776.108,1833.719,1853.421,582.0,6.114,0.131,0.032,0.028,0.025,0.028,7.9,4.2,0.547,-0.613,11.4,0.438,0.438,9.5,0.589,0.438,9.6,0.577,0.438,9.8,0.562,0.438,9.6,0.572,0.438,0,-1.0,15.645
20110101_0957,-27.02,-63.21,586.0,JX.WAA.00,26.365,114.802,178.107,1837.143,1912.262,1939.123,583.0,1.056,0.111,0.143,0.163,0.156,0.149,-1.9,-2.1,0.418,0.423,0.9,0.554,0.554,-1.1,0.623,0.554,-0.6,0.69,0.554,-0.6,0.674,0.554,-0.8,0.627,0.554,0,-1.0,115.546
20110101_0957,-27.02,-63.21,586.0,NM.DSM.00,41.095,107.054,163.803,1767.434,1822.813,1841.642,584.0,4.051,0.41,0.405,0.405,0.409,0.408,0.6,1.0,0.707,0.733,-0.5,0.752,0.752,-0.6,0.623,0.752,-0.6,0.656,0.752,-0.6,0.677,0.752,-0.6,0.655,0.752,1,15.0,26.744
20110101_0957,-27.02,-63.21,586.0,ZN.SIRI.,-9.844,149.709,131.234,1584.449,1605.06,1611.311,585.0,4.973,0.443,0.48,0.493,0.513,0.496,2.0,2.2,0.776,0.778,2.0,0.765,0.765,2.0,0.782,0.765,1.8,0.783,0.765,1.6,0.782,0.765,1.8,0.781,0.765,1,8.0,-134.805
20110101_0957,-27.02,-63.21,586.0,KZ.ABKAR.,49.256,59.943,131.466,1585.873,1606.673,1612.985,586.0,1.229,0.056,0.108,0.109,0.102,0.105,-2.4,4.1,0.766,0.91,4.1,0.394,0.394,-4.3,0.573,0.394,2.2,0.591,0.394,-4.4,0.588,0.394,-4.4,0.583,0.394,0,-1.0,46.871
20110101_0957,-27.02,-63.21,586.0,ZN.KIR.,-8.507,151.085,131.351,1585.167,1605.873,1612.155,587.0,1.991,0.331,0.344,0.354,0.38,0.36,1.5,2.4,0.799,0.726,2.6,0.731,0.731,2.5,0.746,0.731,2.3,0.748,0.731,2.1,0.747,0.731,2.4,0.746,0.731,0,-1.0,-132.279
20110101_0957,-27.02,-63.21,586.0,JX.YUG.00,28.826,116.625,178.188,1837.515,1912.752,1939.662,588.0,3.967,0.379,0.422,0.434,0.436,0.432,-0.1,0.1,0.877,0.871,-2.4,0.654,0.654,-1.6,0.758,0.654,-1.5,0.74,0.654,-1.2,0.716,0.654,-1.2,0.717,0.654,1,2.0,3.65
20110101_0957,-27.02,-63.21,586.0,XZ.SNA.00,29.224,91.754,157.852,1736.55,1784.433,1800.397,589.0,1.349,0.012,0.101,0.05,0.065,0.088,-1.8,2.2,0.804,-0.695,-6.4,0.569,0.569,-6.6,0.522,0.569,-6.3,0.52,0.569,-6.4,0.518,0.569,-6.6,0.526,0.569,0,-1.0,78.45
20110101_0957,-27.02,-63.21,586.0,1G.NOP04.,40.232,109.978,165.634,1776.713,1834.481,1854.246,590.0,4.801,0.191,-0.079,-0.084,-0.083,-0.085,-3.5,-3.3,0.642,0.676,-11.8,0.436,0.436,-2.0,0.386,0.436,-1.8,0.362,0.436,-1.5,0.348,0.436,-1.8,0.359,0.436,0,-1.0,20.961
20110101_0957,-27.02,-63.21,586.0,YN.GYA.00,26.459,106.664,170.942,1803.014,1867.937,1890.592,591.0,2.607,-0.018,0.054,0.047,0.051,0.055,-2.3,1.5,0.738,-0.774,-1.2,0.64,0.64,7.2,0.675,0.64,7.0,0.786,0.64,7.0,0.774,0.64,7.2,0.708,0.64,0,-1.0,91.559
20110101_0957,-27.02,-63.21,586.0,MM.MYI.00,25.521,97.474,162.632,1761.44,1815.31,1833.554,592.0,0.42,0.081,0.064,0.057,0.057,0.061,-1.1,-0.8,0.853,0.642,-1.1,0.65,0.65,-1.2,0.631,0.65,-1.1,0.63,0.65,-1.0,0.627,0.65,-1.1,0.628,0.65,0,-1.0,90.828
20110101_0957,-27.02,-63.21,586.0,SD.RCH.00,37.171,122.42,168.791,1792.465,1854.447,1875.901,593.0,3.731,-0.026,-0.039,-0.028,-0.031,-0.022,0.5,4.2,0.462,-0.838,-0.5,0.429,0.429,1.1,0.527,0.429,1.1,0.565,0.429,1.1,0.582,0.429,1.1,0.579,0.429,0,-1.0,-23.038
20110101_0957,-27.02,-63.21,586.0,BJ.MIY.00,40.467,116.833,166.553,1781.334,1840.317,1860.564,594.0,3.672,0.112,0.035,0.038,0.032,0.036,0.9,0.9,0.64,0.609,2.4,0.46,0.46,3.2,0.377,0.46,-1.6,0.399,0.46,-1.5,0.427,0.46,-1.6,0.416,0.46,0,-1.0,-0.137
20110101_0957,-27.02,-63.21,586.0,SC.LZH.00,28.872,105.414,169.785,1797.36,1860.695,1882.7,595.0,1.022,0.103,0.012,0.017,0.014,0.014,7.0,-0.6,0.297,0.119,-9.3,0.601,0.601,-5.0,0.565,0.601,-5.0,0.57,0.601,-5.0,0.566,0.601,-5.0,0.56,0.601,0,-1.0,76.605
20110101_0957,-27.02,-63.21,586.0,YP.NE4B.,43.338,130.548,160.242,1749.094,1799.929,1817.014,596.0,0.348,0.034,0.023,0.023,0.023,0.023,-9.2,-4.4,0.154,0.907,-7.1,0.375,0.375,-7.3,0.396,0.375,-7.6,0.381,0.375,-7.6,0.372,0.375,-7.6,0.375,0.375,0,-1.0,-30.433
20110101_0957,-27.02,-63.21,586.0,YP.NE47.,43.459,124.318,162.468,1760.601,1814.262,1832.425,597.0,3.986,0.105,0.045,0.046,0.049,0.048,1.2,1.3,0.879,0.861,9.6,0.407,0.407,-5.2,0.58,0.407,-5.3,0.593,0.407,-5.4,0.599,0.407,-5.3,0.599,0.407,0,-1.0,-18.111
20110101_0957,-27.02,-63.21,586.0,HN.ZJJ.00,29.351,110.557,174.033,1817.935,1887.176,1911.604,598.0,1.014,0.242,0.473,0.478,0.476,0.481,0.3,-2.8,0.481,-0.784,-1.1,0.676,0.676,-0.3,0.721,0.676,-0.2,0.722,0.676,-0.2,0.72,0.676,-0.3,0.727,0.676,0,-1.0,64.072
20110101_0957,-27.02,-63.21,586.0,XW.MKRZ.,19.258,57.597,125.489,1548.605,1564.809,1569.658,599.0,1.015,0.345,-0.055,-0.066,-0.057,-0.056,3.6,3.2,0.442,0.529,10.6,0.373,0.373,8.5,0.6,0.373,8.2,0.626,0.373,8.2,0.618,0.373,8.4,0.604,0.373,0,-1.0,84.935
20110101_0957,-27.02,-63.21,586.0,BU.CDT.00,41.015,117.916,165.974,1778.426,1836.642,1856.585,600.0,2.116,0.104,0.087,0.086,0.089,0.085,0.1,-3.3,0.373,-0.747,9.4,0.448,0.448,-8.9,0.419,0.448,-8.8,0.428,0.448,-8.7,0.448,0.448,-8.8,0.439,0.448,0,-1.0,-3.425
20110101_0957,-27.02,-63.21,586.0,HN.JIS.00,28.148,109.747,173.657,1816.137,1884.848,1909.057,601.0,4.197,0.062,0.047,0.032,0.024,0.037,-4.8,-1.5,0.718,-0.696,-0.4,0.415,0.415,1.7,0.409,0.415,1.7,0.429,0.415,1.7,0.424,0.415,1.7,0.406,0.415,0,-1.0,77.51
20110101_0957,-27.02,-63.21,586.0,SD.JUN.00,35.172,118.845,171.661,1806.511,1872.426,1895.489,602.0,4.211,0.272,0.28,0.29,0.287,0.284,-2.0,1.7,0.842,-0.741,-2.8,0.418,0.418,2.6,0.506,0.418,2.8,0.531,0.418,3.0,0.539,0.418,2.9,0.527,0.418,0,-1.0,-11.143
20110101_0957,-27.02,-63.21,586.0,GE.GSI.,1.304,97.576,148.358,1684.936,1721.885,1733.775,603.0,1.448,0.362,0.259,0.29,0.309,0.284,1.1,1.1,0.874,0.905,0.9,0.518,0.518,2.5,0.636,0.518,2.5,0.605,0.518,2.5,0.557,0.518,2.5,0.607,0.518,0,-1.0,141.523
20110101_0957,-27.02,-63.21,586.0,ZJ.YIX.00,29.801,121.326,175.137,1823.193,1894.008,1919.084,604.0,3.548,0.18,0.177,0.222,0.218,0.207,1.6,2.5,0.819,0.564,3.0,0.702,0.702,2.2,0.721,0.702,1.7,0.732,0.702,1.7,0.737,0.702,1.9,0.736,0.702,0,-1.0,-51.637
20110101_0957,-27.02,-63.21,586.0,YN.MIZ.00,25.132,98.42,163.407,1765.412,1820.279,1838.909,605.0,0.937,0.102,0.127,0.124,0.127,0.128,-5.3,-2.0,0.156,-0.425,1.2,0.737,0.737,1.6,0.706,0.737,1.6,0.706,0.737,1.6,0.711,0.737,1.6,0.71,0.737,0,-1.0,92.687
20110101_0957,-27.02,-63.21,586.0,LN.DDO.00,40.146,124.39,165.442,1775.744,1833.259,1852.924,606.0,2.138,0.027,0.105,0.115,0.127,0.122,1.0,-2.6,0.723,-0.826,-4.2,0.655,0.655,2.2,0.527,0.655,2.2,0.476,0.655,-10.6,0.455,0.655,-10.7,0.452,0.655,0,-1.0,-23.243
20110101_0957,-27.02,-63.21,586.0,JX.DUC.00,29.256,116.193,177.703,1835.259,1909.785,1936.399,607.0,2.148,-0.03,-0.001,-0.007,-0.015,-0.016,0.1,0.3,0.838,0.854,5.3,0.449,0.449,5.7,0.419,0.449,5.8,0.409,0.449,5.8,0.409,0.449,5.8,0.415,0.449,0,-1.0,10.978
20110101_0957,-27.02,-63.21,586.0,AH.HSH.00,31.77,118.058,175.124,1823.129,1893.924,1918.992,608.0,5.351,0.073,0.203,0.21,0.218,0.226,-5.8,0.1,0.472,0.498,-2.2,0.769,0.769,-0.9,0.843,0.769,-0.8,0.826,0.769,-0.7,0.833,0.769,-0.7,0.835,0.769,0,-1.0,-11.773
20110101_0957,-27.02,-63.21,586.0,XJ.RUQ.00,38.974,88.838,153.834,1715.06,1758.162,1772.325,609.0,0.686,-0.018,0.178,0.194,0.191,0.184,2.0,2.5,0.657,0.579,2.2,0.511,0.511,3.9,0.503,0.511,4.0,0.498,0.511,4.1,0.499,0.511,3.9,0.5,0.511,0,-1.0,55.58
20110101_0957,-27.02,-63.21,586.0,HB.NZH.00,31.392,111.616,173.716,1816.418,1885.212,1909.455,610.0,3.577,0.071,0.118,0.096,0.095,0.107,1.1,-3.3,0.648,-0.682,-1.2,0.718,0.718,-0.7,0.605,0.718,-0.7,0.625,0.718,-0.7,0.628,0.718,-0.7,0.616,0.718,0,-1.0,42.827
20110101_0957,-27.02,-63.21,586.0,XJ.ALT.00,47.855,88.135,149.474,1691.154,1729.322,1741.654,611.0,1.358,0.074,0.025,0.029,0.034,0.026,1.4,-3.0,0.762,-0.287,5.1,0.684,0.684,5.9,0.597,0.684,6.1,0.563,0.684,6.1,0.544,0.684,5.9,0.593,0.684,0,-1.0,39.18
20110101_0957,-27.02,-63.21,586.0,ZJ.LIA.00,30.143,118.958,176.343,1828.888,1901.435,1927.228,612.0,4.823,0.183,0.17,0.16,0.165,0.159,0.0,0.0,0.646,0.63,-7.6,0.316,0.316,-7.2,0.271,0.316,-7.1,0.287,0.316,-6.9,0.286,0.316,-6.9,0.28,0.316,0,-1.0,-27.981
20110101_0957,-27.02,-63.21,586.0,QH.XIN.00,36.628,101.725,164.029,1768.583,1824.256,1843.198,613.0,1.198,0.058,0.052,0.046,0.048,0.047,-3.6,2.8,0.497,-0.8,-2.9,0.763,0.763,-2.2,0.825,0.763,-2.2,0.808,0.763,-2.2,0.815,0.763,-2.3,0.81,0.763,0,-1.0,48.78
20110101_0957,-27.02,-63.21,586.0,HN.HOJ.00,27.115,109.995,173.949,1817.535,1886.658,1911.037,614.0,2.935,0.096,0.094,0.114,0.108,0.097,-1.0,-1.8,0.722,0.493,3.5,0.571,0.571,-2.3,0.243,0.571,-2.1,0.231,0.571,-2.1,0.23,0.571,-2.3,0.236,0.571,0,-1.0,87.605
20110101_0957,-27.02,-63.21,586.0,JP.JNU.,33.125,130.877,166.384,1780.483,1839.241,1859.399,615.0,1.554,0.344,0.406,0.431,0.429,0.422,0.9,4.7,0.483,-0.722,9.9,0.357,0.357,8.5,0.585,0.357,8.2,0.634,0.357,8.2,0.622,0.357,8.4,0.608,0.357,0,-1.0,-59.433
20110101_0957,-27.02,-63.21,586.0,SX.YJI.00,34.839,110.646,170.576,1801.229,1865.648,1888.096,616.0,6.862,-0.105,-0.148,-0.16,-0.17,-0.147,1.8,5.0,0.824,-0.747,3.1,0.644,0.644,3.0,0.761,0.644,2.9,0.738,0.644,3.0,0.721,0.644,2.9,0.746,0.644,0,-1.0,31.413
20110101_0957,-27.02,-63.21,586.0,II.TLY.00,51.681,103.644,153.421,1712.823,1755.446,1769.428,617.0,3.107,0.397,0.363,0.378,0.389,0.379,0.6,0.8,0.874,0.929,1.0,0.695,0.695,0.8,0.84,0.695,0.7,0.825,0.695,0.7,0.813,0.695,0.7,0.821,0.695,1,17.0,18.239
20110101_0957,-27.02,-63.21,586.0,CB.XLT.00,43.9,116.079,163.11,1763.894,1818.378,1836.86,618.0,5.051,0.279,0.219,0.201,0.201,0.196,1.8,2.1,0.733,0.658,0.9,0.757,0.757,1.5,0.771,0.757,1.6,0.779,0.757,1.6,0.784,0.757,1.7,0.781,0.757,0,-1.0,1.732
20110101_0957,-27.02,-63.21,586.0,SN.LINT.00,34.352,109.212,170.197,1799.378,1863.278,1885.513,619.0,4.124,-0.163,-0.167,-0.172,-0.169,-0.166,4.9,4.8,0.754,0.63,-1.8,0.615,0.615,-1.4,0.719,0.615,-1.3,0.741,0.615,-1.3,0.762,0.615,-1.3,0.744,0.615,0,-1.0,38.689
20110101_0957,-27.02,-63.21,586.0,GD.XFJ.00,23.739,114.657,176.195,1828.191,1900.525,1926.229,620.0,5.181,0.3,0.271,0.3,0.296,0.298,-0.8,-0.6,0.714,0.632,-1.3,0.633,0.633,8.3,0.661,0.633,8.2,0.671,0.633,8.2,0.69,0.633,8.1,0.685,0.633,0,-1.0,152.077
20110101_0957,-27.02,-63.21,586.0,YP.NE9E.,47.02,133.287,156.162,1727.573,1773.418,1788.614,621.0,3.198,0.371,0.356,0.358,0.367,0.365,1.0,0.3,0.44,0.365,-12.7,0.487,0.487,-12.4,0.446,0.487,-12.4,0.482,0.487,-12.4,0.502,0.487,-12.4,0.497,0.487,0,-1.0,-28.391
20110101_0957,-27.02,-63.21,586.0,II.ERM.00,42.015,143.157,153.778,1714.758,1757.795,1771.934,622.0,1.472,0.281,0.196,0.21,0.235,0.238,-5.3,-2.0,0.822,-0.938,1.1,0.618,0.618,-5.8,0.61,0.618,-6.0,0.629,0.618,-6.0,0.627,0.618,-6.0,0.635,0.618,0,-1.0,-48.13
20110101_0957,-27.02,-63.21,586.0,BJ.BBS.00,39.914,116.241,167.098,1784.059,1843.766,1864.304,623.0,5.401,0.356,0.398,0.391,0.377,0.383,0.3,0.5,0.906,0.73,1.0,0.604,0.604,1.3,0.572,0.604,1.2,0.532,0.604,1.2,0.484,0.604,1.3,0.506,0.604,1,2.0,1.836
20110101_0957,-27.02,-63.21,586.0,XW.DEMT.,17.727,55.073,122.71,1530.881,1545.158,1549.411,624.0,1.17,0.085,0.167,0.024,0.102,0.167,3.9,4.1,0.648,0.851,0.0,0.752,0.752,0.3,0.68,0.752,3.1,0.661,0.752,1.0,0.709,0.752,0.3,0.682,0.752,0,-1.0,85.649
20110101_0957,-27.02,-63.21,586.0,YN.KMI.00,25.148,102.747,167.257,1784.851,1844.769,1865.392,625.0,2.28,0.115,0.126,0.154,0.14,0.135,8.1,4.3,0.631,-0.776,2.0,0.622,0.622,9.2,0.515,0.622,9.3,0.432,0.622,9.3,0.459,0.622,9.3,0.498,0.622,0,-1.0,95.703
20110101_0957,-27.02,-63.21,586.0,HB.YDU.00,30.214,111.211,174.155,1818.516,1887.93,1912.429,626.0,1.423,-0.06,-0.164,-0.159,0.561,-0.165,-7.6,-0.9,0.506,0.131,-10.0,0.41,0.41,-1.8,0.582,0.41,-1.7,0.586,0.41,-0.7,0.777,0.41,-1.7,0.59,0.41,0,-1.0,53.665
20110101_0957,-27.02,-63.21,586.0,NM.IDR.00,46.731,122.89,159.71,1746.315,1796.485,1813.317,627.0,1.215,0.162,-0.052,-0.053,-0.053,-0.053,1.6,4.8,0.847,-0.714,-2.2,0.506,0.506,-3.7,0.421,0.506,-3.7,0.424,0.506,-3.7,0.42,0.506,-3.7,0.418,0.506,0,-1.0,-11.967
20110101_0957,-27.02,-63.21,586.0,LN.LYA.00,41.219,119.382,165.642,1776.755,1834.533,1854.302,628.0,6.96,0.15,0.155,0.157,0.165,0.16,3.9,4.0,0.779,0.759,1.3,0.667,0.667,2.7,0.663,0.667,2.8,0.666,0.667,2.9,0.666,0.667,2.8,0.665,0.667,0,-1.0,-7.706
20110101_0957,-27.02,-63.21,586.0,YN.RHT.00,24.955,98.438,163.39,1765.324,1820.169,1838.79,629.0,2.102,0.019,0.133,0.143,0.139,0.133,0.4,0.8,0.718,0.742,-0.3,0.632,0.632,0.2,0.604,0.632,0.3,0.6,0.632,0.2,0.608,0.632,0.2,0.608,0.632,0,-1.0,93.32
20110101_0957,-27.02,-63.21,586.0,RM.DLV.,11.952,108.481,163.033,1763.496,1817.881,1836.324,630.0,3.364,0.304,0.351,0.362,0.362,0.362,1.1,1.7,0.666,0.649,-2.3,0.593,0.593,-0.8,0.885,0.593,-0.8,0.872,0.593,-1.0,0.85,0.593,-0.9,0.87,0.593,1,-1.0,151.659
20110101_0957,-27.02,-63.21,586.0,TM.SKLT.,7.176,100.616,154.909,1720.856,1765.215,1779.852,631.0,3.454,0.248,0.293,0.298,0.303,0.299,1.1,1.2,0.816,0.816,11.1,0.52,0.52,3.5,0.532,0.52,3.1,0.597,0.52,2.8,0.628,0.52,3.3,0.569,0.52,0,-1.0,139.822
20110101_0957,-27.02,-63.21,586.0,HA.NY.00,33.14,112.27,172.739,1811.724,1879.143,1902.822,632.0,3.218,0.297,0.102,0.096,0.099,0.104,-4.6,-4.4,0.638,0.845,0.2,0.527,0.527,9.1,0.564,0.527,9.0,0.567,0.527,8.9,0.568,0.527,9.0,0.557,0.527,0,-1.0,30.089
20110101_0957,-27.02,-63.21,586.0,SX.LIF.00,36.088,111.367,169.827,1797.564,1860.956,1882.984,633.0,9.902,-0.053,-0.05,-0.043,-0.039,-0.049,4.2,4.3,0.702,0.678,10.1,0.528,0.528,4.8,0.389,0.528,4.7,0.374,0.528,4.6,0.361,0.528,4.7,0.377,0.528,0,-1.0,24.816
20110101_0957,-27.02,-63.21,586.0,XW.SAWQ.,18.162,56.431,124.073,1539.602,1554.806,1559.344,634.0,1.801,-0.03,-0.131,-0.128,-0.129,-0.13,5.8,5.3,0.502,0.604,10.7,0.642,0.642,9.4,0.659,0.642,8.8,0.658,0.642,9.0,0.656,0.642,9.3,0.658,0.642,0,-1.0,85.718
20110101_0957,-27.02,-63.21,586.0,GE.LUWI.,-1.042,122.772,151.353,1701.538,1741.797,1754.899,635.0,2.389,0.543,0.571,0.574,0.598,0.593,0.1,0.0,0.885,0.849,0.7,0.849,0.849,0.7,0.857,0.849,0.7,0.854,0.849,0.3,0.827,0.849,0.4,0.828,0.849,1,18.0,-167.613
20110101_0957,-27.02,-63.21,586.0,JS.QSD.00,34.995,119.823,171.613,1806.279,1872.129,1895.165,636.0,2.607,-0.129,-0.046,-0.03,-0.021,-0.023,-1.2,2.7,0.597,-0.905,6.9,0.706,0.706,8.1,0.666,0.706,8.1,0.684,0.706,8.0,0.703,0.706,8.1,0.689,0.706,0,-1.0,-16.55
20110101_0957,-27.02,-63.21,586.0,FJ.YXBM.00,26.039,118.11,178.464,1838.801,1914.445,1941.524,637.0,11.873,0.333,0.323,0.322,0.321,0.315,-1.2,-0.1,0.917,0.769,-9.8,0.55,0.55,-8.6,0.523,0.55,-8.8,0.471,0.55,-8.7,0.467,0.55,-8.5,0.51,0.55,1,3.0,-138.349
20110101_0957,-27.02,-63.21,586.0,GE.BKNI.,0.326,101.04,149.313,1690.265,1728.256,1740.524,638.0,2.097,0.225,0.271,0.276,0.278,0.271,1.8,1.7,0.902,0.869,0.8,0.75,0.75,0.8,0.738,0.75,0.7,0.749,0.75,0.7,0.771,0.75,0.8,0.759,0.75,0,-1.0,148.207
20110101_0957,-27.02,-63.21,586.0,YP.NE8C.,46.186,126.915,159.223,1743.769,1793.335,1809.938,639.0,8.346,0.232,0.142,0.148,0.148,0.147,0.3,0.8,0.731,0.718,5.1,0.698,0.698,-8.0,0.482,0.698,-8.0,0.475,0.698,-8.1,0.463,0.698,-8.1,0.47,0.698,0,-1.0,-19.831
20110101_0957,-27.02,-63.21,586.0,CQ.QIJ.00,29.564,108.796,172.517,1810.655,1877.764,1901.316,640.0,2.134,-0.151,-0.019,-0.05,-0.048,-0.033,-1.9,3.6,0.457,0.115,8.0,0.477,0.477,5.9,0.527,0.477,6.0,0.515,0.477,6.0,0.515,0.477,6.0,0.521,0.477,0,-1.0,67.277
20110101_0957,-27.02,-63.21,586.0,ZN.MAYA.,-9.948,150.881,130.404,1579.336,1599.28,1605.312,641.0,3.108,0.538,0.51,0.506,0.496,0.509,-0.3,-0.8,0.623,0.53,-1.4,0.831,0.831,-1.6,0.847,0.831,-1.7,0.854,0.831,-1.9,0.864,0.831,-1.7,0.852,0.831,1,8.0,-133.731
20110101_0957,-27.02,-63.21,586.0,SX.YAY.00,39.955,114.158,166.882,1782.979,1842.398,1862.82,642.0,4.004,0.418,0.378,0.381,0.396,0.389,-1.2,3.5,0.85,-0.664,8.2,0.662,0.662,7.8,0.743,0.662,7.7,0.729,0.662,7.8,0.706,0.662,7.8,0.716,0.662,1,2.0,8.695
20110101_0957,-27.02,-63.21,586.0,FJ.LJTL.00,26.353,119.92,177.125,1832.561,1906.243,1932.507,643.0,9.073,0.24,0.315,0.294,0.299,0.31,-0.1,-0.5,0.862,0.802,6.1,0.527,0.527,6.3,0.604,0.527,5.9,0.638,0.527,6.1,0.641,0.527,6.4,0.607,0.527,1,20.0,-105.285
20110101_0957,-27.02,-63.21,586.0,HL.WDL.00,48.672,126.136,157.166,1732.919,1779.969,1795.62,644.0,2.665,0.22,0.214,0.21,0.189,0.205,0.3,0.4,0.779,0.784,6.4,0.607,0.607,5.5,0.396,0.607,5.3,0.429,0.607,5.1,0.449,0.607,5.2,0.441,0.607,0,-1.0,-15.879
20110101_0957,-27.02,-63.21,586.0,JS.GY.00,32.745,119.448,173.829,1816.959,1885.912,1910.221,645.0,0.999,-0.182,-0.065,-0.058,-0.059,-0.058,-6.5,1.0,0.676,-0.37,5.1,0.341,0.341,2.7,0.263,0.341,2.8,0.274,0.341,2.8,0.305,0.341,2.9,0.283,0.341,0,-1.0,-20.028
20110101_0957,-27.02,-63.21,586.0,ZN.TAWA.,-10.268,150.774,130.231,1578.266,1598.071,1604.058,646.0,0.37,-0.024,-0.008,-0.012,-0.016,-0.012,7.5,-4.3,0.766,-0.968,-9.9,0.153,0.153,-10.1,0.144,0.153,-10.2,0.14,0.153,-10.4,0.135,0.153,-10.2,0.141,0.153,0,-1.0,-134.108
20110101_0957,-27.02,-63.21,586.0,JL.YST.00,44.764,126.752,160.543,1750.659,1801.873,1819.101,647.0,0.479,0.101,0.047,0.049,0.048,0.045,-9.6,2.3,0.544,-0.435,-1.8,0.783,0.783,-8.1,0.59,0.783,-8.3,0.578,0.783,-8.5,0.574,0.783,-8.5,0.573,0.783,0,-1.0,-21.359
20110101_0957,-27.02,-63.21,586.0,ZJ.QIY.00,27.616,119.063,177.894,1836.149,1910.955,1937.686,648.0,13.308,0.388,0.44,0.451,0.454,0.448,-0.5,-0.5,0.846,0.822,-0.4,0.838,0.838,0.4,0.919,0.838,0.2,0.892,0.838,0.3,0.904,0.838,0.4,0.912,0.838,1,7.0,-68.95
20110101_0957,-27.02,-63.21,586.0,JX.SHC.00,26.299,116.331,179.17,1842.069,1918.751,1946.266,649.0,7.459,0.366,0.347,0.385,0.358,0.354,0.7,4.7,0.801,-0.703,1.1,0.936,0.936,1.1,0.946,0.936,1.0,0.956,0.936,1.0,0.948,0.936,1.0,0.943,0.936,1,0.0,160.647
20110101_0957,-27.02,-63.21,586.0,SC.LGH.00,27.714,100.862,165.847,1777.787,1835.836,1855.712,650.0,2.201,0.15,0.084,0.096,0.093,0.088,-8.8,0.3,0.255,-0.299,-4.6,0.423,0.423,-4.2,0.625,0.423,-4.3,0.61,0.423,-4.3,0.614,0.423,-4.2,0.622,0.423,0,-1.0,83.572
20110101_0957,-27.02,-63.21,586.0,HL.XUK.00,49.081,128.916,156.031,1726.872,1772.559,1787.697,651.0,2.706,0.204,0.286,0.295,0.297,0.296,0.3,0.5,0.801,0.918,4.3,0.537,0.537,-5.2,0.553,0.537,0.5,0.534,0.537,0.3,0.585,0.537,0.4,0.568,0.537,0,-1.0,-19.621
20110101_0957,-27.02,-63.21,586.0,IU.YSS.00,46.959,142.76,151.481,1702.24,1742.644,1755.8,652.0,3.376,0.371,0.192,0.201,0.198,0.193,0.8,0.7,0.463,0.508,-4.8,0.512,0.512,0.6,0.741,0.512,0.2,0.767,0.512,0.1,0.713,0.512,0.1,0.715,0.512,0,-1.0,-38.595
20110101_0957,-27.02,-63.21,586.0,HN.CHZ.00,25.819,113.04,176.433,1829.315,1901.993,1927.84,653.0,3.517,0.175,0.222,0.212,0.209,0.215,-0.5,-0.4,0.946,0.966,-4.7,0.745,0.745,0.0,0.784,0.745,0.3,0.78,0.745,0.2,0.79,0.745,0.1,0.783,0.745,0,-1.0,111.586
20110101_0957,-27.02,-63.21,586.0,SX.DAX.00,39.052,113.056,167.571,1786.417,1846.756,1867.547,654.0,8.795,0.166,0.08,0.095,0.109,0.103,1.2,-2.3,0.593,-0.715,8.7,0.364,0.364,8.5,0.401,0.364,8.5,0.406,0.364,8.5,0.408,0.364,8.5,0.408,0.364,0,-1.0,13.225
20110101_0957,-27.02,-63.21,586.0,XZ.GZE.00,32.29,84.834,151.842,1704.217,1745.029,1758.336,655.0,1.387,0.1,0.172,0.225,0.208,0.183,4.6,-2.0,0.611,0.298,-2.8,0.703,0.703,-2.0,0.65,0.703,-1.7,0.599,0.703,-1.9,0.611,0.703,-2.0,0.639,0.703,0,-1.0,71.472
20110101_0957,-27.02,-63.21,586.0,CB.CAD.00,31.0,97.5,162.692,1761.75,1815.697,1833.971,656.0,3.114,0.239,0.327,0.325,0.325,0.326,-2.7,-2.7,0.718,0.525,-3.1,0.672,0.672,-2.1,0.617,0.672,-1.9,0.583,0.672,-1.9,0.59,0.672,-2.1,0.61,0.672,1,-1.0,71.977
20110101_0957,-27.02,-63.21,586.0,NM.GNH.00,50.777,121.462,155.979,1726.592,1772.217,1787.331,657.0,1.028,0.27,0.057,0.058,0.06,0.06,-1.7,-1.2,0.757,0.758,-1.7,0.338,0.338,7.3,0.66,0.338,7.3,0.661,0.338,7.3,0.663,0.338,7.3,0.665,0.338,0,-1.0,-7.198
20110101_0957,-27.02,-63.21,586.0,HI.QZN.00,19.029,109.844,169.772,1797.297,1860.615,1882.612,658.0,7.03,0.068,0.233,0.262,0.261,0.249,0.0,0.0,0.739,0.719,-9.5,0.278,0.278,-5.6,0.441,0.278,-5.6,0.458,0.278,-5.6,0.462,0.278,-5.6,0.464,0.278,0,-1.0,141.215
20110101_0957,-27.02,-63.21,586.0,TM.PANO.,17.148,104.612,165.025,1773.637,1830.605,1850.055,659.0,0.347,-0.04,-0.036,-0.037,-0.037,-0.036,-9.5,-4.2,0.188,0.833,-10.3,0.044,0.044,15.8,-0.0,0.044,15.8,-0.0,0.044,15.8,-0.0,0.044,15.8,-0.0,0.044,0,-1.0,129.639
20110101_0957,-27.02,-63.21,586.0,QH.TTH.00,34.219,92.321,157.813,1736.344,1784.179,1800.126,660.0,0.807,0.047,-0.032,-0.045,-0.045,-0.037,-4.9,4.2,0.713,-0.912,-8.0,0.388,0.388,-5.8,0.679,0.388,-5.7,0.677,0.388,-5.6,0.682,0.388,-5.7,0.682,0.388,0,-1.0,64.944
20110101_0957,-27.02,-63.21,586.0,HL.MDJ.00,44.616,129.589,159.629,1745.891,1795.961,1812.754,661.0,1.906,0.177,0.178,0.156,0.149,0.159,0.3,-3.1,0.809,-0.755,-8.2,0.424,0.424,-7.9,0.448,0.424,-7.9,0.466,0.424,-7.9,0.474,0.424,-7.9,0.468,0.424,0,-1.0,-26.636
20110101_0957,-27.02,-63.21,586.0,GX.WZS.00,23.481,111.234,173.855,1817.083,1886.073,1910.397,662.0,1.266,0.003,0.149,0.105,0.131,0.133,4.6,0.6,0.343,0.426,9.4,0.54,0.54,9.2,0.664,0.54,9.2,0.668,0.54,9.3,0.665,0.54,9.2,0.666,0.54,0,-1.0,126.112
20110101_0957,-27.02,-63.21,586.0,GX.HZS.00,24.426,111.567,174.628,1820.772,1890.859,1915.635,663.0,1.164,0.158,0.283,0.259,0.259,0.261,-0.7,-4.2,0.878,-0.475,-2.7,0.604,0.604,-2.8,0.672,0.604,-2.6,0.711,0.604,-2.5,0.704,0.604,-2.7,0.696,0.604,0,-1.0,119.997
20110101_0957,-27.02,-63.21,586.0,XZ.MZG.00,29.847,91.748,157.842,1736.499,1784.37,1800.33,664.0,1.916,0.101,0.153,0.155,0.152,0.153,4.3,-1.2,0.653,0.517,-5.7,0.561,0.561,-5.8,0.501,0.561,-5.1,0.444,0.561,-5.3,0.452,0.561,-5.7,0.484,0.561,0,-1.0,76.773
20110101_0957,-27.02,-63.21,586.0,YP.NE51.,44.24,115.956,162.767,1762.135,1816.178,1834.49,665.0,5.7,0.25,0.196,0.196,0.181,0.191,1.4,1.7,0.868,0.88,-6.3,0.678,0.678,-5.8,0.664,0.678,-5.8,0.669,0.678,-5.7,0.671,0.678,-5.7,0.671,0.678,0,-1.0,1.982
20110101_0957,-27.02,-63.21,586.0,NX.YCH.00,38.609,105.933,165.274,1774.9,1832.195,1851.774,666.0,2.769,0.064,0.155,0.147,0.146,0.149,6.7,1.2,0.424,-0.627,-4.4,0.553,0.553,-4.0,0.599,0.553,-3.9,0.58,0.553,-3.8,0.575,0.553,-3.9,0.589,0.553,0,-1.0,34.796
20110101_0957,-27.02,-63.21,586.0,AH.ANQ.00,30.58,117.02,176.434,1829.32,1902.0,1927.847,667.0,6.827,0.164,0.065,0.049,0.042,0.048,-1.1,3.4,0.696,-0.761,-5.2,0.606,0.606,-4.8,0.599,0.606,-4.7,0.62,0.606,-4.5,0.642,0.606,-4.6,0.631,0.606,0,-1.0,-2.833
20110101_0957,-27.02,-63.21,586.0,FJ.FQDZ.00,25.703,119.285,177.405,1833.872,1907.963,1934.396,668.0,15.406,0.355,0.288,0.319,0.318,0.292,0.2,1.0,0.817,0.755,1.2,0.735,0.735,1.4,0.62,0.735,1.2,0.683,0.735,1.2,0.68,0.735,1.4,0.623,0.735,0,-1.0,-124.977
20110101_0957,-27.02,-63.21,586.0,SN.ZOZT.00,34.055,108.324,169.876,1797.803,1861.262,1883.318,669.0,1.603,-0.015,-0.108,-0.116,-0.123,-0.117,7.1,3.5,0.476,-0.645,-0.3,0.851,0.851,-0.1,0.878,0.851,0.0,0.859,0.851,0.0,0.847,0.851,-0.1,0.868,0.851,0,-1.0,42.905
20110101_0957,-27.02,-63.21,586.0,GE.LHMI.,5.229,96.947,151.148,1700.411,1740.44,1753.457,670.0,2.012,0.044,0.012,0.013,0.016,0.01,-7.5,1.7,0.444,-0.444,4.8,0.667,0.667,5.0,0.628,0.667,5.0,0.628,0.667,5.0,0.631,0.667,5.0,0.629,0.667,0,-1.0,135.964
20110101_0957,-27.02,-63.21,586.0,LN.XYN.00,40.275,123.259,165.704,1777.067,1834.927,1854.729,671.0,5.125,-0.019,-0.058,-0.059,-0.052,-0.055,0.9,-2.4,0.497,-0.795,2.5,0.667,0.667,2.5,0.802,0.667,2.5,0.806,0.667,2.6,0.801,0.667,2.6,0.805,0.667,0,-1.0,-19.941
20110101_0957,-27.02,-63.21,586.0,SC.JZG.00,33.257,104.236,167.493,1786.031,1846.266,1867.015,672.0,4.178,0.31,0.009,-0.024,-0.028,-0.004,-1.2,-1.2,0.412,0.579,-5.7,0.635,0.635,-3.4,0.508,0.635,-3.3,0.545,0.635,-3.3,0.546,0.635,-3.3,0.533,0.635,0,-1.0,56.397
20110101_0957,-27.02,-63.21,586.0,YN.SBT.00,24.953,98.541,163.481,1765.79,1820.753,1839.42,673.0,0.506,0.004,0.108,0.115,0.116,0.112,10.2,2.4,0.45,-0.44,-2.5,0.474,0.474,-2.2,0.43,0.474,-2.1,0.463,0.474,-2.1,0.457,0.474,-2.1,0.439,0.474,0,-1.0,93.393
20110101_0957,-27.02,-63.21,586.0,TM.TMDB.,13.668,100.607,159.83,1746.942,1797.262,1814.15,674.0,0.342,-0.007,0.015,0.014,0.014,0.015,-13.8,-1.3,0.012,0.831,3.1,0.419,0.419,7.8,0.212,0.419,7.8,0.209,0.419,7.8,0.207,0.419,7.9,0.209,0.419,0,-1.0,128.905
20110101_0957,-27.02,-63.21,586.0,1G.WOP01.,37.667,107.337,166.708,1782.107,1841.295,1861.624,675.0,3.449,0.338,0.27,0.251,0.238,0.263,0.0,3.5,0.563,-0.707,8.2,0.379,0.379,-10.7,0.481,0.379,-10.4,0.515,0.379,-10.3,0.53,0.379,-10.6,0.505,0.379,0,-1.0,33.759
20110101_0957,-27.02,-63.21,586.0,SX.SZZ.00,40.084,113.713,166.689,1782.012,1841.175,1861.495,676.0,7.097,0.377,0.379,0.378,0.374,0.374,-0.2,4.2,0.718,-0.773,9.0,0.585,0.585,8.4,0.658,0.585,8.4,0.634,0.585,8.4,0.607,0.585,8.4,0.619,0.585,1,2.0,10.02
20110101_0957,-27.02,-63.21,586.0,YN.YUJ.00,23.566,101.978,166.18,1779.459,1837.947,1857.998,677.0,0.375,0.042,0.024,0.024,0.024,0.024,5.2,0.7,0.37,0.681,-8.2,0.667,0.667,-8.5,0.603,0.667,-8.4,0.604,0.667,-8.4,0.609,0.667,-8.4,0.609,0.667,0,-1.0,101.751
20110101_0957,-27.02,-63.21,586.0,GE.KAAM.,0.493,72.995,130.309,1578.748,1598.616,1604.624,678.0,1.543,0.124,0.086,0.083,0.084,0.086,10.0,5.2,0.58,-0.027,4.4,0.346,0.346,6.6,0.457,0.346,6.5,0.461,0.346,6.5,0.461,0.346,6.6,0.458,0.346,0,-1.0,115.048
20110101_0957,-27.02,-63.21,586.0,HN.SHY.00,27.212,111.45,175.243,1823.696,1894.662,1919.801,679.0,1.887,0.133,0.144,0.124,0.119,0.134,-1.9,2.8,0.509,0.083,-4.3,0.685,0.685,-3.9,0.766,0.685,-3.5,0.748,0.685,-3.6,0.756,0.685,-3.8,0.766,0.685,0,-1.0,86.349
20110101_0957,-27.02,-63.21,586.0,YP.NEA7.,47.571,125.834,158.262,1738.717,1787.101,1803.255,680.0,2.457,0.219,0.217,0.218,0.219,0.219,0.7,0.7,0.811,0.848,-1.9,0.399,0.399,-3.5,0.732,0.399,-3.4,0.705,0.399,-3.4,0.698,0.399,-3.4,0.704,0.399,0,-1.0,-16.455
20110101_0957,-27.02,-63.21,586.0,CB.LYN.00,34.55,112.47,171.608,1806.252,1872.094,1895.127,681.0,3.465,-0.067,-0.002,-0.013,-0.018,-0.018,-2.3,1.6,0.631,-0.808,-1.5,0.567,0.567,-2.5,0.621,0.567,-2.5,0.625,0.567,-2.4,0.621,0.567,-2.5,0.626,0.567,0,-1.0,24.151
20110101_0957,-27.02,-63.21,586.0,6F.BL14.,-23.93,133.368,126.595,1555.585,1572.596,1577.696,682.0,0.35,0.025,0.002,0.002,0.008,0.007,9.0,-4.1,0.587,-0.999,-8.9,0.55,0.55,-9.0,0.553,0.55,-9.0,0.552,0.55,-9.1,0.544,0.55,-9.2,0.544,0.55,0,-1.0,-161.13
20110101_0957,-27.02,-63.21,586.0,SC.JLI.00,28.179,104.516,169.066,1793.821,1856.175,1877.781,683.0,1.707,0.347,0.383,0.403,0.4,0.391,1.8,2.2,0.58,0.547,-0.9,0.783,0.783,-2.8,0.689,0.783,-2.7,0.684,0.783,-2.7,0.683,0.783,-2.7,0.681,0.783,0,-1.0,80.973
20110101_0957,-27.02,-63.21,586.0,YP.NEAA.,47.601,129.805,157.035,1732.223,1779.116,1794.707,684.0,0.264,0.028,-0.001,-0.001,-0.001,-0.001,-2.5,-4.4,0.594,0.97,0.2,0.576,0.576,-8.1,0.5,0.576,-8.9,0.492,0.576,-9.0,0.492,0.576,-9.0,0.497,0.576,0,-1.0,-22.69
20110101_0957,-27.02,-63.21,586.0,SC.MGU.00,28.327,103.135,167.843,1787.77,1848.473,1869.411,685.0,3.581,0.187,0.156,0.137,0.146,0.157,6.8,-1.7,0.58,-0.552,6.9,0.479,0.479,2.6,0.553,0.479,2.9,0.554,0.479,2.8,0.556,0.479,2.6,0.557,0.479,0,-1.0,80.587
20110101_0957,-27.02,-63.21,586.0,IC.LSA.10,29.703,91.128,157.306,1733.66,1780.88,1796.594,686.0,1.776,0.188,0.236,0.223,0.229,0.235,-9.0,-4.5,0.344,0.225,-13.8,0.323,0.323,-13.9,0.356,0.323,-13.7,0.36,0.323,-13.8,0.36,0.323,-13.9,0.36,0.323,0,-1.0,77.183
20110101_0957,-27.02,-63.21,586.0,KR.OHH.,40.524,72.785,141.468,1645.656,1675.465,1684.832,687.0,0.957,0.011,0.152,0.139,0.144,0.15,0.6,0.5,0.686,0.685,9.5,0.295,0.295,-1.2,0.402,0.295,-1.0,0.577,0.295,-1.0,0.54,0.295,-1.1,0.451,0.295,0,-1.0,57.981
20110101_0957,-27.02,-63.21,586.0,XZ.SUH.00,33.2,88.8,155.093,1721.848,1766.424,1781.144,688.0,0.901,-0.109,0.059,0.114,0.111,0.077,-2.7,-2.3,0.744,0.761,-3.9,0.658,0.658,-3.0,0.741,0.658,-3.0,0.754,0.658,-3.0,0.754,0.658,-3.0,0.748,0.658,0,-1.0,68.771
20110101_0957,-27.02,-63.21,586.0,SX.TIY.00,38.427,113.003,168.16,1789.342,1850.471,1871.581,689.0,11.179,0.194,0.118,0.106,0.095,0.111,0.3,0.2,0.715,0.722,-5.3,0.565,0.565,-5.8,0.546,0.565,-5.6,0.544,0.565,-5.5,0.533,0.565,-5.7,0.535,0.565,0,-1.0,14.191
20110101_0957,-27.02,-63.21,586.0,YN.SIM.00,22.776,101.014,165.087,1773.952,1831.002,1850.484,690.0,3.272,0.149,0.17,0.165,0.168,0.17,-0.8,-4.1,0.451,-0.778,-9.5,0.681,0.681,-8.9,0.686,0.681,-8.9,0.689,0.681,-8.9,0.689,0.681,-8.9,0.689,0.681,0,-1.0,103.637
20110101_0957,-27.02,-63.21,586.0,HE.XLD.00,40.395,118.02,166.587,1781.501,1840.529,1860.794,691.0,4.195,0.188,0.155,0.154,0.148,0.15,-0.9,-4.5,0.914,-0.383,0.7,0.688,0.688,2.1,0.536,0.688,2.3,0.511,0.688,2.5,0.494,0.688,2.5,0.498,0.688,0,-1.0,-3.94
20110101_0957,-27.02,-63.21,586.0,YP.NE81.,46.07,116.635,160.95,1752.77,1804.496,1821.92,692.0,6.8,0.209,0.229,0.237,0.246,0.243,1.0,-2.6,0.871,-0.971,-5.4,0.745,0.745,-4.4,0.715,0.745,-4.1,0.676,0.745,-3.9,0.636,0.745,-4.0,0.644,0.745,0,-1.0,0.325
20110101_0957,-27.02,-63.21,586.0,XJ.QMO.00,37.31,85.47,151.723,1703.565,1744.241,1757.499,693.0,0.754,0.313,0.081,0.104,0.1,0.087,0.2,4.2,0.534,-0.172,-0.1,0.584,0.584,2.3,0.587,0.584,2.9,0.579,0.584,2.8,0.571,0.584,2.5,0.585,0.584,0,-1.0,60.699
20110101_0957,-27.02,-63.21,586.0,GX.XCT.00,23.948,108.61,172.005,1808.178,1874.572,1897.831,694.0,3.49,0.221,0.345,0.326,0.326,0.333,0.0,3.9,0.6,-0.853,-0.7,0.476,0.476,-0.2,0.663,0.476,-0.2,0.644,0.476,-0.1,0.644,0.476,-0.2,0.653,0.476,1,-1.0,112.089
20110101_0957,-27.02,-63.21,586.0,GX.LNS.00,22.42,109.281,171.776,1807.07,1873.146,1896.275,695.0,5.253,-0.019,0.136,0.14,0.144,0.142,-1.1,-4.0,0.688,-0.805,-9.5,0.357,0.357,0.6,0.549,0.357,0.6,0.557,0.357,0.6,0.559,0.357,0.5,0.556,0.357,0,-1.0,123.969
20110101_0957,-27.02,-63.21,586.0,HE.HNS.00,37.401,114.71,169.472,1795.82,1858.728,1880.558,696.0,5.992,0.054,0.086,0.089,0.092,0.093,2.3,2.6,0.72,0.556,8.9,0.748,0.748,8.1,0.548,0.748,8.2,0.585,0.748,8.4,0.626,0.748,8.2,0.612,0.748,0,-1.0,8.771
20110101_0957,-27.02,-63.21,586.0,YP.NE97.,46.898,125.959,158.851,1741.814,1790.921,1807.348,697.0,2.204,0.17,0.053,0.058,0.056,0.056,0.8,-2.7,0.653,-0.578,-6.6,0.36,0.36,-8.0,0.592,0.36,-8.1,0.608,0.36,-8.1,0.605,0.36,-8.1,0.604,0.36,0,-1.0,-17.361
20110101_0957,-27.02,-63.21,586.0,YP.NE52.,44.132,117.053,162.887,1762.751,1816.949,1835.32,698.0,3.262,0.171,0.132,0.137,0.141,0.14,2.3,2.3,0.937,0.949,1.7,0.602,0.602,2.5,0.631,0.602,2.6,0.626,0.602,2.7,0.615,0.602,2.6,0.619,0.602,0,-1.0,-0.63
20110101_0957,-27.02,-63.21,586.0,ZJ.NIH.00,29.246,121.704,175.129,1823.153,1893.955,1919.026,699.0,3.577,0.241,0.237,0.261,0.261,0.254,0.7,0.6,0.795,0.78,1.7,0.708,0.708,1.0,0.688,0.708,0.7,0.75,0.708,0.8,0.75,0.708,0.9,0.73,0.708,0,-1.0,-59.531
20110101_0957,-27.02,-63.21,586.0,JS.SH.00,33.544,118.156,173.37,1814.759,1883.064,1907.107,700.0,2.659,-0.255,-0.23,-0.235,-0.236,-0.226,-8.0,-4.3,0.562,-0.853,-11.3,0.422,0.422,-9.3,0.35,0.422,-9.2,0.352,0.422,-9.0,0.35,0.422,-9.0,0.352,0.422,0,-1.0,-9.337
20110101_0957,-27.02,-63.21,586.0,SN.JYAT.00,34.709,108.753,169.678,1796.833,1860.021,1881.966,701.0,3.319,-0.029,-0.077,-0.093,-0.098,-0.085,-0.7,2.7,0.625,-0.794,-1.1,0.672,0.672,-1.2,0.591,0.672,5.2,0.66,0.672,5.2,0.684,0.672,5.2,0.632,0.672,0,-1.0,38.902
20110101_0957,-27.02,-63.21,586.0,HA.HX.00,35.45,113.44,171.098,1803.777,1868.915,1891.659,702.0,5.641,0.294,0.211,0.221,0.244,0.22,-1.1,2.6,0.883,-0.665,1.4,0.727,0.727,0.0,0.726,0.727,0.0,0.719,0.727,0.1,0.703,0.727,0.0,0.715,0.727,0,-1.0,17.207
20110101_0957,-27.02,-63.21,586.0,GD.YGC.00,22.417,111.942,173.631,1816.012,1884.686,1908.881,703.0,1.517,0.165,0.163,0.15,0.152,0.163,0.3,0.2,0.755,0.779,-3.7,0.625,0.625,0.0,0.627,0.625,-0.1,0.65,0.625,-0.1,0.653,0.625,-0.1,0.644,0.625,0,-1.0,137.377
20110101_0957,-27.02,-63.21,586.0,LN.LHT.00,41.83,123.95,164.071,1768.797,1824.523,1843.487,704.0,3.752,-0.046,-0.079,-0.072,-0.076,-0.073,0.1,0.3,0.844,0.841,8.8,0.59,0.59,8.7,0.456,0.59,8.8,0.435,0.59,8.8,0.421,0.59,8.8,0.425,0.59,0,-1.0,-19.421
20110101_0957,-27.02,-63.21,586.0,YP.NE78.,45.507,123.223,160.815,1752.07,1803.626,1820.984,705.0,1.613,0.036,0.053,0.056,0.057,0.058,0.5,0.4,0.744,0.859,-6.2,0.469,0.469,-3.8,0.607,0.469,-3.6,0.621,0.469,-3.5,0.627,0.469,-3.6,0.618,0.469,0,-1.0,-13.629
20110101_0957,-27.02,-63.21,586.0,IU.BILL.00,68.065,166.453,129.555,1574.076,1593.348,1599.162,706.0,2.352,0.199,0.157,0.107,0.108,0.104,-0.4,-0.4,0.777,0.864,-8.1,0.53,0.53,-8.6,0.518,0.53,-0.1,0.68,0.53,0.1,0.68,0.53,0.0,0.685,0.53,0,-1.0,-21.692
20110101_0957,-27.02,-63.21,586.0,SN.HZHT.00,33.018,107.01,169.631,1796.602,1859.727,1881.646,707.0,3.135,0.102,0.028,0.018,0.02,0.024,7.1,3.4,0.684,-0.241,-0.7,0.784,0.784,-9.1,0.451,0.784,-9.1,0.447,0.784,-9.1,0.449,0.784,-9.0,0.461,0.784,0,-1.0,51.358
20110101_0957,-27.02,-63.21,586.0,JS.XIY.00,34.498,119.542,172.158,1808.918,1875.525,1898.871,708.0,8.352,0.008,0.066,0.069,0.062,0.067,-5.5,-1.8,0.662,-0.658,4.4,0.451,0.451,4.6,0.421,0.451,4.6,0.416,0.451,4.5,0.436,0.451,4.6,0.421,0.451,0,-1.0,-16.078
20110101_0957,-27.02,-63.21,586.0,QH.LED.00,36.551,102.397,164.522,1771.091,1827.404,1846.596,709.0,2.486,0.018,-0.009,-0.02,-0.026,-0.017,-2.0,4.4,0.583,-0.7,-1.4,0.599,0.599,-0.9,0.58,0.599,-1.0,0.571,0.599,-1.0,0.567,0.599,-1.0,0.574,0.599,0,-1.0,47.892
20110101_0957,-27.02,-63.21,586.0,SC.XJI.00,30.995,102.358,166.779,1782.466,1841.749,1862.117,710.0,0.726,0.204,0.09,-0.012,-0.017,-0.028,-3.0,-3.1,0.861,0.773,6.3,0.542,0.542,-5.9,0.531,0.542,-0.9,0.892,0.542,-0.9,0.891,0.542,-0.8,0.883,0.542,0,-1.0,68.711
20110101_0957,-27.02,-63.21,586.0,HI.WET.00,19.958,110.87,171.096,1803.763,1868.897,1891.64,711.0,4.351,0.242,-0.015,-0.031,-0.032,-0.027,1.2,1.1,0.551,0.639,0.9,0.623,0.623,-2.0,0.662,0.623,-2.1,0.643,0.623,-2.2,0.627,0.623,-2.1,0.648,0.623,0,-1.0,142.691
20110101_0957,-27.02,-63.21,586.0,GD.DGD.00,22.06,114.303,174.549,1820.397,1890.371,1915.101,712.0,4.062,0.426,0.427,0.432,0.437,0.435,-2.3,-2.1,0.942,0.913,0.2,0.747,0.747,-0.3,0.891,0.747,-0.3,0.908,0.747,-0.3,0.924,0.747,-0.3,0.916,0.747,1,0.0,156.758
20110101_0957,-27.02,-63.21,586.0,JS.DH.00,34.505,118.772,172.324,1809.723,1876.562,1900.003,713.0,7.509,-0.196,0.023,0.026,0.032,0.022,-4.5,-0.8,0.884,-0.839,-3.3,0.736,0.736,-2.7,0.703,0.736,-2.7,0.702,0.736,-2.7,0.697,0.736,-2.7,0.701,0.736,0,-1.0,-11.722
20110101_0957,-27.02,-63.21,586.0,LN.JZH.00,41.075,121.14,165.495,1776.015,1833.6,1853.293,714.0,9.563,0.028,-0.011,0.001,0.01,0.006,-0.9,-0.4,0.802,0.766,2.2,0.545,0.545,-9.4,0.473,0.545,-9.3,0.497,0.545,-9.2,0.52,0.545,-9.2,0.512,0.545,0,-1.0,-12.91
20110101_0957,-27.02,-63.21,586.0,CB.CD2.00,30.91,103.758,167.962,1788.362,1849.225,1870.228,715.0,2.714,-0.032,0.047,0.058,0.056,0.056,6.1,-1.9,0.514,-0.565,7.4,0.506,0.506,3.1,0.646,0.506,3.3,0.641,0.506,3.3,0.64,0.506,3.2,0.645,0.506,0,-1.0,67.592
20110101_0957,-27.02,-63.21,586.0,JS.CZ.00,31.772,120.098,174.443,1819.891,1889.714,1914.382,716.0,5.25,0.117,0.085,0.091,0.099,0.088,1.9,2.0,0.862,0.855,3.7,0.545,0.545,4.4,0.684,0.545,4.5,0.705,0.545,4.6,0.717,0.545,4.6,0.717,0.545,0,-1.0,-28.606
20110101_0957,-27.02,-63.21,586.0,HE.HST.00,36.186,113.95,170.522,1800.964,1865.308,1887.726,717.0,5.252,0.123,0.187,0.178,0.168,0.177,0.2,4.0,0.796,-0.887,2.0,0.514,0.514,1.9,0.747,0.514,1.9,0.733,0.514,2.0,0.714,0.514,1.9,0.727,0.514,0,-1.0,13.525
20110101_0957,-27.02,-63.21,586.0,SC.XHA.00,31.374,107.717,170.967,1803.138,1868.095,1890.765,718.0,3.793,0.135,0.01,0.009,0.003,-0.011,4.2,4.3,0.782,0.811,6.4,0.694,0.694,-1.1,0.641,0.694,-0.9,0.698,0.694,-0.9,0.701,0.694,-1.1,0.66,0.694,0,-1.0,58.01
20110101_0957,-27.02,-63.21,586.0,YP.NEP7.,48.174,118.147,158.819,1741.649,1790.717,1807.13,719.0,6.625,0.274,0.304,0.3,0.296,0.298,1.7,1.8,0.958,0.972,-3.2,0.559,0.559,-2.6,0.529,0.559,-2.5,0.506,0.559,-2.3,0.484,0.559,-2.4,0.495,0.559,1,2.0,-2.474
20110101_0957,-27.02,-63.21,586.0,HE.WEC.00,41.929,117.748,165.07,1773.866,1830.894,1850.367,720.0,2.548,0.22,0.317,0.322,0.332,0.327,0.0,0.0,0.787,0.766,-0.1,0.632,0.632,0.3,0.563,0.632,0.2,0.555,0.632,0.3,0.538,0.632,0.2,0.546,0.632,1,2.0,-2.707
20110101_0957,-27.02,-63.21,586.0,JS.LIS.00,31.646,119.114,174.95,1822.304,1892.85,1917.816,721.0,5.814,0.155,0.055,0.06,0.07,0.059,-4.8,-4.3,0.581,0.512,-5.3,0.64,0.64,-10.4,0.695,0.64,-10.3,0.687,0.64,-10.3,0.674,0.64,-10.3,0.682,0.64,0,-1.0,-21.435
20110101_0957,-27.02,-63.21,586.0,KZ.KNDC.,43.217,76.966,144.066,1660.653,1693.07,1703.346,722.0,0.942,-0.016,0.199,0.197,0.202,0.203,-6.9,-3.4,0.242,0.104,11.8,0.284,0.284,12.7,0.307,0.284,12.9,0.295,0.284,12.9,0.293,0.284,12.8,0.299,0.284,0,-1.0,52.657
20110101_0957,-27.02,-63.21,586.0,XZ.RKZ.00,29.223,88.87,155.335,1723.147,1768.009,1782.836,723.0,5.328,-0.015,0.016,0.015,0.014,0.015,-2.6,-2.3,0.721,0.447,-4.5,0.624,0.624,-5.3,0.595,0.624,-4.9,0.618,0.624,-5.0,0.609,0.624,-5.2,0.594,0.624,0,-1.0,78.362
20110101_0957,-27.02,-63.21,586.0,LN.HUR.00,41.279,125.354,164.097,1768.931,1824.692,1843.669,724.0,3.6,0.247,0.174,0.168,0.181,0.177,-7.2,0.1,0.468,0.442,-5.6,0.523,0.523,0.4,0.649,0.523,0.1,0.59,0.523,-0.1,0.551,0.523,-0.1,0.56,0.523,0,-1.0,-23.687
20110101_0957,-27.02,-63.21,586.0,GS.GTA.00,39.4,99.817,161.22,1754.169,1806.236,1823.79,725.0,2.172,0.012,0.106,0.136,0.149,0.117,2.8,-0.5,0.59,-0.71,3.1,0.633,0.633,3.9,0.461,0.633,4.1,0.408,0.633,4.2,0.39,0.633,3.9,0.433,0.633,0,-1.0,44.078
20110101_0957,-27.02,-63.21,586.0,SN.HUAX.00,34.401,109.72,170.444,1800.586,1864.824,1887.198,726.0,3.593,-0.151,-0.181,-0.196,-0.201,-0.195,2.7,3.1,0.63,0.513,3.6,0.523,0.523,3.4,0.599,0.523,3.4,0.574,0.523,3.4,0.56,0.523,3.4,0.58,0.523,0,-1.0,36.634
20110101_0957,-27.02,-63.21,586.0,GS.DHT.00,40.04,94.831,157.64,1735.431,1783.056,1798.924,727.0,3.437,0.427,0.42,0.424,0.422,0.421,3.2,3.6,0.502,0.462,-1.4,0.748,0.748,-0.5,0.764,0.748,-0.2,0.756,0.748,-0.1,0.755,0.748,-0.4,0.757,0.748,1,14.0,48.539
20110101_0957,-27.02,-63.21,586.0,XJ.GAZ.00,43.525,88.577,151.891,1704.488,1745.356,1758.684,728.0,1.743,0.114,0.063,0.075,0.08,0.067,0.4,0.3,0.624,0.57,1.7,0.363,0.363,4.9,0.351,0.363,5.2,0.395,0.363,5.2,0.398,0.363,5.0,0.376,0.363,0,-1.0,46.527
20110101_0957,-27.02,-63.21,586.0,SN.XIXI.00,32.91,107.716,170.184,1799.315,1863.197,1885.425,729.0,3.553,0.016,-0.034,-0.03,-0.024,-0.037,5.3,5.1,0.764,0.685,-1.5,0.486,0.486,-0.7,0.664,0.486,-0.6,0.68,0.486,-0.5,0.7,0.486,-0.7,0.669,0.486,0,-1.0,49.91
20110101_0957,-27.02,-63.21,586.0,YP.NEA8.,47.701,127.193,157.775,1736.143,1783.931,1799.86,730.0,0.343,0.004,0.007,0.008,0.008,0.008,-10.8,-4.9,0.112,0.909,0.7,0.898,0.898,0.7,0.816,0.898,0.5,0.867,0.898,0.4,0.861,0.898,0.4,0.855,0.898,0,-1.0,-18.545
20110101_0957,-27.02,-63.21,586.0,FJ.MQDQ.00,26.381,118.908,178.003,1836.656,1911.622,1938.419,731.0,12.507,0.319,0.253,0.296,0.287,0.258,-2.4,1.4,0.847,0.286,1.8,0.741,0.741,2.7,0.719,0.741,2.4,0.731,0.741,2.5,0.726,0.741,2.7,0.721,0.741,0,-1.0,-113.291
20110101_0957,-27.02,-63.21,586.0,AK.ATKA.,52.202,-174.197,123.678,1537.084,1552.017,1556.471,732.0,0.747,0.198,0.125,0.148,0.145,0.145,-5.9,-3.1,0.761,-0.689,-0.4,0.343,0.343,-0.1,0.314,0.343,-0.7,0.321,0.343,-0.4,0.318,0.343,-0.3,0.315,0.343,0,-1.0,-43.525
20110101_0957,-27.02,-63.21,586.0,YN.JIS.00,23.65,102.76,166.888,1783.008,1842.435,1862.861,733.0,0.39,0.031,0.041,0.039,0.04,0.04,9.8,-2.1,0.474,0.198,6.3,0.477,0.477,0.6,0.721,0.477,0.5,0.723,0.477,0.6,0.723,0.477,0.6,0.719,0.477,0,-1.0,102.382
20110101_0957,-27.02,-63.21,586.0,HE.CLI.00,39.758,119.096,167.119,1784.162,1843.896,1864.445,734.0,3.723,0.21,0.182,0.171,0.163,0.167,0.7,-3.1,0.79,-0.895,2.0,0.483,0.483,10.7,0.398,0.483,10.9,0.38,0.483,11.0,0.369,0.483,11.0,0.371,0.483,0,-1.0,-7.766
20110101_0957,-27.02,-63.21,586.0,HA.ZMD.00,33.133,113.745,173.344,1814.634,1882.902,1906.93,735.0,6.161,-0.144,-0.129,-0.12,-0.11,-0.136,-8.0,-4.1,0.795,-0.724,-8.3,0.412,0.412,-2.9,0.613,0.412,-2.8,0.606,0.412,-2.7,0.598,0.412,-2.8,0.598,0.412,0,-1.0,21.364
20110101_0957,-27.02,-63.21,586.0,SX.SHZ.00,40.142,113.237,166.552,1781.328,1840.309,1860.556,736.0,10.166,0.3,0.368,0.36,0.353,0.36,0.3,3.7,0.588,-0.654,9.3,0.602,0.602,8.5,0.667,0.602,8.5,0.65,0.602,8.5,0.631,0.602,8.5,0.641,0.602,1,2.0,11.467
20110101_0957,-27.02,-63.21,586.0,HL.DNI.00,44.057,131.091,159.435,1744.88,1794.709,1811.411,737.0,2.555,0.347,0.4,0.412,0.406,0.408,0.4,-0.2,0.573,0.519,-0.3,0.634,0.634,-0.1,0.646,0.634,-0.3,0.641,0.634,-0.4,0.634,0.634,-0.5,0.636,0.634,1,5.0,-30.039
20110101_0957,-27.02,-63.21,586.0,LN.DL2.00,38.906,121.628,167.445,1785.791,1845.961,1866.685,738.0,2.63,0.115,-0.024,-0.021,-0.018,-0.021,0.2,-2.2,0.509,-0.487,3.0,0.533,0.533,2.7,0.575,0.533,2.7,0.571,0.533,2.6,0.569,0.533,2.6,0.571,0.533,0,-1.0,-17.12
20110101_0957,-27.02,-63.21,586.0,YP.NE7B.,45.493,126.878,159.854,1747.069,1797.42,1814.32,739.0,2.381,0.324,-0.076,-0.056,-0.051,-0.053,1.3,1.7,0.874,0.9,0.4,0.749,0.749,2.6,0.606,0.749,2.5,0.601,0.749,2.5,0.587,0.749,2.5,0.587,0.749,0,-1.0,-20.63
20110101_0957,-27.02,-63.21,586.0,AT.SMY.,52.731,174.103,130.758,1581.519,1601.747,1607.871,740.0,1.308,0.196,0.14,0.115,0.123,0.125,0.1,3.0,0.943,-0.907,-7.1,0.417,0.417,-7.1,0.422,0.417,-7.5,0.447,0.417,-7.4,0.444,0.417,-7.4,0.44,0.417,0,-1.0,-42.332
20110101_0957,-27.02,-63.21,586.0,BJ.LLM.00,40.629,116.638,166.39,1780.516,1839.282,1859.443,741.0,3.23,0.027,-0.031,-0.024,-0.02,-0.021,0.8,0.6,0.619,0.553,2.1,0.702,0.702,2.8,0.537,0.702,3.0,0.495,0.702,3.3,0.473,0.702,3.2,0.48,0.702,0,-1.0,0.478
20110101_0957,-27.02,-63.21,586.0,SX.PIG.00,39.452,111.513,166.815,1782.645,1841.975,1862.362,742.0,4.639,0.334,0.322,0.321,0.323,0.325,-5.5,-2.1,0.66,-0.568,3.0,0.498,0.498,2.3,0.541,0.498,2.3,0.526,0.498,2.4,0.512,0.498,2.3,0.523,0.498,1,2.0,17.703
20110101_0957,-27.02,-63.21,586.0,JX.LON.00,24.769,114.817,177.134,1832.601,1906.297,1932.565,743.0,5.336,0.186,0.12,0.157,0.151,0.139,7.2,2.0,0.426,-0.713,7.7,0.676,0.676,6.3,0.624,0.676,6.3,0.643,0.676,6.4,0.64,0.676,6.3,0.635,0.676,0,-1.0,145.761
20110101_0957,-27.02,-63.21,586.0,GZ.LDT.00,25.425,106.749,170.855,1802.589,1867.392,1889.998,744.0,2.94,0.071,0.218,0.237,0.24,0.204,4.5,1.4,0.772,-0.703,-8.0,0.427,0.427,-7.3,0.57,0.427,-7.2,0.58,0.427,-7.2,0.581,0.427,-7.3,0.573,0.427,0,-1.0,98.406
20110101_0957,-27.02,-63.21,586.0,SH.XKS.00,31.058,121.142,174.453,1819.94,1889.778,1914.452,745.0,3.931,0.221,0.26,0.25,0.253,0.249,-0.1,-0.1,0.674,0.634,0.8,0.805,0.805,0.8,0.765,0.805,0.6,0.774,0.805,0.5,0.785,0.805,0.6,0.784,0.805,0,-1.0,-40.123
20110101_0957,-27.02,-63.21,586.0,YP.NE21.,42.007,116.111,165.003,1773.528,1830.468,1849.907,746.0,1.517,0.229,0.228,0.232,0.233,0.232,1.2,1.5,0.863,0.911,5.3,0.389,0.389,-7.9,0.463,0.389,-7.9,0.475,0.389,-7.9,0.485,0.389,-7.9,0.489,0.389,0,-1.0,1.908
20110101_0957,-27.02,-63.21,586.0,II.KWAJ.10,8.802,167.613,128.73,1568.951,1587.581,1593.19,747.0,0.765,0.139,0.122,0.089,0.106,0.121,0.3,3.5,0.778,-0.842,-7.0,0.504,0.504,-7.2,0.509,0.504,-7.7,0.527,0.504,-7.5,0.52,0.504,-7.2,0.509,0.504,0,-1.0,-101.078
20110101_0957,-27.02,-63.21,586.0,SC.TQU.00,30.073,102.764,167.316,1785.148,1845.146,1865.8,748.0,3.696,0.194,0.191,0.179,0.18,0.187,-4.5,1.0,0.572,-0.453,6.1,0.422,0.422,-9.1,0.439,0.422,4.8,0.486,0.422,4.8,0.473,0.422,-8.9,0.449,0.422,0,-1.0,72.472
20110101_0957,-27.02,-63.21,586.0,YN.GEJ.00,23.354,103.16,167.141,1784.271,1844.035,1864.595,749.0,1.844,0.262,0.206,0.097,0.095,0.207,8.0,-2.0,0.681,-0.622,2.7,0.617,0.617,-0.7,0.425,0.617,-5.8,0.496,0.617,-5.7,0.495,0.617,-0.6,0.443,0.617,0,-1.0,104.211
20110101_0957,-27.02,-63.21,586.0,YN.QKT.00,25.217,98.335,163.347,1765.103,1819.893,1838.493,750.0,0.348,0.002,0.011,0.012,0.012,0.012,11.3,-1.4,0.221,0.331,-2.3,0.701,0.701,-2.1,0.669,0.701,-2.0,0.688,0.701,-1.9,0.682,0.701,-2.0,0.673,0.701,0,-1.0,92.338
20110101_0957,-27.02,-63.21,586.0,SX.CHZ.00,36.224,113.18,170.298,1799.871,1863.909,1886.201,751.0,4.897,0.052,0.076,0.072,0.067,0.072,0.5,4.2,0.744,-0.834,1.3,0.688,0.688,1.8,0.653,0.688,1.7,0.645,0.688,1.7,0.634,0.688,1.7,0.645,0.688,0,-1.0,16.915
20110101_0957,-27.02,-63.21,586.0,AH.CHZ.00,32.285,118.28,174.578,1820.534,1890.549,1915.296,752.0,3.085,0.292,0.208,0.196,0.179,0.199,1.1,1.4,0.795,0.887,-1.6,0.618,0.618,0.5,0.403,0.618,0.6,0.406,0.618,0.7,0.402,0.618,0.7,0.402,0.618,0,-1.0,-12.502
20110101_0957,-27.02,-63.21,586.0,GS.WDT.00,33.361,104.992,168.004,1788.572,1849.492,1870.518,753.0,2.229,0.282,0.195,0.176,0.171,0.179,-3.2,0.4,0.151,-0.524,-0.8,0.395,0.395,-5.8,0.383,0.395,-5.6,0.369,0.395,-5.7,0.372,0.395,-5.8,0.374,0.395,0,-1.0,54.509
20110101_0957,-27.02,-63.21,586.0,HN.CHL.00,26.795,113.506,177.063,1832.27,1905.862,1932.088,754.0,4.38,-0.065,0.172,0.096,0.099,0.167,-1.7,-1.5,0.73,0.7,-8.2,0.614,0.614,0.1,0.831,0.614,-0.3,0.886,0.614,-0.3,0.884,0.614,0.1,0.828,0.614,0,-1.0,94.596
20110101_0957,-27.02,-63.21,586.0,TJ.SJT.00,39.243,118.002,167.735,1787.233,1847.792,1868.672,755.0,3.471,0.164,0.165,0.162,0.159,0.16,0.7,1.2,0.564,0.541,0.3,0.389,0.389,8.1,0.405,0.389,8.1,0.405,0.389,8.2,0.405,0.389,8.2,0.411,0.389,0,-1.0,-4.298
20110101_0957,-27.02,-63.21,586.0,6F.BL09.,-21.114,134.025,129.055,1570.974,1589.856,1595.546,756.0,0.468,0.119,0.177,0.174,0.15,0.156,-0.1,-1.4,0.385,0.049,-1.9,0.685,0.685,-1.5,0.655,0.685,-1.4,0.652,0.685,-1.7,0.634,0.685,-1.7,0.635,0.685,0,-1.0,-159.253
20110101_0957,-27.02,-63.21,586.0,SD.YTA.00,37.52,121.387,168.807,1792.548,1854.552,1876.016,757.0,3.606,0.064,0.11,0.111,0.107,0.112,1.2,-1.9,0.654,-0.844,-3.1,0.29,0.29,-3.6,0.446,0.29,-3.5,0.423,0.29,-3.6,0.402,0.29,-3.6,0.41,0.29,0,-1.0,-18.551
20110101_0957,-27.02,-63.21,586.0,HE.CHC.00,40.914,115.837,166.084,1778.977,1837.337,1857.337,758.0,2.746,0.016,0.032,0.035,0.029,0.034,-0.2,-4.2,0.491,-0.57,2.0,0.64,0.64,1.9,0.534,0.64,-10.1,0.566,0.64,-10.0,0.586,0.64,-10.0,0.583,0.64,0,-1.0,2.924
20110101_0957,-27.02,-63.21,586.0,YN.MIL.00,24.406,103.388,167.653,1786.823,1847.272,1868.107,759.0,0.376,0.046,0.052,0.052,0.052,0.05,-8.8,0.3,0.279,-0.346,-12.5,0.547,0.547,3.7,0.303,0.547,3.0,0.268,0.547,3.1,0.277,0.547,3.4,0.299,0.547,0,-1.0,99.78
20110101_0957,-27.02,-63.21,586.0,XZ.LSA.00,29.71,91.12,157.299,1733.625,1780.837,1796.548,760.0,0.317,-0.001,-0.03,-0.033,-0.033,-0.032,8.7,-2.5,0.303,0.08,-11.5,0.536,0.536,-11.5,0.586,0.536,-11.3,0.607,0.536,-11.3,0.614,0.536,-11.4,0.599,0.536,0,-1.0,77.165
20110101_0957,-27.02,-63.21,586.0,SN.HZHG.00,33.253,107.433,169.793,1797.399,1860.745,1882.755,761.0,3.475,0.032,-0.149,-0.137,-0.133,-0.143,6.8,3.5,0.585,-0.198,-0.6,0.599,0.599,-0.1,0.509,0.599,0.0,0.484,0.599,0.1,0.473,0.599,0.0,0.498,0.599,0,-1.0,49.115
20110101_0957,-27.02,-63.21,586.0,HA.LYN.00,34.55,112.47,171.608,1806.252,1872.094,1895.127,762.0,3.472,-0.068,-0.003,-0.014,-0.019,-0.018,-2.3,1.6,0.629,-0.807,-1.5,0.566,0.566,-2.5,0.62,0.566,-2.5,0.623,0.566,-2.4,0.62,0.566,-2.5,0.625,0.566,0,-1.0,24.151
20110101_0957,-27.02,-63.21,586.0,KN.AML.,42.131,73.694,141.923,1648.299,1678.556,1688.08,763.0,2.738,0.334,0.318,0.323,0.321,0.319,-0.7,-0.4,0.478,0.479,1.0,0.338,0.338,2.0,0.333,0.338,-1.2,0.363,0.338,-1.1,0.337,0.338,2.3,0.295,0.338,0,-1.0,55.246
20110101_0957,-27.02,-63.21,586.0,GS.MXT.00,34.431,104.02,166.773,1782.436,1841.711,1862.075,764.0,3.028,-0.29,0.035,0.03,0.03,0.028,2.8,-1.4,0.709,-0.717,3.4,0.721,0.721,-4.2,0.76,0.721,-4.3,0.751,0.721,-4.3,0.748,0.721,-4.2,0.753,0.721,0,-1.0,52.159
20110101_0957,-27.02,-63.21,586.0,KN.EKS2.,42.661,73.777,141.895,1648.135,1678.364,1687.877,765.0,1.951,0.165,0.102,0.086,0.088,0.097,-4.0,-4.1,0.644,0.501,-4.3,0.482,0.482,-3.1,0.62,0.482,-3.7,0.525,0.482,-3.6,0.545,0.482,-3.3,0.591,0.482,0,-1.0,54.379
20110101_0957,-27.02,-63.21,586.0,SC.CD2.00,30.91,103.758,167.962,1788.362,1849.225,1870.228,766.0,2.716,-0.028,0.052,0.062,0.06,0.061,6.1,-1.9,0.52,-0.562,7.4,0.51,0.51,3.1,0.65,0.51,3.3,0.645,0.51,3.3,0.644,0.51,3.1,0.649,0.51,0,-1.0,67.592
20110101_0957,-27.02,-63.21,586.0,QH.DAT.00,36.944,101.697,163.838,1767.61,1823.034,1841.88,767.0,2.119,0.162,0.1,0.068,0.069,0.093,-4.5,-4.5,0.57,0.543,-5.6,0.675,0.675,-4.9,0.648,0.675,-4.2,0.829,0.675,-4.2,0.829,0.675,-4.9,0.645,0.675,0,-1.0,47.873
20110101_0957,-27.02,-63.21,586.0,YP.NE32.,42.671,117.07,164.348,1770.203,1826.289,1845.392,768.0,4.55,0.199,0.181,0.184,0.187,0.186,-0.4,3.0,0.713,-0.776,-2.5,0.479,0.479,-1.9,0.462,0.479,-1.9,0.476,0.479,-1.9,0.485,0.479,-2.0,0.485,0.479,0,-1.0,-0.748
20110101_0957,-27.02,-63.21,586.0,XJ.KMS.00,42.268,88.173,152.161,1705.966,1747.141,1760.583,769.0,1.302,-0.099,-0.094,-0.012,0.003,-0.063,-5.4,3.2,0.723,0.801,3.4,0.566,0.566,5.2,0.452,0.566,5.8,0.456,0.566,5.9,0.454,0.566,5.5,0.448,0.566,0,-1.0,49.224
20110101_0957,-27.02,-63.21,586.0,QH.LWS.00,36.918,102.121,164.133,1769.114,1824.922,1843.917,770.0,3.848,-0.004,-0.069,-0.077,-0.082,-0.075,-4.4,0.7,0.444,-0.352,-4.7,0.821,0.821,-4.0,0.904,0.821,-4.0,0.917,0.821,-3.9,0.917,0.821,-4.0,0.912,0.821,0,-1.0,47.246
20110101_0957,-27.02,-63.21,586.0,TW.KMNB.00,24.46,118.39,177.062,1832.267,1905.858,1932.084,771.0,10.369,0.229,0.336,0.34,0.333,0.335,-0.7,0.6,0.939,0.822,2.1,0.641,0.641,1.3,0.503,0.641,1.1,0.484,0.641,1.2,0.477,0.641,1.2,0.49,0.641,1,3.0,-153.943
20110101_0957,-27.02,-63.21,586.0,AU.MUN.,-31.978,116.208,120.999,1519.842,1533.004,1536.914,772.0,3.978,0.725,0.729,0.728,0.72,0.723,-0.9,-0.6,0.752,0.868,-0.1,0.797,0.797,-0.1,0.809,0.797,-0.1,0.806,0.797,-0.1,0.768,0.797,-0.1,0.774,0.797,1,10.0,179.426
20110101_0957,-27.02,-63.21,586.0,GS.SGT.00,37.621,102.761,164.13,1769.1,1824.903,1843.897,773.0,3.633,0.043,0.027,0.015,0.013,0.021,5.2,1.8,0.772,-0.686,-3.5,0.665,0.665,-3.0,0.755,0.665,-3.0,0.765,0.665,-2.9,0.769,0.665,-2.9,0.762,0.665,0,-1.0,44.061
20110101_0957,-27.02,-63.21,586.0,SC.YYC.00,27.849,102.26,167.085,1783.992,1843.681,1864.212,774.0,2.951,0.22,0.154,0.142,0.14,0.155,0.3,3.4,0.575,-0.438,8.3,0.619,0.619,8.8,0.654,0.619,8.9,0.611,0.619,8.9,0.627,0.619,8.9,0.645,0.619,0,-1.0,82.984
20110101_0957,-27.02,-63.21,586.0,KC.TARG.,41.729,77.805,145.002,1665.997,1699.381,1709.997,775.0,2.956,0.084,0.071,0.078,0.078,0.076,-3.2,0.0,0.909,-0.797,3.2,0.498,0.498,4.3,0.599,0.498,4.4,0.557,0.498,4.4,0.566,0.498,4.4,0.587,0.498,0,-1.0,54.918
20110101_0957,-27.02,-63.21,586.0,SD.LSH.00,35.807,116.081,171.192,1804.234,1869.501,1892.299,776.0,3.892,0.355,0.369,0.37,0.361,0.366,-1.9,2.4,0.777,-0.759,1.2,0.86,0.86,1.0,0.826,0.86,1.3,0.807,0.86,1.6,0.778,0.86,1.4,0.794,0.86,1,2.0,3.598
20110101_0957,-27.02,-63.21,586.0,GD.HEJ.00,21.93,110.551,172.377,1809.975,1876.887,1900.358,777.0,2.821,-0.006,-0.17,-0.142,-0.152,-0.178,3.5,3.6,0.933,0.964,8.2,0.829,0.829,-2.5,0.615,0.829,-2.4,0.638,0.829,-2.5,0.635,0.829,-2.6,0.629,0.829,0,-1.0,132.347
20110101_0957,-27.02,-63.21,586.0,ZJ.SHS.00,30.705,122.451,173.824,1816.937,1885.883,1910.189,778.0,5.326,0.151,0.236,0.249,0.247,0.251,-0.6,-0.7,0.748,0.708,-0.6,0.464,0.464,-0.4,0.595,0.464,-0.5,0.605,0.464,-0.5,0.605,0.464,-0.5,0.604,0.464,0,-1.0,-50.179
20110101_0957,-27.02,-63.21,586.0,IC.KMI.00,25.148,102.747,167.257,1784.85,1844.769,1865.392,779.0,2.291,0.107,0.121,0.146,0.133,0.128,8.1,4.3,0.654,-0.765,8.7,0.623,0.623,9.2,0.525,0.623,9.3,0.441,0.623,9.2,0.468,0.623,9.2,0.509,0.623,0,-1.0,95.703
20110101_0957,-27.02,-63.21,586.0,BU.ZUH.00,40.192,117.676,166.808,1782.608,1841.928,1862.311,780.0,1.436,0.128,0.244,0.243,0.252,0.245,0.9,4.3,0.906,-0.61,9.3,0.536,0.536,-1.0,0.697,0.536,-0.9,0.72,0.536,-0.9,0.742,0.536,-0.9,0.733,0.536,0,-1.0,-2.89
20110101_0957,-27.02,-63.21,586.0,GD.DOG.00,22.875,113.723,175.009,1822.583,1893.214,1918.214,781.0,3.278,0.293,0.4,0.406,0.402,0.401,-4.6,0.5,0.663,0.468,1.4,0.555,0.555,2.1,0.575,0.555,2.0,0.591,0.555,2.0,0.588,0.555,2.2,0.572,0.555,1,0.0,147.943
20110101_0957,-27.02,-63.21,586.0,HE.WAT.00,36.805,114.046,169.943,1798.133,1861.684,1883.777,782.0,7.88,0.002,0.022,0.03,0.034,0.037,1.6,5.0,0.799,-0.856,7.1,0.389,0.389,2.5,0.608,0.389,2.4,0.59,0.389,2.4,0.571,0.389,2.3,0.585,0.389,0,-1.0,12.232
20110101_0957,-27.02,-63.21,586.0,LN.JCA.00,40.829,119.877,165.959,1778.348,1836.544,1856.478,783.0,5.513,0.151,0.236,0.243,0.245,0.246,0.6,-3.2,0.661,-0.91,2.9,0.613,0.613,-8.4,0.579,0.613,-8.3,0.591,0.613,-8.3,0.602,0.613,-8.3,0.6,0.613,0,-1.0,-9.444
20110101_0957,-27.02,-63.21,586.0,ZJ.XSH.00,29.894,120.105,175.907,1826.837,1898.756,1924.289,784.0,3.508,0.347,0.394,0.374,0.374,0.381,-1.9,2.1,0.654,-0.837,-1.0,0.737,0.737,-1.0,0.789,0.737,6.2,0.756,0.737,6.2,0.759,0.737,6.3,0.738,0.737,1,19.0,-41.594
20110101_0957,-27.02,-63.21,586.0,GD.LIP.00,24.361,114.465,176.615,1830.168,1903.11,1929.066,785.0,5.501,0.233,0.211,0.216,0.22,0.227,-4.3,-4.3,0.421,0.265,8.8,0.363,0.363,8.1,0.337,0.363,8.1,0.332,0.363,8.1,0.338,0.363,8.0,0.344,0.363,0,-1.0,145.056
20110101_0957,-27.02,-63.21,586.0,XJ.ZSU.00,42.676,80.367,146.612,1675.121,1710.199,1721.414,786.0,1.378,0.261,0.259,0.261,0.263,0.263,0.4,-2.5,0.672,-0.283,6.2,0.548,0.548,0.8,0.475,0.548,8.1,0.428,0.548,8.1,0.431,0.548,0.6,0.459,0.548,0,-1.0,52.431
20110101_0957,-27.02,-63.21,586.0,HN.YIY.00,28.577,112.323,175.753,1826.109,1897.806,1923.248,787.0,1.201,0.377,0.306,0.297,0.299,0.307,-4.6,-4.6,0.706,0.532,-2.8,0.703,0.703,-7.6,0.446,0.703,-7.2,0.514,0.703,-7.3,0.507,0.703,-7.4,0.47,0.703,0,-1.0,65.326
20110101_0957,-27.02,-63.21,586.0,SD.ANQ.00,36.374,119.218,170.422,1800.476,1864.684,1887.045,788.0,3.583,-0.158,-0.123,-0.117,-0.111,-0.108,1.8,5.2,0.886,-0.885,5.1,0.412,0.412,-3.3,0.568,0.412,-3.3,0.581,0.412,-3.2,0.591,0.412,-3.2,0.594,0.412,0,-1.0,-11.384
20110101_0957,-27.02,-63.21,586.0,XJ.HTTZ0.00,37.164,79.06,146.712,1675.688,1710.872,1722.126,789.0,1.73,0.171,0.209,0.233,0.231,0.218,0.4,3.9,0.806,-0.852,-0.8,0.503,0.503,0.5,0.537,0.503,0.5,0.458,0.503,0.5,0.486,0.503,0.6,0.526,0.503,0,-1.0,62.684
20110101_0957,-27.02,-63.21,586.0,KN.UCH.,42.228,74.513,142.505,1651.671,1682.507,1692.231,790.0,1.599,0.048,0.007,0.007,0.01,0.008,3.4,3.6,0.747,0.808,11.7,0.458,0.458,4.7,0.526,0.458,4.8,0.376,0.458,4.8,0.408,0.458,4.7,0.482,0.458,0,-1.0,54.917
20110101_0957,-27.02,-63.21,586.0,II.ABKT.00,37.93,58.119,130.136,1577.68,1597.411,1603.374,791.0,1.364,0.02,0.066,-0.026,0.072,0.07,-0.8,-4.2,0.632,-0.441,-9.6,0.4,0.4,-1.6,0.565,0.4,-7.9,0.464,0.4,-2.2,0.559,0.4,-1.7,0.548,0.4,0,-1.0,61.896
20110101_0957,-27.02,-63.21,586.0,JP.YOJ.,24.467,123.011,173.843,1817.027,1886.001,1910.318,792.0,3.351,0.252,0.313,0.345,0.338,0.308,-3.0,1.7,0.643,0.644,1.5,0.781,0.781,2.6,0.659,0.781,2.4,0.655,0.781,2.4,0.649,0.781,2.7,0.652,0.781,1,21.0,-114.915
20110101_0957,-27.02,-63.21,586.0,SX.ANZ.00,36.16,112.25,170.079,1798.799,1862.537,1884.706,793.0,5.23,-0.016,0.047,0.043,0.037,0.042,1.9,5.1,0.746,-0.813,2.0,0.631,0.631,2.5,0.489,0.631,2.3,0.485,0.631,2.3,0.48,0.631,2.3,0.487,0.631,0,-1.0,21.039
20110101_0957,-27.02,-63.21,586.0,TM.UBPT.,15.277,105.469,164.228,1769.597,1825.527,1844.57,794.0,2.646,0.11,0.207,0.224,0.227,0.218,-0.6,0.0,0.535,0.528,-5.1,0.655,0.655,-3.7,0.771,0.655,-3.5,0.805,0.655,-3.3,0.835,0.655,-3.5,0.797,0.655,0,-1.0,136.689
20110101_0957,-27.02,-63.21,586.0,CQ.CHK.00,31.963,108.646,171.363,1805.064,1870.567,1893.461,795.0,2.948,0.136,0.324,0.343,0.335,0.33,2.2,2.3,0.892,0.831,9.0,0.572,0.572,5.9,0.756,0.572,6.6,0.745,0.572,6.6,0.744,0.572,6.3,0.736,0.572,1,14.0,51.948
20110101_0957,-27.02,-63.21,586.0,HE.FEN.00,41.223,116.618,165.796,1777.531,1835.513,1855.362,796.0,1.128,0.117,0.142,0.138,0.133,0.134,0.1,-3.9,0.691,0.027,2.6,0.424,0.424,-9.7,0.478,0.424,-9.7,0.493,0.424,-9.6,0.506,0.424,-9.6,0.509,0.424,0,-1.0,0.515
20110101_0957,-27.02,-63.21,586.0,HB.ZUX.00,32.324,109.711,171.882,1807.584,1873.807,1896.996,797.0,10.354,-0.035,-0.129,-0.151,-0.159,-0.15,8.6,-0.8,0.486,0.388,-0.8,0.413,0.413,-0.1,0.841,0.413,-0.1,0.824,0.413,0.0,0.811,0.413,-0.1,0.835,0.413,0,-1.0,46.153
20110101_0957,-27.02,-63.21,586.0,KZ.KKAR.,43.103,70.511,139.462,1633.926,1661.798,1670.498,798.0,2.366,0.121,0.057,0.026,0.028,0.051,-2.5,-2.4,0.601,0.679,-2.1,0.388,0.388,0.5,0.448,0.388,0.1,0.335,0.388,0.1,0.391,0.388,0.4,0.428,0.388,0,-1.0,54.298
20110101_0957,-27.02,-63.21,586.0,YP.NE34.,42.902,118.772,164.036,1768.619,1824.3,1843.246,799.0,1.356,0.149,0.069,0.071,0.069,0.07,-1.5,-0.8,0.469,0.372,2.9,0.574,0.574,-9.3,0.561,0.574,-9.3,0.568,0.574,-9.2,0.581,0.574,-9.2,0.575,0.574,0,-1.0,-5.182
20110101_0957,-27.02,-63.21,586.0,XJ.SCH.00,43.917,85.687,149.834,1693.154,1731.719,1744.197,800.0,1.207,0.211,0.106,0.078,0.076,0.095,-2.3,-2.3,0.709,0.804,6.5,0.27,0.27,8.9,0.433,0.27,9.0,0.496,0.27,9.1,0.499,0.27,8.9,0.459,0.27,0,-1.0,47.659
20110101_0957,-27.02,-63.21,586.0,YP.NE38.,42.82,122.41,163.552,1766.149,1821.203,1839.906,801.0,2.311,0.195,0.017,0.016,0.012,0.014,8.2,3.7,0.421,-0.732,8.1,0.629,0.629,1.0,0.543,0.629,1.2,0.551,0.629,1.3,0.556,0.629,1.2,0.549,0.629,0,-1.0,-14.432
20110101_0957,-27.02,-63.21,586.0,GD.HUZ.00,23.242,114.424,175.658,1825.657,1897.217,1922.601,802.0,4.206,0.308,0.41,0.412,0.406,0.407,-0.1,-0.3,0.605,0.604,0.8,0.533,0.533,0.7,0.592,0.533,0.6,0.59,0.533,0.6,0.539,0.533,0.6,0.542,0.533,1,0.0,152.508
20110101_0957,-27.02,-63.21,586.0,SH.DYS.00,30.583,122.067,174.164,1818.559,1887.987,1912.491,803.0,2.549,0.274,0.27,0.276,0.28,0.287,-0.6,-4.1,0.662,-0.361,1.5,0.565,0.565,-8.2,0.462,0.565,-8.3,0.458,0.565,-8.3,0.451,0.565,-8.3,0.455,0.565,0,-1.0,-49.136
20110101_0957,-27.02,-63.21,586.0,BU.TST.00,40.537,117.128,166.48,1780.967,1839.852,1860.061,804.0,3.207,0.154,0.126,0.14,0.149,0.145,0.5,0.6,0.904,0.889,2.2,0.57,0.57,-1.9,0.526,0.57,-1.7,0.551,0.57,-1.5,0.574,0.57,-1.6,0.567,0.57,0,-1.0,-1.071
20110101_0957,-27.02,-63.21,586.0,HI.SLL.00,19.808,109.432,170.126,1799.03,1862.832,1885.027,805.0,2.867,0.328,-0.068,-0.031,-0.028,-0.054,-0.6,-0.3,0.703,0.616,-6.3,0.468,0.468,2.6,0.323,0.468,1.8,0.323,0.468,1.9,0.312,0.468,2.4,0.326,0.468,0,-1.0,136.744
20110101_0957,-27.02,-63.21,586.0,CB.GZH.00,23.653,113.652,175.598,1825.375,1896.85,1922.199,806.0,0.456,0.033,0.006,0.015,0.014,0.015,-1.0,-1.2,0.417,0.489,-6.1,0.566,0.566,-6.0,0.653,0.566,-6.1,0.653,0.566,-6.0,0.652,0.566,-6.0,0.649,0.566,0,-1.0,142.224
20110101_0957,-27.02,-63.21,586.0,HE.SXT.00,36.55,113.64,170.103,1798.916,1862.686,1884.868,807.0,12.935,0.138,0.166,0.172,0.175,0.176,1.3,4.7,0.833,-0.927,1.5,0.628,0.628,2.1,0.61,0.628,2.0,0.603,0.628,2.0,0.593,0.628,2.0,0.602,0.628,0,-1.0,14.352
20110101_0957,-27.02,-63.21,586.0,AU.KMBL.,-31.367,121.882,121.411,1522.51,1535.936,1539.927,808.0,4.8,0.702,0.691,0.689,0.694,0.694,0.2,0.4,0.701,0.787,0.1,0.799,0.799,0.2,0.811,0.799,0.2,0.808,0.799,0.2,0.812,0.799,0.1,0.813,0.799,1,-1.0,-174.924
20110101_0957,-27.02,-63.21,586.0,XW.SUYR.,19.561,57.69,125.675,1549.783,1566.121,1571.011,809.0,1.821,0.269,-0.109,-0.112,-0.111,-0.11,3.0,-1.9,0.472,-0.401,1.6,0.252,0.252,7.4,0.32,0.252,7.0,0.449,0.252,7.1,0.412,0.252,7.3,0.336,0.252,0,-1.0,84.621
20110101_0957,-27.02,-63.21,586.0,XJ.YUT.00,36.429,81.997,149.137,1689.284,1727.082,1739.28,810.0,1.01,0.254,0.266,0.263,0.269,0.268,-0.1,-5.6,0.696,0.444,3.4,0.345,0.345,5.3,0.499,0.345,6.0,0.534,0.345,5.9,0.528,0.345,5.5,0.506,0.345,0,-1.0,63.482
20110101_0957,-27.02,-63.21,586.0,YN.YUL.00,25.885,99.372,164.377,1770.351,1826.474,1845.592,811.0,1.609,0.154,0.197,0.188,0.19,0.194,-8.9,-0.5,0.337,-0.765,-5.7,0.469,0.469,-5.6,0.552,0.469,-5.4,0.55,0.469,-5.4,0.553,0.469,-5.5,0.556,0.469,0,-1.0,90.459
20110101_0957,-27.02,-63.21,586.0,QH.QSS.00,36.268,101.975,164.392,1770.428,1826.571,1845.697,812.0,3.531,0.051,0.081,0.065,0.058,0.067,8.8,3.0,0.387,-0.742,-2.4,0.711,0.711,-1.6,0.835,0.711,-1.7,0.826,0.711,-1.7,0.823,0.711,-1.7,0.823,0.711,0,-1.0,49.485
20110101_0957,-27.02,-63.21,586.0,SC.XSB.00,27.862,102.448,167.251,1784.822,1844.733,1865.353,813.0,2.188,0.249,0.13,0.143,0.133,0.128,8.6,4.7,0.729,-0.186,8.6,0.611,0.611,10.0,0.453,0.611,10.1,0.419,0.611,10.0,0.429,0.611,9.9,0.446,0.611,0,-1.0,82.915
20110101_0957,-27.02,-63.21,586.0,JS.HUA.00,33.615,119.005,173.134,1813.627,1881.6,1905.507,814.0,0.569,-0.094,-0.093,-0.094,-0.092,-0.093,-6.6,-2.6,0.697,-0.739,3.5,0.394,0.394,4.0,0.407,0.394,4.0,0.404,0.394,4.0,0.399,0.394,3.9,0.406,0.394,0,-1.0,-14.773
20110101_0957,-27.02,-63.21,586.0,HL.YIL.00,46.476,129.285,158.181,1738.291,1786.575,1802.692,815.0,2.484,0.219,0.215,0.211,0.213,0.214,0.9,1.0,0.901,0.897,0.6,0.897,0.897,1.6,0.793,0.897,1.6,0.77,0.897,1.6,0.748,0.897,1.6,0.75,0.897,0,-1.0,-23.391
20110101_0957,-27.02,-63.21,586.0,GS.LZH.00,36.083,103.844,165.747,1777.281,1835.198,1855.021,816.0,4.616,0.007,-0.033,-0.03,-0.017,-0.026,-0.1,3.3,0.681,-0.905,-2.2,0.623,0.623,-1.7,0.841,0.623,-1.6,0.868,0.623,-1.6,0.873,0.623,-1.6,0.86,0.623,0,-1.0,46.707
20110101_0957,-27.02,-63.21,586.0,XJ.KSH.00,39.145,75.566,143.75,1658.84,1690.933,1701.096,817.0,1.55,0.226,0.132,0.095,0.096,0.115,-0.1,-0.3,0.76,0.723,6.1,0.275,0.275,7.7,0.351,0.275,7.9,0.315,0.275,7.9,0.318,0.275,7.8,0.341,0.275,0,-1.0,59.814
20110101_0957,-27.02,-63.21,586.0,NM.AGL.00,43.303,122.629,163.043,1763.549,1817.947,1836.395,818.0,2.74,0.136,0.11,0.113,0.113,0.116,-0.4,-3.7,0.591,-0.815,0.8,0.831,0.831,-5.9,0.877,0.831,-5.8,0.879,0.831,-5.6,0.882,0.831,-5.8,0.878,0.831,0,-1.0,-14.453
20110101_0957,-27.02,-63.21,586.0,JX.JIX.00,28.212,116.247,178.715,1839.961,1915.972,1943.205,819.0,10.813,0.407,0.46,0.446,0.439,0.443,0.8,-4.3,0.731,0.17,-6.3,0.654,0.654,-6.6,0.581,0.654,-6.7,0.572,0.654,-6.8,0.559,0.654,-6.7,0.559,0.654,1,2.0,16.257
20110101_0957,-27.02,-63.21,586.0,HL.SHZ.00,44.062,128.956,160.341,1749.609,1800.569,1817.7,820.0,3.021,0.322,0.284,0.284,0.285,0.286,0.6,0.9,0.723,0.747,1.0,0.578,0.578,0.8,0.578,0.578,0.6,0.567,0.578,0.5,0.56,0.578,0.6,0.561,0.578,0,-1.0,-26.434
20110101_0957,-27.02,-63.21,586.0,JS.YC.00,33.367,120.133,173.028,1813.114,1880.938,1904.783,821.0,1.777,0.182,-0.055,-0.023,-0.013,-0.02,1.1,1.3,0.544,0.562,1.7,0.74,0.74,3.5,0.757,0.74,3.3,0.763,0.74,3.2,0.764,0.74,3.3,0.762,0.74,0,-1.0,-22.465
20110101_0957,-27.02,-63.21,586.0,QH.LYX.00,35.871,101.181,164.043,1768.655,1824.346,1843.295,822.0,2.352,0.206,0.207,0.19,0.189,0.199,8.9,3.7,0.444,-0.881,-1.6,0.711,0.711,-0.9,0.795,0.711,-0.8,0.794,0.711,-0.8,0.792,0.711,-0.9,0.793,0.711,0,-1.0,51.982
20110101_0957,-27.02,-63.21,586.0,CB.TNC.00,25.029,98.52,163.477,1765.768,1820.726,1839.391,823.0,1.929,0.031,0.085,0.1,0.099,0.091,7.6,-3.8,0.426,-0.775,-0.1,0.615,0.615,0.0,0.604,0.615,0.0,0.611,0.615,0.1,0.61,0.615,0.1,0.605,0.615,0,-1.0,93.111
20110101_0957,-27.02,-63.21,586.0,GZ.DJT.00,28.22,108.13,172.235,1809.293,1876.008,1899.399,824.0,2.179,0.103,0.111,0.107,0.106,0.11,-0.4,3.2,0.871,-0.549,2.8,0.769,0.769,-1.7,0.663,0.769,-1.8,0.664,0.769,-1.8,0.662,0.769,-1.7,0.663,0.769,0,-1.0,78.722
20110101_0957,-27.02,-63.21,586.0,JS.PZ.00,34.52,117.967,172.432,1810.243,1877.233,1900.736,825.0,0.348,0.002,0.001,0.001,0.001,0.0,10.5,4.8,0.386,0.701,-6.4,0.41,0.41,-5.5,0.319,0.41,-5.4,0.316,0.41,-5.4,0.31,0.41,-5.3,0.31,0.41,0,-1.0,-7.012
20110101_0957,-27.02,-63.21,586.0,SN.LOXT.00,34.969,106.7,168.266,1789.868,1851.139,1872.307,826.0,3.146,0.024,-0.027,-0.03,-0.037,-0.041,7.8,0.7,0.577,-0.424,3.0,0.58,0.58,10.1,0.305,0.58,10.1,0.319,0.58,10.1,0.32,0.58,10.0,0.308,0.58,0,-1.0,44.057
20110101_0957,-27.02,-63.21,586.0,JX.GAA.00,28.563,115.332,177.988,1836.589,1911.534,1938.322,827.0,1.596,0.286,0.335,0.334,0.334,0.337,-6.5,3.3,0.37,-0.374,-2.6,0.609,0.609,-3.7,0.42,0.609,1.5,0.396,0.609,1.4,0.408,0.609,1.5,0.378,0.609,0,-1.0,33.521
20110101_0957,-27.02,-63.21,586.0,GS.SNT.00,38.841,99.611,161.412,1755.162,1807.473,1825.12,828.0,2.403,-0.038,0.179,0.195,0.206,0.192,2.9,-0.3,0.465,-0.699,2.9,0.571,0.571,3.9,0.39,0.571,4.0,0.34,0.571,4.2,0.324,0.571,4.0,0.358,0.571,0,-1.0,45.788
20110101_0957,-27.02,-63.21,586.0,SC.REG.00,33.582,102.965,166.397,1780.55,1839.326,1859.491,829.0,3.553,0.15,0.061,0.062,0.061,0.064,-4.8,2.3,0.376,-0.247,-1.3,0.69,0.69,-2.3,0.652,0.69,-2.3,0.633,0.69,-2.3,0.635,0.69,-2.3,0.645,0.69,0,-1.0,57.246
20110101_0957,-27.02,-63.21,586.0,CB.DL2.00,38.906,121.628,167.445,1785.792,1845.963,1866.687,830.0,2.62,0.115,-0.024,-0.021,-0.018,-0.021,0.2,-2.2,0.51,-0.479,3.0,0.531,0.531,2.7,0.573,0.531,2.6,0.569,0.531,2.6,0.566,0.531,2.6,0.568,0.531,0,-1.0,-17.12
20110101_0957,-27.02,-63.21,586.0,LN.MQI.00,41.768,124.589,163.927,1768.064,1823.603,1842.494,831.0,2.899,0.058,-0.019,-0.021,-0.027,-0.024,0.5,0.7,0.916,0.861,1.0,0.727,0.727,-0.3,0.387,0.727,-1.1,0.33,0.727,-1.6,0.308,0.727,-1.5,0.315,0.727,0,-1.0,-21.065
20110101_0957,-27.02,-63.21,586.0,XJ.BKO.00,43.82,93.069,154.557,1718.964,1762.91,1777.392,832.0,1.441,0.17,0.145,0.156,0.156,0.15,0.6,-4.0,0.478,-0.526,-11.6,0.296,0.296,-10.0,0.341,0.296,-9.9,0.362,0.296,-9.9,0.363,0.296,-10.0,0.35,0.296,0,-1.0,42.288
20110101_0957,-27.02,-63.21,586.0,SC.YGD.00,30.201,104.103,168.424,1790.652,1852.138,1873.392,833.0,2.73,0.052,-0.097,-0.098,-0.095,-0.09,2.4,-0.9,0.633,-0.769,3.0,0.59,0.59,11.5,0.389,0.59,11.8,0.406,0.59,11.8,0.401,0.59,11.6,0.39,0.59,0,-1.0,70.648
20110101_0957,-27.02,-63.21,586.0,HE.LUQ.00,38.002,114.307,168.821,1792.615,1854.638,1876.109,834.0,11.004,0.195,0.338,0.342,0.336,0.343,0.4,0.7,0.541,0.459,0.8,0.435,0.435,0.0,0.44,0.435,-0.1,0.46,0.435,0.0,0.469,0.435,-0.1,0.463,0.435,0,-1.0,9.825
20110101_0957,-27.02,-63.21,586.0,XJ.MUL.00,43.809,90.296,152.856,1709.753,1751.723,1765.462,835.0,1.216,-0.025,0.083,0.084,0.084,0.085,-3.9,3.0,0.625,0.401,4.7,0.445,0.445,5.7,0.422,0.445,5.9,0.431,0.445,6.0,0.429,0.445,5.8,0.425,0.445,0,-1.0,44.704
20110101_0957,-27.02,-63.21,586.0,AH.HBE.00,33.982,116.79,173.038,1813.165,1881.004,1904.855,836.0,7.191,0.202,0.178,0.172,0.167,0.171,7.1,1.4,0.314,-0.585,-4.7,0.461,0.461,-4.9,0.451,0.461,-4.8,0.446,0.461,-4.7,0.447,0.461,-4.8,0.45,0.461,0,-1.0,-0.0
20110101_0957,-27.02,-63.21,586.0,KR.ANVS.,42.786,77.667,144.666,1664.083,1697.117,1707.61,837.0,2.089,0.036,0.049,0.049,0.046,0.05,1.9,4.7,0.724,-0.76,7.9,0.446,0.446,9.4,0.542,0.446,9.6,0.52,0.446,9.6,0.524,0.446,9.5,0.529,0.446,0,-1.0,53.166
20110101_0957,-27.02,-63.21,586.0,HN.LOD.00,27.729,112.005,175.693,1825.823,1897.434,1922.839,838.0,2.359,0.196,0.241,0.237,0.236,0.237,1.0,4.3,0.839,-0.253,3.0,0.574,0.574,-2.3,0.702,0.574,-1.8,0.71,0.574,-1.9,0.714,0.574,-2.2,0.707,0.574,0,-1.0,78.46
20110101_0957,-27.02,-63.21,586.0,HA.XX.00,35.662,114.539,171.148,1804.017,1869.223,1891.995,839.0,9.712,0.253,0.217,0.224,0.246,0.217,-1.7,2.2,0.838,-0.774,1.0,0.709,0.709,-1.1,0.607,0.709,-1.4,0.613,0.709,-1.5,0.62,0.709,-1.6,0.623,0.709,0,-1.0,11.474
20110101_0957,-27.02,-63.21,586.0,HL.NZN.00,47.537,122.882,158.934,1742.254,1791.464,1807.931,840.0,2.709,0.097,0.086,0.085,0.083,0.083,-0.6,-0.5,0.789,0.634,-5.4,0.885,0.885,-8.4,0.605,0.885,-8.4,0.606,0.885,-8.5,0.6,0.885,-8.5,0.599,0.885,0,-1.0,-11.358
20110101_0957,-27.02,-63.21,586.0,GS.JTA.00,37.19,104.09,165.223,1774.639,1831.867,1851.419,841.0,2.191,0.143,0.106,0.112,0.118,0.11,7.0,3.3,0.694,-0.545,-8.5,0.413,0.413,-1.6,0.598,0.413,-1.5,0.612,0.413,-1.5,0.619,0.413,-1.5,0.609,0.413,0,-1.0,42.76
20110101_0957,-27.02,-63.21,586.0,PS.OGS.,27.057,142.203,157.404,1734.178,1781.516,1797.274,842.0,2.015,0.301,0.225,0.178,0.191,0.225,-1.0,-4.3,0.853,-0.876,-1.1,0.555,0.555,-1.2,0.694,0.555,-1.7,0.634,0.555,-1.6,0.649,0.555,-1.1,0.685,0.555,0,-1.0,-84.18
20110101_0957,-27.02,-63.21,586.0,NM.HLH.00,45.469,119.659,161.41,1755.151,1807.459,1825.105,843.0,2.959,0.258,0.258,0.261,0.258,0.258,1.4,1.4,0.935,0.93,-5.6,0.727,0.727,-3.8,0.775,0.727,-3.7,0.766,0.727,-3.4,0.763,0.727,-3.6,0.767,0.727,0,-1.0,-6.224
20110101_0957,-27.02,-63.21,586.0,MY.IPM.,4.479,101.025,152.899,1709.987,1752.006,1765.764,844.0,2.154,0.164,0.324,0.339,0.335,0.33,0.1,0.0,0.735,0.74,5.0,0.703,0.703,6.0,0.661,0.703,6.1,0.689,0.703,6.0,0.711,0.703,6.1,0.689,0.703,1,16.0,143.948
20110101_0957,-27.02,-63.21,586.0,NX.GYU.00,35.964,106.17,167.289,1785.01,1844.971,1865.611,845.0,1.701,0.219,0.044,0.018,0.003,0.026,-6.1,3.1,0.417,-0.454,7.2,0.449,0.449,-4.5,0.573,0.449,-4.4,0.581,0.449,-4.2,0.581,0.449,-4.4,0.575,0.449,0,-1.0,41.922
20110101_0957,-27.02,-63.21,586.0,HE.KUC.00,40.592,118.474,166.357,1780.351,1839.074,1859.218,846.0,2.696,0.116,0.076,0.066,0.051,0.06,2.4,2.3,0.766,0.71,3.7,0.586,0.586,1.7,0.608,0.586,1.6,0.623,0.586,1.7,0.63,0.586,1.6,0.624,0.586,0,-1.0,-5.296
20110101_0957,-27.02,-63.21,586.0,YP.NE9D.,46.778,131.921,156.923,1731.627,1778.384,1793.924,847.0,0.343,0.01,0.021,0.019,0.015,0.017,-2.5,-2.9,0.289,0.952,3.9,0.348,0.348,4.3,0.329,0.348,4.3,0.321,0.348,4.4,0.317,0.348,4.3,0.319,0.348,0,-1.0,-26.895
20110101_0957,-27.02,-63.21,586.0,6F.BL17.,-25.549,133.111,125.129,1546.322,1562.269,1567.037,848.0,10.614,0.816,0.758,0.753,0.762,0.766,0.4,1.1,0.835,0.802,0.7,0.86,0.86,1.1,0.81,0.86,1.1,0.811,0.86,1.0,0.822,0.86,0.9,0.818,0.86,1,6.0,-162.017
20110101_0957,-27.02,-63.21,586.0,HB.WHN.00,30.543,114.354,175.881,1826.712,1898.593,1924.11,849.0,2.682,0.274,0.19,0.168,0.156,0.161,-2.9,2.7,0.401,0.15,0.0,0.671,0.671,5.3,0.539,0.671,5.3,0.526,0.671,5.4,0.516,0.671,5.3,0.525,0.671,0,-1.0,28.108
20110101_0957,-27.02,-63.21,586.0,YN.TOH.00,24.113,102.788,167.047,1783.803,1843.442,1863.952,850.0,0.333,0.025,0.029,0.033,0.033,0.027,-13.2,-3.1,0.108,0.594,-13.1,0.299,0.299,-11.4,0.185,0.299,2.3,0.11,0.299,2.3,0.113,0.299,-11.3,0.178,0.299,0,-1.0,100.401
20110101_0957,-27.02,-63.21,586.0,HN.CNS.00,28.182,112.93,176.388,1829.1,1901.712,1927.532,851.0,2.203,0.207,0.284,0.279,0.281,0.283,-7.1,-4.3,0.714,-0.63,-5.6,0.6,0.6,-0.1,0.304,0.6,-0.1,0.316,0.6,-0.1,0.32,0.6,-10.3,0.304,0.6,0,-1.0,68.018
20110101_0957,-27.02,-63.21,586.0,HE.JNX.00,38.027,114.151,168.771,1792.37,1854.325,1875.769,852.0,7.157,0.118,0.162,0.157,0.156,0.164,0.2,0.4,0.769,0.81,0.4,0.406,0.406,7.2,0.322,0.406,-0.1,0.315,0.406,-0.2,0.327,0.406,-0.2,0.315,0.406,0,-1.0,10.402
20110101_0957,-27.02,-63.21,586.0,HB.LCH.00,30.372,108.882,172.299,1809.6,1876.403,1899.83,853.0,5.303,-0.225,0.178,0.186,0.187,0.18,-0.9,-1.0,0.608,0.69,3.2,0.741,0.741,7.8,0.477,0.741,7.7,0.477,0.741,7.7,0.479,0.741,7.8,0.477,0.741,0,-1.0,61.172
20110101_0957,-27.02,-63.21,586.0,FJ.ZHNZ.00,27.357,118.86,178.128,1837.239,1912.389,1939.263,854.0,15.141,0.433,0.437,0.464,0.459,0.444,-0.2,-0.3,0.925,0.917,-0.1,0.588,0.588,1.0,0.764,0.588,0.8,0.726,0.588,0.8,0.743,0.588,1.0,0.76,0.588,1,7.0,-75.966
20110101_0957,-27.02,-63.21,586.0,YP.NE87.,46.35,122.508,160.148,1748.6,1799.317,1816.356,855.0,2.384,0.115,0.117,0.114,0.112,0.113,-1.2,-0.9,0.784,0.707,2.3,0.617,0.617,0.7,0.616,0.617,0.7,0.621,0.617,0.6,0.636,0.617,0.6,0.637,0.617,0,-1.0,-11.526
20110101_0957,-27.02,-63.21,586.0,GS.HXP.00,38.391,102.11,163.252,1764.617,1819.284,1837.836,856.0,2.031,0.157,0.193,0.187,0.182,0.187,-2.7,0.8,0.179,-0.3,-3.3,0.461,0.461,-2.8,0.445,0.461,-2.8,0.445,0.461,-2.8,0.452,0.461,-2.8,0.451,0.461,0,-1.0,43.076
20110101_0957,-27.02,-63.21,586.0,HB.HFE.00,29.904,110.021,173.389,1814.852,1883.184,1907.238,857.0,3.972,0.411,-0.143,-0.15,-0.15,-0.146,-5.4,-1.8,0.723,-0.656,-0.3,0.648,0.648,-4.3,0.675,0.648,-4.4,0.656,0.648,-4.4,0.657,0.648,-4.3,0.668,0.648,0,-1.0,61.131
20110101_0957,-27.02,-63.21,586.0,ZN.GOGO.,-10.338,149.672,130.878,1582.258,1602.582,1608.738,858.0,5.527,0.522,0.528,0.552,0.57,0.544,1.3,2.2,0.899,0.762,1.9,0.801,0.801,1.9,0.815,0.801,1.7,0.812,0.801,1.5,0.804,0.801,1.7,0.806,0.801,1,8.0,-135.259
20110101_0957,-27.02,-63.21,586.0,HL.HEH.00,50.253,127.41,155.388,1723.432,1768.356,1783.207,859.0,3.709,0.22,0.23,0.237,0.239,0.236,0.9,1.4,0.883,0.895,-3.7,0.582,0.582,-4.5,0.332,0.582,1.2,0.265,0.582,1.0,0.269,0.582,1.2,0.275,0.582,0,-1.0,-16.293
20110101_0957,-27.02,-63.21,586.0,FJ.HAHF.00,25.012,117.521,177.888,1836.12,1910.917,1937.643,860.0,6.881,0.454,0.491,0.497,0.509,0.507,-0.2,-0.8,0.63,0.582,-0.2,0.611,0.611,0.1,0.7,0.611,0.1,0.705,0.611,0.0,0.708,0.611,0.0,0.706,0.611,1,3.0,-164.964
20110101_0957,-27.02,-63.21,586.0,YP.NE33.,42.926,117.886,164.069,1768.785,1824.509,1843.471,861.0,1.497,0.232,0.082,0.078,0.06,0.069,2.1,-2.3,0.719,-0.826,-7.8,0.627,0.627,-6.8,0.771,0.627,-6.8,0.774,0.627,-6.6,0.785,0.627,-6.7,0.78,0.627,0,-1.0,-2.867
20110101_0957,-27.02,-63.21,586.0,YN.LAC.00,22.552,99.921,164.062,1768.75,1824.465,1843.424,862.0,0.622,0.071,0.081,0.082,0.083,0.083,9.9,2.6,0.428,-0.556,-2.8,0.512,0.512,-1.9,0.54,0.512,-1.8,0.55,0.512,-1.8,0.551,0.512,-1.8,0.546,0.512,0,-1.0,103.11
20110101_0957,-27.02,-63.21,586.0,NM.ZLT.00,48.029,122.652,158.498,1739.962,1788.635,1804.898,863.0,5.487,0.298,0.39,0.39,0.391,0.391,0.0,0.1,0.931,0.947,8.9,0.659,0.659,2.5,0.394,0.659,2.5,0.385,0.659,2.5,0.381,0.659,2.4,0.382,0.659,0,-1.0,-10.613
20110101_0957,-27.02,-63.21,586.0,HB.YCH.00,30.784,111.315,173.908,1817.336,1886.401,1910.756,864.0,3.538,-0.086,-0.079,-0.1,-0.089,-0.082,0.0,-3.9,0.772,-0.807,4.5,0.53,0.53,-1.4,0.733,0.53,-1.4,0.745,0.53,-1.4,0.744,0.53,-1.4,0.741,0.53,0,-1.0,48.651
20110101_0957,-27.02,-63.21,586.0,HE.LIC.00,37.453,114.392,169.373,1795.335,1858.108,1879.884,865.0,6.361,0.062,-0.055,-0.04,-0.024,-0.026,1.7,-3.0,0.743,-0.784,9.1,0.611,0.611,6.8,0.531,0.611,7.2,0.526,0.611,7.7,0.53,0.611,7.5,0.529,0.611,0,-1.0,10.03
20110101_0957,-27.02,-63.21,586.0,NM.TIS.00,43.863,120.112,162.945,1763.047,1817.319,1835.719,866.0,4.647,0.165,0.151,0.157,0.162,0.157,1.5,-1.8,0.641,-0.697,-6.1,0.572,0.572,-4.6,0.576,0.572,-4.4,0.586,0.572,-4.3,0.593,0.572,-4.4,0.591,0.572,0,-1.0,-8.046
20110101_0957,-27.02,-63.21,586.0,GE.MMRI.,-8.636,122.238,143.955,1660.016,1692.318,1702.555,867.0,4.417,0.535,0.614,0.62,0.604,0.601,0.0,0.9,0.843,0.776,-0.5,0.803,0.803,-0.3,0.757,0.803,-0.4,0.758,0.803,-0.9,0.771,0.803,-0.8,0.77,0.803,1,11.0,-170.91
20110101_0957,-27.02,-63.21,586.0,NM.CHF.00,42.297,118.981,164.619,1771.582,1828.021,1847.262,868.0,3.206,0.334,0.284,0.279,0.276,0.28,-0.2,0.0,0.853,0.786,3.3,0.428,0.428,-8.9,0.6,0.428,-8.9,0.608,0.428,-8.8,0.616,0.428,-8.9,0.605,0.428,0,-1.0,-5.994
20110101_0957,-27.02,-63.21,586.0,KZ.ZRNK.,52.951,69.004,136.321,1615.301,1640.262,1647.975,869.0,2.274,0.315,0.203,0.186,0.187,0.194,2.3,3.7,0.625,0.431,1.8,0.471,0.471,1.5,0.602,0.471,1.1,0.626,0.471,1.2,0.624,0.471,1.4,0.611,0.471,0,-1.0,40.258
20110101_0957,-27.02,-63.21,586.0,YP.NEA9.,47.672,127.988,157.566,1735.039,1782.575,1798.408,870.0,3.227,0.082,0.261,0.256,0.257,0.254,-0.1,0.2,0.956,0.947,0.3,0.446,0.446,5.3,0.538,0.446,-4.7,0.605,0.446,-4.7,0.608,0.446,-4.6,0.606,0.446,0,-1.0,-19.836
20110101_0957,-27.02,-63.21,586.0,XJ.FUY.00,47.0,89.6,150.771,1698.334,1737.94,1750.801,871.0,1.574,0.185,0.292,0.304,0.306,0.295,1.0,0.9,0.945,0.918,3.5,0.636,0.636,4.4,0.625,0.636,4.8,0.66,0.636,4.8,0.666,0.636,4.5,0.63,0.636,0,-1.0,39.51
20110101_0957,-27.02,-63.21,586.0,CB.SNY.00,41.828,123.578,164.183,1769.365,1825.236,1844.256,872.0,4.638,0.044,-0.032,-0.026,-0.03,-0.027,0.2,-2.9,0.719,-0.722,2.0,0.586,0.586,2.4,0.406,0.586,2.5,0.402,0.586,2.6,0.404,0.586,2.6,0.404,0.586,0,-1.0,-18.504
20110101_0957,-27.02,-63.21,586.0,GX.CZS.00,22.373,107.354,170.254,1799.654,1863.631,1885.898,873.0,3.07,0.017,-0.048,-0.031,-0.028,-0.039,0.0,0.4,0.818,0.749,-7.1,0.652,0.652,5.8,0.609,0.652,5.8,0.608,0.652,5.8,0.606,0.652,5.8,0.609,0.652,0,-1.0,117.651
20110101_0957,-27.02,-63.21,586.0,YP.NE62.,44.803,117.063,162.216,1759.307,1812.644,1830.684,874.0,2.925,0.156,0.193,0.2,0.197,0.198,2.1,-1.7,0.586,-0.848,-5.7,0.816,0.816,-4.7,0.81,0.816,-4.6,0.814,0.816,-4.5,0.818,0.816,-4.6,0.816,0.816,0,-1.0,-0.624
20110101_0957,-27.02,-63.21,586.0,GX.YLS.00,22.635,110.173,172.567,1810.892,1878.07,1901.65,875.0,1.358,0.179,-0.005,0.005,0.006,-0.009,1.8,2.1,0.722,0.613,6.4,0.661,0.661,-1.8,0.44,0.661,-1.9,0.504,0.661,-1.9,0.511,0.661,-1.9,0.482,0.661,0,-1.0,126.509
20110101_0957,-27.02,-63.21,586.0,SN.TABT.00,34.071,107.285,169.206,1794.514,1857.059,1878.743,876.0,4.968,-0.209,-0.374,-0.332,-0.315,-0.371,8.7,4.7,0.536,-0.667,3.7,0.387,0.387,9.4,0.611,0.387,9.3,0.587,0.387,9.3,0.575,0.387,9.3,0.603,0.387,0,-1.0,45.975
20110101_0957,-27.02,-63.21,586.0,GS.HJT.00,37.831,102.011,163.531,1766.045,1821.072,1839.764,877.0,1.674,-0.075,0.127,0.121,0.123,0.124,10.9,2.7,0.447,-0.422,-2.6,0.843,0.843,-1.6,0.725,0.843,-1.6,0.744,0.843,-1.5,0.744,0.843,-1.6,0.734,0.843,0,-1.0,44.785
20110101_0957,-27.02,-63.21,586.0,GX.BHS.00,21.653,109.213,171.259,1804.557,1869.916,1892.751,878.0,3.514,0.001,0.112,0.108,0.108,0.101,0.7,0.7,0.773,0.854,6.3,0.638,0.638,3.6,0.658,0.638,3.7,0.646,0.638,3.6,0.644,0.638,3.6,0.644,0.638,0,-1.0,127.795
20110101_0957,-27.02,-63.21,586.0,SC.MNI.00,28.333,102.174,166.998,1783.559,1843.132,1863.617,879.0,3.311,0.198,0.228,0.217,0.216,0.229,7.3,3.4,0.636,-0.609,7.9,0.575,0.575,8.9,0.673,0.575,9.1,0.58,0.575,9.0,0.61,0.575,9.0,0.652,0.575,0,-1.0,80.768
20110101_0957,-27.02,-63.21,586.0,CB.TIA.00,36.21,117.124,170.806,1802.35,1867.085,1889.663,880.0,4.683,0.077,0.021,0.012,0.001,0.007,-0.8,-0.3,0.79,0.774,3.3,0.557,0.557,-5.7,0.639,0.557,-5.6,0.653,0.557,-5.5,0.656,0.557,-5.5,0.664,0.557,0,-1.0,-1.618
20110101_0957,-27.02,-63.21,586.0,XJ.WUS.00,41.2,79.22,146.152,1672.524,1707.115,1718.158,881.0,1.962,0.156,0.234,0.244,0.243,0.239,1.8,2.1,0.734,0.806,7.9,0.743,0.743,9.7,0.703,0.743,9.8,0.654,0.743,9.8,0.661,0.743,9.8,0.685,0.743,0,-1.0,55.415
20110101_0957,-27.02,-63.21,586.0,NX.XJI.00,36.088,105.758,166.957,1783.352,1842.871,1863.333,882.0,4.722,0.174,0.203,0.171,0.154,0.183,0.1,0.3,0.807,0.864,-4.7,0.562,0.562,-3.4,0.503,0.562,-3.1,0.516,0.562,-2.9,0.535,0.562,-3.1,0.506,0.562,0,-1.0,42.519
20110101_0957,-27.02,-63.21,586.0,QH.GOM.00,36.198,94.814,159.222,1743.765,1793.331,1809.933,883.0,2.773,0.118,0.103,0.119,0.117,0.11,1.6,-3.0,0.654,-0.412,3.3,0.687,0.687,5.8,0.512,0.687,6.3,0.515,0.687,6.3,0.515,0.687,6.1,0.511,0.687,0,-1.0,58.099
20110101_0957,-27.02,-63.21,586.0,TM.LOEI.,17.509,101.624,163.071,1763.694,1818.128,1836.591,884.0,3.886,0.153,0.107,0.091,0.09,0.098,4.1,-2.1,0.583,0.441,3.0,0.606,0.606,3.6,0.465,0.606,3.8,0.458,0.606,3.8,0.456,0.606,3.7,0.461,0.606,0,-1.0,121.8
20110101_0957,-27.02,-63.21,586.0,1G.WOP03.,37.66,106.923,166.501,1781.073,1839.987,1860.207,885.0,1.732,-0.051,-0.091,-0.105,-0.122,-0.104,1.0,4.2,0.601,-0.775,-10.9,0.445,0.445,-11.0,0.476,0.445,-10.9,0.515,0.445,-10.7,0.532,0.445,-10.9,0.509,0.445,0,-1.0,34.865
20110101_0957,-27.02,-63.21,586.0,YP.NE8A.,46.186,125.09,159.737,1746.459,1796.664,1813.509,886.0,1.96,0.123,0.093,0.093,0.09,0.092,-2.6,-2.8,0.41,0.427,2.7,0.341,0.341,-7.6,0.308,0.341,-7.7,0.336,0.341,-7.8,0.35,0.341,-7.7,0.341,0.341,0,-1.0,-16.561
20110101_0957,-27.02,-63.21,586.0,YP.NE3B.,42.765,127.816,161.879,1757.574,1810.48,1828.355,887.0,0.35,-0.0,-0.048,-0.047,-0.044,-0.045,-9.3,-4.5,0.199,0.855,10.5,0.25,0.25,-7.5,0.527,0.25,-7.7,0.501,0.25,-7.7,0.48,0.25,-7.7,0.49,0.25,0,-1.0,-26.47
20110101_0957,-27.02,-63.21,586.0,IU.MIDW.00,28.215,-177.37,122.417,1528.994,1543.076,1547.268,888.0,3.272,0.127,0.136,0.151,0.154,0.144,0.0,-5.0,0.65,0.692,-0.1,0.531,0.531,-0.6,0.508,0.531,-1.0,0.49,0.531,-0.6,0.516,0.531,-0.5,0.511,0.531,0,-1.0,-72.394
20110101_0957,-27.02,-63.21,586.0,JS.JT.00,31.734,119.543,174.711,1821.168,1891.374,1916.199,889.0,3.372,0.008,0.065,0.054,0.046,0.049,-3.5,-2.9,0.5,0.338,-9.6,0.604,0.604,-8.9,0.543,0.604,-8.7,0.543,0.604,-8.6,0.542,0.604,-8.7,0.54,0.604,0,-1.0,-24.562
20110101_0957,-27.02,-63.21,586.0,ZJ.HAY.00,30.383,120.848,175.104,1823.035,1893.802,1918.859,890.0,2.971,0.147,0.214,0.197,0.192,0.196,-0.9,2.2,0.814,-0.945,-0.7,0.521,0.521,-2.0,0.629,0.521,-2.0,0.694,0.521,-1.9,0.696,0.521,-2.0,0.684,0.521,0,-1.0,-43.179
20110101_0957,-27.02,-63.21,586.0,XJ.TCH.00,43.889,88.082,151.408,1701.841,1742.163,1755.289,891.0,1.068,-0.179,0.032,0.077,0.101,0.054,-0.6,4.2,0.571,0.487,2.7,0.578,0.578,5.4,0.546,0.578,5.4,0.5,0.578,5.4,0.486,0.578,5.3,0.529,0.578,0,-1.0,46.187
20110101_0957,-27.02,-63.21,586.0,HN.TAY.00,28.877,111.46,174.94,1822.254,1892.786,1917.745,892.0,2.514,0.26,0.131,0.124,0.125,0.122,-2.9,-3.0,0.734,0.614,-12.9,0.426,0.426,-11.8,0.419,0.426,-11.6,0.441,0.426,-11.6,0.439,0.426,-11.7,0.426,0.426,0,-1.0,65.513
20110101_0957,-27.02,-63.21,586.0,IU.DAV.00,7.07,125.579,158.374,1739.305,1787.826,1804.031,893.0,1.806,0.283,0.265,0.274,0.285,0.283,-6.5,-3.2,0.729,-0.243,-7.0,0.451,0.451,-6.7,0.466,0.451,-6.8,0.464,0.451,-7.2,0.463,0.451,-7.2,0.469,0.451,0,-1.0,-156.129
20110101_0957,-27.02,-63.21,586.0,IC.ENH.00,30.276,109.495,172.82,1812.113,1879.645,1903.37,894.0,6.416,0.001,0.262,0.251,0.249,0.253,-1.8,-1.8,0.728,0.736,-2.9,0.885,0.885,-0.8,0.602,0.885,-0.9,0.583,0.885,-0.9,0.58,0.885,-0.8,0.593,0.885,0,-1.0,60.002
20110101_0957,-27.02,-63.21,586.0,HE.QIX.00,40.201,118.318,166.758,1782.361,1841.616,1861.972,895.0,2.717,0.249,0.215,0.209,0.202,0.204,4.2,4.5,0.384,0.593,0.6,0.769,0.769,2.3,0.778,0.769,2.4,0.778,0.769,2.5,0.78,0.769,2.5,0.778,0.769,0,-1.0,-4.971
20110101_0957,-27.02,-63.21,586.0,ZN.KAW2.,-8.522,150.299,131.856,1588.267,1609.385,1615.804,896.0,2.593,0.342,0.345,0.368,0.382,0.36,2.2,-3.5,0.786,0.162,2.6,0.672,0.672,2.5,0.675,0.672,2.3,0.683,0.672,2.1,0.687,0.672,2.4,0.68,0.672,1,8.0,-133.072
20110101_0957,-27.02,-63.21,586.0,YP.NE6C.,44.905,127.598,160.133,1748.522,1799.221,1816.253,897.0,2.315,0.16,0.133,0.134,0.13,0.128,6.1,-2.9,0.606,-0.657,-8.3,0.51,0.51,-8.2,0.444,0.51,-8.2,0.454,0.51,-8.2,0.462,0.51,-8.2,0.465,0.51,0,-1.0,-22.723
20110101_0957,-27.02,-63.21,586.0,YN.JIH.00,22.019,100.738,164.578,1771.375,1827.761,1846.982,898.0,3.255,0.116,0.228,0.217,0.221,0.227,-0.5,-1.5,0.259,0.183,-1.4,0.302,0.302,-1.0,0.339,0.302,-1.0,0.314,0.302,-1.0,0.317,0.302,-1.0,0.33,0.302,0,-1.0,106.026
20110101_0957,-27.02,-63.21,586.0,XW.HAS3.,17.489,55.218,122.753,1531.154,1545.46,1549.722,899.0,1.525,0.205,0.326,0.288,0.305,0.324,-1.3,2.5,0.592,-0.571,0.9,0.408,0.408,-5.9,0.712,0.408,-5.1,0.721,0.408,-5.4,0.714,0.408,-5.8,0.716,0.408,0,-1.0,85.972
20110101_0957,-27.02,-63.21,586.0,SN.YULG.00,38.856,110.507,167.052,1783.828,1843.473,1863.986,900.0,6.75,0.331,0.236,0.234,0.239,0.241,-4.9,5.2,0.454,-0.179,9.9,0.558,0.558,9.4,0.556,0.558,9.4,0.549,0.558,9.4,0.543,0.558,9.4,0.55,0.558,0,-1.0,21.823
20110101_0957,-27.02,-63.21,586.0,SC.YYU.00,27.467,101.678,166.565,1781.392,1840.39,1860.644,901.0,1.83,0.187,0.266,0.273,0.27,0.269,10.4,2.5,0.352,-0.298,-2.7,0.592,0.592,8.3,0.375,0.592,8.5,0.375,0.592,8.4,0.378,0.592,8.4,0.375,0.592,0,-1.0,84.695
20110101_0957,-27.02,-63.21,586.0,SD.LZH.00,37.224,121.001,169.195,1794.457,1856.986,1878.663,902.0,3.756,0.173,0.019,0.026,0.029,0.028,-5.4,4.4,0.591,-0.414,1.2,0.619,0.619,2.2,0.549,0.619,2.1,0.544,0.619,2.2,0.525,0.619,2.2,0.529,0.619,0,-1.0,-17.605
20110101_0957,-27.02,-63.21,586.0,IC.BJT.00,40.019,116.172,166.991,1783.523,1843.088,1863.568,903.0,2.222,0.343,0.321,0.305,0.278,0.29,-0.1,0.2,0.842,0.822,0.6,0.594,0.594,0.9,0.579,0.594,1.0,0.544,0.594,1.1,0.509,0.594,1.1,0.525,0.594,1,2.0,2.048
20110101_0957,-27.02,-63.21,586.0,GS.YJZ.00,40.391,98.641,159.907,1747.348,1797.765,1814.69,904.0,1.368,-0.042,-0.008,0.01,0.018,0.005,8.0,-3.4,0.37,-0.487,2.5,0.702,0.702,3.8,0.577,0.702,4.2,0.533,0.702,4.4,0.518,0.702,4.1,0.548,0.702,0,-1.0,43.318
20110101_0957,-27.02,-63.21,586.0,QH.DUL.00,36.282,98.119,161.654,1756.41,1809.028,1826.793,905.0,1.717,-0.14,-0.041,-0.033,-0.027,-0.041,8.0,-0.3,0.372,-0.615,2.1,0.236,0.236,-11.7,0.237,0.236,-11.3,0.29,0.236,-11.3,0.29,0.236,-11.6,0.251,0.236,0,-1.0,54.707
20110101_0957,-27.02,-63.21,586.0,JL.FST.00,42.258,127.381,162.48,1760.662,1814.338,1832.507,906.0,0.882,-0.009,-0.031,-0.016,-0.013,-0.014,0.4,3.3,0.345,0.017,0.7,0.462,0.462,1.7,0.352,0.462,1.4,0.324,0.462,1.4,0.311,0.462,1.4,0.316,0.462,0,-1.0,-26.475
20110101_0957,-27.02,-63.21,586.0,AV.AMKA.,51.378,179.302,127.705,1562.548,1580.392,1585.753,907.0,0.932,0.094,0.122,0.126,0.121,0.119,-3.7,-0.9,0.871,-0.674,-4.1,0.367,0.367,-3.9,0.353,0.367,-4.6,0.346,0.367,-4.2,0.345,0.367,-4.1,0.342,0.367,0,-1.0,-44.482
20110101_0957,-27.02,-63.21,586.0,YP.NE8D.,46.119,127.88,158.975,1742.468,1791.727,1808.213,908.0,2.192,0.183,0.238,0.237,0.234,0.235,1.8,4.8,0.704,-0.517,0.0,0.556,0.556,-0.1,0.732,0.556,-0.1,0.688,0.556,-0.1,0.672,0.556,-0.1,0.675,0.556,0,-1.0,-21.571
20110101_0957,-27.02,-63.21,586.0,LN.GAX.00,40.413,122.366,165.835,1777.724,1835.757,1855.626,909.0,2.808,0.01,0.097,0.094,0.095,0.096,4.6,4.5,0.73,0.682,0.7,0.515,0.515,1.0,0.423,0.515,1.1,0.394,0.515,1.1,0.37,0.515,1.1,0.38,0.515,0,-1.0,-17.212
20110101_0957,-27.02,-63.21,586.0,XJ.KMY.00,45.657,84.815,148.55,1686.008,1723.166,1735.131,910.0,2.024,0.032,-0.053,-0.022,-0.013,-0.041,2.4,2.4,0.831,0.855,4.5,0.844,0.844,7.3,0.831,0.844,7.7,0.842,0.844,7.8,0.841,0.844,7.5,0.842,0.844,0,-1.0,45.079
20110101_0957,-27.02,-63.21,586.0,HL.HEG.00,47.353,130.236,157.094,1732.537,1779.501,1795.118,911.0,2.809,0.156,0.147,0.139,0.145,0.144,-0.9,-0.3,0.521,0.515,-1.8,0.572,0.572,-8.9,0.572,0.572,-8.7,0.606,0.572,-8.8,0.625,0.572,-8.9,0.615,0.572,0,-1.0,-23.653
20110101_0957,-27.02,-63.21,586.0,YP.NE43.,43.425,118.803,163.514,1765.958,1820.963,1839.647,912.0,0.729,0.086,0.058,0.058,0.055,0.056,1.5,2.2,0.551,0.724,1.1,0.61,0.61,2.6,0.579,0.61,2.7,0.57,0.61,2.8,0.557,0.61,2.8,0.562,0.61,0,-1.0,-5.062
20110101_0957,-27.02,-63.21,586.0,GX.DHX.00,23.749,107.988,171.405,1805.266,1870.827,1893.744,913.0,5.027,0.153,-0.069,-0.066,-0.064,-0.08,6.1,-4.0,0.624,0.715,2.5,0.704,0.704,-1.5,0.728,0.704,-1.3,0.709,0.704,-1.4,0.714,0.704,-1.5,0.712,0.704,0,-1.0,111.625
20110101_0957,-27.02,-63.21,586.0,AU.CTA.,-20.088,146.25,124.921,1545.0,1560.799,1565.521,914.0,4.744,0.538,0.533,0.536,0.542,0.541,1.2,2.1,0.919,0.872,1.8,0.63,0.63,2.2,0.636,0.63,2.2,0.632,0.63,2.1,0.623,0.63,2.1,0.63,0.63,1,6.0,-145.846
20110101_0957,-27.02,-63.21,586.0,LW.LAP.00,19.898,102.165,164.828,1772.642,1829.354,1848.703,915.0,3.331,0.057,0.183,0.185,0.186,0.18,0.0,0.0,0.449,0.497,-1.3,0.51,0.51,-0.9,0.601,0.51,-0.8,0.594,0.51,-0.8,0.596,0.51,-0.9,0.603,0.51,0,-1.0,115.662
20110101_0957,-27.02,-63.21,586.0,SX.DOS.00,37.929,112.741,168.572,1791.383,1853.069,1874.403,916.0,2.575,0.083,0.22,0.236,0.247,0.241,6.7,-1.3,0.316,-0.507,2.0,0.476,0.476,-0.1,0.564,0.476,-0.1,0.561,0.476,0.1,0.548,0.476,-0.1,0.564,0.476,0,-1.0,15.845
20110101_0957,-27.02,-63.21,586.0,BJ.ZHT.00,39.962,115.68,167.025,1783.696,1843.307,1863.806,917.0,2.59,0.344,0.359,0.354,0.342,0.348,1.6,1.7,0.729,0.565,10.2,0.49,0.49,10.2,0.476,0.49,10.3,0.455,0.49,10.3,0.434,0.49,10.3,0.44,0.49,0,-1.0,3.692
20110101_0957,-27.02,-63.21,586.0,YN.GOS.00,27.745,98.671,163.909,1767.972,1823.489,1842.37,918.0,2.1,0.212,0.276,0.261,0.264,0.27,8.4,-0.7,0.234,-0.689,-6.3,0.361,0.361,-6.0,0.42,0.361,-5.9,0.405,0.361,-6.0,0.401,0.361,-5.9,0.426,0.361,0,-1.0,83.307
20110101_0957,-27.02,-63.21,586.0,CB.NJ2.00,32.052,118.854,174.658,1820.914,1891.044,1915.837,919.0,6.693,-0.176,-0.163,-0.161,-0.162,-0.167,-0.7,-1.2,0.397,0.254,-7.1,0.481,0.481,-5.7,0.512,0.481,-5.7,0.515,0.481,-5.6,0.519,0.481,-5.6,0.519,0.481,0,-1.0,-17.807
20110101_0957,-27.02,-63.21,586.0,XW.SAHL.,18.902,57.04,124.873,1544.696,1560.461,1565.173,920.0,1.14,0.175,-0.002,0.031,0.026,0.008,-3.0,4.1,0.744,0.652,-4.5,0.326,0.326,8.5,0.545,0.326,8.2,0.543,0.326,8.4,0.542,0.326,8.5,0.544,0.326,0,-1.0,85.123
20110101_0957,-27.02,-63.21,586.0,NM.BAC.00,41.899,115.268,165.069,1773.861,1830.888,1850.36,921.0,3.35,0.173,0.212,0.21,0.212,0.212,2.1,2.2,0.616,0.496,1.6,0.447,0.447,1.7,0.483,0.447,1.7,0.492,0.447,1.7,0.499,0.447,1.6,0.495,0.447,0,-1.0,4.306
20110101_0957,-27.02,-63.21,586.0,SN.TOCH.00,35.392,109.125,169.375,1795.344,1858.12,1879.896,922.0,3.856,0.115,0.036,0.009,-0.013,0.016,0.4,4.1,0.505,-0.654,-0.1,0.466,0.466,-0.1,0.503,0.466,6.8,0.533,0.466,6.9,0.575,0.466,6.8,0.499,0.466,0,-1.0,35.206
20110101_0957,-27.02,-63.21,586.0,SN.ANKG.00,32.67,109.037,171.222,1804.379,1869.687,1892.502,923.0,1.584,0.109,0.152,0.149,0.149,0.151,-7.4,-1.6,0.428,-0.688,-5.9,0.797,0.797,-3.4,0.779,0.797,-3.3,0.721,0.797,-3.2,0.705,0.797,-3.3,0.744,0.797,0,-1.0,46.851
20110101_0957,-27.02,-63.21,586.0,IC.LSA.00,29.703,91.128,157.306,1733.66,1780.88,1796.594,924.0,1.954,0.213,0.248,0.238,0.242,0.247,-8.9,-1.0,0.419,-0.202,-13.7,0.403,0.403,-13.8,0.443,0.403,-13.6,0.451,0.403,-13.6,0.451,0.403,-13.8,0.449,0.403,0,-1.0,77.183
20110101_0957,-27.02,-63.21,586.0,FJ.HAJF.00,24.979,118.959,177.178,1832.808,1906.568,1932.864,925.0,12.54,0.252,0.294,0.33,0.34,0.312,-0.1,1.0,0.819,0.691,3.4,0.424,0.424,10.7,0.37,0.424,10.7,0.405,0.424,10.8,0.406,0.424,10.8,0.395,0.424,0,-1.0,-140.612
20110101_0957,-27.02,-63.21,586.0,HK.HKPS.00,22.278,114.142,174.682,1821.03,1891.195,1916.003,926.0,3.662,0.483,0.523,0.529,0.521,0.52,-0.9,0.8,0.795,0.588,2.3,0.811,0.811,2.2,0.85,0.811,2.1,0.869,0.811,2.2,0.884,0.811,2.2,0.86,0.811,1,0.0,154.512
20110101_0957,-27.02,-63.21,586.0,XJ.LSG.00,45.564,84.275,148.246,1684.311,1721.139,1732.984,927.0,2.016,0.086,0.129,0.129,0.123,0.135,2.3,2.1,0.71,0.679,5.8,0.678,0.678,8.2,0.826,0.678,8.4,0.82,0.678,8.5,0.817,0.678,8.2,0.831,0.678,0,-1.0,45.549
20110101_0957,-27.02,-63.21,586.0,NX.HYU.00,36.501,105.601,166.588,1781.509,1840.538,1860.804,928.0,3.222,-0.087,-0.222,-0.238,0.263,-0.232,6.8,3.3,0.549,-0.579,8.0,0.481,0.481,8.5,0.414,0.481,8.9,0.347,0.481,-0.8,0.337,0.481,8.8,0.371,0.481,0,-1.0,41.56
20110101_0957,-27.02,-63.21,586.0,YP.NE69.,44.837,123.727,161.336,1754.769,1806.984,1824.594,929.0,2.453,0.085,0.167,0.168,0.17,0.168,-0.6,2.8,0.796,-0.773,-0.1,0.282,0.282,6.5,0.333,0.282,6.3,0.338,0.282,6.1,0.354,0.282,6.2,0.345,0.282,0,-1.0,-15.297
20110101_0957,-27.02,-63.21,586.0,HE.YAY.00,40.161,114.169,166.681,1781.972,1841.124,1861.439,930.0,4.014,0.16,0.158,0.171,0.176,0.172,0.6,4.9,0.693,-0.835,10.0,0.602,0.602,9.6,0.631,0.602,9.7,0.595,0.602,9.7,0.556,0.602,9.7,0.57,0.602,0,-1.0,8.507
20110101_0957,-27.02,-63.21,586.0,NX.ZHW.00,37.586,105.244,165.641,1776.749,1834.526,1854.294,931.0,3.433,0.1,0.081,0.093,0.085,0.081,-2.9,0.7,0.853,-0.732,-4.7,0.627,0.627,-4.3,0.768,0.627,-4.2,0.811,0.627,-4.2,0.823,0.627,-4.2,0.795,0.627,0,-1.0,39.129
20110101_0957,-27.02,-63.21,586.0,XJ.JHE.00,44.65,83.02,147.79,1681.756,1718.092,1729.76,932.0,1.155,-0.133,0.104,0.124,0.123,0.111,2.0,-3.5,0.487,0.468,2.4,0.595,0.595,8.2,0.638,0.595,8.3,0.619,0.595,8.4,0.618,0.595,8.1,0.632,0.595,0,-1.0,47.806
20110101_0957,-27.02,-63.21,586.0,YP.NE94.,46.896,123.343,159.464,1745.032,1794.897,1811.612,933.0,2.844,-0.016,0.192,0.193,0.197,0.195,1.2,0.8,0.76,0.677,-4.3,0.553,0.553,-5.4,0.468,0.553,-5.4,0.467,0.553,-5.6,0.46,0.553,-5.5,0.461,0.553,0,-1.0,-12.682
20110101_0957,-27.02,-63.21,586.0,SX.ZCH.00,40.272,113.348,166.445,1780.79,1839.629,1859.819,934.0,3.761,0.265,0.343,0.325,0.313,0.326,-0.9,3.4,0.683,-0.89,9.0,0.574,0.574,8.0,0.696,0.574,8.0,0.676,0.574,8.0,0.657,0.574,8.0,0.669,0.574,1,2.0,10.998
20110101_0957,-27.02,-63.21,586.0,XJ.WNQ.00,45.0,81.0,146.327,1673.512,1708.288,1719.396,935.0,0.886,-0.062,-0.128,-0.095,-0.096,-0.117,-5.2,0.7,0.489,0.21,6.8,0.748,0.748,8.6,0.74,0.748,8.7,0.699,0.748,8.7,0.699,0.748,8.6,0.724,0.748,0,-1.0,48.162
20110101_0957,-27.02,-63.21,586.0,HE.CHD.00,41.016,117.918,165.973,1778.421,1836.636,1856.578,936.0,2.363,0.065,0.074,0.07,0.07,0.068,0.2,4.2,0.933,-0.589,-1.8,0.598,0.598,-1.1,0.762,0.598,-1.0,0.777,0.598,-0.9,0.788,0.598,-1.0,0.785,0.598,0,-1.0,-3.43
20110101_0957,-27.02,-63.21,586.0,BU.WAX.00,38.864,115.063,168.068,1788.89,1849.896,1870.957,937.0,5.101,0.056,0.044,0.05,0.051,0.05,8.4,-3.5,0.61,-0.41,9.0,0.342,0.342,1.8,0.544,0.342,1.9,0.505,0.342,9.4,0.461,0.342,1.9,0.47,0.342,0,-1.0,6.327
20110101_0957,-27.02,-63.21,586.0,CQ.WUX.00,31.401,109.611,172.357,1809.882,1876.767,1900.227,938.0,3.821,0.226,-0.053,-0.055,-0.06,-0.057,-2.3,-1.9,0.533,0.715,7.8,0.413,0.413,5.4,0.457,0.413,5.4,0.444,0.413,5.4,0.442,0.413,5.4,0.451,0.413,0,-1.0,51.916
20110101_0957,-27.02,-63.21,586.0,GS.HXT.00,36.59,107.271,167.484,1785.983,1846.205,1866.949,939.0,3.449,0.147,0.157,0.14,0.143,0.155,-3.2,2.5,0.649,-0.342,-7.5,0.605,0.605,8.4,0.37,0.605,8.4,0.38,0.605,8.4,0.377,0.605,8.4,0.373,0.605,0,-1.0,37.027
20110101_0957,-27.02,-63.21,586.0,YP.NE8G.,46.108,131.427,157.665,1735.561,1783.215,1799.094,940.0,3.869,0.36,0.374,0.377,0.378,0.379,-0.1,0.2,0.822,0.836,0.5,0.691,0.691,0.9,0.654,0.691,1.0,0.632,0.691,1.0,0.617,0.691,0.9,0.625,0.691,1,5.0,-27.195
20110101_0957,-27.02,-63.21,586.0,ZN.GUMA.,-9.225,150.87,130.956,1582.737,1603.124,1609.3,941.0,3.776,0.534,0.538,0.548,0.576,0.557,1.7,2.5,0.627,0.549,1.8,0.815,0.815,1.7,0.829,0.815,1.6,0.829,0.815,1.3,0.833,0.815,1.5,0.831,0.815,1,8.0,-133.119
20110101_0957,-27.02,-63.21,586.0,ZN.SAGI.,-10.438,150.151,130.499,1579.922,1599.941,1605.998,942.0,0.328,-0.011,0.009,0.004,-0.001,0.004,9.4,-4.1,0.625,-0.968,-9.1,0.616,0.616,-9.2,0.628,0.616,-9.3,0.622,0.616,-9.5,0.615,0.616,-9.4,0.622,0.616,0,-1.0,-134.865
20110101_0957,-27.02,-63.21,586.0,1G.NOP02.,41.444,110.28,164.617,1771.571,1828.007,1847.248,943.0,5.584,0.555,0.435,0.444,0.454,0.448,0.7,0.9,0.761,0.796,-0.8,0.61,0.61,11.4,0.325,0.61,11.6,0.31,0.61,-1.2,0.359,0.61,-1.2,0.319,0.61,0,-1.0,18.326
20110101_0957,-27.02,-63.21,586.0,SD.ZCH.00,35.376,117.014,171.642,1806.42,1872.31,1895.362,944.0,4.944,0.134,0.119,0.111,0.115,0.118,-2.9,1.2,0.64,-0.917,-2.8,0.649,0.649,-1.8,0.745,0.649,-1.8,0.737,0.649,-1.8,0.734,0.649,-1.8,0.737,0.649,0,-1.0,-1.2
20110101_0957,-27.02,-63.21,586.0,AH.DYN.00,32.644,117.469,174.345,1819.425,1889.109,1913.719,945.0,4.881,0.305,0.292,0.279,0.28,0.283,3.4,-3.5,0.576,-0.451,-0.1,0.544,0.544,0.5,0.536,0.544,0.5,0.529,0.544,0.6,0.526,0.544,0.6,0.533,0.544,0,-1.0,-5.409
20110101_0957,-27.02,-63.21,586.0,IC.KMI.10,25.148,102.747,167.257,1784.85,1844.769,1865.392,946.0,2.28,0.111,0.119,0.147,0.132,0.127,8.1,4.3,0.629,-0.775,1.9,0.617,0.617,9.2,0.517,0.617,9.3,0.435,0.617,9.2,0.461,0.617,9.2,0.501,0.617,0,-1.0,95.703
20110101_0957,-27.02,-63.21,586.0,GS.YMG.00,40.521,93.661,156.626,1730.048,1776.448,1791.853,947.0,0.947,0.182,0.176,0.177,0.173,0.177,6.8,-2.9,0.507,-0.866,5.2,0.54,0.54,6.3,0.438,0.54,6.5,0.411,0.54,6.4,0.41,0.54,6.3,0.429,0.54,0,-1.0,48.574
20110101_0957,-27.02,-63.21,586.0,SD.LOK.00,37.552,120.508,169.012,1793.557,1855.839,1877.415,948.0,6.347,-0.033,-0.306,-0.281,-0.268,-0.279,0.1,0.6,0.742,0.603,-4.1,0.467,0.467,-3.2,0.82,0.467,-3.0,0.828,0.467,-2.9,0.831,0.467,-3.0,0.824,0.467,0,-1.0,-15.161
20110101_0957,-27.02,-63.21,586.0,YP.NE64.,44.784,118.763,162.166,1759.048,1812.321,1830.336,949.0,2.684,0.308,0.367,0.37,0.374,0.373,2.5,2.6,0.483,0.532,-9.1,0.607,0.607,-7.9,0.596,0.607,-7.7,0.582,0.607,-7.6,0.566,0.607,-7.7,0.575,0.607,0,-1.0,-4.501
20110101_0957,-27.02,-63.21,586.0,CQ.FUL.00,29.726,107.438,171.341,1804.956,1870.428,1893.309,950.0,2.468,0.264,0.14,0.173,0.157,0.153,3.9,3.9,0.869,0.96,10.5,0.575,0.575,6.5,0.588,0.575,8.6,0.566,0.575,8.3,0.556,0.575,7.0,0.554,0.575,0,-1.0,68.86
20110101_0957,-27.02,-63.21,586.0,ZN.AGAN.,-9.931,149.388,131.37,1585.284,1606.005,1612.292,951.0,4.427,0.599,0.591,0.596,0.601,0.597,0.3,0.5,0.863,0.837,0.4,0.804,0.804,0.4,0.815,0.804,0.2,0.816,0.804,0.0,0.817,0.804,0.2,0.816,0.804,1,8.0,-135.202
20110101_0957,-27.02,-63.21,586.0,JX.YOX.00,29.083,115.606,177.688,1835.188,1909.692,1936.296,952.0,2.911,-0.097,0.013,0.013,0.006,0.005,0.4,0.9,0.593,0.593,-10.5,0.465,0.465,7.3,0.382,0.465,7.4,0.367,0.465,7.5,0.362,0.465,7.4,0.375,0.465,0,-1.0,22.574
20110101_0957,-27.02,-63.21,586.0,GS.JYG.00,39.811,98.21,159.971,1747.678,1798.174,1815.129,953.0,3.025,0.014,0.123,0.151,0.165,0.14,2.5,-1.0,0.557,-0.554,3.6,0.734,0.734,4.8,0.608,0.734,5.2,0.555,0.734,5.3,0.539,0.734,5.0,0.576,0.734,0,-1.0,45.256
20110101_0957,-27.02,-63.21,586.0,JS.RD.00,32.401,121.135,173.429,1815.041,1883.429,1907.506,954.0,0.166,-0.024,-0.013,-0.03,-0.03,-0.037,-2.0,-2.3,0.388,0.47,-2.6,0.635,0.635,-2.3,0.645,0.635,-2.5,0.655,0.635,-2.5,0.658,0.635,-2.6,0.654,0.635,0,-1.0,-32.366
20110101_0957,-27.02,-63.21,586.0,GS.SBC.00,39.491,95.922,158.639,1740.705,1789.551,1805.88,955.0,1.665,0.213,0.122,0.124,0.13,0.124,0.5,-3.3,0.822,-0.828,2.6,0.691,0.691,4.9,0.465,0.691,5.2,0.481,0.691,5.3,0.481,0.691,5.1,0.474,0.691,0,-1.0,48.702
20110101_0957,-27.02,-63.21,586.0,GE.SMRI.,-7.049,110.441,145.38,1668.147,1701.926,1712.68,956.0,1.418,0.278,0.284,0.282,0.263,0.268,-3.2,3.2,0.358,0.066,-5.0,0.358,0.358,-5.1,0.4,0.358,-5.2,0.397,0.358,5.2,0.371,0.358,5.3,0.375,0.358,0,-1.0,168.976
20110101_0957,-27.02,-63.21,586.0,NM.WUH.00,39.665,106.839,164.891,1772.959,1829.753,1849.133,957.0,3.341,0.235,0.196,0.202,0.21,0.204,7.0,3.4,0.575,-0.853,-1.6,0.641,0.641,-1.5,0.633,0.641,-1.4,0.664,0.641,-1.3,0.684,0.641,-1.4,0.661,0.641,0,-1.0,30.157
20110101_0957,-27.02,-63.21,586.0,6F.BL12.,-22.739,133.481,127.69,1562.46,1580.293,1585.65,958.0,5.773,0.605,0.596,0.588,0.599,0.608,0.0,0.7,0.825,0.844,0.7,0.756,0.756,0.8,0.757,0.756,0.8,0.756,0.756,0.5,0.758,0.756,0.5,0.759,0.756,1,6.0,-160.536
20110101_0957,-27.02,-63.21,586.0,AU.QIS.,-20.558,139.605,127.541,1561.524,1579.244,1584.566,959.0,7.207,0.63,0.56,0.557,0.56,0.558,0.3,0.3,0.861,0.871,0.2,0.73,0.73,0.1,0.688,0.73,0.1,0.687,0.73,-0.1,0.69,0.73,-0.1,0.689,0.73,1,6.0,-152.873
20110101_0957,-27.02,-63.21,586.0,GD.JIX.00,23.427,115.705,176.275,1828.571,1901.021,1926.774,960.0,1.616,0.165,0.238,0.232,0.231,0.234,-8.5,0.0,0.613,-0.258,4.0,0.513,0.513,-9.6,0.438,0.513,2.5,0.47,0.513,2.4,0.51,0.513,2.4,0.489,0.513,0,-1.0,166.18
20110101_0957,-27.02,-63.21,586.0,XJ.YCH.00,37.39,77.361,145.344,1667.942,1701.682,1712.423,961.0,1.166,-0.244,0.041,0.085,0.07,0.055,-4.3,4.2,0.548,-0.873,-5.7,0.247,0.247,-4.4,0.328,0.247,-4.9,0.342,0.247,-4.8,0.341,0.247,-4.5,0.335,0.247,0,-1.0,62.555
20110101_0957,-27.02,-63.21,586.0,GD.XNY.00,22.353,110.929,172.921,1812.602,1880.277,1904.061,962.0,3.212,0.034,-0.063,-0.039,-0.037,-0.047,2.3,2.3,0.5,0.354,4.2,0.425,0.425,6.5,0.465,0.425,6.4,0.471,0.425,6.4,0.472,0.425,6.5,0.468,0.425,0,-1.0,131.916
20110101_0957,-27.02,-63.21,586.0,JL.HST.00,42.949,127.14,161.988,1758.133,1811.178,1829.106,963.0,0.536,0.133,0.027,0.052,0.059,0.053,5.1,4.7,0.593,0.587,2.3,0.429,0.429,4.3,0.469,0.429,-13.7,0.413,0.429,-13.7,0.412,0.429,-13.8,0.413,0.429,0,-1.0,-24.814
20110101_0957,-27.02,-63.21,586.0,ZN.PEMM.,-9.621,149.794,131.35,1585.163,1605.869,1612.151,964.0,2.968,0.441,0.438,0.436,0.434,0.432,2.0,-0.8,0.549,0.193,-1.5,0.386,0.386,-1.5,0.42,0.386,-1.8,0.437,0.386,-2.0,0.453,0.386,-1.8,0.436,0.386,0,-1.0,-134.53
20110101_0957,-27.02,-63.21,586.0,TJ.JIX.00,40.076,117.496,166.93,1783.222,1842.706,1863.154,965.0,2.764,0.332,0.357,0.343,0.332,0.335,0.8,0.6,0.892,0.849,1.8,0.459,0.459,1.8,0.495,0.459,1.8,0.48,0.459,1.7,0.452,0.459,1.8,0.468,0.459,0,-1.0,-2.327
20110101_0957,-27.02,-63.21,586.0,NM.XSZ.00,40.74,108.734,164.754,1772.267,1828.882,1848.192,966.0,5.014,0.495,0.345,0.364,0.382,0.365,0.5,0.5,0.901,0.941,-1.0,0.638,0.638,-1.6,0.42,0.638,-1.5,0.475,0.638,-1.4,0.517,0.638,-1.5,0.473,0.638,0,-1.0,23.373
20110101_0957,-27.02,-63.21,586.0,G.INU.00,35.35,137.029,160.837,1752.184,1803.767,1821.136,967.0,2.161,0.143,0.139,0.15,0.143,0.14,-2.2,-5.1,0.716,-0.713,-10.0,0.341,0.341,3.7,0.39,0.341,3.4,0.437,0.341,3.4,0.433,0.341,3.5,0.421,0.341,0,-1.0,-58.974
20110101_0957,-27.02,-63.21,586.0,JL.CBT.00,41.42,128.174,162.831,1762.466,1816.592,1834.935,968.0,0.756,0.052,0.215,0.209,0.211,0.208,3.2,-2.1,0.385,-0.079,-7.0,0.668,0.668,-2.2,0.662,0.668,-2.7,0.597,0.668,-3.0,0.57,0.668,-2.9,0.584,0.668,0,-1.0,-29.665
20110101_0957,-27.02,-63.21,586.0,JL.LHT.00,42.286,125.717,163.084,1763.758,1818.208,1836.677,969.0,2.954,0.384,-0.197,-0.227,-0.23,-0.22,0.8,-2.8,0.732,-0.535,-4.2,0.812,0.812,-1.3,0.422,0.812,-1.1,0.497,0.812,-1.1,0.538,0.812,-1.2,0.534,0.812,0,-1.0,-22.866
20110101_0957,-27.02,-63.21,586.0,XW.HN01.,17.961,55.921,123.548,1536.249,1551.093,1555.519,970.0,1.597,0.235,0.113,0.056,0.073,0.113,-1.5,-1.3,0.706,0.695,2.2,0.791,0.791,0.3,0.44,0.791,1.0,0.472,0.791,0.8,0.46,0.791,0.4,0.437,0.791,0,-1.0,85.735
20110101_0957,-27.02,-63.21,586.0,KN.ULHL.,42.246,76.242,143.759,1658.889,1690.991,1701.157,971.0,2.052,-0.026,0.075,0.079,0.078,0.078,-4.7,-4.6,0.778,0.716,2.6,0.658,0.658,-4.7,0.621,0.658,-4.6,0.606,0.658,-4.6,0.616,0.658,-4.6,0.624,0.658,0,-1.0,54.473
20110101_0957,-27.02,-63.21,586.0,SC.YJI.00,30.034,101.012,165.826,1777.682,1835.703,1855.568,972.0,1.06,0.035,0.057,0.067,0.066,0.06,5.7,0.0,0.543,0.168,-8.9,0.51,0.51,-8.7,0.539,0.51,-8.6,0.537,0.51,-8.6,0.542,0.51,-8.7,0.545,0.51,0,-1.0,73.807
20110101_0957,-27.02,-63.21,586.0,NX.LWU.00,38.101,106.331,165.862,1777.861,1835.929,1855.813,973.0,1.329,-0.002,0.083,0.094,0.095,0.092,-3.3,-5.6,0.497,-0.444,-11.7,0.55,0.55,-11.5,0.593,0.55,-11.3,0.59,0.55,-11.3,0.587,0.55,-11.4,0.594,0.55,0,-1.0,35.165
20110101_0957,-27.02,-63.21,586.0,CQ.SHZ.00,30.244,108.385,171.952,1807.921,1874.241,1897.469,974.0,2.823,0.077,0.343,0.348,0.347,0.356,1.7,1.6,0.864,0.827,7.8,0.352,0.352,-6.8,0.54,0.352,-6.7,0.538,0.352,-6.7,0.536,0.352,-6.8,0.548,0.352,1,4.0,63.379
20110101_0957,-27.02,-63.21,586.0,BU.HBZ.00,38.248,114.308,168.58,1791.425,1853.122,1874.461,975.0,5.259,0.031,0.052,0.049,0.042,0.049,0.8,1.2,0.59,0.446,8.7,0.418,0.418,7.5,0.376,0.418,7.6,0.369,0.418,7.7,0.359,0.418,7.7,0.362,0.418,0,-1.0,9.589
20110101_0957,-27.02,-63.21,586.0,AK.SPIA.,57.177,-170.248,121.551,1523.413,1536.929,1540.947,976.0,0.944,0.115,0.152,0.155,0.155,0.153,-6.4,4.1,0.654,-0.786,-6.7,0.263,0.263,-6.7,0.28,0.263,-0.2,0.289,0.263,-6.8,0.283,0.263,-6.8,0.28,0.263,0,-1.0,-37.534
20110101_0957,-27.02,-63.21,586.0,IC.XAN.10,34.031,108.923,170.256,1799.667,1863.647,1885.916,977.0,2.82,-0.129,-0.025,-0.034,-0.033,-0.027,4.6,4.5,0.84,0.835,-2.3,0.632,0.632,-1.9,0.694,0.632,-1.8,0.685,0.632,-1.7,0.694,0.632,-1.8,0.698,0.632,0,-1.0,41.001
20110101_0957,-27.02,-63.21,586.0,TM.NONG.,18.063,103.146,164.559,1771.277,1827.638,1846.849,978.0,2.34,0.153,0.252,0.253,0.254,0.259,-0.2,0.0,0.794,0.555,-2.2,0.62,0.62,-1.8,0.569,0.62,-1.7,0.557,0.62,-1.7,0.556,0.62,-1.7,0.558,0.62,0,-1.0,123.462
20110101_0957,-27.02,-63.21,586.0,LN.XFN.00,42.742,124.712,163.008,1763.368,1817.721,1836.152,979.0,5.041,0.067,-0.045,-0.045,-0.046,-0.048,-6.5,-2.4,0.532,-0.541,2.0,0.882,0.882,2.4,0.642,0.882,2.4,0.616,0.882,2.5,0.605,0.882,2.5,0.604,0.882,0,-1.0,-19.934
20110101_0957,-27.02,-63.21,586.0,YP.NE73.,45.444,118.028,161.549,1755.871,1808.357,1826.071,980.0,1.626,0.126,0.082,0.087,0.086,0.087,2.0,2.4,0.771,0.749,-5.2,0.553,0.553,-3.6,0.653,0.553,-3.5,0.675,0.553,-3.3,0.711,0.553,-3.4,0.694,0.553,0,-1.0,-2.702
20110101_0957,-27.02,-63.21,586.0,BU.LBG.00,40.899,116.596,166.12,1779.158,1837.567,1857.586,981.0,2.931,0.064,0.083,0.107,0.114,0.118,1.2,1.5,0.594,0.462,-1.1,0.622,0.622,-0.6,0.752,0.622,-0.5,0.772,0.622,-0.5,0.788,0.622,-0.4,0.782,0.622,0,-1.0,0.597
20110101_0957,-27.02,-63.21,586.0,KZ.BRVK.,53.058,70.283,137.02,1619.472,1645.07,1652.997,982.0,1.622,0.111,0.219,0.223,0.226,0.221,1.3,4.7,0.74,-0.781,9.3,0.578,0.578,8.6,0.518,0.578,8.3,0.495,0.578,8.3,0.498,0.578,8.5,0.511,0.578,0,-1.0,39.759
20110101_0957,-27.02,-63.21,586.0,JL.PST.00,42.95,126.078,162.373,1760.113,1813.652,1831.768,983.0,3.805,0.22,-0.024,-0.007,0.004,0.004,3.0,3.4,0.78,0.627,11.7,0.404,0.404,1.8,0.345,0.404,1.8,0.388,0.404,1.8,0.411,0.404,1.7,0.412,0.404,0,-1.0,-22.618
20110101_0957,-27.02,-63.21,586.0,JS.SQ.00,34.05,118.307,172.85,1812.259,1879.833,1903.576,984.0,6.284,0.352,0.098,0.098,0.103,0.103,-0.4,2.7,0.619,-0.771,0.4,0.456,0.456,-0.8,0.461,0.456,-0.8,0.465,0.456,-0.8,0.47,0.456,-0.8,0.469,0.456,0,-1.0,-9.611
20110101_0957,-27.02,-63.21,586.0,JS.WX.00,31.525,120.223,174.591,1820.597,1890.632,1915.387,985.0,9.513,0.106,0.027,0.029,0.043,0.028,1.1,1.6,0.805,0.717,3.4,0.842,0.842,4.3,0.858,0.842,4.5,0.854,0.842,4.6,0.846,0.842,4.6,0.85,0.842,0,-1.0,-30.813
20110101_0957,-27.02,-63.21,586.0,SX.BOD.00,38.955,111.001,167.123,1784.183,1843.923,1864.474,986.0,2.923,0.379,0.295,0.299,0.308,0.301,-4.0,4.0,0.8,-0.041,-4.1,0.527,0.527,4.4,0.508,0.527,4.5,0.494,0.527,4.5,0.484,0.527,4.5,0.491,0.527,0,-1.0,20.105
20110101_0957,-27.02,-63.21,586.0,YP.NE23.,42.378,118.15,164.602,1771.493,1827.909,1847.142,987.0,1.554,0.259,0.212,0.21,0.204,0.207,0.7,1.2,0.521,0.534,2.2,0.518,0.518,3.7,0.464,0.518,3.9,0.452,0.518,4.0,0.445,0.518,3.9,0.45,0.518,0,-1.0,-3.708
20110101_0957,-27.02,-63.21,586.0,YP.NEP3.,44.583,124.978,161.248,1754.311,1806.414,1823.981,988.0,3.953,-0.02,0.202,0.201,0.203,0.201,0.7,0.6,0.741,0.721,7.9,0.513,0.513,7.8,0.311,0.513,7.5,0.379,0.513,7.3,0.414,0.513,7.4,0.4,0.513,0,-1.0,-18.132
20110101_0957,-27.02,-63.21,586.0,YP.NE48.,43.593,127.615,161.258,1754.365,1806.48,1824.053,989.0,4.514,0.056,0.168,0.177,0.174,0.171,-0.2,0.7,0.673,0.542,-8.1,0.785,0.785,-8.0,0.857,0.785,-8.1,0.844,0.785,-8.2,0.836,0.785,-8.1,0.84,0.785,0,-1.0,-24.714
20110101_0957,-27.02,-63.21,586.0,SN.FUPI.00,34.974,109.145,169.702,1796.952,1860.173,1882.132,990.0,3.933,-0.04,-0.057,-0.062,-0.055,-0.056,5.9,3.0,0.645,-0.743,-0.9,0.655,0.655,-1.0,0.651,0.655,-1.0,0.657,0.655,-0.9,0.671,0.655,-1.0,0.656,0.655,0,-1.0,36.591
20110101_0957,-27.02,-63.21,586.0,FJ.NDZW.00,26.678,119.562,177.503,1834.329,1908.563,1935.056,991.0,11.416,0.426,0.331,0.343,0.333,0.327,-0.8,-0.2,0.881,0.843,0.3,0.815,0.815,0.7,0.777,0.815,0.3,0.87,0.815,0.4,0.839,0.815,0.7,0.775,0.815,1,20.0,-99.149
20110101_0957,-27.02,-63.21,586.0,QH.MIH.00,36.369,102.784,164.882,1772.917,1829.7,1849.076,992.0,3.393,0.285,0.309,0.317,0.316,0.313,0.7,-2.3,0.687,-0.843,-7.7,0.7,0.7,-7.1,0.762,0.7,-7.1,0.769,0.7,-7.0,0.771,0.7,-7.0,0.767,0.7,1,14.0,47.78
20110101_0957,-27.02,-63.21,586.0,FJ.PHSG.00,24.399,117.342,177.332,1833.528,1907.512,1933.901,993.0,5.55,0.266,0.32,0.315,0.317,0.314,-4.2,-3.5,0.645,0.573,-3.1,0.834,0.834,-2.6,0.911,0.834,-2.7,0.9,0.834,-2.7,0.887,0.834,-2.7,0.897,0.834,1,3.0,-170.755
20110101_0957,-27.02,-63.21,586.0,XJ.WUQ.00,39.74,75.238,143.425,1656.972,1688.734,1698.781,994.0,1.329,0.025,0.166,0.163,0.164,0.165,7.2,2.5,0.525,-0.515,7.6,0.733,0.733,-0.5,0.444,0.733,-0.6,0.401,0.733,-0.6,0.415,0.733,-0.5,0.435,0.733,0,-1.0,58.871
20110101_0957,-27.02,-63.21,586.0,JS.XW.00,34.498,119.542,172.158,1808.918,1875.525,1898.871,995.0,0.425,-0.085,-0.083,-0.087,-0.089,-0.088,-4.3,-3.7,0.863,0.515,-1.0,0.383,0.383,-10.0,0.27,0.383,-9.8,0.291,0.383,-9.8,0.291,0.383,-9.8,0.294,0.383,0,-1.0,-16.078
20110101_0957,-27.02,-63.21,586.0,YP.NEAC.,47.674,132.599,155.928,1726.323,1771.888,1786.98,996.0,4.745,0.338,0.358,0.358,0.359,0.359,8.9,-1.0,0.338,0.119,-11.3,0.446,0.446,-11.1,0.475,0.446,-11.2,0.496,0.446,-11.2,0.507,0.446,-11.2,0.509,0.446,0,-1.0,-26.511
20110101_0957,-27.02,-63.21,586.0,YN.MEL.00,22.337,99.58,163.692,1766.866,1822.101,1840.874,997.0,1.619,-0.17,0.064,0.026,0.031,0.051,-1.3,-1.2,0.811,0.857,-10.2,0.673,0.673,-1.1,0.659,0.673,-1.0,0.635,0.673,-1.0,0.637,0.673,-1.0,0.651,0.673,0,-1.0,103.448
20110101_0957,-27.02,-63.21,586.0,JS.LAS.00,33.772,119.283,172.915,1812.571,1880.236,1904.016,998.0,0.365,0.009,0.003,0.003,0.002,0.003,13.0,4.4,0.587,-0.03,9.4,0.724,0.724,10.8,0.694,0.724,10.7,0.699,0.724,10.8,0.696,0.724,10.7,0.699,0.724,0,-1.0,-16.162
20110101_0957,-27.02,-63.21,586.0,NM.XIH.00,42.252,119.889,164.559,1771.276,1827.636,1846.847,999.0,1.171,0.128,0.134,0.137,0.141,0.141,-13.1,-4.5,0.148,-0.912,5.7,0.366,0.366,-8.7,0.539,0.366,-8.6,0.546,0.366,-8.6,0.553,0.366,-8.6,0.554,0.366,0,-1.0,-8.468
20110101_0957,-27.02,-63.21,586.0,HI.NAD.00,19.534,109.619,170.033,1798.576,1862.251,1884.394,1000.0,5.835,0.001,0.157,0.196,0.182,0.162,-1.0,-0.6,0.878,0.846,-2.7,0.49,0.49,0.7,0.387,0.49,0.5,0.415,0.49,0.6,0.406,0.49,0.7,0.411,0.49,0,-1.0,138.532
20110101_0957,-27.02,-63.21,586.0,IC.HIA.00,49.27,119.741,157.634,1735.396,1783.013,1798.877,1001.0,5.471,0.408,0.283,0.292,0.301,0.296,1.1,1.2,0.923,0.856,-2.9,0.809,0.809,3.3,0.585,0.809,3.0,0.617,0.809,2.7,0.645,0.809,2.8,0.636,0.809,0,-1.0,-5.008
20110101_0957,-27.02,-63.21,586.0,AU.AS31.,-23.666,133.904,126.687,1556.164,1573.242,1578.364,1002.0,2.974,0.665,0.652,0.657,0.665,0.666,0.8,1.0,0.86,0.941,0.7,0.843,0.843,0.5,0.828,0.843,0.4,0.826,0.843,0.3,0.823,0.843,0.3,0.822,0.843,1,6.0,-160.449
20110101_0957,-27.02,-63.21,586.0,YP.NE76.,45.535,120.576,161.241,1754.279,1806.373,1823.937,1003.0,4.119,0.168,0.104,0.109,0.114,0.108,1.4,1.5,0.954,0.929,-5.5,0.538,0.538,-3.7,0.69,0.538,-3.6,0.688,0.538,-3.4,0.692,0.538,-3.5,0.693,0.538,0,-1.0,-8.144
20110101_0957,-27.02,-63.21,586.0,HE.TLK.00,40.139,119.045,166.749,1782.312,1841.554,1861.905,1004.0,4.282,0.158,0.11,0.116,0.114,0.112,0.1,0.2,0.926,0.923,8.7,0.427,0.427,-1.9,0.612,0.427,-1.7,0.634,0.427,-1.7,0.651,0.427,-1.7,0.643,0.427,0,-1.0,-7.35
20110101_0957,-27.02,-63.21,586.0,LN.BZH.00,41.599,121.764,164.86,1772.805,1829.559,1848.924,1005.0,4.999,0.022,0.215,0.224,0.223,0.228,0.5,0.6,0.947,0.93,-2.3,0.549,0.549,0.4,0.733,0.549,0.6,0.735,0.549,0.7,0.735,0.549,0.6,0.739,0.549,0,-1.0,-14.082
20110101_0957,-27.02,-63.21,586.0,TM.MHIT.,19.315,97.963,161.084,1753.462,1805.357,1822.845,1006.0,4.087,0.237,0.291,0.293,0.291,0.291,-1.6,-1.2,0.456,0.479,-6.8,0.631,0.631,-6.2,0.706,0.631,-6.1,0.723,0.631,-6.1,0.722,0.631,-6.2,0.714,0.631,0,-1.0,110.615
20110101_0957,-27.02,-63.21,586.0,YN.QIJ.00,26.91,102.943,167.664,1786.882,1847.346,1868.188,1007.0,1.98,0.048,0.145,0.125,0.128,0.138,-2.3,0.6,0.429,-0.675,-12.9,0.377,0.377,-7.7,0.414,0.377,-7.6,0.387,0.377,-7.6,0.397,0.377,-7.7,0.409,0.377,0,-1.0,87.498
20110101_0957,-27.02,-63.21,586.0,GD.YND.00,24.126,113.363,175.766,1826.168,1897.884,1923.332,1008.0,1.121,0.106,-0.035,-0.009,-0.009,-0.007,6.8,2.6,0.577,-0.891,7.7,0.576,0.576,7.5,0.763,0.576,7.5,0.772,0.576,7.5,0.762,0.576,7.5,0.768,0.576,0,-1.0,135.616
20110101_0957,-27.02,-63.21,586.0,LN.SUZ.00,40.377,120.244,166.341,1780.27,1838.971,1859.106,1009.0,13.284,0.131,0.119,0.118,0.113,0.116,0.0,-0.4,0.761,0.702,-3.7,0.42,0.42,-0.9,0.514,0.42,-0.9,0.533,0.42,-0.8,0.545,0.42,-0.8,0.543,0.42,0,-1.0,-10.939
20110101_0957,-27.02,-63.21,586.0,NM.MZL.00,49.555,117.44,157.46,1734.477,1781.883,1797.668,1010.0,3.027,0.364,0.331,0.314,0.307,0.314,-3.4,-3.4,0.741,0.664,-0.1,0.423,0.423,-4.5,0.456,0.423,-4.5,0.472,0.423,-4.5,0.475,0.423,-4.6,0.468,0.423,0,-1.0,-1.088
20110101_0957,-27.02,-63.21,586.0,1G.NOP05.,39.871,109.883,165.928,1778.195,1836.351,1856.269,1011.0,2.343,0.164,0.148,0.146,0.145,0.146,3.6,3.9,0.753,0.856,6.6,0.353,0.353,-0.9,0.393,0.353,-0.7,0.394,0.353,-0.6,0.397,0.353,-0.7,0.392,0.353,0,-1.0,21.836
20110101_0957,-27.02,-63.21,586.0,XJ.YJS.00,38.521,76.486,144.535,1663.336,1696.235,1706.68,1012.0,1.304,-0.016,0.12,0.125,0.119,0.121,-7.7,-3.4,0.476,-0.044,3.0,0.518,0.518,4.4,0.483,0.518,4.6,0.421,0.518,4.6,0.43,0.518,4.4,0.466,0.518,0,-1.0,60.725
20110101_0957,-27.02,-63.21,586.0,SD.RSH.00,36.92,121.599,169.296,1794.958,1857.626,1879.36,1013.0,2.593,-0.03,-0.077,-0.056,-0.044,-0.058,0.6,4.2,0.658,-0.406,7.5,0.716,0.716,7.7,0.516,0.716,7.8,0.44,0.716,2.6,0.398,0.716,7.8,0.403,0.716,0,-1.0,-20.502
20110101_0957,-27.02,-63.21,586.0,SC.CXI.00,31.707,105.95,169.462,1795.772,1858.665,1880.49,1014.0,2.472,0.032,-0.046,0.016,0.02,-0.017,2.5,-0.3,0.58,-0.693,6.6,0.261,0.261,9.2,0.482,0.261,9.2,0.386,0.261,9.2,0.377,0.261,9.2,0.435,0.261,0,-1.0,60.235
20110101_0957,-27.02,-63.21,586.0,HA.LZH.00,36.061,113.835,170.616,1801.424,1865.898,1888.369,1015.0,3.136,0.092,0.209,0.203,0.18,0.188,0.1,4.0,0.751,-0.786,2.3,0.479,0.479,1.9,0.749,0.479,2.0,0.734,0.479,2.1,0.714,0.479,2.0,0.728,0.479,0,-1.0,14.247
20110101_0957,-27.02,-63.21,586.0,LN.HSH.00,39.537,121.274,166.938,1783.262,1842.756,1863.209,1016.0,4.254,0.058,-0.006,0.001,-0.001,-0.003,0.6,1.0,0.85,0.887,10.5,0.423,0.423,0.5,0.839,0.423,0.6,0.84,0.423,0.7,0.84,0.423,0.6,0.844,0.423,0,-1.0,-15.09
20110101_0957,-27.02,-63.21,586.0,NM.QSH.00,39.9,111.673,166.438,1780.756,1839.586,1859.773,1017.0,6.558,0.222,0.261,0.266,0.27,0.272,1.8,1.8,0.548,0.59,10.5,0.466,0.466,9.6,0.516,0.466,9.6,0.504,0.466,9.6,0.494,0.466,9.6,0.5,0.466,0,-1.0,16.569
20110101_0957,-27.02,-63.21,586.0,TM.CRAI.,20.229,100.373,163.517,1765.975,1820.985,1839.67,1018.0,3.053,0.076,0.082,0.068,0.067,0.077,-0.7,-0.7,0.693,0.737,-1.6,0.8,0.8,-1.1,0.665,0.8,-1.0,0.647,0.8,-1.0,0.646,0.8,-1.1,0.655,0.8,0,-1.0,111.481
20110101_0957,-27.02,-63.21,586.0,ZJ.WEZ.00,27.927,120.668,176.442,1829.357,1902.049,1927.901,1019.0,18.555,0.348,0.361,0.334,0.34,0.351,-0.9,-0.9,0.921,0.933,0.3,0.903,0.903,0.6,0.507,0.903,-2.3,0.516,0.903,-2.2,0.434,0.903,0.5,0.39,0.903,1,7.0,-72.415
20110101_0957,-27.02,-63.21,586.0,JL.FMT.00,43.728,126.664,161.486,1755.545,1807.951,1825.634,1020.0,2.658,0.138,-0.036,-0.029,-0.029,-0.033,4.6,4.3,0.58,0.222,14.0,0.457,0.457,-6.4,0.392,0.457,-6.6,0.386,0.457,-6.7,0.385,0.457,-6.7,0.374,0.457,0,-1.0,-22.652
20110101_0957,-27.02,-63.21,586.0,XW.GBRA.,19.092,56.553,124.506,1542.366,1557.872,1562.504,1021.0,0.994,0.117,-0.008,0.032,0.034,0.015,2.8,3.4,0.618,0.731,8.6,0.626,0.626,6.6,0.677,0.626,6.3,0.68,0.626,6.4,0.678,0.626,6.6,0.677,0.626,0,-1.0,84.711
20110101_0957,-27.02,-63.21,586.0,KN.USP.,43.267,74.5,142.302,1650.493,1681.126,1690.78,1022.0,1.945,0.221,0.235,0.232,0.232,0.234,-9.4,-4.0,0.648,-0.359,0.7,0.65,0.65,1.9,0.394,0.65,2.4,0.352,0.65,2.4,0.342,0.65,2.1,0.37,0.65,0,-1.0,53.242
20110101_0957,-27.02,-63.21,586.0,IU.CTAO.00,-20.088,146.255,124.918,1544.983,1560.779,1565.501,1023.0,4.762,0.494,0.489,0.492,0.508,0.496,1.2,-3.7,0.936,-0.346,1.9,0.579,0.579,2.3,0.585,0.579,2.3,0.581,0.579,2.1,0.565,0.579,2.2,0.578,0.579,1,6.0,-145.842
20110101_0957,-27.02,-63.21,586.0,NM.BLM.00,41.71,110.428,164.411,1770.528,1826.697,1845.833,1024.0,3.114,0.466,0.353,0.367,0.382,0.371,0.8,-2.9,0.434,-0.835,-8.7,0.508,0.508,4.9,0.366,0.508,5.2,0.367,0.508,-9.0,0.381,0.508,5.2,0.366,0.508,0,-1.0,17.588
20110101_0957,-27.02,-63.21,586.0,SX.LIC.00,35.691,113.291,170.831,1802.473,1867.243,1889.836,1025.0,7.829,0.352,0.332,0.34,0.344,0.339,-0.2,3.2,0.824,-0.814,1.0,0.43,0.43,1.6,0.592,0.43,1.7,0.574,0.43,1.8,0.554,0.43,1.7,0.569,0.43,1,2.0,17.431
20110101_0957,-27.02,-63.21,586.0,SD.LAY.00,36.988,120.721,169.493,1795.923,1858.858,1880.7,1026.0,3.01,0.087,-0.032,-0.033,-0.032,-0.036,6.0,5.7,0.679,0.651,13.9,0.367,0.367,1.9,0.632,0.367,1.8,0.64,0.367,1.8,0.641,0.367,1.8,0.644,0.367,0,-1.0,-16.906
20110101_0957,-27.02,-63.21,586.0,YP.NE77.,45.425,121.495,161.216,1754.151,1806.214,1823.766,1027.0,2.725,0.079,0.197,0.203,0.215,0.209,-0.8,-4.4,0.831,-0.485,-7.3,0.852,0.852,-5.4,0.81,0.852,-5.3,0.797,0.852,-5.1,0.775,0.852,-5.2,0.785,0.852,0,-1.0,-10.145
20110101_0957,-27.02,-63.21,586.0,SX.XAX.00,35.12,111.237,170.611,1801.4,1865.868,1888.336,1028.0,3.161,0.004,0.027,0.006,-0.003,0.016,1.2,4.7,0.712,-0.931,2.7,0.649,0.649,2.4,0.807,0.649,2.5,0.787,0.649,2.6,0.772,0.649,2.4,0.791,0.649,0,-1.0,28.055
20110101_0957,-27.02,-63.21,586.0,HE.CXT.00,36.434,114.051,170.303,1799.897,1863.942,1886.237,1029.0,5.368,0.096,0.121,0.116,0.106,0.112,0.6,4.5,0.774,-0.85,2.0,0.516,0.516,2.2,0.698,0.516,2.2,0.682,0.516,2.3,0.663,0.516,2.2,0.675,0.516,0,-1.0,12.709
20110101_0957,-27.02,-63.21,586.0,GD.SCD.00,21.711,112.796,173.565,1815.697,1884.277,1908.433,1030.0,7.139,0.193,0.293,0.312,0.316,0.294,0.0,0.0,0.75,0.774,-4.9,0.373,0.373,-0.5,0.296,0.373,-0.5,0.333,0.373,-0.5,0.351,0.373,-0.6,0.31,0.373,0,-1.0,146.673
20110101_0957,-27.02,-63.21,586.0,GX.GGS.00,23.055,109.618,172.39,1810.042,1876.973,1900.453,1031.0,3.597,0.145,-0.005,-0.011,-0.012,-0.01,3.8,4.0,0.627,0.519,8.4,0.797,0.797,4.5,0.672,0.797,4.5,0.66,0.797,4.5,0.66,0.797,4.5,0.665,0.797,0,-1.0,121.496
20110101_0957,-27.02,-63.21,586.0,YP.NE61.,44.855,115.966,162.153,1758.982,1812.238,1830.247,1032.0,1.665,0.154,0.179,0.187,0.192,0.188,-0.1,-3.0,0.607,-0.606,-7.0,0.489,0.489,-6.3,0.514,0.489,-6.3,0.521,0.489,-6.1,0.527,0.489,-6.2,0.525,0.489,0,-1.0,1.875
20110101_0957,-27.02,-63.21,586.0,ZJ.XIC.00,29.482,120.862,175.65,1825.621,1897.17,1922.55,1033.0,2.857,0.298,0.306,0.34,0.337,0.337,0.3,-0.1,0.852,0.763,1.4,0.856,0.856,0.6,0.881,0.856,0.3,0.915,0.856,0.3,0.918,0.856,0.3,0.912,0.856,1,1.0,-51.843
20110101_0957,-27.02,-63.21,586.0,YP.NEP4.,45.263,123.583,160.968,1752.863,1804.612,1822.045,1034.0,5.87,0.067,0.033,0.029,-0.066,0.028,-1.4,-1.1,0.88,0.892,-8.6,0.478,0.478,-6.5,0.636,0.478,-6.5,0.645,0.478,6.9,0.554,0.478,-6.4,0.647,0.478,0,-1.0,-14.581
20110101_0957,-27.02,-63.21,586.0,NM.WLH.00,41.519,111.706,164.912,1773.067,1829.888,1849.28,1035.0,5.988,0.478,0.322,0.334,0.357,0.347,0.3,-4.2,0.663,-0.885,-9.6,0.467,0.467,11.3,0.383,0.467,11.5,0.357,0.467,-10.3,0.368,0.467,-10.4,0.354,0.467,0,-1.0,14.467
20110101_0957,-27.02,-63.21,586.0,SN.QLIT.00,34.57,108.217,169.463,1795.775,1858.669,1880.495,1036.0,1.643,0.139,0.067,0.033,0.023,0.047,6.7,3.9,0.726,-0.492,6.5,0.568,0.568,7.0,0.628,0.568,7.0,0.593,0.568,7.0,0.566,0.568,7.0,0.607,0.568,0,-1.0,41.18
20110101_0957,-27.02,-63.21,586.0,SC.PGE.00,27.384,102.542,167.33,1785.216,1845.232,1865.894,1037.0,6.667,0.191,0.133,0.149,0.148,0.141,8.6,-0.3,0.672,-0.641,3.0,0.589,0.589,4.1,0.507,0.589,4.4,0.493,0.589,4.3,0.496,0.589,4.2,0.505,0.589,0,-1.0,85.162
20110101_0957,-27.02,-63.21,586.0,GX.YTT.00,24.029,107.518,171.117,1803.868,1869.032,1891.786,1038.0,1.776,-0.073,0.015,0.006,0.012,-0.007,-3.2,-2.8,0.612,0.742,0.7,0.593,0.593,-8.1,0.518,0.593,-7.9,0.541,0.593,-7.9,0.536,0.593,-8.1,0.53,0.593,0,-1.0,108.685
20110101_0957,-27.02,-63.21,586.0,YP.NE66.,45.004,120.704,161.745,1756.882,1809.617,1827.426,1039.0,1.399,0.071,0.05,0.061,0.07,0.063,0.9,1.2,0.757,0.726,-6.1,0.653,0.653,-4.3,0.793,0.653,-4.0,0.805,0.653,-3.9,0.809,0.653,-4.0,0.806,0.653,0,-1.0,-8.724
20110101_0957,-27.02,-63.21,586.0,SD.JUX.00,35.543,118.895,171.289,1804.706,1870.108,1892.96,1040.0,3.014,0.374,0.255,0.247,0.243,0.248,-1.3,2.7,0.693,-0.875,2.4,0.688,0.688,3.9,0.902,0.688,4.0,0.915,0.688,4.2,0.919,0.688,4.1,0.914,0.688,0,-1.0,-10.902
20110101_0957,-27.02,-63.21,586.0,MY.KKM.,6.044,116.215,159.017,1742.689,1792.001,1808.506,1041.0,3.67,0.554,0.57,0.576,0.591,0.593,-0.5,-0.4,0.857,0.882,-0.6,0.826,0.826,-0.2,0.837,0.826,-0.3,0.839,0.826,-0.5,0.843,0.826,-0.6,0.843,0.826,1,-1.0,178.435
20110101_0957,-27.02,-63.21,586.0,IU.PET.00,53.023,158.65,139.642,1634.982,1663.025,1671.784,1042.0,1.132,0.18,0.259,0.237,0.238,0.242,-6.2,-0.7,0.54,0.444,-0.4,0.395,0.395,-0.1,0.569,0.395,-0.6,0.546,0.395,-0.5,0.533,0.395,-0.5,0.538,0.395,0,-1.0,-38.283
20110101_0957,-27.02,-63.21,586.0,YP.NE67.,44.88,121.739,161.706,1756.679,1809.364,1827.154,1043.0,2.19,0.069,-0.073,-0.076,-0.078,-0.075,0.4,0.4,0.601,0.554,-6.7,0.794,0.794,-4.8,0.838,0.794,-4.7,0.833,0.794,-4.6,0.826,0.794,-4.6,0.826,0.794,0,-1.0,-11.055
20110101_0957,-27.02,-63.21,586.0,JS.HA.00,32.499,120.659,173.575,1815.742,1884.337,1908.498,1044.0,1.352,0.017,0.029,0.004,-0.007,-0.004,0.2,-4.1,0.652,-0.735,1.7,0.486,0.486,1.6,0.476,0.486,1.7,0.456,0.486,1.8,0.452,0.486,1.7,0.451,0.486,0,-1.0,-29.003
20110101_0957,-27.02,-63.21,586.0,PS.BAG.,16.411,120.58,168.824,1792.631,1854.657,1876.13,1045.0,3.455,0.177,0.093,0.102,0.115,0.117,-5.1,-4.7,0.842,0.68,-5.0,0.638,0.638,-4.9,0.664,0.638,-5.0,0.644,0.638,-5.2,0.611,0.638,-5.1,0.616,0.638,0,-1.0,-161.612
20110101_0957,-27.02,-63.21,586.0,XJ.STZ.00,43.713,86.653,150.554,1697.136,1736.499,1749.271,1046.0,0.984,0.064,0.102,0.107,0.114,0.106,-0.8,-0.7,0.819,0.791,3.6,0.713,0.713,4.5,0.729,0.713,4.6,0.713,0.713,4.6,0.707,0.713,4.6,0.727,0.713,0,-1.0,47.449
20110101_0957,-27.02,-63.21,586.0,JS.NT.00,31.952,120.891,173.913,1817.363,1886.436,1910.794,1047.0,3.964,0.193,0.2,0.221,0.233,0.227,-9.1,-5.0,0.42,-0.528,-7.1,0.53,0.53,-6.3,0.497,0.53,-6.3,0.513,0.53,-6.4,0.522,0.53,-6.3,0.516,0.53,0,-1.0,-33.115
20110101_0957,-27.02,-63.21,586.0,NX.YCI.00,37.778,107.437,166.671,1781.924,1841.063,1861.373,1048.0,2.239,0.153,0.209,0.194,0.181,0.205,-1.2,2.3,0.745,-0.756,0.1,0.296,0.296,0.5,0.582,0.296,0.8,0.534,0.296,-5.0,0.538,0.296,0.7,0.553,0.296,0,-1.0,33.195
20110101_0957,-27.02,-63.21,586.0,GD.NAO.00,23.429,117.007,176.403,1829.174,1901.809,1927.639,1049.0,5.212,0.032,0.094,0.104,0.116,0.112,-0.1,0.7,0.654,0.62,1.5,0.742,0.742,1.4,0.696,0.742,1.3,0.701,0.742,1.1,0.715,0.742,1.2,0.713,0.742,0,-1.0,-177.194
20110101_0957,-27.02,-63.21,586.0,QH.MAD.00,34.92,98.208,162.257,1759.514,1812.903,1830.963,1050.0,3.189,0.117,0.213,0.235,0.235,0.225,-2.7,0.6,0.706,-0.848,-8.3,0.458,0.458,-1.4,0.631,0.458,-1.3,0.522,0.458,-1.3,0.528,0.458,-1.4,0.591,0.458,0,-1.0,58.674
20110101_0957,-27.02,-63.21,586.0,GD.SHD.00,21.441,111.003,172.323,1809.717,1876.554,1899.995,1051.0,1.359,-0.112,-0.027,-0.031,-0.031,-0.035,5.2,4.9,0.608,0.38,6.9,0.47,0.47,10.0,0.767,0.47,10.0,0.781,0.47,9.9,0.784,0.47,10.0,0.78,0.47,0,-1.0,137.149
20110101_0957,-27.02,-63.21,586.0,GS.WXT.00,32.952,104.681,167.963,1788.367,1849.232,1870.235,1052.0,3.498,0.391,0.313,0.286,0.282,0.297,-6.8,3.2,0.17,-0.354,1.6,0.373,0.373,-10.2,0.464,0.373,-10.1,0.454,0.373,-10.1,0.455,0.373,-10.2,0.46,0.373,0,-1.0,56.867
20110101_0957,-27.02,-63.21,586.0,ZN.KAPU.,-9.286,150.78,130.968,1582.813,1603.209,1609.389,1053.0,2.683,0.554,0.564,0.575,0.582,0.575,0.9,1.1,0.814,0.766,1.0,0.731,0.731,1.0,0.751,0.731,0.7,0.751,0.731,0.6,0.746,0.731,0.8,0.75,0.731,1,8.0,-133.261
20110101_0957,-27.02,-63.21,586.0,HB.MCH.00,31.132,115.155,175.647,1825.609,1897.155,1922.533,1054.0,5.055,-0.081,0.009,-0.009,-0.026,-0.023,-0.7,-0.3,0.682,0.564,0.9,0.737,0.737,0.6,0.598,0.737,0.6,0.61,0.737,0.6,0.61,0.737,0.6,0.604,0.737,0,-1.0,17.152
20110101_0957,-27.02,-63.21,586.0,JX.JGS.00,26.562,114.161,177.609,1834.821,1909.209,1935.766,1055.0,1.683,-0.116,0.125,0.107,0.11,0.118,-0.2,-0.6,0.731,0.718,-5.6,0.47,0.47,4.8,0.43,0.47,5.1,0.435,0.47,5.0,0.43,0.47,4.9,0.429,0.47,0,-1.0,103.15
20110101_0957,-27.02,-63.21,586.0,GS.NXT.00,35.561,107.922,168.593,1791.487,1853.2,1874.546,1056.0,2.912,0.001,-0.026,-0.032,-0.021,-0.024,7.7,-4.3,0.474,-0.8,0.3,0.594,0.594,-0.4,0.483,0.594,-0.5,0.481,0.594,-0.4,0.476,0.594,-0.4,0.48,0.594,0,-1.0,38.482
20110101_0957,-27.02,-63.21,586.0,XW.GASH.,18.432,56.108,123.881,1538.381,1553.453,1557.95,1057.0,0.536,0.039,0.092,0.086,0.089,0.092,8.1,4.2,0.769,-0.035,12.5,0.748,0.748,12.4,0.417,0.748,12.1,0.438,0.748,12.3,0.416,0.748,12.4,0.414,0.748,0,-1.0,85.282
20110101_0957,-27.02,-63.21,586.0,XJ.WCW.00,44.901,89.032,151.532,1702.518,1742.979,1756.156,1058.0,0.938,0.011,0.039,0.054,0.059,0.042,-0.2,0.2,0.761,0.807,1.2,0.856,0.856,4.2,0.753,0.856,4.4,0.769,0.856,4.4,0.774,0.856,4.2,0.762,0.856,0,-1.0,43.64
20110101_0957,-27.02,-63.21,586.0,ZJ.CHX.00,31.087,119.658,175.223,1823.601,1894.539,1919.666,1059.0,3.56,0.228,0.234,0.218,0.207,0.203,8.3,-2.4,0.413,-0.018,2.0,0.487,0.487,2.8,0.529,0.487,2.8,0.499,0.487,2.9,0.447,0.487,2.9,0.458,0.487,0,-1.0,-28.785
20110101_0957,-27.02,-63.21,586.0,HI.WZS.00,18.797,109.528,169.406,1795.496,1858.313,1880.107,1060.0,0.747,0.229,0.4,0.405,0.398,0.403,-1.9,-1.4,0.816,0.789,-0.8,0.605,0.605,-0.2,0.804,0.605,-0.2,0.791,0.605,-0.1,0.781,0.605,-0.2,0.8,0.605,0,-1.0,140.647
20110101_0957,-27.02,-63.21,586.0,FJ.PCNP.00,27.905,118.518,178.229,1837.71,1913.008,1939.944,1061.0,8.697,0.225,0.195,0.223,0.222,0.213,1.9,2.1,0.651,0.725,2.3,0.668,0.668,3.0,0.734,0.668,2.6,0.748,0.668,2.7,0.752,0.668,2.8,0.746,0.668,0,-1.0,-52.393
20110101_0957,-27.02,-63.21,586.0,JL.JCT.00,42.352,126.393,162.782,1762.213,1816.276,1834.595,1062.0,2.006,0.2,-0.111,-0.117,-0.115,-0.112,3.1,3.5,0.798,0.702,-1.7,0.915,0.915,2.0,0.49,0.915,1.8,0.53,0.915,1.8,0.549,0.915,1.7,0.544,0.915,0,-1.0,-24.237
20110101_0957,-27.02,-63.21,586.0,SN.LIYO.00,34.677,107.806,169.142,1794.198,1856.657,1878.305,1063.0,4.437,-0.164,-0.373,-0.346,-0.335,-0.357,8.1,-1.5,0.445,0.293,4.8,0.303,0.303,8.1,0.594,0.303,8.1,0.609,0.303,8.1,0.606,0.303,8.1,0.603,0.303,0,-1.0,42.035
20110101_0957,-27.02,-63.21,586.0,YP.NE31.,42.696,116.082,164.313,1770.029,1826.07,1845.156,1064.0,2.457,0.197,0.18,0.183,0.182,0.184,-4.0,5.5,0.392,-0.168,0.5,0.829,0.829,1.1,0.777,0.829,1.1,0.767,0.829,1.2,0.748,0.829,1.1,0.757,0.829,0,-1.0,1.886
20110101_0957,-27.02,-63.21,586.0,GZ.KLT.00,26.544,107.986,172.128,1808.772,1875.337,1898.665,1065.0,0.335,-0.013,-0.012,-0.014,-0.014,-0.013,7.7,-0.9,0.446,-0.624,-8.5,0.452,0.452,-6.6,0.604,0.452,-6.6,0.624,0.452,-6.6,0.619,0.452,-6.6,0.609,0.452,0,-1.0,91.8
20110101_0957,-27.02,-63.21,586.0,YP.NE6E.,44.853,130.543,159.042,1742.821,1792.163,1808.681,1066.0,2.288,0.285,0.288,0.256,0.25,0.259,4.9,-0.2,0.326,0.345,3.6,0.602,0.602,4.4,0.515,0.602,4.4,0.502,0.602,4.3,0.5,0.602,4.3,0.504,0.602,0,-1.0,-27.819
20110101_0957,-27.02,-63.21,586.0,JL.JYT.00,42.372,126.81,162.607,1761.315,1815.154,1833.386,1067.0,0.348,-0.002,0.04,0.039,0.038,0.039,-9.4,-4.4,0.151,0.797,7.7,0.188,0.188,-8.1,0.539,0.188,-8.4,0.511,0.188,-8.5,0.495,0.188,-8.5,0.499,0.188,0,-1.0,-25.09
20110101_0957,-27.02,-63.21,586.0,GS.QTS.00,39.7,97.741,159.731,1746.428,1796.625,1813.467,1068.0,1.811,-0.009,0.014,0.047,0.06,0.03,-3.0,0.5,0.539,-0.835,-1.5,0.59,0.59,6.1,0.524,0.59,6.4,0.485,0.59,6.5,0.472,0.59,6.3,0.502,0.59,0,-1.0,46.113
20110101_0957,-27.02,-63.21,586.0,SN.HUYT.00,34.52,110.167,170.591,1801.302,1865.742,1888.198,1069.0,6.123,-0.118,-0.172,-0.183,-0.19,-0.175,1.8,5.1,0.855,-0.69,3.2,0.469,0.469,3.1,0.597,0.469,3.0,0.567,0.469,-3.9,0.568,0.469,3.0,0.575,0.469,0,-1.0,34.462
20110101_0957,-27.02,-63.21,586.0,GD.SLG.00,23.091,113.347,174.984,1822.466,1893.061,1918.047,1070.0,2.468,0.113,0.16,0.176,0.177,0.165,-4.6,-4.5,0.671,0.621,0.6,0.516,0.516,-2.6,0.45,0.516,-2.7,0.453,0.516,-2.6,0.449,0.516,-2.6,0.455,0.516,0,-1.0,143.424
20110101_0957,-27.02,-63.21,586.0,SX.YMG.00,39.229,112.807,167.347,1785.303,1845.343,1866.014,1071.0,4.286,0.106,0.125,0.131,0.138,0.137,0.7,4.5,0.556,-0.796,9.1,0.637,0.637,8.3,0.671,0.637,8.3,0.677,0.637,8.3,0.678,0.637,8.3,0.681,0.637,0,-1.0,13.849
20110101_0957,-27.02,-63.21,586.0,XJ.HEF.00,46.77,85.768,148.639,1686.506,1723.76,1735.76,1072.0,1.951,-0.078,-0.094,-0.063,-0.049,-0.086,-0.7,-0.9,0.86,0.875,3.3,0.591,0.591,4.3,0.497,0.591,4.5,0.45,0.591,4.5,0.438,0.591,4.4,0.487,0.591,0,-1.0,42.596
20110101_0957,-27.02,-63.21,586.0,XJ.CBC.00,43.521,81.439,147.11,1677.931,1713.538,1724.944,1073.0,2.152,-0.034,0.097,0.127,0.127,0.106,-3.2,-3.6,0.66,0.551,2.6,0.714,0.714,6.8,0.617,0.714,6.9,0.591,0.714,6.9,0.591,0.714,6.8,0.608,0.714,0,-1.0,50.518
20110101_0957,-27.02,-63.21,586.0,HI.DAN.00,19.67,110.324,170.556,1801.132,1865.524,1887.961,1074.0,4.135,0.108,0.228,0.215,0.204,0.206,-0.8,-0.7,0.914,0.875,2.9,0.783,0.783,-0.1,0.793,0.783,-0.1,0.791,0.783,-0.1,0.783,0.783,0.0,0.788,0.783,0,-1.0,141.144
20110101_0957,-27.02,-63.21,586.0,KR.BOOM.,42.492,75.942,143.492,1657.359,1689.19,1699.261,1075.0,1.033,0.124,0.001,0.01,0.011,0.005,6.4,-3.2,0.382,-0.408,0.2,0.25,0.25,8.2,0.408,0.25,8.4,0.398,0.25,8.4,0.399,0.25,8.3,0.405,0.25,0,-1.0,54.143
20110101_0957,-27.02,-63.21,586.0,CB.NAQ.00,32.25,92.25,158.092,1737.818,1785.993,1802.068,1076.0,1.463,0.248,0.36,0.374,0.371,0.366,1.7,-2.1,0.709,-0.565,-2.6,0.606,0.606,5.8,0.379,0.606,6.3,0.375,0.606,6.2,0.377,0.606,6.0,0.38,0.606,0,-1.0,70.201
20110101_0957,-27.02,-63.21,586.0,FJ.YDXS.00,24.697,116.63,177.672,1835.117,1909.599,1936.194,1077.0,10.908,0.244,0.249,0.254,0.26,0.258,-9.4,-4.1,0.442,-0.377,0.7,0.642,0.642,-9.1,0.675,0.642,-9.1,0.674,0.642,-9.0,0.682,0.642,-9.0,0.68,0.642,0,-1.0,177.026
20110101_0957,-27.02,-63.21,586.0,NX.TXN.00,37.303,106.283,166.423,1780.681,1839.491,1859.669,1078.0,5.603,0.228,-0.162,-0.181,-0.19,-0.173,-0.3,-3.3,0.706,-0.913,-6.5,0.535,0.535,-10.1,0.439,0.535,-9.9,0.494,0.535,-9.8,0.517,0.535,-10.0,0.474,0.535,0,-1.0,37.487
20110101_0957,-27.02,-63.21,586.0,SD.QID.00,36.057,120.395,170.457,1800.649,1864.905,1887.287,1079.0,3.01,0.009,0.226,0.22,0.218,0.225,1.8,2.0,0.884,0.901,2.9,0.592,0.592,10.6,0.549,0.592,10.5,0.562,0.592,10.5,0.566,0.592,10.5,0.556,0.592,0,-1.0,-17.204
20110101_0957,-27.02,-63.21,586.0,BU.MDY.00,40.394,116.56,166.624,1781.69,1840.766,1861.052,1080.0,1.873,0.18,0.119,0.11,0.099,0.105,-1.4,-0.9,0.595,0.517,-4.1,0.611,0.611,-3.5,0.734,0.611,-3.3,0.764,0.611,-3.2,0.788,0.611,-3.3,0.778,0.611,0,-1.0,0.738
20110101_0957,-27.02,-63.21,586.0,AU.MANU.,-2.043,147.366,138.616,1628.937,1656.01,1664.438,1081.0,4.159,0.337,0.393,0.403,0.409,0.394,-0.6,3.1,0.73,0.006,1.6,0.85,0.85,1.7,0.839,0.85,1.4,0.842,0.85,1.2,0.852,0.85,1.6,0.841,0.85,1,8.0,-130.016
20110101_0957,-27.02,-63.21,586.0,BU.BJT.00,40.018,116.168,166.991,1783.527,1843.092,1863.572,1082.0,2.255,0.338,0.315,0.299,0.272,0.284,-0.1,0.3,0.86,0.798,0.7,0.58,0.58,1.0,0.561,0.58,1.0,0.523,0.58,1.2,0.487,0.58,1.1,0.504,0.58,1,2.0,2.061
20110101_0957,-27.02,-63.21,586.0,ZJ.NIB.00,29.984,121.52,174.896,1822.046,1892.515,1917.448,1083.0,5.948,0.338,0.387,0.357,0.357,0.365,-1.8,-1.2,0.727,0.756,5.1,0.405,0.405,5.2,0.405,0.405,4.8,0.46,0.405,4.8,0.466,0.405,4.9,0.455,0.405,0,-1.0,-51.096
20110101_0957,-27.02,-63.21,586.0,JX.JDZ.00,29.275,117.261,177.707,1835.277,1909.809,1936.425,1084.0,2.071,0.254,0.106,0.099,0.098,0.106,-0.3,-0.3,0.759,0.706,3.0,0.397,0.397,2.8,0.389,0.397,3.3,0.348,0.397,4.8,0.34,0.397,4.3,0.345,0.397,0,-1.0,-8.631
20110101_0957,-27.02,-63.21,586.0,XJ.TAG.00,37.778,75.169,143.579,1657.856,1689.775,1699.876,1085.0,1.216,0.226,0.032,0.011,0.018,0.028,-10.1,-3.0,0.437,-0.364,9.2,0.467,0.467,1.2,0.54,0.467,1.5,0.582,0.467,1.4,0.546,0.467,1.2,0.537,0.467,0,-1.0,62.176
20110101_0957,-27.02,-63.21,586.0,1G.WOP02.,37.663,107.141,166.611,1781.623,1840.683,1860.961,1086.0,2.669,0.14,0.085,0.072,0.057,0.08,-8.9,2.3,0.675,-0.694,-12.9,0.413,0.413,-13.1,0.535,0.413,-13.0,0.567,0.413,-12.9,0.582,0.413,-13.0,0.561,0.413,0,-1.0,34.289
20110101_0957,-27.02,-63.21,586.0,HI.QXL.00,20.087,110.599,171.044,1803.512,1868.575,1891.288,1087.0,3.726,0.173,-0.032,-0.047,-0.046,-0.041,-4.7,1.0,0.59,0.39,7.8,0.497,0.497,-2.3,0.615,0.497,-2.5,0.59,0.497,-2.5,0.581,0.497,-2.5,0.597,0.497,0,-1.0,140.9
20110101_0957,-27.02,-63.21,586.0,HL.JGD.00,50.374,124.104,155.987,1726.638,1772.273,1787.391,1088.0,3.26,0.302,0.349,0.351,0.299,0.295,0.6,0.6,0.489,0.48,0.3,0.788,0.788,0.4,0.768,0.788,0.4,0.764,0.788,-2.7,0.689,0.788,-2.7,0.691,0.788,0,-1.0,-11.399
20110101_0957,-27.02,-63.21,586.0,QH.QIL.00,38.15,100.182,162.169,1759.067,1812.344,1830.361,1089.0,2.006,0.214,0.22,0.25,0.251,0.236,5.2,2.0,0.861,-0.38,-0.7,0.654,0.654,-0.6,0.709,0.654,-0.5,0.648,0.654,-0.5,0.634,0.654,-0.6,0.679,0.654,0,-1.0,46.791
20110101_0957,-27.02,-63.21,586.0,HN.YOZ.00,26.222,111.617,175.307,1823.999,1895.057,1920.234,1090.0,1.715,0.103,-0.025,-0.015,-0.022,-0.026,-1.9,1.4,0.75,-0.566,-5.3,0.659,0.659,1.4,0.807,0.659,1.8,0.749,0.659,1.6,0.765,0.659,1.5,0.784,0.659,0,-1.0,99.779
20110101_0957,-27.02,-63.21,586.0,AU.QLP.,-26.584,144.235,120.245,1514.952,1527.638,1531.403,1091.0,1.629,0.366,0.331,0.328,0.333,0.336,-0.1,0.3,0.352,0.489,1.0,0.803,0.803,1.1,0.789,0.803,1.1,0.787,0.803,1.1,0.799,0.803,1.1,0.8,0.803,0,-1.0,-151.595
20110101_0957,-27.02,-63.21,586.0,AH.HUS.00,29.706,118.378,176.972,1831.846,1905.306,1931.477,1092.0,2.01,0.055,0.185,0.198,0.204,0.188,-0.4,-4.1,0.84,-0.348,-1.8,0.587,0.587,-1.3,0.663,0.587,-1.3,0.676,0.587,-1.2,0.692,0.587,-1.1,0.688,0.587,0,-1.0,-23.956
20110101_0957,-27.02,-63.21,586.0,YN.HEQ.00,26.549,100.151,165.15,1774.269,1831.402,1850.915,1093.0,1.538,0.194,0.098,0.099,0.101,0.096,8.4,-5.6,0.397,-0.55,-0.1,0.592,0.592,-11.5,0.622,0.592,-11.4,0.622,0.592,-11.5,0.619,0.592,-11.5,0.629,0.592,0,-1.0,88.207
20110101_0957,-27.02,-63.21,586.0,AH.MAS.00,31.693,118.569,175.077,1822.907,1893.635,1918.675,1094.0,3.633,-0.143,-0.074,0.28,0.288,0.285,-6.0,-1.5,0.312,0.074,-6.3,0.42,0.42,-5.1,0.475,0.42,3.5,0.51,0.42,3.6,0.512,0.42,3.6,0.511,0.42,0,-1.0,-16.557
20110101_0957,-27.02,-63.21,586.0,SC.YTI.00,31.212,105.361,169.179,1794.378,1856.886,1878.555,1095.0,3.713,-0.055,-0.319,-0.292,-0.295,-0.302,-3.7,-4.1,0.648,0.666,-7.0,0.659,0.659,-6.6,0.383,0.659,-5.8,0.519,0.659,-5.9,0.506,0.659,-6.2,0.438,0.659,0,-1.0,63.835
20110101_0957,-27.02,-63.21,586.0,JS.QD.00,31.836,121.685,173.569,1815.715,1884.302,1908.46,1096.0,2.646,0.046,0.096,0.109,0.101,0.1,-1.5,4.1,0.562,0.74,4.3,0.557,0.557,4.5,0.528,0.557,4.4,0.534,0.557,4.5,0.539,0.557,4.4,0.538,0.557,0,-1.0,-38.556
20110101_0957,-27.02,-63.21,586.0,XJ.XNY.00,43.564,83.303,148.37,1685.004,1721.967,1733.861,1097.0,0.722,-0.166,0.081,0.092,0.088,0.082,2.8,-2.6,0.717,0.865,2.8,0.541,0.541,8.9,0.412,0.541,9.1,0.408,0.541,9.2,0.407,0.541,8.9,0.414,0.541,0,-1.0,49.582
20110101_0957,-27.02,-63.21,586.0,LN.QYU.00,42.079,124.929,163.536,1766.072,1821.107,1839.802,1098.0,3.891,0.204,0.237,0.238,0.233,0.238,1.6,-1.8,0.43,-0.68,-3.0,0.769,0.769,-0.7,0.547,0.769,-0.8,0.572,0.769,-0.6,0.58,0.769,-0.8,0.587,0.769,0,-1.0,-21.395
20110101_0957,-27.02,-63.21,586.0,BU.DOH.00,39.752,118.328,167.204,1784.587,1844.435,1865.03,1099.0,2.546,0.01,0.273,0.279,0.302,0.29,-3.8,-3.7,0.568,0.485,-2.9,0.575,0.575,-1.9,0.677,0.575,-1.9,0.659,0.575,-1.6,0.646,0.575,-1.7,0.65,0.575,0,-1.0,-5.203
20110101_0957,-27.02,-63.21,586.0,YP.NE11.,42.86,124.053,163.095,1763.816,1818.282,1836.756,1100.0,6.847,0.102,-0.108,-0.106,-0.107,-0.107,2.0,-1.4,0.754,-0.826,3.7,0.568,0.568,3.8,0.47,0.568,3.7,0.467,0.568,3.7,0.465,0.568,3.7,0.466,0.568,0,-1.0,-18.273
20110101_0957,-27.02,-63.21,586.0,YP.NE7C.,45.529,127.819,159.513,1745.286,1795.211,1811.95,1101.0,0.346,0.009,0.012,0.013,-0.025,0.013,-7.3,-4.3,0.167,0.931,3.2,0.322,0.322,1.2,0.382,0.322,1.3,0.389,0.322,-3.2,0.326,0.322,1.3,0.396,0.322,0,-1.0,-22.251
20110101_0957,-27.02,-63.21,586.0,FJ.FZCM.00,26.009,119.367,177.482,1834.23,1908.433,1934.913,1102.0,16.337,0.347,0.174,0.187,0.185,0.172,0.2,0.5,0.709,0.719,0.7,0.881,0.881,1.6,0.84,0.881,1.5,0.801,0.881,1.5,0.81,0.881,1.6,0.833,0.881,0,-1.0,-117.673
20110101_0957,-27.02,-63.21,586.0,GE.TNTI.,0.772,127.367,151.855,1704.287,1745.114,1758.426,1103.0,3.76,0.295,0.223,0.233,0.252,0.257,0.3,1.5,0.731,0.677,1.1,0.732,0.732,1.4,0.726,0.732,1.3,0.72,0.732,0.9,0.704,0.732,0.9,0.707,0.732,0,-1.0,-157.395
20110101_0957,-27.02,-63.21,586.0,YN.CAY.00,23.136,99.258,163.669,1766.748,1821.954,1840.715,1104.0,0.437,0.009,0.014,0.011,0.012,0.013,11.0,2.6,0.582,-0.581,-8.4,0.402,0.402,7.3,0.363,0.402,-0.7,0.396,0.402,-0.8,0.383,0.402,-0.8,0.36,0.402,0,-1.0,100.351
20110101_0957,-27.02,-63.21,586.0,FJ.NPDK.00,26.615,118.188,178.688,1839.839,1915.811,1943.029,1105.0,11.921,0.417,0.377,0.415,0.402,0.375,0.1,0.2,0.931,0.929,1.0,0.633,0.633,1.3,0.752,0.633,1.0,0.787,0.633,1.1,0.785,0.633,1.3,0.76,0.633,1,21.0,-116.055
20110101_0957,-27.02,-63.21,586.0,GD.DNB.00,21.65,111.213,172.609,1811.097,1878.334,1901.939,1106.0,0.366,0.085,0.168,0.166,0.167,0.167,5.0,4.3,0.373,-0.169,1.7,0.699,0.699,0.6,0.755,0.699,0.6,0.77,0.699,0.6,0.77,0.699,0.7,0.763,0.699,0,-1.0,137.248
20110101_0957,-27.02,-63.21,586.0,YP.NE83.,46.213,118.801,160.741,1751.685,1803.147,1820.47,1107.0,2.263,0.173,0.288,0.295,0.299,0.298,-6.9,-3.1,0.725,-0.808,-5.4,0.666,0.666,-3.3,0.545,0.666,-3.0,0.538,0.666,-2.8,0.547,0.666,-2.8,0.546,0.666,0,-1.0,-4.16
20110101_0957,-27.02,-63.21,586.0,SC.HSH.00,32.064,102.987,166.989,1783.512,1843.074,1863.553,1108.0,2.327,-0.192,-0.161,-0.178,-0.18,-0.173,-5.1,-2.1,0.796,-0.219,-4.2,0.549,0.549,-8.2,0.6,0.549,-7.9,0.658,0.549,-7.9,0.655,0.549,-8.1,0.62,0.549,0,-1.0,63.39
20110101_0957,-27.02,-63.21,586.0,YN.MAS.00,24.424,98.592,163.417,1765.461,1820.341,1838.976,1109.0,3.18,-0.031,0.138,0.14,0.144,0.142,-1.5,-4.6,0.576,-0.896,-10.1,0.642,0.642,-9.7,0.629,0.642,-9.6,0.648,0.642,-9.6,0.644,0.642,-9.7,0.634,0.642,0,-1.0,95.285
20110101_0957,-27.02,-63.21,586.0,SX.TAG.00,37.367,112.578,169.06,1793.792,1856.139,1877.741,1110.0,5.782,0.086,0.082,0.097,0.112,0.106,5.7,3.1,0.559,-0.383,12.5,0.514,0.514,10.5,0.442,0.514,10.6,0.475,0.514,10.7,0.499,0.514,10.6,0.482,0.514,0,-1.0,17.362
20110101_0957,-27.02,-63.21,586.0,KZ.KURK.,50.715,78.62,142.664,1652.586,1683.581,1693.36,1111.0,2.732,0.357,0.179,0.144,0.129,0.164,-1.0,4.4,0.477,0.662,12.7,0.532,0.532,1.7,0.373,0.532,2.1,0.415,0.532,2.1,0.413,0.532,1.9,0.386,0.532,0,-1.0,40.134
20110101_0957,-27.02,-63.21,586.0,HL.JIY.00,49.041,129.866,155.77,1725.476,1770.852,1785.873,1112.0,2.322,0.264,0.238,0.267,0.272,0.267,0.7,1.4,0.839,0.716,-3.6,0.561,0.561,2.2,0.637,0.561,1.6,0.705,0.561,1.4,0.732,0.561,1.4,0.72,0.561,0,-1.0,-21.003
20110101_0957,-27.02,-63.21,586.0,QH.TOR.00,35.519,102.01,164.802,1772.509,1829.187,1848.522,1113.0,2.378,0.305,0.256,0.244,0.237,0.249,7.5,2.5,0.486,-0.741,-2.9,0.655,0.655,-2.3,0.76,0.655,-2.2,0.76,0.655,-2.3,0.758,0.655,-2.3,0.76,0.655,0,-1.0,51.84
20110101_0957,-27.02,-63.21,586.0,XZ.CHY.00,28.662,97.465,162.852,1762.572,1816.725,1835.078,1114.0,1.474,0.167,0.18,0.194,0.194,0.186,-7.4,-2.7,0.559,-0.718,-8.3,0.535,0.535,-8.3,0.561,0.535,-8.1,0.569,0.535,-8.1,0.57,0.535,-8.2,0.567,0.535,0,-1.0,80.017
20110101_0957,-27.02,-63.21,586.0,LN.GUS.00,39.9,123.583,165.94,1778.254,1836.425,1856.35,1115.0,2.479,0.022,0.186,0.194,0.199,0.197,-8.8,-4.1,0.533,-0.602,-11.4,0.318,0.318,0.3,0.551,0.318,0.3,0.537,0.318,0.3,0.518,0.318,0.2,0.529,0.318,0,-1.0,-21.466
20110101_0957,-27.02,-63.21,586.0,FJ.SWDT.00,27.331,117.482,179.31,1842.716,1919.604,1947.206,1116.0,10.931,0.25,0.314,0.368,0.362,0.334,0.3,0.5,0.677,0.655,1.5,0.842,0.842,1.5,0.752,0.842,1.2,0.767,0.842,1.3,0.76,0.842,1.5,0.752,0.842,1,19.0,-43.009
20110101_0957,-27.02,-63.21,586.0,BJ.NKY.00,39.692,115.973,167.31,1785.117,1845.107,1865.759,1117.0,2.11,0.365,0.416,0.414,0.428,0.423,-1.1,-4.3,0.585,-0.83,-1.1,0.616,0.616,-0.8,0.649,0.616,-0.8,0.641,0.616,-0.6,0.634,0.616,-0.7,0.637,0.616,1,2.0,2.785
20110101_0957,-27.02,-63.21,586.0,HE.KAB.00,41.854,114.589,165.057,1773.801,1830.813,1850.279,1118.0,3.114,0.565,0.572,0.556,0.547,0.555,2.5,3.2,0.59,0.182,1.1,0.761,0.761,1.1,0.746,0.761,1.3,0.733,0.761,1.4,0.733,0.761,1.3,0.743,0.761,1,2.0,6.232
20110101_0957,-27.02,-63.21,586.0,HL.SYS.00,46.659,131.093,157.35,1733.896,1781.17,1796.904,1119.0,2.363,0.354,0.3,0.276,0.266,0.281,-0.1,0.1,0.638,0.645,0.1,0.736,0.736,0.9,0.669,0.736,0.9,0.649,0.736,0.9,0.638,0.736,0.8,0.644,0.736,0,-1.0,-25.882
20110101_0957,-27.02,-63.21,586.0,1G.NOP01.,41.972,110.499,164.187,1769.385,1825.262,1844.284,1120.0,2.895,0.282,0.251,0.252,0.25,0.254,7.3,-2.7,0.513,-0.45,-8.4,0.533,0.533,-8.8,0.441,0.533,-8.7,0.455,0.533,-8.7,0.465,0.533,-8.7,0.456,0.533,0,-1.0,17.07
20110101_0957,-27.02,-63.21,586.0,CB.GTA.00,39.4,99.817,161.22,1754.169,1806.236,1823.79,1121.0,2.174,0.012,0.105,0.134,0.147,0.116,2.8,-0.6,0.589,-0.717,3.1,0.635,0.635,3.9,0.462,0.635,4.1,0.408,0.635,4.2,0.39,0.635,3.9,0.434,0.635,0,-1.0,44.078
20110101_0957,-27.02,-63.21,586.0,QH.LJX.00,35.993,101.839,164.443,1770.686,1826.896,1846.047,1122.0,1.932,0.138,0.143,0.131,0.125,0.136,8.3,3.9,0.679,-0.78,-1.4,0.563,0.563,-0.7,0.697,0.563,-0.6,0.701,0.563,-0.6,0.697,0.563,-0.7,0.695,0.563,0,-1.0,50.575
20110101_0957,-27.02,-63.21,586.0,HN.MIL.00,28.804,113.077,176.265,1828.525,1900.96,1926.707,1123.0,1.959,0.398,0.34,0.335,0.333,0.333,-0.8,-1.0,0.594,0.639,0.1,0.749,0.749,2.3,0.646,0.749,2.6,0.649,0.749,2.6,0.65,0.749,2.4,0.644,0.749,0,-1.0,57.602
20110101_0957,-27.02,-63.21,586.0,HE.GAN.00,38.368,114.024,168.417,1790.618,1852.094,1873.345,1124.0,7.359,0.185,0.235,0.227,0.213,0.225,-0.2,3.5,0.652,-0.624,7.3,0.46,0.46,6.2,0.383,0.46,6.2,0.407,0.46,6.3,0.417,0.46,6.2,0.412,0.46,0,-1.0,10.538
20110101_0957,-27.02,-63.21,586.0,GZ.ZYT.00,27.766,106.851,171.146,1804.01,1869.214,1891.985,1125.0,1.293,0.164,0.015,-0.001,0.005,0.014,2.8,0.1,0.775,-0.73,12.7,0.175,0.175,-7.3,0.332,0.175,-7.4,0.357,0.175,-7.4,0.353,0.175,-7.3,0.339,0.175,0,-1.0,82.766
20110101_0957,-27.02,-63.21,586.0,XZ.LKZ.00,28.968,90.394,156.659,1730.223,1776.663,1792.083,1126.0,1.329,0.159,0.177,0.197,0.19,0.181,2.0,4.0,0.362,-0.029,-0.6,0.434,0.434,-0.9,0.531,0.434,-0.7,0.516,0.434,-0.8,0.52,0.434,-0.9,0.525,0.434,0,-1.0,79.08
20110101_0957,-27.02,-63.21,586.0,ZN.BASI.,-9.466,150.833,130.799,1581.773,1602.034,1608.169,1127.0,3.3,0.631,0.627,0.638,0.65,0.637,0.8,1.0,0.77,0.735,0.8,0.786,0.786,0.7,0.803,0.786,0.5,0.8,0.786,0.4,0.797,0.786,0.6,0.8,0.786,1,8.0,-133.364
20110101_0957,-27.02,-63.21,586.0,AH.JZA.00,31.689,115.884,175.265,1823.798,1894.794,1919.946,1128.0,1.418,0.019,-0.015,-0.012,-0.011,-0.02,-1.6,0.1,0.627,0.348,-12.6,0.399,0.399,1.3,0.509,0.399,1.2,0.484,0.399,1.2,0.448,0.399,1.2,0.48,0.399,0,-1.0,8.605
20110101_0957,-27.02,-63.21,586.0,SD.LIS.00,34.951,118.685,171.905,1807.694,1873.948,1897.15,1129.0,4.195,0.14,0.205,0.2,0.2,0.203,-2.7,0.9,0.832,-0.762,6.2,0.765,0.765,-3.3,0.577,0.765,-3.3,0.576,0.765,-3.2,0.565,0.765,-3.2,0.568,0.765,0,-1.0,-10.587
20110101_0957,-27.02,-63.21,586.0,HL.QTH.00,45.742,131.079,158.102,1737.875,1786.063,1802.143,1130.0,3.734,0.315,0.298,0.316,0.316,0.317,0.9,0.9,0.654,0.668,0.8,0.68,0.68,1.3,0.643,0.68,1.2,0.617,0.68,1.3,0.596,0.68,1.2,0.605,0.68,0,-1.0,-27.241
20110101_0957,-27.02,-63.21,586.0,XZ.CAD.00,31.14,97.172,162.393,1760.217,1813.781,1831.908,1131.0,3.108,0.088,0.256,0.282,0.278,0.264,-2.3,-2.4,0.715,0.522,-7.7,0.768,0.768,-7.6,0.782,0.768,-7.8,0.745,0.768,-7.7,0.756,0.768,-7.6,0.78,0.768,0,-1.0,71.656
20110101_0957,-27.02,-63.21,586.0,JP.CBIJ.,27.096,142.184,157.424,1734.285,1781.648,1797.416,1132.0,2.233,0.306,0.237,0.185,0.202,0.234,-1.1,-0.9,0.735,0.708,-1.0,0.427,0.427,-1.0,0.509,0.427,-1.6,0.452,0.427,-1.5,0.466,0.427,-1.0,0.5,0.427,0,-1.0,-84.082
20110101_0957,-27.02,-63.21,586.0,JS.XZ.00,34.231,117.166,172.781,1811.928,1879.406,1903.11,1133.0,3.735,0.33,0.342,0.335,0.318,0.327,-0.8,2.5,0.68,-0.703,-0.7,0.61,0.61,-0.4,0.581,0.61,-0.4,0.58,0.61,-0.5,0.565,0.61,-0.4,0.57,0.61,1,2.0,-2.342
20110101_0957,-27.02,-63.21,586.0,II.DGAR.10,-7.412,72.452,124.976,1545.352,1561.189,1565.924,1134.0,2.798,0.147,0.115,0.106,0.106,0.118,8.1,1.7,0.457,0.296,2.3,0.465,0.465,1.2,0.713,0.465,1.0,0.691,0.465,0.9,0.672,0.465,1.1,0.71,0.465,0,-1.0,122.422
20110101_0957,-27.02,-63.21,586.0,YN.JIG.00,23.502,100.735,165.072,1773.878,1830.91,1850.384,1135.0,2.724,0.102,0.103,0.102,0.104,0.1,5.6,-3.7,0.341,-0.757,-9.1,0.627,0.627,-8.5,0.664,0.627,-8.5,0.656,0.627,-8.5,0.658,0.627,-8.5,0.657,0.627,0,-1.0,100.575
20110101_0957,-27.02,-63.21,586.0,SC.PZH.00,26.503,101.743,166.562,1781.379,1840.374,1860.626,1136.0,2.304,-0.045,0.141,-0.141,0.149,0.144,7.3,3.9,0.618,-0.251,0.4,0.519,0.519,9.5,0.462,0.519,0.3,0.686,0.519,9.7,0.431,0.519,9.6,0.453,0.519,0,-1.0,88.98
20110101_0957,-27.02,-63.21,586.0,XW.OMRN.,18.445,55.303,123.171,1533.839,1548.427,1552.775,1137.0,1.254,0.139,-0.041,0.018,-0.001,-0.034,3.2,2.9,0.429,0.648,5.6,0.518,0.518,-2.0,0.55,0.518,-1.2,0.584,0.518,-1.5,0.567,0.518,-1.9,0.555,0.518,0,-1.0,84.942
20110101_0957,-27.02,-63.21,586.0,SC.YZP.00,30.869,103.569,167.817,1787.639,1848.307,1869.231,1138.0,3.906,0.073,-0.02,-0.013,-0.014,-0.014,2.8,-0.1,0.619,-0.87,3.1,0.438,0.438,4.5,0.513,0.438,-8.0,0.485,0.438,-8.0,0.483,0.438,4.6,0.477,0.438,0,-1.0,68.005
20110101_0957,-27.02,-63.21,586.0,QH.LJS.00,36.355,101.45,163.986,1768.365,1823.982,1842.903,1139.0,2.225,0.175,0.047,0.033,0.031,0.041,-2.0,2.4,0.412,-0.831,-2.8,0.672,0.672,-2.1,0.657,0.672,-2.1,0.647,0.672,-2.1,0.646,0.672,-2.1,0.654,0.672,0,-1.0,50.055
20110101_0957,-27.02,-63.21,586.0,JX.NNC.00,28.77,115.8,178.043,1836.845,1911.871,1938.692,1140.0,2.498,-0.112,-0.06,-0.068,-0.076,-0.076,-5.0,-0.5,0.581,0.088,1.6,0.594,0.594,1.7,0.427,0.594,1.7,0.365,0.594,6.2,0.368,0.594,5.9,0.364,0.594,0,-1.0,21.701
20110101_0957,-27.02,-63.21,586.0,QH.HUL.00,36.074,102.248,164.682,1771.901,1828.422,1847.696,1141.0,3.242,0.258,0.148,0.125,0.121,0.137,8.2,4.3,0.694,-0.734,-0.8,0.749,0.749,-0.3,0.762,0.749,-0.3,0.739,0.749,-0.2,0.746,0.749,-0.2,0.752,0.749,0,-1.0,49.645
20110101_0957,-27.02,-63.21,586.0,XJ.QHE.00,46.491,90.73,151.698,1703.427,1744.075,1757.322,1142.0,0.828,-0.014,0.154,0.174,0.178,0.161,3.6,3.4,0.716,0.724,4.8,0.514,0.514,7.6,0.456,0.514,7.8,0.465,0.514,7.9,0.47,0.514,7.7,0.46,0.514,0,-1.0,39.473
20110101_0957,-27.02,-63.21,586.0,ZN.SINA.,-8.678,151.09,131.22,1584.366,1604.966,1611.213,1143.0,2.402,0.391,0.39,0.429,0.449,0.412,2.6,3.1,0.871,0.776,2.6,0.889,0.889,2.5,0.902,0.889,2.3,0.908,0.889,2.1,0.909,0.889,2.4,0.904,0.889,1,8.0,-132.425
20110101_0957,-27.02,-63.21,586.0,SX.XAY.00,36.668,112.946,169.817,1797.517,1860.896,1882.919,1144.0,6.38,-0.138,-0.124,-0.126,-0.131,-0.126,1.7,5.4,0.711,-0.86,8.1,0.44,0.44,3.0,0.515,0.44,2.9,0.491,0.44,2.9,0.468,0.44,2.9,0.489,0.44,0,-1.0,17.111
20110101_0957,-27.02,-63.21,586.0,HI.XSA.00,16.36,112.48,168.616,1791.6,1853.344,1874.703,1145.0,1.415,0.307,0.299,0.296,0.291,0.294,9.2,1.4,0.329,-0.687,-2.4,0.605,0.605,-2.3,0.627,0.605,-2.4,0.628,0.605,-2.5,0.626,0.605,-2.5,0.624,0.605,0,-1.0,159.339
20110101_0957,-27.02,-63.21,586.0,FJ.FDQY.00,27.118,120.259,176.91,1831.551,1904.92,1931.054,1146.0,10.901,0.512,0.52,0.509,0.512,0.517,-1.2,-1.2,0.951,0.955,0.1,0.69,0.69,0.3,0.647,0.69,0.1,0.579,0.69,0.2,0.604,0.69,0.3,0.64,0.69,1,12.0,-87.195
20110101_0957,-27.02,-63.21,586.0,YP.NE8I.,45.994,133.656,156.787,1730.902,1777.495,1792.973,1147.0,0.341,0.002,0.025,0.025,0.022,0.024,-2.0,-4.1,0.37,0.971,3.3,0.579,0.579,3.3,0.604,0.579,3.2,0.596,0.579,3.2,0.589,0.579,3.2,0.591,0.579,0,-1.0,-30.505
20110101_0957,-27.02,-63.21,586.0,IC.WMQ.10,43.814,87.704,151.197,1700.682,1740.766,1753.804,1148.0,1.642,-0.226,0.138,0.181,0.181,0.158,0.6,4.0,0.387,0.277,4.4,0.785,0.785,6.3,0.7,0.785,6.5,0.669,0.785,6.5,0.667,0.785,6.4,0.685,0.785,0,-1.0,46.583
20110101_0957,-27.02,-63.21,586.0,ZJ.HAZ.00,30.267,120.114,175.636,1825.555,1897.084,1922.455,1149.0,4.18,0.246,0.285,0.285,0.286,0.285,-1.9,1.4,0.753,-0.638,-0.9,0.812,0.812,-1.4,0.84,0.812,-1.5,0.853,0.812,-1.5,0.847,0.812,-1.4,0.845,0.812,0,-1.0,-38.383
20110101_0957,-27.02,-63.21,586.0,AU.MTN.,-12.844,131.133,137.774,1623.952,1650.243,1658.405,1150.0,6.722,0.661,0.606,0.604,0.61,0.603,0.6,1.3,0.937,0.861,0.2,0.929,0.929,0.7,0.893,0.929,0.7,0.896,0.929,0.3,0.906,0.929,0.4,0.906,0.929,1,6.0,-159.088
20110101_0957,-27.02,-63.21,586.0,YP.NE49.,43.393,128.753,160.977,1752.91,1804.671,1822.107,1151.0,6.015,0.097,0.142,0.141,0.138,0.139,-0.1,-3.4,0.772,-0.843,-7.9,0.787,0.787,-8.1,0.858,0.787,-8.1,0.871,0.787,-8.1,0.874,0.787,-8.2,0.871,0.787,0,-1.0,-27.179
20110101_0957,-27.02,-63.21,586.0,SC.HYU.00,32.813,102.524,166.362,1780.375,1839.105,1859.251,1152.0,2.763,0.18,0.132,0.13,0.132,0.138,7.8,4.1,0.618,-0.4,-0.1,0.78,0.78,-0.8,0.702,0.78,-0.7,0.686,0.78,-0.7,0.688,0.78,-0.7,0.697,0.78,0,-1.0,60.926
20110101_0957,-27.02,-63.21,586.0,CB.LZH.00,36.087,103.844,165.744,1777.27,1835.184,1855.006,1153.0,4.624,0.008,-0.029,-0.025,-0.012,-0.021,-0.1,3.4,0.68,-0.914,-2.2,0.626,0.626,-1.6,0.843,0.626,-1.6,0.869,0.626,-1.5,0.874,0.626,-1.6,0.86,0.626,0,-1.0,46.694
20110101_0957,-27.02,-63.21,586.0,LN.SHS.00,40.722,120.966,165.871,1777.908,1835.988,1855.877,1154.0,0.955,0.09,0.052,0.049,0.044,0.045,7.8,-4.0,0.691,-0.814,8.4,0.559,0.559,7.8,0.533,0.559,7.8,0.528,0.559,7.9,0.522,0.559,7.9,0.519,0.559,0,-1.0,-12.771
20110101_0957,-27.02,-63.21,586.0,IU.KBL.,34.541,69.043,138.678,1629.302,1656.433,1664.881,1155.0,1.317,0.027,0.15,0.15,0.149,0.148,-2.3,-2.4,0.779,0.852,-8.6,0.278,0.278,-0.3,0.165,0.278,6.3,0.16,0.278,-0.5,0.152,0.278,-0.4,0.165,0.278,0,-1.0,67.504
20110101_0957,-27.02,-63.21,586.0,GX.GUL.00,25.291,110.366,173.981,1817.687,1886.856,1911.253,1156.0,1.671,0.046,0.137,0.141,0.154,0.133,-7.1,-6.0,0.489,0.404,-2.2,0.602,0.602,-2.1,0.472,0.602,-1.9,0.485,0.602,-1.8,0.484,0.602,-2.0,0.481,0.602,0,-1.0,106.646
20110101_0957,-27.02,-63.21,586.0,HN.JGS.00,29.39,111.89,175.075,1822.897,1893.622,1918.661,1157.0,1.874,0.351,0.363,0.357,0.356,0.358,-3.5,-3.7,0.725,0.427,-0.7,0.457,0.457,0.8,0.274,0.457,1.3,0.316,0.457,1.3,0.317,0.457,1.1,0.286,0.457,0,-1.0,57.917
20110101_0957,-27.02,-63.21,586.0,CQ.WAS.00,28.875,106.917,171.086,1803.716,1868.837,1891.574,1158.0,2.472,0.378,0.387,0.371,0.368,0.388,5.1,4.2,0.725,-0.125,7.6,0.638,0.638,9.5,0.565,0.638,10.1,0.566,0.638,9.9,0.563,0.638,9.7,0.55,0.638,1,4.0,75.242
20110101_0957,-27.02,-63.21,586.0,1G.NOP03.,40.961,110.149,165.024,1773.631,1830.599,1850.048,1159.0,5.966,0.308,0.074,0.088,0.11,0.09,0.3,3.7,0.676,-0.715,-1.5,0.474,0.474,10.5,0.465,0.474,10.6,0.442,0.474,10.9,0.418,0.474,10.6,0.439,0.474,0,-1.0,19.359
20110101_0957,-27.02,-63.21,586.0,HI.CHM.00,19.597,110.003,170.312,1799.939,1863.996,1886.295,1160.0,2.029,0.251,0.233,0.242,0.225,0.222,-1.3,-1.3,0.634,0.691,-0.1,0.671,0.671,0.7,0.684,0.671,0.7,0.66,0.671,0.8,0.631,0.671,0.9,0.666,0.671,0,-1.0,139.963
20110101_0957,-27.02,-63.21,586.0,BU.ZJT.00,40.831,114.902,166.102,1779.068,1837.453,1857.463,1161.0,4.103,0.137,0.129,0.132,0.144,0.138,0.7,0.8,0.681,0.794,-1.9,0.605,0.605,-2.1,0.675,0.605,-2.0,0.701,0.605,-1.7,0.734,0.605,-1.9,0.724,0.605,0,-1.0,5.815
20110101_0957,-27.02,-63.21,586.0,BU.LQS.00,40.102,116.082,166.905,1783.095,1842.545,1862.98,1162.0,3.289,0.184,0.216,0.213,0.203,0.21,2.0,5.4,0.805,-0.423,10.7,0.53,0.53,-1.6,0.523,0.53,-1.4,0.549,0.53,-1.3,0.579,0.53,-1.3,0.569,0.53,0,-1.0,2.329
20110101_0957,-27.02,-63.21,586.0,IC.MDJ.00,44.618,129.593,159.625,1745.875,1795.941,1812.733,1163.0,2.03,0.157,0.17,0.145,0.121,0.133,0.3,-3.1,0.781,-0.767,-8.1,0.415,0.415,-7.9,0.434,0.415,-7.8,0.453,0.415,-7.8,0.467,0.415,-7.8,0.461,0.415,0,-1.0,-26.639
20110101_0957,-27.02,-63.21,586.0,JS.NJ2.00,32.052,118.854,174.658,1820.914,1891.044,1915.837,1164.0,5.816,-0.177,-0.163,-0.161,-0.162,-0.167,-0.7,-1.1,0.402,0.271,-7.1,0.473,0.473,-5.7,0.505,0.473,-5.6,0.508,0.473,-5.6,0.513,0.473,-5.6,0.513,0.473,0,-1.0,-17.807
20110101_0957,-27.02,-63.21,586.0,JL.MJT.00,41.948,127.594,162.651,1761.541,1815.435,1833.689,1165.0,1.374,0.397,0.104,0.087,0.088,0.09,-7.2,-3.4,0.577,-0.723,-0.1,0.646,0.646,-10.3,0.441,0.646,-10.2,0.449,0.646,-10.0,0.454,0.646,-10.2,0.451,0.646,0,-1.0,-27.471
20110101_0957,-27.02,-63.21,586.0,AU.WB2.,-19.943,134.351,130.049,1577.14,1596.802,1602.742,1166.0,6.95,0.657,0.647,0.645,0.661,0.656,0.5,0.7,0.954,0.956,0.5,0.695,0.695,0.7,0.712,0.695,0.8,0.712,0.695,0.5,0.719,0.695,0.6,0.719,0.695,1,6.0,-158.365
20110101_0957,-27.02,-63.21,586.0,HI.BSL.00,19.363,110.262,170.277,1799.765,1863.774,1886.054,1167.0,3.65,0.08,0.191,0.185,0.171,0.181,-1.8,-1.3,0.649,0.62,-4.2,0.504,0.504,-3.2,0.327,0.504,-3.0,0.33,0.504,-2.9,0.344,0.504,-3.0,0.313,0.504,0,-1.0,141.929
20110101_0957,-27.02,-63.21,586.0,SD.LAS.00,35.13,119.319,171.607,1806.248,1872.088,1895.121,1168.0,4.125,0.141,0.2,0.204,0.232,0.226,-1.4,2.5,0.805,-0.802,-1.7,0.507,0.507,3.3,0.509,0.507,3.4,0.527,0.507,3.6,0.523,0.507,3.5,0.51,0.507,0,-1.0,-13.692
20110101_0957,-27.02,-63.21,586.0,GS.ZHY.00,39.091,100.531,161.848,1757.413,1810.279,1828.139,1169.0,5.154,-0.138,0.02,0.075,0.081,0.048,3.4,3.7,0.507,0.54,-2.3,0.538,0.538,-1.8,0.533,0.538,-1.7,0.48,0.538,4.5,0.465,0.538,-1.8,0.504,0.538,0,-1.0,43.799
20110101_0957,-27.02,-63.21,586.0,ZJ.YUY.00,29.953,121.094,175.214,1823.556,1894.48,1919.601,1170.0,2.853,0.123,0.144,0.165,0.153,0.16,-1.0,-1.2,0.505,0.557,-0.3,0.735,0.735,4.5,0.419,0.735,-9.5,0.437,0.735,-9.5,0.435,0.735,-9.5,0.425,0.735,0,-1.0,-48.679
