evtid,evla,evlo,evdp,station,stla,stlo,gcarc,s2ks,s3ks,s4ks,tridx,snr,ccf1,ccf2,ccf3,ccf4,ccf5,t32_cc,t32_pp,ccf_cc,ccf_pp,t32_fw1,ccf_fw1,ccf_sg1,t32_fw2,ccf_fw2,ccf_sg2,t32_fw3,ccf_fw3,ccf_sg3,t32_fw4,ccf_fw4,ccf_sg4,t32_fw5,ccf_fw5,ccf_sg5
20110101_0957,-27.020,-63.210,586.000,PS.PATS.,6.837,158.315,135.749,1611.872,1636.319,1643.859,0.000,1.631,0.470,0.445,0.455,0.457,0.448,1.600,1.600,0.756,0.750,0.900,0.673,0.673,0.700,0.701,0.673,0.100,0.691,0.673,0.200,0.703,0.673,0.600,0.701,0.673
20110101_0957,-27.020,-63.210,586.000,HB.ZSH.00,32.250,110.217,172.258,1809.402,1876.148,1899.551,1.000,4.394,0.257,-0.117,-0.105,-0.103,-0.113,-2.100,4.000,0.632,0.298,8.000,0.751,0.751,12.600,0.504,0.751,12.600,0.511,0.751,12.600,0.514,0.751,12.600,0.508,0.751
20110101_0957,-27.020,-63.210,586.000,YN.DOC.00,26.092,103.187,167.802,1787.569,1848.218,1869.134,2.000,2.749,0.089,0.213,0.215,0.214,0.212,5.500,5.000,0.752,0.771,4.700,0.689,0.689,0.900,0.678,0.689,1.200,0.719,0.689,1.200,0.708,0.689,1.000,0.688,0.689
20110101_0957,-27.020,-63.210,586.000,GS.JFS.00,39.391,98.741,160.545,1750.669,1801.885,1819.114,3.000,0.400,-0.108,-0.076,-0.067,-0.061,-0.074,-7.100,-4.400,0.234,0.796,-6.300,0.257,0.257,-12.500,0.122,0.257,-12.000,0.143,0.257,-11.800,0.156,0.257,-12.300,0.129,0.257
20110101_0957,-27.020,-63.210,586.000,GS.MQT.00,34.020,102.060,165.530,1776.191,1833.823,1853.534,4.000,2.019,-0.081,0.008,0.006,0.003,0.000,8.000,3.000,0.651,-0.493,-2.200,0.622,0.622,-1.500,0.695,0.622,-1.500,0.685,0.622,-1.500,0.684,0.622,-1.500,0.682,0.622
20110101_0957,-27.020,-63.210,586.000,PS.TSK.,36.211,140.110,158.194,1738.356,1786.656,1802.778,5.000,2.281,0.236,0.203,0.163,0.174,0.185,-1.000,2.300,0.897,-0.950,5.600,0.533,0.533,5.700,0.595,0.533,5.300,0.538,0.533,5.300,0.545,0.533,5.400,0.560,0.533
20110101_0957,-27.020,-63.210,586.000,GS.TSS.00,34.342,106.021,168.206,1789.573,1850.764,1871.900,6.000,2.977,0.205,0.085,0.077,0.071,0.068,7.500,0.300,0.393,-0.607,0.900,0.651,0.651,6.600,0.400,0.651,6.600,0.413,0.651,6.500,0.417,0.651,6.500,0.413,0.651
20110101_0957,-27.020,-63.210,586.000,GD.LTK.00,23.662,114.647,176.124,1827.856,1900.087,1925.749,7.000,5.986,0.298,0.339,0.357,0.344,0.353,-0.600,-0.600,0.713,0.657,0.600,0.702,0.702,0.400,0.828,0.702,0.300,0.810,0.702,0.400,0.772,0.702,0.400,0.779,0.702
20110101_0957,-27.020,-63.210,586.000,KN.CHM.,42.999,74.751,142.534,1651.840,1682.704,1692.439,8.000,2.650,0.017,-0.004,0.017,0.011,0.004,-4.600,-1.300,0.895,-0.646,3.300,0.702,0.702,4.300,0.599,0.702,4.600,0.529,0.702,4.500,0.546,0.702,4.400,0.572,0.702
20110101_0957,-27.020,-63.210,586.000,ZJ.YOK.00,28.962,120.201,176.417,1829.237,1901.891,1927.728,9.000,8.387,0.405,0.526,0.508,0.514,0.521,3.200,3.400,0.720,0.723,4.500,0.661,0.661,4.300,0.584,0.661,3.900,0.484,0.661,3.900,0.498,0.661,4.000,0.541,0.661
20110101_0957,-27.020,-63.210,586.000,GE.MNAI.,-4.360,102.956,145.890,1671.039,1705.353,1716.297,10.000,0.456,-0.138,-0.068,-0.076,-0.091,-0.093,-0.100,3.500,0.965,0.999,0.600,0.283,0.283,-0.500,0.310,0.283,-0.400,0.320,0.283,-0.300,0.347,0.283,0.400,0.332,0.283
20110101_0957,-27.020,-63.210,586.000,XJ.KOL.00,41.888,85.805,150.678,1697.823,1737.325,1750.148,11.000,0.675,0.324,0.477,0.485,0.489,0.482,-5.400,-4.500,0.592,0.591,-0.400,0.416,0.416,0.100,0.493,0.416,-0.100,0.527,0.416,-0.100,0.538,0.416,0.000,0.524,0.416
20110101_0957,-27.020,-63.210,586.000,BU.SZL.00,40.307,117.217,166.708,1782.109,1841.298,1861.628,12.000,5.016,0.239,0.184,0.182,0.167,0.176,-3.200,-3.100,0.752,0.641,-2.600,0.745,0.745,-2.600,0.655,0.745,-2.800,0.639,0.745,-3.000,0.616,0.745,-3.000,0.628,0.745
20110101_0957,-27.020,-63.210,586.000,JS.GAY.00,34.943,118.983,171.857,1807.463,1873.652,1896.827,13.000,4.281,0.093,0.221,0.217,0.220,0.225,-2.200,1.500,0.780,-0.818,6.800,0.696,0.696,-2.500,0.480,0.696,-2.500,0.478,0.696,-2.300,0.469,0.696,-2.300,0.470,0.696
20110101_0957,-27.020,-63.210,586.000,JX.HUC.00,25.606,115.774,178.319,1838.124,1913.553,1940.543,14.000,5.405,0.018,0.036,0.076,0.081,0.063,-1.200,-0.700,0.784,0.759,-3.700,0.488,0.488,-3.400,0.578,0.488,-3.500,0.579,0.488,-3.300,0.567,0.488,-3.300,0.552,0.488
20110101_0957,-27.020,-63.210,586.000,JX.NAC.00,27.539,116.576,179.447,1843.347,1920.437,1948.124,15.000,10.149,0.489,0.579,0.586,0.585,0.580,0.800,4.400,0.808,-0.853,-0.100,0.613,0.613,-0.100,0.512,0.613,-0.100,0.582,0.613,-0.200,0.595,0.613,-0.100,0.558,0.613
20110101_0957,-27.020,-63.210,586.000,HA.XY.00,32.133,114.012,174.346,1819.429,1889.115,1913.725,16.000,3.696,0.116,0.117,0.118,0.114,0.097,-4.100,2.200,0.528,0.548,0.800,0.513,0.513,-1.700,0.597,0.513,-1.400,0.556,0.513,-1.200,0.536,0.513,-1.500,0.562,0.513
20110101_0957,-27.020,-63.210,586.000,LN.FKU.00,42.508,123.347,163.615,1766.475,1821.611,1840.346,17.000,2.867,0.104,0.122,0.117,0.108,0.110,0.600,-2.600,0.760,-0.864,2.300,0.556,0.556,-11.000,0.380,0.556,-11.000,0.398,0.556,-11.000,0.409,0.556,-11.000,0.403,0.556
20110101_0957,-27.020,-63.210,586.000,GS.CXT.00,33.731,105.761,168.369,1790.378,1851.789,1873.012,18.000,3.428,0.203,0.102,0.087,0.083,0.085,4.000,0.000,0.733,-0.575,-1.100,0.646,0.646,6.300,0.734,0.646,6.400,0.727,0.646,6.400,0.727,0.646,6.300,0.735,0.646
20110101_0957,-27.020,-63.210,586.000,BJ.DHC.00,39.861,116.110,167.146,1784.301,1844.073,1864.636,19.000,3.664,0.318,0.358,0.352,0.340,0.348,0.300,-3.500,0.762,-0.754,1.000,0.584,0.584,1.000,0.609,0.584,1.000,0.580,0.584,1.000,0.543,0.584,1.000,0.558,0.584
20110101_0957,-27.020,-63.210,586.000,JS.KS.00,31.390,120.950,174.319,1819.302,1888.951,1913.546,20.000,2.402,0.202,0.234,0.237,0.238,0.233,3.200,-0.300,0.756,-0.785,-3.400,0.611,0.611,-2.600,0.649,0.611,-2.800,0.608,0.611,-2.800,0.590,0.611,-2.800,0.595,0.611
20110101_0957,-27.020,-63.210,586.000,GE.FAKI.,-2.919,132.249,146.550,1674.775,1709.787,1720.979,21.000,8.444,0.518,0.458,0.467,0.477,0.476,0.800,1.000,0.681,0.632,0.700,0.918,0.918,1.100,0.924,0.918,1.000,0.925,0.918,0.800,0.929,0.918,0.800,0.929,0.918
20110101_0957,-27.020,-63.210,586.000,QH.QML.00,34.171,95.830,160.639,1751.158,1802.492,1819.766,22.000,2.406,-0.216,0.199,0.234,0.231,0.213,2.700,-1.100,0.643,-0.442,3.900,0.445,0.445,5.300,0.499,0.445,5.800,0.424,0.445,5.700,0.430,0.445,5.500,0.469,0.445
20110101_0957,-27.020,-63.210,586.000,YN.MLA.00,21.426,101.528,165.014,1773.583,1830.538,1849.982,23.000,2.869,0.146,0.137,0.131,0.133,0.133,-1.300,-4.500,0.334,-0.852,-10.200,0.681,0.681,-9.400,0.667,0.681,-9.400,0.667,0.681,-9.400,0.667,0.681,-9.500,0.663,0.681
20110101_0957,-27.020,-63.210,586.000,GS.HNT.00,35.691,105.070,166.777,1782.453,1841.733,1862.099,24.000,2.605,0.065,-0.092,-0.130,-0.151,-0.115,5.700,5.300,0.717,0.747,6.300,0.353,0.353,1.900,0.593,0.353,2.200,0.620,0.353,2.400,0.622,0.353,2.100,0.604,0.353
20110101_0957,-27.020,-63.210,586.000,GD.NAP.00,23.260,117.283,176.213,1828.280,1900.640,1926.356,25.000,2.153,0.231,0.274,0.274,0.274,0.276,0.800,4.700,0.689,-0.520,9.900,0.444,0.444,0.400,0.642,0.444,0.200,0.635,0.444,0.100,0.624,0.444,0.100,0.631,0.444
20110101_0957,-27.020,-63.210,586.000,HB.SYA.00,32.597,110.719,172.332,1809.758,1876.607,1900.053,26.000,3.379,0.258,-0.293,-0.307,-0.310,-0.303,-3.000,3.200,0.476,0.257,7.200,0.792,0.792,4.500,0.625,0.792,4.400,0.607,0.792,4.500,0.601,0.792,4.500,0.613,0.792
20110101_0957,-27.020,-63.210,586.000,JL.SYZT.00,43.539,125.674,161.986,1758.120,1811.162,1829.089,27.000,1.234,-0.022,0.102,0.094,0.094,0.094,-2.900,-2.600,0.537,0.445,5.600,0.574,0.574,-9.600,0.363,0.574,-9.800,0.372,0.574,-9.800,0.385,0.574,-9.800,0.385,0.574
20110101_0957,-27.020,-63.210,586.000,KN.KBK.,42.656,74.948,142.742,1653.038,1684.111,1693.918,28.000,1.043,0.100,0.057,0.073,0.070,0.062,-5.500,2.100,0.798,0.609,3.000,0.664,0.664,3.700,0.681,0.664,4.000,0.597,0.664,3.900,0.608,0.664,3.700,0.653,0.664
20110101_0957,-27.020,-63.210,586.000,XJ.AHQ.00,40.934,78.459,145.647,1669.665,1703.724,1714.578,29.000,1.575,0.009,0.019,0.033,0.032,0.025,-4.400,-3.400,0.672,0.419,5.000,0.683,0.683,6.300,0.485,0.683,6.100,0.422,0.683,6.100,0.429,0.683,6.200,0.459,0.683
20110101_0957,-27.020,-63.210,586.000,JX.XIS.00,29.040,114.563,177.182,1832.825,1906.590,1932.888,30.000,4.547,0.416,0.117,0.125,0.123,0.119,4.600,4.500,0.617,0.402,-9.800,0.365,0.365,5.400,0.643,0.365,5.400,0.635,0.365,5.500,0.632,0.365,5.400,0.640,0.365
20110101_0957,-27.020,-63.210,586.000,SX.LNQ.00,39.382,114.021,167.424,1785.687,1845.830,1866.542,31.000,6.470,-0.078,-0.042,-0.048,-0.048,-0.042,-0.400,3.400,0.713,-0.800,8.000,0.588,0.588,7.500,0.648,0.588,7.500,0.643,0.588,7.500,0.636,0.588,7.400,0.639,0.588
20110101_0957,-27.020,-63.210,586.000,TM.PBKT.,16.573,100.969,162.004,1758.216,1811.282,1829.217,32.000,3.129,0.102,0.124,0.121,0.123,0.124,-1.600,-1.300,0.454,0.458,1.100,0.731,0.731,-6.300,0.652,0.731,-6.300,0.658,0.731,-6.300,0.659,0.731,-6.300,0.654,0.731
20110101_0957,-27.020,-63.210,586.000,QH.MEY.00,37.472,101.400,163.347,1765.102,1819.892,1838.491,33.000,6.645,0.070,0.113,0.123,0.133,0.121,-2.500,1.100,0.672,-0.927,-3.800,0.722,0.722,-3.300,0.766,0.722,-3.300,0.784,0.722,-3.300,0.785,0.722,-3.300,0.775,0.722
20110101_0957,-27.020,-63.210,586.000,HB.ZHX.00,31.172,112.727,174.538,1820.344,1890.303,1915.026,34.000,2.729,0.147,0.103,0.103,0.104,0.088,-0.200,0.100,0.680,0.586,4.600,0.356,0.356,5.300,0.392,0.356,5.400,0.410,0.356,5.500,0.414,0.356,5.300,0.402,0.356
20110101_0957,-27.020,-63.210,586.000,YP.NE88.,46.168,123.289,160.171,1748.722,1799.468,1816.519,35.000,1.110,0.059,0.057,0.057,0.059,0.057,-0.100,0.200,0.987,0.983,2.400,0.645,0.645,-1.300,0.626,0.645,-1.300,0.622,0.645,-1.300,0.606,0.645,-1.300,0.614,0.645
20110101_0957,-27.020,-63.210,586.000,GS.AXX.00,40.517,95.800,158.040,1737.544,1785.656,1801.707,36.000,0.333,-0.018,-0.022,-0.021,-0.021,-0.022,-5.200,-2.500,0.142,0.834,-8.200,0.349,0.349,-6.700,0.515,0.349,-6.600,0.519,0.349,-6.500,0.525,0.349,-6.600,0.518,0.349
20110101_0957,-27.020,-63.210,586.000,JL.YFT.00,41.362,126.512,163.583,1766.311,1821.406,1840.125,37.000,1.068,0.071,0.072,0.057,0.049,0.053,2.300,2.200,0.605,0.673,-2.300,0.647,0.647,-1.200,0.912,0.647,-1.100,0.924,0.647,-0.900,0.924,0.647,-1.000,0.925,0.647
20110101_0957,-27.020,-63.210,586.000,HI.QIH.00,19.222,110.476,170.282,1799.791,1863.807,1886.089,38.000,3.061,0.138,0.311,0.316,0.300,0.311,-1.100,-1.000,0.757,0.758,-10.800,0.293,0.293,-10.100,0.295,0.293,-10.000,0.301,0.293,-9.900,0.322,0.293,-10.000,0.300,0.293
20110101_0957,-27.020,-63.210,586.000,AH.SIX.00,33.558,117.859,173.398,1814.892,1883.236,1907.295,39.000,2.319,0.217,0.309,0.303,0.300,0.310,-1.100,-3.900,0.642,-0.603,-1.900,0.650,0.650,-1.300,0.684,0.650,-1.300,0.680,0.650,-1.300,0.682,0.650,-1.300,0.689,0.650
20110101_0957,-27.020,-63.210,586.000,GD.SHT.00,23.416,116.626,176.393,1829.124,1901.744,1927.567,40.000,4.643,0.246,0.236,0.229,0.230,0.226,-1.100,-2.600,0.534,0.451,5.100,0.576,0.576,5.200,0.595,0.576,5.100,0.578,0.576,5.000,0.558,0.576,5.000,0.566,0.576
20110101_0957,-27.020,-63.210,586.000,YP.NE6A.,44.806,124.540,161.162,1753.866,1805.860,1823.386,41.000,4.479,-0.072,0.147,0.145,0.147,0.147,1.000,0.900,0.878,0.843,-7.300,0.489,0.489,7.400,0.427,0.489,7.300,0.498,0.489,7.100,0.532,0.489,7.200,0.517,0.489
20110101_0957,-27.020,-63.210,586.000,IC.MDJ.10,44.618,129.593,159.625,1745.875,1795.941,1812.733,42.000,1.967,0.163,0.172,0.145,0.122,0.134,0.300,-3.100,0.774,-0.766,1.600,0.414,0.414,1.000,0.428,0.414,0.900,0.425,0.414,-7.700,0.433,0.414,-7.800,0.427,0.414
20110101_0957,-27.020,-63.210,586.000,NM.NIC.00,41.725,118.875,165.196,1774.503,1831.696,1851.233,43.000,2.225,0.266,0.226,0.225,0.220,0.220,1.600,1.300,0.760,0.750,0.800,0.711,0.711,1.600,0.637,0.711,1.500,0.628,0.711,1.600,0.618,0.711,1.600,0.622,0.711
20110101_0957,-27.020,-63.210,586.000,NM.RLT.00,43.686,111.923,162.876,1762.694,1816.878,1835.243,44.000,4.156,0.237,0.377,0.292,0.290,0.295,-4.900,-1.500,0.487,-0.468,-5.600,0.338,0.338,0.100,0.575,0.338,-5.900,0.348,0.338,-5.900,0.359,0.338,-5.900,0.355,0.338
20110101_0957,-27.020,-63.210,586.000,YP.NE57.,44.123,123.258,162.121,1758.817,1812.033,1830.026,45.000,1.467,0.033,0.011,0.016,0.019,0.019,-7.400,-4.100,0.480,-0.564,-7.800,0.447,0.447,-5.800,0.450,0.447,-5.700,0.456,0.447,-5.600,0.459,0.447,-5.700,0.451,0.447
20110101_0957,-27.020,-63.210,586.000,FJ.QZH.00,24.942,118.595,177.364,1833.678,1907.708,1934.116,46.000,7.455,0.395,0.430,0.442,0.450,0.445,-1.400,-1.300,0.970,0.966,-1.000,0.489,0.489,-0.700,0.743,0.489,-0.800,0.766,0.489,-0.800,0.775,0.489,-0.700,0.760,0.489
20110101_0957,-27.020,-63.210,586.000,AK.TNA.,65.560,-167.927,120.479,1516.472,1529.304,1533.114,47.000,0.412,0.024,0.027,0.032,0.034,0.034,8.900,-4.300,0.299,-0.952,-9.800,0.463,0.463,-9.400,0.439,0.463,-9.500,0.503,0.463,-9.400,0.479,0.463,-9.400,0.479,0.463
20110101_0957,-27.020,-63.210,586.000,QH.XUH.00,35.862,102.498,164.965,1773.336,1830.227,1849.646,48.000,4.026,0.145,0.253,0.245,0.254,0.254,-2.000,2.200,0.424,-0.585,-3.200,0.577,0.577,-2.400,0.735,0.577,-2.500,0.738,0.577,-2.400,0.747,0.577,-2.400,0.742,0.577
20110101_0957,-27.020,-63.210,586.000,IC.SSE.00,31.095,121.189,174.399,1819.681,1889.442,1914.084,49.000,5.005,0.287,0.270,0.264,0.345,0.341,7.500,-0.700,0.426,0.127,0.600,0.903,0.903,1.800,0.681,0.903,1.600,0.674,0.903,0.400,0.948,0.903,0.500,0.946,0.903
20110101_0957,-27.020,-63.210,586.000,SC.EMS.00,29.577,103.454,167.990,1788.503,1849.404,1870.422,50.000,3.949,0.048,0.042,0.034,0.035,0.033,-6.100,-2.700,0.712,-0.868,2.500,0.681,0.681,-9.700,0.622,0.681,-9.600,0.606,0.681,-9.600,0.611,0.681,-9.700,0.617,0.681
20110101_0957,-27.020,-63.210,586.000,TM.PHRA.,18.499,100.229,162.538,1760.961,1814.711,1832.909,51.000,4.173,0.032,0.244,0.257,0.258,0.250,-1.300,-4.500,0.570,-0.418,-10.200,0.428,0.428,0.500,0.514,0.428,0.500,0.519,0.428,0.500,0.519,0.428,0.500,0.517,0.428
20110101_0957,-27.020,-63.210,586.000,FJ.YCSG.00,25.336,118.227,177.879,1836.078,1910.862,1937.583,52.000,9.650,0.324,0.344,0.377,0.384,0.366,0.300,-0.400,0.865,0.703,3.400,0.661,0.661,3.200,0.630,0.661,2.900,0.625,0.661,3.000,0.618,0.661,3.100,0.622,0.661
20110101_0957,-27.020,-63.210,586.000,RM.SZP.,17.552,120.455,169.945,1798.143,1861.697,1883.790,53.000,5.915,0.403,0.420,0.415,0.418,0.420,0.700,-4.300,0.575,-0.501,5.400,0.596,0.596,5.500,0.668,0.596,5.400,0.691,0.596,5.200,0.713,0.596,5.200,0.711,0.596
20110101_0957,-27.020,-63.210,586.000,GS.HYS.00,38.401,102.831,163.683,1766.820,1822.044,1840.812,54.000,1.902,0.190,0.006,0.065,0.065,-0.008,4.200,0.500,0.639,-0.679,-5.100,0.613,0.613,-4.500,0.756,0.613,4.300,0.691,0.613,4.200,0.688,0.613,-4.500,0.754,0.613
20110101_0957,-27.020,-63.210,586.000,YN.YUM.00,25.689,101.861,166.564,1781.390,1840.387,1860.641,55.000,2.531,-0.039,0.041,-0.004,-0.003,-0.007,1.300,1.300,0.607,0.496,2.700,0.642,0.642,-2.800,0.510,0.642,2.700,0.504,0.642,2.700,0.500,0.642,2.700,0.492,0.642
20110101_0957,-27.020,-63.210,586.000,GS.HCH.00,36.250,108.461,168.371,1790.390,1851.804,1873.029,56.000,8.036,0.046,-0.016,0.005,-0.006,-0.013,5.900,2.400,0.538,-0.601,5.500,0.383,0.383,0.800,0.409,0.383,1.000,0.350,0.383,-6.100,0.315,0.383,0.900,0.367,0.383
20110101_0957,-27.020,-63.210,586.000,HI.DOF.00,19.066,108.729,169.131,1794.141,1856.584,1878.225,57.000,4.073,-0.156,0.217,0.322,0.215,0.219,-0.400,4.700,0.529,-0.803,6.600,0.408,0.408,1.500,0.605,0.408,0.600,0.944,0.408,1.500,0.580,0.408,1.400,0.592,0.408
20110101_0957,-27.020,-63.210,586.000,HB.DJI.00,32.553,111.525,172.827,1812.148,1879.691,1903.420,58.000,6.572,0.190,0.214,0.204,0.202,0.208,-4.200,4.200,0.646,-0.880,-3.800,0.488,0.488,-2.100,0.490,0.488,-2.100,0.480,0.488,-2.100,0.479,0.488,-2.100,0.490,0.488
20110101_0957,-27.020,-63.210,586.000,GS.HZT.00,35.010,102.911,165.694,1777.018,1834.866,1854.662,59.000,3.488,0.073,0.076,0.070,0.067,0.070,8.700,4.500,0.572,-0.065,-0.400,0.387,0.387,-0.100,0.399,0.387,0.200,0.363,0.387,0.200,0.361,0.387,0.000,0.371,0.387
20110101_0957,-27.020,-63.210,586.000,HL.TAH.00,52.336,124.667,154.004,1715.979,1759.279,1773.517,60.000,4.374,0.277,0.301,0.307,0.312,0.310,-0.900,-0.600,0.626,0.629,-0.500,0.496,0.496,13.400,0.348,0.496,13.400,0.348,0.496,13.400,0.349,0.496,13.400,0.352,0.496
20110101_0957,-27.020,-63.210,586.000,YP.NE63.,44.786,117.814,162.215,1759.298,1812.634,1830.673,61.000,0.348,-0.021,-0.010,-0.012,-0.016,-0.014,-9.400,-4.400,0.175,0.844,4.100,0.202,0.202,5.300,0.215,0.202,5.400,0.218,0.202,5.700,0.218,0.202,5.500,0.219,0.202
20110101_0957,-27.020,-63.210,586.000,HE.XIL.00,40.406,117.471,166.602,1781.578,1840.625,1860.899,62.000,2.620,0.258,0.175,0.176,0.164,0.172,-0.300,-0.100,0.938,0.942,0.300,0.796,0.796,1.200,0.698,0.796,1.300,0.666,0.796,1.400,0.626,0.796,1.300,0.644,0.796
20110101_0957,-27.020,-63.210,586.000,HI.YML.00,19.853,110.280,170.674,1801.709,1866.264,1888.767,63.000,0.358,-0.008,-0.008,-0.008,-0.008,-0.009,11.100,-3.300,0.316,-0.129,-4.700,0.446,0.446,7.400,0.338,0.446,7.300,0.332,0.446,7.300,0.327,0.446,7.300,0.336,0.446
20110101_0957,-27.020,-63.210,586.000,YP.NEA6.,47.606,124.995,158.435,1739.626,1788.222,1804.456,64.000,0.310,0.018,0.006,0.006,0.007,0.006,-0.100,-3.300,0.514,0.932,-0.700,0.696,0.696,-0.500,0.573,0.696,-0.400,0.589,0.696,-0.400,0.592,0.696,-0.400,0.584,0.696
20110101_0957,-27.020,-63.210,586.000,NM.WLT.00,46.040,122.027,160.531,1750.598,1801.796,1819.019,65.000,2.361,0.163,0.179,0.180,0.180,0.179,0.300,0.500,0.770,0.750,-6.100,0.626,0.626,-4.300,0.628,0.626,-4.200,0.614,0.626,-4.100,0.592,0.626,-4.100,0.601,0.626
20110101_0957,-27.020,-63.210,586.000,GS.DBT.00,34.060,103.230,166.383,1780.478,1839.235,1859.392,66.000,2.563,0.135,0.127,0.120,0.127,0.125,-6.500,4.100,0.528,-0.031,0.200,0.704,0.704,-0.100,0.613,0.704,-0.100,0.596,0.704,-0.100,0.605,0.704,-0.100,0.606,0.704
20110101_0957,-27.020,-63.210,586.000,JS.TZ.00,32.409,119.919,173.965,1817.611,1886.757,1911.145,67.000,2.290,0.209,0.344,0.328,0.313,0.322,-2.400,-2.500,0.806,0.823,-0.600,0.625,0.625,-6.600,0.618,0.625,0.100,0.613,0.625,0.000,0.594,0.625,0.100,0.615,0.625
20110101_0957,-27.020,-63.210,586.000,XZ.NAQ.00,31.450,92.090,158.045,1737.574,1785.693,1801.746,68.000,1.445,0.252,0.340,0.365,0.362,0.349,1.700,-2.100,0.710,-0.571,-2.600,0.610,0.610,5.400,0.383,0.610,5.900,0.375,0.610,5.900,0.373,0.610,5.600,0.379,0.610
20110101_0957,-27.020,-63.210,586.000,HI.SAJ.00,19.889,110.641,170.911,1802.865,1867.746,1890.383,69.000,3.536,0.032,0.075,0.083,0.091,0.085,8.600,4.600,0.570,-0.768,-2.700,0.680,0.680,10.700,0.565,0.680,10.700,0.564,0.680,10.700,0.567,0.680,10.700,0.570,0.680
20110101_0957,-27.020,-63.210,586.000,YN.CZS.00,24.904,98.667,163.584,1766.313,1821.409,1840.127,70.000,0.348,0.001,0.008,0.006,0.007,0.007,-11.100,-5.300,0.181,0.705,-8.100,0.408,0.408,-7.700,0.392,0.408,-7.500,0.335,0.408,-7.600,0.353,0.408,-7.600,0.374,0.408
20110101_0957,-27.020,-63.210,586.000,XW.DESH.,12.583,54.239,119.984,1513.250,1525.773,1529.489,71.000,2.004,0.027,0.001,0.066,-0.004,-0.001,0.400,-3.400,0.731,-0.576,5.400,0.447,0.447,3.000,0.543,0.447,-5.900,0.330,0.447,3.100,0.542,0.447,3.000,0.543,0.447
20110101_0957,-27.020,-63.210,586.000,MY.KOM.,1.792,103.847,151.884,1704.450,1745.310,1758.635,72.000,5.809,0.356,0.293,0.299,0.308,0.296,-2.900,-2.900,0.446,0.496,7.900,0.641,0.641,7.400,0.633,0.641,7.400,0.631,0.641,7.300,0.616,0.641,7.400,0.633,0.641
20110101_0957,-27.020,-63.210,586.000,HB.DWU.00,31.499,114.120,174.952,1822.315,1892.865,1917.832,73.000,4.238,0.197,0.126,0.134,0.133,0.112,-5.600,-5.200,0.577,0.352,-2.300,0.699,0.699,-3.600,0.806,0.699,-3.500,0.813,0.699,-3.400,0.814,0.699,-3.600,0.811,0.699
20110101_0957,-27.020,-63.210,586.000,XJ.KSZ.00,39.591,75.941,143.981,1660.163,1692.492,1702.738,74.000,0.768,0.127,0.273,0.259,0.262,0.270,6.100,2.100,0.497,-0.583,4.800,0.420,0.420,6.800,0.563,0.420,7.000,0.593,0.420,7.000,0.592,0.420,6.900,0.578,0.420
20110101_0957,-27.020,-63.210,586.000,YP.NE5A.,44.074,126.907,161.099,1753.541,1805.455,1822.950,75.000,1.658,0.094,0.171,0.029,0.032,0.033,7.500,-2.100,0.324,-0.320,-6.700,0.580,0.580,-6.200,0.590,0.580,-7.600,0.410,0.580,-7.600,0.412,0.580,-7.600,0.406,0.580
20110101_0957,-27.020,-63.210,586.000,YN.MLP.00,23.128,104.702,168.387,1790.470,1851.906,1873.140,76.000,0.360,0.065,0.055,0.055,0.054,0.054,9.700,5.300,0.231,0.453,0.200,0.706,0.706,-3.700,0.516,0.706,-3.500,0.538,0.706,-3.600,0.530,0.706,-3.700,0.520,0.706
20110101_0957,-27.020,-63.210,586.000,HL.WUC.00,45.125,127.080,160.116,1748.433,1799.110,1816.135,77.000,3.689,0.110,0.261,0.278,0.275,0.272,0.300,0.000,0.532,0.524,5.300,0.570,0.570,0.600,0.559,0.570,0.500,0.551,0.570,0.500,0.537,0.570,0.500,0.537,0.570
20110101_0957,-27.020,-63.210,586.000,SN.NSHT.00,33.325,108.323,170.346,1800.106,1864.210,1886.528,78.000,2.582,-0.227,-0.218,-0.228,-0.217,-0.215,4.300,4.400,0.852,0.796,-2.400,0.455,0.455,-1.800,0.644,0.455,-1.700,0.659,0.455,-1.600,0.682,0.455,-1.700,0.663,0.455
20110101_0957,-27.020,-63.210,586.000,SD.TCH.00,34.703,118.457,172.185,1809.051,1875.696,1899.058,79.000,5.163,-0.129,0.027,0.052,0.063,0.051,-4.200,-4.000,0.916,0.958,-3.200,0.742,0.742,-2.900,0.673,0.742,-2.800,0.665,0.742,-2.800,0.657,0.742,-2.800,0.662,0.742
20110101_0957,-27.020,-63.210,586.000,YN.YAJ.00,28.112,104.231,168.819,1792.604,1854.623,1876.093,80.000,0.862,0.192,0.156,-0.038,-0.036,-0.030,2.300,2.800,0.837,0.597,-1.600,0.634,0.634,-1.400,0.791,0.634,8.300,0.600,0.634,8.300,0.599,0.634,8.300,0.599,0.634
20110101_0957,-27.020,-63.210,586.000,AH.LAN.00,31.715,116.501,175.298,1823.956,1895.001,1920.172,81.000,5.379,-0.044,0.004,0.004,0.002,0.002,-0.400,-0.100,0.659,0.646,-3.600,0.648,0.648,-2.500,0.725,0.648,-2.400,0.766,0.648,-2.300,0.788,0.648,-2.400,0.773,0.648
20110101_0957,-27.020,-63.210,586.000,GX.PXS.00,22.130,106.751,169.649,1796.692,1859.841,1881.770,82.000,2.556,0.057,0.138,0.149,0.148,0.145,1.300,1.300,0.876,0.925,-3.500,0.742,0.742,6.800,0.569,0.742,6.900,0.566,0.742,6.900,0.565,0.742,6.900,0.572,0.742
20110101_0957,-27.020,-63.210,586.000,HE.XIT.00,38.529,114.366,168.314,1790.105,1851.442,1872.636,83.000,5.819,0.035,0.090,0.068,0.045,0.068,0.200,4.000,0.456,-0.745,6.800,0.514,0.514,2.100,0.496,0.514,2.200,0.444,0.514,6.100,0.396,0.514,2.300,0.418,0.514
20110101_0957,-27.020,-63.210,586.000,TM.PRAC.,12.473,99.793,158.426,1739.583,1788.168,1804.398,84.000,1.216,0.104,0.160,0.154,0.153,0.158,-0.400,3.900,0.589,-0.765,1.600,0.275,0.275,3.900,0.362,0.275,3.800,0.398,0.275,3.700,0.402,0.275,3.900,0.376,0.275
20110101_0957,-27.020,-63.210,586.000,SX.LIS.00,37.529,111.242,168.498,1791.017,1852.602,1873.896,85.000,4.478,0.117,-0.013,-0.023,0.125,-0.023,4.700,4.400,0.732,0.479,4.900,0.335,0.335,10.600,0.419,0.335,10.800,0.381,0.335,1.800,0.427,0.335,10.800,0.381,0.335
20110101_0957,-27.020,-63.210,586.000,YN.LIC.00,23.878,100.069,164.591,1771.439,1827.842,1847.069,86.000,2.843,0.274,0.173,0.166,0.170,0.173,1.200,-2.500,0.296,-0.553,-7.800,0.635,0.635,-7.200,0.691,0.635,-7.100,0.690,0.635,-7.200,0.683,0.635,-7.200,0.682,0.635
20110101_0957,-27.020,-63.210,586.000,TM.CHBT.,12.744,102.353,160.336,1749.580,1800.533,1817.662,87.000,0.509,0.026,0.032,0.031,0.030,0.031,-4.900,4.300,0.512,-0.904,-2.600,0.579,0.579,-0.600,0.789,0.579,-1.500,0.711,0.579,-1.800,0.687,0.579,-0.900,0.760,0.579
20110101_0957,-27.020,-63.210,586.000,GS.WYT.00,35.040,104.100,166.508,1781.107,1840.030,1860.254,88.000,5.742,0.153,0.185,0.190,0.191,0.187,0.500,3.900,0.523,-0.739,1.100,0.533,0.533,-0.200,0.630,0.533,-0.200,0.629,0.533,-0.200,0.627,0.533,-0.200,0.625,0.533
20110101_0957,-27.020,-63.210,586.000,CQ.CHS.00,29.905,107.232,171.120,1803.881,1869.049,1891.805,89.000,3.908,0.409,0.337,0.332,0.320,0.342,4.800,4.700,0.874,0.848,7.600,0.726,0.726,9.300,0.536,0.726,10.000,0.613,0.726,9.900,0.591,0.726,-0.400,0.568,0.726
20110101_0957,-27.020,-63.210,586.000,IU.YAK.00,62.031,129.680,143.951,1659.992,1692.290,1702.524,90.000,2.512,0.093,0.044,0.039,0.039,0.038,0.000,-0.100,0.554,0.556,9.000,0.363,0.363,1.800,0.475,0.363,1.700,0.476,0.363,1.800,0.470,0.363,1.700,0.478,0.363
20110101_0957,-27.020,-63.210,586.000,HB.YXI.00,32.986,110.432,171.885,1807.597,1873.824,1897.015,91.000,3.233,0.053,-0.130,-0.153,-0.159,-0.148,-1.600,1.700,0.769,-0.788,-3.500,0.442,0.442,-2.900,0.604,0.442,-2.800,0.615,0.442,-2.800,0.611,0.442,-2.900,0.602,0.442
20110101_0957,-27.020,-63.210,586.000,YP.NE39.,42.979,123.287,163.191,1764.308,1818.897,1837.419,92.000,3.086,0.096,0.038,0.028,0.018,0.030,-0.100,-3.300,0.722,-0.946,1.500,0.690,0.690,-5.400,0.786,0.690,-5.300,0.789,0.690,-5.200,0.793,0.690,-5.300,0.788,0.690
20110101_0957,-27.020,-63.210,586.000,SH.SSE.00,31.096,121.188,174.399,1819.679,1889.440,1914.081,93.000,5.184,0.239,0.385,0.357,0.307,0.306,-11.800,1.900,0.345,-0.236,-2.700,0.818,0.818,-0.600,0.795,0.818,-0.800,0.810,0.818,-2.400,0.824,0.818,-2.400,0.827,0.818
20110101_0957,-27.020,-63.210,586.000,JL.YNB.00,43.003,129.489,160.980,1752.928,1804.693,1822.131,94.000,4.341,0.203,0.195,0.212,0.219,0.212,0.200,0.200,0.632,0.616,-9.000,0.492,0.492,-9.100,0.505,0.492,-9.200,0.505,0.492,-9.200,0.502,0.492,-9.200,0.498,0.492
20110101_0957,-27.020,-63.210,586.000,JS.PX.00,34.800,116.900,172.219,1809.216,1875.909,1899.290,95.000,1.033,-0.101,-0.089,-0.086,-0.084,-0.084,-4.900,-1.500,0.660,-0.933,-5.000,0.714,0.714,-4.700,0.732,0.714,-4.700,0.739,0.714,-4.600,0.743,0.714,-4.600,0.739,0.714
20110101_0957,-27.020,-63.210,586.000,CQ.WAZ.00,30.752,108.461,171.811,1807.239,1873.363,1896.512,96.000,1.946,-0.017,-0.301,-0.312,-0.316,-0.306,1.300,1.300,0.909,0.923,13.100,0.289,0.289,2.100,0.639,0.289,2.000,0.681,0.289,2.000,0.683,0.289,2.100,0.646,0.289
20110101_0957,-27.020,-63.210,586.000,HL.LBE.00,47.596,130.829,156.674,1730.301,1776.758,1792.184,97.000,3.488,0.300,0.358,0.346,0.341,0.342,-0.700,-0.600,0.880,0.900,-0.500,0.637,0.637,0.300,0.551,0.637,-9.100,0.472,0.637,-9.100,0.497,0.637,-9.100,0.489,0.637
20110101_0957,-27.020,-63.210,586.000,IC.QIZ.01,19.029,109.844,169.772,1797.296,1860.614,1882.612,98.000,6.724,0.068,0.232,0.260,0.260,0.248,0.000,0.100,0.744,0.729,-9.500,0.268,0.268,1.600,0.434,0.268,-5.600,0.444,0.268,-5.500,0.448,0.268,-5.600,0.450,0.268
20110101_0957,-27.020,-63.210,586.000,YN.YIM.00,24.700,102.144,166.626,1781.700,1840.779,1861.066,99.000,0.391,0.036,0.008,0.011,0.010,0.007,-0.900,-0.100,0.733,0.535,2.000,0.549,0.549,3.100,0.409,0.549,3.100,0.404,0.549,3.100,0.405,0.549,3.200,0.408,0.549
20110101_0957,-27.020,-63.210,586.000,SC.HYS.00,30.416,106.840,170.641,1801.547,1866.056,1888.541,100.000,1.928,-0.036,-0.052,-0.082,-0.083,-0.061,5.600,5.400,0.707,0.375,-0.200,0.596,0.596,-0.100,0.805,0.596,0.000,0.803,0.596,-0.100,0.812,0.596,-0.100,0.815,0.596
20110101_0957,-27.020,-63.210,586.000,HI.JFL.00,18.704,108.789,168.894,1792.975,1855.097,1876.608,101.000,5.708,0.346,0.265,0.258,0.253,0.258,-0.100,4.100,0.714,-0.890,2.500,0.682,0.682,1.200,0.926,0.682,1.300,0.922,0.682,1.200,0.917,0.682,1.200,0.922,0.682
20110101_0957,-27.020,-63.210,586.000,YP.NE7G.,45.921,132.497,157.360,1733.945,1781.230,1796.969,102.000,0.349,0.022,0.032,0.030,0.028,0.030,-3.800,-4.000,0.253,0.977,2.800,0.313,0.313,3.100,0.325,0.313,3.200,0.319,0.313,3.100,0.319,0.313,3.100,0.318,0.313
20110101_0957,-27.020,-63.210,586.000,YP.NE91.,46.926,120.732,159.853,1747.062,1797.411,1814.310,103.000,3.523,0.195,0.148,0.149,0.153,0.152,5.100,-4.600,0.648,-0.658,-0.100,0.822,0.822,0.400,0.438,0.822,0.400,0.424,0.822,0.300,0.412,0.822,0.300,0.422,0.822
20110101_0957,-27.020,-63.210,586.000,SX.JIC.00,37.712,112.436,168.697,1792.001,1853.856,1875.259,104.000,3.568,0.117,0.134,0.134,0.133,0.135,5.800,5.600,0.651,0.631,14.100,0.496,0.496,11.700,0.486,0.496,11.700,0.492,0.496,11.900,0.487,0.496,11.800,0.491,0.496
20110101_0957,-27.020,-63.210,586.000,XW.NIMR.,18.541,55.838,123.680,1537.094,1552.028,1556.482,105.000,1.472,0.080,-0.179,-0.182,-0.187,-0.179,1.000,4.100,0.556,-0.517,12.300,0.583,0.583,-4.800,0.500,0.583,-10.200,0.438,0.583,-4.500,0.474,0.583,-4.800,0.495,0.583
20110101_0957,-27.020,-63.210,586.000,HE.YON.00,36.754,114.422,170.062,1798.714,1862.427,1884.587,106.000,4.124,0.046,0.084,0.078,0.078,0.085,1.400,4.900,0.836,-0.878,1.800,0.487,0.487,2.100,0.617,0.487,2.100,0.608,0.487,2.100,0.597,0.487,2.100,0.604,0.487
20110101_0957,-27.020,-63.210,586.000,GD.ZHH.00,22.271,113.566,174.420,1819.782,1889.573,1914.227,107.000,3.851,0.117,0.100,0.097,0.096,0.100,-2.300,-2.600,0.827,0.688,-8.500,0.650,0.650,-8.200,0.683,0.650,-8.200,0.669,0.650,-8.100,0.662,0.650,-8.100,0.677,0.650
20110101_0957,-27.020,-63.210,586.000,NX.JYU.00,35.486,106.339,167.706,1787.091,1847.612,1868.476,108.000,2.610,0.010,0.069,0.077,0.076,0.069,2.200,4.800,0.755,-0.547,8.300,0.399,0.399,-2.400,0.632,0.399,-2.300,0.589,0.399,-2.300,0.578,0.399,-2.400,0.606,0.399
20110101_0957,-27.020,-63.210,586.000,SC.SMI.00,29.226,102.350,167.084,1783.987,1843.675,1864.205,109.000,2.936,0.257,0.239,0.231,0.234,0.238,7.500,3.900,0.636,-0.552,8.200,0.594,0.594,8.800,0.778,0.594,8.900,0.669,0.594,8.900,0.699,0.594,8.800,0.763,0.594
20110101_0957,-27.020,-63.210,586.000,SX.HZH.00,36.610,111.899,169.553,1796.217,1859.234,1881.110,110.000,4.119,-0.003,-0.071,-0.065,-0.060,-0.064,4.500,4.500,0.588,0.521,10.700,0.725,0.725,8.800,0.499,0.725,9.000,0.524,0.725,9.100,0.548,0.725,9.000,0.525,0.725
20110101_0957,-27.020,-63.210,586.000,XJ.FUH.00,46.993,87.179,149.372,1690.592,1728.648,1740.940,111.000,0.755,-0.007,0.003,0.008,0.012,0.000,-9.000,-3.900,0.575,-0.239,-7.100,0.607,0.607,-3.500,0.587,0.607,-3.300,0.655,0.607,-3.200,0.676,0.607,-3.500,0.617,0.607
20110101_0957,-27.020,-63.210,586.000,YP.NEP5.,45.734,122.620,160.720,1751.579,1803.015,1820.329,112.000,1.241,0.010,0.078,0.102,0.126,0.115,5.300,-0.400,0.532,0.078,-7.900,0.707,0.707,-5.300,0.837,0.707,-5.100,0.838,0.707,-4.900,0.835,0.707,-5.000,0.834,0.707
20110101_0957,-27.020,-63.210,586.000,XW.SADA.,19.501,57.465,125.455,1548.389,1564.569,1569.410,113.000,2.660,0.254,-0.133,-0.129,-0.133,-0.136,-3.500,-0.100,0.599,-0.732,3.700,0.496,0.496,8.400,0.451,0.496,8.200,0.472,0.496,8.200,0.464,0.496,8.400,0.446,0.496
20110101_0957,-27.020,-63.210,586.000,SD.JIN.00,36.639,117.040,170.379,1800.264,1864.413,1886.750,114.000,7.762,0.093,0.012,0.001,-0.012,-0.011,0.700,4.600,0.799,-0.841,2.700,0.564,0.564,3.400,0.540,0.564,-4.400,0.521,0.564,-4.300,0.539,0.564,-4.300,0.541,0.564
20110101_0957,-27.020,-63.210,586.000,XJ.BLT.00,42.945,86.659,150.869,1698.876,1738.591,1751.493,115.000,1.795,0.126,0.276,0.276,0.278,0.277,4.100,4.200,0.746,0.851,6.100,0.624,0.624,8.400,0.568,0.624,8.700,0.622,0.624,8.800,0.625,0.624,8.600,0.589,0.624
20110101_0957,-27.020,-63.210,586.000,YP.NE35.,42.891,119.693,163.954,1768.202,1823.777,1842.681,116.000,2.655,0.117,0.140,0.138,0.135,0.134,0.300,0.200,0.938,0.914,-1.000,0.604,0.604,0.500,0.643,0.604,0.600,0.646,0.604,0.700,0.642,0.604,0.700,0.647,0.604
20110101_0957,-27.020,-63.210,586.000,XJ.ALS.00,45.153,82.119,147.012,1677.379,1712.881,1724.249,117.000,1.029,0.023,0.083,0.114,0.111,0.092,-4.700,0.000,0.358,-0.163,0.600,0.742,0.742,3.100,0.755,0.742,3.600,0.729,0.742,3.600,0.723,0.742,3.300,0.736,0.742
20110101_0957,-27.020,-63.210,586.000,6F.BL11.,-22.153,133.490,128.242,1565.905,1584.159,1589.649,118.000,4.389,0.674,0.692,0.685,0.689,0.683,0.100,0.500,0.860,0.827,0.100,0.836,0.836,0.400,0.850,0.836,0.400,0.851,0.836,0.100,0.854,0.836,0.100,0.853,0.836
20110101_0957,-27.020,-63.210,586.000,SH.TMS.00,31.078,121.148,174.435,1819.852,1889.664,1914.326,119.000,6.953,0.278,0.368,0.356,0.353,0.350,-1.200,-0.900,0.397,0.279,0.600,0.941,0.941,0.500,0.948,0.941,0.400,0.947,0.941,0.400,0.947,0.941,0.500,0.948,0.941
20110101_0957,-27.020,-63.210,586.000,YN.WES.00,23.408,104.252,168.102,1789.056,1850.108,1871.186,120.000,2.691,0.027,0.071,0.069,0.070,0.068,1.000,-2.600,0.482,-0.433,-4.200,0.572,0.572,-0.400,0.409,0.572,-0.400,0.420,0.572,-0.300,0.416,0.572,-0.400,0.412,0.572
20110101_0957,-27.020,-63.210,586.000,HE.SHX.00,38.015,115.561,168.957,1793.285,1855.491,1877.037,121.000,2.722,-0.023,0.061,0.061,0.048,0.058,-5.400,-2.000,0.480,-0.667,1.200,0.531,0.531,0.900,0.551,0.531,0.900,0.567,0.531,0.900,0.574,0.531,0.900,0.569,0.531
20110101_0957,-27.020,-63.210,586.000,YP.NE89.,46.154,124.207,159.983,1747.742,1798.254,1815.215,122.000,1.827,0.004,0.190,0.194,0.198,0.197,-9.500,1.500,0.428,0.202,7.100,0.426,0.426,-14.200,0.192,0.426,-14.200,0.193,0.426,-14.300,0.191,0.426,-14.300,0.190,0.426
20110101_0957,-27.020,-63.210,586.000,JX.SHR.00,28.443,117.976,178.231,1837.719,1913.020,1939.957,123.000,0.357,-0.071,-0.105,-0.110,-0.106,-0.103,-1.900,-2.200,0.475,0.794,-1.100,0.685,0.685,6.900,0.591,0.685,6.700,0.572,0.685,6.500,0.571,0.685,-1.500,0.583,0.685
20110101_0957,-27.020,-63.210,586.000,YP.NE6D.,44.815,128.711,159.806,1746.817,1797.107,1813.984,124.000,1.952,0.132,0.043,0.050,0.057,0.049,1.000,4.500,0.404,0.323,3.900,0.689,0.689,4.800,0.576,0.689,4.800,0.558,0.689,4.700,0.549,0.689,4.800,0.550,0.689
20110101_0957,-27.020,-63.210,586.000,XJ.HTA.00,37.100,79.900,147.385,1679.479,1715.380,1726.891,125.000,0.888,0.045,0.022,0.028,0.026,0.024,-4.300,2.300,0.445,0.179,7.700,0.659,0.659,10.200,0.699,0.659,10.400,0.687,0.659,10.400,0.690,0.659,10.300,0.697,0.659
20110101_0957,-27.020,-63.210,586.000,IC.ENH.10,30.276,109.495,172.820,1812.113,1879.645,1903.370,126.000,0.994,-0.176,0.167,0.167,0.170,0.165,-3.700,-3.700,0.670,0.564,-4.900,0.818,0.818,6.700,0.537,0.818,6.500,0.550,0.818,6.500,0.552,0.818,6.600,0.557,0.818
20110101_0957,-27.020,-63.210,586.000,QH.DLH.00,37.381,97.378,160.640,1751.160,1802.494,1819.769,127.000,1.962,0.048,-0.015,0.003,0.003,-0.006,-6.700,-2.400,0.456,-0.500,8.500,0.301,0.301,3.300,0.562,0.301,3.600,0.563,0.301,3.700,0.563,0.301,3.500,0.561,0.301
20110101_0957,-27.020,-63.210,586.000,YP.NE68.,44.897,122.845,161.477,1755.497,1807.890,1825.569,128.000,8.186,0.083,0.046,0.051,0.057,0.061,1.800,1.700,0.767,0.765,-5.200,0.439,0.439,-3.000,0.585,0.439,-2.800,0.598,0.439,-2.700,0.610,0.439,-2.700,0.606,0.439
20110101_0957,-27.020,-63.210,586.000,SC.HLI.00,26.653,102.253,167.030,1783.721,1843.338,1863.840,129.000,4.124,0.181,0.140,0.131,0.130,0.135,-0.700,-4.100,0.444,-0.279,8.800,0.418,0.418,9.400,0.474,0.418,9.600,0.393,0.418,9.500,0.421,0.418,9.400,0.465,0.418
20110101_0957,-27.020,-63.210,586.000,SC.JYA.00,29.794,103.928,168.359,1790.328,1851.725,1872.943,130.000,2.990,-0.067,-0.092,-0.094,-0.090,-0.087,8.300,4.900,0.553,-0.587,3.300,0.488,0.488,10.800,0.617,0.488,10.900,0.632,0.488,10.900,0.630,0.488,10.800,0.620,0.488
20110101_0957,-27.020,-63.210,586.000,ZN.SIMS.,-8.420,150.440,131.841,1588.177,1609.283,1615.697,131.000,0.447,0.073,0.071,0.075,0.077,0.076,5.200,-4.200,0.738,-0.680,-10.100,0.206,0.206,-10.200,0.188,0.206,-10.300,0.174,0.206,-10.500,0.161,0.206,-10.200,0.183,0.206
20110101_0957,-27.020,-63.210,586.000,ZJ.YUQ.00,28.415,121.080,175.954,1827.058,1899.045,1924.606,132.000,6.526,0.362,0.336,0.339,0.340,0.337,-1.100,-1.100,0.913,0.891,0.300,0.968,0.968,-9.900,0.560,0.968,-2.000,0.545,0.968,-9.800,0.544,0.968,-9.800,0.559,0.968
20110101_0957,-27.020,-63.210,586.000,GD.SHW.00,22.792,115.370,175.580,1825.290,1896.738,1922.077,133.000,3.490,0.396,0.305,0.305,0.301,0.297,0.300,0.500,0.909,0.895,1.500,0.874,0.874,1.400,0.959,0.874,1.300,0.941,0.874,1.000,0.912,0.874,1.100,0.926,0.874
20110101_0957,-27.020,-63.210,586.000,HA.JY.00,35.163,112.449,171.052,1803.548,1868.621,1891.339,134.000,8.774,0.222,0.259,0.265,0.276,0.265,-0.800,-0.500,0.886,0.840,2.200,0.700,0.700,0.900,0.785,0.700,1.000,0.772,0.700,1.200,0.756,0.700,1.000,0.769,0.700
20110101_0957,-27.020,-63.210,586.000,LN.FXI.00,42.053,121.599,164.461,1770.780,1827.013,1846.174,135.000,4.620,0.139,0.237,0.234,0.226,0.234,0.100,0.200,0.946,0.928,-1.500,0.458,0.458,-7.700,0.625,0.458,-7.600,0.624,0.458,-7.500,0.622,0.458,-7.600,0.625,0.458
20110101_0957,-27.020,-63.210,586.000,CQ.YUB.00,29.858,106.827,170.795,1802.299,1867.020,1889.592,136.000,5.307,-0.050,-0.087,-0.097,-0.104,-0.087,5.000,4.700,0.669,0.195,7.700,0.486,0.486,-0.600,0.629,0.486,-0.200,0.696,0.486,-0.300,0.676,0.486,-0.400,0.654,0.486
20110101_0957,-27.020,-63.210,586.000,IC.WMQ.00,43.814,87.704,151.197,1700.682,1740.766,1753.804,137.000,1.592,-0.242,0.126,0.168,0.168,0.144,0.500,4.100,0.415,0.262,4.500,0.775,0.775,6.400,0.683,0.775,6.600,0.650,0.775,6.600,0.647,0.775,6.500,0.667,0.775
20110101_0957,-27.020,-63.210,586.000,SC.WMP.00,29.053,103.789,168.353,1790.300,1851.690,1872.905,138.000,,,,,,,-16.000,-8.000,0.000,0.000,-16.000,0.000,0.000,-16.000,0.000,0.000,-16.000,0.000,0.000,-16.000,0.000,0.000,-16.000,0.000,0.000
20110101_0957,-27.020,-63.210,586.000,6F.BL06.,-18.873,134.046,131.152,1583.944,1604.489,1610.718,139.000,5.835,0.624,0.620,0.619,0.642,0.636,0.100,0.600,0.905,0.889,0.500,0.744,0.744,0.500,0.756,0.744,0.600,0.754,0.744,0.200,0.750,0.744,0.300,0.751,0.744
20110101_0957,-27.020,-63.210,586.000,YP.NE99.,47.066,128.057,158.083,1737.772,1785.937,1802.008,140.000,4.296,-0.048,0.187,0.191,0.195,0.194,-3.000,-2.800,0.299,0.480,2.800,0.437,0.437,-3.700,0.605,0.437,-4.300,0.602,0.437,-4.500,0.600,0.437,-4.500,0.599,0.437
20110101_0957,-27.020,-63.210,586.000,HB.XSH.00,31.260,110.842,173.296,1814.406,1882.608,1906.608,141.000,3.006,0.228,-0.042,-0.044,-0.046,-0.049,-5.800,-1.200,0.803,-0.750,-1.800,0.441,0.441,-4.500,0.786,0.441,-4.500,0.779,0.441,-4.500,0.777,0.441,-4.500,0.782,0.441
20110101_0957,-27.020,-63.210,586.000,II.BRVK.00,53.058,70.283,137.020,1619.472,1645.070,1652.997,142.000,0.837,-0.077,0.004,0.021,0.023,0.014,0.500,1.000,0.773,0.811,-1.900,0.386,0.386,-1.400,0.533,0.386,-1.500,0.572,0.386,-1.400,0.574,0.386,-1.300,0.549,0.386
20110101_0957,-27.020,-63.210,586.000,ZN.WAIB.,-9.244,150.138,131.416,1585.567,1606.326,1612.626,143.000,4.951,0.585,0.630,0.630,0.628,0.630,0.600,0.500,0.800,0.849,0.100,0.935,0.935,0.100,0.935,0.935,-0.100,0.939,0.935,-0.200,0.930,0.935,-0.100,0.937,0.935
20110101_0957,-27.020,-63.210,586.000,SC.MDS.00,30.075,103.041,167.551,1786.318,1846.631,1867.411,144.000,3.837,0.121,-0.003,-0.023,-0.018,-0.004,-6.600,2.900,0.638,-0.776,-11.000,0.611,0.611,-9.300,0.417,0.611,-9.100,0.456,0.611,-9.100,0.449,0.611,-9.200,0.428,0.611
20110101_0957,-27.020,-63.210,586.000,AH.HNA.00,32.633,116.804,174.386,1819.622,1889.366,1914.000,145.000,3.630,0.214,0.189,0.183,0.172,0.192,0.400,0.000,0.502,0.520,-0.500,0.600,0.600,0.300,0.528,0.600,0.300,0.529,0.600,0.300,0.526,0.600,0.300,0.523,0.600
20110101_0957,-27.020,-63.210,586.000,YP.NE12.,42.456,125.218,163.103,1763.857,1818.332,1836.811,146.000,8.417,0.069,-0.025,-0.019,-0.015,-0.019,0.700,-2.600,0.895,-0.867,-4.100,0.607,0.607,2.300,0.610,0.607,2.200,0.594,0.607,2.200,0.582,0.607,2.200,0.582,0.607
20110101_0957,-27.020,-63.210,586.000,GE.CISI.,-7.556,107.815,144.347,1662.261,1694.966,1705.344,147.000,2.082,0.449,0.456,0.457,0.463,0.461,0.800,0.700,0.891,0.852,0.300,0.862,0.862,0.300,0.878,0.862,0.200,0.879,0.862,-0.200,0.887,0.862,0.000,0.885,0.862
20110101_0957,-27.020,-63.210,586.000,CB.GYA.00,26.460,106.664,170.942,1803.015,1867.937,1890.593,148.000,2.546,-0.016,0.053,0.047,0.051,0.054,-2.300,1.500,0.736,-0.774,-1.200,0.641,0.641,7.300,0.673,0.641,7.000,0.785,0.641,7.100,0.773,0.641,7.200,0.707,0.641
20110101_0957,-27.020,-63.210,586.000,YP.NE6B.,44.801,125.970,160.758,1751.774,1803.258,1820.589,149.000,0.348,0.056,0.036,0.056,-0.005,-0.005,-8.700,-4.400,0.164,0.890,8.000,0.517,0.517,10.700,0.329,0.517,-1.600,0.643,0.517,4.500,0.297,0.517,4.500,0.296,0.517
20110101_0957,-27.020,-63.210,586.000,FJ.YAYX.00,25.990,117.358,178.851,1840.593,1916.804,1944.122,150.000,8.130,0.288,0.269,0.286,0.290,0.282,-1.200,-1.200,0.696,0.775,0.400,0.414,0.414,0.000,0.421,0.414,-0.100,0.456,0.414,-0.100,0.459,0.414,-0.100,0.435,0.414
20110101_0957,-27.020,-63.210,586.000,GS.WSH.00,34.661,105.050,167.367,1785.402,1845.469,1866.151,151.000,2.045,0.142,-0.077,-0.099,-0.106,-0.091,1.700,1.600,0.466,0.310,-3.500,0.496,0.496,-1.900,0.366,0.496,0.300,0.393,0.496,0.400,0.392,0.496,0.400,0.373,0.496
20110101_0957,-27.020,-63.210,586.000,FJ.TNSC.00,26.908,117.181,179.634,1844.209,1921.575,1949.379,152.000,16.536,0.517,0.740,0.738,0.739,0.743,-0.700,-0.600,0.910,0.907,0.400,0.972,0.972,0.200,0.891,0.972,-0.100,0.900,0.972,-0.100,0.899,0.972,0.200,0.892,0.972
20110101_0957,-27.020,-63.210,586.000,XW.SHA2.,18.120,55.741,123.444,1535.588,1550.361,1554.766,153.000,0.988,0.121,0.164,0.210,0.206,0.174,11.000,3.500,0.351,-0.579,11.400,0.553,0.553,-5.600,0.552,0.553,-5.100,0.500,0.553,-5.300,0.534,0.553,-5.500,0.553,0.553
20110101_0957,-27.020,-63.210,586.000,AU.BLDU.,-30.615,116.709,122.365,1528.663,1542.711,1546.893,154.000,3.117,0.638,0.634,0.636,0.639,0.640,-0.600,-0.400,0.689,0.731,2.200,0.633,0.633,2.200,0.621,0.633,2.200,0.624,0.633,2.100,0.633,0.633,2.100,0.633,0.633
20110101_0957,-27.020,-63.210,586.000,YP.NE8F.,46.215,130.532,157.936,1736.993,1784.978,1800.981,155.000,1.155,0.163,0.187,0.185,0.185,0.187,-1.200,-4.600,0.536,-0.436,-0.600,0.678,0.678,0.200,0.648,0.678,0.200,0.646,0.678,0.200,0.642,0.678,0.300,0.643,0.678
20110101_0957,-27.020,-63.210,586.000,YN.HUP.00,26.587,101.199,166.087,1778.992,1837.356,1857.358,156.000,1.012,0.100,0.158,0.192,0.184,0.166,0.600,-3.200,0.781,0.080,-8.200,0.577,0.577,-7.900,0.651,0.577,-7.900,0.640,0.577,-7.900,0.643,0.577,-7.900,0.649,0.577
20110101_0957,-27.020,-63.210,586.000,KR.BTK.,40.067,70.816,140.017,1637.184,1665.585,1674.468,157.000,0.923,0.092,-0.042,-0.038,-0.039,-0.042,-0.800,-0.900,0.658,0.615,-6.800,0.632,0.632,-6.800,0.608,0.632,-6.900,0.424,0.632,-6.900,0.524,0.632,-6.800,0.603,0.632
20110101_0957,-27.020,-63.210,586.000,XJ.BAC.00,41.859,81.624,147.731,1681.425,1717.698,1729.343,158.000,1.583,0.087,0.089,0.094,0.092,0.092,2.300,-0.600,0.785,-0.496,7.500,0.358,0.358,1.800,0.578,0.358,1.800,0.578,0.358,1.800,0.590,0.358,1.800,0.595,0.358
20110101_0957,-27.020,-63.210,586.000,NM.LIX.00,43.622,118.054,163.366,1765.204,1820.019,1838.629,159.000,0.547,0.102,0.127,0.127,0.126,0.127,-8.100,1.400,0.419,-0.625,-3.000,0.541,0.541,-1.600,0.623,0.541,-1.600,0.622,0.541,-1.400,0.624,0.541,-1.500,0.623,0.541
20110101_0957,-27.020,-63.210,586.000,XZ.LIZ.00,29.666,94.342,160.098,1748.344,1799.000,1816.016,160.000,1.857,0.197,0.169,0.165,0.167,0.168,-0.300,2.900,0.625,-0.731,1.500,0.551,0.551,8.200,0.543,0.551,8.300,0.513,0.551,8.300,0.517,0.551,8.300,0.531,0.551
20110101_0957,-27.020,-63.210,586.000,BU.CHL.00,39.758,119.096,167.118,1784.159,1843.893,1864.442,161.000,3.351,0.059,0.090,0.079,0.076,0.076,0.600,0.600,0.901,0.907,9.400,0.498,0.498,10.600,0.387,0.498,10.800,0.361,0.498,10.900,0.348,0.498,10.900,0.350,0.498
20110101_0957,-27.020,-63.210,586.000,GE.SOEI.,-9.755,124.267,142.516,1651.734,1682.580,1692.308,162.000,2.151,0.447,0.403,0.401,0.370,0.368,-1.700,-1.600,0.556,0.399,-1.900,0.655,0.655,-2.000,0.664,0.655,-2.000,0.663,0.655,-2.400,0.655,0.655,-2.400,0.655,0.655
20110101_0957,-27.020,-63.210,586.000,QH.BAM.00,32.949,100.727,164.898,1772.997,1829.801,1849.185,163.000,2.245,0.190,0.179,0.167,0.163,0.177,0.800,-2.600,0.730,-0.828,-8.000,0.607,0.607,-0.100,0.730,0.607,0.000,0.762,0.607,0.000,0.757,0.607,0.000,0.741,0.607
20110101_0957,-27.020,-63.210,586.000,SX.NIW.00,38.687,112.336,167.752,1787.319,1847.901,1868.790,164.000,5.362,0.106,0.061,0.070,0.077,0.073,8.400,-2.600,0.449,-0.553,8.200,0.481,0.481,7.500,0.331,0.481,7.600,0.348,0.481,7.600,0.361,0.481,7.500,0.354,0.481
20110101_0957,-27.020,-63.210,586.000,GD.XNH.00,22.570,113.034,174.394,1819.659,1889.414,1914.053,165.000,2.160,-0.001,0.041,0.035,0.038,0.046,-2.100,-2.400,0.857,0.792,-8.500,0.733,0.733,-7.800,0.744,0.733,-7.800,0.733,0.733,-7.700,0.733,0.733,-7.800,0.742,0.733
20110101_0957,-27.020,-63.210,586.000,YP.NEAE.,47.299,132.526,156.259,1728.089,1774.048,1789.288,166.000,1.292,0.036,0.055,0.061,0.054,0.055,-0.100,0.800,0.862,0.827,2.200,0.527,0.527,2.500,0.641,0.527,2.700,0.625,0.527,2.800,0.611,0.527,2.700,0.612,0.527
20110101_0957,-27.020,-63.210,586.000,AK.GAMB.,63.776,-171.704,122.168,1527.395,1541.313,1545.455,167.000,1.618,0.343,0.388,0.385,0.385,0.388,6.300,-2.000,0.450,-0.362,6.600,0.535,0.535,6.600,0.525,0.535,6.400,0.532,0.535,6.500,0.533,0.535,6.600,0.528,0.535
20110101_0957,-27.020,-63.210,586.000,YP.NE86.,46.170,121.460,160.496,1750.411,1801.565,1818.770,168.000,3.740,0.111,0.224,0.217,0.215,0.219,5.400,-4.000,0.569,-0.640,-0.500,0.562,0.562,1.200,0.501,0.562,1.400,0.470,0.562,1.600,0.454,0.562,1.400,0.464,0.562
20110101_0957,-27.020,-63.210,586.000,GE.JAGI.,-8.470,114.152,144.418,1662.664,1695.441,1705.844,169.000,2.711,0.526,0.532,0.532,0.561,0.554,1.300,1.600,0.910,0.935,0.800,0.905,0.905,0.900,0.893,0.905,0.900,0.892,0.905,0.500,0.878,0.905,0.500,0.880,0.905
20110101_0957,-27.020,-63.210,586.000,JX.XUW.00,24.995,115.608,177.714,1835.310,1909.852,1936.472,170.000,4.051,0.392,0.355,0.378,0.377,0.368,0.200,-4.100,0.596,-0.898,-10.600,0.532,0.532,-7.900,0.633,0.532,-8.000,0.642,0.532,-8.000,0.651,0.532,-8.000,0.639,0.532
20110101_0957,-27.020,-63.210,586.000,BU.BDH.00,39.825,119.474,167.002,1783.580,1843.159,1863.645,171.000,5.565,0.043,0.052,0.044,0.040,0.043,0.000,0.100,0.809,0.811,8.900,0.576,0.576,-0.400,0.721,0.576,-0.300,0.731,0.576,-0.300,0.732,0.576,-0.400,0.727,0.576
20110101_0957,-27.020,-63.210,586.000,GE.BNDI.,-4.522,129.904,146.005,1671.694,1706.131,1717.118,172.000,1.858,0.283,0.184,0.190,0.204,0.205,1.100,3.900,0.502,0.424,3.200,0.655,0.655,3.800,0.740,0.655,3.700,0.738,0.655,3.300,0.727,0.655,3.300,0.725,0.655
20110101_0957,-27.020,-63.210,586.000,HE.LOH.00,41.320,117.713,165.680,1776.948,1834.777,1854.566,173.000,1.825,0.112,0.149,0.149,0.147,0.148,0.500,0.700,0.767,0.772,3.900,0.333,0.333,5.100,0.328,0.333,5.200,0.347,0.333,5.400,0.363,0.333,5.300,0.356,0.333
20110101_0957,-27.020,-63.210,586.000,HE.QIL.00,40.421,118.903,166.486,1780.995,1839.888,1860.100,174.000,5.559,0.306,0.190,0.180,0.159,0.169,2.500,2.300,0.471,0.356,-1.300,0.900,0.900,0.400,0.855,0.900,0.500,0.857,0.900,0.700,0.854,0.900,0.600,0.857,0.900
20110101_0957,-27.020,-63.210,586.000,JP.JOW.,26.836,128.273,169.764,1797.257,1860.564,1882.557,175.000,5.034,0.295,0.384,0.368,0.380,0.387,-0.500,-0.500,0.783,0.763,-0.300,0.740,0.740,0.000,0.784,0.740,-0.600,0.827,0.740,-0.500,0.814,0.740,-0.100,0.782,0.740
20110101_0957,-27.020,-63.210,586.000,YP.NE59.,44.096,125.961,161.395,1755.072,1807.361,1824.999,176.000,2.946,0.132,0.185,0.188,0.190,0.195,-8.200,-3.600,0.451,-0.401,0.500,0.861,0.861,-7.700,0.645,0.861,-7.800,0.628,0.861,-7.800,0.618,0.861,-7.900,0.612,0.861
20110101_0957,-27.020,-63.210,586.000,YN.MZT.00,25.215,98.495,163.489,1765.829,1820.802,1839.473,177.000,1.225,-0.009,0.048,0.046,0.046,0.046,-0.900,2.200,0.528,-0.752,-2.800,0.718,0.718,-2.500,0.692,0.718,-2.500,0.714,0.718,-2.500,0.709,0.718,-2.600,0.697,0.718
20110101_0957,-27.020,-63.210,586.000,NM.BYT.00,38.846,105.717,164.985,1773.435,1830.352,1849.780,178.000,3.853,0.147,0.157,0.159,0.163,0.160,-8.700,-5.000,0.362,-0.595,-10.700,0.463,0.463,-10.500,0.459,0.463,-10.400,0.460,0.463,-10.400,0.459,0.463,-10.400,0.460,0.463
20110101_0957,-27.020,-63.210,586.000,HI.WAN.00,18.801,110.424,169.908,1797.962,1861.465,1883.538,179.000,0.404,0.025,0.024,0.029,0.029,0.027,-7.300,3.100,0.439,-0.569,8.400,0.461,0.461,9.600,0.397,0.461,-6.000,0.402,0.461,-6.000,0.405,0.461,-6.000,0.409,0.461
20110101_0957,-27.020,-63.210,586.000,HE.XTT.00,37.122,114.313,169.683,1796.860,1860.056,1882.004,180.000,8.999,-0.050,-0.002,0.003,0.007,0.013,1.800,5.400,0.639,-0.814,8.300,0.590,0.590,2.900,0.486,0.590,2.900,0.452,0.590,2.800,0.418,0.590,2.800,0.437,0.590
20110101_0957,-27.020,-63.210,586.000,BJ.XBZ.00,40.343,115.969,166.660,1781.868,1840.992,1861.297,181.000,1.310,0.248,0.295,0.292,0.282,0.288,0.500,1.500,0.257,0.272,-0.600,0.851,0.851,-0.200,0.878,0.851,-0.100,0.891,0.851,-0.100,0.896,0.851,-0.100,0.895,0.851
20110101_0957,-27.020,-63.210,586.000,XJ.TAC.00,46.938,83.167,146.973,1677.163,1712.626,1723.979,182.000,2.149,0.137,0.076,0.097,0.107,0.082,-2.300,-1.700,0.699,0.573,4.200,0.589,0.589,9.700,0.553,0.589,9.800,0.526,0.589,9.900,0.523,0.589,9.700,0.543,0.589
20110101_0957,-27.020,-63.210,586.000,XJ.BPM.00,39.883,76.836,144.620,1663.817,1696.803,1707.279,183.000,0.838,-0.143,0.147,0.183,0.182,0.159,5.600,-5.800,0.461,-0.391,-4.200,0.366,0.366,-2.800,0.420,0.366,-2.800,0.400,0.366,-2.800,0.407,0.366,-2.800,0.415,0.366
20110101_0957,-27.020,-63.210,586.000,YP.NEA4.,47.665,121.941,158.964,1742.412,1791.658,1808.139,184.000,2.419,0.170,0.224,0.225,0.227,0.226,0.600,0.400,0.798,0.737,-4.500,0.659,0.659,1.200,0.392,0.659,1.200,0.379,0.659,1.200,0.373,0.659,1.200,0.383,0.659
20110101_0957,-27.020,-63.210,586.000,SX.XIY.00,37.569,113.721,169.139,1794.181,1856.634,1878.281,185.000,5.466,0.093,-0.069,-0.060,-0.048,-0.047,4.000,4.500,0.585,0.424,11.200,0.675,0.675,9.000,0.388,0.675,9.300,0.427,0.675,9.400,0.466,0.675,9.300,0.444,0.675
20110101_0957,-27.020,-63.210,586.000,II.ARU.00,56.429,58.562,129.635,1574.577,1593.912,1599.747,186.000,1.123,0.216,0.328,0.336,0.330,0.330,-4.400,-4.600,0.690,0.760,-6.400,0.502,0.502,8.600,0.526,0.502,7.600,0.513,0.502,7.900,0.512,0.502,8.400,0.518,0.502
20110101_0957,-27.020,-63.210,586.000,FJ.YAXT.00,25.723,117.125,178.669,1839.750,1915.694,1942.899,187.000,7.396,0.382,0.446,0.446,0.453,0.452,-1.500,-1.700,0.929,0.818,-0.600,0.720,0.720,-0.600,0.660,0.720,-0.600,0.681,0.720,-0.700,0.693,0.720,-0.600,0.680,0.720
20110101_0957,-27.020,-63.210,586.000,HE.YIX.00,39.351,115.368,167.612,1786.623,1847.017,1867.831,188.000,0.399,-0.010,-0.007,-0.007,-0.007,-0.007,14.900,3.800,0.013,-0.895,-9.900,0.361,0.361,-11.100,0.336,0.361,-10.800,0.355,0.361,-10.700,0.374,0.361,-10.800,0.367,0.361
20110101_0957,-27.020,-63.210,586.000,BU.TAS.00,40.084,115.493,166.892,1783.030,1842.464,1862.891,189.000,1.512,0.102,0.116,0.119,0.118,0.122,-3.200,-3.100,0.770,0.723,-2.500,0.568,0.568,-2.400,0.546,0.568,-2.400,0.507,0.568,-2.400,0.460,0.568,-2.300,0.482,0.568
20110101_0957,-27.020,-63.210,586.000,GE.MALK.,8.397,80.543,140.994,1642.898,1672.243,1681.450,190.000,4.248,0.374,0.289,0.290,0.290,0.290,0.600,1.700,0.814,0.686,0.400,0.864,0.864,-6.800,0.424,0.864,-6.900,0.430,0.864,-6.800,0.433,0.864,-6.800,0.424,0.864
20110101_0957,-27.020,-63.210,586.000,SX.XIX.00,36.700,110.950,169.129,1794.135,1856.576,1878.217,191.000,2.954,-0.048,0.034,0.026,0.020,0.028,6.400,3.400,0.550,-0.289,12.800,0.455,0.455,11.300,0.495,0.455,11.400,0.521,0.455,11.400,0.534,0.455,11.400,0.519,0.455
20110101_0957,-27.020,-63.210,586.000,XW.DRAK.,19.015,57.761,125.552,1549.001,1565.250,1570.112,192.000,1.284,0.237,0.083,0.098,0.094,0.085,9.000,4.700,0.410,-0.684,-1.300,0.390,0.390,13.800,0.589,0.390,13.600,0.636,0.390,13.700,0.621,0.390,13.800,0.597,0.390
20110101_0957,-27.020,-63.210,586.000,LN.YKO.00,40.683,122.603,165.518,1776.129,1833.744,1853.449,193.000,0.349,-0.039,-0.034,-0.033,-0.032,-0.032,-11.900,-5.300,0.180,0.637,-11.700,0.393,0.393,-10.600,0.370,0.393,-10.500,0.375,0.393,-10.400,0.379,0.393,-10.400,0.381,0.393
20110101_0957,-27.020,-63.210,586.000,IC.XAN.00,34.031,108.923,170.256,1799.667,1863.647,1885.916,194.000,2.903,-0.135,-0.026,-0.036,-0.036,-0.029,4.600,4.500,0.862,0.854,-2.200,0.608,0.608,-1.900,0.677,0.608,-1.800,0.671,0.608,-1.700,0.682,0.608,-1.800,0.683,0.608
20110101_0957,-27.020,-63.210,586.000,GD.ZIJ.00,23.704,115.167,176.374,1829.038,1901.631,1927.443,195.000,6.516,0.367,0.262,0.273,0.281,0.270,0.100,0.200,0.810,0.752,0.100,0.569,0.569,-0.300,0.724,0.569,-0.200,0.752,0.569,-0.200,0.778,0.569,-0.300,0.764,0.569
20110101_0957,-27.020,-63.210,586.000,CQ.ROC.00,29.379,105.443,169.730,1797.090,1860.350,1882.324,196.000,2.352,-0.102,0.167,0.163,0.163,0.165,-3.200,0.500,0.745,-0.405,-3.100,0.573,0.573,-8.200,0.721,0.573,-8.200,0.728,0.573,-8.200,0.729,0.573,-8.200,0.729,0.573
20110101_0957,-27.020,-63.210,586.000,GE.UGM.,-7.912,110.523,144.543,1663.381,1696.288,1706.737,197.000,3.605,0.503,0.469,0.482,0.527,0.512,2.300,2.400,0.821,0.819,1.600,0.921,0.921,1.700,0.915,0.921,1.600,0.917,0.921,1.100,0.927,0.921,1.300,0.924,0.921
20110101_0957,-27.020,-63.210,586.000,HA.JS.00,34.610,113.240,171.822,1807.293,1873.433,1896.588,198.000,4.255,-0.042,-0.036,-0.043,-0.044,-0.041,-3.900,-0.100,0.839,-0.916,-4.900,0.715,0.715,-4.300,0.593,0.715,-4.300,0.616,0.715,-4.400,0.629,0.715,-4.300,0.617,0.715
20110101_0957,-27.020,-63.210,586.000,QH.LEH.00,38.819,93.414,157.206,1733.130,1780.229,1795.897,199.000,1.190,0.191,0.048,0.059,0.062,0.051,4.500,-5.000,0.547,-0.795,1.300,0.467,0.467,3.100,0.382,0.467,3.100,0.376,0.467,3.200,0.372,0.467,3.100,0.380,0.467
20110101_0957,-27.020,-63.210,586.000,ZN.WANI.,-9.338,149.155,131.973,1588.984,1610.199,1616.649,200.000,2.302,0.531,0.559,0.567,0.576,0.568,1.000,2.300,0.810,0.610,1.200,0.707,0.707,1.200,0.709,0.707,0.900,0.708,0.707,0.700,0.708,0.707,1.000,0.707,0.707
20110101_0957,-27.020,-63.210,586.000,SC.GZA.00,30.117,102.173,166.805,1782.593,1841.909,1862.290,201.000,2.458,0.180,0.177,0.187,0.187,0.182,8.900,4.900,0.622,-0.424,9.300,0.506,0.506,10.400,0.438,0.506,10.900,0.345,0.506,10.800,0.360,0.506,10.500,0.410,0.506
20110101_0957,-27.020,-63.210,586.000,SC.JLO.00,28.996,101.512,166.378,1780.454,1839.204,1859.359,202.000,1.522,0.030,0.072,0.065,0.068,0.072,-4.400,-1.100,0.378,-0.756,-4.200,0.521,0.521,-2.400,0.421,0.521,-2.500,0.417,0.521,-2.500,0.419,0.521,-2.400,0.420,0.521
20110101_0957,-27.020,-63.210,586.000,IC.QIZ.00,19.029,109.844,169.772,1797.296,1860.614,1882.612,203.000,6.710,0.070,0.236,0.265,0.264,0.252,0.000,0.000,0.744,0.729,-9.500,0.270,0.270,1.600,0.435,0.270,-5.600,0.443,0.270,-5.600,0.447,0.270,-5.600,0.449,0.270
20110101_0957,-27.020,-63.210,586.000,HI.QSL.00,19.666,110.754,170.795,1802.299,1867.020,1889.592,204.000,4.859,-0.080,0.217,0.247,0.283,0.252,-1.000,2.700,0.631,-0.733,9.400,0.566,0.566,-2.700,0.737,0.566,-2.600,0.744,0.566,-2.400,0.757,0.566,-2.600,0.749,0.566
20110101_0957,-27.020,-63.210,586.000,CB.HEH.00,50.253,127.410,155.388,1723.432,1768.356,1783.207,205.000,3.660,0.219,0.229,0.236,0.238,0.235,0.900,1.300,0.886,0.911,-3.800,0.576,0.576,-4.600,0.328,0.576,1.200,0.264,0.576,1.000,0.268,0.576,1.100,0.274,0.576
20110101_0957,-27.020,-63.210,586.000,GX.DXX.00,22.838,107.186,170.344,1800.093,1864.194,1886.511,206.000,2.104,-0.057,0.001,-0.013,-0.011,-0.005,-0.200,0.400,0.619,0.407,-7.000,0.549,0.549,-6.500,0.561,0.549,-6.200,0.577,0.549,-6.200,0.576,0.549,-6.400,0.568,0.549
20110101_0957,-27.020,-63.210,586.000,KZ.VOS.,52.723,70.980,137.526,1622.481,1648.542,1656.627,207.000,0.915,0.093,0.098,0.105,0.103,0.099,5.000,4.700,0.677,0.530,2.400,0.676,0.676,2.100,0.766,0.676,1.900,0.785,0.676,1.900,0.776,0.676,2.100,0.769,0.676
20110101_0957,-27.020,-63.210,586.000,SC.SMK.00,26.855,102.750,167.489,1786.008,1846.236,1866.983,208.000,5.969,0.078,0.268,0.272,0.273,0.272,8.000,4.700,0.684,-0.439,3.700,0.564,0.564,9.800,0.570,0.564,9.800,0.473,0.564,9.800,0.501,0.564,9.900,0.550,0.564
20110101_0957,-27.020,-63.210,586.000,YP.NE56.,44.110,122.350,162.333,1759.908,1813.396,1831.493,209.000,2.687,0.133,0.025,0.020,0.009,0.018,1.000,-2.700,0.522,-0.794,-6.500,0.685,0.685,-4.700,0.708,0.685,-4.600,0.711,0.685,-4.400,0.718,0.685,-4.500,0.711,0.685
20110101_0957,-27.020,-63.210,586.000,JX.ANY.00,25.143,115.394,177.743,1835.445,1910.030,1936.668,210.000,3.512,0.220,0.114,0.134,0.134,0.126,0.100,-4.200,0.626,-0.816,-6.800,0.790,0.790,-5.600,0.755,0.790,-5.300,0.786,0.790,-5.200,0.777,0.790,-5.500,0.766,0.790
20110101_0957,-27.020,-63.210,586.000,SH.QHS.00,30.792,121.259,174.566,1820.479,1890.479,1915.219,211.000,4.131,0.078,0.074,0.090,0.090,0.092,-4.900,-1.000,0.403,-0.126,-5.800,0.529,0.529,-5.400,0.678,0.529,-5.400,0.672,0.529,-5.500,0.668,0.529,-5.500,0.671,0.529
20110101_0957,-27.020,-63.210,586.000,NM.LUB.00,44.546,120.882,162.168,1759.061,1812.337,1830.354,212.000,2.076,0.076,0.026,0.027,0.031,0.029,1.900,1.600,0.497,0.687,-5.400,0.619,0.619,-3.700,0.644,0.619,-3.600,0.638,0.619,-3.500,0.627,0.619,-3.500,0.632,0.619
20110101_0957,-27.020,-63.210,586.000,HB.JYU.00,29.816,113.839,176.185,1828.148,1900.468,1926.167,213.000,3.731,0.424,0.345,0.329,0.328,0.323,-0.800,-0.700,0.731,0.781,0.200,0.767,0.767,2.800,0.725,0.767,3.100,0.671,0.767,3.200,0.650,0.767,2.900,0.693,0.767
20110101_0957,-27.020,-63.210,586.000,SC.BYD.00,27.810,103.188,167.906,1788.082,1848.869,1869.841,214.000,1.498,0.050,0.131,0.139,0.126,0.140,2.400,4.800,0.597,-0.169,9.600,0.478,0.478,-8.800,0.673,0.478,-8.600,0.683,0.478,-8.700,0.681,0.478,-8.700,0.677,0.478
20110101_0957,-27.020,-63.210,586.000,SC.PWU.00,32.416,104.548,168.089,1788.991,1850.025,1871.096,215.000,2.671,0.284,0.201,0.174,0.184,0.195,-8.200,5.300,0.413,0.301,-6.300,0.451,0.451,-10.700,0.481,0.451,-10.600,0.484,0.451,-10.500,0.485,0.451,-10.600,0.482,0.451
20110101_0957,-27.020,-63.210,586.000,JX.GAZ.00,25.790,114.980,177.965,1836.481,1911.391,1938.165,216.000,2.355,0.216,0.084,0.091,0.083,0.080,-1.500,-4.400,0.560,-0.408,-6.600,0.336,0.336,-6.100,0.368,0.336,-6.200,0.496,0.336,-6.200,0.480,0.336,-6.200,0.420,0.336
20110101_0957,-27.020,-63.210,586.000,JS.JJ.00,32.066,120.303,174.102,1818.263,1887.603,1912.071,217.000,3.196,0.019,0.075,0.081,0.076,0.083,2.900,-3.600,0.394,-0.587,-5.200,0.789,0.789,-5.100,0.433,0.789,-5.000,0.437,0.789,-5.000,0.433,0.789,-5.000,0.433,0.789
20110101_0957,-27.020,-63.210,586.000,SC.XCE.00,28.942,99.792,164.880,1772.903,1829.682,1849.057,218.000,4.383,0.204,0.286,0.286,0.286,0.286,4.000,-5.000,0.579,-0.733,-10.800,0.505,0.505,-4.300,0.488,0.505,-4.100,0.497,0.505,-4.200,0.493,0.505,-4.300,0.486,0.505
20110101_0957,-27.020,-63.210,586.000,CB.CN2.00,43.480,125.260,162.170,1759.068,1812.345,1830.362,219.000,1.368,0.125,0.021,0.018,0.017,0.015,-0.900,-0.200,0.735,0.724,-0.100,0.764,0.764,-8.500,0.348,0.764,-8.800,0.370,0.764,-9.100,0.385,0.764,-9.100,0.383,0.764
20110101_0957,-27.020,-63.210,586.000,SC.HMS.00,29.572,104.398,168.801,1792.514,1854.508,1875.968,220.000,1.693,0.068,-0.011,-0.001,0.009,-0.006,-2.800,0.300,0.611,-0.036,5.400,0.504,0.504,4.800,0.499,0.504,5.000,0.499,0.504,5.000,0.503,0.504,4.800,0.501,0.504
20110101_0957,-27.020,-63.210,586.000,YP.NE36.,42.525,120.584,164.189,1769.398,1825.278,1844.301,221.000,4.043,0.281,0.218,0.208,0.201,0.208,1.000,1.300,0.855,0.851,-0.200,0.687,0.687,1.400,0.682,0.687,1.500,0.684,0.687,1.600,0.684,0.687,1.500,0.685,0.687
20110101_0957,-27.020,-63.210,586.000,AU.NWAO.,-32.928,117.239,120.051,1513.686,1526.250,1529.979,222.000,0.000,,,,,,-16.000,-8.000,0.000,0.000,-16.000,0.000,0.000,-16.000,0.000,0.000,-16.000,0.000,0.000,-16.000,0.000,0.000,-16.000,0.000,0.000
20110101_0957,-27.020,-63.210,586.000,QH.TIJ.00,37.249,98.895,161.768,1757.002,1809.767,1827.587,223.000,3.138,0.068,0.146,0.151,0.151,0.150,-4.300,0.400,0.304,-0.519,-10.300,0.214,0.214,-9.600,0.337,0.214,-9.400,0.371,0.214,-9.400,0.372,0.214,-9.500,0.352,0.214
20110101_0957,-27.020,-63.210,586.000,GS.PLT.00,35.451,106.681,167.940,1788.250,1849.083,1870.074,224.000,4.022,0.037,-0.010,-0.019,-0.019,-0.013,7.200,2.900,0.674,-0.693,8.200,0.628,0.628,6.700,0.604,0.628,6.500,0.604,0.628,6.600,0.599,0.628,6.600,0.605,0.628
20110101_0957,-27.020,-63.210,586.000,XJ.WSU.00,44.123,84.641,149.062,1688.863,1726.579,1738.746,225.000,2.427,-0.038,-0.022,-0.012,-0.001,-0.025,-9.100,1.300,0.465,0.473,2.800,0.860,0.860,5.700,0.623,0.860,6.200,0.620,0.860,6.300,0.620,0.860,5.800,0.624,0.860
20110101_0957,-27.020,-63.210,586.000,HB.HME.00,30.135,115.894,176.787,1830.978,1904.169,1930.229,226.000,4.497,0.184,0.205,0.191,0.194,0.175,0.600,-2.000,0.569,-0.547,7.100,0.389,0.389,-5.600,0.398,0.389,-5.500,0.402,0.389,-5.300,0.404,0.389,-5.500,0.401,0.389
20110101_0957,-27.020,-63.210,586.000,HN.HEY.00,26.920,112.519,176.192,1828.181,1900.511,1926.214,227.000,2.787,0.090,0.097,0.083,0.081,0.095,-1.900,-2.200,0.884,0.771,-1.000,0.658,0.658,-6.100,0.718,0.658,-5.700,0.684,0.658,-5.800,0.700,0.658,-6.000,0.710,0.658
20110101_0957,-27.020,-63.210,586.000,LN.KDN.00,40.741,124.782,164.776,1772.377,1829.021,1848.343,228.000,3.776,0.213,0.165,0.158,0.157,0.163,0.800,-2.300,0.883,-0.915,1.900,0.671,0.671,-10.700,0.422,0.671,-10.600,0.426,0.671,-10.500,0.427,0.671,-10.600,0.420,0.671
20110101_0957,-27.020,-63.210,586.000,SD.DSH.00,38.000,117.667,168.995,1793.475,1855.733,1877.301,229.000,2.762,-0.035,-0.051,-0.055,-0.059,-0.056,6.300,3.000,0.782,-0.631,1.200,0.514,0.514,6.500,0.389,0.514,6.600,0.389,0.514,6.600,0.382,0.514,6.600,0.385,0.514
20110101_0957,-27.020,-63.210,586.000,NM.ARS.00,47.174,119.952,159.693,1746.228,1796.378,1813.202,230.000,1.062,0.170,0.211,0.213,0.215,0.212,2.200,2.400,0.835,0.792,-3.300,0.679,0.679,-1.300,0.666,0.679,-1.100,0.678,0.679,-0.900,0.687,0.679,-1.000,0.683,0.679
20110101_0957,-27.020,-63.210,586.000,YN.YOS.00,26.694,100.768,165.712,1777.109,1834.980,1854.786,231.000,0.372,0.008,0.018,0.018,0.018,0.018,-10.300,3.200,0.337,-0.695,-2.200,0.328,0.328,-7.200,0.345,0.328,-7.300,0.365,0.328,-7.300,0.365,0.328,-7.200,0.346,0.328
20110101_0957,-27.020,-63.210,586.000,CB.KSH.00,39.517,75.923,143.977,1660.141,1692.466,1702.710,232.000,1.526,0.227,0.172,0.132,0.143,0.163,-0.400,-0.500,0.748,0.741,-1.300,0.307,0.307,7.400,0.372,0.307,7.600,0.333,0.307,7.500,0.339,0.307,7.400,0.361,0.307
20110101_0957,-27.020,-63.210,586.000,HI.SAY.00,18.204,109.493,168.912,1793.063,1855.209,1876.730,233.000,8.828,0.357,0.384,0.378,0.379,0.379,-0.900,4.000,0.605,-0.338,-0.900,0.873,0.873,0.100,0.916,0.873,0.100,0.925,0.873,0.200,0.928,0.873,0.200,0.921,0.873
20110101_0957,-27.020,-63.210,586.000,BU.LAY.00,39.510,114.980,167.419,1785.661,1845.797,1866.506,234.000,2.542,0.105,0.120,0.120,0.130,0.129,0.600,3.900,0.580,-0.739,8.700,0.598,0.598,8.500,0.682,0.598,8.500,0.657,0.598,8.500,0.630,0.598,8.500,0.639,0.598
20110101_0957,-27.020,-63.210,586.000,MY.LDM.,5.178,118.498,158.097,1737.846,1786.028,1802.106,235.000,2.089,0.448,0.435,0.448,0.485,0.483,1.200,1.700,0.909,0.890,1.200,0.825,0.825,1.400,0.862,0.825,1.300,0.863,0.825,1.000,0.867,0.825,1.000,0.865,0.825
20110101_0957,-27.020,-63.210,586.000,SD.YSH.00,35.788,118.627,171.094,1803.753,1868.885,1891.626,236.000,6.376,0.242,0.079,0.071,0.058,0.067,-0.600,3.100,0.903,-0.841,2.900,0.816,0.816,4.000,0.758,0.816,4.100,0.751,0.816,4.300,0.757,0.816,4.200,0.758,0.816
20110101_0957,-27.020,-63.210,586.000,YP.NE55.,44.186,121.568,162.408,1760.294,1813.877,1832.011,237.000,2.506,0.070,0.132,0.150,0.157,0.151,0.200,0.200,0.827,0.837,1.100,0.544,0.544,2.900,0.563,0.544,3.200,0.553,0.544,3.300,0.546,0.544,3.200,0.548,0.544
20110101_0957,-27.020,-63.210,586.000,ZJ.JAX.00,30.780,120.888,174.804,1821.610,1891.948,1916.827,238.000,3.675,0.264,0.246,0.249,0.248,0.248,-2.800,-3.000,0.679,0.687,-2.100,0.824,0.824,-2.100,0.864,0.824,-2.200,0.835,0.824,-2.300,0.826,0.824,-2.300,0.835,0.824
20110101_0957,-27.020,-63.210,586.000,GD.YGJ.00,21.858,111.954,173.217,1814.025,1882.115,1906.070,239.000,5.291,0.319,0.351,0.369,0.374,0.366,0.900,1.000,0.830,0.866,0.200,0.407,0.407,-0.600,0.636,0.407,-0.600,0.638,0.407,-0.500,0.645,0.407,-0.600,0.638,0.407
20110101_0957,-27.020,-63.210,586.000,CB.WHN.00,30.543,114.354,175.881,1826.713,1898.594,1924.111,240.000,2.707,0.278,0.180,0.158,0.146,0.151,-2.900,2.600,0.402,0.144,0.100,0.663,0.663,5.300,0.534,0.663,5.300,0.521,0.663,5.400,0.511,0.663,5.300,0.520,0.663
20110101_0957,-27.020,-63.210,586.000,MI.ANSW.,16.342,145.673,151.204,1700.720,1740.811,1753.852,241.000,1.500,0.333,0.278,0.279,0.288,0.273,-6.000,-1.700,0.681,-0.801,-6.400,0.686,0.686,-6.900,0.673,0.686,-7.500,0.655,0.686,-7.400,0.667,0.686,-6.900,0.670,0.686
20110101_0957,-27.020,-63.210,586.000,TM.NAYO.,14.315,101.321,160.777,1751.875,1803.384,1820.724,242.000,2.788,0.078,0.004,0.002,0.004,-0.000,-0.700,-0.500,0.430,0.420,-5.200,0.661,0.661,-5.700,0.633,0.661,-5.600,0.633,0.661,-5.700,0.623,0.661,-5.600,0.642,0.661
20110101_0957,-27.020,-63.210,586.000,XJ.LTA.00,42.022,84.167,149.486,1691.226,1729.407,1741.745,243.000,2.270,0.293,0.217,0.213,0.199,0.216,-0.700,2.300,0.475,-0.182,1.100,0.451,0.451,6.600,0.377,0.451,6.600,0.465,0.451,6.700,0.474,0.451,6.600,0.420,0.451
20110101_0957,-27.020,-63.210,586.000,XJ.WSC.00,43.457,87.685,151.340,1701.465,1741.709,1754.806,244.000,0.827,-0.043,0.116,0.138,0.152,0.118,-8.000,-0.800,0.408,0.370,1.900,0.670,0.670,4.600,0.647,0.670,4.600,0.669,0.670,4.600,0.665,0.670,4.500,0.667,0.670
20110101_0957,-27.020,-63.210,586.000,XZ.DXI.00,30.534,91.065,157.231,1733.262,1780.390,1796.070,245.000,1.171,0.058,0.178,0.220,0.223,0.193,-5.300,-1.400,0.616,-0.874,-10.300,0.555,0.555,-10.100,0.635,0.555,-9.900,0.629,0.555,-9.900,0.635,0.555,-10.000,0.637,0.555
20110101_0957,-27.020,-63.210,586.000,GZ.XYT.00,25.040,104.900,169.139,1794.181,1856.635,1878.281,246.000,1.605,0.089,0.263,0.224,0.242,0.253,4.600,4.400,0.739,0.485,-1.700,0.380,0.380,1.000,0.747,0.380,1.300,0.675,0.380,1.200,0.697,0.380,1.000,0.729,0.380
20110101_0957,-27.020,-63.210,586.000,NM.JIP.00,43.244,117.545,163.764,1767.233,1822.561,1841.370,247.000,3.684,0.287,0.263,0.264,0.261,0.263,0.400,0.200,0.787,0.739,-8.700,0.553,0.553,-8.000,0.642,0.553,-8.000,0.646,0.553,-7.900,0.654,0.553,-7.900,0.651,0.553
20110101_0957,-27.020,-63.210,586.000,HB.JME.00,31.119,112.169,174.247,1818.955,1888.500,1913.052,248.000,3.461,0.181,0.298,0.295,0.290,0.292,-1.300,-0.900,0.687,0.697,3.900,0.410,0.410,11.400,0.396,0.410,11.300,0.389,0.410,11.200,0.393,0.410,11.200,0.401,0.410
20110101_0957,-27.020,-63.210,586.000,JS.GUY.00,34.309,119.238,172.413,1810.153,1877.117,1900.609,249.000,3.008,-0.132,0.035,0.039,0.026,0.037,-4.900,-4.100,0.719,0.582,-3.300,0.672,0.672,-2.300,0.664,0.672,-2.300,0.667,0.672,-2.400,0.666,0.672,-2.300,0.668,0.672
20110101_0957,-27.020,-63.210,586.000,SC.RTA.00,32.269,100.980,165.310,1775.078,1832.421,1852.017,250.000,2.131,0.195,0.064,0.056,0.052,0.060,8.700,4.900,0.549,-0.690,-0.100,0.498,0.498,0.700,0.470,0.498,0.700,0.511,0.498,0.700,0.506,0.498,0.700,0.484,0.498
20110101_0957,-27.020,-63.210,586.000,FJ.LYXP.00,25.128,117.026,178.096,1837.091,1912.194,1939.048,251.000,9.736,0.212,0.229,0.234,0.238,0.225,-2.600,-6.300,0.605,-0.667,-11.300,0.283,0.283,-10.200,0.234,0.283,-10.400,0.226,0.283,-10.600,0.225,0.283,-10.500,0.234,0.283
20110101_0957,-27.020,-63.210,586.000,JP.ASAJ.,44.119,142.593,153.130,1711.244,1753.530,1767.387,252.000,0.773,0.035,-0.078,-0.061,-0.076,-0.077,-2.400,-2.700,0.582,0.471,-3.100,0.710,0.710,-2.500,0.587,0.710,-3.000,0.584,0.710,-3.000,0.593,0.710,-3.100,0.601,0.710
20110101_0957,-27.020,-63.210,586.000,GD.FES.00,23.822,116.208,176.759,1830.846,1903.997,1930.040,253.000,3.806,0.283,0.209,0.223,0.239,0.239,0.300,0.800,0.825,0.634,2.400,0.639,0.639,2.100,0.651,0.639,1.300,0.722,0.639,0.600,0.811,0.639,0.800,0.770,0.639
20110101_0957,-27.020,-63.210,586.000,YN.YOD.00,24.036,99.245,163.904,1767.945,1823.455,1842.334,254.000,0.353,-0.004,-0.001,-0.005,-0.004,-0.002,-11.800,-5.400,0.190,0.826,-9.600,0.106,0.106,15.800,-0.000,0.106,15.800,-0.000,0.106,15.800,-0.000,0.106,15.800,-0.000,0.106
20110101_0957,-27.020,-63.210,586.000,SN.YAAN.00,36.872,109.325,168.297,1790.024,1851.339,1872.524,255.000,2.562,-0.121,-0.117,-0.101,-0.089,-0.107,-4.700,-2.000,0.538,-0.124,-9.700,0.330,0.330,-10.300,0.551,0.330,-10.200,0.548,0.330,-10.100,0.536,0.330,-10.200,0.547,0.330
20110101_0957,-27.020,-63.210,586.000,YP.NE75.,44.308,119.954,162.525,1760.895,1814.628,1832.820,256.000,0.353,-0.073,-0.054,-0.054,-0.053,-0.054,-10.600,-0.200,0.128,0.818,4.800,0.375,0.375,6.600,0.371,0.375,6.700,0.361,0.375,7.000,0.350,0.375,6.900,0.355,0.375
20110101_0957,-27.020,-63.210,586.000,XJ.BTS.00,45.284,90.514,152.234,1706.364,1747.622,1761.095,257.000,1.156,-0.073,-0.005,-0.003,0.001,-0.003,3.800,3.800,0.622,0.523,3.600,0.719,0.719,4.700,0.691,0.719,5.100,0.674,0.719,5.300,0.667,0.719,4.800,0.681,0.719
20110101_0957,-27.020,-63.210,586.000,XJ.YMS.00,41.944,94.002,156.142,1727.463,1773.283,1788.470,258.000,2.043,0.357,0.355,0.352,0.349,0.354,3.500,3.100,0.572,0.557,-0.100,0.729,0.729,1.500,0.682,0.729,1.600,0.688,0.729,1.600,0.689,0.729,1.500,0.685,0.729
20110101_0957,-27.020,-63.210,586.000,YP.NE82.,46.171,117.915,160.828,1752.139,1803.712,1821.077,259.000,2.716,0.202,0.214,0.229,0.243,0.236,1.200,1.200,0.738,0.698,-6.200,0.671,0.671,-4.200,0.728,0.671,-3.900,0.756,0.671,-3.700,0.777,0.671,-3.800,0.767,0.671
20110101_0957,-27.020,-63.210,586.000,JS.GC.00,31.353,119.017,175.251,1823.732,1894.710,1919.853,260.000,1.301,0.110,-0.108,-0.114,-0.106,-0.100,-0.900,2.500,0.571,-0.455,7.100,0.453,0.453,-12.100,0.458,0.453,-12.100,0.478,0.453,-12.100,0.484,0.453,-12.100,0.475,0.453
20110101_0957,-27.020,-63.210,586.000,RM.SIM.,20.133,92.885,157.078,1732.452,1779.397,1795.007,261.000,1.861,-0.102,-0.004,0.024,0.027,0.012,1.100,0.100,0.390,0.250,-4.600,0.494,0.494,-3.800,0.616,0.494,-3.300,0.652,0.494,-3.300,0.655,0.494,-3.500,0.638,0.494
20110101_0957,-27.020,-63.210,586.000,HB.FXI.00,31.938,110.724,172.787,1811.953,1879.439,1903.145,262.000,3.624,-0.033,-0.112,-0.146,-0.159,-0.134,-2.900,-2.800,0.765,0.711,-3.900,0.846,0.846,-2.400,0.417,0.846,-2.500,0.392,0.846,-2.500,0.381,0.846,-2.400,0.398,0.846
20110101_0957,-27.020,-63.210,586.000,YP.NE41.,43.307,116.123,163.704,1766.926,1822.176,1840.955,263.000,4.440,0.299,0.311,0.308,0.306,0.309,1.300,1.600,0.841,0.860,0.200,0.640,0.640,0.900,0.616,0.640,1.000,0.627,0.640,1.000,0.635,0.640,0.900,0.632,0.640
20110101_0957,-27.020,-63.210,586.000,AU.RABL.,-4.191,152.164,133.729,1599.689,1622.377,1629.319,264.000,3.367,0.454,0.527,0.551,0.547,0.526,2.600,2.500,0.905,0.921,2.200,0.788,0.788,1.900,0.802,0.788,1.700,0.811,0.788,1.700,0.810,0.788,1.900,0.802,0.788
20110101_0957,-27.020,-63.210,586.000,SN.MIAX.00,33.229,106.800,169.369,1795.315,1858.082,1879.855,265.000,2.548,0.075,-0.160,-0.091,-0.069,-0.127,8.800,-3.300,0.453,0.321,-9.000,0.389,0.389,9.100,0.509,0.389,9.100,0.479,0.389,9.200,0.463,0.389,9.100,0.496,0.389
20110101_0957,-27.020,-63.210,586.000,JP.JHJ2.,33.115,139.814,159.214,1743.719,1793.274,1809.872,266.000,1.939,0.076,0.105,0.083,0.091,0.099,3.600,3.700,0.578,0.579,3.400,0.620,0.620,3.700,0.697,0.620,3.100,0.683,0.620,3.200,0.686,0.620,3.500,0.692,0.620
20110101_0957,-27.020,-63.210,586.000,HK.HKPS.,22.278,114.142,174.682,1821.030,1891.195,1916.003,267.000,3.666,0.482,0.519,0.526,0.517,0.517,-0.900,0.900,0.793,0.564,2.400,0.811,0.811,2.300,0.850,0.811,2.200,0.869,0.811,2.200,0.883,0.811,2.200,0.859,0.811
20110101_0957,-27.020,-63.210,586.000,SN.SUDE.00,37.495,110.231,168.156,1789.324,1850.448,1871.555,268.000,8.450,0.007,-0.079,-0.069,-0.062,-0.069,7.800,-3.000,0.312,-0.553,1.500,0.400,0.400,1.700,0.547,0.400,1.700,0.579,0.400,1.800,0.596,0.400,1.700,0.578,0.400
20110101_0957,-27.020,-63.210,586.000,SC.GZI.00,31.610,100.019,164.692,1771.952,1828.487,1847.765,269.000,0.963,0.068,0.016,-0.012,-0.007,0.006,-2.100,2.500,0.566,0.294,-11.500,0.424,0.424,-11.100,0.483,0.424,-11.000,0.484,0.424,-11.000,0.486,0.424,-11.000,0.487,0.424
20110101_0957,-27.020,-63.210,586.000,SX.YUY.00,40.023,112.369,166.489,1781.014,1839.912,1860.126,270.000,3.313,0.287,0.319,0.318,0.317,0.324,1.100,0.900,0.764,0.798,-3.200,0.580,0.580,8.900,0.660,0.580,8.900,0.644,0.580,9.000,0.629,0.580,8.900,0.640,0.580
20110101_0957,-27.020,-63.210,586.000,SN.LUYA.00,33.357,106.140,168.834,1792.681,1854.722,1876.200,271.000,7.040,0.202,0.172,0.171,0.184,0.161,-0.800,-4.900,0.542,-0.458,-0.500,0.856,0.856,-0.800,0.607,0.856,-0.800,0.622,0.856,-0.700,0.627,0.856,-0.900,0.616,0.856
20110101_0957,-27.020,-63.210,586.000,HA.PDS.00,33.712,113.298,172.663,1811.357,1878.669,1902.304,272.000,6.619,0.375,0.193,0.454,0.444,0.447,0.200,3.900,0.589,-0.753,-0.700,0.649,0.649,7.600,0.577,0.649,-0.700,0.724,0.649,-0.700,0.719,0.649,-0.700,0.723,0.649
20110101_0957,-27.020,-63.210,586.000,YP.NE8H.,46.515,132.831,156.751,1730.714,1777.264,1792.726,273.000,3.408,0.038,0.033,0.073,0.079,0.067,-3.500,-1.000,0.728,-0.713,2.600,0.400,0.400,2.800,0.405,0.400,2.800,0.377,0.400,2.700,0.356,0.400,2.800,0.364,0.400
20110101_0957,-27.020,-63.210,586.000,GD.ZHS.00,22.487,113.360,174.501,1820.169,1890.076,1914.777,274.000,2.225,0.050,0.127,0.115,0.110,0.117,-3.200,-3.400,0.891,0.740,-9.400,0.634,0.634,-9.000,0.628,0.634,-9.000,0.617,0.634,-8.900,0.615,0.634,-9.000,0.623,0.634
20110101_0957,-27.020,-63.210,586.000,YP.NE5C.,43.788,128.337,160.815,1752.072,1803.628,1820.987,275.000,4.286,0.184,0.046,0.046,0.047,0.053,2.500,2.400,0.764,0.763,10.000,0.450,0.450,-6.100,0.670,0.450,-6.100,0.669,0.450,-6.100,0.667,0.450,-6.100,0.666,0.450
20110101_0957,-27.020,-63.210,586.000,HL.NEH.00,48.484,124.564,157.701,1735.755,1783.455,1799.350,276.000,2.812,0.165,0.119,0.114,0.128,0.131,-0.300,-0.200,0.840,0.872,6.600,0.481,0.481,-4.500,0.710,0.481,-4.500,0.700,0.481,-4.600,0.665,0.481,-4.600,0.673,0.481
20110101_0957,-27.020,-63.210,586.000,II.DGAR.00,-7.412,72.452,124.976,1545.352,1561.189,1565.924,277.000,1.847,0.266,0.105,0.105,0.105,0.106,-3.400,-3.600,0.379,0.418,1.600,0.529,0.529,13.300,0.435,0.529,13.200,0.439,0.529,13.300,0.449,0.529,13.300,0.439,0.529
20110101_0957,-27.020,-63.210,586.000,HN.NIX.00,27.992,112.345,175.940,1826.990,1898.956,1924.508,278.000,2.467,-0.014,0.016,0.026,0.016,0.011,1.700,1.900,0.888,0.765,-1.700,0.657,0.657,4.300,0.719,0.657,4.500,0.646,0.657,4.600,0.662,0.657,4.400,0.699,0.657
20110101_0957,-27.020,-63.210,586.000,AH.JIX.00,30.699,118.378,176.067,1827.590,1899.739,1925.367,279.000,2.600,0.126,0.038,0.043,0.053,0.051,-3.300,0.300,0.386,0.229,-1.500,0.728,0.728,-3.300,0.527,0.728,-3.300,0.564,0.728,-3.200,0.566,0.728,-3.200,0.564,0.728
20110101_0957,-27.020,-63.210,586.000,YN.LUS.00,25.832,98.852,163.906,1767.956,1823.468,1842.348,280.000,2.797,0.014,-0.005,-0.017,-0.011,-0.004,7.700,2.200,0.342,-0.298,-2.600,0.254,0.254,-2.300,0.397,0.254,-2.100,0.398,0.254,-2.100,0.404,0.254,-2.200,0.406,0.254
20110101_0957,-27.020,-63.210,586.000,BU.ZKD.00,39.688,115.922,167.311,1785.124,1845.115,1865.767,281.000,3.268,0.068,0.169,0.168,0.177,0.167,-0.700,-4.400,0.477,-0.835,-1.400,0.536,0.536,-1.100,0.591,0.536,-1.100,0.591,0.536,-1.100,0.584,0.536,-1.100,0.584,0.536
20110101_0957,-27.020,-63.210,586.000,HL.BNX.00,45.739,127.403,159.467,1745.044,1794.913,1811.630,282.000,0.368,0.007,-0.017,-0.017,-0.017,-0.017,-4.500,-4.400,0.275,0.955,4.200,0.320,0.320,-0.100,0.428,0.320,-0.100,0.393,0.320,-0.100,0.373,0.320,-0.100,0.380,0.320
20110101_0957,-27.020,-63.210,586.000,HL.TOH.00,46.085,128.651,158.742,1741.244,1790.217,1806.594,283.000,3.678,0.313,0.245,0.233,0.228,0.236,0.900,1.100,0.876,0.873,0.500,0.678,0.678,1.500,0.634,0.678,1.600,0.605,0.678,1.600,0.581,0.678,1.500,0.586,0.678
20110101_0957,-27.020,-63.210,586.000,AU.MORW.,-29.068,116.040,123.907,1538.548,1553.638,1558.141,284.000,5.119,0.626,0.621,0.621,0.630,0.629,0.100,0.200,0.763,0.864,-0.100,0.817,0.817,-0.100,0.818,0.817,-0.100,0.820,0.817,-0.100,0.808,0.817,-0.100,0.812,0.817
20110101_0957,-27.020,-63.210,586.000,KR.ARK.,41.800,71.967,140.701,1641.184,1670.244,1679.353,285.000,0.976,0.223,0.047,0.056,0.051,0.049,-4.400,-3.000,0.401,0.224,10.400,0.442,0.442,8.600,0.245,0.442,8.400,0.276,0.442,8.400,0.275,0.442,8.500,0.261,0.442
20110101_0957,-27.020,-63.210,586.000,YP.NEAD.,47.581,133.580,155.599,1724.563,1769.737,1784.682,286.000,0.350,-0.014,-0.006,-0.007,-0.007,-0.006,-1.100,-3.700,0.361,0.984,12.300,0.369,0.369,4.800,0.412,0.369,4.700,0.358,0.369,10.200,0.331,0.369,4.600,0.331,0.369
20110101_0957,-27.020,-63.210,586.000,1G.WOP05.,37.654,106.305,166.180,1779.460,1837.948,1857.998,287.000,3.572,-0.130,-0.185,0.040,0.038,0.047,-5.200,-1.100,0.547,-0.639,-7.200,0.419,0.419,-7.800,0.522,0.419,-3.300,0.620,0.419,-3.300,0.619,0.419,-3.300,0.620,0.419
20110101_0957,-27.020,-63.210,586.000,SC.BAX.00,30.372,102.813,167.300,1785.066,1845.043,1865.688,288.000,2.682,0.028,0.153,0.169,0.166,0.158,-5.000,-1.700,0.505,-0.747,3.000,0.717,0.717,3.600,0.608,0.717,3.700,0.502,0.717,3.700,0.522,0.717,3.700,0.584,0.717
20110101_0957,-27.020,-63.210,586.000,LN.HXQ.00,42.585,122.772,163.690,1766.857,1822.090,1840.862,289.000,3.420,-0.020,-0.034,-0.030,-0.029,-0.027,0.200,0.200,0.881,0.878,8.800,0.449,0.449,-5.800,0.468,0.449,-5.700,0.466,0.449,-5.600,0.468,0.449,-5.800,0.464,0.449
20110101_0957,-27.020,-63.210,586.000,CQ.WUL.00,29.188,107.826,171.804,1807.205,1873.319,1896.464,290.000,2.829,0.121,0.023,-0.028,-0.027,0.008,1.700,4.700,0.759,-0.620,-0.100,0.491,0.491,1.700,0.673,0.491,1.900,0.734,0.491,2.000,0.722,0.491,1.800,0.672,0.491
20110101_0957,-27.020,-63.210,586.000,SC.BTA.00,30.010,99.117,164.203,1769.468,1825.366,1844.396,291.000,3.504,-0.135,-0.202,-0.208,-0.203,-0.206,5.600,1.500,0.475,-0.407,-4.100,0.716,0.716,-3.500,0.760,0.716,-3.500,0.748,0.716,-3.500,0.752,0.716,-3.500,0.756,0.716
20110101_0957,-27.020,-63.210,586.000,SC.HWS.00,28.640,104.736,169.223,1794.596,1857.164,1878.856,292.000,3.060,0.107,0.045,0.051,0.049,0.046,6.900,3.500,0.462,-0.627,4.700,0.471,0.471,5.000,0.448,0.471,4.900,0.502,0.471,4.900,0.496,0.471,5.000,0.474,0.471
20110101_0957,-27.020,-63.210,586.000,JS.LH.00,32.515,118.945,174.196,1818.713,1888.185,1912.708,293.000,0.350,-0.013,-0.001,-0.001,-0.001,-0.001,10.000,4.700,0.634,0.815,0.100,0.704,0.704,1.200,0.615,0.704,1.200,0.631,0.704,1.100,0.645,0.704,1.200,0.634,0.704
20110101_0957,-27.020,-63.210,586.000,YP.NE45.,43.373,120.603,163.358,1765.162,1819.966,1838.572,294.000,4.709,0.133,0.148,0.143,0.146,0.148,0.800,2.700,0.626,0.487,2.400,0.483,0.483,4.400,0.423,0.483,4.600,0.414,0.483,4.700,0.408,0.483,4.600,0.411,0.483
20110101_0957,-27.020,-63.210,586.000,YN.LOP.00,24.886,104.291,168.566,1791.354,1853.032,1874.363,295.000,0.817,0.136,0.221,0.213,0.214,0.222,6.000,5.700,0.536,0.396,14.400,0.404,0.404,1.500,0.447,0.404,1.700,0.435,0.404,1.600,0.438,0.404,1.500,0.439,0.404
20110101_0957,-27.020,-63.210,586.000,HA.SC.00,31.791,115.418,175.082,1822.931,1893.667,1918.710,296.000,6.787,0.148,0.081,0.078,0.089,0.069,1.100,1.100,0.512,0.472,-2.100,0.777,0.777,-4.000,0.543,0.777,-3.800,0.566,0.777,-3.600,0.599,0.777,-3.800,0.566,0.777
20110101_0957,-27.020,-63.210,586.000,HB.XNI.00,29.716,114.411,176.587,1830.037,1902.938,1928.877,297.000,2.693,0.288,0.111,0.093,0.112,0.097,-1.300,-1.600,0.773,0.677,-0.900,0.602,0.602,1.500,0.731,0.602,1.700,0.696,0.602,1.900,0.677,0.602,1.700,0.705,0.602
20110101_0957,-27.020,-63.210,586.000,BU.SHC.00,40.441,115.523,166.539,1781.260,1840.223,1860.463,298.000,2.920,0.234,0.209,0.206,0.195,0.199,-3.200,-3.900,0.757,0.959,-3.900,0.703,0.703,-3.900,0.717,0.703,-3.900,0.718,0.703,-3.800,0.706,0.703,-3.900,0.711,0.703
20110101_0957,-27.020,-63.210,586.000,GE.SAUI.,-7.983,131.299,142.278,1650.358,1680.967,1690.613,299.000,0.331,0.010,-0.003,-0.005,-0.009,-0.007,2.000,-4.900,0.807,-0.604,7.300,0.201,0.201,7.100,0.158,0.201,7.000,0.157,0.201,6.600,0.159,0.201,6.500,0.160,0.201
20110101_0957,-27.020,-63.210,586.000,GD.ZHQ.00,23.178,112.539,174.563,1820.461,1890.455,1915.193,300.000,3.345,-0.262,-0.135,-0.163,-0.151,-0.162,-0.900,0.400,0.706,0.508,-4.800,0.698,0.698,-4.400,0.546,0.698,-4.300,0.532,0.698,-4.200,0.551,0.698,-4.300,0.544,0.698
20110101_0957,-27.020,-63.210,586.000,ZJ.HUZ.00,30.842,120.095,175.207,1823.524,1894.438,1919.556,301.000,5.375,0.154,0.130,0.141,0.151,0.139,-1.200,-4.500,0.709,-0.636,-8.400,0.762,0.762,-7.900,0.756,0.762,-8.000,0.703,0.762,-8.000,0.672,0.762,-7.900,0.680,0.762
20110101_0957,-27.020,-63.210,586.000,JL.DHT.00,43.344,128.198,161.243,1754.285,1806.382,1823.946,302.000,1.888,0.196,0.176,0.187,0.191,0.183,2.000,-1.600,0.789,-0.550,-6.500,0.640,0.640,2.200,0.452,0.640,1.900,0.466,0.640,1.800,0.472,0.640,1.900,0.467,0.640
20110101_0957,-27.020,-63.210,586.000,XJ.XKR.00,39.828,77.576,145.189,1667.063,1700.641,1711.325,303.000,1.381,-0.083,-0.003,0.016,0.010,0.004,3.400,3.500,0.725,0.882,10.500,0.550,0.550,11.700,0.497,0.550,11.800,0.464,0.550,11.800,0.469,0.550,11.800,0.485,0.550
20110101_0957,-27.020,-63.210,586.000,SH.ZHY.00,31.233,121.517,174.102,1818.265,1887.606,1912.074,304.000,1.528,0.119,0.055,0.066,0.072,0.068,4.600,4.700,0.475,0.459,5.900,0.631,0.631,-3.600,0.752,0.631,-3.600,0.733,0.631,-3.600,0.724,0.631,-3.600,0.728,0.631
20110101_0957,-27.020,-63.210,586.000,JS.BY.00,33.263,119.267,173.401,1814.908,1883.257,1907.317,305.000,2.057,0.020,-0.008,-0.012,-0.008,-0.009,-7.300,-4.000,0.706,-0.934,-11.700,0.386,0.386,-1.300,0.203,0.386,-1.300,0.184,0.386,-1.300,0.181,0.386,-1.300,0.194,0.386
20110101_0957,-27.020,-63.210,586.000,HB.SZH.00,31.630,113.386,174.518,1820.248,1890.179,1914.890,306.000,2.400,0.162,0.119,0.120,0.115,0.102,-4.200,-4.100,0.811,0.732,1.300,0.547,0.547,2.200,0.392,0.547,2.200,0.411,0.547,2.200,0.416,0.547,2.100,0.403,0.547
20110101_0957,-27.020,-63.210,586.000,JS.XH.00,32.889,119.847,173.562,1815.682,1884.259,1908.413,307.000,1.361,0.070,0.092,0.088,0.076,0.074,-1.600,-4.400,0.745,-0.856,0.900,0.529,0.529,0.400,0.444,0.529,0.400,0.424,0.529,0.500,0.416,0.529,0.500,0.414,0.529
20110101_0957,-27.020,-63.210,586.000,SC.MLI.00,27.932,101.272,166.211,1779.619,1838.149,1858.216,308.000,2.453,0.043,0.263,0.277,0.273,0.265,6.800,3.400,0.589,-0.860,-7.900,0.628,0.628,-7.400,0.576,0.628,-7.400,0.574,0.628,-7.400,0.574,0.628,-7.400,0.575,0.628
20110101_0957,-27.020,-63.210,586.000,SD.JIX.00,35.400,116.350,171.612,1806.271,1872.119,1895.154,309.000,3.721,0.149,0.136,0.131,0.119,0.127,-3.500,0.900,0.751,-0.796,-2.500,0.706,0.706,-2.300,0.817,0.706,-2.200,0.811,0.706,-2.200,0.804,0.706,-2.200,0.808,0.706
20110101_0957,-27.020,-63.210,586.000,JL.THT.00,41.697,125.998,163.496,1765.863,1820.845,1839.519,310.000,1.719,0.113,0.248,0.241,0.230,0.232,0.600,0.900,0.750,0.744,-4.800,0.381,0.381,-3.100,0.657,0.381,-3.000,0.629,0.381,-2.700,0.607,0.381,-2.800,0.614,0.381
20110101_0957,-27.020,-63.210,586.000,SN.MEIX.00,34.128,107.817,169.511,1796.012,1858.973,1880.825,311.000,2.845,-0.102,-0.323,0.072,0.072,-0.334,7.800,4.000,0.634,-0.590,0.100,0.623,0.623,7.200,0.632,0.623,-1.200,0.465,0.623,-1.200,0.480,0.623,7.100,0.679,0.623
20110101_0957,-27.020,-63.210,586.000,FJ.PTLC.00,25.447,119.014,177.460,1834.126,1908.296,1934.763,312.000,12.933,0.440,0.361,0.367,0.373,0.354,-0.400,-0.100,0.933,0.919,0.300,0.794,0.794,0.600,0.853,0.794,0.500,0.884,0.794,0.400,0.888,0.794,0.600,0.867,0.794
20110101_0957,-27.020,-63.210,586.000,GD.TIS.00,22.270,112.885,174.071,1818.118,1887.414,1911.864,313.000,2.258,0.269,0.202,0.199,0.200,0.217,-0.800,-1.000,0.882,0.820,0.000,0.580,0.580,-7.000,0.611,0.580,-7.000,0.585,0.580,-6.900,0.575,0.580,-7.000,0.598,0.580
20110101_0957,-27.020,-63.210,586.000,SC.XCO.00,31.018,105.902,169.680,1796.842,1860.033,1881.979,314.000,4.711,-0.108,-0.311,0.067,0.070,-0.292,2.600,2.900,0.756,0.740,-4.500,0.631,0.631,2.300,0.522,0.631,-7.900,0.253,0.631,0.800,0.267,0.631,2.300,0.600,0.631
20110101_0957,-27.020,-63.210,586.000,GS.YDT.00,36.801,103.321,164.982,1773.419,1830.332,1849.759,315.000,3.694,0.100,0.147,0.155,0.149,0.149,7.400,3.500,0.663,-0.795,-1.800,0.713,0.713,-1.300,0.834,0.713,-1.200,0.853,0.713,-1.200,0.853,0.713,-1.300,0.843,0.713
20110101_0957,-27.020,-63.210,586.000,HB.ENS.00,30.276,109.494,172.819,1812.111,1879.643,1903.368,316.000,6.062,-0.027,0.192,0.181,0.179,0.182,-1.800,-1.800,0.788,0.707,-3.100,0.882,0.882,-0.900,0.518,0.882,-0.900,0.495,0.882,-0.900,0.492,0.882,-0.900,0.509,0.882
20110101_0957,-27.020,-63.210,586.000,BJ.SSL.00,40.251,116.225,166.761,1782.373,1841.631,1861.989,317.000,2.404,0.295,0.321,0.310,0.295,0.305,3.600,3.800,0.571,0.323,-0.100,0.700,0.700,0.600,0.753,0.700,0.800,0.760,0.700,1.000,0.771,0.700,0.900,0.767,0.700
20110101_0957,-27.020,-63.210,586.000,LN.BEP.00,41.783,120.699,164.893,1772.971,1829.768,1849.150,318.000,5.287,0.242,0.362,0.362,0.360,0.363,0.000,0.000,0.862,0.848,-9.700,0.406,0.406,-8.200,0.635,0.406,-8.100,0.639,0.406,-8.000,0.646,0.406,-8.000,0.642,0.406
20110101_0957,-27.020,-63.210,586.000,FJ.SNQY.00,27.403,119.483,177.575,1834.661,1909.000,1935.536,319.000,16.495,0.466,0.462,0.461,0.461,0.461,-0.600,-0.600,0.927,0.939,-0.500,0.845,0.845,0.300,0.739,0.845,-0.300,0.626,0.845,0.100,0.648,0.845,0.300,0.720,0.845
20110101_0957,-27.020,-63.210,586.000,TM.CMAI.,19.932,99.045,162.272,1759.595,1813.005,1831.072,320.000,1.868,0.174,0.225,0.231,0.230,0.223,-1.600,-1.700,0.866,0.689,-7.300,0.672,0.672,-6.800,0.755,0.672,-6.700,0.753,0.672,-6.700,0.754,0.672,-6.700,0.764,0.672
20110101_0957,-27.020,-63.210,586.000,SC.MEK.00,31.904,102.224,166.424,1780.688,1839.500,1859.680,321.000,3.030,0.138,0.006,0.006,0.006,0.012,7.500,3.600,0.748,-0.366,-0.200,0.784,0.784,-1.300,0.725,0.784,-1.200,0.728,0.784,-1.200,0.731,0.784,-1.200,0.731,0.784
20110101_0957,-27.020,-63.210,586.000,JL.SGT.00,44.089,124.907,161.721,1756.756,1809.461,1827.258,322.000,0.462,0.001,0.063,0.065,0.067,0.066,0.300,0.600,0.798,0.875,9.200,0.531,0.531,1.800,0.681,0.531,1.500,0.657,0.531,1.300,0.664,0.531,1.400,0.662,0.531
20110101_0957,-27.020,-63.210,586.000,LN.XMN.00,42.071,122.868,164.150,1769.197,1825.026,1844.029,323.000,5.290,-0.033,-0.023,-0.021,-0.026,-0.025,0.800,-3.100,0.735,-0.793,2.400,0.473,0.473,10.600,0.345,0.473,-2.900,0.339,0.473,-2.900,0.353,0.473,-2.900,0.348,0.473
20110101_0957,-27.020,-63.210,586.000,GS.JNT.00,35.531,105.771,167.323,1785.182,1845.189,1865.847,324.000,1.125,0.003,-0.030,-0.023,-0.016,-0.022,1.900,2.600,0.511,0.364,2.500,0.673,0.673,10.700,0.356,0.673,-10.200,0.351,0.673,-10.100,0.358,0.673,-10.200,0.344,0.673
20110101_0957,-27.020,-63.210,586.000,SC.MBI.00,28.840,103.534,168.154,1789.313,1850.434,1871.540,325.000,2.759,0.062,0.031,0.039,0.042,0.040,0.300,3.100,0.375,0.244,2.800,0.333,0.333,8.500,0.464,0.333,8.600,0.459,0.333,8.600,0.458,0.333,8.600,0.461,0.333
20110101_0957,-27.020,-63.210,586.000,SX.YAC.00,35.442,112.407,170.784,1802.246,1866.952,1889.518,326.000,5.172,0.260,0.244,0.253,0.256,0.247,-0.500,3.400,0.803,-0.747,1.200,0.526,0.526,1.600,0.691,0.526,1.700,0.674,0.526,1.700,0.658,0.526,1.700,0.674,0.526
20110101_0957,-27.020,-63.210,586.000,ZN.VAKU.,-8.852,151.184,131.029,1583.185,1603.630,1609.826,327.000,4.454,0.606,0.595,0.597,0.591,0.594,0.000,0.000,0.799,0.797,-8.900,0.454,0.454,-1.000,0.435,0.454,-1.200,0.454,0.454,-1.500,0.486,0.454,-1.200,0.449,0.454
20110101_0957,-27.020,-63.210,586.000,AH.JAS.00,32.811,118.262,174.071,1818.114,1887.410,1911.859,328.000,2.185,0.178,0.214,0.201,0.190,0.200,1.200,1.200,0.526,0.422,-3.000,0.356,0.356,-2.100,0.413,0.356,-2.100,0.408,0.356,-2.000,0.409,0.356,-2.000,0.410,0.356
20110101_0957,-27.020,-63.210,586.000,LN.ANS.00,41.105,123.013,165.012,1773.571,1830.522,1849.965,329.000,7.498,-0.051,0.174,0.179,0.176,0.178,0.400,-3.000,0.813,-0.960,2.800,0.445,0.445,13.100,0.291,0.445,13.100,0.290,0.445,13.100,0.289,0.445,13.100,0.289,0.445
20110101_0957,-27.020,-63.210,586.000,NM.BHS.00,40.965,112.026,165.513,1776.103,1833.712,1853.413,330.000,10.384,0.252,0.128,0.124,0.124,0.129,-0.400,0.100,0.647,0.566,2.300,0.387,0.387,0.500,0.580,0.387,0.500,0.541,0.387,0.500,0.500,0.387,0.400,0.529,0.387
20110101_0957,-27.020,-63.210,586.000,KZ.CHKZ.,53.676,70.615,137.006,1619.388,1644.972,1652.895,331.000,1.570,0.136,0.191,0.200,0.197,0.194,4.000,4.100,0.597,0.680,1.800,0.383,0.383,1.900,0.566,0.383,1.600,0.607,0.383,1.700,0.608,0.383,1.800,0.583,0.383
20110101_0957,-27.020,-63.210,586.000,SD.RZH.00,35.422,119.523,171.280,1804.661,1870.050,1892.897,332.000,3.458,-0.307,0.189,0.186,0.186,0.187,0.000,3.600,0.760,-0.945,-5.000,0.601,0.601,4.800,0.829,0.601,4.900,0.823,0.601,4.900,0.818,0.601,4.900,0.818,0.601
20110101_0957,-27.020,-63.210,586.000,SC.WCH.00,31.479,103.588,167.659,1786.855,1847.312,1868.150,333.000,5.018,0.059,-0.184,-0.185,-0.188,-0.186,-3.800,-3.600,0.586,0.506,-7.400,0.595,0.595,10.200,0.237,0.595,10.200,0.207,0.595,10.200,0.213,0.595,10.200,0.227,0.595
20110101_0957,-27.020,-63.210,586.000,LN.CHY.00,41.573,120.485,165.134,1774.190,1831.302,1850.808,334.000,5.025,0.146,0.252,0.258,0.269,0.264,-0.200,0.000,0.794,0.796,3.400,0.458,0.458,-8.100,0.609,0.458,-8.000,0.613,0.458,-7.900,0.616,0.458,-7.900,0.614,0.458
20110101_0957,-27.020,-63.210,586.000,ZN.PMNI.,-9.756,149.467,131.454,1585.803,1606.593,1612.903,335.000,4.907,0.444,0.495,0.496,0.501,0.498,0.600,1.100,0.944,0.869,1.100,0.661,0.661,1.000,0.678,0.661,0.900,0.678,0.661,0.700,0.678,0.661,0.900,0.677,0.661
20110101_0957,-27.020,-63.210,586.000,YP.NE3A.,43.075,126.654,162.060,1758.503,1811.640,1829.603,336.000,0.703,0.055,0.008,0.016,0.022,0.020,2.300,2.000,0.898,0.563,-1.400,0.492,0.492,-5.400,0.513,0.492,-5.600,0.515,0.492,-5.800,0.517,0.492,-5.800,0.517,0.492
20110101_0957,-27.020,-63.210,586.000,XW.DUQM.,19.559,57.609,125.603,1549.322,1565.608,1570.482,337.000,2.939,0.090,0.036,0.040,0.039,0.037,1.800,3.500,0.552,0.914,12.200,0.258,0.258,4.700,0.421,0.258,4.200,0.532,0.258,4.300,0.502,0.258,4.500,0.454,0.258
20110101_0957,-27.020,-63.210,586.000,SX.ZOQ.00,37.099,113.350,169.510,1796.008,1858.967,1880.819,338.000,6.521,0.019,-0.069,-0.057,-0.061,-0.060,2.800,3.300,0.636,0.491,9.200,0.727,0.727,6.900,0.456,0.727,7.200,0.473,0.727,7.500,0.496,0.727,7.400,0.477,0.727
20110101_0957,-27.020,-63.210,586.000,QH.DCD.00,37.932,95.376,158.973,1742.457,1791.714,1808.199,339.000,4.134,0.270,0.293,0.282,0.280,0.289,4.300,-4.100,0.610,0.560,-1.200,0.421,0.421,-0.100,0.644,0.421,0.200,0.612,0.421,0.200,0.612,0.421,-0.100,0.628,0.421
20110101_0957,-27.020,-63.210,586.000,SC.LBO.00,28.272,103.570,168.229,1789.685,1850.908,1872.055,340.000,4.228,0.268,0.162,0.161,0.161,0.163,4.300,4.500,0.676,0.622,9.900,0.441,0.441,5.800,0.734,0.441,5.900,0.740,0.441,5.900,0.741,0.441,5.900,0.737,0.441
20110101_0957,-27.020,-63.210,586.000,HI.LSH.00,18.500,109.996,169.430,1795.614,1858.464,1880.271,341.000,2.373,0.153,0.334,0.328,0.307,0.324,0.400,0.800,0.667,0.610,0.600,0.741,0.741,1.500,0.877,0.741,1.500,0.880,0.741,1.600,0.877,0.741,1.600,0.878,0.741
20110101_0957,-27.020,-63.210,586.000,HI.BSH.00,19.248,109.181,169.548,1796.195,1859.207,1881.080,342.000,3.957,-0.013,-0.035,-0.041,-0.039,-0.033,0.400,0.600,0.933,0.940,-4.400,0.716,0.716,5.600,0.735,0.716,5.500,0.730,0.716,5.500,0.714,0.716,5.500,0.736,0.716
20110101_0957,-27.020,-63.210,586.000,HI.HSK.00,19.928,110.215,170.695,1801.810,1866.394,1888.909,343.000,2.070,-0.040,0.120,0.137,0.146,0.130,1.900,1.900,0.835,0.840,2.700,0.559,0.559,10.600,0.595,0.559,10.500,0.584,0.559,10.500,0.576,0.559,10.500,0.586,0.559
20110101_0957,-27.020,-63.210,586.000,NX.XSH.00,37.249,105.203,165.849,1777.797,1835.848,1855.725,344.000,4.284,-0.002,0.083,0.094,0.102,0.090,5.900,2.600,0.644,-0.647,-3.200,0.388,0.388,-2.400,0.521,0.388,-2.200,0.505,0.388,-2.200,0.506,0.388,-2.300,0.513,0.388
20110101_0957,-27.020,-63.210,586.000,YP.NEA2.,47.494,120.286,159.344,1744.400,1794.115,1810.775,345.000,3.066,0.314,0.320,0.319,0.318,0.315,1.500,-1.600,0.684,-0.592,3.500,0.493,0.493,5.100,0.268,0.493,-0.400,0.272,0.493,-0.300,0.291,0.493,-0.200,0.279,0.493
20110101_0957,-27.020,-63.210,586.000,YN.TNC.00,25.029,98.520,163.477,1765.767,1820.724,1839.389,346.000,1.932,0.033,0.086,0.101,0.100,0.092,7.600,-3.800,0.427,-0.775,-0.100,0.615,0.615,0.000,0.604,0.615,0.000,0.611,0.615,0.100,0.610,0.615,0.100,0.605,0.615
20110101_0957,-27.020,-63.210,586.000,MY.KUM.,5.290,100.649,153.377,1712.584,1755.155,1769.119,347.000,1.704,-0.001,0.115,0.101,0.073,0.095,-0.900,3.700,0.744,-0.789,3.200,0.588,0.588,4.600,0.393,0.588,4.900,0.474,0.588,5.100,0.582,0.588,5.000,0.464,0.588
20110101_0957,-27.020,-63.210,586.000,YP.NE53.,44.093,117.917,162.903,1762.833,1817.051,1835.430,348.000,3.380,0.013,0.021,0.032,0.048,0.039,2.400,2.400,0.723,0.666,2.600,0.475,0.475,-10.800,0.429,0.475,-10.700,0.435,0.475,-10.600,0.442,0.475,-10.700,0.440,0.475
20110101_0957,-27.020,-63.210,586.000,GS.BYT.00,36.581,104.130,165.631,1776.700,1834.464,1854.227,349.000,2.617,0.101,0.153,0.157,0.156,0.149,0.900,4.400,0.760,-0.767,-0.800,0.656,0.656,-0.200,0.801,0.656,-0.100,0.831,0.656,-0.100,0.837,0.656,-0.100,0.818,0.656
20110101_0957,-27.020,-63.210,586.000,SX.LOF.00,38.041,111.951,168.253,1789.805,1851.060,1872.220,350.000,4.924,0.044,0.083,0.092,0.098,0.092,8.000,-2.300,0.481,-0.816,1.200,0.540,0.540,-10.200,0.278,0.540,-10.200,0.285,0.540,-10.200,0.290,0.540,-10.200,0.287,0.540
20110101_0957,-27.020,-63.210,586.000,GD.LCH.00,24.104,115.271,176.778,1830.936,1904.115,1930.169,351.000,7.183,0.401,0.388,0.373,0.360,0.366,-0.700,4.000,0.631,-0.708,10.100,0.350,0.350,9.800,0.249,0.350,10.000,0.205,0.350,4.500,0.227,0.350,4.000,0.237,0.350
20110101_0957,-27.020,-63.210,586.000,YP.NE6F.,45.296,131.201,158.410,1739.495,1788.059,1804.281,352.000,4.421,0.183,0.173,0.177,0.179,0.177,-11.300,-2.500,0.666,-0.869,-7.900,0.662,0.662,-7.400,0.620,0.662,-7.500,0.617,0.662,-7.500,0.621,0.662,-7.500,0.621,0.662
20110101_0957,-27.020,-63.210,586.000,YN.ZOD.00,27.823,99.698,164.820,1772.599,1829.300,1848.644,353.000,2.131,0.265,0.290,0.295,0.290,0.296,7.400,-2.500,0.450,-0.515,-8.000,0.439,0.439,-1.800,0.573,0.439,-1.600,0.572,0.439,-1.700,0.564,0.439,-1.700,0.580,0.439
20110101_0957,-27.020,-63.210,586.000,BU.HUA.00,40.811,114.524,166.083,1778.974,1837.334,1857.334,354.000,1.262,0.089,0.120,0.133,0.139,0.135,2.000,-1.800,0.416,-0.304,-0.100,0.367,0.367,-0.100,0.421,0.367,-0.100,0.501,0.367,-0.100,0.570,0.367,-0.100,0.535,0.367
20110101_0957,-27.020,-63.210,586.000,GD.YGX.00,21.750,111.600,172.923,1812.608,1880.285,1904.069,355.000,1.276,0.359,0.138,0.152,0.153,0.145,-4.100,2.100,0.534,0.536,-1.900,0.798,0.798,6.700,0.505,0.798,6.700,0.511,0.798,6.700,0.515,0.798,6.700,0.507,0.798
20110101_0957,-27.020,-63.210,586.000,HB.QJI.00,30.450,112.773,175.085,1822.943,1893.683,1918.728,356.000,2.904,0.186,0.179,0.172,0.170,0.173,-2.600,0.500,0.691,-0.769,-6.300,0.413,0.413,-5.400,0.478,0.413,-5.300,0.493,0.413,-5.200,0.494,0.413,-5.300,0.485,0.413
20110101_0957,-27.020,-63.210,586.000,YP.NE8B.,46.207,126.056,159.456,1744.990,1794.846,1811.558,357.000,1.534,0.079,0.218,0.223,0.229,0.226,0.100,0.300,0.795,0.829,5.400,0.563,0.563,2.500,0.244,0.563,2.200,0.246,0.563,2.100,0.246,0.563,2.200,0.248,0.563
20110101_0957,-27.020,-63.210,586.000,AU.WRKA.,-25.038,128.296,126.773,1556.707,1573.850,1578.991,358.000,9.269,0.670,0.669,0.675,0.687,0.691,0.900,1.500,0.931,0.925,1.200,0.822,0.822,1.200,0.787,0.822,1.100,0.788,0.822,1.000,0.795,0.822,1.000,0.794,0.822
20110101_0957,-27.020,-63.210,586.000,QH.YUS.00,33.012,97.016,161.894,1757.651,1810.577,1828.459,359.000,1.637,0.094,0.207,0.218,0.219,0.214,-2.600,1.100,0.697,-0.861,-1.600,0.571,0.571,-7.800,0.729,0.571,-7.600,0.736,0.571,-7.600,0.737,0.571,-7.700,0.737,0.571
20110101_0957,-27.020,-63.210,586.000,HL.FUY.00,48.355,134.275,154.705,1719.757,1763.876,1778.423,360.000,2.269,0.192,0.283,0.255,0.243,0.257,-11.500,0.900,0.294,0.351,-12.000,0.543,0.543,-12.200,0.487,0.543,-12.300,0.453,0.543,0.100,0.404,0.543,0.000,0.427,0.543
20110101_0957,-27.020,-63.210,586.000,GD.SZN.00,22.546,114.143,174.922,1822.168,1892.674,1917.623,361.000,2.815,0.392,0.505,0.508,0.503,0.505,0.400,0.700,0.582,0.539,2.800,0.533,0.533,2.900,0.755,0.533,2.700,0.779,0.533,2.600,0.799,0.533,2.800,0.777,0.533
20110101_0957,-27.020,-63.210,586.000,AU.XMIS.,-10.481,105.652,140.973,1642.773,1672.097,1681.297,362.000,2.793,0.389,0.404,0.413,0.455,0.435,2.900,2.700,0.785,0.797,2.200,0.836,0.836,2.100,0.849,0.836,2.000,0.851,0.836,1.500,0.866,0.836,1.700,0.854,0.836
20110101_0957,-27.020,-63.210,586.000,LN.NAP.00,41.089,120.758,165.556,1776.323,1833.990,1853.714,363.000,8.207,0.043,0.123,0.143,0.143,0.136,0.400,-3.900,0.737,-0.699,11.500,0.310,0.310,-0.100,0.510,0.310,0.000,0.518,0.310,0.100,0.523,0.310,0.000,0.522,0.310
20110101_0957,-27.020,-63.210,586.000,HI.SHP.00,19.950,110.315,170.771,1802.180,1866.868,1889.426,364.000,4.846,-0.042,-0.027,-0.012,-0.000,-0.013,2.100,2.100,0.870,0.881,3.600,0.640,0.640,3.700,0.483,0.640,11.000,0.471,0.640,11.000,0.462,0.640,11.000,0.475,0.640
20110101_0957,-27.020,-63.210,586.000,GD.ZHJ.00,21.394,110.376,171.887,1807.609,1873.839,1897.031,365.000,1.453,0.218,0.175,0.162,0.158,0.163,8.000,-4.600,0.450,-0.617,-0.100,0.640,0.640,-0.100,0.474,0.640,-0.200,0.440,0.640,-5.700,0.430,0.640,-0.200,0.434,0.640
20110101_0957,-27.020,-63.210,586.000,NM.BTO.00,40.744,109.878,165.138,1774.209,1831.326,1850.834,366.000,3.903,0.254,0.152,0.158,0.164,0.158,1.800,4.900,0.478,-0.731,-11.200,0.387,0.387,11.600,0.401,0.387,11.700,0.378,0.387,12.000,0.356,0.387,11.800,0.371,0.387
20110101_0957,-27.020,-63.210,586.000,GX.HCS.00,24.671,108.011,171.760,1806.990,1873.043,1896.163,367.000,5.245,0.121,0.277,0.283,0.279,0.272,0.500,-2.600,0.877,-0.842,-7.900,0.314,0.314,2.200,0.349,0.314,-5.000,0.382,0.314,-4.900,0.379,0.314,2.300,0.338,0.314
20110101_0957,-27.020,-63.210,586.000,XW.SAYH.,12.534,54.390,120.098,1513.996,1526.590,1530.327,368.000,1.200,0.165,0.016,0.015,0.019,0.017,12.100,3.700,0.319,-0.913,12.200,0.350,0.350,10.600,0.486,0.350,10.700,0.488,0.350,10.700,0.486,0.350,10.600,0.486,0.350
20110101_0957,-27.020,-63.210,586.000,HA.DA.00,34.800,111.320,170.918,1802.899,1867.788,1890.430,369.000,4.488,0.327,0.337,0.354,0.363,0.347,-0.200,3.800,0.911,-0.684,1.700,0.748,0.748,1.500,0.789,0.748,1.400,0.773,0.748,1.400,0.763,0.748,1.500,0.775,0.748
20110101_0957,-27.020,-63.210,586.000,SD.TIA.00,36.250,117.100,170.766,1802.158,1866.838,1889.394,370.000,4.649,0.041,-0.006,-0.013,-0.022,-0.017,-0.700,-0.200,0.790,0.772,3.400,0.540,0.540,-5.700,0.632,0.540,-5.600,0.645,0.540,-5.500,0.648,0.540,-5.500,0.656,0.540
20110101_0957,-27.020,-63.210,586.000,HL.BEL.00,46.972,127.158,158.443,1739.672,1788.278,1804.516,371.000,3.684,0.248,0.057,0.058,0.051,0.051,2.200,-4.600,0.381,0.428,-1.500,0.748,0.748,-3.300,0.495,0.748,-7.900,0.459,0.748,-8.000,0.464,0.748,-7.900,0.461,0.748
20110101_0957,-27.020,-63.210,586.000,SN.HEYT.00,35.407,110.063,169.836,1797.610,1861.016,1883.049,372.000,3.956,-0.101,-0.087,-0.084,-0.076,-0.080,5.200,5.100,0.838,0.803,-1.500,0.496,0.496,-1.600,0.489,0.496,11.300,0.511,0.496,11.400,0.531,0.496,11.300,0.504,0.496
20110101_0957,-27.020,-63.210,586.000,GD.CHZ.00,23.672,116.637,176.649,1830.331,1903.323,1929.299,373.000,2.703,0.207,0.244,0.243,0.239,0.249,0.300,0.800,0.672,0.505,4.000,0.565,0.565,4.100,0.586,0.565,4.000,0.568,0.565,3.800,0.538,0.565,3.800,0.540,0.565
20110101_0957,-27.020,-63.210,586.000,XJ.KUC.00,41.853,82.857,148.613,1686.361,1723.587,1735.576,374.000,0.922,-0.092,0.042,0.077,0.076,0.056,1.400,1.500,0.863,0.858,6.000,0.515,0.515,6.800,0.495,0.515,7.000,0.452,0.515,7.000,0.454,0.515,6.900,0.491,0.515
20110101_0957,-27.020,-63.210,586.000,6F.BL07.,-19.921,134.330,130.076,1577.307,1596.990,1602.938,375.000,7.463,0.646,0.634,0.632,0.646,0.649,0.600,0.600,0.977,0.960,0.400,0.689,0.689,0.700,0.698,0.689,0.700,0.698,0.689,0.500,0.707,0.689,0.500,0.707,0.689
20110101_0957,-27.020,-63.210,586.000,GE.GENI.,-2.593,140.168,142.781,1653.264,1684.376,1694.196,376.000,1.975,0.279,0.347,0.335,0.321,0.326,4.800,4.400,0.655,0.639,4.300,0.797,0.797,4.000,0.794,0.797,3.800,0.796,0.797,3.600,0.793,0.797,3.700,0.795,0.797
20110101_0957,-27.020,-63.210,586.000,GZ.LPT.00,26.179,109.217,173.178,1813.835,1881.869,1905.801,377.000,2.646,0.214,0.029,0.021,0.021,0.026,1.500,-1.700,0.549,-0.780,6.000,0.344,0.344,5.800,0.252,0.344,5.700,0.257,0.344,5.800,0.256,0.344,5.800,0.253,0.344
20110101_0957,-27.020,-63.210,586.000,MY.SBM.,2.453,112.214,155.045,1721.587,1766.106,1780.804,378.000,2.542,0.456,0.445,0.453,0.479,0.470,1.300,2.200,0.818,0.789,2.900,0.684,0.684,2.500,0.568,0.684,2.500,0.568,0.684,2.000,0.575,0.684,2.100,0.574,0.684
20110101_0957,-27.020,-63.210,586.000,PS.PSI.,2.694,98.924,150.262,1695.523,1734.561,1747.214,379.000,4.832,0.365,0.431,0.432,0.432,0.429,0.700,-2.500,0.892,-0.620,-1.200,0.743,0.743,-0.100,0.828,0.743,-0.100,0.826,0.743,-0.200,0.815,0.743,-0.100,0.827,0.743
20110101_0957,-27.020,-63.210,586.000,BU.GUY.00,41.665,115.822,165.334,1775.200,1832.574,1852.184,380.000,1.212,0.244,0.240,0.244,0.247,0.246,-4.100,-1.200,0.432,-0.345,-7.000,0.542,0.542,-6.700,0.637,0.542,-6.700,0.659,0.542,-6.600,0.679,0.542,-6.600,0.676,0.542
20110101_0957,-27.020,-63.210,586.000,XW.MIRB.,16.986,54.697,122.106,1526.992,1540.869,1544.999,381.000,3.156,0.204,0.123,0.150,0.144,0.126,1.500,1.600,0.517,0.464,1.900,0.718,0.718,2.500,0.660,0.718,2.400,0.667,0.718,2.400,0.667,0.718,2.500,0.660,0.718
20110101_0957,-27.020,-63.210,586.000,HB.SZI.00,30.201,111.797,174.585,1820.569,1890.595,1915.346,382.000,2.691,0.040,-0.019,-0.040,-0.033,-0.033,-3.600,-3.600,0.822,0.755,-12.900,0.317,0.317,-3.500,0.340,0.317,-3.500,0.368,0.317,-3.400,0.372,0.317,-3.500,0.362,0.317
20110101_0957,-27.020,-63.210,586.000,YN.ZAT.00,27.322,103.718,168.372,1790.394,1851.809,1873.034,383.000,1.680,0.136,0.121,0.109,0.117,0.123,5.700,5.200,0.543,0.299,0.100,0.493,0.493,8.300,0.519,0.493,8.500,0.541,0.493,8.400,0.530,0.493,8.300,0.518,0.493
20110101_0957,-27.020,-63.210,586.000,NM.XIQ.00,48.652,116.786,158.368,1739.276,1787.790,1803.993,384.000,3.040,0.355,0.364,0.359,0.351,0.355,-5.300,-4.900,0.649,0.675,-10.100,0.521,0.521,-0.900,0.538,0.521,-0.800,0.546,0.521,-0.700,0.560,0.521,-0.700,0.554,0.521
20110101_0957,-27.020,-63.210,586.000,GX.PNX.00,23.614,110.435,173.323,1814.534,1882.773,1906.789,385.000,2.895,0.108,0.105,0.092,0.092,0.095,0.100,0.600,0.632,0.625,4.500,0.828,0.828,2.100,0.818,0.828,2.200,0.819,0.828,2.200,0.817,0.828,2.200,0.818,0.828
20110101_0957,-27.020,-63.210,586.000,SD.CSH.00,34.853,118.049,172.093,1808.606,1875.122,1898.432,386.000,6.035,0.124,0.223,0.229,0.240,0.235,-4.100,-0.500,0.800,-0.746,-4.000,0.549,0.549,-3.700,0.528,0.549,-3.700,0.528,0.549,-3.600,0.523,0.549,-3.700,0.526,0.549
20110101_0957,-27.020,-63.210,586.000,JS.SY.00,33.767,120.250,172.624,1811.170,1878.428,1902.041,387.000,0.522,0.093,-0.018,-0.019,-0.014,-0.019,2.400,5.000,0.527,0.234,1.400,0.707,0.707,3.300,0.477,0.707,3.200,0.473,0.707,12.600,0.477,0.707,3.200,0.469,0.707
20110101_0957,-27.020,-63.210,586.000,JX.YIC.00,27.809,114.370,177.712,1835.301,1909.840,1936.459,388.000,1.461,-0.173,-0.048,-0.050,-0.054,-0.052,-3.100,-2.700,0.782,0.857,-10.500,0.639,0.639,-8.600,0.688,0.639,-8.700,0.694,0.639,-8.600,0.694,0.639,-8.500,0.691,0.639
20110101_0957,-27.020,-63.210,586.000,GD.MEZ.00,24.317,116.137,177.233,1833.068,1906.909,1933.238,389.000,5.743,0.345,0.293,0.295,0.295,0.295,-1.800,2.300,0.382,-0.706,7.000,0.721,0.721,7.200,0.686,0.721,7.100,0.672,0.721,7.100,0.642,0.721,7.200,0.654,0.721
20110101_0957,-27.020,-63.210,586.000,LN.LYN.00,41.267,123.283,164.785,1772.425,1829.081,1848.408,390.000,4.278,-0.130,-0.053,-0.055,-0.059,-0.058,0.600,1.000,0.708,0.582,2.700,0.465,0.465,9.600,0.450,0.465,9.600,0.435,0.465,9.600,0.424,0.465,9.600,0.426,0.465
20110101_0957,-27.020,-63.210,586.000,AH.HEF.00,31.824,117.142,175.186,1823.425,1894.309,1919.414,391.000,5.242,0.123,0.223,0.227,0.229,0.220,0.300,0.100,0.801,0.824,-2.800,0.885,0.885,-1.500,0.915,0.885,-1.400,0.928,0.885,-1.200,0.932,0.885,-1.400,0.930,0.885
20110101_0957,-27.020,-63.210,586.000,IU.ULN.00,47.865,107.053,157.810,1736.330,1784.162,1800.107,392.000,3.521,0.346,0.379,0.376,0.376,0.380,0.400,0.400,0.752,0.767,-4.100,0.582,0.582,-4.800,0.681,0.582,-4.600,0.678,0.582,-4.500,0.666,0.582,-4.600,0.673,0.582
20110101_0957,-27.020,-63.210,586.000,MY.KSM.,1.473,110.308,153.707,1714.373,1757.327,1771.435,393.000,1.875,0.327,0.395,0.397,0.396,0.398,-4.000,-4.300,0.783,0.757,-3.800,0.614,0.614,-3.400,0.616,0.614,-3.500,0.618,0.614,-3.900,0.628,0.614,-3.800,0.626,0.614
20110101_0957,-27.020,-63.210,586.000,SC.LTA.00,30.000,100.269,165.194,1774.495,1831.686,1851.223,394.000,3.586,0.198,0.067,0.055,0.059,0.066,-3.300,-2.800,0.625,0.787,-4.800,0.498,0.498,2.200,0.444,0.498,2.400,0.476,0.498,2.400,0.463,0.498,-11.600,0.445,0.498
20110101_0957,-27.020,-63.210,586.000,TJ.GUG.00,38.930,117.503,168.075,1788.924,1849.940,1871.004,395.000,1.303,0.107,0.139,0.125,0.105,0.114,7.300,4.100,0.568,-0.655,7.900,0.447,0.447,8.800,0.645,0.447,8.800,0.631,0.447,8.800,0.610,0.447,8.900,0.621,0.447
20110101_0957,-27.020,-63.210,586.000,KR.ARLS.,41.854,74.329,142.434,1651.256,1682.021,1691.720,396.000,2.757,-0.008,0.150,0.163,0.163,0.156,-6.300,-4.900,0.457,0.201,9.400,0.507,0.507,-5.100,0.319,0.507,-5.400,0.282,0.507,-5.300,0.289,0.507,-5.200,0.309,0.507
20110101_0957,-27.020,-63.210,586.000,NM.MDG.00,51.272,120.778,155.561,1724.355,1769.483,1784.410,397.000,2.888,0.364,0.348,0.342,0.336,0.339,2.200,2.200,0.734,0.706,0.100,0.621,0.621,-1.000,0.642,0.621,-1.600,0.648,0.621,-1.700,0.647,0.621,-1.600,0.647,0.621
20110101_0957,-27.020,-63.210,586.000,JL.HCT.00,42.642,130.465,160.818,1752.088,1803.647,1821.008,398.000,3.746,0.254,0.340,0.357,0.356,0.359,-8.500,0.600,0.350,0.194,-9.100,0.626,0.626,-8.900,0.653,0.626,-9.200,0.634,0.626,-9.300,0.627,0.626,-9.300,0.622,0.626
20110101_0957,-27.020,-63.210,586.000,XJ.SMY.00,41.638,79.731,146.424,1674.062,1708.940,1720.085,399.000,1.131,0.075,0.150,0.143,0.144,0.150,-4.200,1.100,0.448,0.113,7.100,0.786,0.786,9.200,0.744,0.786,9.300,0.696,0.786,9.300,0.700,0.786,9.200,0.726,0.786
20110101_0957,-27.020,-63.210,586.000,IC.SSE.10,31.095,121.189,174.399,1819.681,1889.442,1914.084,400.000,5.381,0.289,0.287,0.280,0.348,0.344,7.500,-0.900,0.410,0.126,0.500,0.903,0.903,1.700,0.674,0.903,1.600,0.669,0.903,0.400,0.945,0.903,0.400,0.944,0.903
20110101_0957,-27.020,-63.210,586.000,XZ.SQHE.00,32.521,80.011,147.766,1681.620,1717.930,1729.589,401.000,0.786,0.123,0.061,0.053,0.055,0.060,8.300,0.800,0.503,0.461,4.800,0.579,0.579,5.800,0.762,0.579,6.200,0.820,0.579,6.200,0.812,0.579,5.900,0.779,0.579
20110101_0957,-27.020,-63.210,586.000,GE.HALK.,6.089,80.680,139.803,1635.931,1664.128,1672.940,402.000,4.872,0.047,0.109,0.113,0.113,0.111,1.100,-2.400,0.815,-0.912,2.600,0.704,0.704,2.600,0.753,0.704,2.500,0.767,0.704,2.600,0.762,0.704,2.600,0.758,0.704
20110101_0957,-27.020,-63.210,586.000,GX.NNS.00,22.891,108.151,171.150,1804.026,1869.235,1892.008,403.000,1.172,0.112,0.095,0.075,0.074,0.084,-1.700,-1.100,0.695,0.584,9.900,0.427,0.427,0.900,0.616,0.427,1.000,0.610,0.427,1.000,0.608,0.427,1.000,0.618,0.427
20110101_0957,-27.020,-63.210,586.000,AH.SCH.00,31.348,116.984,175.669,1825.709,1897.285,1922.676,404.000,3.808,-0.019,-0.043,-0.045,-0.043,-0.039,-0.300,3.300,0.564,-0.638,0.600,0.600,0.600,-1.100,0.669,0.600,-1.200,0.690,0.600,-1.100,0.692,0.600,-1.100,0.687,0.600
20110101_0957,-27.020,-63.210,586.000,HL.HHL.00,44.350,128.890,160.128,1748.496,1799.188,1816.218,405.000,2.657,0.228,0.229,0.220,0.216,0.216,3.600,2.800,0.540,0.412,3.000,0.771,0.771,3.500,0.704,0.771,3.400,0.683,0.771,3.400,0.672,0.771,3.400,0.674,0.771
20110101_0957,-27.020,-63.210,586.000,XW.RIMA.,18.831,56.323,124.212,1540.491,1555.792,1560.361,406.000,1.239,0.122,0.126,0.120,0.121,0.126,1.000,-2.200,0.541,-0.267,5.900,0.483,0.483,11.400,0.402,0.483,11.000,0.394,0.483,11.100,0.396,0.483,11.400,0.401,0.483
20110101_0957,-27.020,-63.210,586.000,KZ.MAKZ.,46.808,81.977,146.286,1673.283,1708.016,1719.109,407.000,1.276,0.131,0.331,0.326,0.329,0.328,-1.100,4.200,0.638,-0.542,5.700,0.722,0.722,7.500,0.847,0.722,7.500,0.828,0.722,7.500,0.827,0.722,7.500,0.841,0.722
20110101_0957,-27.020,-63.210,586.000,BU.ZHL.00,40.157,115.133,166.791,1782.525,1841.824,1862.198,408.000,1.411,0.261,0.301,0.301,0.287,0.294,4.800,-3.900,0.419,0.067,4.200,0.416,0.416,4.000,0.397,0.416,3.800,0.377,0.416,3.700,0.366,0.416,3.800,0.363,0.416
20110101_0957,-27.020,-63.210,586.000,YN.YUX.00,24.435,100.147,164.798,1772.489,1829.162,1848.495,409.000,3.204,0.067,0.136,0.148,0.148,0.140,-1.100,-4.400,0.573,-0.800,-9.900,0.775,0.775,-9.400,0.812,0.775,-9.300,0.812,0.775,-9.300,0.816,0.775,-9.300,0.817,0.775
20110101_0957,-27.020,-63.210,586.000,XZ.NMA.00,31.800,87.230,153.893,1715.379,1758.549,1772.738,410.000,1.933,0.112,0.184,0.222,0.212,0.192,-5.000,-4.400,0.370,0.516,-4.400,0.648,0.648,-3.800,0.603,0.648,-3.400,0.578,0.648,-3.500,0.581,0.648,-3.700,0.595,0.648
20110101_0957,-27.020,-63.210,586.000,HI.LZH.00,20.581,110.176,171.168,1804.113,1869.347,1892.130,411.000,1.366,-0.005,-0.010,-0.022,-0.025,-0.017,3.900,4.100,0.691,0.751,-1.200,0.835,0.835,1.600,0.574,0.835,1.500,0.546,0.835,1.500,0.533,0.835,1.500,0.534,0.835
20110101_0957,-27.020,-63.210,586.000,GS.SGS.00,37.741,103.892,164.746,1772.225,1828.829,1848.135,412.000,1.179,0.024,0.030,0.027,0.025,0.025,-8.900,4.200,0.539,-0.973,-8.000,0.139,0.139,-0.600,0.088,0.139,-0.500,0.083,0.139,-0.300,0.084,0.139,-0.400,0.086,0.139
20110101_0957,-27.020,-63.210,586.000,YN.XHT.00,24.749,98.485,163.391,1765.328,1820.174,1838.796,413.000,2.451,0.078,0.209,0.200,0.205,0.208,0.300,-3.600,0.734,-0.769,-0.500,0.544,0.544,0.200,0.549,0.544,0.200,0.532,0.544,0.100,0.542,0.544,0.100,0.550,0.544
20110101_0957,-27.020,-63.210,586.000,GD.SHG.00,24.857,113.584,176.396,1829.139,1901.763,1927.588,414.000,1.959,-0.057,0.010,-0.033,-0.007,-0.027,-0.200,-2.900,0.588,-0.678,1.500,0.543,0.543,-6.200,0.502,0.543,-6.000,0.501,0.543,-6.000,0.506,0.543,-6.200,0.500,0.543
20110101_0957,-27.020,-63.210,586.000,LN.BXI.00,41.267,123.780,164.637,1771.674,1828.136,1847.387,415.000,2.265,-0.069,-0.080,-0.064,-0.065,-0.061,2.500,2.600,0.482,0.462,-0.100,0.328,0.328,-0.100,0.485,0.328,-0.100,0.512,0.328,-0.100,0.531,0.328,-0.100,0.530,0.328
20110101_0957,-27.020,-63.210,586.000,JX.DAY.00,25.391,114.364,177.282,1833.293,1907.204,1933.562,416.000,1.463,0.078,0.177,0.193,0.192,0.185,4.200,4.400,0.602,0.749,1.300,0.450,0.450,4.100,0.412,0.450,4.200,0.440,0.450,4.200,0.443,0.450,4.200,0.431,0.450
20110101_0957,-27.020,-63.210,586.000,YP.NE84.,46.248,119.682,160.636,1751.143,1802.474,1819.747,417.000,2.036,0.205,0.337,0.341,0.353,0.347,0.100,0.500,0.697,0.612,-7.100,0.381,0.381,-5.100,0.618,0.381,-5.100,0.627,0.381,-4.900,0.635,0.381,-5.000,0.633,0.381
20110101_0957,-27.020,-63.210,586.000,YP.NE5E.,44.061,130.557,159.670,1746.109,1796.230,1813.043,418.000,2.997,0.392,0.351,0.362,0.370,0.369,1.300,5.100,0.683,-0.428,0.500,0.774,0.774,0.800,0.752,0.774,0.800,0.760,0.774,0.800,0.767,0.774,0.700,0.770,0.774
20110101_0957,-27.020,-63.210,586.000,SC.JMG.00,32.205,105.560,168.954,1793.272,1855.475,1877.019,419.000,3.013,-0.057,-0.047,-0.036,-0.038,-0.039,0.400,1.200,0.567,0.460,-3.200,0.370,0.370,-1.800,0.572,0.370,-1.700,0.645,0.370,-1.700,0.643,0.370,-1.700,0.608,0.370
20110101_0957,-27.020,-63.210,586.000,FJ.XMSM.00,24.451,118.083,177.179,1832.814,1906.575,1932.871,420.000,7.020,0.278,0.365,0.373,0.379,0.378,-0.800,-0.700,0.903,0.918,0.400,0.710,0.710,0.000,0.792,0.710,-0.100,0.795,0.710,-0.200,0.799,0.710,-0.100,0.799,0.710
20110101_0957,-27.020,-63.210,586.000,JX.JIJ.00,29.647,116.010,177.284,1833.306,1907.221,1933.581,421.000,3.640,0.287,0.224,0.222,0.235,0.216,0.300,0.600,0.809,0.837,-6.300,0.468,0.468,-7.400,0.528,0.468,-7.300,0.520,0.468,-7.100,0.513,0.468,-7.300,0.517,0.468
20110101_0957,-27.020,-63.210,586.000,SC.SPA.00,32.650,103.603,167.264,1784.889,1844.819,1865.445,422.000,3.017,0.313,0.343,0.348,0.344,0.345,7.800,4.100,0.630,-0.660,8.300,0.661,0.661,8.900,0.581,0.661,9.000,0.464,0.661,9.000,0.471,0.661,8.900,0.532,0.661
20110101_0957,-27.020,-63.210,586.000,FJ.DSXP.00,23.708,117.426,176.639,1830.281,1903.257,1929.227,423.000,5.274,0.212,0.236,0.237,0.225,0.236,0.900,4.600,0.775,-0.124,5.500,0.607,0.607,5.300,0.586,0.607,5.200,0.577,0.607,5.200,0.567,0.607,5.200,0.572,0.607
20110101_0957,-27.020,-63.210,586.000,YN.DAY.00,25.727,101.316,166.086,1778.987,1837.350,1857.352,424.000,2.350,0.182,0.115,0.150,0.144,0.129,0.800,0.700,0.570,0.584,2.100,0.602,0.602,2.500,0.529,0.602,2.400,0.531,0.602,2.400,0.532,0.602,2.400,0.532,0.602
20110101_0957,-27.020,-63.210,586.000,SX.HSH.00,39.668,113.721,167.097,1784.053,1843.758,1864.295,425.000,4.597,0.269,0.237,0.237,0.242,0.247,-0.100,4.000,0.787,-0.332,8.500,0.687,0.687,8.200,0.657,0.687,8.200,0.652,0.687,8.200,0.643,0.687,8.200,0.647,0.687
20110101_0957,-27.020,-63.210,586.000,HL.YAS.00,45.338,128.404,159.473,1745.079,1794.955,1811.676,426.000,8.521,0.139,0.091,0.090,0.086,0.101,2.300,2.500,0.882,0.931,-6.400,0.616,0.616,2.100,0.740,0.616,2.100,0.732,0.616,2.100,0.722,0.616,2.000,0.730,0.616
20110101_0957,-27.020,-63.210,586.000,SH.NAH.00,31.048,121.756,174.079,1818.157,1887.465,1911.919,427.000,1.372,-0.003,0.012,0.020,0.025,0.020,5.600,2.200,0.665,-0.662,6.600,0.545,0.545,6.600,0.589,0.545,6.400,0.596,0.545,6.400,0.601,0.545,6.400,0.600,0.545
20110101_0957,-27.020,-63.210,586.000,SX.HMA.00,35.580,111.410,170.288,1799.823,1863.847,1886.134,428.000,5.274,-0.011,0.035,0.028,0.022,0.027,1.900,5.200,0.863,-0.830,2.700,0.590,0.590,2.900,0.657,0.590,2.800,0.640,0.590,2.800,0.626,0.590,2.800,0.643,0.590
20110101_0957,-27.020,-63.210,586.000,LN.FSH.00,41.883,123.917,164.032,1768.600,1824.276,1843.220,429.000,4.762,-0.049,-0.112,-0.113,-0.122,-0.118,0.600,4.000,0.718,-0.931,9.200,0.676,0.676,9.200,0.503,0.676,9.200,0.480,0.676,9.300,0.465,0.676,9.300,0.470,0.676
20110101_0957,-27.020,-63.210,586.000,YN.BAS.00,25.118,99.147,164.051,1768.696,1824.397,1843.350,430.000,1.884,0.159,0.149,0.136,0.143,0.149,6.000,5.400,0.378,0.465,4.100,0.411,0.411,4.600,0.425,0.411,4.600,0.437,0.411,4.700,0.433,0.411,4.700,0.426,0.411
20110101_0957,-27.020,-63.210,586.000,FJ.MXXF.00,26.354,117.189,179.245,1842.413,1919.204,1946.765,431.000,7.350,0.241,0.284,0.306,0.331,0.315,0.100,0.400,0.591,0.566,1.100,0.774,0.774,1.400,0.854,0.774,1.300,0.852,0.774,1.200,0.857,0.774,1.300,0.858,0.774
20110101_0957,-27.020,-63.210,586.000,XZ.NMU.00,29.430,90.150,156.455,1729.137,1775.332,1790.660,432.000,1.317,0.156,0.122,0.130,0.128,0.123,0.600,1.000,0.831,0.769,5.800,0.522,0.522,-3.900,0.447,0.522,6.100,0.420,0.522,6.100,0.422,0.522,-3.900,0.438,0.522
20110101_0957,-27.020,-63.210,586.000,SD.WUL.00,35.751,119.202,171.031,1803.447,1868.492,1891.198,433.000,3.454,0.110,-0.089,-0.103,-0.117,-0.112,0.000,4.000,0.728,-0.931,3.700,0.857,0.857,4.400,0.678,0.857,4.400,0.667,0.857,4.500,0.667,0.857,4.500,0.666,0.857
20110101_0957,-27.020,-63.210,586.000,GS.SDT.00,38.771,101.040,162.357,1760.031,1813.550,1831.658,434.000,0.377,0.024,0.038,0.040,0.042,0.039,-4.800,-4.500,0.207,0.951,2.100,0.661,0.661,-2.800,0.489,0.661,-2.900,0.437,0.661,-2.900,0.435,0.661,-2.900,0.458,0.661
20110101_0957,-27.020,-63.210,586.000,NM.JIN.00,40.997,113.152,165.705,1777.074,1834.936,1854.738,435.000,7.013,0.203,0.126,0.123,0.122,0.126,0.200,3.800,0.708,-0.784,-2.000,0.397,0.397,9.000,0.488,0.397,9.200,0.441,0.397,9.300,0.396,0.397,9.300,0.418,0.397
20110101_0957,-27.020,-63.210,586.000,HL.BAQ.00,46.330,132.149,157.187,1733.030,1780.106,1795.766,436.000,3.744,0.157,0.169,0.194,0.197,0.192,-1.500,-4.400,0.542,-0.446,-8.900,0.632,0.632,-8.400,0.657,0.632,-8.500,0.655,0.632,-8.600,0.659,0.632,-8.600,0.659,0.632
20110101_0957,-27.020,-63.210,586.000,XW.MKZA.,19.370,56.348,124.420,1541.817,1557.263,1561.876,437.000,0.896,0.055,0.146,0.131,0.139,0.146,-0.500,3.400,0.353,-0.549,11.900,0.566,0.566,10.400,0.530,0.566,9.900,0.514,0.566,10.100,0.515,0.566,10.400,0.527,0.566
20110101_0957,-27.020,-63.210,586.000,YN.RST.00,24.910,98.391,163.339,1765.065,1819.845,1838.442,438.000,0.354,-0.001,0.006,0.005,0.005,0.006,-10.000,-4.600,0.244,0.843,-8.500,0.367,0.367,-8.100,0.356,0.367,-8.000,0.315,0.367,-8.000,0.318,0.367,-8.000,0.339,0.367
20110101_0957,-27.020,-63.210,586.000,AH.FZL.00,31.349,116.270,175.648,1825.610,1897.156,1922.534,439.000,6.671,-0.009,0.023,0.012,0.013,0.014,-3.100,3.700,0.423,-0.609,-0.100,0.443,0.443,-0.400,0.732,0.443,-0.500,0.735,0.443,-0.400,0.730,0.443,-0.400,0.733,0.443
20110101_0957,-27.020,-63.210,586.000,SC.AXI.00,31.638,104.431,168.287,1789.974,1851.275,1872.455,440.000,1.307,0.202,0.198,0.205,0.202,0.201,3.000,2.800,0.498,0.405,9.400,0.506,0.506,4.100,0.490,0.506,4.100,0.491,0.506,4.100,0.492,0.506,4.100,0.492,0.506
20110101_0957,-27.020,-63.210,586.000,GZ.AST.00,26.152,106.055,170.364,1800.193,1864.322,1886.651,441.000,1.508,0.252,0.283,0.268,0.270,0.280,-0.500,3.100,0.720,-0.864,0.000,0.619,0.619,0.100,0.603,0.619,-6.100,0.601,0.619,-6.200,0.585,0.619,0.200,0.601,0.619
20110101_0957,-27.020,-63.210,586.000,SD.CHD.00,37.913,120.742,168.612,1791.581,1853.320,1874.676,442.000,5.309,0.110,-0.059,-0.063,-0.069,-0.072,8.600,-3.900,0.493,-0.797,5.100,0.350,0.350,-11.700,0.364,0.350,-11.600,0.363,0.350,-11.600,0.361,0.350,-11.600,0.360,0.350
20110101_0957,-27.020,-63.210,586.000,RM.SLV.,21.325,103.907,166.950,1783.320,1842.831,1863.289,443.000,3.650,0.184,0.129,0.142,0.140,0.134,1.700,-2.300,0.589,-0.567,2.700,0.598,0.598,-5.100,0.534,0.598,-5.200,0.539,0.598,-5.200,0.538,0.598,-5.100,0.536,0.598
20110101_0957,-27.020,-63.210,586.000,SN.PCHT.00,35.058,109.427,169.789,1797.377,1860.718,1882.725,444.000,2.306,-0.092,-0.168,-0.166,-0.159,-0.160,5.300,5.100,0.715,0.602,-1.500,0.582,0.582,-1.500,0.579,0.582,11.400,0.601,0.582,11.500,0.612,0.582,11.500,0.595,0.582
20110101_0957,-27.020,-63.210,586.000,SD.NLA.00,35.522,117.983,171.437,1805.422,1871.028,1893.964,445.000,4.579,0.278,0.267,0.263,0.265,0.263,-1.900,1.800,0.793,-0.855,-2.600,0.509,0.509,2.400,0.514,0.509,2.600,0.546,0.509,2.800,0.560,0.509,2.700,0.549,0.509
20110101_0957,-27.020,-63.210,586.000,JL.BCT.00,45.554,122.207,160.970,1752.874,1804.625,1822.059,446.000,1.839,-0.022,0.063,0.066,0.066,0.067,-1.200,-0.400,0.528,0.441,-8.000,0.805,0.805,-5.800,0.876,0.805,-5.700,0.876,0.805,-5.600,0.875,0.805,-5.600,0.876,0.805
20110101_0957,-27.020,-63.210,586.000,HL.LIH.00,44.331,128.500,160.295,1749.368,1800.270,1817.379,447.000,2.232,-0.037,0.029,0.023,0.015,0.014,-2.800,2.100,0.433,0.422,2.300,0.430,0.430,-11.100,0.427,0.430,-11.100,0.436,0.430,-11.100,0.441,0.430,-11.100,0.443,0.430
20110101_0957,-27.020,-63.210,586.000,HE.YUS.00,37.791,114.371,169.039,1793.689,1856.007,1877.598,448.000,4.303,0.155,0.209,0.228,0.243,0.244,0.600,0.800,0.831,0.838,-3.900,0.442,0.442,-5.800,0.547,0.442,6.500,0.559,0.442,6.500,0.563,0.442,6.400,0.570,0.442
20110101_0957,-27.020,-63.210,586.000,SC.BZH.00,31.841,106.744,170.017,1798.498,1862.151,1884.285,449.000,1.735,0.082,-0.080,-0.077,-0.067,-0.070,0.300,0.600,0.649,0.514,-7.600,0.487,0.487,0.100,0.403,0.487,0.100,0.410,0.487,0.200,0.410,0.487,0.100,0.416,0.487
20110101_0957,-27.020,-63.210,586.000,TM.SRDT.,14.395,99.121,159.247,1743.894,1793.489,1810.103,450.000,2.606,0.048,-0.058,-0.056,-0.054,-0.057,-0.700,-0.800,0.734,0.724,-5.800,0.610,0.610,-5.900,0.638,0.610,-5.800,0.660,0.610,-5.800,0.660,0.610,-5.800,0.650,0.610
20110101_0957,-27.020,-63.210,586.000,YP.NE93.,46.927,122.430,159.603,1745.759,1795.796,1812.578,451.000,1.355,0.243,0.253,0.249,0.244,0.246,-0.400,-3.500,0.772,-0.569,-5.800,0.561,0.561,-0.100,0.378,0.561,-1.500,0.381,0.561,-1.500,0.393,0.561,-1.600,0.387,0.561
20110101_0957,-27.020,-63.210,586.000,YP.NE72.,45.435,116.976,161.584,1756.051,1808.581,1826.312,452.000,0.348,0.020,0.031,0.036,0.039,0.036,-9.200,-4.400,0.171,0.861,4.900,0.212,0.212,6.000,0.172,0.212,6.400,0.163,0.212,6.700,0.157,0.212,6.500,0.162,0.212
20110101_0957,-27.020,-63.210,586.000,HL.MIH.00,45.626,131.810,157.888,1736.742,1784.668,1800.649,453.000,0.408,0.158,0.202,0.191,0.180,0.184,-8.500,2.400,0.456,-0.477,-1.500,0.647,0.647,-1.100,0.634,0.647,-1.200,0.630,0.647,-1.300,0.621,0.647,-1.300,0.627,0.647
20110101_0957,-27.020,-63.210,586.000,HL.YCH.00,47.634,128.565,157.419,1734.261,1781.618,1797.384,454.000,2.120,0.169,0.258,0.246,0.244,0.241,-0.200,0.200,0.884,0.812,6.100,0.549,0.549,5.400,0.586,0.549,-4.300,0.644,0.549,-4.300,0.648,0.549,-4.300,0.654,0.549
20110101_0957,-27.020,-63.210,586.000,XW.KRWN.,19.270,57.208,125.149,1546.447,1562.407,1567.180,455.000,1.931,-0.025,-0.034,-0.021,-0.025,-0.032,-3.500,-0.200,0.577,-0.484,3.500,0.465,0.465,8.000,0.492,0.465,7.800,0.490,0.465,7.900,0.489,0.465,8.000,0.489,0.465
20110101_0957,-27.020,-63.210,586.000,SC.AYU.00,30.052,105.337,169.497,1795.943,1858.885,1880.729,456.000,1.440,0.120,-0.262,-0.195,-0.207,-0.236,-1.400,1.800,0.698,-0.753,0.000,0.393,0.393,4.700,0.581,0.393,4.800,0.753,0.393,4.800,0.727,0.393,4.800,0.662,0.393
20110101_0957,-27.020,-63.210,586.000,KZ.ZRN.,52.951,69.004,136.321,1615.301,1640.262,1647.975,457.000,2.275,0.315,0.203,0.186,0.187,0.194,2.300,3.700,0.625,0.431,1.800,0.471,0.471,1.500,0.602,0.471,1.100,0.626,0.471,1.200,0.624,0.471,1.400,0.611,0.471
20110101_0957,-27.020,-63.210,586.000,YP.NE92.,46.786,121.514,159.886,1747.237,1797.628,1814.543,458.000,3.192,0.026,0.115,0.119,0.125,0.122,0.500,0.600,0.859,0.887,4.900,0.766,0.766,-4.000,0.685,0.766,-4.000,0.699,0.766,-4.100,0.695,0.766,-4.100,0.689,0.766
20110101_0957,-27.020,-63.210,586.000,SC.QCH.00,32.593,105.228,168.534,1791.195,1852.829,1874.143,459.000,2.656,0.294,0.093,0.078,0.073,0.078,-8.300,-4.600,0.478,-0.782,-0.100,0.596,0.596,-3.300,0.556,0.596,-3.000,0.626,0.596,-3.100,0.624,0.596,-3.200,0.591,0.596
20110101_0957,-27.020,-63.210,586.000,HA.LS.00,34.018,111.040,171.430,1805.389,1870.985,1893.917,460.000,4.752,0.045,0.078,0.060,0.050,0.062,-0.500,3.500,0.784,-0.805,-0.100,0.767,0.767,7.700,0.799,0.767,7.600,0.793,0.767,7.500,0.791,0.767,7.600,0.796,0.767
20110101_0957,-27.020,-63.210,586.000,NX.NSS.00,37.696,106.083,166.029,1778.702,1836.990,1856.962,461.000,3.525,-0.159,0.055,-0.077,-0.061,0.048,-5.500,-1.600,0.779,-0.701,-7.100,0.562,0.562,-4.700,0.813,0.562,-6.800,0.665,0.562,-6.600,0.676,0.562,-4.700,0.812,0.562
20110101_0957,-27.020,-63.210,586.000,GD.XIG.00,23.788,114.635,176.228,1828.347,1900.728,1926.452,462.000,4.952,0.262,0.262,0.299,0.295,0.291,-1.500,3.700,0.710,-0.498,-1.900,0.670,0.670,7.600,0.716,0.670,7.400,0.695,0.670,7.400,0.699,0.670,7.400,0.717,0.670
20110101_0957,-27.020,-63.210,586.000,JL.CBS.00,42.070,128.070,162.350,1759.993,1813.502,1831.607,463.000,1.534,-0.055,0.021,0.038,0.051,0.042,0.200,-3.100,0.858,-0.849,-10.500,0.579,0.579,-9.000,0.661,0.579,-8.900,0.678,0.579,-8.800,0.686,0.579,-8.900,0.679,0.579
20110101_0957,-27.020,-63.210,586.000,QH.XIH.00,35.507,99.809,163.222,1764.467,1819.096,1837.634,464.000,2.059,0.090,0.146,0.158,0.155,0.151,9.000,2.500,0.414,-0.635,-2.600,0.612,0.612,-1.600,0.714,0.612,-1.500,0.754,0.612,-1.500,0.754,0.612,-1.600,0.730,0.612
20110101_0957,-27.020,-63.210,586.000,GE.BKB.,-1.107,116.905,151.872,1704.386,1745.232,1758.553,465.000,1.595,0.539,0.521,0.524,0.540,0.538,0.500,-0.100,0.845,0.770,0.400,0.775,0.775,0.300,0.749,0.775,0.200,0.744,0.775,-0.300,0.736,0.775,-0.200,0.738,0.775
20110101_0957,-27.020,-63.210,586.000,KN.AAK.,42.633,74.494,142.419,1651.170,1681.920,1691.614,466.000,1.799,0.224,0.169,0.187,0.187,0.176,-4.500,-4.300,0.741,0.763,4.000,0.602,0.602,-3.600,0.563,0.602,-3.900,0.451,0.602,-3.800,0.478,0.602,-3.700,0.531,0.602
20110101_0957,-27.020,-63.210,586.000,CB.GOM.00,36.198,94.814,159.222,1743.765,1793.331,1809.933,467.000,2.774,0.118,0.103,0.119,0.117,0.110,1.600,-3.000,0.654,-0.412,3.300,0.687,0.687,5.800,0.512,0.687,6.300,0.515,0.687,6.300,0.515,0.687,6.100,0.511,0.687
20110101_0957,-27.020,-63.210,586.000,ZN.ESA2.,-9.740,150.816,130.603,1580.565,1600.668,1606.752,468.000,0.348,-0.018,0.004,0.001,-0.004,0.001,8.200,-4.200,0.779,-0.972,-9.400,0.285,0.285,-9.500,0.282,0.285,-9.800,0.274,0.285,-10.000,0.268,0.285,-9.800,0.276,0.285
20110101_0957,-27.020,-63.210,586.000,YN.LIJ.00,26.896,100.232,165.251,1774.784,1832.049,1851.616,469.000,2.477,0.099,0.004,0.002,0.003,0.003,-1.900,-4.900,0.407,-0.618,-10.600,0.715,0.715,-10.400,0.730,0.715,-10.300,0.731,0.715,-10.300,0.733,0.715,-10.400,0.731,0.715
20110101_0957,-27.020,-63.210,586.000,ZJ.ZHS.00,30.038,122.117,174.433,1819.843,1889.652,1914.313,470.000,4.844,0.240,0.298,0.308,0.303,0.301,-1.700,-4.800,0.558,-0.299,3.700,0.496,0.496,-8.800,0.443,0.496,-8.900,0.451,0.496,-8.900,0.447,0.496,-8.900,0.449,0.496
20110101_0957,-27.020,-63.210,586.000,YN.CUX.00,25.029,101.536,166.157,1779.348,1837.807,1857.845,471.000,3.371,-0.070,0.105,0.101,0.096,0.102,-0.300,-4.100,0.330,-0.845,-7.600,0.697,0.697,-8.800,0.675,0.697,-8.500,0.702,0.697,-8.500,0.705,0.697,-8.700,0.685,0.697
20110101_0957,-27.020,-63.210,586.000,YP.NE9B.,46.946,129.795,157.598,1735.209,1782.783,1798.631,472.000,2.893,0.215,0.271,0.244,0.230,0.235,-0.300,3.900,0.709,-0.290,-0.600,0.833,0.833,0.200,0.798,0.833,0.200,0.787,0.833,0.300,0.782,0.833,0.200,0.782,0.833
20110101_0957,-27.020,-63.210,586.000,NM.LCH.00,40.541,112.511,166.024,1778.677,1836.959,1856.928,473.000,2.644,0.097,0.224,0.209,0.191,0.204,-1.700,-5.500,0.536,-0.742,-11.800,0.439,0.439,-1.900,0.399,0.439,-1.900,0.382,0.439,-1.800,0.366,0.439,-1.800,0.377,0.439
20110101_0957,-27.020,-63.210,586.000,GE.SANI.,-2.050,125.988,149.608,1691.900,1730.215,1742.601,474.000,4.453,0.650,0.539,0.547,0.581,0.584,0.500,1.900,0.918,0.757,1.500,0.912,0.912,2.000,0.958,0.912,2.000,0.956,0.912,1.700,0.943,0.912,1.700,0.944,0.912
20110101_0957,-27.020,-63.210,586.000,GX.PGX.00,23.328,107.578,170.886,1802.740,1867.585,1890.208,475.000,3.303,0.010,-0.002,-0.006,-0.004,-0.001,-1.700,-1.300,0.861,0.798,-2.300,0.727,0.727,0.200,0.493,0.727,-7.200,0.509,0.727,-7.200,0.506,0.727,-7.200,0.492,0.727
20110101_0957,-27.020,-63.210,586.000,KR.TOKL.,41.983,72.868,141.340,1644.911,1674.593,1683.917,476.000,4.722,0.291,0.518,0.534,0.533,0.524,-7.300,4.000,0.861,-0.113,9.000,0.236,0.236,-9.300,0.191,0.236,-10.100,0.280,0.236,-9.900,0.262,0.236,-9.600,0.219,0.236
20110101_0957,-27.020,-63.210,586.000,AH.BAS.00,31.473,117.376,175.518,1824.997,1896.357,1921.658,477.000,2.131,-0.010,-0.000,-0.015,-0.035,-0.020,-2.800,-2.700,0.843,0.783,-0.600,0.588,0.588,-5.000,0.644,0.588,-4.900,0.669,0.588,-4.800,0.683,0.588,-4.800,0.676,0.588
20110101_0957,-27.020,-63.210,586.000,IU.WAKE.10,19.283,166.652,133.795,1600.090,1622.834,1629.795,478.000,1.482,0.292,0.309,0.331,0.326,0.310,2.200,2.000,0.689,0.674,1.600,0.535,0.535,1.100,0.511,0.535,0.500,0.508,0.535,0.800,0.523,0.535,1.100,0.513,0.535
20110101_0957,-27.020,-63.210,586.000,XJ.HBH.00,48.231,86.552,148.377,1685.041,1722.011,1733.908,479.000,1.791,0.002,-0.014,0.018,0.032,-0.002,-3.000,3.500,0.697,0.389,7.300,0.493,0.493,8.800,0.662,0.493,9.000,0.677,0.493,9.100,0.677,0.493,8.900,0.672,0.493
20110101_0957,-27.020,-63.210,586.000,AH.BEB.00,32.905,117.297,174.098,1818.246,1887.580,1912.046,480.000,4.481,-0.015,-0.070,-0.076,-0.087,-0.074,-4.700,-1.600,0.642,-0.768,-6.500,0.422,0.422,-5.100,0.439,0.422,-5.000,0.443,0.422,-5.000,0.443,0.422,-4.900,0.438,0.422
20110101_0957,-27.020,-63.210,586.000,JS.LYG.00,34.641,119.243,172.094,1808.609,1875.126,1898.436,481.000,5.766,0.133,0.103,0.102,0.100,0.102,-3.700,-3.300,0.864,0.862,-0.500,0.388,0.388,6.400,0.503,0.388,6.300,0.531,0.388,6.300,0.556,0.388,6.300,0.535,0.388
20110101_0957,-27.020,-63.210,586.000,YN.TUS.00,25.609,100.254,165.121,1774.126,1831.221,1850.721,482.000,2.529,0.213,0.140,0.142,0.140,0.139,7.900,1.400,0.267,0.284,-0.400,0.485,0.485,-7.200,0.486,0.485,-7.000,0.508,0.485,-7.000,0.506,0.485,-7.100,0.495,0.485
20110101_0957,-27.020,-63.210,586.000,ZN.JONE.,-10.095,150.102,130.792,1581.730,1601.984,1608.118,483.000,1.817,0.413,0.408,0.409,0.404,0.407,-0.300,-0.900,0.811,0.713,-1.300,0.821,0.821,-1.400,0.840,0.821,-1.500,0.836,0.821,-1.700,0.832,0.821,-1.600,0.834,0.821
20110101_0957,-27.020,-63.210,586.000,CQ.CQT.00,29.422,106.573,170.686,1801.767,1866.338,1888.849,484.000,0.757,0.054,-0.006,-0.023,-0.023,-0.016,4.700,4.600,0.590,0.306,6.200,0.491,0.491,6.700,0.382,0.491,10.100,0.330,0.491,10.100,0.311,0.491,6.600,0.358,0.491
20110101_0957,-27.020,-63.210,586.000,NX.SZS.00,39.283,106.660,165.113,1774.083,1831.167,1850.662,485.000,2.046,0.205,0.230,0.227,0.229,0.232,-3.200,-3.100,0.518,0.475,-11.600,0.494,0.494,-11.500,0.527,0.494,-11.500,0.524,0.494,-11.400,0.522,0.494,-11.500,0.527,0.494
20110101_0957,-27.020,-63.210,586.000,QH.ZAD.00,32.894,95.317,160.532,1750.601,1801.801,1819.024,486.000,2.795,-0.094,0.132,0.129,0.126,0.128,-6.500,-2.900,0.208,-0.377,7.300,0.288,0.288,2.500,0.528,0.288,2.800,0.566,0.288,2.800,0.556,0.288,2.600,0.535,0.288
20110101_0957,-27.020,-63.210,586.000,JX.FEC.00,27.933,115.728,178.688,1839.838,1915.810,1943.028,487.000,8.480,0.408,0.553,0.538,0.544,0.551,1.100,1.700,0.900,0.926,-1.300,0.705,0.705,-1.100,0.791,0.705,-1.200,0.796,0.705,-1.300,0.797,0.705,-1.100,0.794,0.705
20110101_0957,-27.020,-63.210,586.000,SC.WCA.00,32.177,106.197,169.452,1795.722,1858.602,1880.421,488.000,2.225,0.167,0.034,0.068,0.067,0.039,-4.000,-3.800,0.747,0.639,-9.300,0.695,0.695,-7.500,0.505,0.695,-6.700,0.575,0.695,-6.700,0.584,0.695,-7.100,0.538,0.695
20110101_0957,-27.020,-63.210,586.000,NM.XLT.00,43.900,116.079,163.110,1763.894,1818.378,1836.860,489.000,5.036,0.272,0.212,0.194,0.193,0.189,1.800,2.100,0.735,0.657,1.000,0.751,0.751,1.500,0.765,0.751,1.700,0.773,0.751,1.700,0.778,0.751,1.700,0.776,0.751
20110101_0957,-27.020,-63.210,586.000,YN.HLT.00,25.148,102.747,167.257,1784.851,1844.769,1865.392,490.000,2.269,0.114,0.116,0.146,0.131,0.125,8.000,4.300,0.574,-0.792,1.900,0.666,0.666,9.200,0.497,0.666,9.300,0.419,0.666,9.300,0.443,0.666,9.200,0.482,0.666
20110101_0957,-27.020,-63.210,586.000,YP.NE85.,46.176,120.636,160.603,1750.967,1802.255,1819.512,491.000,3.487,0.187,0.246,0.249,0.249,0.249,0.900,0.900,0.739,0.729,-5.900,0.565,0.565,-3.300,0.780,0.565,-3.100,0.796,0.565,-2.900,0.821,0.565,-3.000,0.809,0.565
20110101_0957,-27.020,-63.210,586.000,JL.LYT.00,42.948,125.149,162.685,1761.714,1815.652,1833.922,492.000,6.352,0.113,0.133,0.141,0.145,0.139,5.800,5.200,0.739,0.703,14.200,0.317,0.317,-1.100,0.450,0.317,-1.100,0.503,0.317,-1.300,0.529,0.317,-1.300,0.526,0.317
20110101_0957,-27.020,-63.210,586.000,NM.HHC.00,40.867,111.558,165.497,1776.022,1833.609,1853.303,493.000,6.100,0.128,0.042,0.036,0.035,0.038,8.000,4.300,0.542,-0.613,11.400,0.432,0.432,9.500,0.577,0.432,9.700,0.570,0.432,9.800,0.553,0.432,9.700,0.562,0.432
20110101_0957,-27.020,-63.210,586.000,HB.YNX.00,30.023,115.112,176.655,1830.358,1903.358,1929.338,494.000,3.590,0.201,0.119,0.122,0.120,0.116,-4.900,-4.700,0.698,0.755,-4.100,0.589,0.589,1.500,0.483,0.589,1.900,0.485,0.589,2.100,0.499,0.589,1.800,0.486,0.589
20110101_0957,-27.020,-63.210,586.000,GS.LXA.00,35.627,103.263,165.615,1776.621,1834.364,1854.120,495.000,1.562,0.001,0.049,0.043,0.051,0.050,6.300,2.400,0.528,-0.736,-2.900,0.618,0.618,-2.300,0.802,0.618,-2.300,0.815,0.618,-2.200,0.822,0.618,-2.300,0.812,0.618
20110101_0957,-27.020,-63.210,586.000,BJ.LBP.00,40.571,116.205,166.440,1780.766,1839.599,1859.787,496.000,2.834,0.165,0.101,0.100,0.094,0.094,-3.300,-5.800,0.443,-0.643,-0.100,0.394,0.394,4.000,0.342,0.394,3.900,0.343,0.394,3.800,0.346,0.394,3.900,0.348,0.394
20110101_0957,-27.020,-63.210,586.000,SN.SHAZ.00,33.512,109.874,171.183,1804.187,1869.441,1892.233,497.000,5.670,0.327,0.259,0.261,0.258,0.258,0.700,4.200,0.770,-0.810,2.600,0.468,0.468,2.500,0.695,0.468,2.500,0.619,0.468,2.500,0.588,0.468,2.500,0.650,0.468
20110101_0957,-27.020,-63.210,586.000,BU.XUH.00,40.478,115.043,166.464,1780.888,1839.753,1859.954,498.000,1.526,0.195,0.194,0.191,0.175,0.184,3.900,4.000,0.847,0.686,5.500,0.487,0.487,-0.300,0.455,0.487,-0.100,0.462,0.487,0.200,0.477,0.487,0.000,0.481,0.487
20110101_0957,-27.020,-63.210,586.000,XJ.RGN.00,43.865,87.561,151.082,1700.049,1740.003,1752.993,499.000,1.514,0.103,0.029,0.047,0.042,0.037,2.000,5.300,0.642,-0.611,0.800,0.241,0.241,2.200,0.322,0.241,1.900,0.323,0.241,1.800,0.330,0.241,2.000,0.330,0.241
20110101_0957,-27.020,-63.210,586.000,GE.PMBI.,-2.902,104.699,147.883,1682.277,1718.714,1730.418,500.000,2.990,0.412,0.382,0.390,0.404,0.392,2.800,3.400,0.655,0.724,1.800,0.515,0.515,1.700,0.510,0.515,1.700,0.513,0.515,1.400,0.515,0.515,1.600,0.513,0.515
20110101_0957,-27.020,-63.210,586.000,NM.CHR.00,47.973,121.177,158.768,1741.382,1790.387,1806.777,501.000,5.317,0.224,0.215,0.213,0.212,0.213,-5.800,-2.400,0.776,-0.906,-3.300,0.642,0.642,-1.200,0.571,0.642,-1.200,0.577,0.642,-1.100,0.581,0.642,-1.100,0.575,0.642
20110101_0957,-27.020,-63.210,586.000,YN.MAL.00,25.427,103.575,168.045,1788.771,1849.746,1870.793,502.000,3.225,0.158,0.084,0.064,0.065,0.079,6.700,-2.800,0.582,-0.771,-5.300,0.362,0.362,5.400,0.444,0.362,5.500,0.447,0.362,5.500,0.445,0.362,5.500,0.444,0.362
20110101_0957,-27.020,-63.210,586.000,AU.FITZ.,-18.098,125.640,134.072,1601.770,1624.752,1631.794,503.000,0.000,,,,,,-16.000,-8.000,0.000,0.000,-16.000,0.000,0.000,-16.000,0.000,0.000,-16.000,0.000,0.000,-16.000,0.000,0.000,-16.000,0.000,0.000
20110101_0957,-27.020,-63.210,586.000,YP.NE58.,44.355,125.340,161.352,1754.850,1807.085,1824.703,504.000,2.601,0.097,0.024,0.019,0.020,0.021,1.000,0.900,0.545,0.471,9.200,0.565,0.565,8.100,0.288,0.565,7.800,0.348,0.565,7.600,0.377,0.565,7.700,0.370,0.565
20110101_0957,-27.020,-63.210,586.000,XJ.SHZ.00,44.214,85.863,149.829,1693.129,1731.688,1744.164,505.000,0.985,0.040,-0.068,-0.071,-0.070,-0.071,-0.900,-0.600,0.534,0.572,2.300,0.584,0.584,4.000,0.601,0.584,4.100,0.607,0.584,4.100,0.614,0.584,4.100,0.613,0.584
20110101_0957,-27.020,-63.210,586.000,XJ.HTB.00,44.067,86.584,150.360,1696.068,1735.216,1747.908,506.000,1.297,0.215,0.104,0.078,0.076,0.093,-1.300,-1.300,0.897,0.917,1.900,0.551,0.551,3.500,0.637,0.551,3.600,0.683,0.551,3.600,0.694,0.551,3.500,0.671,0.551
20110101_0957,-27.020,-63.210,586.000,GD.HUJ.00,24.035,112.302,174.970,1822.397,1892.971,1917.948,507.000,1.570,0.196,0.012,0.008,0.009,0.011,-4.300,-2.900,0.592,0.385,-4.700,0.732,0.732,-5.600,0.574,0.732,-5.500,0.580,0.732,-5.500,0.580,0.732,-5.500,0.578,0.732
20110101_0957,-27.020,-63.210,586.000,YP.NEP1.,43.118,128.940,161.124,1753.674,1805.621,1823.129,508.000,3.520,0.077,0.095,0.103,0.114,0.116,1.200,1.500,0.921,0.911,-6.700,0.738,0.738,1.400,0.554,0.738,1.300,0.596,0.738,1.200,0.614,0.738,1.200,0.608,0.738
20110101_0957,-27.020,-63.210,586.000,YN.JIP.00,22.782,103.223,166.995,1783.543,1843.112,1863.594,509.000,3.931,0.243,0.023,0.017,0.015,0.014,8.800,-1.200,0.559,-0.536,3.500,0.645,0.645,-5.300,0.440,0.645,-5.300,0.446,0.645,-5.300,0.444,0.645,-5.300,0.443,0.645
20110101_0957,-27.020,-63.210,586.000,JX.LEA.00,27.410,115.848,179.075,1841.632,1918.174,1945.630,510.000,1.665,0.127,0.137,0.176,0.177,0.151,0.900,2.100,0.916,0.542,1.000,0.637,0.637,0.900,0.655,0.637,0.400,0.686,0.637,0.500,0.689,0.637,0.800,0.672,0.637
20110101_0957,-27.020,-63.210,586.000,HB.XFA.00,32.002,112.042,173.529,1815.520,1884.049,1908.184,511.000,4.151,0.201,0.276,0.269,0.251,0.248,-7.800,-3.600,0.563,-0.751,-2.100,0.594,0.594,-1.900,0.629,0.594,-1.900,0.634,0.594,-2.000,0.632,0.594,-2.000,0.628,0.594
20110101_0957,-27.020,-63.210,586.000,YP.NE46.,43.388,121.495,163.194,1764.321,1818.913,1837.437,512.000,4.059,0.121,0.079,0.084,0.089,0.091,-9.100,-5.300,0.610,-0.807,-10.100,0.759,0.759,-8.100,0.760,0.759,-8.000,0.760,0.759,-7.900,0.761,0.759,-7.900,0.762,0.759
20110101_0957,-27.020,-63.210,586.000,1G.NOP06.,39.471,109.818,166.263,1779.879,1838.477,1858.571,513.000,3.849,-0.032,0.221,0.214,0.201,0.214,4.000,4.100,0.728,0.818,5.100,0.439,0.439,4.100,0.451,0.439,4.100,0.423,0.439,4.100,0.401,0.439,4.100,0.425,0.439
20110101_0957,-27.020,-63.210,586.000,JL.CN2.00,43.800,125.450,161.822,1757.276,1810.109,1827.955,514.000,1.370,0.069,0.053,0.061,0.065,0.057,-0.500,0.200,0.730,0.723,-0.100,0.802,0.802,-8.300,0.807,0.802,-8.400,0.807,0.802,-8.400,0.806,0.802,-8.400,0.804,0.802
20110101_0957,-27.020,-63.210,586.000,JS.ZJ.00,32.148,119.447,174.376,1819.571,1889.299,1913.927,515.000,4.034,-0.061,0.041,0.042,0.047,0.040,-3.900,-3.900,0.541,0.612,-9.900,0.683,0.683,-8.400,0.614,0.683,-8.300,0.604,0.683,-8.300,0.597,0.683,-8.300,0.601,0.683
20110101_0957,-27.020,-63.210,586.000,NX.TLE.00,38.807,106.697,165.505,1776.063,1833.661,1853.359,516.000,2.307,0.123,0.005,0.012,0.019,0.008,5.200,5.000,0.468,0.456,-9.400,0.443,0.443,-9.300,0.425,0.443,-9.100,0.440,0.443,-9.100,0.446,0.443,-9.200,0.435,0.443
20110101_0957,-27.020,-63.210,586.000,HB.SSH.00,29.646,112.690,175.537,1825.087,1896.474,1921.787,517.000,1.152,0.178,0.135,0.118,0.109,0.123,-5.500,-5.300,0.532,0.308,-9.000,0.355,0.355,-7.900,0.617,0.355,-7.600,0.654,0.355,-7.600,0.658,0.355,-7.700,0.635,0.355
20110101_0957,-27.020,-63.210,586.000,XJ.HYS.00,42.975,89.441,152.701,1708.910,1750.703,1764.375,518.000,0.730,0.052,-0.064,-0.099,-0.100,-0.081,4.700,-4.300,0.456,-0.468,-9.400,0.538,0.538,-8.900,0.601,0.538,-8.900,0.592,0.538,-8.900,0.592,0.538,-8.900,0.600,0.538
20110101_0957,-27.020,-63.210,586.000,SN.SHNA.00,33.518,110.865,171.733,1806.860,1872.876,1895.980,519.000,3.827,-0.157,-0.128,-0.139,-0.145,-0.143,-1.800,-1.600,0.659,0.728,-1.100,0.688,0.688,-1.200,0.735,0.688,-1.300,0.757,0.688,-1.300,0.768,0.688,-1.300,0.750,0.688
20110101_0957,-27.020,-63.210,586.000,NM.HLG.00,40.376,111.844,166.031,1778.712,1837.003,1856.975,520.000,6.373,0.163,0.369,0.369,0.365,0.371,0.900,-4.100,0.773,-0.886,2.800,0.546,0.546,0.800,0.756,0.546,0.800,0.740,0.546,0.800,0.720,0.546,0.800,0.735,0.546
20110101_0957,-27.020,-63.210,586.000,KN.KZA.,42.078,75.250,143.069,1654.925,1686.326,1696.248,521.000,1.354,0.094,0.093,0.110,0.106,0.098,-10.000,-2.200,0.584,-0.584,3.100,0.627,0.627,3.400,0.382,0.627,3.800,0.371,0.627,3.800,0.358,0.627,3.500,0.375,0.627
20110101_0957,-27.020,-63.210,586.000,AU.GIRL.,-22.643,114.234,130.276,1578.540,1598.381,1604.380,522.000,1.554,0.292,0.294,0.300,0.296,0.290,0.600,3.900,0.559,-0.311,-1.100,0.438,0.438,-1.000,0.430,0.438,-0.900,0.427,0.438,-1.100,0.440,0.438,-1.200,0.440,0.438
20110101_0957,-27.020,-63.210,586.000,XJ.ATS.00,39.804,75.844,143.878,1659.573,1691.796,1702.004,523.000,1.433,0.150,0.295,0.300,0.300,0.297,-8.700,4.800,0.499,-0.585,8.200,0.433,0.433,10.300,0.344,0.433,10.700,0.308,0.433,10.600,0.315,0.433,10.500,0.331,0.433
20110101_0957,-27.020,-63.210,586.000,XJ.BCH.00,39.793,78.783,146.108,1672.276,1706.821,1717.847,524.000,1.808,0.189,0.120,0.108,0.108,0.117,-5.300,-4.900,0.425,0.278,8.800,0.503,0.503,10.700,0.487,0.503,10.800,0.449,0.503,10.800,0.454,0.503,10.700,0.474,0.503
20110101_0957,-27.020,-63.210,586.000,LN.WFD.00,39.630,121.987,166.670,1781.919,1841.057,1861.366,525.000,3.304,0.070,-0.071,-0.078,-0.080,-0.083,0.100,-2.800,0.850,-0.680,-8.900,0.492,0.492,-1.800,0.589,0.492,-1.700,0.570,0.492,-1.700,0.555,0.492,-1.700,0.559,0.492
20110101_0957,-27.020,-63.210,586.000,YP.NE95.,46.893,124.206,159.286,1744.097,1793.741,1810.373,526.000,2.979,0.206,0.265,0.264,0.262,0.264,6.500,3.500,0.468,-0.686,11.500,0.504,0.504,-1.300,0.566,0.504,-1.400,0.575,0.504,-1.400,0.579,0.504,-1.400,0.572,0.504
20110101_0957,-27.020,-63.210,586.000,YP.NEAB.,47.603,131.668,156.352,1728.588,1774.659,1789.941,527.000,2.633,0.267,0.245,0.256,0.261,0.266,0.600,-0.300,0.771,0.649,-8.600,0.520,0.520,2.400,0.582,0.520,2.600,0.562,0.520,-8.300,0.591,0.520,-8.300,0.581,0.520
20110101_0957,-27.020,-63.210,586.000,XW.HBAB.,19.443,56.722,124.777,1544.086,1559.782,1564.473,528.000,1.568,0.156,-0.061,-0.042,-0.050,-0.060,-2.800,4.500,0.740,0.773,3.500,0.512,0.512,1.400,0.667,0.512,1.300,0.663,0.512,1.300,0.659,0.512,1.400,0.666,0.512
20110101_0957,-27.020,-63.210,586.000,GZ.YPT.00,27.212,108.813,172.899,1812.493,1880.135,1903.906,529.000,1.120,-0.138,0.152,0.171,0.168,0.167,-7.900,-4.000,0.480,-0.212,-7.100,0.585,0.585,1.700,0.642,0.585,1.700,0.653,0.585,1.700,0.649,0.585,1.700,0.647,0.585
20110101_0957,-27.020,-63.210,586.000,YN.EYA.00,26.109,99.948,164.919,1773.103,1829.934,1849.329,530.000,1.752,0.115,0.162,0.162,0.163,0.164,10.300,-5.300,0.391,-0.249,-11.200,0.549,0.549,-11.000,0.548,0.549,-10.900,0.537,0.549,-10.900,0.539,0.549,-10.900,0.545,0.549
20110101_0957,-27.020,-63.210,586.000,YP.NE42.,43.403,116.958,163.617,1766.481,1821.619,1840.354,531.000,0.348,-0.005,0.002,0.003,0.004,0.004,-10.100,-4.600,0.190,0.786,-7.800,0.061,0.061,3.100,0.016,0.061,3.200,0.019,0.061,3.400,0.029,0.061,3.300,0.024,0.061
20110101_0957,-27.020,-63.210,586.000,AH.TOL.00,30.925,117.819,175.993,1827.241,1899.284,1924.868,532.000,4.692,0.103,-0.007,-0.006,-0.018,0.000,-3.700,-3.400,0.784,0.815,-0.200,0.881,0.881,1.100,0.716,0.881,1.300,0.694,0.881,1.400,0.687,0.881,1.400,0.687,0.881
20110101_0957,-27.020,-63.210,586.000,6F.BL03.,-19.741,136.146,129.617,1574.464,1593.785,1599.615,533.000,8.089,0.747,0.738,0.737,0.755,0.749,0.300,0.900,0.899,0.873,0.500,0.853,0.853,0.900,0.859,0.853,0.900,0.860,0.853,0.700,0.867,0.853,0.700,0.867,0.853
20110101_0957,-27.020,-63.210,586.000,KN.TKM2.,42.921,75.597,143.156,1655.426,1686.915,1696.867,534.000,2.346,0.037,0.056,0.066,0.062,0.060,-5.400,-2.600,0.773,-0.540,2.800,0.603,0.603,2.700,0.457,0.603,3.100,0.430,0.603,3.000,0.426,0.603,2.800,0.442,0.603
20110101_0957,-27.020,-63.210,586.000,SD.WED.00,37.178,121.923,168.955,1793.278,1855.483,1877.028,535.000,3.301,-0.010,0.031,0.026,0.023,0.027,8.000,-2.100,0.436,-0.517,-6.100,0.568,0.568,-5.700,0.576,0.568,-5.700,0.578,0.568,-5.700,0.576,0.568,-5.700,0.579,0.568
20110101_0957,-27.020,-63.210,586.000,IU.DAV.10,7.070,125.579,158.374,1739.305,1787.826,1804.031,536.000,1.569,0.239,0.230,0.239,0.252,0.250,-6.200,-2.700,0.665,-0.110,-6.700,0.478,0.478,-6.500,0.484,0.478,-6.600,0.483,0.478,-7.000,0.485,0.478,-7.000,0.490,0.478
20110101_0957,-27.020,-63.210,586.000,LN.TIL.00,42.267,123.900,163.685,1766.832,1822.058,1840.828,537.000,3.080,-0.018,-0.108,-0.109,-0.111,-0.110,0.900,1.200,0.929,0.888,2.100,0.488,0.488,9.600,0.322,0.488,-3.400,0.321,0.488,-3.500,0.342,0.488,-3.500,0.337,0.488
20110101_0957,-27.020,-63.210,586.000,GX.DXS.00,21.672,107.497,169.991,1798.368,1861.984,1884.104,538.000,2.506,0.007,0.129,0.132,0.134,0.132,3.200,2.700,0.665,0.548,-10.300,0.501,0.501,-6.200,0.539,0.501,-6.200,0.520,0.501,-6.300,0.508,0.501,-6.200,0.522,0.501
20110101_0957,-27.020,-63.210,586.000,YP.NE96.,46.879,125.052,159.101,1743.129,1792.545,1809.090,539.000,1.518,0.080,0.101,0.104,0.105,0.105,-0.100,-0.500,0.794,0.743,4.100,0.561,0.561,-8.500,0.352,0.561,-8.500,0.366,0.561,-0.600,0.376,0.561,-8.500,0.366,0.561
20110101_0957,-27.020,-63.210,586.000,AU.XMI.,-10.450,105.688,141.012,1643.002,1672.364,1681.577,540.000,3.268,0.367,0.379,0.382,0.419,0.403,3.200,3.400,0.798,0.820,2.200,0.738,0.738,2.000,0.764,0.738,1.900,0.768,0.738,1.400,0.795,0.738,1.700,0.779,0.738
20110101_0957,-27.020,-63.210,586.000,BU.SFS.00,39.661,115.814,167.333,1785.231,1845.251,1865.915,541.000,4.317,0.042,0.137,0.136,0.146,0.152,0.300,0.200,0.844,0.867,9.100,0.545,0.545,9.200,0.594,0.545,9.100,0.573,0.545,9.200,0.548,0.545,9.200,0.556,0.545
20110101_0957,-27.020,-63.210,586.000,YP.NEA3.,47.562,121.292,159.157,1743.422,1792.907,1809.478,542.000,3.496,0.188,0.226,0.229,0.232,0.230,-6.000,-2.400,0.673,-0.732,-3.900,0.542,0.542,-10.300,0.370,0.542,-10.200,0.355,0.542,-10.100,0.334,0.542,-10.100,0.344,0.542
20110101_0957,-27.020,-63.210,586.000,XW.BSRN.,18.966,55.972,123.948,1538.806,1553.924,1558.435,543.000,0.771,0.023,-0.060,-0.040,-0.033,-0.058,-0.900,-1.200,0.641,0.847,2.400,0.715,0.715,1.200,0.761,0.715,0.100,0.617,0.715,0.000,0.682,0.715,1.100,0.762,0.715
20110101_0957,-27.020,-63.210,586.000,GD.GZH.00,23.653,113.652,175.598,1825.375,1896.850,1922.199,544.000,0.536,0.048,0.012,0.024,0.024,0.025,-0.900,-1.200,0.472,0.564,-6.000,0.571,0.571,-6.000,0.662,0.571,-6.000,0.661,0.571,-6.000,0.661,0.571,-6.000,0.659,0.571
20110101_0957,-27.020,-63.210,586.000,JX.JIA.00,27.063,115.044,178.445,1838.709,1914.323,1941.391,545.000,5.429,0.051,0.121,0.136,0.128,0.123,-6.000,-2.600,0.545,0.131,-9.800,0.835,0.835,-9.400,0.853,0.835,-9.500,0.859,0.835,-9.500,0.856,0.835,-9.400,0.852,0.835
20110101_0957,-27.020,-63.210,586.000,HL.JMS.00,46.732,130.324,157.584,1735.135,1782.692,1798.533,546.000,3.305,0.189,0.230,0.247,0.269,0.261,1.600,1.500,0.753,0.728,2.200,0.654,0.654,2.800,0.604,0.654,2.900,0.581,0.654,2.900,0.560,0.654,2.800,0.560,0.654
20110101_0957,-27.020,-63.210,586.000,JS.XY.00,33.001,118.492,173.840,1817.013,1885.982,1910.298,547.000,4.708,0.035,0.048,0.052,0.069,0.059,-9.200,-4.900,0.527,-0.779,-2.900,0.704,0.704,-1.800,0.726,0.704,-1.800,0.716,0.704,-1.600,0.712,0.704,-1.700,0.717,0.704
20110101_0957,-27.020,-63.210,586.000,SH.HUH.00,30.448,119.798,175.676,1825.742,1897.328,1922.723,548.000,4.006,0.251,0.343,0.338,0.336,0.332,-1.200,2.300,0.569,-0.352,-0.700,0.869,0.869,-0.800,0.938,0.869,-0.800,0.923,0.869,-0.800,0.911,0.869,-0.800,0.912,0.869
20110101_0957,-27.020,-63.210,586.000,LN.SNY.00,41.828,123.578,164.183,1769.365,1825.236,1844.256,549.000,4.647,0.043,-0.032,-0.026,-0.030,-0.027,0.200,-2.900,0.719,-0.721,2.000,0.586,0.586,2.400,0.405,0.586,2.500,0.402,0.586,2.600,0.404,0.586,2.600,0.404,0.586
20110101_0957,-27.020,-63.210,586.000,YP.NE74.,45.514,118.806,161.437,1755.289,1807.632,1825.291,550.000,3.621,0.170,0.148,0.162,0.177,0.169,1.600,1.900,0.910,0.887,-5.100,0.741,0.741,-3.700,0.774,0.741,-3.500,0.755,0.741,-3.300,0.736,0.741,-3.400,0.744,0.741
20110101_0957,-27.020,-63.210,586.000,YP.NE7A.,45.486,125.970,160.138,1748.551,1799.257,1816.292,551.000,2.358,0.140,0.146,0.151,0.146,0.144,5.300,0.100,0.549,0.463,5.200,0.450,0.450,4.700,0.527,0.450,4.600,0.533,0.450,4.600,0.532,0.450,4.600,0.532,0.450
20110101_0957,-27.020,-63.210,586.000,YP.NE54.,44.062,118.984,162.867,1762.646,1816.818,1835.179,552.000,2.628,0.158,0.159,0.163,0.161,0.161,0.700,0.700,0.861,0.860,0.600,0.669,0.669,1.900,0.605,0.669,2.100,0.582,0.669,2.200,0.557,0.669,2.200,0.568,0.669
20110101_0957,-27.020,-63.210,586.000,GD.PUN.00,23.288,116.136,176.222,1828.319,1900.692,1926.412,553.000,8.444,0.281,0.250,0.263,0.277,0.272,-0.900,-0.800,0.827,0.820,0.000,0.885,0.885,-0.300,0.777,0.885,-0.500,0.772,0.885,-0.900,0.786,0.885,-0.800,0.786,0.885
20110101_0957,-27.020,-63.210,586.000,QH.HTG.00,37.864,90.715,155.583,1724.473,1769.628,1784.564,554.000,2.055,0.113,0.161,0.181,0.181,0.168,-4.400,2.500,0.796,0.761,1.200,0.481,0.481,2.500,0.317,0.481,2.600,0.293,0.481,2.600,0.294,0.481,2.500,0.308,0.481
20110101_0957,-27.020,-63.210,586.000,GD.LIZ.00,24.802,112.385,175.460,1824.721,1895.997,1921.264,555.000,1.143,0.158,0.116,0.124,0.123,0.121,-7.100,3.400,0.438,-0.938,-5.300,0.537,0.537,-5.600,0.551,0.537,-5.400,0.545,0.537,-5.400,0.552,0.537,-5.500,0.548,0.537
20110101_0957,-27.020,-63.210,586.000,NM.CSQ.00,40.728,111.048,165.496,1776.017,1833.604,1853.296,556.000,7.993,0.218,-0.086,-0.088,-0.079,-0.085,0.200,0.600,0.697,0.656,-1.500,0.536,0.536,8.900,0.546,0.536,9.000,0.528,0.536,9.200,0.505,0.536,9.100,0.522,0.536
20110101_0957,-27.020,-63.210,586.000,HA.JZ.00,35.268,113.213,171.205,1804.293,1869.578,1892.382,557.000,4.700,0.126,0.004,0.003,-0.001,-0.000,-1.700,-1.500,0.877,0.872,1.000,0.821,0.821,7.000,0.696,0.821,7.000,0.693,0.821,6.900,0.692,0.821,6.900,0.693,0.821
20110101_0957,-27.020,-63.210,586.000,TJ.YGZ.00,39.910,117.248,167.104,1784.091,1843.806,1864.347,558.000,1.783,-0.018,-0.058,-0.063,-0.062,-0.062,5.600,5.200,0.526,0.333,0.500,0.491,0.491,2.100,0.463,0.491,2.400,0.498,0.491,2.600,0.528,0.491,2.600,0.518,0.491
20110101_0957,-27.020,-63.210,586.000,ZJ.CHA.00,29.469,118.413,177.164,1832.742,1906.481,1932.768,559.000,4.287,-0.099,-0.007,-0.000,0.021,0.022,-1.400,2.200,0.760,-0.705,7.500,0.694,0.694,7.800,0.505,0.694,7.800,0.471,0.694,7.800,0.449,0.694,7.800,0.446,0.694
20110101_0957,-27.020,-63.210,586.000,YP.NE7E.,45.107,129.736,159.164,1743.460,1792.953,1809.528,560.000,1.972,0.195,0.165,0.163,0.160,0.163,4.500,-3.800,0.507,-0.730,3.800,0.656,0.656,4.600,0.553,0.656,4.500,0.543,0.656,4.600,0.532,0.656,4.500,0.538,0.656
20110101_0957,-27.020,-63.210,586.000,NM.HLR.00,49.267,119.742,157.637,1735.412,1783.033,1798.898,561.000,0.560,0.089,0.172,0.168,0.165,0.166,-4.300,-4.100,0.649,0.706,-0.300,0.569,0.569,-2.500,0.483,0.569,-2.600,0.487,0.569,-2.800,0.483,0.569,-2.700,0.479,0.569
20110101_0957,-27.020,-63.210,586.000,YN.FUN.00,23.625,105.620,169.353,1795.236,1857.982,1879.747,562.000,2.707,0.198,0.146,0.140,0.140,0.145,4.000,4.100,0.661,0.642,-1.800,0.648,0.648,0.500,0.569,0.648,0.900,0.568,0.648,0.800,0.571,0.648,0.600,0.576,0.648
20110101_0957,-27.020,-63.210,586.000,AU.KNRA.,-15.677,128.763,135.749,1611.876,1636.325,1643.864,563.000,5.633,0.684,0.674,0.676,0.695,0.694,0.700,1.300,0.864,0.808,0.400,0.853,0.853,0.700,0.837,0.853,0.700,0.841,0.853,0.300,0.874,0.853,0.300,0.871,0.853
20110101_0957,-27.020,-63.210,586.000,XW.WAYM.,17.915,55.644,123.285,1534.567,1549.232,1553.603,564.000,0.667,-0.002,0.097,0.079,0.084,0.093,1.300,2.100,0.638,0.624,-1.000,0.667,0.667,-2.700,0.654,0.667,-2.000,0.749,0.667,-2.300,0.714,0.667,-2.600,0.665,0.667
20110101_0957,-27.020,-63.210,586.000,NM.WJH.00,41.304,108.078,164.021,1768.543,1824.204,1843.143,565.000,5.208,0.317,0.267,0.273,0.277,0.274,8.600,4.200,0.573,-0.595,-0.700,0.610,0.610,-8.500,0.459,0.610,-8.500,0.473,0.610,-8.500,0.474,0.610,-8.500,0.473,0.610
20110101_0957,-27.020,-63.210,586.000,ZJ.WXJ.00,28.696,118.826,177.541,1834.504,1908.793,1935.308,566.000,5.139,0.202,0.185,0.182,0.189,0.189,-3.300,0.100,0.620,-0.147,-2.500,0.488,0.488,-2.600,0.542,0.488,-2.800,0.502,0.488,-2.700,0.518,0.488,-2.700,0.540,0.488
20110101_0957,-27.020,-63.210,586.000,AU.COEN.,-13.957,143.175,131.675,1587.160,1608.131,1614.500,567.000,8.301,0.688,0.665,0.669,0.679,0.680,0.200,0.800,0.956,0.912,0.400,0.649,0.649,0.500,0.669,0.649,0.400,0.672,0.649,0.100,0.680,0.649,0.200,0.680,0.649
20110101_0957,-27.020,-63.210,586.000,YP.NE71.,45.535,116.164,161.478,1755.503,1807.898,1825.577,568.000,5.858,0.239,0.254,0.266,0.268,0.267,0.900,1.200,0.816,0.869,-7.000,0.617,0.617,-6.000,0.581,0.617,-5.800,0.574,0.617,-5.500,0.587,0.617,-5.600,0.577,0.617
20110101_0957,-27.020,-63.210,586.000,FJ.PTNR.00,25.222,119.471,176.996,1831.954,1905.448,1931.634,569.000,13.786,0.245,0.220,0.256,0.255,0.232,0.500,0.700,0.983,0.980,3.800,0.580,0.580,5.000,0.771,0.580,5.200,0.737,0.580,5.200,0.723,0.580,5.100,0.768,0.580
20110101_0957,-27.020,-63.210,586.000,MM.NAM.00,20.896,97.771,161.597,1756.119,1808.666,1826.403,570.000,3.382,0.119,0.260,0.245,0.252,0.257,0.000,-4.400,0.431,-0.738,4.700,0.442,0.442,-13.500,0.380,0.442,-13.300,0.411,0.442,-13.400,0.403,0.442,-13.400,0.390,0.442
20110101_0957,-27.020,-63.210,586.000,AK.NIKH.,52.972,-168.855,120.488,1516.530,1529.368,1533.179,571.000,1.081,0.163,0.235,0.244,0.239,0.237,1.100,1.400,0.856,0.836,0.900,0.385,0.385,0.700,0.370,0.385,0.200,0.448,0.385,0.500,0.400,0.385,0.600,0.396,0.385
20110101_0957,-27.020,-63.210,586.000,NM.NJT.00,48.184,123.386,158.221,1738.498,1786.831,1802.966,572.000,1.302,0.338,0.114,0.119,0.125,0.121,0.400,0.600,0.761,0.658,2.600,0.613,0.613,-3.200,0.879,0.613,-3.200,0.872,0.613,-3.200,0.862,0.613,-3.300,0.868,0.613
20110101_0957,-27.020,-63.210,586.000,XW.SABA.,18.756,56.640,124.467,1542.114,1557.593,1562.217,573.000,0.616,-0.031,-0.001,0.006,0.005,-0.000,6.200,5.600,0.476,0.508,11.700,0.577,0.577,10.100,0.582,0.577,9.600,0.573,0.577,9.800,0.573,0.577,10.000,0.578,0.577
20110101_0957,-27.020,-63.210,586.000,ZJ.XAJ.00,29.482,119.271,176.709,1830.608,1903.685,1929.698,574.000,2.639,0.380,0.441,0.425,0.433,0.442,-0.100,-4.700,0.672,-0.509,0.600,0.539,0.539,0.400,0.585,0.539,-0.100,0.678,0.539,-0.100,0.693,0.539,0.100,0.663,0.539
20110101_0957,-27.020,-63.210,586.000,YP.NE9C.,47.050,131.036,157.051,1732.305,1779.216,1794.814,575.000,0.334,0.087,-0.030,-0.031,-0.033,-0.034,1.000,-0.400,0.333,0.568,10.300,0.409,0.409,6.600,0.484,0.409,6.800,0.447,0.409,6.800,0.412,0.409,6.800,0.424,0.409
20110101_0957,-27.020,-63.210,586.000,GZ.BJT.00,27.243,105.350,169.820,1797.528,1860.911,1882.935,576.000,2.377,0.074,0.137,0.159,0.156,0.143,-0.400,4.200,0.714,-0.543,6.700,0.421,0.421,-3.700,0.741,0.421,-3.700,0.743,0.421,-3.700,0.745,0.421,-3.700,0.746,0.421
20110101_0957,-27.020,-63.210,586.000,JL.SPT.00,43.200,124.535,162.644,1761.503,1815.389,1833.639,577.000,2.713,0.135,0.031,0.046,0.053,0.050,1.200,1.200,0.529,0.387,10.000,0.363,0.363,9.000,0.437,0.363,9.100,0.419,0.363,9.100,0.407,0.363,9.100,0.409,0.363
20110101_0957,-27.020,-63.210,586.000,HL.MOH.00,53.455,122.339,153.247,1711.878,1754.299,1768.206,578.000,5.298,0.368,0.314,0.325,0.342,0.334,2.100,1.800,0.743,0.787,2.800,0.518,0.518,4.200,0.567,0.518,4.300,0.554,0.518,4.300,0.545,0.518,4.300,0.548,0.518
20110101_0957,-27.020,-63.210,586.000,GS.ZHC.00,34.932,106.300,168.035,1788.726,1849.688,1870.731,579.000,1.105,0.166,0.056,0.048,0.042,0.049,-3.500,2.500,0.493,-0.253,-0.700,0.565,0.565,5.600,0.474,0.565,5.500,0.473,0.565,5.600,0.467,0.565,5.600,0.473,0.565
20110101_0957,-27.020,-63.210,586.000,GS.LTT.00,34.671,103.361,166.183,1779.477,1837.969,1858.022,580.000,1.353,0.059,0.058,0.060,0.059,0.054,-0.600,-0.400,0.596,0.500,-8.900,0.354,0.354,-8.600,0.480,0.354,-1.700,0.488,0.354,-1.700,0.491,0.354,-1.800,0.477,0.354
20110101_0957,-27.020,-63.210,586.000,SC.JJS.00,31.004,104.546,168.583,1791.440,1853.140,1874.481,581.000,2.060,0.029,-0.048,-0.061,-0.055,-0.045,8.400,4.700,0.670,-0.703,9.200,0.372,0.372,-2.600,0.373,0.372,-2.200,0.381,0.372,-2.200,0.383,0.372,-2.400,0.377,0.372
20110101_0957,-27.020,-63.210,586.000,CB.HHC.00,40.850,111.564,165.514,1776.108,1833.719,1853.421,582.000,6.114,0.131,0.032,0.028,0.025,0.028,7.900,4.200,0.547,-0.613,11.400,0.438,0.438,9.500,0.589,0.438,9.600,0.577,0.438,9.800,0.562,0.438,9.600,0.572,0.438
20110101_0957,-27.020,-63.210,586.000,JX.WAA.00,26.365,114.802,178.107,1837.143,1912.262,1939.123,583.000,1.056,0.111,0.143,0.163,0.156,0.149,-1.900,-2.100,0.418,0.423,0.900,0.554,0.554,-1.100,0.623,0.554,-0.600,0.690,0.554,-0.600,0.674,0.554,-0.800,0.627,0.554
20110101_0957,-27.020,-63.210,586.000,NM.DSM.00,41.095,107.054,163.803,1767.434,1822.813,1841.642,584.000,4.051,0.410,0.405,0.405,0.409,0.408,0.600,1.000,0.707,0.733,-0.500,0.752,0.752,-0.600,0.623,0.752,-0.600,0.656,0.752,-0.600,0.677,0.752,-0.600,0.655,0.752
20110101_0957,-27.020,-63.210,586.000,ZN.SIRI.,-9.844,149.709,131.234,1584.449,1605.060,1611.311,585.000,4.973,0.443,0.480,0.493,0.513,0.496,2.000,2.200,0.776,0.778,2.000,0.765,0.765,2.000,0.782,0.765,1.800,0.783,0.765,1.600,0.782,0.765,1.800,0.781,0.765
20110101_0957,-27.020,-63.210,586.000,KZ.ABKAR.,49.256,59.943,131.466,1585.873,1606.673,1612.985,586.000,1.229,0.056,0.108,0.109,0.102,0.105,-2.400,4.100,0.766,0.910,4.100,0.394,0.394,-4.300,0.573,0.394,2.200,0.591,0.394,-4.400,0.588,0.394,-4.400,0.583,0.394
20110101_0957,-27.020,-63.210,586.000,ZN.KIR.,-8.507,151.085,131.351,1585.167,1605.873,1612.155,587.000,1.991,0.331,0.344,0.354,0.380,0.360,1.500,2.400,0.799,0.726,2.600,0.731,0.731,2.500,0.746,0.731,2.300,0.748,0.731,2.100,0.747,0.731,2.400,0.746,0.731
20110101_0957,-27.020,-63.210,586.000,JX.YUG.00,28.826,116.625,178.188,1837.515,1912.752,1939.662,588.000,3.967,0.379,0.422,0.434,0.436,0.432,-0.100,0.100,0.877,0.871,-2.400,0.654,0.654,-1.600,0.758,0.654,-1.500,0.740,0.654,-1.200,0.716,0.654,-1.200,0.717,0.654
20110101_0957,-27.020,-63.210,586.000,XZ.SNA.00,29.224,91.754,157.852,1736.550,1784.433,1800.397,589.000,1.349,0.012,0.101,0.050,0.065,0.088,-1.800,2.200,0.804,-0.695,-6.400,0.569,0.569,-6.600,0.522,0.569,-6.300,0.520,0.569,-6.400,0.518,0.569,-6.600,0.526,0.569
20110101_0957,-27.020,-63.210,586.000,1G.NOP04.,40.232,109.978,165.634,1776.713,1834.481,1854.246,590.000,4.801,0.191,-0.079,-0.084,-0.083,-0.085,-3.500,-3.300,0.642,0.676,-11.800,0.436,0.436,-2.000,0.386,0.436,-1.800,0.362,0.436,-1.500,0.348,0.436,-1.800,0.359,0.436
20110101_0957,-27.020,-63.210,586.000,YN.GYA.00,26.459,106.664,170.942,1803.014,1867.937,1890.592,591.000,2.607,-0.018,0.054,0.047,0.051,0.055,-2.300,1.500,0.738,-0.774,-1.200,0.640,0.640,7.200,0.675,0.640,7.000,0.786,0.640,7.000,0.774,0.640,7.200,0.708,0.640
20110101_0957,-27.020,-63.210,586.000,MM.MYI.00,25.521,97.474,162.632,1761.440,1815.310,1833.554,592.000,0.420,0.081,0.064,0.057,0.057,0.061,-1.100,-0.800,0.853,0.642,-1.100,0.650,0.650,-1.200,0.631,0.650,-1.100,0.630,0.650,-1.000,0.627,0.650,-1.100,0.628,0.650
20110101_0957,-27.020,-63.210,586.000,SD.RCH.00,37.171,122.420,168.791,1792.465,1854.447,1875.901,593.000,3.731,-0.026,-0.039,-0.028,-0.031,-0.022,0.500,4.200,0.462,-0.838,-0.500,0.429,0.429,1.100,0.527,0.429,1.100,0.565,0.429,1.100,0.582,0.429,1.100,0.579,0.429
20110101_0957,-27.020,-63.210,586.000,BJ.MIY.00,40.467,116.833,166.553,1781.334,1840.317,1860.564,594.000,3.672,0.112,0.035,0.038,0.032,0.036,0.900,0.900,0.640,0.609,2.400,0.460,0.460,3.200,0.377,0.460,-1.600,0.399,0.460,-1.500,0.427,0.460,-1.600,0.416,0.460
20110101_0957,-27.020,-63.210,586.000,SC.LZH.00,28.872,105.414,169.785,1797.360,1860.695,1882.700,595.000,1.022,0.103,0.012,0.017,0.014,0.014,7.000,-0.600,0.297,0.119,-9.300,0.601,0.601,-5.000,0.565,0.601,-5.000,0.570,0.601,-5.000,0.566,0.601,-5.000,0.560,0.601
20110101_0957,-27.020,-63.210,586.000,YP.NE4B.,43.338,130.548,160.242,1749.094,1799.929,1817.014,596.000,0.348,0.034,0.023,0.023,0.023,0.023,-9.200,-4.400,0.154,0.907,-7.100,0.375,0.375,-7.300,0.396,0.375,-7.600,0.381,0.375,-7.600,0.372,0.375,-7.600,0.375,0.375
20110101_0957,-27.020,-63.210,586.000,YP.NE47.,43.459,124.318,162.468,1760.601,1814.262,1832.425,597.000,3.986,0.105,0.045,0.046,0.049,0.048,1.200,1.300,0.879,0.861,9.600,0.407,0.407,-5.200,0.580,0.407,-5.300,0.593,0.407,-5.400,0.599,0.407,-5.300,0.599,0.407
20110101_0957,-27.020,-63.210,586.000,HN.ZJJ.00,29.351,110.557,174.033,1817.935,1887.176,1911.604,598.000,1.014,0.242,0.473,0.478,0.476,0.481,0.300,-2.800,0.481,-0.784,-1.100,0.676,0.676,-0.300,0.721,0.676,-0.200,0.722,0.676,-0.200,0.720,0.676,-0.300,0.727,0.676
20110101_0957,-27.020,-63.210,586.000,XW.MKRZ.,19.258,57.597,125.489,1548.605,1564.809,1569.658,599.000,1.015,0.345,-0.055,-0.066,-0.057,-0.056,3.600,3.200,0.442,0.529,10.600,0.373,0.373,8.500,0.600,0.373,8.200,0.626,0.373,8.200,0.618,0.373,8.400,0.604,0.373
20110101_0957,-27.020,-63.210,586.000,BU.CDT.00,41.015,117.916,165.974,1778.426,1836.642,1856.585,600.000,2.116,0.104,0.087,0.086,0.089,0.085,0.100,-3.300,0.373,-0.747,9.400,0.448,0.448,-8.900,0.419,0.448,-8.800,0.428,0.448,-8.700,0.448,0.448,-8.800,0.439,0.448
20110101_0957,-27.020,-63.210,586.000,HN.JIS.00,28.148,109.747,173.657,1816.137,1884.848,1909.057,601.000,4.197,0.062,0.047,0.032,0.024,0.037,-4.800,-1.500,0.718,-0.696,-0.400,0.415,0.415,1.700,0.409,0.415,1.700,0.429,0.415,1.700,0.424,0.415,1.700,0.406,0.415
20110101_0957,-27.020,-63.210,586.000,SD.JUN.00,35.172,118.845,171.661,1806.511,1872.426,1895.489,602.000,4.211,0.272,0.280,0.290,0.287,0.284,-2.000,1.700,0.842,-0.741,-2.800,0.418,0.418,2.600,0.506,0.418,2.800,0.531,0.418,3.000,0.539,0.418,2.900,0.527,0.418
20110101_0957,-27.020,-63.210,586.000,GE.GSI.,1.304,97.576,148.358,1684.936,1721.885,1733.775,603.000,1.448,0.362,0.259,0.290,0.309,0.284,1.100,1.100,0.874,0.905,0.900,0.518,0.518,2.500,0.636,0.518,2.500,0.605,0.518,2.500,0.557,0.518,2.500,0.607,0.518
20110101_0957,-27.020,-63.210,586.000,ZJ.YIX.00,29.801,121.326,175.137,1823.193,1894.008,1919.084,604.000,3.548,0.180,0.177,0.222,0.218,0.207,1.600,2.500,0.819,0.564,3.000,0.702,0.702,2.200,0.721,0.702,1.700,0.732,0.702,1.700,0.737,0.702,1.900,0.736,0.702
20110101_0957,-27.020,-63.210,586.000,YN.MIZ.00,25.132,98.420,163.407,1765.412,1820.279,1838.909,605.000,0.937,0.102,0.127,0.124,0.127,0.128,-5.300,-2.000,0.156,-0.425,1.200,0.737,0.737,1.600,0.706,0.737,1.600,0.706,0.737,1.600,0.711,0.737,1.600,0.710,0.737
20110101_0957,-27.020,-63.210,586.000,LN.DDO.00,40.146,124.390,165.442,1775.744,1833.259,1852.924,606.000,2.138,0.027,0.105,0.115,0.127,0.122,1.000,-2.600,0.723,-0.826,-4.200,0.655,0.655,2.200,0.527,0.655,2.200,0.476,0.655,-10.600,0.455,0.655,-10.700,0.452,0.655
20110101_0957,-27.020,-63.210,586.000,JX.DUC.00,29.256,116.193,177.703,1835.259,1909.785,1936.399,607.000,2.148,-0.030,-0.001,-0.007,-0.015,-0.016,0.100,0.300,0.838,0.854,5.300,0.449,0.449,5.700,0.419,0.449,5.800,0.409,0.449,5.800,0.409,0.449,5.800,0.415,0.449
20110101_0957,-27.020,-63.210,586.000,AH.HSH.00,31.770,118.058,175.124,1823.129,1893.924,1918.992,608.000,5.351,0.073,0.203,0.210,0.218,0.226,-5.800,0.100,0.472,0.498,-2.200,0.769,0.769,-0.900,0.843,0.769,-0.800,0.826,0.769,-0.700,0.833,0.769,-0.700,0.835,0.769
20110101_0957,-27.020,-63.210,586.000,XJ.RUQ.00,38.974,88.838,153.834,1715.060,1758.162,1772.325,609.000,0.686,-0.018,0.178,0.194,0.191,0.184,2.000,2.500,0.657,0.579,2.200,0.511,0.511,3.900,0.503,0.511,4.000,0.498,0.511,4.100,0.499,0.511,3.900,0.500,0.511
20110101_0957,-27.020,-63.210,586.000,HB.NZH.00,31.392,111.616,173.716,1816.418,1885.212,1909.455,610.000,3.577,0.071,0.118,0.096,0.095,0.107,1.100,-3.300,0.648,-0.682,-1.200,0.718,0.718,-0.700,0.605,0.718,-0.700,0.625,0.718,-0.700,0.628,0.718,-0.700,0.616,0.718
20110101_0957,-27.020,-63.210,586.000,XJ.ALT.00,47.855,88.135,149.474,1691.154,1729.322,1741.654,611.000,1.358,0.074,0.025,0.029,0.034,0.026,1.400,-3.000,0.762,-0.287,5.100,0.684,0.684,5.900,0.597,0.684,6.100,0.563,0.684,6.100,0.544,0.684,5.900,0.593,0.684
20110101_0957,-27.020,-63.210,586.000,ZJ.LIA.00,30.143,118.958,176.343,1828.888,1901.435,1927.228,612.000,4.823,0.183,0.170,0.160,0.165,0.159,0.000,0.000,0.646,0.630,-7.600,0.316,0.316,-7.200,0.271,0.316,-7.100,0.287,0.316,-6.900,0.286,0.316,-6.900,0.280,0.316
20110101_0957,-27.020,-63.210,586.000,QH.XIN.00,36.628,101.725,164.029,1768.583,1824.256,1843.198,613.000,1.198,0.058,0.052,0.046,0.048,0.047,-3.600,2.800,0.497,-0.800,-2.900,0.763,0.763,-2.200,0.825,0.763,-2.200,0.808,0.763,-2.200,0.815,0.763,-2.300,0.810,0.763
20110101_0957,-27.020,-63.210,586.000,HN.HOJ.00,27.115,109.995,173.949,1817.535,1886.658,1911.037,614.000,2.935,0.096,0.094,0.114,0.108,0.097,-1.000,-1.800,0.722,0.493,3.500,0.571,0.571,-2.300,0.243,0.571,-2.100,0.231,0.571,-2.100,0.230,0.571,-2.300,0.236,0.571
20110101_0957,-27.020,-63.210,586.000,JP.JNU.,33.125,130.877,166.384,1780.483,1839.241,1859.399,615.000,1.554,0.344,0.406,0.431,0.429,0.422,0.900,4.700,0.483,-0.722,9.900,0.357,0.357,8.500,0.585,0.357,8.200,0.634,0.357,8.200,0.622,0.357,8.400,0.608,0.357
20110101_0957,-27.020,-63.210,586.000,SX.YJI.00,34.839,110.646,170.576,1801.229,1865.648,1888.096,616.000,6.862,-0.105,-0.148,-0.160,-0.170,-0.147,1.800,5.000,0.824,-0.747,3.100,0.644,0.644,3.000,0.761,0.644,2.900,0.738,0.644,3.000,0.721,0.644,2.900,0.746,0.644
20110101_0957,-27.020,-63.210,586.000,II.TLY.00,51.681,103.644,153.421,1712.823,1755.446,1769.428,617.000,3.107,0.397,0.363,0.378,0.389,0.379,0.600,0.800,0.874,0.929,1.000,0.695,0.695,0.800,0.840,0.695,0.700,0.825,0.695,0.700,0.813,0.695,0.700,0.821,0.695
20110101_0957,-27.020,-63.210,586.000,CB.XLT.00,43.900,116.079,163.110,1763.894,1818.378,1836.860,618.000,5.051,0.279,0.219,0.201,0.201,0.196,1.800,2.100,0.733,0.658,0.900,0.757,0.757,1.500,0.771,0.757,1.600,0.779,0.757,1.600,0.784,0.757,1.700,0.781,0.757
20110101_0957,-27.020,-63.210,586.000,SN.LINT.00,34.352,109.212,170.197,1799.378,1863.278,1885.513,619.000,4.124,-0.163,-0.167,-0.172,-0.169,-0.166,4.900,4.800,0.754,0.630,-1.800,0.615,0.615,-1.400,0.719,0.615,-1.300,0.741,0.615,-1.300,0.762,0.615,-1.300,0.744,0.615
20110101_0957,-27.020,-63.210,586.000,GD.XFJ.00,23.739,114.657,176.195,1828.191,1900.525,1926.229,620.000,5.181,0.300,0.271,0.300,0.296,0.298,-0.800,-0.600,0.714,0.632,-1.300,0.633,0.633,8.300,0.661,0.633,8.200,0.671,0.633,8.200,0.690,0.633,8.100,0.685,0.633
20110101_0957,-27.020,-63.210,586.000,YP.NE9E.,47.020,133.287,156.162,1727.573,1773.418,1788.614,621.000,3.198,0.371,0.356,0.358,0.367,0.365,1.000,0.300,0.440,0.365,-12.700,0.487,0.487,-12.400,0.446,0.487,-12.400,0.482,0.487,-12.400,0.502,0.487,-12.400,0.497,0.487
20110101_0957,-27.020,-63.210,586.000,II.ERM.00,42.015,143.157,153.778,1714.758,1757.795,1771.934,622.000,1.472,0.281,0.196,0.210,0.235,0.238,-5.300,-2.000,0.822,-0.938,1.100,0.618,0.618,-5.800,0.610,0.618,-6.000,0.629,0.618,-6.000,0.627,0.618,-6.000,0.635,0.618
20110101_0957,-27.020,-63.210,586.000,BJ.BBS.00,39.914,116.241,167.098,1784.059,1843.766,1864.304,623.000,5.401,0.356,0.398,0.391,0.377,0.383,0.300,0.500,0.906,0.730,1.000,0.604,0.604,1.300,0.572,0.604,1.200,0.532,0.604,1.200,0.484,0.604,1.300,0.506,0.604
20110101_0957,-27.020,-63.210,586.000,XW.DEMT.,17.727,55.073,122.710,1530.881,1545.158,1549.411,624.000,1.170,0.085,0.167,0.024,0.102,0.167,3.900,4.100,0.648,0.851,0.000,0.752,0.752,0.300,0.680,0.752,3.100,0.661,0.752,1.000,0.709,0.752,0.300,0.682,0.752
20110101_0957,-27.020,-63.210,586.000,YN.KMI.00,25.148,102.747,167.257,1784.851,1844.769,1865.392,625.000,2.280,0.115,0.126,0.154,0.140,0.135,8.100,4.300,0.631,-0.776,2.000,0.622,0.622,9.200,0.515,0.622,9.300,0.432,0.622,9.300,0.459,0.622,9.300,0.498,0.622
20110101_0957,-27.020,-63.210,586.000,HB.YDU.00,30.214,111.211,174.155,1818.516,1887.930,1912.429,626.000,1.423,-0.060,-0.164,-0.159,0.561,-0.165,-7.600,-0.900,0.506,0.131,-10.000,0.410,0.410,-1.800,0.582,0.410,-1.700,0.586,0.410,-0.700,0.777,0.410,-1.700,0.590,0.410
20110101_0957,-27.020,-63.210,586.000,NM.IDR.00,46.731,122.890,159.710,1746.315,1796.485,1813.317,627.000,1.215,0.162,-0.052,-0.053,-0.053,-0.053,1.600,4.800,0.847,-0.714,-2.200,0.506,0.506,-3.700,0.421,0.506,-3.700,0.424,0.506,-3.700,0.420,0.506,-3.700,0.418,0.506
20110101_0957,-27.020,-63.210,586.000,LN.LYA.00,41.219,119.382,165.642,1776.755,1834.533,1854.302,628.000,6.960,0.150,0.155,0.157,0.165,0.160,3.900,4.000,0.779,0.759,1.300,0.667,0.667,2.700,0.663,0.667,2.800,0.666,0.667,2.900,0.666,0.667,2.800,0.665,0.667
20110101_0957,-27.020,-63.210,586.000,YN.RHT.00,24.955,98.438,163.390,1765.324,1820.169,1838.790,629.000,2.102,0.019,0.133,0.143,0.139,0.133,0.400,0.800,0.718,0.742,-0.300,0.632,0.632,0.200,0.604,0.632,0.300,0.600,0.632,0.200,0.608,0.632,0.200,0.608,0.632
20110101_0957,-27.020,-63.210,586.000,RM.DLV.,11.952,108.481,163.033,1763.496,1817.881,1836.324,630.000,3.364,0.304,0.351,0.362,0.362,0.362,1.100,1.700,0.666,0.649,-2.300,0.593,0.593,-0.800,0.885,0.593,-0.800,0.872,0.593,-1.000,0.850,0.593,-0.900,0.870,0.593
20110101_0957,-27.020,-63.210,586.000,TM.SKLT.,7.176,100.616,154.909,1720.856,1765.215,1779.852,631.000,3.454,0.248,0.293,0.298,0.303,0.299,1.100,1.200,0.816,0.816,11.100,0.520,0.520,3.500,0.532,0.520,3.100,0.597,0.520,2.800,0.628,0.520,3.300,0.569,0.520
20110101_0957,-27.020,-63.210,586.000,HA.NY.00,33.140,112.270,172.739,1811.724,1879.143,1902.822,632.000,3.218,0.297,0.102,0.096,0.099,0.104,-4.600,-4.400,0.638,0.845,0.200,0.527,0.527,9.100,0.564,0.527,9.000,0.567,0.527,8.900,0.568,0.527,9.000,0.557,0.527
20110101_0957,-27.020,-63.210,586.000,SX.LIF.00,36.088,111.367,169.827,1797.564,1860.956,1882.984,633.000,9.902,-0.053,-0.050,-0.043,-0.039,-0.049,4.200,4.300,0.702,0.678,10.100,0.528,0.528,4.800,0.389,0.528,4.700,0.374,0.528,4.600,0.361,0.528,4.700,0.377,0.528
20110101_0957,-27.020,-63.210,586.000,XW.SAWQ.,18.162,56.431,124.073,1539.602,1554.806,1559.344,634.000,1.801,-0.030,-0.131,-0.128,-0.129,-0.130,5.800,5.300,0.502,0.604,10.700,0.642,0.642,9.400,0.659,0.642,8.800,0.658,0.642,9.000,0.656,0.642,9.300,0.658,0.642
20110101_0957,-27.020,-63.210,586.000,GE.LUWI.,-1.042,122.772,151.353,1701.538,1741.797,1754.899,635.000,2.389,0.543,0.571,0.574,0.598,0.593,0.100,0.000,0.885,0.849,0.700,0.849,0.849,0.700,0.857,0.849,0.700,0.854,0.849,0.300,0.827,0.849,0.400,0.828,0.849
20110101_0957,-27.020,-63.210,586.000,JS.QSD.00,34.995,119.823,171.613,1806.279,1872.129,1895.165,636.000,2.607,-0.129,-0.046,-0.030,-0.021,-0.023,-1.200,2.700,0.597,-0.905,6.900,0.706,0.706,8.100,0.666,0.706,8.100,0.684,0.706,8.000,0.703,0.706,8.100,0.689,0.706
20110101_0957,-27.020,-63.210,586.000,FJ.YXBM.00,26.039,118.110,178.464,1838.801,1914.445,1941.524,637.000,11.873,0.333,0.323,0.322,0.321,0.315,-1.200,-0.100,0.917,0.769,-9.800,0.550,0.550,-8.600,0.523,0.550,-8.800,0.471,0.550,-8.700,0.467,0.550,-8.500,0.510,0.550
20110101_0957,-27.020,-63.210,586.000,GE.BKNI.,0.326,101.040,149.313,1690.265,1728.256,1740.524,638.000,2.097,0.225,0.271,0.276,0.278,0.271,1.800,1.700,0.902,0.869,0.800,0.750,0.750,0.800,0.738,0.750,0.700,0.749,0.750,0.700,0.771,0.750,0.800,0.759,0.750
20110101_0957,-27.020,-63.210,586.000,YP.NE8C.,46.186,126.915,159.223,1743.769,1793.335,1809.938,639.000,8.346,0.232,0.142,0.148,0.148,0.147,0.300,0.800,0.731,0.718,5.100,0.698,0.698,-8.000,0.482,0.698,-8.000,0.475,0.698,-8.100,0.463,0.698,-8.100,0.470,0.698
20110101_0957,-27.020,-63.210,586.000,CQ.QIJ.00,29.564,108.796,172.517,1810.655,1877.764,1901.316,640.000,2.134,-0.151,-0.019,-0.050,-0.048,-0.033,-1.900,3.600,0.457,0.115,8.000,0.477,0.477,5.900,0.527,0.477,6.000,0.515,0.477,6.000,0.515,0.477,6.000,0.521,0.477
20110101_0957,-27.020,-63.210,586.000,ZN.MAYA.,-9.948,150.881,130.404,1579.336,1599.280,1605.312,641.000,3.108,0.538,0.510,0.506,0.496,0.509,-0.300,-0.800,0.623,0.530,-1.400,0.831,0.831,-1.600,0.847,0.831,-1.700,0.854,0.831,-1.900,0.864,0.831,-1.700,0.852,0.831
20110101_0957,-27.020,-63.210,586.000,SX.YAY.00,39.955,114.158,166.882,1782.979,1842.398,1862.820,642.000,4.004,0.418,0.378,0.381,0.396,0.389,-1.200,3.500,0.850,-0.664,8.200,0.662,0.662,7.800,0.743,0.662,7.700,0.729,0.662,7.800,0.706,0.662,7.800,0.716,0.662
20110101_0957,-27.020,-63.210,586.000,FJ.LJTL.00,26.353,119.920,177.125,1832.561,1906.243,1932.507,643.000,9.073,0.240,0.315,0.294,0.299,0.310,-0.100,-0.500,0.862,0.802,6.100,0.527,0.527,6.300,0.604,0.527,5.900,0.638,0.527,6.100,0.641,0.527,6.400,0.607,0.527
20110101_0957,-27.020,-63.210,586.000,HL.WDL.00,48.672,126.136,157.166,1732.919,1779.969,1795.620,644.000,2.665,0.220,0.214,0.210,0.189,0.205,0.300,0.400,0.779,0.784,6.400,0.607,0.607,5.500,0.396,0.607,5.300,0.429,0.607,5.100,0.449,0.607,5.200,0.441,0.607
20110101_0957,-27.020,-63.210,586.000,JS.GY.00,32.745,119.448,173.829,1816.959,1885.912,1910.221,645.000,0.999,-0.182,-0.065,-0.058,-0.059,-0.058,-6.500,1.000,0.676,-0.370,5.100,0.341,0.341,2.700,0.263,0.341,2.800,0.274,0.341,2.800,0.305,0.341,2.900,0.283,0.341
20110101_0957,-27.020,-63.210,586.000,ZN.TAWA.,-10.268,150.774,130.231,1578.266,1598.071,1604.058,646.000,0.370,-0.024,-0.008,-0.012,-0.016,-0.012,7.500,-4.300,0.766,-0.968,-9.900,0.153,0.153,-10.100,0.144,0.153,-10.200,0.140,0.153,-10.400,0.135,0.153,-10.200,0.141,0.153
20110101_0957,-27.020,-63.210,586.000,JL.YST.00,44.764,126.752,160.543,1750.659,1801.873,1819.101,647.000,0.479,0.101,0.047,0.049,0.048,0.045,-9.600,2.300,0.544,-0.435,-1.800,0.783,0.783,-8.100,0.590,0.783,-8.300,0.578,0.783,-8.500,0.574,0.783,-8.500,0.573,0.783
20110101_0957,-27.020,-63.210,586.000,ZJ.QIY.00,27.616,119.063,177.894,1836.149,1910.955,1937.686,648.000,13.308,0.388,0.440,0.451,0.454,0.448,-0.500,-0.500,0.846,0.822,-0.400,0.838,0.838,0.400,0.919,0.838,0.200,0.892,0.838,0.300,0.904,0.838,0.400,0.912,0.838
20110101_0957,-27.020,-63.210,586.000,JX.SHC.00,26.299,116.331,179.170,1842.069,1918.751,1946.266,649.000,7.459,0.366,0.347,0.385,0.358,0.354,0.700,4.700,0.801,-0.703,1.100,0.936,0.936,1.100,0.946,0.936,1.000,0.956,0.936,1.000,0.948,0.936,1.000,0.943,0.936
20110101_0957,-27.020,-63.210,586.000,SC.LGH.00,27.714,100.862,165.847,1777.787,1835.836,1855.712,650.000,2.201,0.150,0.084,0.096,0.093,0.088,-8.800,0.300,0.255,-0.299,-4.600,0.423,0.423,-4.200,0.625,0.423,-4.300,0.610,0.423,-4.300,0.614,0.423,-4.200,0.622,0.423
20110101_0957,-27.020,-63.210,586.000,HL.XUK.00,49.081,128.916,156.031,1726.872,1772.559,1787.697,651.000,2.706,0.204,0.286,0.295,0.297,0.296,0.300,0.500,0.801,0.918,4.300,0.537,0.537,-5.200,0.553,0.537,0.500,0.534,0.537,0.300,0.585,0.537,0.400,0.568,0.537
20110101_0957,-27.020,-63.210,586.000,IU.YSS.00,46.959,142.760,151.481,1702.240,1742.644,1755.800,652.000,3.376,0.371,0.192,0.201,0.198,0.193,0.800,0.700,0.463,0.508,-4.800,0.512,0.512,0.600,0.741,0.512,0.200,0.767,0.512,0.100,0.713,0.512,0.100,0.715,0.512
20110101_0957,-27.020,-63.210,586.000,HN.CHZ.00,25.819,113.040,176.433,1829.315,1901.993,1927.840,653.000,3.517,0.175,0.222,0.212,0.209,0.215,-0.500,-0.400,0.946,0.966,-4.700,0.745,0.745,0.000,0.784,0.745,0.300,0.780,0.745,0.200,0.790,0.745,0.100,0.783,0.745
20110101_0957,-27.020,-63.210,586.000,SX.DAX.00,39.052,113.056,167.571,1786.417,1846.756,1867.547,654.000,8.795,0.166,0.080,0.095,0.109,0.103,1.200,-2.300,0.593,-0.715,8.700,0.364,0.364,8.500,0.401,0.364,8.500,0.406,0.364,8.500,0.408,0.364,8.500,0.408,0.364
20110101_0957,-27.020,-63.210,586.000,XZ.GZE.00,32.290,84.834,151.842,1704.217,1745.029,1758.336,655.000,1.387,0.100,0.172,0.225,0.208,0.183,4.600,-2.000,0.611,0.298,-2.800,0.703,0.703,-2.000,0.650,0.703,-1.700,0.599,0.703,-1.900,0.611,0.703,-2.000,0.639,0.703
20110101_0957,-27.020,-63.210,586.000,CB.CAD.00,31.000,97.500,162.692,1761.750,1815.697,1833.971,656.000,3.114,0.239,0.327,0.325,0.325,0.326,-2.700,-2.700,0.718,0.525,-3.100,0.672,0.672,-2.100,0.617,0.672,-1.900,0.583,0.672,-1.900,0.590,0.672,-2.100,0.610,0.672
20110101_0957,-27.020,-63.210,586.000,NM.GNH.00,50.777,121.462,155.979,1726.592,1772.217,1787.331,657.000,1.028,0.270,0.057,0.058,0.060,0.060,-1.700,-1.200,0.757,0.758,-1.700,0.338,0.338,7.300,0.660,0.338,7.300,0.661,0.338,7.300,0.663,0.338,7.300,0.665,0.338
20110101_0957,-27.020,-63.210,586.000,HI.QZN.00,19.029,109.844,169.772,1797.297,1860.615,1882.612,658.000,7.030,0.068,0.233,0.262,0.261,0.249,0.000,0.000,0.739,0.719,-9.500,0.278,0.278,-5.600,0.441,0.278,-5.600,0.458,0.278,-5.600,0.462,0.278,-5.600,0.464,0.278
20110101_0957,-27.020,-63.210,586.000,TM.PANO.,17.148,104.612,165.025,1773.637,1830.605,1850.055,659.000,0.347,-0.040,-0.036,-0.037,-0.037,-0.036,-9.500,-4.200,0.188,0.833,-10.300,0.044,0.044,15.800,-0.000,0.044,15.800,-0.000,0.044,15.800,-0.000,0.044,15.800,-0.000,0.044
20110101_0957,-27.020,-63.210,586.000,QH.TTH.00,34.219,92.321,157.813,1736.344,1784.179,1800.126,660.000,0.807,0.047,-0.032,-0.045,-0.045,-0.037,-4.900,4.200,0.713,-0.912,-8.000,0.388,0.388,-5.800,0.679,0.388,-5.700,0.677,0.388,-5.600,0.682,0.388,-5.700,0.682,0.388
20110101_0957,-27.020,-63.210,586.000,HL.MDJ.00,44.616,129.589,159.629,1745.891,1795.961,1812.754,661.000,1.906,0.177,0.178,0.156,0.149,0.159,0.300,-3.100,0.809,-0.755,-8.200,0.424,0.424,-7.900,0.448,0.424,-7.900,0.466,0.424,-7.900,0.474,0.424,-7.900,0.468,0.424
20110101_0957,-27.020,-63.210,586.000,GX.WZS.00,23.481,111.234,173.855,1817.083,1886.073,1910.397,662.000,1.266,0.003,0.149,0.105,0.131,0.133,4.600,0.600,0.343,0.426,9.400,0.540,0.540,9.200,0.664,0.540,9.200,0.668,0.540,9.300,0.665,0.540,9.200,0.666,0.540
20110101_0957,-27.020,-63.210,586.000,GX.HZS.00,24.426,111.567,174.628,1820.772,1890.859,1915.635,663.000,1.164,0.158,0.283,0.259,0.259,0.261,-0.700,-4.200,0.878,-0.475,-2.700,0.604,0.604,-2.800,0.672,0.604,-2.600,0.711,0.604,-2.500,0.704,0.604,-2.700,0.696,0.604
20110101_0957,-27.020,-63.210,586.000,XZ.MZG.00,29.847,91.748,157.842,1736.499,1784.370,1800.330,664.000,1.916,0.101,0.153,0.155,0.152,0.153,4.300,-1.200,0.653,0.517,-5.700,0.561,0.561,-5.800,0.501,0.561,-5.100,0.444,0.561,-5.300,0.452,0.561,-5.700,0.484,0.561
20110101_0957,-27.020,-63.210,586.000,YP.NE51.,44.240,115.956,162.767,1762.135,1816.178,1834.490,665.000,5.700,0.250,0.196,0.196,0.181,0.191,1.400,1.700,0.868,0.880,-6.300,0.678,0.678,-5.800,0.664,0.678,-5.800,0.669,0.678,-5.700,0.671,0.678,-5.700,0.671,0.678
20110101_0957,-27.020,-63.210,586.000,NX.YCH.00,38.609,105.933,165.274,1774.900,1832.195,1851.774,666.000,2.769,0.064,0.155,0.147,0.146,0.149,6.700,1.200,0.424,-0.627,-4.400,0.553,0.553,-4.000,0.599,0.553,-3.900,0.580,0.553,-3.800,0.575,0.553,-3.900,0.589,0.553
20110101_0957,-27.020,-63.210,586.000,AH.ANQ.00,30.580,117.020,176.434,1829.320,1902.000,1927.847,667.000,6.827,0.164,0.065,0.049,0.042,0.048,-1.100,3.400,0.696,-0.761,-5.200,0.606,0.606,-4.800,0.599,0.606,-4.700,0.620,0.606,-4.500,0.642,0.606,-4.600,0.631,0.606
20110101_0957,-27.020,-63.210,586.000,FJ.FQDZ.00,25.703,119.285,177.405,1833.872,1907.963,1934.396,668.000,15.406,0.355,0.288,0.319,0.318,0.292,0.200,1.000,0.817,0.755,1.200,0.735,0.735,1.400,0.620,0.735,1.200,0.683,0.735,1.200,0.680,0.735,1.400,0.623,0.735
20110101_0957,-27.020,-63.210,586.000,SN.ZOZT.00,34.055,108.324,169.876,1797.803,1861.262,1883.318,669.000,1.603,-0.015,-0.108,-0.116,-0.123,-0.117,7.100,3.500,0.476,-0.645,-0.300,0.851,0.851,-0.100,0.878,0.851,0.000,0.859,0.851,0.000,0.847,0.851,-0.100,0.868,0.851
20110101_0957,-27.020,-63.210,586.000,GE.LHMI.,5.229,96.947,151.148,1700.411,1740.440,1753.457,670.000,2.012,0.044,0.012,0.013,0.016,0.010,-7.500,1.700,0.444,-0.444,4.800,0.667,0.667,5.000,0.628,0.667,5.000,0.628,0.667,5.000,0.631,0.667,5.000,0.629,0.667
20110101_0957,-27.020,-63.210,586.000,LN.XYN.00,40.275,123.259,165.704,1777.067,1834.927,1854.729,671.000,5.125,-0.019,-0.058,-0.059,-0.052,-0.055,0.900,-2.400,0.497,-0.795,2.500,0.667,0.667,2.500,0.802,0.667,2.500,0.806,0.667,2.600,0.801,0.667,2.600,0.805,0.667
20110101_0957,-27.020,-63.210,586.000,SC.JZG.00,33.257,104.236,167.493,1786.031,1846.266,1867.015,672.000,4.178,0.310,0.009,-0.024,-0.028,-0.004,-1.200,-1.200,0.412,0.579,-5.700,0.635,0.635,-3.400,0.508,0.635,-3.300,0.545,0.635,-3.300,0.546,0.635,-3.300,0.533,0.635
20110101_0957,-27.020,-63.210,586.000,YN.SBT.00,24.953,98.541,163.481,1765.790,1820.753,1839.420,673.000,0.506,0.004,0.108,0.115,0.116,0.112,10.200,2.400,0.450,-0.440,-2.500,0.474,0.474,-2.200,0.430,0.474,-2.100,0.463,0.474,-2.100,0.457,0.474,-2.100,0.439,0.474
20110101_0957,-27.020,-63.210,586.000,TM.TMDB.,13.668,100.607,159.830,1746.942,1797.262,1814.150,674.000,0.342,-0.007,0.015,0.014,0.014,0.015,-13.800,-1.300,0.012,0.831,3.100,0.419,0.419,7.800,0.212,0.419,7.800,0.209,0.419,7.800,0.207,0.419,7.900,0.209,0.419
20110101_0957,-27.020,-63.210,586.000,1G.WOP01.,37.667,107.337,166.708,1782.107,1841.295,1861.624,675.000,3.449,0.338,0.270,0.251,0.238,0.263,0.000,3.500,0.563,-0.707,8.200,0.379,0.379,-10.700,0.481,0.379,-10.400,0.515,0.379,-10.300,0.530,0.379,-10.600,0.505,0.379
20110101_0957,-27.020,-63.210,586.000,SX.SZZ.00,40.084,113.713,166.689,1782.012,1841.175,1861.495,676.000,7.097,0.377,0.379,0.378,0.374,0.374,-0.200,4.200,0.718,-0.773,9.000,0.585,0.585,8.400,0.658,0.585,8.400,0.634,0.585,8.400,0.607,0.585,8.400,0.619,0.585
20110101_0957,-27.020,-63.210,586.000,YN.YUJ.00,23.566,101.978,166.180,1779.459,1837.947,1857.998,677.000,0.375,0.042,0.024,0.024,0.024,0.024,5.200,0.700,0.370,0.681,-8.200,0.667,0.667,-8.500,0.603,0.667,-8.400,0.604,0.667,-8.400,0.609,0.667,-8.400,0.609,0.667
20110101_0957,-27.020,-63.210,586.000,GE.KAAM.,0.493,72.995,130.309,1578.748,1598.616,1604.624,678.000,1.543,0.124,0.086,0.083,0.084,0.086,10.000,5.200,0.580,-0.027,4.400,0.346,0.346,6.600,0.457,0.346,6.500,0.461,0.346,6.500,0.461,0.346,6.600,0.458,0.346
20110101_0957,-27.020,-63.210,586.000,HN.SHY.00,27.212,111.450,175.243,1823.696,1894.662,1919.801,679.000,1.887,0.133,0.144,0.124,0.119,0.134,-1.900,2.800,0.509,0.083,-4.300,0.685,0.685,-3.900,0.766,0.685,-3.500,0.748,0.685,-3.600,0.756,0.685,-3.800,0.766,0.685
20110101_0957,-27.020,-63.210,586.000,YP.NEA7.,47.571,125.834,158.262,1738.717,1787.101,1803.255,680.000,2.457,0.219,0.217,0.218,0.219,0.219,0.700,0.700,0.811,0.848,-1.900,0.399,0.399,-3.500,0.732,0.399,-3.400,0.705,0.399,-3.400,0.698,0.399,-3.400,0.704,0.399
20110101_0957,-27.020,-63.210,586.000,CB.LYN.00,34.550,112.470,171.608,1806.252,1872.094,1895.127,681.000,3.465,-0.067,-0.002,-0.013,-0.018,-0.018,-2.300,1.600,0.631,-0.808,-1.500,0.567,0.567,-2.500,0.621,0.567,-2.500,0.625,0.567,-2.400,0.621,0.567,-2.500,0.626,0.567
20110101_0957,-27.020,-63.210,586.000,6F.BL14.,-23.930,133.368,126.595,1555.585,1572.596,1577.696,682.000,0.350,0.025,0.002,0.002,0.008,0.007,9.000,-4.100,0.587,-0.999,-8.900,0.550,0.550,-9.000,0.553,0.550,-9.000,0.552,0.550,-9.100,0.544,0.550,-9.200,0.544,0.550
20110101_0957,-27.020,-63.210,586.000,SC.JLI.00,28.179,104.516,169.066,1793.821,1856.175,1877.781,683.000,1.707,0.347,0.383,0.403,0.400,0.391,1.800,2.200,0.580,0.547,-0.900,0.783,0.783,-2.800,0.689,0.783,-2.700,0.684,0.783,-2.700,0.683,0.783,-2.700,0.681,0.783
20110101_0957,-27.020,-63.210,586.000,YP.NEAA.,47.601,129.805,157.035,1732.223,1779.116,1794.707,684.000,0.264,0.028,-0.001,-0.001,-0.001,-0.001,-2.500,-4.400,0.594,0.970,0.200,0.576,0.576,-8.100,0.500,0.576,-8.900,0.492,0.576,-9.000,0.492,0.576,-9.000,0.497,0.576
20110101_0957,-27.020,-63.210,586.000,SC.MGU.00,28.327,103.135,167.843,1787.770,1848.473,1869.411,685.000,3.581,0.187,0.156,0.137,0.146,0.157,6.800,-1.700,0.580,-0.552,6.900,0.479,0.479,2.600,0.553,0.479,2.900,0.554,0.479,2.800,0.556,0.479,2.600,0.557,0.479
20110101_0957,-27.020,-63.210,586.000,IC.LSA.10,29.703,91.128,157.306,1733.660,1780.880,1796.594,686.000,1.776,0.188,0.236,0.223,0.229,0.235,-9.000,-4.500,0.344,0.225,-13.800,0.323,0.323,-13.900,0.356,0.323,-13.700,0.360,0.323,-13.800,0.360,0.323,-13.900,0.360,0.323
20110101_0957,-27.020,-63.210,586.000,KR.OHH.,40.524,72.785,141.468,1645.656,1675.465,1684.832,687.000,0.957,0.011,0.152,0.139,0.144,0.150,0.600,0.500,0.686,0.685,9.500,0.295,0.295,-1.200,0.402,0.295,-1.000,0.577,0.295,-1.000,0.540,0.295,-1.100,0.451,0.295
20110101_0957,-27.020,-63.210,586.000,XZ.SUH.00,33.200,88.800,155.093,1721.848,1766.424,1781.144,688.000,0.901,-0.109,0.059,0.114,0.111,0.077,-2.700,-2.300,0.744,0.761,-3.900,0.658,0.658,-3.000,0.741,0.658,-3.000,0.754,0.658,-3.000,0.754,0.658,-3.000,0.748,0.658
20110101_0957,-27.020,-63.210,586.000,SX.TIY.00,38.427,113.003,168.160,1789.342,1850.471,1871.581,689.000,11.179,0.194,0.118,0.106,0.095,0.111,0.300,0.200,0.715,0.722,-5.300,0.565,0.565,-5.800,0.546,0.565,-5.600,0.544,0.565,-5.500,0.533,0.565,-5.700,0.535,0.565
20110101_0957,-27.020,-63.210,586.000,YN.SIM.00,22.776,101.014,165.087,1773.952,1831.002,1850.484,690.000,3.272,0.149,0.170,0.165,0.168,0.170,-0.800,-4.100,0.451,-0.778,-9.500,0.681,0.681,-8.900,0.686,0.681,-8.900,0.689,0.681,-8.900,0.689,0.681,-8.900,0.689,0.681
20110101_0957,-27.020,-63.210,586.000,HE.XLD.00,40.395,118.020,166.587,1781.501,1840.529,1860.794,691.000,4.195,0.188,0.155,0.154,0.148,0.150,-0.900,-4.500,0.914,-0.383,0.700,0.688,0.688,2.100,0.536,0.688,2.300,0.511,0.688,2.500,0.494,0.688,2.500,0.498,0.688
20110101_0957,-27.020,-63.210,586.000,YP.NE81.,46.070,116.635,160.950,1752.770,1804.496,1821.920,692.000,6.800,0.209,0.229,0.237,0.246,0.243,1.000,-2.600,0.871,-0.971,-5.400,0.745,0.745,-4.400,0.715,0.745,-4.100,0.676,0.745,-3.900,0.636,0.745,-4.000,0.644,0.745
20110101_0957,-27.020,-63.210,586.000,XJ.QMO.00,37.310,85.470,151.723,1703.565,1744.241,1757.499,693.000,0.754,0.313,0.081,0.104,0.100,0.087,0.200,4.200,0.534,-0.172,-0.100,0.584,0.584,2.300,0.587,0.584,2.900,0.579,0.584,2.800,0.571,0.584,2.500,0.585,0.584
20110101_0957,-27.020,-63.210,586.000,GX.XCT.00,23.948,108.610,172.005,1808.178,1874.572,1897.831,694.000,3.490,0.221,0.345,0.326,0.326,0.333,0.000,3.900,0.600,-0.853,-0.700,0.476,0.476,-0.200,0.663,0.476,-0.200,0.644,0.476,-0.100,0.644,0.476,-0.200,0.653,0.476
20110101_0957,-27.020,-63.210,586.000,GX.LNS.00,22.420,109.281,171.776,1807.070,1873.146,1896.275,695.000,5.253,-0.019,0.136,0.140,0.144,0.142,-1.100,-4.000,0.688,-0.805,-9.500,0.357,0.357,0.600,0.549,0.357,0.600,0.557,0.357,0.600,0.559,0.357,0.500,0.556,0.357
20110101_0957,-27.020,-63.210,586.000,HE.HNS.00,37.401,114.710,169.472,1795.820,1858.728,1880.558,696.000,5.992,0.054,0.086,0.089,0.092,0.093,2.300,2.600,0.720,0.556,8.900,0.748,0.748,8.100,0.548,0.748,8.200,0.585,0.748,8.400,0.626,0.748,8.200,0.612,0.748
20110101_0957,-27.020,-63.210,586.000,YP.NE97.,46.898,125.959,158.851,1741.814,1790.921,1807.348,697.000,2.204,0.170,0.053,0.058,0.056,0.056,0.800,-2.700,0.653,-0.578,-6.600,0.360,0.360,-8.000,0.592,0.360,-8.100,0.608,0.360,-8.100,0.605,0.360,-8.100,0.604,0.360
20110101_0957,-27.020,-63.210,586.000,YP.NE52.,44.132,117.053,162.887,1762.751,1816.949,1835.320,698.000,3.262,0.171,0.132,0.137,0.141,0.140,2.300,2.300,0.937,0.949,1.700,0.602,0.602,2.500,0.631,0.602,2.600,0.626,0.602,2.700,0.615,0.602,2.600,0.619,0.602
20110101_0957,-27.020,-63.210,586.000,ZJ.NIH.00,29.246,121.704,175.129,1823.153,1893.955,1919.026,699.000,3.577,0.241,0.237,0.261,0.261,0.254,0.700,0.600,0.795,0.780,1.700,0.708,0.708,1.000,0.688,0.708,0.700,0.750,0.708,0.800,0.750,0.708,0.900,0.730,0.708
20110101_0957,-27.020,-63.210,586.000,JS.SH.00,33.544,118.156,173.370,1814.759,1883.064,1907.107,700.000,2.659,-0.255,-0.230,-0.235,-0.236,-0.226,-8.000,-4.300,0.562,-0.853,-11.300,0.422,0.422,-9.300,0.350,0.422,-9.200,0.352,0.422,-9.000,0.350,0.422,-9.000,0.352,0.422
20110101_0957,-27.020,-63.210,586.000,SN.JYAT.00,34.709,108.753,169.678,1796.833,1860.021,1881.966,701.000,3.319,-0.029,-0.077,-0.093,-0.098,-0.085,-0.700,2.700,0.625,-0.794,-1.100,0.672,0.672,-1.200,0.591,0.672,5.200,0.660,0.672,5.200,0.684,0.672,5.200,0.632,0.672
20110101_0957,-27.020,-63.210,586.000,HA.HX.00,35.450,113.440,171.098,1803.777,1868.915,1891.659,702.000,5.641,0.294,0.211,0.221,0.244,0.220,-1.100,2.600,0.883,-0.665,1.400,0.727,0.727,0.000,0.726,0.727,0.000,0.719,0.727,0.100,0.703,0.727,0.000,0.715,0.727
20110101_0957,-27.020,-63.210,586.000,GD.YGC.00,22.417,111.942,173.631,1816.012,1884.686,1908.881,703.000,1.517,0.165,0.163,0.150,0.152,0.163,0.300,0.200,0.755,0.779,-3.700,0.625,0.625,0.000,0.627,0.625,-0.100,0.650,0.625,-0.100,0.653,0.625,-0.100,0.644,0.625
20110101_0957,-27.020,-63.210,586.000,LN.LHT.00,41.830,123.950,164.071,1768.797,1824.523,1843.487,704.000,3.752,-0.046,-0.079,-0.072,-0.076,-0.073,0.100,0.300,0.844,0.841,8.800,0.590,0.590,8.700,0.456,0.590,8.800,0.435,0.590,8.800,0.421,0.590,8.800,0.425,0.590
20110101_0957,-27.020,-63.210,586.000,YP.NE78.,45.507,123.223,160.815,1752.070,1803.626,1820.984,705.000,1.613,0.036,0.053,0.056,0.057,0.058,0.500,0.400,0.744,0.859,-6.200,0.469,0.469,-3.800,0.607,0.469,-3.600,0.621,0.469,-3.500,0.627,0.469,-3.600,0.618,0.469
20110101_0957,-27.020,-63.210,586.000,IU.BILL.00,68.065,166.453,129.555,1574.076,1593.348,1599.162,706.000,2.352,0.199,0.157,0.107,0.108,0.104,-0.400,-0.400,0.777,0.864,-8.100,0.530,0.530,-8.600,0.518,0.530,-0.100,0.680,0.530,0.100,0.680,0.530,0.000,0.685,0.530
20110101_0957,-27.020,-63.210,586.000,SN.HZHT.00,33.018,107.010,169.631,1796.602,1859.727,1881.646,707.000,3.135,0.102,0.028,0.018,0.020,0.024,7.100,3.400,0.684,-0.241,-0.700,0.784,0.784,-9.100,0.451,0.784,-9.100,0.447,0.784,-9.100,0.449,0.784,-9.000,0.461,0.784
20110101_0957,-27.020,-63.210,586.000,JS.XIY.00,34.498,119.542,172.158,1808.918,1875.525,1898.871,708.000,8.352,0.008,0.066,0.069,0.062,0.067,-5.500,-1.800,0.662,-0.658,4.400,0.451,0.451,4.600,0.421,0.451,4.600,0.416,0.451,4.500,0.436,0.451,4.600,0.421,0.451
20110101_0957,-27.020,-63.210,586.000,QH.LED.00,36.551,102.397,164.522,1771.091,1827.404,1846.596,709.000,2.486,0.018,-0.009,-0.020,-0.026,-0.017,-2.000,4.400,0.583,-0.700,-1.400,0.599,0.599,-0.900,0.580,0.599,-1.000,0.571,0.599,-1.000,0.567,0.599,-1.000,0.574,0.599
20110101_0957,-27.020,-63.210,586.000,SC.XJI.00,30.995,102.358,166.779,1782.466,1841.749,1862.117,710.000,0.726,0.204,0.090,-0.012,-0.017,-0.028,-3.000,-3.100,0.861,0.773,6.300,0.542,0.542,-5.900,0.531,0.542,-0.900,0.892,0.542,-0.900,0.891,0.542,-0.800,0.883,0.542
20110101_0957,-27.020,-63.210,586.000,HI.WET.00,19.958,110.870,171.096,1803.763,1868.897,1891.640,711.000,4.351,0.242,-0.015,-0.031,-0.032,-0.027,1.200,1.100,0.551,0.639,0.900,0.623,0.623,-2.000,0.662,0.623,-2.100,0.643,0.623,-2.200,0.627,0.623,-2.100,0.648,0.623
20110101_0957,-27.020,-63.210,586.000,GD.DGD.00,22.060,114.303,174.549,1820.397,1890.371,1915.101,712.000,4.062,0.426,0.427,0.432,0.437,0.435,-2.300,-2.100,0.942,0.913,0.200,0.747,0.747,-0.300,0.891,0.747,-0.300,0.908,0.747,-0.300,0.924,0.747,-0.300,0.916,0.747
20110101_0957,-27.020,-63.210,586.000,JS.DH.00,34.505,118.772,172.324,1809.723,1876.562,1900.003,713.000,7.509,-0.196,0.023,0.026,0.032,0.022,-4.500,-0.800,0.884,-0.839,-3.300,0.736,0.736,-2.700,0.703,0.736,-2.700,0.702,0.736,-2.700,0.697,0.736,-2.700,0.701,0.736
20110101_0957,-27.020,-63.210,586.000,LN.JZH.00,41.075,121.140,165.495,1776.015,1833.600,1853.293,714.000,9.563,0.028,-0.011,0.001,0.010,0.006,-0.900,-0.400,0.802,0.766,2.200,0.545,0.545,-9.400,0.473,0.545,-9.300,0.497,0.545,-9.200,0.520,0.545,-9.200,0.512,0.545
20110101_0957,-27.020,-63.210,586.000,CB.CD2.00,30.910,103.758,167.962,1788.362,1849.225,1870.228,715.000,2.714,-0.032,0.047,0.058,0.056,0.056,6.100,-1.900,0.514,-0.565,7.400,0.506,0.506,3.100,0.646,0.506,3.300,0.641,0.506,3.300,0.640,0.506,3.200,0.645,0.506
20110101_0957,-27.020,-63.210,586.000,JS.CZ.00,31.772,120.098,174.443,1819.891,1889.714,1914.382,716.000,5.250,0.117,0.085,0.091,0.099,0.088,1.900,2.000,0.862,0.855,3.700,0.545,0.545,4.400,0.684,0.545,4.500,0.705,0.545,4.600,0.717,0.545,4.600,0.717,0.545
20110101_0957,-27.020,-63.210,586.000,HE.HST.00,36.186,113.950,170.522,1800.964,1865.308,1887.726,717.000,5.252,0.123,0.187,0.178,0.168,0.177,0.200,4.000,0.796,-0.887,2.000,0.514,0.514,1.900,0.747,0.514,1.900,0.733,0.514,2.000,0.714,0.514,1.900,0.727,0.514
20110101_0957,-27.020,-63.210,586.000,SC.XHA.00,31.374,107.717,170.967,1803.138,1868.095,1890.765,718.000,3.793,0.135,0.010,0.009,0.003,-0.011,4.200,4.300,0.782,0.811,6.400,0.694,0.694,-1.100,0.641,0.694,-0.900,0.698,0.694,-0.900,0.701,0.694,-1.100,0.660,0.694
20110101_0957,-27.020,-63.210,586.000,YP.NEP7.,48.174,118.147,158.819,1741.649,1790.717,1807.130,719.000,6.625,0.274,0.304,0.300,0.296,0.298,1.700,1.800,0.958,0.972,-3.200,0.559,0.559,-2.600,0.529,0.559,-2.500,0.506,0.559,-2.300,0.484,0.559,-2.400,0.495,0.559
20110101_0957,-27.020,-63.210,586.000,HE.WEC.00,41.929,117.748,165.070,1773.866,1830.894,1850.367,720.000,2.548,0.220,0.317,0.322,0.332,0.327,0.000,0.000,0.787,0.766,-0.100,0.632,0.632,0.300,0.563,0.632,0.200,0.555,0.632,0.300,0.538,0.632,0.200,0.546,0.632
20110101_0957,-27.020,-63.210,586.000,JS.LIS.00,31.646,119.114,174.950,1822.304,1892.850,1917.816,721.000,5.814,0.155,0.055,0.060,0.070,0.059,-4.800,-4.300,0.581,0.512,-5.300,0.640,0.640,-10.400,0.695,0.640,-10.300,0.687,0.640,-10.300,0.674,0.640,-10.300,0.682,0.640
20110101_0957,-27.020,-63.210,586.000,KZ.KNDC.,43.217,76.966,144.066,1660.653,1693.070,1703.346,722.000,0.942,-0.016,0.199,0.197,0.202,0.203,-6.900,-3.400,0.242,0.104,11.800,0.284,0.284,12.700,0.307,0.284,12.900,0.295,0.284,12.900,0.293,0.284,12.800,0.299,0.284
20110101_0957,-27.020,-63.210,586.000,XZ.RKZ.00,29.223,88.870,155.335,1723.147,1768.009,1782.836,723.000,5.328,-0.015,0.016,0.015,0.014,0.015,-2.600,-2.300,0.721,0.447,-4.500,0.624,0.624,-5.300,0.595,0.624,-4.900,0.618,0.624,-5.000,0.609,0.624,-5.200,0.594,0.624
20110101_0957,-27.020,-63.210,586.000,LN.HUR.00,41.279,125.354,164.097,1768.931,1824.692,1843.669,724.000,3.600,0.247,0.174,0.168,0.181,0.177,-7.200,0.100,0.468,0.442,-5.600,0.523,0.523,0.400,0.649,0.523,0.100,0.590,0.523,-0.100,0.551,0.523,-0.100,0.560,0.523
20110101_0957,-27.020,-63.210,586.000,GS.GTA.00,39.400,99.817,161.220,1754.169,1806.236,1823.790,725.000,2.172,0.012,0.106,0.136,0.149,0.117,2.800,-0.500,0.590,-0.710,3.100,0.633,0.633,3.900,0.461,0.633,4.100,0.408,0.633,4.200,0.390,0.633,3.900,0.433,0.633
20110101_0957,-27.020,-63.210,586.000,SN.HUAX.00,34.401,109.720,170.444,1800.586,1864.824,1887.198,726.000,3.593,-0.151,-0.181,-0.196,-0.201,-0.195,2.700,3.100,0.630,0.513,3.600,0.523,0.523,3.400,0.599,0.523,3.400,0.574,0.523,3.400,0.560,0.523,3.400,0.580,0.523
20110101_0957,-27.020,-63.210,586.000,GS.DHT.00,40.040,94.831,157.640,1735.431,1783.056,1798.924,727.000,3.437,0.427,0.420,0.424,0.422,0.421,3.200,3.600,0.502,0.462,-1.400,0.748,0.748,-0.500,0.764,0.748,-0.200,0.756,0.748,-0.100,0.755,0.748,-0.400,0.757,0.748
20110101_0957,-27.020,-63.210,586.000,XJ.GAZ.00,43.525,88.577,151.891,1704.488,1745.356,1758.684,728.000,1.743,0.114,0.063,0.075,0.080,0.067,0.400,0.300,0.624,0.570,1.700,0.363,0.363,4.900,0.351,0.363,5.200,0.395,0.363,5.200,0.398,0.363,5.000,0.376,0.363
20110101_0957,-27.020,-63.210,586.000,SN.XIXI.00,32.910,107.716,170.184,1799.315,1863.197,1885.425,729.000,3.553,0.016,-0.034,-0.030,-0.024,-0.037,5.300,5.100,0.764,0.685,-1.500,0.486,0.486,-0.700,0.664,0.486,-0.600,0.680,0.486,-0.500,0.700,0.486,-0.700,0.669,0.486
20110101_0957,-27.020,-63.210,586.000,YP.NEA8.,47.701,127.193,157.775,1736.143,1783.931,1799.860,730.000,0.343,0.004,0.007,0.008,0.008,0.008,-10.800,-4.900,0.112,0.909,0.700,0.898,0.898,0.700,0.816,0.898,0.500,0.867,0.898,0.400,0.861,0.898,0.400,0.855,0.898
20110101_0957,-27.020,-63.210,586.000,FJ.MQDQ.00,26.381,118.908,178.003,1836.656,1911.622,1938.419,731.000,12.507,0.319,0.253,0.296,0.287,0.258,-2.400,1.400,0.847,0.286,1.800,0.741,0.741,2.700,0.719,0.741,2.400,0.731,0.741,2.500,0.726,0.741,2.700,0.721,0.741
20110101_0957,-27.020,-63.210,586.000,AK.ATKA.,52.202,-174.197,123.678,1537.084,1552.017,1556.471,732.000,0.747,0.198,0.125,0.148,0.145,0.145,-5.900,-3.100,0.761,-0.689,-0.400,0.343,0.343,-0.100,0.314,0.343,-0.700,0.321,0.343,-0.400,0.318,0.343,-0.300,0.315,0.343
20110101_0957,-27.020,-63.210,586.000,YN.JIS.00,23.650,102.760,166.888,1783.008,1842.435,1862.861,733.000,0.390,0.031,0.041,0.039,0.040,0.040,9.800,-2.100,0.474,0.198,6.300,0.477,0.477,0.600,0.721,0.477,0.500,0.723,0.477,0.600,0.723,0.477,0.600,0.719,0.477
20110101_0957,-27.020,-63.210,586.000,HE.CLI.00,39.758,119.096,167.119,1784.162,1843.896,1864.445,734.000,3.723,0.210,0.182,0.171,0.163,0.167,0.700,-3.100,0.790,-0.895,2.000,0.483,0.483,10.700,0.398,0.483,10.900,0.380,0.483,11.000,0.369,0.483,11.000,0.371,0.483
20110101_0957,-27.020,-63.210,586.000,HA.ZMD.00,33.133,113.745,173.344,1814.634,1882.902,1906.930,735.000,6.161,-0.144,-0.129,-0.120,-0.110,-0.136,-8.000,-4.100,0.795,-0.724,-8.300,0.412,0.412,-2.900,0.613,0.412,-2.800,0.606,0.412,-2.700,0.598,0.412,-2.800,0.598,0.412
20110101_0957,-27.020,-63.210,586.000,SX.SHZ.00,40.142,113.237,166.552,1781.328,1840.309,1860.556,736.000,10.166,0.300,0.368,0.360,0.353,0.360,0.300,3.700,0.588,-0.654,9.300,0.602,0.602,8.500,0.667,0.602,8.500,0.650,0.602,8.500,0.631,0.602,8.500,0.641,0.602
20110101_0957,-27.020,-63.210,586.000,HL.DNI.00,44.057,131.091,159.435,1744.880,1794.709,1811.411,737.000,2.555,0.347,0.400,0.412,0.406,0.408,0.400,-0.200,0.573,0.519,-0.300,0.634,0.634,-0.100,0.646,0.634,-0.300,0.641,0.634,-0.400,0.634,0.634,-0.500,0.636,0.634
20110101_0957,-27.020,-63.210,586.000,LN.DL2.00,38.906,121.628,167.445,1785.791,1845.961,1866.685,738.000,2.630,0.115,-0.024,-0.021,-0.018,-0.021,0.200,-2.200,0.509,-0.487,3.000,0.533,0.533,2.700,0.575,0.533,2.700,0.571,0.533,2.600,0.569,0.533,2.600,0.571,0.533
20110101_0957,-27.020,-63.210,586.000,YP.NE7B.,45.493,126.878,159.854,1747.069,1797.420,1814.320,739.000,2.381,0.324,-0.076,-0.056,-0.051,-0.053,1.300,1.700,0.874,0.900,0.400,0.749,0.749,2.600,0.606,0.749,2.500,0.601,0.749,2.500,0.587,0.749,2.500,0.587,0.749
20110101_0957,-27.020,-63.210,586.000,AT.SMY.,52.731,174.103,130.758,1581.519,1601.747,1607.871,740.000,1.308,0.196,0.140,0.115,0.123,0.125,0.100,3.000,0.943,-0.907,-7.100,0.417,0.417,-7.100,0.422,0.417,-7.500,0.447,0.417,-7.400,0.444,0.417,-7.400,0.440,0.417
20110101_0957,-27.020,-63.210,586.000,BJ.LLM.00,40.629,116.638,166.390,1780.516,1839.282,1859.443,741.000,3.230,0.027,-0.031,-0.024,-0.020,-0.021,0.800,0.600,0.619,0.553,2.100,0.702,0.702,2.800,0.537,0.702,3.000,0.495,0.702,3.300,0.473,0.702,3.200,0.480,0.702
20110101_0957,-27.020,-63.210,586.000,SX.PIG.00,39.452,111.513,166.815,1782.645,1841.975,1862.362,742.000,4.639,0.334,0.322,0.321,0.323,0.325,-5.500,-2.100,0.660,-0.568,3.000,0.498,0.498,2.300,0.541,0.498,2.300,0.526,0.498,2.400,0.512,0.498,2.300,0.523,0.498
20110101_0957,-27.020,-63.210,586.000,JX.LON.00,24.769,114.817,177.134,1832.601,1906.297,1932.565,743.000,5.336,0.186,0.120,0.157,0.151,0.139,7.200,2.000,0.426,-0.713,7.700,0.676,0.676,6.300,0.624,0.676,6.300,0.643,0.676,6.400,0.640,0.676,6.300,0.635,0.676
20110101_0957,-27.020,-63.210,586.000,GZ.LDT.00,25.425,106.749,170.855,1802.589,1867.392,1889.998,744.000,2.940,0.071,0.218,0.237,0.240,0.204,4.500,1.400,0.772,-0.703,-8.000,0.427,0.427,-7.300,0.570,0.427,-7.200,0.580,0.427,-7.200,0.581,0.427,-7.300,0.573,0.427
20110101_0957,-27.020,-63.210,586.000,SH.XKS.00,31.058,121.142,174.453,1819.940,1889.778,1914.452,745.000,3.931,0.221,0.260,0.250,0.253,0.249,-0.100,-0.100,0.674,0.634,0.800,0.805,0.805,0.800,0.765,0.805,0.600,0.774,0.805,0.500,0.785,0.805,0.600,0.784,0.805
20110101_0957,-27.020,-63.210,586.000,YP.NE21.,42.007,116.111,165.003,1773.528,1830.468,1849.907,746.000,1.517,0.229,0.228,0.232,0.233,0.232,1.200,1.500,0.863,0.911,5.300,0.389,0.389,-7.900,0.463,0.389,-7.900,0.475,0.389,-7.900,0.485,0.389,-7.900,0.489,0.389
20110101_0957,-27.020,-63.210,586.000,II.KWAJ.10,8.802,167.613,128.730,1568.951,1587.581,1593.190,747.000,0.765,0.139,0.122,0.089,0.106,0.121,0.300,3.500,0.778,-0.842,-7.000,0.504,0.504,-7.200,0.509,0.504,-7.700,0.527,0.504,-7.500,0.520,0.504,-7.200,0.509,0.504
20110101_0957,-27.020,-63.210,586.000,SC.TQU.00,30.073,102.764,167.316,1785.148,1845.146,1865.800,748.000,3.696,0.194,0.191,0.179,0.180,0.187,-4.500,1.000,0.572,-0.453,6.100,0.422,0.422,-9.100,0.439,0.422,4.800,0.486,0.422,4.800,0.473,0.422,-8.900,0.449,0.422
20110101_0957,-27.020,-63.210,586.000,YN.GEJ.00,23.354,103.160,167.141,1784.271,1844.035,1864.595,749.000,1.844,0.262,0.206,0.097,0.095,0.207,8.000,-2.000,0.681,-0.622,2.700,0.617,0.617,-0.700,0.425,0.617,-5.800,0.496,0.617,-5.700,0.495,0.617,-0.600,0.443,0.617
20110101_0957,-27.020,-63.210,586.000,YN.QKT.00,25.217,98.335,163.347,1765.103,1819.893,1838.493,750.000,0.348,0.002,0.011,0.012,0.012,0.012,11.300,-1.400,0.221,0.331,-2.300,0.701,0.701,-2.100,0.669,0.701,-2.000,0.688,0.701,-1.900,0.682,0.701,-2.000,0.673,0.701
20110101_0957,-27.020,-63.210,586.000,SX.CHZ.00,36.224,113.180,170.298,1799.871,1863.909,1886.201,751.000,4.897,0.052,0.076,0.072,0.067,0.072,0.500,4.200,0.744,-0.834,1.300,0.688,0.688,1.800,0.653,0.688,1.700,0.645,0.688,1.700,0.634,0.688,1.700,0.645,0.688
20110101_0957,-27.020,-63.210,586.000,AH.CHZ.00,32.285,118.280,174.578,1820.534,1890.549,1915.296,752.000,3.085,0.292,0.208,0.196,0.179,0.199,1.100,1.400,0.795,0.887,-1.600,0.618,0.618,0.500,0.403,0.618,0.600,0.406,0.618,0.700,0.402,0.618,0.700,0.402,0.618
20110101_0957,-27.020,-63.210,586.000,GS.WDT.00,33.361,104.992,168.004,1788.572,1849.492,1870.518,753.000,2.229,0.282,0.195,0.176,0.171,0.179,-3.200,0.400,0.151,-0.524,-0.800,0.395,0.395,-5.800,0.383,0.395,-5.600,0.369,0.395,-5.700,0.372,0.395,-5.800,0.374,0.395
20110101_0957,-27.020,-63.210,586.000,HN.CHL.00,26.795,113.506,177.063,1832.270,1905.862,1932.088,754.000,4.380,-0.065,0.172,0.096,0.099,0.167,-1.700,-1.500,0.730,0.700,-8.200,0.614,0.614,0.100,0.831,0.614,-0.300,0.886,0.614,-0.300,0.884,0.614,0.100,0.828,0.614
20110101_0957,-27.020,-63.210,586.000,TJ.SJT.00,39.243,118.002,167.735,1787.233,1847.792,1868.672,755.000,3.471,0.164,0.165,0.162,0.159,0.160,0.700,1.200,0.564,0.541,0.300,0.389,0.389,8.100,0.405,0.389,8.100,0.405,0.389,8.200,0.405,0.389,8.200,0.411,0.389
20110101_0957,-27.020,-63.210,586.000,6F.BL09.,-21.114,134.025,129.055,1570.974,1589.856,1595.546,756.000,0.468,0.119,0.177,0.174,0.150,0.156,-0.100,-1.400,0.385,0.049,-1.900,0.685,0.685,-1.500,0.655,0.685,-1.400,0.652,0.685,-1.700,0.634,0.685,-1.700,0.635,0.685
20110101_0957,-27.020,-63.210,586.000,SD.YTA.00,37.520,121.387,168.807,1792.548,1854.552,1876.016,757.000,3.606,0.064,0.110,0.111,0.107,0.112,1.200,-1.900,0.654,-0.844,-3.100,0.290,0.290,-3.600,0.446,0.290,-3.500,0.423,0.290,-3.600,0.402,0.290,-3.600,0.410,0.290
20110101_0957,-27.020,-63.210,586.000,HE.CHC.00,40.914,115.837,166.084,1778.977,1837.337,1857.337,758.000,2.746,0.016,0.032,0.035,0.029,0.034,-0.200,-4.200,0.491,-0.570,2.000,0.640,0.640,1.900,0.534,0.640,-10.100,0.566,0.640,-10.000,0.586,0.640,-10.000,0.583,0.640
20110101_0957,-27.020,-63.210,586.000,YN.MIL.00,24.406,103.388,167.653,1786.823,1847.272,1868.107,759.000,0.376,0.046,0.052,0.052,0.052,0.050,-8.800,0.300,0.279,-0.346,-12.500,0.547,0.547,3.700,0.303,0.547,3.000,0.268,0.547,3.100,0.277,0.547,3.400,0.299,0.547
20110101_0957,-27.020,-63.210,586.000,XZ.LSA.00,29.710,91.120,157.299,1733.625,1780.837,1796.548,760.000,0.317,-0.001,-0.030,-0.033,-0.033,-0.032,8.700,-2.500,0.303,0.080,-11.500,0.536,0.536,-11.500,0.586,0.536,-11.300,0.607,0.536,-11.300,0.614,0.536,-11.400,0.599,0.536
20110101_0957,-27.020,-63.210,586.000,SN.HZHG.00,33.253,107.433,169.793,1797.399,1860.745,1882.755,761.000,3.475,0.032,-0.149,-0.137,-0.133,-0.143,6.800,3.500,0.585,-0.198,-0.600,0.599,0.599,-0.100,0.509,0.599,0.000,0.484,0.599,0.100,0.473,0.599,0.000,0.498,0.599
20110101_0957,-27.020,-63.210,586.000,HA.LYN.00,34.550,112.470,171.608,1806.252,1872.094,1895.127,762.000,3.472,-0.068,-0.003,-0.014,-0.019,-0.018,-2.300,1.600,0.629,-0.807,-1.500,0.566,0.566,-2.500,0.620,0.566,-2.500,0.623,0.566,-2.400,0.620,0.566,-2.500,0.625,0.566
20110101_0957,-27.020,-63.210,586.000,KN.AML.,42.131,73.694,141.923,1648.299,1678.556,1688.080,763.000,2.738,0.334,0.318,0.323,0.321,0.319,-0.700,-0.400,0.478,0.479,1.000,0.338,0.338,2.000,0.333,0.338,-1.200,0.363,0.338,-1.100,0.337,0.338,2.300,0.295,0.338
20110101_0957,-27.020,-63.210,586.000,GS.MXT.00,34.431,104.020,166.773,1782.436,1841.711,1862.075,764.000,3.028,-0.290,0.035,0.030,0.030,0.028,2.800,-1.400,0.709,-0.717,3.400,0.721,0.721,-4.200,0.760,0.721,-4.300,0.751,0.721,-4.300,0.748,0.721,-4.200,0.753,0.721
20110101_0957,-27.020,-63.210,586.000,KN.EKS2.,42.661,73.777,141.895,1648.135,1678.364,1687.877,765.000,1.951,0.165,0.102,0.086,0.088,0.097,-4.000,-4.100,0.644,0.501,-4.300,0.482,0.482,-3.100,0.620,0.482,-3.700,0.525,0.482,-3.600,0.545,0.482,-3.300,0.591,0.482
20110101_0957,-27.020,-63.210,586.000,SC.CD2.00,30.910,103.758,167.962,1788.362,1849.225,1870.228,766.000,2.716,-0.028,0.052,0.062,0.060,0.061,6.100,-1.900,0.520,-0.562,7.400,0.510,0.510,3.100,0.650,0.510,3.300,0.645,0.510,3.300,0.644,0.510,3.100,0.649,0.510
20110101_0957,-27.020,-63.210,586.000,QH.DAT.00,36.944,101.697,163.838,1767.610,1823.034,1841.880,767.000,2.119,0.162,0.100,0.068,0.069,0.093,-4.500,-4.500,0.570,0.543,-5.600,0.675,0.675,-4.900,0.648,0.675,-4.200,0.829,0.675,-4.200,0.829,0.675,-4.900,0.645,0.675
20110101_0957,-27.020,-63.210,586.000,YP.NE32.,42.671,117.070,164.348,1770.203,1826.289,1845.392,768.000,4.550,0.199,0.181,0.184,0.187,0.186,-0.400,3.000,0.713,-0.776,-2.500,0.479,0.479,-1.900,0.462,0.479,-1.900,0.476,0.479,-1.900,0.485,0.479,-2.000,0.485,0.479
20110101_0957,-27.020,-63.210,586.000,XJ.KMS.00,42.268,88.173,152.161,1705.966,1747.141,1760.583,769.000,1.302,-0.099,-0.094,-0.012,0.003,-0.063,-5.400,3.200,0.723,0.801,3.400,0.566,0.566,5.200,0.452,0.566,5.800,0.456,0.566,5.900,0.454,0.566,5.500,0.448,0.566
20110101_0957,-27.020,-63.210,586.000,QH.LWS.00,36.918,102.121,164.133,1769.114,1824.922,1843.917,770.000,3.848,-0.004,-0.069,-0.077,-0.082,-0.075,-4.400,0.700,0.444,-0.352,-4.700,0.821,0.821,-4.000,0.904,0.821,-4.000,0.917,0.821,-3.900,0.917,0.821,-4.000,0.912,0.821
20110101_0957,-27.020,-63.210,586.000,TW.KMNB.00,24.460,118.390,177.062,1832.267,1905.858,1932.084,771.000,10.369,0.229,0.336,0.340,0.333,0.335,-0.700,0.600,0.939,0.822,2.100,0.641,0.641,1.300,0.503,0.641,1.100,0.484,0.641,1.200,0.477,0.641,1.200,0.490,0.641
20110101_0957,-27.020,-63.210,586.000,AU.MUN.,-31.978,116.208,120.999,1519.842,1533.004,1536.914,772.000,3.978,0.725,0.729,0.728,0.720,0.723,-0.900,-0.600,0.752,0.868,-0.100,0.797,0.797,-0.100,0.809,0.797,-0.100,0.806,0.797,-0.100,0.768,0.797,-0.100,0.774,0.797
20110101_0957,-27.020,-63.210,586.000,GS.SGT.00,37.621,102.761,164.130,1769.100,1824.903,1843.897,773.000,3.633,0.043,0.027,0.015,0.013,0.021,5.200,1.800,0.772,-0.686,-3.500,0.665,0.665,-3.000,0.755,0.665,-3.000,0.765,0.665,-2.900,0.769,0.665,-2.900,0.762,0.665
20110101_0957,-27.020,-63.210,586.000,SC.YYC.00,27.849,102.260,167.085,1783.992,1843.681,1864.212,774.000,2.951,0.220,0.154,0.142,0.140,0.155,0.300,3.400,0.575,-0.438,8.300,0.619,0.619,8.800,0.654,0.619,8.900,0.611,0.619,8.900,0.627,0.619,8.900,0.645,0.619
20110101_0957,-27.020,-63.210,586.000,KC.TARG.,41.729,77.805,145.002,1665.997,1699.381,1709.997,775.000,2.956,0.084,0.071,0.078,0.078,0.076,-3.200,0.000,0.909,-0.797,3.200,0.498,0.498,4.300,0.599,0.498,4.400,0.557,0.498,4.400,0.566,0.498,4.400,0.587,0.498
20110101_0957,-27.020,-63.210,586.000,SD.LSH.00,35.807,116.081,171.192,1804.234,1869.501,1892.299,776.000,3.892,0.355,0.369,0.370,0.361,0.366,-1.900,2.400,0.777,-0.759,1.200,0.860,0.860,1.000,0.826,0.860,1.300,0.807,0.860,1.600,0.778,0.860,1.400,0.794,0.860
20110101_0957,-27.020,-63.210,586.000,GD.HEJ.00,21.930,110.551,172.377,1809.975,1876.887,1900.358,777.000,2.821,-0.006,-0.170,-0.142,-0.152,-0.178,3.500,3.600,0.933,0.964,8.200,0.829,0.829,-2.500,0.615,0.829,-2.400,0.638,0.829,-2.500,0.635,0.829,-2.600,0.629,0.829
20110101_0957,-27.020,-63.210,586.000,ZJ.SHS.00,30.705,122.451,173.824,1816.937,1885.883,1910.189,778.000,5.326,0.151,0.236,0.249,0.247,0.251,-0.600,-0.700,0.748,0.708,-0.600,0.464,0.464,-0.400,0.595,0.464,-0.500,0.605,0.464,-0.500,0.605,0.464,-0.500,0.604,0.464
20110101_0957,-27.020,-63.210,586.000,IC.KMI.00,25.148,102.747,167.257,1784.850,1844.769,1865.392,779.000,2.291,0.107,0.121,0.146,0.133,0.128,8.100,4.300,0.654,-0.765,8.700,0.623,0.623,9.200,0.525,0.623,9.300,0.441,0.623,9.200,0.468,0.623,9.200,0.509,0.623
20110101_0957,-27.020,-63.210,586.000,BU.ZUH.00,40.192,117.676,166.808,1782.608,1841.928,1862.311,780.000,1.436,0.128,0.244,0.243,0.252,0.245,0.900,4.300,0.906,-0.610,9.300,0.536,0.536,-1.000,0.697,0.536,-0.900,0.720,0.536,-0.900,0.742,0.536,-0.900,0.733,0.536
20110101_0957,-27.020,-63.210,586.000,GD.DOG.00,22.875,113.723,175.009,1822.583,1893.214,1918.214,781.000,3.278,0.293,0.400,0.406,0.402,0.401,-4.600,0.500,0.663,0.468,1.400,0.555,0.555,2.100,0.575,0.555,2.000,0.591,0.555,2.000,0.588,0.555,2.200,0.572,0.555
20110101_0957,-27.020,-63.210,586.000,HE.WAT.00,36.805,114.046,169.943,1798.133,1861.684,1883.777,782.000,7.880,0.002,0.022,0.030,0.034,0.037,1.600,5.000,0.799,-0.856,7.100,0.389,0.389,2.500,0.608,0.389,2.400,0.590,0.389,2.400,0.571,0.389,2.300,0.585,0.389
20110101_0957,-27.020,-63.210,586.000,LN.JCA.00,40.829,119.877,165.959,1778.348,1836.544,1856.478,783.000,5.513,0.151,0.236,0.243,0.245,0.246,0.600,-3.200,0.661,-0.910,2.900,0.613,0.613,-8.400,0.579,0.613,-8.300,0.591,0.613,-8.300,0.602,0.613,-8.300,0.600,0.613
20110101_0957,-27.020,-63.210,586.000,ZJ.XSH.00,29.894,120.105,175.907,1826.837,1898.756,1924.289,784.000,3.508,0.347,0.394,0.374,0.374,0.381,-1.900,2.100,0.654,-0.837,-1.000,0.737,0.737,-1.000,0.789,0.737,6.200,0.756,0.737,6.200,0.759,0.737,6.300,0.738,0.737
20110101_0957,-27.020,-63.210,586.000,GD.LIP.00,24.361,114.465,176.615,1830.168,1903.110,1929.066,785.000,5.501,0.233,0.211,0.216,0.220,0.227,-4.300,-4.300,0.421,0.265,8.800,0.363,0.363,8.100,0.337,0.363,8.100,0.332,0.363,8.100,0.338,0.363,8.000,0.344,0.363
20110101_0957,-27.020,-63.210,586.000,XJ.ZSU.00,42.676,80.367,146.612,1675.121,1710.199,1721.414,786.000,1.378,0.261,0.259,0.261,0.263,0.263,0.400,-2.500,0.672,-0.283,6.200,0.548,0.548,0.800,0.475,0.548,8.100,0.428,0.548,8.100,0.431,0.548,0.600,0.459,0.548
20110101_0957,-27.020,-63.210,586.000,HN.YIY.00,28.577,112.323,175.753,1826.109,1897.806,1923.248,787.000,1.201,0.377,0.306,0.297,0.299,0.307,-4.600,-4.600,0.706,0.532,-2.800,0.703,0.703,-7.600,0.446,0.703,-7.200,0.514,0.703,-7.300,0.507,0.703,-7.400,0.470,0.703
20110101_0957,-27.020,-63.210,586.000,SD.ANQ.00,36.374,119.218,170.422,1800.476,1864.684,1887.045,788.000,3.583,-0.158,-0.123,-0.117,-0.111,-0.108,1.800,5.200,0.886,-0.885,5.100,0.412,0.412,-3.300,0.568,0.412,-3.300,0.581,0.412,-3.200,0.591,0.412,-3.200,0.594,0.412
20110101_0957,-27.020,-63.210,586.000,XJ.HTTZ0.00,37.164,79.060,146.712,1675.688,1710.872,1722.126,789.000,1.730,0.171,0.209,0.233,0.231,0.218,0.400,3.900,0.806,-0.852,-0.800,0.503,0.503,0.500,0.537,0.503,0.500,0.458,0.503,0.500,0.486,0.503,0.600,0.526,0.503
20110101_0957,-27.020,-63.210,586.000,KN.UCH.,42.228,74.513,142.505,1651.671,1682.507,1692.231,790.000,1.599,0.048,0.007,0.007,0.010,0.008,3.400,3.600,0.747,0.808,11.700,0.458,0.458,4.700,0.526,0.458,4.800,0.376,0.458,4.800,0.408,0.458,4.700,0.482,0.458
20110101_0957,-27.020,-63.210,586.000,II.ABKT.00,37.930,58.119,130.136,1577.680,1597.411,1603.374,791.000,1.364,0.020,0.066,-0.026,0.072,0.070,-0.800,-4.200,0.632,-0.441,-9.600,0.400,0.400,-1.600,0.565,0.400,-7.900,0.464,0.400,-2.200,0.559,0.400,-1.700,0.548,0.400
20110101_0957,-27.020,-63.210,586.000,JP.YOJ.,24.467,123.011,173.843,1817.027,1886.001,1910.318,792.000,3.351,0.252,0.313,0.345,0.338,0.308,-3.000,1.700,0.643,0.644,1.500,0.781,0.781,2.600,0.659,0.781,2.400,0.655,0.781,2.400,0.649,0.781,2.700,0.652,0.781
20110101_0957,-27.020,-63.210,586.000,SX.ANZ.00,36.160,112.250,170.079,1798.799,1862.537,1884.706,793.000,5.230,-0.016,0.047,0.043,0.037,0.042,1.900,5.100,0.746,-0.813,2.000,0.631,0.631,2.500,0.489,0.631,2.300,0.485,0.631,2.300,0.480,0.631,2.300,0.487,0.631
20110101_0957,-27.020,-63.210,586.000,TM.UBPT.,15.277,105.469,164.228,1769.597,1825.527,1844.570,794.000,2.646,0.110,0.207,0.224,0.227,0.218,-0.600,0.000,0.535,0.528,-5.100,0.655,0.655,-3.700,0.771,0.655,-3.500,0.805,0.655,-3.300,0.835,0.655,-3.500,0.797,0.655
20110101_0957,-27.020,-63.210,586.000,CQ.CHK.00,31.963,108.646,171.363,1805.064,1870.567,1893.461,795.000,2.948,0.136,0.324,0.343,0.335,0.330,2.200,2.300,0.892,0.831,9.000,0.572,0.572,5.900,0.756,0.572,6.600,0.745,0.572,6.600,0.744,0.572,6.300,0.736,0.572
20110101_0957,-27.020,-63.210,586.000,HE.FEN.00,41.223,116.618,165.796,1777.531,1835.513,1855.362,796.000,1.128,0.117,0.142,0.138,0.133,0.134,0.100,-3.900,0.691,0.027,2.600,0.424,0.424,-9.700,0.478,0.424,-9.700,0.493,0.424,-9.600,0.506,0.424,-9.600,0.509,0.424
20110101_0957,-27.020,-63.210,586.000,HB.ZUX.00,32.324,109.711,171.882,1807.584,1873.807,1896.996,797.000,10.354,-0.035,-0.129,-0.151,-0.159,-0.150,8.600,-0.800,0.486,0.388,-0.800,0.413,0.413,-0.100,0.841,0.413,-0.100,0.824,0.413,0.000,0.811,0.413,-0.100,0.835,0.413
20110101_0957,-27.020,-63.210,586.000,KZ.KKAR.,43.103,70.511,139.462,1633.926,1661.798,1670.498,798.000,2.366,0.121,0.057,0.026,0.028,0.051,-2.500,-2.400,0.601,0.679,-2.100,0.388,0.388,0.500,0.448,0.388,0.100,0.335,0.388,0.100,0.391,0.388,0.400,0.428,0.388
20110101_0957,-27.020,-63.210,586.000,YP.NE34.,42.902,118.772,164.036,1768.619,1824.300,1843.246,799.000,1.356,0.149,0.069,0.071,0.069,0.070,-1.500,-0.800,0.469,0.372,2.900,0.574,0.574,-9.300,0.561,0.574,-9.300,0.568,0.574,-9.200,0.581,0.574,-9.200,0.575,0.574
20110101_0957,-27.020,-63.210,586.000,XJ.SCH.00,43.917,85.687,149.834,1693.154,1731.719,1744.197,800.000,1.207,0.211,0.106,0.078,0.076,0.095,-2.300,-2.300,0.709,0.804,6.500,0.270,0.270,8.900,0.433,0.270,9.000,0.496,0.270,9.100,0.499,0.270,8.900,0.459,0.270
20110101_0957,-27.020,-63.210,586.000,YP.NE38.,42.820,122.410,163.552,1766.149,1821.203,1839.906,801.000,2.311,0.195,0.017,0.016,0.012,0.014,8.200,3.700,0.421,-0.732,8.100,0.629,0.629,1.000,0.543,0.629,1.200,0.551,0.629,1.300,0.556,0.629,1.200,0.549,0.629
20110101_0957,-27.020,-63.210,586.000,GD.HUZ.00,23.242,114.424,175.658,1825.657,1897.217,1922.601,802.000,4.206,0.308,0.410,0.412,0.406,0.407,-0.100,-0.300,0.605,0.604,0.800,0.533,0.533,0.700,0.592,0.533,0.600,0.590,0.533,0.600,0.539,0.533,0.600,0.542,0.533
20110101_0957,-27.020,-63.210,586.000,SH.DYS.00,30.583,122.067,174.164,1818.559,1887.987,1912.491,803.000,2.549,0.274,0.270,0.276,0.280,0.287,-0.600,-4.100,0.662,-0.361,1.500,0.565,0.565,-8.200,0.462,0.565,-8.300,0.458,0.565,-8.300,0.451,0.565,-8.300,0.455,0.565
20110101_0957,-27.020,-63.210,586.000,BU.TST.00,40.537,117.128,166.480,1780.967,1839.852,1860.061,804.000,3.207,0.154,0.126,0.140,0.149,0.145,0.500,0.600,0.904,0.889,2.200,0.570,0.570,-1.900,0.526,0.570,-1.700,0.551,0.570,-1.500,0.574,0.570,-1.600,0.567,0.570
20110101_0957,-27.020,-63.210,586.000,HI.SLL.00,19.808,109.432,170.126,1799.030,1862.832,1885.027,805.000,2.867,0.328,-0.068,-0.031,-0.028,-0.054,-0.600,-0.300,0.703,0.616,-6.300,0.468,0.468,2.600,0.323,0.468,1.800,0.323,0.468,1.900,0.312,0.468,2.400,0.326,0.468
20110101_0957,-27.020,-63.210,586.000,CB.GZH.00,23.653,113.652,175.598,1825.375,1896.850,1922.199,806.000,0.456,0.033,0.006,0.015,0.014,0.015,-1.000,-1.200,0.417,0.489,-6.100,0.566,0.566,-6.000,0.653,0.566,-6.100,0.653,0.566,-6.000,0.652,0.566,-6.000,0.649,0.566
20110101_0957,-27.020,-63.210,586.000,HE.SXT.00,36.550,113.640,170.103,1798.916,1862.686,1884.868,807.000,12.935,0.138,0.166,0.172,0.175,0.176,1.300,4.700,0.833,-0.927,1.500,0.628,0.628,2.100,0.610,0.628,2.000,0.603,0.628,2.000,0.593,0.628,2.000,0.602,0.628
20110101_0957,-27.020,-63.210,586.000,AU.KMBL.,-31.367,121.882,121.411,1522.510,1535.936,1539.927,808.000,4.800,0.702,0.691,0.689,0.694,0.694,0.200,0.400,0.701,0.787,0.100,0.799,0.799,0.200,0.811,0.799,0.200,0.808,0.799,0.200,0.812,0.799,0.100,0.813,0.799
20110101_0957,-27.020,-63.210,586.000,XW.SUYR.,19.561,57.690,125.675,1549.783,1566.121,1571.011,809.000,1.821,0.269,-0.109,-0.112,-0.111,-0.110,3.000,-1.900,0.472,-0.401,1.600,0.252,0.252,7.400,0.320,0.252,7.000,0.449,0.252,7.100,0.412,0.252,7.300,0.336,0.252
20110101_0957,-27.020,-63.210,586.000,XJ.YUT.00,36.429,81.997,149.137,1689.284,1727.082,1739.280,810.000,1.010,0.254,0.266,0.263,0.269,0.268,-0.100,-5.600,0.696,0.444,3.400,0.345,0.345,5.300,0.499,0.345,6.000,0.534,0.345,5.900,0.528,0.345,5.500,0.506,0.345
20110101_0957,-27.020,-63.210,586.000,YN.YUL.00,25.885,99.372,164.377,1770.351,1826.474,1845.592,811.000,1.609,0.154,0.197,0.188,0.190,0.194,-8.900,-0.500,0.337,-0.765,-5.700,0.469,0.469,-5.600,0.552,0.469,-5.400,0.550,0.469,-5.400,0.553,0.469,-5.500,0.556,0.469
20110101_0957,-27.020,-63.210,586.000,QH.QSS.00,36.268,101.975,164.392,1770.428,1826.571,1845.697,812.000,3.531,0.051,0.081,0.065,0.058,0.067,8.800,3.000,0.387,-0.742,-2.400,0.711,0.711,-1.600,0.835,0.711,-1.700,0.826,0.711,-1.700,0.823,0.711,-1.700,0.823,0.711
20110101_0957,-27.020,-63.210,586.000,SC.XSB.00,27.862,102.448,167.251,1784.822,1844.733,1865.353,813.000,2.188,0.249,0.130,0.143,0.133,0.128,8.600,4.700,0.729,-0.186,8.600,0.611,0.611,10.000,0.453,0.611,10.100,0.419,0.611,10.000,0.429,0.611,9.900,0.446,0.611
20110101_0957,-27.020,-63.210,586.000,JS.HUA.00,33.615,119.005,173.134,1813.627,1881.600,1905.507,814.000,0.569,-0.094,-0.093,-0.094,-0.092,-0.093,-6.600,-2.600,0.697,-0.739,3.500,0.394,0.394,4.000,0.407,0.394,4.000,0.404,0.394,4.000,0.399,0.394,3.900,0.406,0.394
20110101_0957,-27.020,-63.210,586.000,HL.YIL.00,46.476,129.285,158.181,1738.291,1786.575,1802.692,815.000,2.484,0.219,0.215,0.211,0.213,0.214,0.900,1.000,0.901,0.897,0.600,0.897,0.897,1.600,0.793,0.897,1.600,0.770,0.897,1.600,0.748,0.897,1.600,0.750,0.897
20110101_0957,-27.020,-63.210,586.000,GS.LZH.00,36.083,103.844,165.747,1777.281,1835.198,1855.021,816.000,4.616,0.007,-0.033,-0.030,-0.017,-0.026,-0.100,3.300,0.681,-0.905,-2.200,0.623,0.623,-1.700,0.841,0.623,-1.600,0.868,0.623,-1.600,0.873,0.623,-1.600,0.860,0.623
20110101_0957,-27.020,-63.210,586.000,XJ.KSH.00,39.145,75.566,143.750,1658.840,1690.933,1701.096,817.000,1.550,0.226,0.132,0.095,0.096,0.115,-0.100,-0.300,0.760,0.723,6.100,0.275,0.275,7.700,0.351,0.275,7.900,0.315,0.275,7.900,0.318,0.275,7.800,0.341,0.275
20110101_0957,-27.020,-63.210,586.000,NM.AGL.00,43.303,122.629,163.043,1763.549,1817.947,1836.395,818.000,2.740,0.136,0.110,0.113,0.113,0.116,-0.400,-3.700,0.591,-0.815,0.800,0.831,0.831,-5.900,0.877,0.831,-5.800,0.879,0.831,-5.600,0.882,0.831,-5.800,0.878,0.831
20110101_0957,-27.020,-63.210,586.000,JX.JIX.00,28.212,116.247,178.715,1839.961,1915.972,1943.205,819.000,10.813,0.407,0.460,0.446,0.439,0.443,0.800,-4.300,0.731,0.170,-6.300,0.654,0.654,-6.600,0.581,0.654,-6.700,0.572,0.654,-6.800,0.559,0.654,-6.700,0.559,0.654
20110101_0957,-27.020,-63.210,586.000,HL.SHZ.00,44.062,128.956,160.341,1749.609,1800.569,1817.700,820.000,3.021,0.322,0.284,0.284,0.285,0.286,0.600,0.900,0.723,0.747,1.000,0.578,0.578,0.800,0.578,0.578,0.600,0.567,0.578,0.500,0.560,0.578,0.600,0.561,0.578
20110101_0957,-27.020,-63.210,586.000,JS.YC.00,33.367,120.133,173.028,1813.114,1880.938,1904.783,821.000,1.777,0.182,-0.055,-0.023,-0.013,-0.020,1.100,1.300,0.544,0.562,1.700,0.740,0.740,3.500,0.757,0.740,3.300,0.763,0.740,3.200,0.764,0.740,3.300,0.762,0.740
20110101_0957,-27.020,-63.210,586.000,QH.LYX.00,35.871,101.181,164.043,1768.655,1824.346,1843.295,822.000,2.352,0.206,0.207,0.190,0.189,0.199,8.900,3.700,0.444,-0.881,-1.600,0.711,0.711,-0.900,0.795,0.711,-0.800,0.794,0.711,-0.800,0.792,0.711,-0.900,0.793,0.711
20110101_0957,-27.020,-63.210,586.000,CB.TNC.00,25.029,98.520,163.477,1765.768,1820.726,1839.391,823.000,1.929,0.031,0.085,0.100,0.099,0.091,7.600,-3.800,0.426,-0.775,-0.100,0.615,0.615,0.000,0.604,0.615,0.000,0.611,0.615,0.100,0.610,0.615,0.100,0.605,0.615
20110101_0957,-27.020,-63.210,586.000,GZ.DJT.00,28.220,108.130,172.235,1809.293,1876.008,1899.399,824.000,2.179,0.103,0.111,0.107,0.106,0.110,-0.400,3.200,0.871,-0.549,2.800,0.769,0.769,-1.700,0.663,0.769,-1.800,0.664,0.769,-1.800,0.662,0.769,-1.700,0.663,0.769
20110101_0957,-27.020,-63.210,586.000,JS.PZ.00,34.520,117.967,172.432,1810.243,1877.233,1900.736,825.000,0.348,0.002,0.001,0.001,0.001,0.000,10.500,4.800,0.386,0.701,-6.400,0.410,0.410,-5.500,0.319,0.410,-5.400,0.316,0.410,-5.400,0.310,0.410,-5.300,0.310,0.410
20110101_0957,-27.020,-63.210,586.000,SN.LOXT.00,34.969,106.700,168.266,1789.868,1851.139,1872.307,826.000,3.146,0.024,-0.027,-0.030,-0.037,-0.041,7.800,0.700,0.577,-0.424,3.000,0.580,0.580,10.100,0.305,0.580,10.100,0.319,0.580,10.100,0.320,0.580,10.000,0.308,0.580
20110101_0957,-27.020,-63.210,586.000,JX.GAA.00,28.563,115.332,177.988,1836.589,1911.534,1938.322,827.000,1.596,0.286,0.335,0.334,0.334,0.337,-6.500,3.300,0.370,-0.374,-2.600,0.609,0.609,-3.700,0.420,0.609,1.500,0.396,0.609,1.400,0.408,0.609,1.500,0.378,0.609
20110101_0957,-27.020,-63.210,586.000,GS.SNT.00,38.841,99.611,161.412,1755.162,1807.473,1825.120,828.000,2.403,-0.038,0.179,0.195,0.206,0.192,2.900,-0.300,0.465,-0.699,2.900,0.571,0.571,3.900,0.390,0.571,4.000,0.340,0.571,4.200,0.324,0.571,4.000,0.358,0.571
20110101_0957,-27.020,-63.210,586.000,SC.REG.00,33.582,102.965,166.397,1780.550,1839.326,1859.491,829.000,3.553,0.150,0.061,0.062,0.061,0.064,-4.800,2.300,0.376,-0.247,-1.300,0.690,0.690,-2.300,0.652,0.690,-2.300,0.633,0.690,-2.300,0.635,0.690,-2.300,0.645,0.690
20110101_0957,-27.020,-63.210,586.000,CB.DL2.00,38.906,121.628,167.445,1785.792,1845.963,1866.687,830.000,2.620,0.115,-0.024,-0.021,-0.018,-0.021,0.200,-2.200,0.510,-0.479,3.000,0.531,0.531,2.700,0.573,0.531,2.600,0.569,0.531,2.600,0.566,0.531,2.600,0.568,0.531
20110101_0957,-27.020,-63.210,586.000,LN.MQI.00,41.768,124.589,163.927,1768.064,1823.603,1842.494,831.000,2.899,0.058,-0.019,-0.021,-0.027,-0.024,0.500,0.700,0.916,0.861,1.000,0.727,0.727,-0.300,0.387,0.727,-1.100,0.330,0.727,-1.600,0.308,0.727,-1.500,0.315,0.727
20110101_0957,-27.020,-63.210,586.000,XJ.BKO.00,43.820,93.069,154.557,1718.964,1762.910,1777.392,832.000,1.441,0.170,0.145,0.156,0.156,0.150,0.600,-4.000,0.478,-0.526,-11.600,0.296,0.296,-10.000,0.341,0.296,-9.900,0.362,0.296,-9.900,0.363,0.296,-10.000,0.350,0.296
20110101_0957,-27.020,-63.210,586.000,SC.YGD.00,30.201,104.103,168.424,1790.652,1852.138,1873.392,833.000,2.730,0.052,-0.097,-0.098,-0.095,-0.090,2.400,-0.900,0.633,-0.769,3.000,0.590,0.590,11.500,0.389,0.590,11.800,0.406,0.590,11.800,0.401,0.590,11.600,0.390,0.590
20110101_0957,-27.020,-63.210,586.000,HE.LUQ.00,38.002,114.307,168.821,1792.615,1854.638,1876.109,834.000,11.004,0.195,0.338,0.342,0.336,0.343,0.400,0.700,0.541,0.459,0.800,0.435,0.435,0.000,0.440,0.435,-0.100,0.460,0.435,0.000,0.469,0.435,-0.100,0.463,0.435
20110101_0957,-27.020,-63.210,586.000,XJ.MUL.00,43.809,90.296,152.856,1709.753,1751.723,1765.462,835.000,1.216,-0.025,0.083,0.084,0.084,0.085,-3.900,3.000,0.625,0.401,4.700,0.445,0.445,5.700,0.422,0.445,5.900,0.431,0.445,6.000,0.429,0.445,5.800,0.425,0.445
20110101_0957,-27.020,-63.210,586.000,AH.HBE.00,33.982,116.790,173.038,1813.165,1881.004,1904.855,836.000,7.191,0.202,0.178,0.172,0.167,0.171,7.100,1.400,0.314,-0.585,-4.700,0.461,0.461,-4.900,0.451,0.461,-4.800,0.446,0.461,-4.700,0.447,0.461,-4.800,0.450,0.461
20110101_0957,-27.020,-63.210,586.000,KR.ANVS.,42.786,77.667,144.666,1664.083,1697.117,1707.610,837.000,2.089,0.036,0.049,0.049,0.046,0.050,1.900,4.700,0.724,-0.760,7.900,0.446,0.446,9.400,0.542,0.446,9.600,0.520,0.446,9.600,0.524,0.446,9.500,0.529,0.446
20110101_0957,-27.020,-63.210,586.000,HN.LOD.00,27.729,112.005,175.693,1825.823,1897.434,1922.839,838.000,2.359,0.196,0.241,0.237,0.236,0.237,1.000,4.300,0.839,-0.253,3.000,0.574,0.574,-2.300,0.702,0.574,-1.800,0.710,0.574,-1.900,0.714,0.574,-2.200,0.707,0.574
20110101_0957,-27.020,-63.210,586.000,HA.XX.00,35.662,114.539,171.148,1804.017,1869.223,1891.995,839.000,9.712,0.253,0.217,0.224,0.246,0.217,-1.700,2.200,0.838,-0.774,1.000,0.709,0.709,-1.100,0.607,0.709,-1.400,0.613,0.709,-1.500,0.620,0.709,-1.600,0.623,0.709
20110101_0957,-27.020,-63.210,586.000,HL.NZN.00,47.537,122.882,158.934,1742.254,1791.464,1807.931,840.000,2.709,0.097,0.086,0.085,0.083,0.083,-0.600,-0.500,0.789,0.634,-5.400,0.885,0.885,-8.400,0.605,0.885,-8.400,0.606,0.885,-8.500,0.600,0.885,-8.500,0.599,0.885
20110101_0957,-27.020,-63.210,586.000,GS.JTA.00,37.190,104.090,165.223,1774.639,1831.867,1851.419,841.000,2.191,0.143,0.106,0.112,0.118,0.110,7.000,3.300,0.694,-0.545,-8.500,0.413,0.413,-1.600,0.598,0.413,-1.500,0.612,0.413,-1.500,0.619,0.413,-1.500,0.609,0.413
20110101_0957,-27.020,-63.210,586.000,PS.OGS.,27.057,142.203,157.404,1734.178,1781.516,1797.274,842.000,2.015,0.301,0.225,0.178,0.191,0.225,-1.000,-4.300,0.853,-0.876,-1.100,0.555,0.555,-1.200,0.694,0.555,-1.700,0.634,0.555,-1.600,0.649,0.555,-1.100,0.685,0.555
20110101_0957,-27.020,-63.210,586.000,NM.HLH.00,45.469,119.659,161.410,1755.151,1807.459,1825.105,843.000,2.959,0.258,0.258,0.261,0.258,0.258,1.400,1.400,0.935,0.930,-5.600,0.727,0.727,-3.800,0.775,0.727,-3.700,0.766,0.727,-3.400,0.763,0.727,-3.600,0.767,0.727
20110101_0957,-27.020,-63.210,586.000,MY.IPM.,4.479,101.025,152.899,1709.987,1752.006,1765.764,844.000,2.154,0.164,0.324,0.339,0.335,0.330,0.100,0.000,0.735,0.740,5.000,0.703,0.703,6.000,0.661,0.703,6.100,0.689,0.703,6.000,0.711,0.703,6.100,0.689,0.703
20110101_0957,-27.020,-63.210,586.000,NX.GYU.00,35.964,106.170,167.289,1785.010,1844.971,1865.611,845.000,1.701,0.219,0.044,0.018,0.003,0.026,-6.100,3.100,0.417,-0.454,7.200,0.449,0.449,-4.500,0.573,0.449,-4.400,0.581,0.449,-4.200,0.581,0.449,-4.400,0.575,0.449
20110101_0957,-27.020,-63.210,586.000,HE.KUC.00,40.592,118.474,166.357,1780.351,1839.074,1859.218,846.000,2.696,0.116,0.076,0.066,0.051,0.060,2.400,2.300,0.766,0.710,3.700,0.586,0.586,1.700,0.608,0.586,1.600,0.623,0.586,1.700,0.630,0.586,1.600,0.624,0.586
20110101_0957,-27.020,-63.210,586.000,YP.NE9D.,46.778,131.921,156.923,1731.627,1778.384,1793.924,847.000,0.343,0.010,0.021,0.019,0.015,0.017,-2.500,-2.900,0.289,0.952,3.900,0.348,0.348,4.300,0.329,0.348,4.300,0.321,0.348,4.400,0.317,0.348,4.300,0.319,0.348
20110101_0957,-27.020,-63.210,586.000,6F.BL17.,-25.549,133.111,125.129,1546.322,1562.269,1567.037,848.000,10.614,0.816,0.758,0.753,0.762,0.766,0.400,1.100,0.835,0.802,0.700,0.860,0.860,1.100,0.810,0.860,1.100,0.811,0.860,1.000,0.822,0.860,0.900,0.818,0.860
20110101_0957,-27.020,-63.210,586.000,HB.WHN.00,30.543,114.354,175.881,1826.712,1898.593,1924.110,849.000,2.682,0.274,0.190,0.168,0.156,0.161,-2.900,2.700,0.401,0.150,0.000,0.671,0.671,5.300,0.539,0.671,5.300,0.526,0.671,5.400,0.516,0.671,5.300,0.525,0.671
20110101_0957,-27.020,-63.210,586.000,YN.TOH.00,24.113,102.788,167.047,1783.803,1843.442,1863.952,850.000,0.333,0.025,0.029,0.033,0.033,0.027,-13.200,-3.100,0.108,0.594,-13.100,0.299,0.299,-11.400,0.185,0.299,2.300,0.110,0.299,2.300,0.113,0.299,-11.300,0.178,0.299
20110101_0957,-27.020,-63.210,586.000,HN.CNS.00,28.182,112.930,176.388,1829.100,1901.712,1927.532,851.000,2.203,0.207,0.284,0.279,0.281,0.283,-7.100,-4.300,0.714,-0.630,-5.600,0.600,0.600,-0.100,0.304,0.600,-0.100,0.316,0.600,-0.100,0.320,0.600,-10.300,0.304,0.600
20110101_0957,-27.020,-63.210,586.000,HE.JNX.00,38.027,114.151,168.771,1792.370,1854.325,1875.769,852.000,7.157,0.118,0.162,0.157,0.156,0.164,0.200,0.400,0.769,0.810,0.400,0.406,0.406,7.200,0.322,0.406,-0.100,0.315,0.406,-0.200,0.327,0.406,-0.200,0.315,0.406
20110101_0957,-27.020,-63.210,586.000,HB.LCH.00,30.372,108.882,172.299,1809.600,1876.403,1899.830,853.000,5.303,-0.225,0.178,0.186,0.187,0.180,-0.900,-1.000,0.608,0.690,3.200,0.741,0.741,7.800,0.477,0.741,7.700,0.477,0.741,7.700,0.479,0.741,7.800,0.477,0.741
20110101_0957,-27.020,-63.210,586.000,FJ.ZHNZ.00,27.357,118.860,178.128,1837.239,1912.389,1939.263,854.000,15.141,0.433,0.437,0.464,0.459,0.444,-0.200,-0.300,0.925,0.917,-0.100,0.588,0.588,1.000,0.764,0.588,0.800,0.726,0.588,0.800,0.743,0.588,1.000,0.760,0.588
20110101_0957,-27.020,-63.210,586.000,YP.NE87.,46.350,122.508,160.148,1748.600,1799.317,1816.356,855.000,2.384,0.115,0.117,0.114,0.112,0.113,-1.200,-0.900,0.784,0.707,2.300,0.617,0.617,0.700,0.616,0.617,0.700,0.621,0.617,0.600,0.636,0.617,0.600,0.637,0.617
20110101_0957,-27.020,-63.210,586.000,GS.HXP.00,38.391,102.110,163.252,1764.617,1819.284,1837.836,856.000,2.031,0.157,0.193,0.187,0.182,0.187,-2.700,0.800,0.179,-0.300,-3.300,0.461,0.461,-2.800,0.445,0.461,-2.800,0.445,0.461,-2.800,0.452,0.461,-2.800,0.451,0.461
20110101_0957,-27.020,-63.210,586.000,HB.HFE.00,29.904,110.021,173.389,1814.852,1883.184,1907.238,857.000,3.972,0.411,-0.143,-0.150,-0.150,-0.146,-5.400,-1.800,0.723,-0.656,-0.300,0.648,0.648,-4.300,0.675,0.648,-4.400,0.656,0.648,-4.400,0.657,0.648,-4.300,0.668,0.648
20110101_0957,-27.020,-63.210,586.000,ZN.GOGO.,-10.338,149.672,130.878,1582.258,1602.582,1608.738,858.000,5.527,0.522,0.528,0.552,0.570,0.544,1.300,2.200,0.899,0.762,1.900,0.801,0.801,1.900,0.815,0.801,1.700,0.812,0.801,1.500,0.804,0.801,1.700,0.806,0.801
20110101_0957,-27.020,-63.210,586.000,HL.HEH.00,50.253,127.410,155.388,1723.432,1768.356,1783.207,859.000,3.709,0.220,0.230,0.237,0.239,0.236,0.900,1.400,0.883,0.895,-3.700,0.582,0.582,-4.500,0.332,0.582,1.200,0.265,0.582,1.000,0.269,0.582,1.200,0.275,0.582
20110101_0957,-27.020,-63.210,586.000,FJ.HAHF.00,25.012,117.521,177.888,1836.120,1910.917,1937.643,860.000,6.881,0.454,0.491,0.497,0.509,0.507,-0.200,-0.800,0.630,0.582,-0.200,0.611,0.611,0.100,0.700,0.611,0.100,0.705,0.611,0.000,0.708,0.611,0.000,0.706,0.611
20110101_0957,-27.020,-63.210,586.000,YP.NE33.,42.926,117.886,164.069,1768.785,1824.509,1843.471,861.000,1.497,0.232,0.082,0.078,0.060,0.069,2.100,-2.300,0.719,-0.826,-7.800,0.627,0.627,-6.800,0.771,0.627,-6.800,0.774,0.627,-6.600,0.785,0.627,-6.700,0.780,0.627
20110101_0957,-27.020,-63.210,586.000,YN.LAC.00,22.552,99.921,164.062,1768.750,1824.465,1843.424,862.000,0.622,0.071,0.081,0.082,0.083,0.083,9.900,2.600,0.428,-0.556,-2.800,0.512,0.512,-1.900,0.540,0.512,-1.800,0.550,0.512,-1.800,0.551,0.512,-1.800,0.546,0.512
20110101_0957,-27.020,-63.210,586.000,NM.ZLT.00,48.029,122.652,158.498,1739.962,1788.635,1804.898,863.000,5.487,0.298,0.390,0.390,0.391,0.391,0.000,0.100,0.931,0.947,8.900,0.659,0.659,2.500,0.394,0.659,2.500,0.385,0.659,2.500,0.381,0.659,2.400,0.382,0.659
20110101_0957,-27.020,-63.210,586.000,HB.YCH.00,30.784,111.315,173.908,1817.336,1886.401,1910.756,864.000,3.538,-0.086,-0.079,-0.100,-0.089,-0.082,0.000,-3.900,0.772,-0.807,4.500,0.530,0.530,-1.400,0.733,0.530,-1.400,0.745,0.530,-1.400,0.744,0.530,-1.400,0.741,0.530
20110101_0957,-27.020,-63.210,586.000,HE.LIC.00,37.453,114.392,169.373,1795.335,1858.108,1879.884,865.000,6.361,0.062,-0.055,-0.040,-0.024,-0.026,1.700,-3.000,0.743,-0.784,9.100,0.611,0.611,6.800,0.531,0.611,7.200,0.526,0.611,7.700,0.530,0.611,7.500,0.529,0.611
20110101_0957,-27.020,-63.210,586.000,NM.TIS.00,43.863,120.112,162.945,1763.047,1817.319,1835.719,866.000,4.647,0.165,0.151,0.157,0.162,0.157,1.500,-1.800,0.641,-0.697,-6.100,0.572,0.572,-4.600,0.576,0.572,-4.400,0.586,0.572,-4.300,0.593,0.572,-4.400,0.591,0.572
20110101_0957,-27.020,-63.210,586.000,GE.MMRI.,-8.636,122.238,143.955,1660.016,1692.318,1702.555,867.000,4.417,0.535,0.614,0.620,0.604,0.601,0.000,0.900,0.843,0.776,-0.500,0.803,0.803,-0.300,0.757,0.803,-0.400,0.758,0.803,-0.900,0.771,0.803,-0.800,0.770,0.803
20110101_0957,-27.020,-63.210,586.000,NM.CHF.00,42.297,118.981,164.619,1771.582,1828.021,1847.262,868.000,3.206,0.334,0.284,0.279,0.276,0.280,-0.200,0.000,0.853,0.786,3.300,0.428,0.428,-8.900,0.600,0.428,-8.900,0.608,0.428,-8.800,0.616,0.428,-8.900,0.605,0.428
20110101_0957,-27.020,-63.210,586.000,KZ.ZRNK.,52.951,69.004,136.321,1615.301,1640.262,1647.975,869.000,2.274,0.315,0.203,0.186,0.187,0.194,2.300,3.700,0.625,0.431,1.800,0.471,0.471,1.500,0.602,0.471,1.100,0.626,0.471,1.200,0.624,0.471,1.400,0.611,0.471
20110101_0957,-27.020,-63.210,586.000,YP.NEA9.,47.672,127.988,157.566,1735.039,1782.575,1798.408,870.000,3.227,0.082,0.261,0.256,0.257,0.254,-0.100,0.200,0.956,0.947,0.300,0.446,0.446,5.300,0.538,0.446,-4.700,0.605,0.446,-4.700,0.608,0.446,-4.600,0.606,0.446
20110101_0957,-27.020,-63.210,586.000,XJ.FUY.00,47.000,89.600,150.771,1698.334,1737.940,1750.801,871.000,1.574,0.185,0.292,0.304,0.306,0.295,1.000,0.900,0.945,0.918,3.500,0.636,0.636,4.400,0.625,0.636,4.800,0.660,0.636,4.800,0.666,0.636,4.500,0.630,0.636
20110101_0957,-27.020,-63.210,586.000,CB.SNY.00,41.828,123.578,164.183,1769.365,1825.236,1844.256,872.000,4.638,0.044,-0.032,-0.026,-0.030,-0.027,0.200,-2.900,0.719,-0.722,2.000,0.586,0.586,2.400,0.406,0.586,2.500,0.402,0.586,2.600,0.404,0.586,2.600,0.404,0.586
20110101_0957,-27.020,-63.210,586.000,GX.CZS.00,22.373,107.354,170.254,1799.654,1863.631,1885.898,873.000,3.070,0.017,-0.048,-0.031,-0.028,-0.039,0.000,0.400,0.818,0.749,-7.100,0.652,0.652,5.800,0.609,0.652,5.800,0.608,0.652,5.800,0.606,0.652,5.800,0.609,0.652
20110101_0957,-27.020,-63.210,586.000,YP.NE62.,44.803,117.063,162.216,1759.307,1812.644,1830.684,874.000,2.925,0.156,0.193,0.200,0.197,0.198,2.100,-1.700,0.586,-0.848,-5.700,0.816,0.816,-4.700,0.810,0.816,-4.600,0.814,0.816,-4.500,0.818,0.816,-4.600,0.816,0.816
20110101_0957,-27.020,-63.210,586.000,GX.YLS.00,22.635,110.173,172.567,1810.892,1878.070,1901.650,875.000,1.358,0.179,-0.005,0.005,0.006,-0.009,1.800,2.100,0.722,0.613,6.400,0.661,0.661,-1.800,0.440,0.661,-1.900,0.504,0.661,-1.900,0.511,0.661,-1.900,0.482,0.661
20110101_0957,-27.020,-63.210,586.000,SN.TABT.00,34.071,107.285,169.206,1794.514,1857.059,1878.743,876.000,4.968,-0.209,-0.374,-0.332,-0.315,-0.371,8.700,4.700,0.536,-0.667,3.700,0.387,0.387,9.400,0.611,0.387,9.300,0.587,0.387,9.300,0.575,0.387,9.300,0.603,0.387
20110101_0957,-27.020,-63.210,586.000,GS.HJT.00,37.831,102.011,163.531,1766.045,1821.072,1839.764,877.000,1.674,-0.075,0.127,0.121,0.123,0.124,10.900,2.700,0.447,-0.422,-2.600,0.843,0.843,-1.600,0.725,0.843,-1.600,0.744,0.843,-1.500,0.744,0.843,-1.600,0.734,0.843
20110101_0957,-27.020,-63.210,586.000,GX.BHS.00,21.653,109.213,171.259,1804.557,1869.916,1892.751,878.000,3.514,0.001,0.112,0.108,0.108,0.101,0.700,0.700,0.773,0.854,6.300,0.638,0.638,3.600,0.658,0.638,3.700,0.646,0.638,3.600,0.644,0.638,3.600,0.644,0.638
20110101_0957,-27.020,-63.210,586.000,SC.MNI.00,28.333,102.174,166.998,1783.559,1843.132,1863.617,879.000,3.311,0.198,0.228,0.217,0.216,0.229,7.300,3.400,0.636,-0.609,7.900,0.575,0.575,8.900,0.673,0.575,9.100,0.580,0.575,9.000,0.610,0.575,9.000,0.652,0.575
20110101_0957,-27.020,-63.210,586.000,CB.TIA.00,36.210,117.124,170.806,1802.350,1867.085,1889.663,880.000,4.683,0.077,0.021,0.012,0.001,0.007,-0.800,-0.300,0.790,0.774,3.300,0.557,0.557,-5.700,0.639,0.557,-5.600,0.653,0.557,-5.500,0.656,0.557,-5.500,0.664,0.557
20110101_0957,-27.020,-63.210,586.000,XJ.WUS.00,41.200,79.220,146.152,1672.524,1707.115,1718.158,881.000,1.962,0.156,0.234,0.244,0.243,0.239,1.800,2.100,0.734,0.806,7.900,0.743,0.743,9.700,0.703,0.743,9.800,0.654,0.743,9.800,0.661,0.743,9.800,0.685,0.743
20110101_0957,-27.020,-63.210,586.000,NX.XJI.00,36.088,105.758,166.957,1783.352,1842.871,1863.333,882.000,4.722,0.174,0.203,0.171,0.154,0.183,0.100,0.300,0.807,0.864,-4.700,0.562,0.562,-3.400,0.503,0.562,-3.100,0.516,0.562,-2.900,0.535,0.562,-3.100,0.506,0.562
20110101_0957,-27.020,-63.210,586.000,QH.GOM.00,36.198,94.814,159.222,1743.765,1793.331,1809.933,883.000,2.773,0.118,0.103,0.119,0.117,0.110,1.600,-3.000,0.654,-0.412,3.300,0.687,0.687,5.800,0.512,0.687,6.300,0.515,0.687,6.300,0.515,0.687,6.100,0.511,0.687
20110101_0957,-27.020,-63.210,586.000,TM.LOEI.,17.509,101.624,163.071,1763.694,1818.128,1836.591,884.000,3.886,0.153,0.107,0.091,0.090,0.098,4.100,-2.100,0.583,0.441,3.000,0.606,0.606,3.600,0.465,0.606,3.800,0.458,0.606,3.800,0.456,0.606,3.700,0.461,0.606
20110101_0957,-27.020,-63.210,586.000,1G.WOP03.,37.660,106.923,166.501,1781.073,1839.987,1860.207,885.000,1.732,-0.051,-0.091,-0.105,-0.122,-0.104,1.000,4.200,0.601,-0.775,-10.900,0.445,0.445,-11.000,0.476,0.445,-10.900,0.515,0.445,-10.700,0.532,0.445,-10.900,0.509,0.445
20110101_0957,-27.020,-63.210,586.000,YP.NE8A.,46.186,125.090,159.737,1746.459,1796.664,1813.509,886.000,1.960,0.123,0.093,0.093,0.090,0.092,-2.600,-2.800,0.410,0.427,2.700,0.341,0.341,-7.600,0.308,0.341,-7.700,0.336,0.341,-7.800,0.350,0.341,-7.700,0.341,0.341
20110101_0957,-27.020,-63.210,586.000,YP.NE3B.,42.765,127.816,161.879,1757.574,1810.480,1828.355,887.000,0.350,-0.000,-0.048,-0.047,-0.044,-0.045,-9.300,-4.500,0.199,0.855,10.500,0.250,0.250,-7.500,0.527,0.250,-7.700,0.501,0.250,-7.700,0.480,0.250,-7.700,0.490,0.250
20110101_0957,-27.020,-63.210,586.000,IU.MIDW.00,28.215,-177.370,122.417,1528.994,1543.076,1547.268,888.000,3.272,0.127,0.136,0.151,0.154,0.144,0.000,-5.000,0.650,0.692,-0.100,0.531,0.531,-0.600,0.508,0.531,-1.000,0.490,0.531,-0.600,0.516,0.531,-0.500,0.511,0.531
20110101_0957,-27.020,-63.210,586.000,JS.JT.00,31.734,119.543,174.711,1821.168,1891.374,1916.199,889.000,3.372,0.008,0.065,0.054,0.046,0.049,-3.500,-2.900,0.500,0.338,-9.600,0.604,0.604,-8.900,0.543,0.604,-8.700,0.543,0.604,-8.600,0.542,0.604,-8.700,0.540,0.604
20110101_0957,-27.020,-63.210,586.000,ZJ.HAY.00,30.383,120.848,175.104,1823.035,1893.802,1918.859,890.000,2.971,0.147,0.214,0.197,0.192,0.196,-0.900,2.200,0.814,-0.945,-0.700,0.521,0.521,-2.000,0.629,0.521,-2.000,0.694,0.521,-1.900,0.696,0.521,-2.000,0.684,0.521
20110101_0957,-27.020,-63.210,586.000,XJ.TCH.00,43.889,88.082,151.408,1701.841,1742.163,1755.289,891.000,1.068,-0.179,0.032,0.077,0.101,0.054,-0.600,4.200,0.571,0.487,2.700,0.578,0.578,5.400,0.546,0.578,5.400,0.500,0.578,5.400,0.486,0.578,5.300,0.529,0.578
20110101_0957,-27.020,-63.210,586.000,HN.TAY.00,28.877,111.460,174.940,1822.254,1892.786,1917.745,892.000,2.514,0.260,0.131,0.124,0.125,0.122,-2.900,-3.000,0.734,0.614,-12.900,0.426,0.426,-11.800,0.419,0.426,-11.600,0.441,0.426,-11.600,0.439,0.426,-11.700,0.426,0.426
20110101_0957,-27.020,-63.210,586.000,IU.DAV.00,7.070,125.579,158.374,1739.305,1787.826,1804.031,893.000,1.806,0.283,0.265,0.274,0.285,0.283,-6.500,-3.200,0.729,-0.243,-7.000,0.451,0.451,-6.700,0.466,0.451,-6.800,0.464,0.451,-7.200,0.463,0.451,-7.200,0.469,0.451
20110101_0957,-27.020,-63.210,586.000,IC.ENH.00,30.276,109.495,172.820,1812.113,1879.645,1903.370,894.000,6.416,0.001,0.262,0.251,0.249,0.253,-1.800,-1.800,0.728,0.736,-2.900,0.885,0.885,-0.800,0.602,0.885,-0.900,0.583,0.885,-0.900,0.580,0.885,-0.800,0.593,0.885
20110101_0957,-27.020,-63.210,586.000,HE.QIX.00,40.201,118.318,166.758,1782.361,1841.616,1861.972,895.000,2.717,0.249,0.215,0.209,0.202,0.204,4.200,4.500,0.384,0.593,0.600,0.769,0.769,2.300,0.778,0.769,2.400,0.778,0.769,2.500,0.780,0.769,2.500,0.778,0.769
20110101_0957,-27.020,-63.210,586.000,ZN.KAW2.,-8.522,150.299,131.856,1588.267,1609.385,1615.804,896.000,2.593,0.342,0.345,0.368,0.382,0.360,2.200,-3.500,0.786,0.162,2.600,0.672,0.672,2.500,0.675,0.672,2.300,0.683,0.672,2.100,0.687,0.672,2.400,0.680,0.672
20110101_0957,-27.020,-63.210,586.000,YP.NE6C.,44.905,127.598,160.133,1748.522,1799.221,1816.253,897.000,2.315,0.160,0.133,0.134,0.130,0.128,6.100,-2.900,0.606,-0.657,-8.300,0.510,0.510,-8.200,0.444,0.510,-8.200,0.454,0.510,-8.200,0.462,0.510,-8.200,0.465,0.510
20110101_0957,-27.020,-63.210,586.000,YN.JIH.00,22.019,100.738,164.578,1771.375,1827.761,1846.982,898.000,3.255,0.116,0.228,0.217,0.221,0.227,-0.500,-1.500,0.259,0.183,-1.400,0.302,0.302,-1.000,0.339,0.302,-1.000,0.314,0.302,-1.000,0.317,0.302,-1.000,0.330,0.302
20110101_0957,-27.020,-63.210,586.000,XW.HAS3.,17.489,55.218,122.753,1531.154,1545.460,1549.722,899.000,1.525,0.205,0.326,0.288,0.305,0.324,-1.300,2.500,0.592,-0.571,0.900,0.408,0.408,-5.900,0.712,0.408,-5.100,0.721,0.408,-5.400,0.714,0.408,-5.800,0.716,0.408
20110101_0957,-27.020,-63.210,586.000,SN.YULG.00,38.856,110.507,167.052,1783.828,1843.473,1863.986,900.000,6.750,0.331,0.236,0.234,0.239,0.241,-4.900,5.200,0.454,-0.179,9.900,0.558,0.558,9.400,0.556,0.558,9.400,0.549,0.558,9.400,0.543,0.558,9.400,0.550,0.558
20110101_0957,-27.020,-63.210,586.000,SC.YYU.00,27.467,101.678,166.565,1781.392,1840.390,1860.644,901.000,1.830,0.187,0.266,0.273,0.270,0.269,10.400,2.500,0.352,-0.298,-2.700,0.592,0.592,8.300,0.375,0.592,8.500,0.375,0.592,8.400,0.378,0.592,8.400,0.375,0.592
20110101_0957,-27.020,-63.210,586.000,SD.LZH.00,37.224,121.001,169.195,1794.457,1856.986,1878.663,902.000,3.756,0.173,0.019,0.026,0.029,0.028,-5.400,4.400,0.591,-0.414,1.200,0.619,0.619,2.200,0.549,0.619,2.100,0.544,0.619,2.200,0.525,0.619,2.200,0.529,0.619
20110101_0957,-27.020,-63.210,586.000,IC.BJT.00,40.019,116.172,166.991,1783.523,1843.088,1863.568,903.000,2.222,0.343,0.321,0.305,0.278,0.290,-0.100,0.200,0.842,0.822,0.600,0.594,0.594,0.900,0.579,0.594,1.000,0.544,0.594,1.100,0.509,0.594,1.100,0.525,0.594
20110101_0957,-27.020,-63.210,586.000,GS.YJZ.00,40.391,98.641,159.907,1747.348,1797.765,1814.690,904.000,1.368,-0.042,-0.008,0.010,0.018,0.005,8.000,-3.400,0.370,-0.487,2.500,0.702,0.702,3.800,0.577,0.702,4.200,0.533,0.702,4.400,0.518,0.702,4.100,0.548,0.702
20110101_0957,-27.020,-63.210,586.000,QH.DUL.00,36.282,98.119,161.654,1756.410,1809.028,1826.793,905.000,1.717,-0.140,-0.041,-0.033,-0.027,-0.041,8.000,-0.300,0.372,-0.615,2.100,0.236,0.236,-11.700,0.237,0.236,-11.300,0.290,0.236,-11.300,0.290,0.236,-11.600,0.251,0.236
20110101_0957,-27.020,-63.210,586.000,JL.FST.00,42.258,127.381,162.480,1760.662,1814.338,1832.507,906.000,0.882,-0.009,-0.031,-0.016,-0.013,-0.014,0.400,3.300,0.345,0.017,0.700,0.462,0.462,1.700,0.352,0.462,1.400,0.324,0.462,1.400,0.311,0.462,1.400,0.316,0.462
20110101_0957,-27.020,-63.210,586.000,AV.AMKA.,51.378,179.302,127.705,1562.548,1580.392,1585.753,907.000,0.932,0.094,0.122,0.126,0.121,0.119,-3.700,-0.900,0.871,-0.674,-4.100,0.367,0.367,-3.900,0.353,0.367,-4.600,0.346,0.367,-4.200,0.345,0.367,-4.100,0.342,0.367
20110101_0957,-27.020,-63.210,586.000,YP.NE8D.,46.119,127.880,158.975,1742.468,1791.727,1808.213,908.000,2.192,0.183,0.238,0.237,0.234,0.235,1.800,4.800,0.704,-0.517,0.000,0.556,0.556,-0.100,0.732,0.556,-0.100,0.688,0.556,-0.100,0.672,0.556,-0.100,0.675,0.556
20110101_0957,-27.020,-63.210,586.000,LN.GAX.00,40.413,122.366,165.835,1777.724,1835.757,1855.626,909.000,2.808,0.010,0.097,0.094,0.095,0.096,4.600,4.500,0.730,0.682,0.700,0.515,0.515,1.000,0.423,0.515,1.100,0.394,0.515,1.100,0.370,0.515,1.100,0.380,0.515
20110101_0957,-27.020,-63.210,586.000,XJ.KMY.00,45.657,84.815,148.550,1686.008,1723.166,1735.131,910.000,2.024,0.032,-0.053,-0.022,-0.013,-0.041,2.400,2.400,0.831,0.855,4.500,0.844,0.844,7.300,0.831,0.844,7.700,0.842,0.844,7.800,0.841,0.844,7.500,0.842,0.844
20110101_0957,-27.020,-63.210,586.000,HL.HEG.00,47.353,130.236,157.094,1732.537,1779.501,1795.118,911.000,2.809,0.156,0.147,0.139,0.145,0.144,-0.900,-0.300,0.521,0.515,-1.800,0.572,0.572,-8.900,0.572,0.572,-8.700,0.606,0.572,-8.800,0.625,0.572,-8.900,0.615,0.572
20110101_0957,-27.020,-63.210,586.000,YP.NE43.,43.425,118.803,163.514,1765.958,1820.963,1839.647,912.000,0.729,0.086,0.058,0.058,0.055,0.056,1.500,2.200,0.551,0.724,1.100,0.610,0.610,2.600,0.579,0.610,2.700,0.570,0.610,2.800,0.557,0.610,2.800,0.562,0.610
20110101_0957,-27.020,-63.210,586.000,GX.DHX.00,23.749,107.988,171.405,1805.266,1870.827,1893.744,913.000,5.027,0.153,-0.069,-0.066,-0.064,-0.080,6.100,-4.000,0.624,0.715,2.500,0.704,0.704,-1.500,0.728,0.704,-1.300,0.709,0.704,-1.400,0.714,0.704,-1.500,0.712,0.704
20110101_0957,-27.020,-63.210,586.000,AU.CTA.,-20.088,146.250,124.921,1545.000,1560.799,1565.521,914.000,4.744,0.538,0.533,0.536,0.542,0.541,1.200,2.100,0.919,0.872,1.800,0.630,0.630,2.200,0.636,0.630,2.200,0.632,0.630,2.100,0.623,0.630,2.100,0.630,0.630
20110101_0957,-27.020,-63.210,586.000,LW.LAP.00,19.898,102.165,164.828,1772.642,1829.354,1848.703,915.000,3.331,0.057,0.183,0.185,0.186,0.180,0.000,0.000,0.449,0.497,-1.300,0.510,0.510,-0.900,0.601,0.510,-0.800,0.594,0.510,-0.800,0.596,0.510,-0.900,0.603,0.510
20110101_0957,-27.020,-63.210,586.000,SX.DOS.00,37.929,112.741,168.572,1791.383,1853.069,1874.403,916.000,2.575,0.083,0.220,0.236,0.247,0.241,6.700,-1.300,0.316,-0.507,2.000,0.476,0.476,-0.100,0.564,0.476,-0.100,0.561,0.476,0.100,0.548,0.476,-0.100,0.564,0.476
20110101_0957,-27.020,-63.210,586.000,BJ.ZHT.00,39.962,115.680,167.025,1783.696,1843.307,1863.806,917.000,2.590,0.344,0.359,0.354,0.342,0.348,1.600,1.700,0.729,0.565,10.200,0.490,0.490,10.200,0.476,0.490,10.300,0.455,0.490,10.300,0.434,0.490,10.300,0.440,0.490
20110101_0957,-27.020,-63.210,586.000,YN.GOS.00,27.745,98.671,163.909,1767.972,1823.489,1842.370,918.000,2.100,0.212,0.276,0.261,0.264,0.270,8.400,-0.700,0.234,-0.689,-6.300,0.361,0.361,-6.000,0.420,0.361,-5.900,0.405,0.361,-6.000,0.401,0.361,-5.900,0.426,0.361
20110101_0957,-27.020,-63.210,586.000,CB.NJ2.00,32.052,118.854,174.658,1820.914,1891.044,1915.837,919.000,6.693,-0.176,-0.163,-0.161,-0.162,-0.167,-0.700,-1.200,0.397,0.254,-7.100,0.481,0.481,-5.700,0.512,0.481,-5.700,0.515,0.481,-5.600,0.519,0.481,-5.600,0.519,0.481
20110101_0957,-27.020,-63.210,586.000,XW.SAHL.,18.902,57.040,124.873,1544.696,1560.461,1565.173,920.000,1.140,0.175,-0.002,0.031,0.026,0.008,-3.000,4.100,0.744,0.652,-4.500,0.326,0.326,8.500,0.545,0.326,8.200,0.543,0.326,8.400,0.542,0.326,8.500,0.544,0.326
20110101_0957,-27.020,-63.210,586.000,NM.BAC.00,41.899,115.268,165.069,1773.861,1830.888,1850.360,921.000,3.350,0.173,0.212,0.210,0.212,0.212,2.100,2.200,0.616,0.496,1.600,0.447,0.447,1.700,0.483,0.447,1.700,0.492,0.447,1.700,0.499,0.447,1.600,0.495,0.447
20110101_0957,-27.020,-63.210,586.000,SN.TOCH.00,35.392,109.125,169.375,1795.344,1858.120,1879.896,922.000,3.856,0.115,0.036,0.009,-0.013,0.016,0.400,4.100,0.505,-0.654,-0.100,0.466,0.466,-0.100,0.503,0.466,6.800,0.533,0.466,6.900,0.575,0.466,6.800,0.499,0.466
20110101_0957,-27.020,-63.210,586.000,SN.ANKG.00,32.670,109.037,171.222,1804.379,1869.687,1892.502,923.000,1.584,0.109,0.152,0.149,0.149,0.151,-7.400,-1.600,0.428,-0.688,-5.900,0.797,0.797,-3.400,0.779,0.797,-3.300,0.721,0.797,-3.200,0.705,0.797,-3.300,0.744,0.797
20110101_0957,-27.020,-63.210,586.000,IC.LSA.00,29.703,91.128,157.306,1733.660,1780.880,1796.594,924.000,1.954,0.213,0.248,0.238,0.242,0.247,-8.900,-1.000,0.419,-0.202,-13.700,0.403,0.403,-13.800,0.443,0.403,-13.600,0.451,0.403,-13.600,0.451,0.403,-13.800,0.449,0.403
20110101_0957,-27.020,-63.210,586.000,FJ.HAJF.00,24.979,118.959,177.178,1832.808,1906.568,1932.864,925.000,12.540,0.252,0.294,0.330,0.340,0.312,-0.100,1.000,0.819,0.691,3.400,0.424,0.424,10.700,0.370,0.424,10.700,0.405,0.424,10.800,0.406,0.424,10.800,0.395,0.424
20110101_0957,-27.020,-63.210,586.000,HK.HKPS.00,22.278,114.142,174.682,1821.030,1891.195,1916.003,926.000,3.662,0.483,0.523,0.529,0.521,0.520,-0.900,0.800,0.795,0.588,2.300,0.811,0.811,2.200,0.850,0.811,2.100,0.869,0.811,2.200,0.884,0.811,2.200,0.860,0.811
20110101_0957,-27.020,-63.210,586.000,XJ.LSG.00,45.564,84.275,148.246,1684.311,1721.139,1732.984,927.000,2.016,0.086,0.129,0.129,0.123,0.135,2.300,2.100,0.710,0.679,5.800,0.678,0.678,8.200,0.826,0.678,8.400,0.820,0.678,8.500,0.817,0.678,8.200,0.831,0.678
20110101_0957,-27.020,-63.210,586.000,NX.HYU.00,36.501,105.601,166.588,1781.509,1840.538,1860.804,928.000,3.222,-0.087,-0.222,-0.238,0.263,-0.232,6.800,3.300,0.549,-0.579,8.000,0.481,0.481,8.500,0.414,0.481,8.900,0.347,0.481,-0.800,0.337,0.481,8.800,0.371,0.481
20110101_0957,-27.020,-63.210,586.000,YP.NE69.,44.837,123.727,161.336,1754.769,1806.984,1824.594,929.000,2.453,0.085,0.167,0.168,0.170,0.168,-0.600,2.800,0.796,-0.773,-0.100,0.282,0.282,6.500,0.333,0.282,6.300,0.338,0.282,6.100,0.354,0.282,6.200,0.345,0.282
20110101_0957,-27.020,-63.210,586.000,HE.YAY.00,40.161,114.169,166.681,1781.972,1841.124,1861.439,930.000,4.014,0.160,0.158,0.171,0.176,0.172,0.600,4.900,0.693,-0.835,10.000,0.602,0.602,9.600,0.631,0.602,9.700,0.595,0.602,9.700,0.556,0.602,9.700,0.570,0.602
20110101_0957,-27.020,-63.210,586.000,NX.ZHW.00,37.586,105.244,165.641,1776.749,1834.526,1854.294,931.000,3.433,0.100,0.081,0.093,0.085,0.081,-2.900,0.700,0.853,-0.732,-4.700,0.627,0.627,-4.300,0.768,0.627,-4.200,0.811,0.627,-4.200,0.823,0.627,-4.200,0.795,0.627
20110101_0957,-27.020,-63.210,586.000,XJ.JHE.00,44.650,83.020,147.790,1681.756,1718.092,1729.760,932.000,1.155,-0.133,0.104,0.124,0.123,0.111,2.000,-3.500,0.487,0.468,2.400,0.595,0.595,8.200,0.638,0.595,8.300,0.619,0.595,8.400,0.618,0.595,8.100,0.632,0.595
20110101_0957,-27.020,-63.210,586.000,YP.NE94.,46.896,123.343,159.464,1745.032,1794.897,1811.612,933.000,2.844,-0.016,0.192,0.193,0.197,0.195,1.200,0.800,0.760,0.677,-4.300,0.553,0.553,-5.400,0.468,0.553,-5.400,0.467,0.553,-5.600,0.460,0.553,-5.500,0.461,0.553
20110101_0957,-27.020,-63.210,586.000,SX.ZCH.00,40.272,113.348,166.445,1780.790,1839.629,1859.819,934.000,3.761,0.265,0.343,0.325,0.313,0.326,-0.900,3.400,0.683,-0.890,9.000,0.574,0.574,8.000,0.696,0.574,8.000,0.676,0.574,8.000,0.657,0.574,8.000,0.669,0.574
20110101_0957,-27.020,-63.210,586.000,XJ.WNQ.00,45.000,81.000,146.327,1673.512,1708.288,1719.396,935.000,0.886,-0.062,-0.128,-0.095,-0.096,-0.117,-5.200,0.700,0.489,0.210,6.800,0.748,0.748,8.600,0.740,0.748,8.700,0.699,0.748,8.700,0.699,0.748,8.600,0.724,0.748
20110101_0957,-27.020,-63.210,586.000,HE.CHD.00,41.016,117.918,165.973,1778.421,1836.636,1856.578,936.000,2.363,0.065,0.074,0.070,0.070,0.068,0.200,4.200,0.933,-0.589,-1.800,0.598,0.598,-1.100,0.762,0.598,-1.000,0.777,0.598,-0.900,0.788,0.598,-1.000,0.785,0.598
20110101_0957,-27.020,-63.210,586.000,BU.WAX.00,38.864,115.063,168.068,1788.890,1849.896,1870.957,937.000,5.101,0.056,0.044,0.050,0.051,0.050,8.400,-3.500,0.610,-0.410,9.000,0.342,0.342,1.800,0.544,0.342,1.900,0.505,0.342,9.400,0.461,0.342,1.900,0.470,0.342
20110101_0957,-27.020,-63.210,586.000,CQ.WUX.00,31.401,109.611,172.357,1809.882,1876.767,1900.227,938.000,3.821,0.226,-0.053,-0.055,-0.060,-0.057,-2.300,-1.900,0.533,0.715,7.800,0.413,0.413,5.400,0.457,0.413,5.400,0.444,0.413,5.400,0.442,0.413,5.400,0.451,0.413
20110101_0957,-27.020,-63.210,586.000,GS.HXT.00,36.590,107.271,167.484,1785.983,1846.205,1866.949,939.000,3.449,0.147,0.157,0.140,0.143,0.155,-3.200,2.500,0.649,-0.342,-7.500,0.605,0.605,8.400,0.370,0.605,8.400,0.380,0.605,8.400,0.377,0.605,8.400,0.373,0.605
20110101_0957,-27.020,-63.210,586.000,YP.NE8G.,46.108,131.427,157.665,1735.561,1783.215,1799.094,940.000,3.869,0.360,0.374,0.377,0.378,0.379,-0.100,0.200,0.822,0.836,0.500,0.691,0.691,0.900,0.654,0.691,1.000,0.632,0.691,1.000,0.617,0.691,0.900,0.625,0.691
20110101_0957,-27.020,-63.210,586.000,ZN.GUMA.,-9.225,150.870,130.956,1582.737,1603.124,1609.300,941.000,3.776,0.534,0.538,0.548,0.576,0.557,1.700,2.500,0.627,0.549,1.800,0.815,0.815,1.700,0.829,0.815,1.600,0.829,0.815,1.300,0.833,0.815,1.500,0.831,0.815
20110101_0957,-27.020,-63.210,586.000,ZN.SAGI.,-10.438,150.151,130.499,1579.922,1599.941,1605.998,942.000,0.328,-0.011,0.009,0.004,-0.001,0.004,9.400,-4.100,0.625,-0.968,-9.100,0.616,0.616,-9.200,0.628,0.616,-9.300,0.622,0.616,-9.500,0.615,0.616,-9.400,0.622,0.616
20110101_0957,-27.020,-63.210,586.000,1G.NOP02.,41.444,110.280,164.617,1771.571,1828.007,1847.248,943.000,5.584,0.555,0.435,0.444,0.454,0.448,0.700,0.900,0.761,0.796,-0.800,0.610,0.610,11.400,0.325,0.610,11.600,0.310,0.610,-1.200,0.359,0.610,-1.200,0.319,0.610
20110101_0957,-27.020,-63.210,586.000,SD.ZCH.00,35.376,117.014,171.642,1806.420,1872.310,1895.362,944.000,4.944,0.134,0.119,0.111,0.115,0.118,-2.900,1.200,0.640,-0.917,-2.800,0.649,0.649,-1.800,0.745,0.649,-1.800,0.737,0.649,-1.800,0.734,0.649,-1.800,0.737,0.649
20110101_0957,-27.020,-63.210,586.000,AH.DYN.00,32.644,117.469,174.345,1819.425,1889.109,1913.719,945.000,4.881,0.305,0.292,0.279,0.280,0.283,3.400,-3.500,0.576,-0.451,-0.100,0.544,0.544,0.500,0.536,0.544,0.500,0.529,0.544,0.600,0.526,0.544,0.600,0.533,0.544
20110101_0957,-27.020,-63.210,586.000,IC.KMI.10,25.148,102.747,167.257,1784.850,1844.769,1865.392,946.000,2.280,0.111,0.119,0.147,0.132,0.127,8.100,4.300,0.629,-0.775,1.900,0.617,0.617,9.200,0.517,0.617,9.300,0.435,0.617,9.200,0.461,0.617,9.200,0.501,0.617
20110101_0957,-27.020,-63.210,586.000,GS.YMG.00,40.521,93.661,156.626,1730.048,1776.448,1791.853,947.000,0.947,0.182,0.176,0.177,0.173,0.177,6.800,-2.900,0.507,-0.866,5.200,0.540,0.540,6.300,0.438,0.540,6.500,0.411,0.540,6.400,0.410,0.540,6.300,0.429,0.540
20110101_0957,-27.020,-63.210,586.000,SD.LOK.00,37.552,120.508,169.012,1793.557,1855.839,1877.415,948.000,6.347,-0.033,-0.306,-0.281,-0.268,-0.279,0.100,0.600,0.742,0.603,-4.100,0.467,0.467,-3.200,0.820,0.467,-3.000,0.828,0.467,-2.900,0.831,0.467,-3.000,0.824,0.467
20110101_0957,-27.020,-63.210,586.000,YP.NE64.,44.784,118.763,162.166,1759.048,1812.321,1830.336,949.000,2.684,0.308,0.367,0.370,0.374,0.373,2.500,2.600,0.483,0.532,-9.100,0.607,0.607,-7.900,0.596,0.607,-7.700,0.582,0.607,-7.600,0.566,0.607,-7.700,0.575,0.607
20110101_0957,-27.020,-63.210,586.000,CQ.FUL.00,29.726,107.438,171.341,1804.956,1870.428,1893.309,950.000,2.468,0.264,0.140,0.173,0.157,0.153,3.900,3.900,0.869,0.960,10.500,0.575,0.575,6.500,0.588,0.575,8.600,0.566,0.575,8.300,0.556,0.575,7.000,0.554,0.575
20110101_0957,-27.020,-63.210,586.000,ZN.AGAN.,-9.931,149.388,131.370,1585.284,1606.005,1612.292,951.000,4.427,0.599,0.591,0.596,0.601,0.597,0.300,0.500,0.863,0.837,0.400,0.804,0.804,0.400,0.815,0.804,0.200,0.816,0.804,0.000,0.817,0.804,0.200,0.816,0.804
20110101_0957,-27.020,-63.210,586.000,JX.YOX.00,29.083,115.606,177.688,1835.188,1909.692,1936.296,952.000,2.911,-0.097,0.013,0.013,0.006,0.005,0.400,0.900,0.593,0.593,-10.500,0.465,0.465,7.300,0.382,0.465,7.400,0.367,0.465,7.500,0.362,0.465,7.400,0.375,0.465
20110101_0957,-27.020,-63.210,586.000,GS.JYG.00,39.811,98.210,159.971,1747.678,1798.174,1815.129,953.000,3.025,0.014,0.123,0.151,0.165,0.140,2.500,-1.000,0.557,-0.554,3.600,0.734,0.734,4.800,0.608,0.734,5.200,0.555,0.734,5.300,0.539,0.734,5.000,0.576,0.734
20110101_0957,-27.020,-63.210,586.000,JS.RD.00,32.401,121.135,173.429,1815.041,1883.429,1907.506,954.000,0.166,-0.024,-0.013,-0.030,-0.030,-0.037,-2.000,-2.300,0.388,0.470,-2.600,0.635,0.635,-2.300,0.645,0.635,-2.500,0.655,0.635,-2.500,0.658,0.635,-2.600,0.654,0.635
20110101_0957,-27.020,-63.210,586.000,GS.SBC.00,39.491,95.922,158.639,1740.705,1789.551,1805.880,955.000,1.665,0.213,0.122,0.124,0.130,0.124,0.500,-3.300,0.822,-0.828,2.600,0.691,0.691,4.900,0.465,0.691,5.200,0.481,0.691,5.300,0.481,0.691,5.100,0.474,0.691
20110101_0957,-27.020,-63.210,586.000,GE.SMRI.,-7.049,110.441,145.380,1668.147,1701.926,1712.680,956.000,1.418,0.278,0.284,0.282,0.263,0.268,-3.200,3.200,0.358,0.066,-5.000,0.358,0.358,-5.100,0.400,0.358,-5.200,0.397,0.358,5.200,0.371,0.358,5.300,0.375,0.358
20110101_0957,-27.020,-63.210,586.000,NM.WUH.00,39.665,106.839,164.891,1772.959,1829.753,1849.133,957.000,3.341,0.235,0.196,0.202,0.210,0.204,7.000,3.400,0.575,-0.853,-1.600,0.641,0.641,-1.500,0.633,0.641,-1.400,0.664,0.641,-1.300,0.684,0.641,-1.400,0.661,0.641
20110101_0957,-27.020,-63.210,586.000,6F.BL12.,-22.739,133.481,127.690,1562.460,1580.293,1585.650,958.000,5.773,0.605,0.596,0.588,0.599,0.608,0.000,0.700,0.825,0.844,0.700,0.756,0.756,0.800,0.757,0.756,0.800,0.756,0.756,0.500,0.758,0.756,0.500,0.759,0.756
20110101_0957,-27.020,-63.210,586.000,AU.QIS.,-20.558,139.605,127.541,1561.524,1579.244,1584.566,959.000,7.207,0.630,0.560,0.557,0.560,0.558,0.300,0.300,0.861,0.871,0.200,0.730,0.730,0.100,0.688,0.730,0.100,0.687,0.730,-0.100,0.690,0.730,-0.100,0.689,0.730
20110101_0957,-27.020,-63.210,586.000,GD.JIX.00,23.427,115.705,176.275,1828.571,1901.021,1926.774,960.000,1.616,0.165,0.238,0.232,0.231,0.234,-8.500,0.000,0.613,-0.258,4.000,0.513,0.513,-9.600,0.438,0.513,2.500,0.470,0.513,2.400,0.510,0.513,2.400,0.489,0.513
20110101_0957,-27.020,-63.210,586.000,XJ.YCH.00,37.390,77.361,145.344,1667.942,1701.682,1712.423,961.000,1.166,-0.244,0.041,0.085,0.070,0.055,-4.300,4.200,0.548,-0.873,-5.700,0.247,0.247,-4.400,0.328,0.247,-4.900,0.342,0.247,-4.800,0.341,0.247,-4.500,0.335,0.247
20110101_0957,-27.020,-63.210,586.000,GD.XNY.00,22.353,110.929,172.921,1812.602,1880.277,1904.061,962.000,3.212,0.034,-0.063,-0.039,-0.037,-0.047,2.300,2.300,0.500,0.354,4.200,0.425,0.425,6.500,0.465,0.425,6.400,0.471,0.425,6.400,0.472,0.425,6.500,0.468,0.425
20110101_0957,-27.020,-63.210,586.000,JL.HST.00,42.949,127.140,161.988,1758.133,1811.178,1829.106,963.000,0.536,0.133,0.027,0.052,0.059,0.053,5.100,4.700,0.593,0.587,2.300,0.429,0.429,4.300,0.469,0.429,-13.700,0.413,0.429,-13.700,0.412,0.429,-13.800,0.413,0.429
20110101_0957,-27.020,-63.210,586.000,ZN.PEMM.,-9.621,149.794,131.350,1585.163,1605.869,1612.151,964.000,2.968,0.441,0.438,0.436,0.434,0.432,2.000,-0.800,0.549,0.193,-1.500,0.386,0.386,-1.500,0.420,0.386,-1.800,0.437,0.386,-2.000,0.453,0.386,-1.800,0.436,0.386
20110101_0957,-27.020,-63.210,586.000,TJ.JIX.00,40.076,117.496,166.930,1783.222,1842.706,1863.154,965.000,2.764,0.332,0.357,0.343,0.332,0.335,0.800,0.600,0.892,0.849,1.800,0.459,0.459,1.800,0.495,0.459,1.800,0.480,0.459,1.700,0.452,0.459,1.800,0.468,0.459
20110101_0957,-27.020,-63.210,586.000,NM.XSZ.00,40.740,108.734,164.754,1772.267,1828.882,1848.192,966.000,5.014,0.495,0.345,0.364,0.382,0.365,0.500,0.500,0.901,0.941,-1.000,0.638,0.638,-1.600,0.420,0.638,-1.500,0.475,0.638,-1.400,0.517,0.638,-1.500,0.473,0.638
20110101_0957,-27.020,-63.210,586.000,G.INU.00,35.350,137.029,160.837,1752.184,1803.767,1821.136,967.000,2.161,0.143,0.139,0.150,0.143,0.140,-2.200,-5.100,0.716,-0.713,-10.000,0.341,0.341,3.700,0.390,0.341,3.400,0.437,0.341,3.400,0.433,0.341,3.500,0.421,0.341
20110101_0957,-27.020,-63.210,586.000,JL.CBT.00,41.420,128.174,162.831,1762.466,1816.592,1834.935,968.000,0.756,0.052,0.215,0.209,0.211,0.208,3.200,-2.100,0.385,-0.079,-7.000,0.668,0.668,-2.200,0.662,0.668,-2.700,0.597,0.668,-3.000,0.570,0.668,-2.900,0.584,0.668
20110101_0957,-27.020,-63.210,586.000,JL.LHT.00,42.286,125.717,163.084,1763.758,1818.208,1836.677,969.000,2.954,0.384,-0.197,-0.227,-0.230,-0.220,0.800,-2.800,0.732,-0.535,-4.200,0.812,0.812,-1.300,0.422,0.812,-1.100,0.497,0.812,-1.100,0.538,0.812,-1.200,0.534,0.812
20110101_0957,-27.020,-63.210,586.000,XW.HN01.,17.961,55.921,123.548,1536.249,1551.093,1555.519,970.000,1.597,0.235,0.113,0.056,0.073,0.113,-1.500,-1.300,0.706,0.695,2.200,0.791,0.791,0.300,0.440,0.791,1.000,0.472,0.791,0.800,0.460,0.791,0.400,0.437,0.791
20110101_0957,-27.020,-63.210,586.000,KN.ULHL.,42.246,76.242,143.759,1658.889,1690.991,1701.157,971.000,2.052,-0.026,0.075,0.079,0.078,0.078,-4.700,-4.600,0.778,0.716,2.600,0.658,0.658,-4.700,0.621,0.658,-4.600,0.606,0.658,-4.600,0.616,0.658,-4.600,0.624,0.658
20110101_0957,-27.020,-63.210,586.000,SC.YJI.00,30.034,101.012,165.826,1777.682,1835.703,1855.568,972.000,1.060,0.035,0.057,0.067,0.066,0.060,5.700,0.000,0.543,0.168,-8.900,0.510,0.510,-8.700,0.539,0.510,-8.600,0.537,0.510,-8.600,0.542,0.510,-8.700,0.545,0.510
20110101_0957,-27.020,-63.210,586.000,NX.LWU.00,38.101,106.331,165.862,1777.861,1835.929,1855.813,973.000,1.329,-0.002,0.083,0.094,0.095,0.092,-3.300,-5.600,0.497,-0.444,-11.700,0.550,0.550,-11.500,0.593,0.550,-11.300,0.590,0.550,-11.300,0.587,0.550,-11.400,0.594,0.550
20110101_0957,-27.020,-63.210,586.000,CQ.SHZ.00,30.244,108.385,171.952,1807.921,1874.241,1897.469,974.000,2.823,0.077,0.343,0.348,0.347,0.356,1.700,1.600,0.864,0.827,7.800,0.352,0.352,-6.800,0.540,0.352,-6.700,0.538,0.352,-6.700,0.536,0.352,-6.800,0.548,0.352
20110101_0957,-27.020,-63.210,586.000,BU.HBZ.00,38.248,114.308,168.580,1791.425,1853.122,1874.461,975.000,5.259,0.031,0.052,0.049,0.042,0.049,0.800,1.200,0.590,0.446,8.700,0.418,0.418,7.500,0.376,0.418,7.600,0.369,0.418,7.700,0.359,0.418,7.700,0.362,0.418
20110101_0957,-27.020,-63.210,586.000,AK.SPIA.,57.177,-170.248,121.551,1523.413,1536.929,1540.947,976.000,0.944,0.115,0.152,0.155,0.155,0.153,-6.400,4.100,0.654,-0.786,-6.700,0.263,0.263,-6.700,0.280,0.263,-0.200,0.289,0.263,-6.800,0.283,0.263,-6.800,0.280,0.263
20110101_0957,-27.020,-63.210,586.000,IC.XAN.10,34.031,108.923,170.256,1799.667,1863.647,1885.916,977.000,2.820,-0.129,-0.025,-0.034,-0.033,-0.027,4.600,4.500,0.840,0.835,-2.300,0.632,0.632,-1.900,0.694,0.632,-1.800,0.685,0.632,-1.700,0.694,0.632,-1.800,0.698,0.632
20110101_0957,-27.020,-63.210,586.000,TM.NONG.,18.063,103.146,164.559,1771.277,1827.638,1846.849,978.000,2.340,0.153,0.252,0.253,0.254,0.259,-0.200,0.000,0.794,0.555,-2.200,0.620,0.620,-1.800,0.569,0.620,-1.700,0.557,0.620,-1.700,0.556,0.620,-1.700,0.558,0.620
20110101_0957,-27.020,-63.210,586.000,LN.XFN.00,42.742,124.712,163.008,1763.368,1817.721,1836.152,979.000,5.041,0.067,-0.045,-0.045,-0.046,-0.048,-6.500,-2.400,0.532,-0.541,2.000,0.882,0.882,2.400,0.642,0.882,2.400,0.616,0.882,2.500,0.605,0.882,2.500,0.604,0.882
20110101_0957,-27.020,-63.210,586.000,YP.NE73.,45.444,118.028,161.549,1755.871,1808.357,1826.071,980.000,1.626,0.126,0.082,0.087,0.086,0.087,2.000,2.400,0.771,0.749,-5.200,0.553,0.553,-3.600,0.653,0.553,-3.500,0.675,0.553,-3.300,0.711,0.553,-3.400,0.694,0.553
20110101_0957,-27.020,-63.210,586.000,BU.LBG.00,40.899,116.596,166.120,1779.158,1837.567,1857.586,981.000,2.931,0.064,0.083,0.107,0.114,0.118,1.200,1.500,0.594,0.462,-1.100,0.622,0.622,-0.600,0.752,0.622,-0.500,0.772,0.622,-0.500,0.788,0.622,-0.400,0.782,0.622
20110101_0957,-27.020,-63.210,586.000,KZ.BRVK.,53.058,70.283,137.020,1619.472,1645.070,1652.997,982.000,1.622,0.111,0.219,0.223,0.226,0.221,1.300,4.700,0.740,-0.781,9.300,0.578,0.578,8.600,0.518,0.578,8.300,0.495,0.578,8.300,0.498,0.578,8.500,0.511,0.578
20110101_0957,-27.020,-63.210,586.000,JL.PST.00,42.950,126.078,162.373,1760.113,1813.652,1831.768,983.000,3.805,0.220,-0.024,-0.007,0.004,0.004,3.000,3.400,0.780,0.627,11.700,0.404,0.404,1.800,0.345,0.404,1.800,0.388,0.404,1.800,0.411,0.404,1.700,0.412,0.404
20110101_0957,-27.020,-63.210,586.000,JS.SQ.00,34.050,118.307,172.850,1812.259,1879.833,1903.576,984.000,6.284,0.352,0.098,0.098,0.103,0.103,-0.400,2.700,0.619,-0.771,0.400,0.456,0.456,-0.800,0.461,0.456,-0.800,0.465,0.456,-0.800,0.470,0.456,-0.800,0.469,0.456
20110101_0957,-27.020,-63.210,586.000,JS.WX.00,31.525,120.223,174.591,1820.597,1890.632,1915.387,985.000,9.513,0.106,0.027,0.029,0.043,0.028,1.100,1.600,0.805,0.717,3.400,0.842,0.842,4.300,0.858,0.842,4.500,0.854,0.842,4.600,0.846,0.842,4.600,0.850,0.842
20110101_0957,-27.020,-63.210,586.000,SX.BOD.00,38.955,111.001,167.123,1784.183,1843.923,1864.474,986.000,2.923,0.379,0.295,0.299,0.308,0.301,-4.000,4.000,0.800,-0.041,-4.100,0.527,0.527,4.400,0.508,0.527,4.500,0.494,0.527,4.500,0.484,0.527,4.500,0.491,0.527
20110101_0957,-27.020,-63.210,586.000,YP.NE23.,42.378,118.150,164.602,1771.493,1827.909,1847.142,987.000,1.554,0.259,0.212,0.210,0.204,0.207,0.700,1.200,0.521,0.534,2.200,0.518,0.518,3.700,0.464,0.518,3.900,0.452,0.518,4.000,0.445,0.518,3.900,0.450,0.518
20110101_0957,-27.020,-63.210,586.000,YP.NEP3.,44.583,124.978,161.248,1754.311,1806.414,1823.981,988.000,3.953,-0.020,0.202,0.201,0.203,0.201,0.700,0.600,0.741,0.721,7.900,0.513,0.513,7.800,0.311,0.513,7.500,0.379,0.513,7.300,0.414,0.513,7.400,0.400,0.513
20110101_0957,-27.020,-63.210,586.000,YP.NE48.,43.593,127.615,161.258,1754.365,1806.480,1824.053,989.000,4.514,0.056,0.168,0.177,0.174,0.171,-0.200,0.700,0.673,0.542,-8.100,0.785,0.785,-8.000,0.857,0.785,-8.100,0.844,0.785,-8.200,0.836,0.785,-8.100,0.840,0.785
20110101_0957,-27.020,-63.210,586.000,SN.FUPI.00,34.974,109.145,169.702,1796.952,1860.173,1882.132,990.000,3.933,-0.040,-0.057,-0.062,-0.055,-0.056,5.900,3.000,0.645,-0.743,-0.900,0.655,0.655,-1.000,0.651,0.655,-1.000,0.657,0.655,-0.900,0.671,0.655,-1.000,0.656,0.655
20110101_0957,-27.020,-63.210,586.000,FJ.NDZW.00,26.678,119.562,177.503,1834.329,1908.563,1935.056,991.000,11.416,0.426,0.331,0.343,0.333,0.327,-0.800,-0.200,0.881,0.843,0.300,0.815,0.815,0.700,0.777,0.815,0.300,0.870,0.815,0.400,0.839,0.815,0.700,0.775,0.815
20110101_0957,-27.020,-63.210,586.000,QH.MIH.00,36.369,102.784,164.882,1772.917,1829.700,1849.076,992.000,3.393,0.285,0.309,0.317,0.316,0.313,0.700,-2.300,0.687,-0.843,-7.700,0.700,0.700,-7.100,0.762,0.700,-7.100,0.769,0.700,-7.000,0.771,0.700,-7.000,0.767,0.700
20110101_0957,-27.020,-63.210,586.000,FJ.PHSG.00,24.399,117.342,177.332,1833.528,1907.512,1933.901,993.000,5.550,0.266,0.320,0.315,0.317,0.314,-4.200,-3.500,0.645,0.573,-3.100,0.834,0.834,-2.600,0.911,0.834,-2.700,0.900,0.834,-2.700,0.887,0.834,-2.700,0.897,0.834
20110101_0957,-27.020,-63.210,586.000,XJ.WUQ.00,39.740,75.238,143.425,1656.972,1688.734,1698.781,994.000,1.329,0.025,0.166,0.163,0.164,0.165,7.200,2.500,0.525,-0.515,7.600,0.733,0.733,-0.500,0.444,0.733,-0.600,0.401,0.733,-0.600,0.415,0.733,-0.500,0.435,0.733
20110101_0957,-27.020,-63.210,586.000,JS.XW.00,34.498,119.542,172.158,1808.918,1875.525,1898.871,995.000,0.425,-0.085,-0.083,-0.087,-0.089,-0.088,-4.300,-3.700,0.863,0.515,-1.000,0.383,0.383,-10.000,0.270,0.383,-9.800,0.291,0.383,-9.800,0.291,0.383,-9.800,0.294,0.383
20110101_0957,-27.020,-63.210,586.000,YP.NEAC.,47.674,132.599,155.928,1726.323,1771.888,1786.980,996.000,4.745,0.338,0.358,0.358,0.359,0.359,8.900,-1.000,0.338,0.119,-11.300,0.446,0.446,-11.100,0.475,0.446,-11.200,0.496,0.446,-11.200,0.507,0.446,-11.200,0.509,0.446
20110101_0957,-27.020,-63.210,586.000,YN.MEL.00,22.337,99.580,163.692,1766.866,1822.101,1840.874,997.000,1.619,-0.170,0.064,0.026,0.031,0.051,-1.300,-1.200,0.811,0.857,-10.200,0.673,0.673,-1.100,0.659,0.673,-1.000,0.635,0.673,-1.000,0.637,0.673,-1.000,0.651,0.673
20110101_0957,-27.020,-63.210,586.000,JS.LAS.00,33.772,119.283,172.915,1812.571,1880.236,1904.016,998.000,0.365,0.009,0.003,0.003,0.002,0.003,13.000,4.400,0.587,-0.030,9.400,0.724,0.724,10.800,0.694,0.724,10.700,0.699,0.724,10.800,0.696,0.724,10.700,0.699,0.724
20110101_0957,-27.020,-63.210,586.000,NM.XIH.00,42.252,119.889,164.559,1771.276,1827.636,1846.847,999.000,1.171,0.128,0.134,0.137,0.141,0.141,-13.100,-4.500,0.148,-0.912,5.700,0.366,0.366,-8.700,0.539,0.366,-8.600,0.546,0.366,-8.600,0.553,0.366,-8.600,0.554,0.366
20110101_0957,-27.020,-63.210,586.000,HI.NAD.00,19.534,109.619,170.033,1798.576,1862.251,1884.394,1000.000,5.835,0.001,0.157,0.196,0.182,0.162,-1.000,-0.600,0.878,0.846,-2.700,0.490,0.490,0.700,0.387,0.490,0.500,0.415,0.490,0.600,0.406,0.490,0.700,0.411,0.490
20110101_0957,-27.020,-63.210,586.000,IC.HIA.00,49.270,119.741,157.634,1735.396,1783.013,1798.877,1001.000,5.471,0.408,0.283,0.292,0.301,0.296,1.100,1.200,0.923,0.856,-2.900,0.809,0.809,3.300,0.585,0.809,3.000,0.617,0.809,2.700,0.645,0.809,2.800,0.636,0.809
20110101_0957,-27.020,-63.210,586.000,AU.AS31.,-23.666,133.904,126.687,1556.164,1573.242,1578.364,1002.000,2.974,0.665,0.652,0.657,0.665,0.666,0.800,1.000,0.860,0.941,0.700,0.843,0.843,0.500,0.828,0.843,0.400,0.826,0.843,0.300,0.823,0.843,0.300,0.822,0.843
20110101_0957,-27.020,-63.210,586.000,YP.NE76.,45.535,120.576,161.241,1754.279,1806.373,1823.937,1003.000,4.119,0.168,0.104,0.109,0.114,0.108,1.400,1.500,0.954,0.929,-5.500,0.538,0.538,-3.700,0.690,0.538,-3.600,0.688,0.538,-3.400,0.692,0.538,-3.500,0.693,0.538
20110101_0957,-27.020,-63.210,586.000,HE.TLK.00,40.139,119.045,166.749,1782.312,1841.554,1861.905,1004.000,4.282,0.158,0.110,0.116,0.114,0.112,0.100,0.200,0.926,0.923,8.700,0.427,0.427,-1.900,0.612,0.427,-1.700,0.634,0.427,-1.700,0.651,0.427,-1.700,0.643,0.427
20110101_0957,-27.020,-63.210,586.000,LN.BZH.00,41.599,121.764,164.860,1772.805,1829.559,1848.924,1005.000,4.999,0.022,0.215,0.224,0.223,0.228,0.500,0.600,0.947,0.930,-2.300,0.549,0.549,0.400,0.733,0.549,0.600,0.735,0.549,0.700,0.735,0.549,0.600,0.739,0.549
20110101_0957,-27.020,-63.210,586.000,TM.MHIT.,19.315,97.963,161.084,1753.462,1805.357,1822.845,1006.000,4.087,0.237,0.291,0.293,0.291,0.291,-1.600,-1.200,0.456,0.479,-6.800,0.631,0.631,-6.200,0.706,0.631,-6.100,0.723,0.631,-6.100,0.722,0.631,-6.200,0.714,0.631
20110101_0957,-27.020,-63.210,586.000,YN.QIJ.00,26.910,102.943,167.664,1786.882,1847.346,1868.188,1007.000,1.980,0.048,0.145,0.125,0.128,0.138,-2.300,0.600,0.429,-0.675,-12.900,0.377,0.377,-7.700,0.414,0.377,-7.600,0.387,0.377,-7.600,0.397,0.377,-7.700,0.409,0.377
20110101_0957,-27.020,-63.210,586.000,GD.YND.00,24.126,113.363,175.766,1826.168,1897.884,1923.332,1008.000,1.121,0.106,-0.035,-0.009,-0.009,-0.007,6.800,2.600,0.577,-0.891,7.700,0.576,0.576,7.500,0.763,0.576,7.500,0.772,0.576,7.500,0.762,0.576,7.500,0.768,0.576
20110101_0957,-27.020,-63.210,586.000,LN.SUZ.00,40.377,120.244,166.341,1780.270,1838.971,1859.106,1009.000,13.284,0.131,0.119,0.118,0.113,0.116,0.000,-0.400,0.761,0.702,-3.700,0.420,0.420,-0.900,0.514,0.420,-0.900,0.533,0.420,-0.800,0.545,0.420,-0.800,0.543,0.420
20110101_0957,-27.020,-63.210,586.000,NM.MZL.00,49.555,117.440,157.460,1734.477,1781.883,1797.668,1010.000,3.027,0.364,0.331,0.314,0.307,0.314,-3.400,-3.400,0.741,0.664,-0.100,0.423,0.423,-4.500,0.456,0.423,-4.500,0.472,0.423,-4.500,0.475,0.423,-4.600,0.468,0.423
20110101_0957,-27.020,-63.210,586.000,1G.NOP05.,39.871,109.883,165.928,1778.195,1836.351,1856.269,1011.000,2.343,0.164,0.148,0.146,0.145,0.146,3.600,3.900,0.753,0.856,6.600,0.353,0.353,-0.900,0.393,0.353,-0.700,0.394,0.353,-0.600,0.397,0.353,-0.700,0.392,0.353
20110101_0957,-27.020,-63.210,586.000,XJ.YJS.00,38.521,76.486,144.535,1663.336,1696.235,1706.680,1012.000,1.304,-0.016,0.120,0.125,0.119,0.121,-7.700,-3.400,0.476,-0.044,3.000,0.518,0.518,4.400,0.483,0.518,4.600,0.421,0.518,4.600,0.430,0.518,4.400,0.466,0.518
20110101_0957,-27.020,-63.210,586.000,SD.RSH.00,36.920,121.599,169.296,1794.958,1857.626,1879.360,1013.000,2.593,-0.030,-0.077,-0.056,-0.044,-0.058,0.600,4.200,0.658,-0.406,7.500,0.716,0.716,7.700,0.516,0.716,7.800,0.440,0.716,2.600,0.398,0.716,7.800,0.403,0.716
20110101_0957,-27.020,-63.210,586.000,SC.CXI.00,31.707,105.950,169.462,1795.772,1858.665,1880.490,1014.000,2.472,0.032,-0.046,0.016,0.020,-0.017,2.500,-0.300,0.580,-0.693,6.600,0.261,0.261,9.200,0.482,0.261,9.200,0.386,0.261,9.200,0.377,0.261,9.200,0.435,0.261
20110101_0957,-27.020,-63.210,586.000,HA.LZH.00,36.061,113.835,170.616,1801.424,1865.898,1888.369,1015.000,3.136,0.092,0.209,0.203,0.180,0.188,0.100,4.000,0.751,-0.786,2.300,0.479,0.479,1.900,0.749,0.479,2.000,0.734,0.479,2.100,0.714,0.479,2.000,0.728,0.479
20110101_0957,-27.020,-63.210,586.000,LN.HSH.00,39.537,121.274,166.938,1783.262,1842.756,1863.209,1016.000,4.254,0.058,-0.006,0.001,-0.001,-0.003,0.600,1.000,0.850,0.887,10.500,0.423,0.423,0.500,0.839,0.423,0.600,0.840,0.423,0.700,0.840,0.423,0.600,0.844,0.423
20110101_0957,-27.020,-63.210,586.000,NM.QSH.00,39.900,111.673,166.438,1780.756,1839.586,1859.773,1017.000,6.558,0.222,0.261,0.266,0.270,0.272,1.800,1.800,0.548,0.590,10.500,0.466,0.466,9.600,0.516,0.466,9.600,0.504,0.466,9.600,0.494,0.466,9.600,0.500,0.466
20110101_0957,-27.020,-63.210,586.000,TM.CRAI.,20.229,100.373,163.517,1765.975,1820.985,1839.670,1018.000,3.053,0.076,0.082,0.068,0.067,0.077,-0.700,-0.700,0.693,0.737,-1.600,0.800,0.800,-1.100,0.665,0.800,-1.000,0.647,0.800,-1.000,0.646,0.800,-1.100,0.655,0.800
20110101_0957,-27.020,-63.210,586.000,ZJ.WEZ.00,27.927,120.668,176.442,1829.357,1902.049,1927.901,1019.000,18.555,0.348,0.361,0.334,0.340,0.351,-0.900,-0.900,0.921,0.933,0.300,0.903,0.903,0.600,0.507,0.903,-2.300,0.516,0.903,-2.200,0.434,0.903,0.500,0.390,0.903
20110101_0957,-27.020,-63.210,586.000,JL.FMT.00,43.728,126.664,161.486,1755.545,1807.951,1825.634,1020.000,2.658,0.138,-0.036,-0.029,-0.029,-0.033,4.600,4.300,0.580,0.222,14.000,0.457,0.457,-6.400,0.392,0.457,-6.600,0.386,0.457,-6.700,0.385,0.457,-6.700,0.374,0.457
20110101_0957,-27.020,-63.210,586.000,XW.GBRA.,19.092,56.553,124.506,1542.366,1557.872,1562.504,1021.000,0.994,0.117,-0.008,0.032,0.034,0.015,2.800,3.400,0.618,0.731,8.600,0.626,0.626,6.600,0.677,0.626,6.300,0.680,0.626,6.400,0.678,0.626,6.600,0.677,0.626
20110101_0957,-27.020,-63.210,586.000,KN.USP.,43.267,74.500,142.302,1650.493,1681.126,1690.780,1022.000,1.945,0.221,0.235,0.232,0.232,0.234,-9.400,-4.000,0.648,-0.359,0.700,0.650,0.650,1.900,0.394,0.650,2.400,0.352,0.650,2.400,0.342,0.650,2.100,0.370,0.650
20110101_0957,-27.020,-63.210,586.000,IU.CTAO.00,-20.088,146.255,124.918,1544.983,1560.779,1565.501,1023.000,4.762,0.494,0.489,0.492,0.508,0.496,1.200,-3.700,0.936,-0.346,1.900,0.579,0.579,2.300,0.585,0.579,2.300,0.581,0.579,2.100,0.565,0.579,2.200,0.578,0.579
20110101_0957,-27.020,-63.210,586.000,NM.BLM.00,41.710,110.428,164.411,1770.528,1826.697,1845.833,1024.000,3.114,0.466,0.353,0.367,0.382,0.371,0.800,-2.900,0.434,-0.835,-8.700,0.508,0.508,4.900,0.366,0.508,5.200,0.367,0.508,-9.000,0.381,0.508,5.200,0.366,0.508
20110101_0957,-27.020,-63.210,586.000,SX.LIC.00,35.691,113.291,170.831,1802.473,1867.243,1889.836,1025.000,7.829,0.352,0.332,0.340,0.344,0.339,-0.200,3.200,0.824,-0.814,1.000,0.430,0.430,1.600,0.592,0.430,1.700,0.574,0.430,1.800,0.554,0.430,1.700,0.569,0.430
20110101_0957,-27.020,-63.210,586.000,SD.LAY.00,36.988,120.721,169.493,1795.923,1858.858,1880.700,1026.000,3.010,0.087,-0.032,-0.033,-0.032,-0.036,6.000,5.700,0.679,0.651,13.900,0.367,0.367,1.900,0.632,0.367,1.800,0.640,0.367,1.800,0.641,0.367,1.800,0.644,0.367
20110101_0957,-27.020,-63.210,586.000,YP.NE77.,45.425,121.495,161.216,1754.151,1806.214,1823.766,1027.000,2.725,0.079,0.197,0.203,0.215,0.209,-0.800,-4.400,0.831,-0.485,-7.300,0.852,0.852,-5.400,0.810,0.852,-5.300,0.797,0.852,-5.100,0.775,0.852,-5.200,0.785,0.852
20110101_0957,-27.020,-63.210,586.000,SX.XAX.00,35.120,111.237,170.611,1801.400,1865.868,1888.336,1028.000,3.161,0.004,0.027,0.006,-0.003,0.016,1.200,4.700,0.712,-0.931,2.700,0.649,0.649,2.400,0.807,0.649,2.500,0.787,0.649,2.600,0.772,0.649,2.400,0.791,0.649
20110101_0957,-27.020,-63.210,586.000,HE.CXT.00,36.434,114.051,170.303,1799.897,1863.942,1886.237,1029.000,5.368,0.096,0.121,0.116,0.106,0.112,0.600,4.500,0.774,-0.850,2.000,0.516,0.516,2.200,0.698,0.516,2.200,0.682,0.516,2.300,0.663,0.516,2.200,0.675,0.516
20110101_0957,-27.020,-63.210,586.000,GD.SCD.00,21.711,112.796,173.565,1815.697,1884.277,1908.433,1030.000,7.139,0.193,0.293,0.312,0.316,0.294,0.000,0.000,0.750,0.774,-4.900,0.373,0.373,-0.500,0.296,0.373,-0.500,0.333,0.373,-0.500,0.351,0.373,-0.600,0.310,0.373
20110101_0957,-27.020,-63.210,586.000,GX.GGS.00,23.055,109.618,172.390,1810.042,1876.973,1900.453,1031.000,3.597,0.145,-0.005,-0.011,-0.012,-0.010,3.800,4.000,0.627,0.519,8.400,0.797,0.797,4.500,0.672,0.797,4.500,0.660,0.797,4.500,0.660,0.797,4.500,0.665,0.797
20110101_0957,-27.020,-63.210,586.000,YP.NE61.,44.855,115.966,162.153,1758.982,1812.238,1830.247,1032.000,1.665,0.154,0.179,0.187,0.192,0.188,-0.100,-3.000,0.607,-0.606,-7.000,0.489,0.489,-6.300,0.514,0.489,-6.300,0.521,0.489,-6.100,0.527,0.489,-6.200,0.525,0.489
20110101_0957,-27.020,-63.210,586.000,ZJ.XIC.00,29.482,120.862,175.650,1825.621,1897.170,1922.550,1033.000,2.857,0.298,0.306,0.340,0.337,0.337,0.300,-0.100,0.852,0.763,1.400,0.856,0.856,0.600,0.881,0.856,0.300,0.915,0.856,0.300,0.918,0.856,0.300,0.912,0.856
20110101_0957,-27.020,-63.210,586.000,YP.NEP4.,45.263,123.583,160.968,1752.863,1804.612,1822.045,1034.000,5.870,0.067,0.033,0.029,-0.066,0.028,-1.400,-1.100,0.880,0.892,-8.600,0.478,0.478,-6.500,0.636,0.478,-6.500,0.645,0.478,6.900,0.554,0.478,-6.400,0.647,0.478
20110101_0957,-27.020,-63.210,586.000,NM.WLH.00,41.519,111.706,164.912,1773.067,1829.888,1849.280,1035.000,5.988,0.478,0.322,0.334,0.357,0.347,0.300,-4.200,0.663,-0.885,-9.600,0.467,0.467,11.300,0.383,0.467,11.500,0.357,0.467,-10.300,0.368,0.467,-10.400,0.354,0.467
20110101_0957,-27.020,-63.210,586.000,SN.QLIT.00,34.570,108.217,169.463,1795.775,1858.669,1880.495,1036.000,1.643,0.139,0.067,0.033,0.023,0.047,6.700,3.900,0.726,-0.492,6.500,0.568,0.568,7.000,0.628,0.568,7.000,0.593,0.568,7.000,0.566,0.568,7.000,0.607,0.568
20110101_0957,-27.020,-63.210,586.000,SC.PGE.00,27.384,102.542,167.330,1785.216,1845.232,1865.894,1037.000,6.667,0.191,0.133,0.149,0.148,0.141,8.600,-0.300,0.672,-0.641,3.000,0.589,0.589,4.100,0.507,0.589,4.400,0.493,0.589,4.300,0.496,0.589,4.200,0.505,0.589
20110101_0957,-27.020,-63.210,586.000,GX.YTT.00,24.029,107.518,171.117,1803.868,1869.032,1891.786,1038.000,1.776,-0.073,0.015,0.006,0.012,-0.007,-3.200,-2.800,0.612,0.742,0.700,0.593,0.593,-8.100,0.518,0.593,-7.900,0.541,0.593,-7.900,0.536,0.593,-8.100,0.530,0.593
20110101_0957,-27.020,-63.210,586.000,YP.NE66.,45.004,120.704,161.745,1756.882,1809.617,1827.426,1039.000,1.399,0.071,0.050,0.061,0.070,0.063,0.900,1.200,0.757,0.726,-6.100,0.653,0.653,-4.300,0.793,0.653,-4.000,0.805,0.653,-3.900,0.809,0.653,-4.000,0.806,0.653
20110101_0957,-27.020,-63.210,586.000,SD.JUX.00,35.543,118.895,171.289,1804.706,1870.108,1892.960,1040.000,3.014,0.374,0.255,0.247,0.243,0.248,-1.300,2.700,0.693,-0.875,2.400,0.688,0.688,3.900,0.902,0.688,4.000,0.915,0.688,4.200,0.919,0.688,4.100,0.914,0.688
20110101_0957,-27.020,-63.210,586.000,MY.KKM.,6.044,116.215,159.017,1742.689,1792.001,1808.506,1041.000,3.670,0.554,0.570,0.576,0.591,0.593,-0.500,-0.400,0.857,0.882,-0.600,0.826,0.826,-0.200,0.837,0.826,-0.300,0.839,0.826,-0.500,0.843,0.826,-0.600,0.843,0.826
20110101_0957,-27.020,-63.210,586.000,IU.PET.00,53.023,158.650,139.642,1634.982,1663.025,1671.784,1042.000,1.132,0.180,0.259,0.237,0.238,0.242,-6.200,-0.700,0.540,0.444,-0.400,0.395,0.395,-0.100,0.569,0.395,-0.600,0.546,0.395,-0.500,0.533,0.395,-0.500,0.538,0.395
20110101_0957,-27.020,-63.210,586.000,YP.NE67.,44.880,121.739,161.706,1756.679,1809.364,1827.154,1043.000,2.190,0.069,-0.073,-0.076,-0.078,-0.075,0.400,0.400,0.601,0.554,-6.700,0.794,0.794,-4.800,0.838,0.794,-4.700,0.833,0.794,-4.600,0.826,0.794,-4.600,0.826,0.794
20110101_0957,-27.020,-63.210,586.000,JS.HA.00,32.499,120.659,173.575,1815.742,1884.337,1908.498,1044.000,1.352,0.017,0.029,0.004,-0.007,-0.004,0.200,-4.100,0.652,-0.735,1.700,0.486,0.486,1.600,0.476,0.486,1.700,0.456,0.486,1.800,0.452,0.486,1.700,0.451,0.486
20110101_0957,-27.020,-63.210,586.000,PS.BAG.,16.411,120.580,168.824,1792.631,1854.657,1876.130,1045.000,3.455,0.177,0.093,0.102,0.115,0.117,-5.100,-4.700,0.842,0.680,-5.000,0.638,0.638,-4.900,0.664,0.638,-5.000,0.644,0.638,-5.200,0.611,0.638,-5.100,0.616,0.638
20110101_0957,-27.020,-63.210,586.000,XJ.STZ.00,43.713,86.653,150.554,1697.136,1736.499,1749.271,1046.000,0.984,0.064,0.102,0.107,0.114,0.106,-0.800,-0.700,0.819,0.791,3.600,0.713,0.713,4.500,0.729,0.713,4.600,0.713,0.713,4.600,0.707,0.713,4.600,0.727,0.713
20110101_0957,-27.020,-63.210,586.000,JS.NT.00,31.952,120.891,173.913,1817.363,1886.436,1910.794,1047.000,3.964,0.193,0.200,0.221,0.233,0.227,-9.100,-5.000,0.420,-0.528,-7.100,0.530,0.530,-6.300,0.497,0.530,-6.300,0.513,0.530,-6.400,0.522,0.530,-6.300,0.516,0.530
20110101_0957,-27.020,-63.210,586.000,NX.YCI.00,37.778,107.437,166.671,1781.924,1841.063,1861.373,1048.000,2.239,0.153,0.209,0.194,0.181,0.205,-1.200,2.300,0.745,-0.756,0.100,0.296,0.296,0.500,0.582,0.296,0.800,0.534,0.296,-5.000,0.538,0.296,0.700,0.553,0.296
20110101_0957,-27.020,-63.210,586.000,GD.NAO.00,23.429,117.007,176.403,1829.174,1901.809,1927.639,1049.000,5.212,0.032,0.094,0.104,0.116,0.112,-0.100,0.700,0.654,0.620,1.500,0.742,0.742,1.400,0.696,0.742,1.300,0.701,0.742,1.100,0.715,0.742,1.200,0.713,0.742
20110101_0957,-27.020,-63.210,586.000,QH.MAD.00,34.920,98.208,162.257,1759.514,1812.903,1830.963,1050.000,3.189,0.117,0.213,0.235,0.235,0.225,-2.700,0.600,0.706,-0.848,-8.300,0.458,0.458,-1.400,0.631,0.458,-1.300,0.522,0.458,-1.300,0.528,0.458,-1.400,0.591,0.458
20110101_0957,-27.020,-63.210,586.000,GD.SHD.00,21.441,111.003,172.323,1809.717,1876.554,1899.995,1051.000,1.359,-0.112,-0.027,-0.031,-0.031,-0.035,5.200,4.900,0.608,0.380,6.900,0.470,0.470,10.000,0.767,0.470,10.000,0.781,0.470,9.900,0.784,0.470,10.000,0.780,0.470
20110101_0957,-27.020,-63.210,586.000,GS.WXT.00,32.952,104.681,167.963,1788.367,1849.232,1870.235,1052.000,3.498,0.391,0.313,0.286,0.282,0.297,-6.800,3.200,0.170,-0.354,1.600,0.373,0.373,-10.200,0.464,0.373,-10.100,0.454,0.373,-10.100,0.455,0.373,-10.200,0.460,0.373
20110101_0957,-27.020,-63.210,586.000,ZN.KAPU.,-9.286,150.780,130.968,1582.813,1603.209,1609.389,1053.000,2.683,0.554,0.564,0.575,0.582,0.575,0.900,1.100,0.814,0.766,1.000,0.731,0.731,1.000,0.751,0.731,0.700,0.751,0.731,0.600,0.746,0.731,0.800,0.750,0.731
20110101_0957,-27.020,-63.210,586.000,HB.MCH.00,31.132,115.155,175.647,1825.609,1897.155,1922.533,1054.000,5.055,-0.081,0.009,-0.009,-0.026,-0.023,-0.700,-0.300,0.682,0.564,0.900,0.737,0.737,0.600,0.598,0.737,0.600,0.610,0.737,0.600,0.610,0.737,0.600,0.604,0.737
20110101_0957,-27.020,-63.210,586.000,JX.JGS.00,26.562,114.161,177.609,1834.821,1909.209,1935.766,1055.000,1.683,-0.116,0.125,0.107,0.110,0.118,-0.200,-0.600,0.731,0.718,-5.600,0.470,0.470,4.800,0.430,0.470,5.100,0.435,0.470,5.000,0.430,0.470,4.900,0.429,0.470
20110101_0957,-27.020,-63.210,586.000,GS.NXT.00,35.561,107.922,168.593,1791.487,1853.200,1874.546,1056.000,2.912,0.001,-0.026,-0.032,-0.021,-0.024,7.700,-4.300,0.474,-0.800,0.300,0.594,0.594,-0.400,0.483,0.594,-0.500,0.481,0.594,-0.400,0.476,0.594,-0.400,0.480,0.594
20110101_0957,-27.020,-63.210,586.000,XW.GASH.,18.432,56.108,123.881,1538.381,1553.453,1557.950,1057.000,0.536,0.039,0.092,0.086,0.089,0.092,8.100,4.200,0.769,-0.035,12.500,0.748,0.748,12.400,0.417,0.748,12.100,0.438,0.748,12.300,0.416,0.748,12.400,0.414,0.748
20110101_0957,-27.020,-63.210,586.000,XJ.WCW.00,44.901,89.032,151.532,1702.518,1742.979,1756.156,1058.000,0.938,0.011,0.039,0.054,0.059,0.042,-0.200,0.200,0.761,0.807,1.200,0.856,0.856,4.200,0.753,0.856,4.400,0.769,0.856,4.400,0.774,0.856,4.200,0.762,0.856
20110101_0957,-27.020,-63.210,586.000,ZJ.CHX.00,31.087,119.658,175.223,1823.601,1894.539,1919.666,1059.000,3.560,0.228,0.234,0.218,0.207,0.203,8.300,-2.400,0.413,-0.018,2.000,0.487,0.487,2.800,0.529,0.487,2.800,0.499,0.487,2.900,0.447,0.487,2.900,0.458,0.487
20110101_0957,-27.020,-63.210,586.000,HI.WZS.00,18.797,109.528,169.406,1795.496,1858.313,1880.107,1060.000,0.747,0.229,0.400,0.405,0.398,0.403,-1.900,-1.400,0.816,0.789,-0.800,0.605,0.605,-0.200,0.804,0.605,-0.200,0.791,0.605,-0.100,0.781,0.605,-0.200,0.800,0.605
20110101_0957,-27.020,-63.210,586.000,FJ.PCNP.00,27.905,118.518,178.229,1837.710,1913.008,1939.944,1061.000,8.697,0.225,0.195,0.223,0.222,0.213,1.900,2.100,0.651,0.725,2.300,0.668,0.668,3.000,0.734,0.668,2.600,0.748,0.668,2.700,0.752,0.668,2.800,0.746,0.668
20110101_0957,-27.020,-63.210,586.000,JL.JCT.00,42.352,126.393,162.782,1762.213,1816.276,1834.595,1062.000,2.006,0.200,-0.111,-0.117,-0.115,-0.112,3.100,3.500,0.798,0.702,-1.700,0.915,0.915,2.000,0.490,0.915,1.800,0.530,0.915,1.800,0.549,0.915,1.700,0.544,0.915
20110101_0957,-27.020,-63.210,586.000,SN.LIYO.00,34.677,107.806,169.142,1794.198,1856.657,1878.305,1063.000,4.437,-0.164,-0.373,-0.346,-0.335,-0.357,8.100,-1.500,0.445,0.293,4.800,0.303,0.303,8.100,0.594,0.303,8.100,0.609,0.303,8.100,0.606,0.303,8.100,0.603,0.303
20110101_0957,-27.020,-63.210,586.000,YP.NE31.,42.696,116.082,164.313,1770.029,1826.070,1845.156,1064.000,2.457,0.197,0.180,0.183,0.182,0.184,-4.000,5.500,0.392,-0.168,0.500,0.829,0.829,1.100,0.777,0.829,1.100,0.767,0.829,1.200,0.748,0.829,1.100,0.757,0.829
20110101_0957,-27.020,-63.210,586.000,GZ.KLT.00,26.544,107.986,172.128,1808.772,1875.337,1898.665,1065.000,0.335,-0.013,-0.012,-0.014,-0.014,-0.013,7.700,-0.900,0.446,-0.624,-8.500,0.452,0.452,-6.600,0.604,0.452,-6.600,0.624,0.452,-6.600,0.619,0.452,-6.600,0.609,0.452
20110101_0957,-27.020,-63.210,586.000,YP.NE6E.,44.853,130.543,159.042,1742.821,1792.163,1808.681,1066.000,2.288,0.285,0.288,0.256,0.250,0.259,4.900,-0.200,0.326,0.345,3.600,0.602,0.602,4.400,0.515,0.602,4.400,0.502,0.602,4.300,0.500,0.602,4.300,0.504,0.602
20110101_0957,-27.020,-63.210,586.000,JL.JYT.00,42.372,126.810,162.607,1761.315,1815.154,1833.386,1067.000,0.348,-0.002,0.040,0.039,0.038,0.039,-9.400,-4.400,0.151,0.797,7.700,0.188,0.188,-8.100,0.539,0.188,-8.400,0.511,0.188,-8.500,0.495,0.188,-8.500,0.499,0.188
20110101_0957,-27.020,-63.210,586.000,GS.QTS.00,39.700,97.741,159.731,1746.428,1796.625,1813.467,1068.000,1.811,-0.009,0.014,0.047,0.060,0.030,-3.000,0.500,0.539,-0.835,-1.500,0.590,0.590,6.100,0.524,0.590,6.400,0.485,0.590,6.500,0.472,0.590,6.300,0.502,0.590
20110101_0957,-27.020,-63.210,586.000,SN.HUYT.00,34.520,110.167,170.591,1801.302,1865.742,1888.198,1069.000,6.123,-0.118,-0.172,-0.183,-0.190,-0.175,1.800,5.100,0.855,-0.690,3.200,0.469,0.469,3.100,0.597,0.469,3.000,0.567,0.469,-3.900,0.568,0.469,3.000,0.575,0.469
20110101_0957,-27.020,-63.210,586.000,GD.SLG.00,23.091,113.347,174.984,1822.466,1893.061,1918.047,1070.000,2.468,0.113,0.160,0.176,0.177,0.165,-4.600,-4.500,0.671,0.621,0.600,0.516,0.516,-2.600,0.450,0.516,-2.700,0.453,0.516,-2.600,0.449,0.516,-2.600,0.455,0.516
20110101_0957,-27.020,-63.210,586.000,SX.YMG.00,39.229,112.807,167.347,1785.303,1845.343,1866.014,1071.000,4.286,0.106,0.125,0.131,0.138,0.137,0.700,4.500,0.556,-0.796,9.100,0.637,0.637,8.300,0.671,0.637,8.300,0.677,0.637,8.300,0.678,0.637,8.300,0.681,0.637
20110101_0957,-27.020,-63.210,586.000,XJ.HEF.00,46.770,85.768,148.639,1686.506,1723.760,1735.760,1072.000,1.951,-0.078,-0.094,-0.063,-0.049,-0.086,-0.700,-0.900,0.860,0.875,3.300,0.591,0.591,4.300,0.497,0.591,4.500,0.450,0.591,4.500,0.438,0.591,4.400,0.487,0.591
20110101_0957,-27.020,-63.210,586.000,XJ.CBC.00,43.521,81.439,147.110,1677.931,1713.538,1724.944,1073.000,2.152,-0.034,0.097,0.127,0.127,0.106,-3.200,-3.600,0.660,0.551,2.600,0.714,0.714,6.800,0.617,0.714,6.900,0.591,0.714,6.900,0.591,0.714,6.800,0.608,0.714
20110101_0957,-27.020,-63.210,586.000,HI.DAN.00,19.670,110.324,170.556,1801.132,1865.524,1887.961,1074.000,4.135,0.108,0.228,0.215,0.204,0.206,-0.800,-0.700,0.914,0.875,2.900,0.783,0.783,-0.100,0.793,0.783,-0.100,0.791,0.783,-0.100,0.783,0.783,0.000,0.788,0.783
20110101_0957,-27.020,-63.210,586.000,KR.BOOM.,42.492,75.942,143.492,1657.359,1689.190,1699.261,1075.000,1.033,0.124,0.001,0.010,0.011,0.005,6.400,-3.200,0.382,-0.408,0.200,0.250,0.250,8.200,0.408,0.250,8.400,0.398,0.250,8.400,0.399,0.250,8.300,0.405,0.250
20110101_0957,-27.020,-63.210,586.000,CB.NAQ.00,32.250,92.250,158.092,1737.818,1785.993,1802.068,1076.000,1.463,0.248,0.360,0.374,0.371,0.366,1.700,-2.100,0.709,-0.565,-2.600,0.606,0.606,5.800,0.379,0.606,6.300,0.375,0.606,6.200,0.377,0.606,6.000,0.380,0.606
20110101_0957,-27.020,-63.210,586.000,FJ.YDXS.00,24.697,116.630,177.672,1835.117,1909.599,1936.194,1077.000,10.908,0.244,0.249,0.254,0.260,0.258,-9.400,-4.100,0.442,-0.377,0.700,0.642,0.642,-9.100,0.675,0.642,-9.100,0.674,0.642,-9.000,0.682,0.642,-9.000,0.680,0.642
20110101_0957,-27.020,-63.210,586.000,NX.TXN.00,37.303,106.283,166.423,1780.681,1839.491,1859.669,1078.000,5.603,0.228,-0.162,-0.181,-0.190,-0.173,-0.300,-3.300,0.706,-0.913,-6.500,0.535,0.535,-10.100,0.439,0.535,-9.900,0.494,0.535,-9.800,0.517,0.535,-10.000,0.474,0.535
20110101_0957,-27.020,-63.210,586.000,SD.QID.00,36.057,120.395,170.457,1800.649,1864.905,1887.287,1079.000,3.010,0.009,0.226,0.220,0.218,0.225,1.800,2.000,0.884,0.901,2.900,0.592,0.592,10.600,0.549,0.592,10.500,0.562,0.592,10.500,0.566,0.592,10.500,0.556,0.592
20110101_0957,-27.020,-63.210,586.000,BU.MDY.00,40.394,116.560,166.624,1781.690,1840.766,1861.052,1080.000,1.873,0.180,0.119,0.110,0.099,0.105,-1.400,-0.900,0.595,0.517,-4.100,0.611,0.611,-3.500,0.734,0.611,-3.300,0.764,0.611,-3.200,0.788,0.611,-3.300,0.778,0.611
20110101_0957,-27.020,-63.210,586.000,AU.MANU.,-2.043,147.366,138.616,1628.937,1656.010,1664.438,1081.000,4.159,0.337,0.393,0.403,0.409,0.394,-0.600,3.100,0.730,0.006,1.600,0.850,0.850,1.700,0.839,0.850,1.400,0.842,0.850,1.200,0.852,0.850,1.600,0.841,0.850
20110101_0957,-27.020,-63.210,586.000,BU.BJT.00,40.018,116.168,166.991,1783.527,1843.092,1863.572,1082.000,2.255,0.338,0.315,0.299,0.272,0.284,-0.100,0.300,0.860,0.798,0.700,0.580,0.580,1.000,0.561,0.580,1.000,0.523,0.580,1.200,0.487,0.580,1.100,0.504,0.580
20110101_0957,-27.020,-63.210,586.000,ZJ.NIB.00,29.984,121.520,174.896,1822.046,1892.515,1917.448,1083.000,5.948,0.338,0.387,0.357,0.357,0.365,-1.800,-1.200,0.727,0.756,5.100,0.405,0.405,5.200,0.405,0.405,4.800,0.460,0.405,4.800,0.466,0.405,4.900,0.455,0.405
20110101_0957,-27.020,-63.210,586.000,JX.JDZ.00,29.275,117.261,177.707,1835.277,1909.809,1936.425,1084.000,2.071,0.254,0.106,0.099,0.098,0.106,-0.300,-0.300,0.759,0.706,3.000,0.397,0.397,2.800,0.389,0.397,3.300,0.348,0.397,4.800,0.340,0.397,4.300,0.345,0.397
20110101_0957,-27.020,-63.210,586.000,XJ.TAG.00,37.778,75.169,143.579,1657.856,1689.775,1699.876,1085.000,1.216,0.226,0.032,0.011,0.018,0.028,-10.100,-3.000,0.437,-0.364,9.200,0.467,0.467,1.200,0.540,0.467,1.500,0.582,0.467,1.400,0.546,0.467,1.200,0.537,0.467
20110101_0957,-27.020,-63.210,586.000,1G.WOP02.,37.663,107.141,166.611,1781.623,1840.683,1860.961,1086.000,2.669,0.140,0.085,0.072,0.057,0.080,-8.900,2.300,0.675,-0.694,-12.900,0.413,0.413,-13.100,0.535,0.413,-13.000,0.567,0.413,-12.900,0.582,0.413,-13.000,0.561,0.413
20110101_0957,-27.020,-63.210,586.000,HI.QXL.00,20.087,110.599,171.044,1803.512,1868.575,1891.288,1087.000,3.726,0.173,-0.032,-0.047,-0.046,-0.041,-4.700,1.000,0.590,0.390,7.800,0.497,0.497,-2.300,0.615,0.497,-2.500,0.590,0.497,-2.500,0.581,0.497,-2.500,0.597,0.497
20110101_0957,-27.020,-63.210,586.000,HL.JGD.00,50.374,124.104,155.987,1726.638,1772.273,1787.391,1088.000,3.260,0.302,0.349,0.351,0.299,0.295,0.600,0.600,0.489,0.480,0.300,0.788,0.788,0.400,0.768,0.788,0.400,0.764,0.788,-2.700,0.689,0.788,-2.700,0.691,0.788
20110101_0957,-27.020,-63.210,586.000,QH.QIL.00,38.150,100.182,162.169,1759.067,1812.344,1830.361,1089.000,2.006,0.214,0.220,0.250,0.251,0.236,5.200,2.000,0.861,-0.380,-0.700,0.654,0.654,-0.600,0.709,0.654,-0.500,0.648,0.654,-0.500,0.634,0.654,-0.600,0.679,0.654
20110101_0957,-27.020,-63.210,586.000,HN.YOZ.00,26.222,111.617,175.307,1823.999,1895.057,1920.234,1090.000,1.715,0.103,-0.025,-0.015,-0.022,-0.026,-1.900,1.400,0.750,-0.566,-5.300,0.659,0.659,1.400,0.807,0.659,1.800,0.749,0.659,1.600,0.765,0.659,1.500,0.784,0.659
20110101_0957,-27.020,-63.210,586.000,AU.QLP.,-26.584,144.235,120.245,1514.952,1527.638,1531.403,1091.000,1.629,0.366,0.331,0.328,0.333,0.336,-0.100,0.300,0.352,0.489,1.000,0.803,0.803,1.100,0.789,0.803,1.100,0.787,0.803,1.100,0.799,0.803,1.100,0.800,0.803
20110101_0957,-27.020,-63.210,586.000,AH.HUS.00,29.706,118.378,176.972,1831.846,1905.306,1931.477,1092.000,2.010,0.055,0.185,0.198,0.204,0.188,-0.400,-4.100,0.840,-0.348,-1.800,0.587,0.587,-1.300,0.663,0.587,-1.300,0.676,0.587,-1.200,0.692,0.587,-1.100,0.688,0.587
20110101_0957,-27.020,-63.210,586.000,YN.HEQ.00,26.549,100.151,165.150,1774.269,1831.402,1850.915,1093.000,1.538,0.194,0.098,0.099,0.101,0.096,8.400,-5.600,0.397,-0.550,-0.100,0.592,0.592,-11.500,0.622,0.592,-11.400,0.622,0.592,-11.500,0.619,0.592,-11.500,0.629,0.592
20110101_0957,-27.020,-63.210,586.000,AH.MAS.00,31.693,118.569,175.077,1822.907,1893.635,1918.675,1094.000,3.633,-0.143,-0.074,0.280,0.288,0.285,-6.000,-1.500,0.312,0.074,-6.300,0.420,0.420,-5.100,0.475,0.420,3.500,0.510,0.420,3.600,0.512,0.420,3.600,0.511,0.420
20110101_0957,-27.020,-63.210,586.000,SC.YTI.00,31.212,105.361,169.179,1794.378,1856.886,1878.555,1095.000,3.713,-0.055,-0.319,-0.292,-0.295,-0.302,-3.700,-4.100,0.648,0.666,-7.000,0.659,0.659,-6.600,0.383,0.659,-5.800,0.519,0.659,-5.900,0.506,0.659,-6.200,0.438,0.659
20110101_0957,-27.020,-63.210,586.000,JS.QD.00,31.836,121.685,173.569,1815.715,1884.302,1908.460,1096.000,2.646,0.046,0.096,0.109,0.101,0.100,-1.500,4.100,0.562,0.740,4.300,0.557,0.557,4.500,0.528,0.557,4.400,0.534,0.557,4.500,0.539,0.557,4.400,0.538,0.557
20110101_0957,-27.020,-63.210,586.000,XJ.XNY.00,43.564,83.303,148.370,1685.004,1721.967,1733.861,1097.000,0.722,-0.166,0.081,0.092,0.088,0.082,2.800,-2.600,0.717,0.865,2.800,0.541,0.541,8.900,0.412,0.541,9.100,0.408,0.541,9.200,0.407,0.541,8.900,0.414,0.541
20110101_0957,-27.020,-63.210,586.000,LN.QYU.00,42.079,124.929,163.536,1766.072,1821.107,1839.802,1098.000,3.891,0.204,0.237,0.238,0.233,0.238,1.600,-1.800,0.430,-0.680,-3.000,0.769,0.769,-0.700,0.547,0.769,-0.800,0.572,0.769,-0.600,0.580,0.769,-0.800,0.587,0.769
20110101_0957,-27.020,-63.210,586.000,BU.DOH.00,39.752,118.328,167.204,1784.587,1844.435,1865.030,1099.000,2.546,0.010,0.273,0.279,0.302,0.290,-3.800,-3.700,0.568,0.485,-2.900,0.575,0.575,-1.900,0.677,0.575,-1.900,0.659,0.575,-1.600,0.646,0.575,-1.700,0.650,0.575
20110101_0957,-27.020,-63.210,586.000,YP.NE11.,42.860,124.053,163.095,1763.816,1818.282,1836.756,1100.000,6.847,0.102,-0.108,-0.106,-0.107,-0.107,2.000,-1.400,0.754,-0.826,3.700,0.568,0.568,3.800,0.470,0.568,3.700,0.467,0.568,3.700,0.465,0.568,3.700,0.466,0.568
20110101_0957,-27.020,-63.210,586.000,YP.NE7C.,45.529,127.819,159.513,1745.286,1795.211,1811.950,1101.000,0.346,0.009,0.012,0.013,-0.025,0.013,-7.300,-4.300,0.167,0.931,3.200,0.322,0.322,1.200,0.382,0.322,1.300,0.389,0.322,-3.200,0.326,0.322,1.300,0.396,0.322
20110101_0957,-27.020,-63.210,586.000,FJ.FZCM.00,26.009,119.367,177.482,1834.230,1908.433,1934.913,1102.000,16.337,0.347,0.174,0.187,0.185,0.172,0.200,0.500,0.709,0.719,0.700,0.881,0.881,1.600,0.840,0.881,1.500,0.801,0.881,1.500,0.810,0.881,1.600,0.833,0.881
20110101_0957,-27.020,-63.210,586.000,GE.TNTI.,0.772,127.367,151.855,1704.287,1745.114,1758.426,1103.000,3.760,0.295,0.223,0.233,0.252,0.257,0.300,1.500,0.731,0.677,1.100,0.732,0.732,1.400,0.726,0.732,1.300,0.720,0.732,0.900,0.704,0.732,0.900,0.707,0.732
20110101_0957,-27.020,-63.210,586.000,YN.CAY.00,23.136,99.258,163.669,1766.748,1821.954,1840.715,1104.000,0.437,0.009,0.014,0.011,0.012,0.013,11.000,2.600,0.582,-0.581,-8.400,0.402,0.402,7.300,0.363,0.402,-0.700,0.396,0.402,-0.800,0.383,0.402,-0.800,0.360,0.402
20110101_0957,-27.020,-63.210,586.000,FJ.NPDK.00,26.615,118.188,178.688,1839.839,1915.811,1943.029,1105.000,11.921,0.417,0.377,0.415,0.402,0.375,0.100,0.200,0.931,0.929,1.000,0.633,0.633,1.300,0.752,0.633,1.000,0.787,0.633,1.100,0.785,0.633,1.300,0.760,0.633
20110101_0957,-27.020,-63.210,586.000,GD.DNB.00,21.650,111.213,172.609,1811.097,1878.334,1901.939,1106.000,0.366,0.085,0.168,0.166,0.167,0.167,5.000,4.300,0.373,-0.169,1.700,0.699,0.699,0.600,0.755,0.699,0.600,0.770,0.699,0.600,0.770,0.699,0.700,0.763,0.699
20110101_0957,-27.020,-63.210,586.000,YP.NE83.,46.213,118.801,160.741,1751.685,1803.147,1820.470,1107.000,2.263,0.173,0.288,0.295,0.299,0.298,-6.900,-3.100,0.725,-0.808,-5.400,0.666,0.666,-3.300,0.545,0.666,-3.000,0.538,0.666,-2.800,0.547,0.666,-2.800,0.546,0.666
20110101_0957,-27.020,-63.210,586.000,SC.HSH.00,32.064,102.987,166.989,1783.512,1843.074,1863.553,1108.000,2.327,-0.192,-0.161,-0.178,-0.180,-0.173,-5.100,-2.100,0.796,-0.219,-4.200,0.549,0.549,-8.200,0.600,0.549,-7.900,0.658,0.549,-7.900,0.655,0.549,-8.100,0.620,0.549
20110101_0957,-27.020,-63.210,586.000,YN.MAS.00,24.424,98.592,163.417,1765.461,1820.341,1838.976,1109.000,3.180,-0.031,0.138,0.140,0.144,0.142,-1.500,-4.600,0.576,-0.896,-10.100,0.642,0.642,-9.700,0.629,0.642,-9.600,0.648,0.642,-9.600,0.644,0.642,-9.700,0.634,0.642
20110101_0957,-27.020,-63.210,586.000,SX.TAG.00,37.367,112.578,169.060,1793.792,1856.139,1877.741,1110.000,5.782,0.086,0.082,0.097,0.112,0.106,5.700,3.100,0.559,-0.383,12.500,0.514,0.514,10.500,0.442,0.514,10.600,0.475,0.514,10.700,0.499,0.514,10.600,0.482,0.514
20110101_0957,-27.020,-63.210,586.000,KZ.KURK.,50.715,78.620,142.664,1652.586,1683.581,1693.360,1111.000,2.732,0.357,0.179,0.144,0.129,0.164,-1.000,4.400,0.477,0.662,12.700,0.532,0.532,1.700,0.373,0.532,2.100,0.415,0.532,2.100,0.413,0.532,1.900,0.386,0.532
20110101_0957,-27.020,-63.210,586.000,HL.JIY.00,49.041,129.866,155.770,1725.476,1770.852,1785.873,1112.000,2.322,0.264,0.238,0.267,0.272,0.267,0.700,1.400,0.839,0.716,-3.600,0.561,0.561,2.200,0.637,0.561,1.600,0.705,0.561,1.400,0.732,0.561,1.400,0.720,0.561
20110101_0957,-27.020,-63.210,586.000,QH.TOR.00,35.519,102.010,164.802,1772.509,1829.187,1848.522,1113.000,2.378,0.305,0.256,0.244,0.237,0.249,7.500,2.500,0.486,-0.741,-2.900,0.655,0.655,-2.300,0.760,0.655,-2.200,0.760,0.655,-2.300,0.758,0.655,-2.300,0.760,0.655
20110101_0957,-27.020,-63.210,586.000,XZ.CHY.00,28.662,97.465,162.852,1762.572,1816.725,1835.078,1114.000,1.474,0.167,0.180,0.194,0.194,0.186,-7.400,-2.700,0.559,-0.718,-8.300,0.535,0.535,-8.300,0.561,0.535,-8.100,0.569,0.535,-8.100,0.570,0.535,-8.200,0.567,0.535
20110101_0957,-27.020,-63.210,586.000,LN.GUS.00,39.900,123.583,165.940,1778.254,1836.425,1856.350,1115.000,2.479,0.022,0.186,0.194,0.199,0.197,-8.800,-4.100,0.533,-0.602,-11.400,0.318,0.318,0.300,0.551,0.318,0.300,0.537,0.318,0.300,0.518,0.318,0.200,0.529,0.318
20110101_0957,-27.020,-63.210,586.000,FJ.SWDT.00,27.331,117.482,179.310,1842.716,1919.604,1947.206,1116.000,10.931,0.250,0.314,0.368,0.362,0.334,0.300,0.500,0.677,0.655,1.500,0.842,0.842,1.500,0.752,0.842,1.200,0.767,0.842,1.300,0.760,0.842,1.500,0.752,0.842
20110101_0957,-27.020,-63.210,586.000,BJ.NKY.00,39.692,115.973,167.310,1785.117,1845.107,1865.759,1117.000,2.110,0.365,0.416,0.414,0.428,0.423,-1.100,-4.300,0.585,-0.830,-1.100,0.616,0.616,-0.800,0.649,0.616,-0.800,0.641,0.616,-0.600,0.634,0.616,-0.700,0.637,0.616
20110101_0957,-27.020,-63.210,586.000,HE.KAB.00,41.854,114.589,165.057,1773.801,1830.813,1850.279,1118.000,3.114,0.565,0.572,0.556,0.547,0.555,2.500,3.200,0.590,0.182,1.100,0.761,0.761,1.100,0.746,0.761,1.300,0.733,0.761,1.400,0.733,0.761,1.300,0.743,0.761
20110101_0957,-27.020,-63.210,586.000,HL.SYS.00,46.659,131.093,157.350,1733.896,1781.170,1796.904,1119.000,2.363,0.354,0.300,0.276,0.266,0.281,-0.100,0.100,0.638,0.645,0.100,0.736,0.736,0.900,0.669,0.736,0.900,0.649,0.736,0.900,0.638,0.736,0.800,0.644,0.736
20110101_0957,-27.020,-63.210,586.000,1G.NOP01.,41.972,110.499,164.187,1769.385,1825.262,1844.284,1120.000,2.895,0.282,0.251,0.252,0.250,0.254,7.300,-2.700,0.513,-0.450,-8.400,0.533,0.533,-8.800,0.441,0.533,-8.700,0.455,0.533,-8.700,0.465,0.533,-8.700,0.456,0.533
20110101_0957,-27.020,-63.210,586.000,CB.GTA.00,39.400,99.817,161.220,1754.169,1806.236,1823.790,1121.000,2.174,0.012,0.105,0.134,0.147,0.116,2.800,-0.600,0.589,-0.717,3.100,0.635,0.635,3.900,0.462,0.635,4.100,0.408,0.635,4.200,0.390,0.635,3.900,0.434,0.635
20110101_0957,-27.020,-63.210,586.000,QH.LJX.00,35.993,101.839,164.443,1770.686,1826.896,1846.047,1122.000,1.932,0.138,0.143,0.131,0.125,0.136,8.300,3.900,0.679,-0.780,-1.400,0.563,0.563,-0.700,0.697,0.563,-0.600,0.701,0.563,-0.600,0.697,0.563,-0.700,0.695,0.563
20110101_0957,-27.020,-63.210,586.000,HN.MIL.00,28.804,113.077,176.265,1828.525,1900.960,1926.707,1123.000,1.959,0.398,0.340,0.335,0.333,0.333,-0.800,-1.000,0.594,0.639,0.100,0.749,0.749,2.300,0.646,0.749,2.600,0.649,0.749,2.600,0.650,0.749,2.400,0.644,0.749
20110101_0957,-27.020,-63.210,586.000,HE.GAN.00,38.368,114.024,168.417,1790.618,1852.094,1873.345,1124.000,7.359,0.185,0.235,0.227,0.213,0.225,-0.200,3.500,0.652,-0.624,7.300,0.460,0.460,6.200,0.383,0.460,6.200,0.407,0.460,6.300,0.417,0.460,6.200,0.412,0.460
20110101_0957,-27.020,-63.210,586.000,GZ.ZYT.00,27.766,106.851,171.146,1804.010,1869.214,1891.985,1125.000,1.293,0.164,0.015,-0.001,0.005,0.014,2.800,0.100,0.775,-0.730,12.700,0.175,0.175,-7.300,0.332,0.175,-7.400,0.357,0.175,-7.400,0.353,0.175,-7.300,0.339,0.175
20110101_0957,-27.020,-63.210,586.000,XZ.LKZ.00,28.968,90.394,156.659,1730.223,1776.663,1792.083,1126.000,1.329,0.159,0.177,0.197,0.190,0.181,2.000,4.000,0.362,-0.029,-0.600,0.434,0.434,-0.900,0.531,0.434,-0.700,0.516,0.434,-0.800,0.520,0.434,-0.900,0.525,0.434
20110101_0957,-27.020,-63.210,586.000,ZN.BASI.,-9.466,150.833,130.799,1581.773,1602.034,1608.169,1127.000,3.300,0.631,0.627,0.638,0.650,0.637,0.800,1.000,0.770,0.735,0.800,0.786,0.786,0.700,0.803,0.786,0.500,0.800,0.786,0.400,0.797,0.786,0.600,0.800,0.786
20110101_0957,-27.020,-63.210,586.000,AH.JZA.00,31.689,115.884,175.265,1823.798,1894.794,1919.946,1128.000,1.418,0.019,-0.015,-0.012,-0.011,-0.020,-1.600,0.100,0.627,0.348,-12.600,0.399,0.399,1.300,0.509,0.399,1.200,0.484,0.399,1.200,0.448,0.399,1.200,0.480,0.399
20110101_0957,-27.020,-63.210,586.000,SD.LIS.00,34.951,118.685,171.905,1807.694,1873.948,1897.150,1129.000,4.195,0.140,0.205,0.200,0.200,0.203,-2.700,0.900,0.832,-0.762,6.200,0.765,0.765,-3.300,0.577,0.765,-3.300,0.576,0.765,-3.200,0.565,0.765,-3.200,0.568,0.765
20110101_0957,-27.020,-63.210,586.000,HL.QTH.00,45.742,131.079,158.102,1737.875,1786.063,1802.143,1130.000,3.734,0.315,0.298,0.316,0.316,0.317,0.900,0.900,0.654,0.668,0.800,0.680,0.680,1.300,0.643,0.680,1.200,0.617,0.680,1.300,0.596,0.680,1.200,0.605,0.680
20110101_0957,-27.020,-63.210,586.000,XZ.CAD.00,31.140,97.172,162.393,1760.217,1813.781,1831.908,1131.000,3.108,0.088,0.256,0.282,0.278,0.264,-2.300,-2.400,0.715,0.522,-7.700,0.768,0.768,-7.600,0.782,0.768,-7.800,0.745,0.768,-7.700,0.756,0.768,-7.600,0.780,0.768
20110101_0957,-27.020,-63.210,586.000,JP.CBIJ.,27.096,142.184,157.424,1734.285,1781.648,1797.416,1132.000,2.233,0.306,0.237,0.185,0.202,0.234,-1.100,-0.900,0.735,0.708,-1.000,0.427,0.427,-1.000,0.509,0.427,-1.600,0.452,0.427,-1.500,0.466,0.427,-1.000,0.500,0.427
20110101_0957,-27.020,-63.210,586.000,JS.XZ.00,34.231,117.166,172.781,1811.928,1879.406,1903.110,1133.000,3.735,0.330,0.342,0.335,0.318,0.327,-0.800,2.500,0.680,-0.703,-0.700,0.610,0.610,-0.400,0.581,0.610,-0.400,0.580,0.610,-0.500,0.565,0.610,-0.400,0.570,0.610
20110101_0957,-27.020,-63.210,586.000,II.DGAR.10,-7.412,72.452,124.976,1545.352,1561.189,1565.924,1134.000,2.798,0.147,0.115,0.106,0.106,0.118,8.100,1.700,0.457,0.296,2.300,0.465,0.465,1.200,0.713,0.465,1.000,0.691,0.465,0.900,0.672,0.465,1.100,0.710,0.465
20110101_0957,-27.020,-63.210,586.000,YN.JIG.00,23.502,100.735,165.072,1773.878,1830.910,1850.384,1135.000,2.724,0.102,0.103,0.102,0.104,0.100,5.600,-3.700,0.341,-0.757,-9.100,0.627,0.627,-8.500,0.664,0.627,-8.500,0.656,0.627,-8.500,0.658,0.627,-8.500,0.657,0.627
20110101_0957,-27.020,-63.210,586.000,SC.PZH.00,26.503,101.743,166.562,1781.379,1840.374,1860.626,1136.000,2.304,-0.045,0.141,-0.141,0.149,0.144,7.300,3.900,0.618,-0.251,0.400,0.519,0.519,9.500,0.462,0.519,0.300,0.686,0.519,9.700,0.431,0.519,9.600,0.453,0.519
20110101_0957,-27.020,-63.210,586.000,XW.OMRN.,18.445,55.303,123.171,1533.839,1548.427,1552.775,1137.000,1.254,0.139,-0.041,0.018,-0.001,-0.034,3.200,2.900,0.429,0.648,5.600,0.518,0.518,-2.000,0.550,0.518,-1.200,0.584,0.518,-1.500,0.567,0.518,-1.900,0.555,0.518
20110101_0957,-27.020,-63.210,586.000,SC.YZP.00,30.869,103.569,167.817,1787.639,1848.307,1869.231,1138.000,3.906,0.073,-0.020,-0.013,-0.014,-0.014,2.800,-0.100,0.619,-0.870,3.100,0.438,0.438,4.500,0.513,0.438,-8.000,0.485,0.438,-8.000,0.483,0.438,4.600,0.477,0.438
20110101_0957,-27.020,-63.210,586.000,QH.LJS.00,36.355,101.450,163.986,1768.365,1823.982,1842.903,1139.000,2.225,0.175,0.047,0.033,0.031,0.041,-2.000,2.400,0.412,-0.831,-2.800,0.672,0.672,-2.100,0.657,0.672,-2.100,0.647,0.672,-2.100,0.646,0.672,-2.100,0.654,0.672
20110101_0957,-27.020,-63.210,586.000,JX.NNC.00,28.770,115.800,178.043,1836.845,1911.871,1938.692,1140.000,2.498,-0.112,-0.060,-0.068,-0.076,-0.076,-5.000,-0.500,0.581,0.088,1.600,0.594,0.594,1.700,0.427,0.594,1.700,0.365,0.594,6.200,0.368,0.594,5.900,0.364,0.594
20110101_0957,-27.020,-63.210,586.000,QH.HUL.00,36.074,102.248,164.682,1771.901,1828.422,1847.696,1141.000,3.242,0.258,0.148,0.125,0.121,0.137,8.200,4.300,0.694,-0.734,-0.800,0.749,0.749,-0.300,0.762,0.749,-0.300,0.739,0.749,-0.200,0.746,0.749,-0.200,0.752,0.749
20110101_0957,-27.020,-63.210,586.000,XJ.QHE.00,46.491,90.730,151.698,1703.427,1744.075,1757.322,1142.000,0.828,-0.014,0.154,0.174,0.178,0.161,3.600,3.400,0.716,0.724,4.800,0.514,0.514,7.600,0.456,0.514,7.800,0.465,0.514,7.900,0.470,0.514,7.700,0.460,0.514
20110101_0957,-27.020,-63.210,586.000,ZN.SINA.,-8.678,151.090,131.220,1584.366,1604.966,1611.213,1143.000,2.402,0.391,0.390,0.429,0.449,0.412,2.600,3.100,0.871,0.776,2.600,0.889,0.889,2.500,0.902,0.889,2.300,0.908,0.889,2.100,0.909,0.889,2.400,0.904,0.889
20110101_0957,-27.020,-63.210,586.000,SX.XAY.00,36.668,112.946,169.817,1797.517,1860.896,1882.919,1144.000,6.380,-0.138,-0.124,-0.126,-0.131,-0.126,1.700,5.400,0.711,-0.860,8.100,0.440,0.440,3.000,0.515,0.440,2.900,0.491,0.440,2.900,0.468,0.440,2.900,0.489,0.440
20110101_0957,-27.020,-63.210,586.000,HI.XSA.00,16.360,112.480,168.616,1791.600,1853.344,1874.703,1145.000,1.415,0.307,0.299,0.296,0.291,0.294,9.200,1.400,0.329,-0.687,-2.400,0.605,0.605,-2.300,0.627,0.605,-2.400,0.628,0.605,-2.500,0.626,0.605,-2.500,0.624,0.605
20110101_0957,-27.020,-63.210,586.000,FJ.FDQY.00,27.118,120.259,176.910,1831.551,1904.920,1931.054,1146.000,10.901,0.512,0.520,0.509,0.512,0.517,-1.200,-1.200,0.951,0.955,0.100,0.690,0.690,0.300,0.647,0.690,0.100,0.579,0.690,0.200,0.604,0.690,0.300,0.640,0.690
20110101_0957,-27.020,-63.210,586.000,YP.NE8I.,45.994,133.656,156.787,1730.902,1777.495,1792.973,1147.000,0.341,0.002,0.025,0.025,0.022,0.024,-2.000,-4.100,0.370,0.971,3.300,0.579,0.579,3.300,0.604,0.579,3.200,0.596,0.579,3.200,0.589,0.579,3.200,0.591,0.579
20110101_0957,-27.020,-63.210,586.000,IC.WMQ.10,43.814,87.704,151.197,1700.682,1740.766,1753.804,1148.000,1.642,-0.226,0.138,0.181,0.181,0.158,0.600,4.000,0.387,0.277,4.400,0.785,0.785,6.300,0.700,0.785,6.500,0.669,0.785,6.500,0.667,0.785,6.400,0.685,0.785
20110101_0957,-27.020,-63.210,586.000,ZJ.HAZ.00,30.267,120.114,175.636,1825.555,1897.084,1922.455,1149.000,4.180,0.246,0.285,0.285,0.286,0.285,-1.900,1.400,0.753,-0.638,-0.900,0.812,0.812,-1.400,0.840,0.812,-1.500,0.853,0.812,-1.500,0.847,0.812,-1.400,0.845,0.812
20110101_0957,-27.020,-63.210,586.000,AU.MTN.,-12.844,131.133,137.774,1623.952,1650.243,1658.405,1150.000,6.722,0.661,0.606,0.604,0.610,0.603,0.600,1.300,0.937,0.861,0.200,0.929,0.929,0.700,0.893,0.929,0.700,0.896,0.929,0.300,0.906,0.929,0.400,0.906,0.929
20110101_0957,-27.020,-63.210,586.000,YP.NE49.,43.393,128.753,160.977,1752.910,1804.671,1822.107,1151.000,6.015,0.097,0.142,0.141,0.138,0.139,-0.100,-3.400,0.772,-0.843,-7.900,0.787,0.787,-8.100,0.858,0.787,-8.100,0.871,0.787,-8.100,0.874,0.787,-8.200,0.871,0.787
20110101_0957,-27.020,-63.210,586.000,SC.HYU.00,32.813,102.524,166.362,1780.375,1839.105,1859.251,1152.000,2.763,0.180,0.132,0.130,0.132,0.138,7.800,4.100,0.618,-0.400,-0.100,0.780,0.780,-0.800,0.702,0.780,-0.700,0.686,0.780,-0.700,0.688,0.780,-0.700,0.697,0.780
20110101_0957,-27.020,-63.210,586.000,CB.LZH.00,36.087,103.844,165.744,1777.270,1835.184,1855.006,1153.000,4.624,0.008,-0.029,-0.025,-0.012,-0.021,-0.100,3.400,0.680,-0.914,-2.200,0.626,0.626,-1.600,0.843,0.626,-1.600,0.869,0.626,-1.500,0.874,0.626,-1.600,0.860,0.626
20110101_0957,-27.020,-63.210,586.000,LN.SHS.00,40.722,120.966,165.871,1777.908,1835.988,1855.877,1154.000,0.955,0.090,0.052,0.049,0.044,0.045,7.800,-4.000,0.691,-0.814,8.400,0.559,0.559,7.800,0.533,0.559,7.800,0.528,0.559,7.900,0.522,0.559,7.900,0.519,0.559
20110101_0957,-27.020,-63.210,586.000,IU.KBL.,34.541,69.043,138.678,1629.302,1656.433,1664.881,1155.000,1.317,0.027,0.150,0.150,0.149,0.148,-2.300,-2.400,0.779,0.852,-8.600,0.278,0.278,-0.300,0.165,0.278,6.300,0.160,0.278,-0.500,0.152,0.278,-0.400,0.165,0.278
20110101_0957,-27.020,-63.210,586.000,GX.GUL.00,25.291,110.366,173.981,1817.687,1886.856,1911.253,1156.000,1.671,0.046,0.137,0.141,0.154,0.133,-7.100,-6.000,0.489,0.404,-2.200,0.602,0.602,-2.100,0.472,0.602,-1.900,0.485,0.602,-1.800,0.484,0.602,-2.000,0.481,0.602
20110101_0957,-27.020,-63.210,586.000,HN.JGS.00,29.390,111.890,175.075,1822.897,1893.622,1918.661,1157.000,1.874,0.351,0.363,0.357,0.356,0.358,-3.500,-3.700,0.725,0.427,-0.700,0.457,0.457,0.800,0.274,0.457,1.300,0.316,0.457,1.300,0.317,0.457,1.100,0.286,0.457
20110101_0957,-27.020,-63.210,586.000,CQ.WAS.00,28.875,106.917,171.086,1803.716,1868.837,1891.574,1158.000,2.472,0.378,0.387,0.371,0.368,0.388,5.100,4.200,0.725,-0.125,7.600,0.638,0.638,9.500,0.565,0.638,10.100,0.566,0.638,9.900,0.563,0.638,9.700,0.550,0.638
20110101_0957,-27.020,-63.210,586.000,1G.NOP03.,40.961,110.149,165.024,1773.631,1830.599,1850.048,1159.000,5.966,0.308,0.074,0.088,0.110,0.090,0.300,3.700,0.676,-0.715,-1.500,0.474,0.474,10.500,0.465,0.474,10.600,0.442,0.474,10.900,0.418,0.474,10.600,0.439,0.474
20110101_0957,-27.020,-63.210,586.000,HI.CHM.00,19.597,110.003,170.312,1799.939,1863.996,1886.295,1160.000,2.029,0.251,0.233,0.242,0.225,0.222,-1.300,-1.300,0.634,0.691,-0.100,0.671,0.671,0.700,0.684,0.671,0.700,0.660,0.671,0.800,0.631,0.671,0.900,0.666,0.671
20110101_0957,-27.020,-63.210,586.000,BU.ZJT.00,40.831,114.902,166.102,1779.068,1837.453,1857.463,1161.000,4.103,0.137,0.129,0.132,0.144,0.138,0.700,0.800,0.681,0.794,-1.900,0.605,0.605,-2.100,0.675,0.605,-2.000,0.701,0.605,-1.700,0.734,0.605,-1.900,0.724,0.605
20110101_0957,-27.020,-63.210,586.000,BU.LQS.00,40.102,116.082,166.905,1783.095,1842.545,1862.980,1162.000,3.289,0.184,0.216,0.213,0.203,0.210,2.000,5.400,0.805,-0.423,10.700,0.530,0.530,-1.600,0.523,0.530,-1.400,0.549,0.530,-1.300,0.579,0.530,-1.300,0.569,0.530
20110101_0957,-27.020,-63.210,586.000,IC.MDJ.00,44.618,129.593,159.625,1745.875,1795.941,1812.733,1163.000,2.030,0.157,0.170,0.145,0.121,0.133,0.300,-3.100,0.781,-0.767,-8.100,0.415,0.415,-7.900,0.434,0.415,-7.800,0.453,0.415,-7.800,0.467,0.415,-7.800,0.461,0.415
20110101_0957,-27.020,-63.210,586.000,JS.NJ2.00,32.052,118.854,174.658,1820.914,1891.044,1915.837,1164.000,5.816,-0.177,-0.163,-0.161,-0.162,-0.167,-0.700,-1.100,0.402,0.271,-7.100,0.473,0.473,-5.700,0.505,0.473,-5.600,0.508,0.473,-5.600,0.513,0.473,-5.600,0.513,0.473
20110101_0957,-27.020,-63.210,586.000,JL.MJT.00,41.948,127.594,162.651,1761.541,1815.435,1833.689,1165.000,1.374,0.397,0.104,0.087,0.088,0.090,-7.200,-3.400,0.577,-0.723,-0.100,0.646,0.646,-10.300,0.441,0.646,-10.200,0.449,0.646,-10.000,0.454,0.646,-10.200,0.451,0.646
20110101_0957,-27.020,-63.210,586.000,AU.WB2.,-19.943,134.351,130.049,1577.140,1596.802,1602.742,1166.000,6.950,0.657,0.647,0.645,0.661,0.656,0.500,0.700,0.954,0.956,0.500,0.695,0.695,0.700,0.712,0.695,0.800,0.712,0.695,0.500,0.719,0.695,0.600,0.719,0.695
20110101_0957,-27.020,-63.210,586.000,HI.BSL.00,19.363,110.262,170.277,1799.765,1863.774,1886.054,1167.000,3.650,0.080,0.191,0.185,0.171,0.181,-1.800,-1.300,0.649,0.620,-4.200,0.504,0.504,-3.200,0.327,0.504,-3.000,0.330,0.504,-2.900,0.344,0.504,-3.000,0.313,0.504
20110101_0957,-27.020,-63.210,586.000,SD.LAS.00,35.130,119.319,171.607,1806.248,1872.088,1895.121,1168.000,4.125,0.141,0.200,0.204,0.232,0.226,-1.400,2.500,0.805,-0.802,-1.700,0.507,0.507,3.300,0.509,0.507,3.400,0.527,0.507,3.600,0.523,0.507,3.500,0.510,0.507
20110101_0957,-27.020,-63.210,586.000,GS.ZHY.00,39.091,100.531,161.848,1757.413,1810.279,1828.139,1169.000,5.154,-0.138,0.020,0.075,0.081,0.048,3.400,3.700,0.507,0.540,-2.300,0.538,0.538,-1.800,0.533,0.538,-1.700,0.480,0.538,4.500,0.465,0.538,-1.800,0.504,0.538
20110101_0957,-27.020,-63.210,586.000,ZJ.YUY.00,29.953,121.094,175.214,1823.556,1894.480,1919.601,1170.000,2.853,0.123,0.144,0.165,0.153,0.160,-1.000,-1.200,0.505,0.557,-0.300,0.735,0.735,4.500,0.419,0.735,-9.500,0.437,0.735,-9.500,0.435,0.735,-9.500,0.425,0.735
