station,stla,stlo,gcarc,s2ks,s3ks,s4ks,tridx,ccf1,ccf2,ccf3,ccf4,ccf5
PS.PATS.,6.837,158.315,135.749,1611.872,1636.319,1643.859,0.000,0.470,0.445,0.455,0.457,0.448
HB.ZSH.00,32.250,110.217,172.258,1809.402,1876.148,1899.551,1.000,0.257,-0.117,-0.105,-0.103,-0.113
YN.DOC.00,26.092,103.187,167.802,1787.569,1848.218,1869.134,2.000,0.089,0.213,0.215,0.214,0.212
GS.JFS.00,39.391,98.741,160.545,1750.669,1801.885,1819.114,3.000,-0.108,-0.076,-0.067,-0.061,-0.074
GS.MQT.00,34.020,102.060,165.530,1776.191,1833.823,1853.534,4.000,-0.081,0.008,0.006,0.003,0.000
PS.TSK.,36.211,140.110,158.194,1738.356,1786.656,1802.778,5.000,0.236,0.203,0.163,0.174,0.185
GS.TSS.00,34.342,106.021,168.206,1789.573,1850.764,1871.900,6.000,0.205,0.085,0.077,0.071,0.068
GD.LTK.00,23.662,114.647,176.124,1827.856,1900.087,1925.749,7.000,0.298,0.339,0.357,0.344,0.353
KN.CHM.,42.999,74.751,142.534,1651.840,1682.704,1692.439,8.000,0.017,-0.004,0.017,0.011,0.004
ZJ.YOK.00,28.962,120.201,176.417,1829.237,1901.891,1927.728,9.000,0.405,0.526,0.508,0.514,0.521
GE.MNAI.,-4.360,102.956,145.890,1671.039,1705.353,1716.297,10.000,-0.138,-0.068,-0.076,-0.091,-0.093
XJ.KOL.00,41.888,85.805,150.678,1697.823,1737.325,1750.148,11.000,0.324,0.477,0.485,0.489,0.482
BU.SZL.00,40.307,117.217,166.708,1782.109,1841.298,1861.628,12.000,0.239,0.184,0.182,0.167,0.176
JS.GAY.00,34.943,118.983,171.857,1807.463,1873.652,1896.827,13.000,0.093,0.221,0.217,0.220,0.225
JX.HUC.00,25.606,115.774,178.319,1838.124,1913.553,1940.543,14.000,0.018,0.036,0.076,0.081,0.063
JX.NAC.00,27.539,116.576,179.447,1843.347,1920.437,1948.124,15.000,0.489,0.579,0.586,0.585,0.580
HA.XY.00,32.133,114.012,174.346,1819.429,1889.115,1913.725,16.000,0.116,0.117,0.118,0.114,0.097
LN.FKU.00,42.508,123.347,163.615,1766.475,1821.611,1840.346,17.000,0.104,0.122,0.117,0.108,0.110
GS.CXT.00,33.731,105.761,168.369,1790.378,1851.789,1873.012,18.000,0.203,0.102,0.087,0.083,0.085
BJ.DHC.00,39.861,116.110,167.146,1784.301,1844.073,1864.636,19.000,0.318,0.358,0.352,0.340,0.348
JS.KS.00,31.390,120.950,174.319,1819.302,1888.951,1913.546,20.000,0.202,0.234,0.237,0.238,0.233
GE.FAKI.,-2.919,132.249,146.550,1674.775,1709.787,1720.979,21.000,0.518,0.458,0.467,0.477,0.476
QH.QML.00,34.171,95.830,160.639,1751.158,1802.492,1819.766,22.000,-0.216,0.199,0.234,0.231,0.213
YN.MLA.00,21.426,101.528,165.014,1773.583,1830.538,1849.982,23.000,0.146,0.137,0.131,0.133,0.133
GS.HNT.00,35.691,105.070,166.777,1782.453,1841.733,1862.099,24.000,0.065,-0.092,-0.130,-0.151,-0.115
GD.NAP.00,23.260,117.283,176.213,1828.280,1900.640,1926.356,25.000,0.231,0.274,0.274,0.274,0.276
HB.SYA.00,32.597,110.719,172.332,1809.758,1876.607,1900.053,26.000,0.258,-0.293,-0.307,-0.310,-0.303
JL.SYZT.00,43.539,125.674,161.986,1758.120,1811.162,1829.089,27.000,-0.022,0.102,0.094,0.094,0.094
KN.KBK.,42.656,74.948,142.742,1653.038,1684.111,1693.918,28.000,0.100,0.057,0.073,0.070,0.062
XJ.AHQ.00,40.934,78.459,145.647,1669.665,1703.724,1714.578,29.000,0.009,0.019,0.033,0.032,0.025
JX.XIS.00,29.040,114.563,177.182,1832.825,1906.590,1932.888,30.000,0.416,0.117,0.125,0.123,0.119
SX.LNQ.00,39.382,114.021,167.424,1785.687,1845.830,1866.542,31.000,-0.078,-0.042,-0.048,-0.048,-0.042
TM.PBKT.,16.573,100.969,162.004,1758.216,1811.282,1829.217,32.000,0.102,0.124,0.121,0.123,0.124
QH.MEY.00,37.472,101.400,163.347,1765.102,1819.892,1838.491,33.000,0.070,0.113,0.123,0.133,0.121
HB.ZHX.00,31.172,112.727,174.538,1820.344,1890.303,1915.026,34.000,0.147,0.103,0.103,0.104,0.088
YP.NE88.,46.168,123.289,160.171,1748.722,1799.468,1816.519,35.000,0.059,0.057,0.057,0.059,0.057
GS.AXX.00,40.517,95.800,158.040,1737.544,1785.656,1801.707,36.000,-0.018,-0.022,-0.021,-0.021,-0.022
JL.YFT.00,41.362,126.512,163.583,1766.311,1821.406,1840.125,37.000,0.071,0.072,0.057,0.049,0.053
HI.QIH.00,19.222,110.476,170.282,1799.791,1863.807,1886.089,38.000,0.138,0.311,0.316,0.300,0.311
AH.SIX.00,33.558,117.859,173.398,1814.892,1883.236,1907.295,39.000,0.217,0.309,0.303,0.300,0.310
GD.SHT.00,23.416,116.626,176.393,1829.124,1901.744,1927.567,40.000,0.246,0.236,0.229,0.230,0.226
YP.NE6A.,44.806,124.540,161.162,1753.866,1805.860,1823.386,41.000,-0.072,0.147,0.145,0.147,0.147
IC.MDJ.10,44.618,129.593,159.625,1745.875,1795.941,1812.733,42.000,0.163,0.172,0.145,0.122,0.134
NM.NIC.00,41.725,118.875,165.196,1774.503,1831.696,1851.233,43.000,0.266,0.226,0.225,0.220,0.220
NM.RLT.00,43.686,111.923,162.876,1762.694,1816.878,1835.243,44.000,0.237,0.377,0.292,0.290,0.295
YP.NE57.,44.123,123.258,162.121,1758.817,1812.033,1830.026,45.000,0.033,0.011,0.016,0.019,0.019
FJ.QZH.00,24.942,118.595,177.364,1833.678,1907.708,1934.116,46.000,0.395,0.430,0.442,0.450,0.445
AK.TNA.,65.560,-167.927,120.479,1516.472,1529.304,1533.114,47.000,0.024,0.027,0.032,0.034,0.034
QH.XUH.00,35.862,102.498,164.965,1773.336,1830.227,1849.646,48.000,0.145,0.253,0.245,0.254,0.254
IC.SSE.00,31.095,121.189,174.399,1819.681,1889.442,1914.084,49.000,0.287,0.270,0.264,0.345,0.341
SC.EMS.00,29.577,103.454,167.990,1788.503,1849.404,1870.422,50.000,0.048,0.042,0.034,0.035,0.033
TM.PHRA.,18.499,100.229,162.538,1760.961,1814.711,1832.909,51.000,0.032,0.244,0.257,0.258,0.250
FJ.YCSG.00,25.336,118.227,177.879,1836.078,1910.862,1937.583,52.000,0.324,0.344,0.377,0.384,0.366
RM.SZP.,17.552,120.455,169.945,1798.143,1861.697,1883.790,53.000,0.403,0.420,0.415,0.418,0.420
GS.HYS.00,38.401,102.831,163.683,1766.820,1822.044,1840.812,54.000,0.190,0.006,0.065,0.065,-0.008
YN.YUM.00,25.689,101.861,166.564,1781.390,1840.387,1860.641,55.000,-0.039,0.041,-0.004,-0.003,-0.007
GS.HCH.00,36.250,108.461,168.371,1790.390,1851.804,1873.029,56.000,0.046,-0.016,0.005,-0.006,-0.013
HI.DOF.00,19.066,108.729,169.131,1794.141,1856.584,1878.225,57.000,-0.156,0.217,0.322,0.215,0.219
HB.DJI.00,32.553,111.525,172.827,1812.148,1879.691,1903.420,58.000,0.190,0.214,0.204,0.202,0.208
GS.HZT.00,35.010,102.911,165.694,1777.018,1834.866,1854.662,59.000,0.073,0.076,0.070,0.067,0.070
HL.TAH.00,52.336,124.667,154.004,1715.979,1759.279,1773.517,60.000,0.277,0.301,0.307,0.312,0.310
YP.NE63.,44.786,117.814,162.215,1759.298,1812.634,1830.673,61.000,-0.021,-0.010,-0.012,-0.016,-0.014
HE.XIL.00,40.406,117.471,166.602,1781.578,1840.625,1860.899,62.000,0.258,0.175,0.176,0.164,0.172
HI.YML.00,19.853,110.280,170.674,1801.709,1866.264,1888.767,63.000,-0.008,-0.008,-0.008,-0.008,-0.009
YP.NEA6.,47.606,124.995,158.435,1739.626,1788.222,1804.456,64.000,0.018,0.006,0.006,0.007,0.006
NM.WLT.00,46.040,122.027,160.531,1750.598,1801.796,1819.019,65.000,0.163,0.179,0.180,0.180,0.179
GS.DBT.00,34.060,103.230,166.383,1780.478,1839.235,1859.392,66.000,0.135,0.127,0.120,0.127,0.125
JS.TZ.00,32.409,119.919,173.965,1817.611,1886.757,1911.145,67.000,0.209,0.344,0.328,0.313,0.322
XZ.NAQ.00,31.450,92.090,158.045,1737.574,1785.693,1801.746,68.000,0.252,0.340,0.365,0.362,0.349
HI.SAJ.00,19.889,110.641,170.911,1802.865,1867.746,1890.383,69.000,0.032,0.075,0.083,0.091,0.085
YN.CZS.00,24.904,98.667,163.584,1766.313,1821.409,1840.127,70.000,0.001,0.008,0.006,0.007,0.007
XW.DESH.,12.583,54.239,119.984,1513.250,1525.773,1529.489,71.000,0.027,0.001,0.066,-0.004,-0.001
MY.KOM.,1.792,103.847,151.884,1704.450,1745.310,1758.635,72.000,0.356,0.293,0.299,0.308,0.296
HB.DWU.00,31.499,114.120,174.952,1822.315,1892.865,1917.832,73.000,0.197,0.126,0.134,0.133,0.112
XJ.KSZ.00,39.591,75.941,143.981,1660.163,1692.492,1702.738,74.000,0.127,0.273,0.259,0.262,0.270
YP.NE5A.,44.074,126.907,161.099,1753.541,1805.455,1822.950,75.000,0.094,0.171,0.029,0.032,0.033
YN.MLP.00,23.128,104.702,168.387,1790.470,1851.906,1873.140,76.000,0.065,0.055,0.055,0.054,0.054
HL.WUC.00,45.125,127.080,160.116,1748.433,1799.110,1816.135,77.000,0.110,0.261,0.278,0.275,0.272
SN.NSHT.00,33.325,108.323,170.346,1800.106,1864.210,1886.528,78.000,-0.227,-0.218,-0.228,-0.217,-0.215
SD.TCH.00,34.703,118.457,172.185,1809.051,1875.696,1899.058,79.000,-0.129,0.027,0.052,0.063,0.051
YN.YAJ.00,28.112,104.231,168.819,1792.604,1854.623,1876.093,80.000,0.192,0.156,-0.038,-0.036,-0.030
AH.LAN.00,31.715,116.501,175.298,1823.956,1895.001,1920.172,81.000,-0.044,0.004,0.004,0.002,0.002
GX.PXS.00,22.130,106.751,169.649,1796.692,1859.841,1881.770,82.000,0.057,0.138,0.149,0.148,0.145
HE.XIT.00,38.529,114.366,168.314,1790.105,1851.442,1872.636,83.000,0.035,0.090,0.068,0.045,0.068
TM.PRAC.,12.473,99.793,158.426,1739.583,1788.168,1804.398,84.000,0.104,0.160,0.154,0.153,0.158
SX.LIS.00,37.529,111.242,168.498,1791.017,1852.602,1873.896,85.000,0.117,-0.013,-0.023,0.125,-0.023
YN.LIC.00,23.878,100.069,164.591,1771.439,1827.842,1847.069,86.000,0.274,0.173,0.166,0.170,0.173
TM.CHBT.,12.744,102.353,160.336,1749.580,1800.533,1817.662,87.000,0.026,0.032,0.031,0.030,0.031
GS.WYT.00,35.040,104.100,166.508,1781.107,1840.030,1860.254,88.000,0.153,0.185,0.190,0.191,0.187
CQ.CHS.00,29.905,107.232,171.120,1803.881,1869.049,1891.805,89.000,0.409,0.337,0.332,0.320,0.342
IU.YAK.00,62.031,129.680,143.951,1659.992,1692.290,1702.524,90.000,0.093,0.044,0.039,0.039,0.038
HB.YXI.00,32.986,110.432,171.885,1807.597,1873.824,1897.015,91.000,0.053,-0.130,-0.153,-0.159,-0.148
YP.NE39.,42.979,123.287,163.191,1764.308,1818.897,1837.419,92.000,0.096,0.038,0.028,0.018,0.030
SH.SSE.00,31.096,121.188,174.399,1819.679,1889.440,1914.081,93.000,0.239,0.385,0.357,0.307,0.306
JL.YNB.00,43.003,129.489,160.980,1752.928,1804.693,1822.131,94.000,0.203,0.195,0.212,0.219,0.212
JS.PX.00,34.800,116.900,172.219,1809.216,1875.909,1899.290,95.000,-0.101,-0.089,-0.086,-0.084,-0.084
CQ.WAZ.00,30.752,108.461,171.811,1807.239,1873.363,1896.512,96.000,-0.017,-0.301,-0.312,-0.316,-0.306
HL.LBE.00,47.596,130.829,156.674,1730.301,1776.758,1792.184,97.000,0.300,0.358,0.346,0.341,0.342
IC.QIZ.01,19.029,109.844,169.772,1797.296,1860.614,1882.612,98.000,0.068,0.232,0.260,0.260,0.248
YN.YIM.00,24.700,102.144,166.626,1781.700,1840.779,1861.066,99.000,0.036,0.008,0.011,0.010,0.007
SC.HYS.00,30.416,106.840,170.641,1801.547,1866.056,1888.541,100.000,-0.036,-0.052,-0.082,-0.083,-0.061
HI.JFL.00,18.704,108.789,168.894,1792.975,1855.097,1876.608,101.000,0.346,0.265,0.258,0.253,0.258
YP.NE7G.,45.921,132.497,157.360,1733.945,1781.230,1796.969,102.000,0.022,0.032,0.030,0.028,0.030
YP.NE91.,46.926,120.732,159.853,1747.062,1797.411,1814.310,103.000,0.195,0.148,0.149,0.153,0.152
SX.JIC.00,37.712,112.436,168.697,1792.001,1853.856,1875.259,104.000,0.117,0.134,0.134,0.133,0.135
XW.NIMR.,18.541,55.838,123.680,1537.094,1552.028,1556.482,105.000,0.080,-0.179,-0.182,-0.187,-0.179
HE.YON.00,36.754,114.422,170.062,1798.714,1862.427,1884.587,106.000,0.046,0.084,0.078,0.078,0.085
GD.ZHH.00,22.271,113.566,174.420,1819.782,1889.573,1914.227,107.000,0.117,0.100,0.097,0.096,0.100
NX.JYU.00,35.486,106.339,167.706,1787.091,1847.612,1868.476,108.000,0.010,0.069,0.077,0.076,0.069
SC.SMI.00,29.226,102.350,167.084,1783.987,1843.675,1864.205,109.000,0.257,0.239,0.231,0.234,0.238
SX.HZH.00,36.610,111.899,169.553,1796.217,1859.234,1881.110,110.000,-0.003,-0.071,-0.065,-0.060,-0.064
XJ.FUH.00,46.993,87.179,149.372,1690.592,1728.648,1740.940,111.000,-0.007,0.003,0.008,0.012,0.000
YP.NEP5.,45.734,122.620,160.720,1751.579,1803.015,1820.329,112.000,0.010,0.078,0.102,0.126,0.115
XW.SADA.,19.501,57.465,125.455,1548.389,1564.569,1569.410,113.000,0.254,-0.133,-0.129,-0.133,-0.136
SD.JIN.00,36.639,117.040,170.379,1800.264,1864.413,1886.750,114.000,0.093,0.012,0.001,-0.012,-0.011
XJ.BLT.00,42.945,86.659,150.869,1698.876,1738.591,1751.493,115.000,0.126,0.276,0.276,0.278,0.277
YP.NE35.,42.891,119.693,163.954,1768.202,1823.777,1842.681,116.000,0.117,0.140,0.138,0.135,0.134
XJ.ALS.00,45.153,82.119,147.012,1677.379,1712.881,1724.249,117.000,0.023,0.083,0.114,0.111,0.092
6F.BL11.,-22.153,133.490,128.242,1565.905,1584.159,1589.649,118.000,0.674,0.692,0.685,0.689,0.683
SH.TMS.00,31.078,121.148,174.435,1819.852,1889.664,1914.326,119.000,0.278,0.368,0.356,0.353,0.350
YN.WES.00,23.408,104.252,168.102,1789.056,1850.108,1871.186,120.000,0.027,0.071,0.069,0.070,0.068
HE.SHX.00,38.015,115.561,168.957,1793.285,1855.491,1877.037,121.000,-0.023,0.061,0.061,0.048,0.058
YP.NE89.,46.154,124.207,159.983,1747.742,1798.254,1815.215,122.000,0.004,0.190,0.194,0.198,0.197
JX.SHR.00,28.443,117.976,178.231,1837.719,1913.020,1939.957,123.000,-0.071,-0.105,-0.110,-0.106,-0.103
YP.NE6D.,44.815,128.711,159.806,1746.817,1797.107,1813.984,124.000,0.132,0.043,0.050,0.057,0.049
XJ.HTA.00,37.100,79.900,147.385,1679.479,1715.380,1726.891,125.000,0.045,0.022,0.028,0.026,0.024
IC.ENH.10,30.276,109.495,172.820,1812.113,1879.645,1903.370,126.000,-0.176,0.167,0.167,0.170,0.165
QH.DLH.00,37.381,97.378,160.640,1751.160,1802.494,1819.769,127.000,0.048,-0.015,0.003,0.003,-0.006
YP.NE68.,44.897,122.845,161.477,1755.497,1807.890,1825.569,128.000,0.083,0.046,0.051,0.057,0.061
SC.HLI.00,26.653,102.253,167.030,1783.721,1843.338,1863.840,129.000,0.181,0.140,0.131,0.130,0.135
SC.JYA.00,29.794,103.928,168.359,1790.328,1851.725,1872.943,130.000,-0.067,-0.092,-0.094,-0.090,-0.087
ZN.SIMS.,-8.420,150.440,131.841,1588.177,1609.283,1615.697,131.000,0.073,0.071,0.075,0.077,0.076
ZJ.YUQ.00,28.415,121.080,175.954,1827.058,1899.045,1924.606,132.000,0.362,0.336,0.339,0.340,0.337
GD.SHW.00,22.792,115.370,175.580,1825.290,1896.738,1922.077,133.000,0.396,0.305,0.305,0.301,0.297
HA.JY.00,35.163,112.449,171.052,1803.548,1868.621,1891.339,134.000,0.222,0.259,0.265,0.276,0.265
LN.FXI.00,42.053,121.599,164.461,1770.780,1827.013,1846.174,135.000,0.139,0.237,0.234,0.226,0.234
CQ.YUB.00,29.858,106.827,170.795,1802.299,1867.020,1889.592,136.000,-0.050,-0.087,-0.097,-0.104,-0.087
IC.WMQ.00,43.814,87.704,151.197,1700.682,1740.766,1753.804,137.000,-0.242,0.126,0.168,0.168,0.144
SC.WMP.00,29.053,103.789,168.353,1790.300,1851.690,1872.905,138.000,,,,,
6F.BL06.,-18.873,134.046,131.152,1583.944,1604.489,1610.718,139.000,0.624,0.620,0.619,0.642,0.636
YP.NE99.,47.066,128.057,158.083,1737.772,1785.937,1802.008,140.000,-0.048,0.187,0.191,0.195,0.194
HB.XSH.00,31.260,110.842,173.296,1814.406,1882.608,1906.608,141.000,0.228,-0.042,-0.044,-0.046,-0.049
II.BRVK.00,53.058,70.283,137.020,1619.472,1645.070,1652.997,142.000,-0.077,0.004,0.021,0.023,0.014
ZN.WAIB.,-9.244,150.138,131.416,1585.567,1606.326,1612.626,143.000,0.585,0.630,0.630,0.628,0.630
SC.MDS.00,30.075,103.041,167.551,1786.318,1846.631,1867.411,144.000,0.121,-0.003,-0.023,-0.018,-0.004
AH.HNA.00,32.633,116.804,174.386,1819.622,1889.366,1914.000,145.000,0.214,0.189,0.183,0.172,0.192
YP.NE12.,42.456,125.218,163.103,1763.857,1818.332,1836.811,146.000,0.069,-0.025,-0.019,-0.015,-0.019
GE.CISI.,-7.556,107.815,144.347,1662.261,1694.966,1705.344,147.000,0.449,0.456,0.457,0.463,0.461
CB.GYA.00,26.460,106.664,170.942,1803.015,1867.937,1890.593,148.000,-0.016,0.053,0.047,0.051,0.054
YP.NE6B.,44.801,125.970,160.758,1751.774,1803.258,1820.589,149.000,0.056,0.036,0.056,-0.005,-0.005
FJ.YAYX.00,25.990,117.358,178.851,1840.593,1916.804,1944.122,150.000,0.288,0.269,0.286,0.290,0.282
GS.WSH.00,34.661,105.050,167.367,1785.402,1845.469,1866.151,151.000,0.142,-0.077,-0.099,-0.106,-0.091
FJ.TNSC.00,26.908,117.181,179.634,1844.209,1921.575,1949.379,152.000,0.517,0.740,0.738,0.739,0.743
XW.SHA2.,18.120,55.741,123.444,1535.588,1550.361,1554.766,153.000,0.121,0.164,0.210,0.206,0.174
AU.BLDU.,-30.615,116.709,122.365,1528.663,1542.711,1546.893,154.000,0.638,0.634,0.636,0.639,0.640
YP.NE8F.,46.215,130.532,157.936,1736.993,1784.978,1800.981,155.000,0.163,0.187,0.185,0.185,0.187
YN.HUP.00,26.587,101.199,166.087,1778.992,1837.356,1857.358,156.000,0.100,0.158,0.192,0.184,0.166
KR.BTK.,40.067,70.816,140.017,1637.184,1665.585,1674.468,157.000,0.092,-0.042,-0.038,-0.039,-0.042
XJ.BAC.00,41.859,81.624,147.731,1681.425,1717.698,1729.343,158.000,0.087,0.089,0.094,0.092,0.092
NM.LIX.00,43.622,118.054,163.366,1765.204,1820.019,1838.629,159.000,0.102,0.127,0.127,0.126,0.127
XZ.LIZ.00,29.666,94.342,160.098,1748.344,1799.000,1816.016,160.000,0.197,0.169,0.165,0.167,0.168
BU.CHL.00,39.758,119.096,167.118,1784.159,1843.893,1864.442,161.000,0.059,0.090,0.079,0.076,0.076
GE.SOEI.,-9.755,124.267,142.516,1651.734,1682.580,1692.308,162.000,0.447,0.403,0.401,0.370,0.368
QH.BAM.00,32.949,100.727,164.898,1772.997,1829.801,1849.185,163.000,0.190,0.179,0.167,0.163,0.177
SX.NIW.00,38.687,112.336,167.752,1787.319,1847.901,1868.790,164.000,0.106,0.061,0.070,0.077,0.073
GD.XNH.00,22.570,113.034,174.394,1819.659,1889.414,1914.053,165.000,-0.001,0.041,0.035,0.038,0.046
YP.NEAE.,47.299,132.526,156.259,1728.089,1774.048,1789.288,166.000,0.036,0.055,0.061,0.054,0.055
AK.GAMB.,63.776,-171.704,122.168,1527.395,1541.313,1545.455,167.000,0.343,0.388,0.385,0.385,0.388
YP.NE86.,46.170,121.460,160.496,1750.411,1801.565,1818.770,168.000,0.111,0.224,0.217,0.215,0.219
GE.JAGI.,-8.470,114.152,144.418,1662.664,1695.441,1705.844,169.000,0.526,0.532,0.532,0.561,0.554
JX.XUW.00,24.995,115.608,177.714,1835.310,1909.852,1936.472,170.000,0.392,0.355,0.378,0.377,0.368
BU.BDH.00,39.825,119.474,167.002,1783.580,1843.159,1863.645,171.000,0.043,0.052,0.044,0.040,0.043
GE.BNDI.,-4.522,129.904,146.005,1671.694,1706.131,1717.118,172.000,0.283,0.184,0.190,0.204,0.205
HE.LOH.00,41.320,117.713,165.680,1776.948,1834.777,1854.566,173.000,0.112,0.149,0.149,0.147,0.148
HE.QIL.00,40.421,118.903,166.486,1780.995,1839.888,1860.100,174.000,0.306,0.190,0.180,0.159,0.169
JP.JOW.,26.836,128.273,169.764,1797.257,1860.564,1882.557,175.000,0.295,0.384,0.368,0.380,0.387
YP.NE59.,44.096,125.961,161.395,1755.072,1807.361,1824.999,176.000,0.132,0.185,0.188,0.190,0.195
YN.MZT.00,25.215,98.495,163.489,1765.829,1820.802,1839.473,177.000,-0.009,0.048,0.046,0.046,0.046
NM.BYT.00,38.846,105.717,164.985,1773.435,1830.352,1849.780,178.000,0.147,0.157,0.159,0.163,0.160
HI.WAN.00,18.801,110.424,169.908,1797.962,1861.465,1883.538,179.000,0.025,0.024,0.029,0.029,0.027
HE.XTT.00,37.122,114.313,169.683,1796.860,1860.056,1882.004,180.000,-0.050,-0.002,0.003,0.007,0.013
BJ.XBZ.00,40.343,115.969,166.660,1781.868,1840.992,1861.297,181.000,0.248,0.295,0.292,0.282,0.288
XJ.TAC.00,46.938,83.167,146.973,1677.163,1712.626,1723.979,182.000,0.137,0.076,0.097,0.107,0.082
XJ.BPM.00,39.883,76.836,144.620,1663.817,1696.803,1707.279,183.000,-0.143,0.147,0.183,0.182,0.159
YP.NEA4.,47.665,121.941,158.964,1742.412,1791.658,1808.139,184.000,0.170,0.224,0.225,0.227,0.226
SX.XIY.00,37.569,113.721,169.139,1794.181,1856.634,1878.281,185.000,0.093,-0.069,-0.060,-0.048,-0.047
II.ARU.00,56.429,58.562,129.635,1574.577,1593.912,1599.747,186.000,0.216,0.328,0.336,0.330,0.330
FJ.YAXT.00,25.723,117.125,178.669,1839.750,1915.694,1942.899,187.000,0.382,0.446,0.446,0.453,0.452
HE.YIX.00,39.351,115.368,167.612,1786.623,1847.017,1867.831,188.000,-0.010,-0.007,-0.007,-0.007,-0.007
BU.TAS.00,40.084,115.493,166.892,1783.030,1842.464,1862.891,189.000,0.102,0.116,0.119,0.118,0.122
GE.MALK.,8.397,80.543,140.994,1642.898,1672.243,1681.450,190.000,0.374,0.289,0.290,0.290,0.290
SX.XIX.00,36.700,110.950,169.129,1794.135,1856.576,1878.217,191.000,-0.048,0.034,0.026,0.020,0.028
XW.DRAK.,19.015,57.761,125.552,1549.001,1565.250,1570.112,192.000,0.237,0.083,0.098,0.094,0.085
LN.YKO.00,40.683,122.603,165.518,1776.129,1833.744,1853.449,193.000,-0.039,-0.034,-0.033,-0.032,-0.032
IC.XAN.00,34.031,108.923,170.256,1799.667,1863.647,1885.916,194.000,-0.135,-0.026,-0.036,-0.036,-0.029
GD.ZIJ.00,23.704,115.167,176.374,1829.038,1901.631,1927.443,195.000,0.367,0.262,0.273,0.281,0.270
CQ.ROC.00,29.379,105.443,169.730,1797.090,1860.350,1882.324,196.000,-0.102,0.167,0.163,0.163,0.165
GE.UGM.,-7.912,110.523,144.543,1663.381,1696.288,1706.737,197.000,0.503,0.469,0.482,0.527,0.512
HA.JS.00,34.610,113.240,171.822,1807.293,1873.433,1896.588,198.000,-0.042,-0.036,-0.043,-0.044,-0.041
QH.LEH.00,38.819,93.414,157.206,1733.130,1780.229,1795.897,199.000,0.191,0.048,0.059,0.062,0.051
ZN.WANI.,-9.338,149.155,131.973,1588.984,1610.199,1616.649,200.000,0.531,0.559,0.567,0.576,0.568
SC.GZA.00,30.117,102.173,166.805,1782.593,1841.909,1862.290,201.000,0.180,0.177,0.187,0.187,0.182
SC.JLO.00,28.996,101.512,166.378,1780.454,1839.204,1859.359,202.000,0.030,0.072,0.065,0.068,0.072
IC.QIZ.00,19.029,109.844,169.772,1797.296,1860.614,1882.612,203.000,0.070,0.236,0.265,0.264,0.252
HI.QSL.00,19.666,110.754,170.795,1802.299,1867.020,1889.592,204.000,-0.080,0.217,0.247,0.283,0.252
CB.HEH.00,50.253,127.410,155.388,1723.432,1768.356,1783.207,205.000,0.219,0.229,0.236,0.238,0.235
GX.DXX.00,22.838,107.186,170.344,1800.093,1864.194,1886.511,206.000,-0.057,0.001,-0.013,-0.011,-0.005
KZ.VOS.,52.723,70.980,137.526,1622.481,1648.542,1656.627,207.000,0.093,0.098,0.105,0.103,0.099
SC.SMK.00,26.855,102.750,167.489,1786.008,1846.236,1866.983,208.000,0.078,0.268,0.272,0.273,0.272
YP.NE56.,44.110,122.350,162.333,1759.908,1813.396,1831.493,209.000,0.133,0.025,0.020,0.009,0.018
JX.ANY.00,25.143,115.394,177.743,1835.445,1910.030,1936.668,210.000,0.220,0.114,0.134,0.134,0.126
SH.QHS.00,30.792,121.259,174.566,1820.479,1890.479,1915.219,211.000,0.078,0.074,0.090,0.090,0.092
NM.LUB.00,44.546,120.882,162.168,1759.061,1812.337,1830.354,212.000,0.076,0.026,0.027,0.031,0.029
HB.JYU.00,29.816,113.839,176.185,1828.148,1900.468,1926.167,213.000,0.424,0.345,0.329,0.328,0.323
SC.BYD.00,27.810,103.188,167.906,1788.082,1848.869,1869.841,214.000,0.050,0.131,0.139,0.126,0.140
SC.PWU.00,32.416,104.548,168.089,1788.991,1850.025,1871.096,215.000,0.284,0.201,0.174,0.184,0.195
JX.GAZ.00,25.790,114.980,177.965,1836.481,1911.391,1938.165,216.000,0.216,0.084,0.091,0.083,0.080
JS.JJ.00,32.066,120.303,174.102,1818.263,1887.603,1912.071,217.000,0.019,0.075,0.081,0.076,0.083
SC.XCE.00,28.942,99.792,164.880,1772.903,1829.682,1849.057,218.000,0.204,0.286,0.286,0.286,0.286
CB.CN2.00,43.480,125.260,162.170,1759.068,1812.345,1830.362,219.000,0.125,0.021,0.018,0.017,0.015
SC.HMS.00,29.572,104.398,168.801,1792.514,1854.508,1875.968,220.000,0.068,-0.011,-0.001,0.009,-0.006
YP.NE36.,42.525,120.584,164.189,1769.398,1825.278,1844.301,221.000,0.281,0.218,0.208,0.201,0.208
AU.NWAO.,-32.928,117.239,120.051,1513.686,1526.250,1529.979,222.000,,,,,
QH.TIJ.00,37.249,98.895,161.768,1757.002,1809.767,1827.587,223.000,0.068,0.146,0.151,0.151,0.150
GS.PLT.00,35.451,106.681,167.940,1788.250,1849.083,1870.074,224.000,0.037,-0.010,-0.019,-0.019,-0.013
XJ.WSU.00,44.123,84.641,149.062,1688.863,1726.579,1738.746,225.000,-0.038,-0.022,-0.012,-0.001,-0.025
HB.HME.00,30.135,115.894,176.787,1830.978,1904.169,1930.229,226.000,0.184,0.205,0.191,0.194,0.175
HN.HEY.00,26.920,112.519,176.192,1828.181,1900.511,1926.214,227.000,0.090,0.097,0.083,0.081,0.095
LN.KDN.00,40.741,124.782,164.776,1772.377,1829.021,1848.343,228.000,0.213,0.165,0.158,0.157,0.163
SD.DSH.00,38.000,117.667,168.995,1793.475,1855.733,1877.301,229.000,-0.035,-0.051,-0.055,-0.059,-0.056
NM.ARS.00,47.174,119.952,159.693,1746.228,1796.378,1813.202,230.000,0.170,0.211,0.213,0.215,0.212
YN.YOS.00,26.694,100.768,165.712,1777.109,1834.980,1854.786,231.000,0.008,0.018,0.018,0.018,0.018
CB.KSH.00,39.517,75.923,143.977,1660.141,1692.466,1702.710,232.000,0.227,0.172,0.132,0.143,0.163
HI.SAY.00,18.204,109.493,168.912,1793.063,1855.209,1876.730,233.000,0.357,0.384,0.378,0.379,0.379
BU.LAY.00,39.510,114.980,167.419,1785.661,1845.797,1866.506,234.000,0.105,0.120,0.120,0.130,0.129
MY.LDM.,5.178,118.498,158.097,1737.846,1786.028,1802.106,235.000,0.448,0.435,0.448,0.485,0.483
SD.YSH.00,35.788,118.627,171.094,1803.753,1868.885,1891.626,236.000,0.242,0.079,0.071,0.058,0.067
YP.NE55.,44.186,121.568,162.408,1760.294,1813.877,1832.011,237.000,0.070,0.132,0.150,0.157,0.151
ZJ.JAX.00,30.780,120.888,174.804,1821.610,1891.948,1916.827,238.000,0.264,0.246,0.249,0.248,0.248
GD.YGJ.00,21.858,111.954,173.217,1814.025,1882.115,1906.070,239.000,0.319,0.351,0.369,0.374,0.366
CB.WHN.00,30.543,114.354,175.881,1826.713,1898.594,1924.111,240.000,0.278,0.180,0.158,0.146,0.151
MI.ANSW.,16.342,145.673,151.204,1700.720,1740.811,1753.852,241.000,0.333,0.278,0.279,0.288,0.273
TM.NAYO.,14.315,101.321,160.777,1751.875,1803.384,1820.724,242.000,0.078,0.004,0.002,0.004,-0.000
XJ.LTA.00,42.022,84.167,149.486,1691.226,1729.407,1741.745,243.000,0.293,0.217,0.213,0.199,0.216
XJ.WSC.00,43.457,87.685,151.340,1701.465,1741.709,1754.806,244.000,-0.043,0.116,0.138,0.152,0.118
XZ.DXI.00,30.534,91.065,157.231,1733.262,1780.390,1796.070,245.000,0.058,0.178,0.220,0.223,0.193
GZ.XYT.00,25.040,104.900,169.139,1794.181,1856.635,1878.281,246.000,0.089,0.263,0.224,0.242,0.253
NM.JIP.00,43.244,117.545,163.764,1767.233,1822.561,1841.370,247.000,0.287,0.263,0.264,0.261,0.263
HB.JME.00,31.119,112.169,174.247,1818.955,1888.500,1913.052,248.000,0.181,0.298,0.295,0.290,0.292
JS.GUY.00,34.309,119.238,172.413,1810.153,1877.117,1900.609,249.000,-0.132,0.035,0.039,0.026,0.037
SC.RTA.00,32.269,100.980,165.310,1775.078,1832.421,1852.017,250.000,0.195,0.064,0.056,0.052,0.060
FJ.LYXP.00,25.128,117.026,178.096,1837.091,1912.194,1939.048,251.000,0.212,0.229,0.234,0.238,0.225
JP.ASAJ.,44.119,142.593,153.130,1711.244,1753.530,1767.387,252.000,0.035,-0.078,-0.061,-0.076,-0.077
GD.FES.00,23.822,116.208,176.759,1830.846,1903.997,1930.040,253.000,0.283,0.209,0.223,0.239,0.239
YN.YOD.00,24.036,99.245,163.904,1767.945,1823.455,1842.334,254.000,-0.004,-0.001,-0.005,-0.004,-0.002
SN.YAAN.00,36.872,109.325,168.297,1790.024,1851.339,1872.524,255.000,-0.121,-0.117,-0.101,-0.089,-0.107
YP.NE75.,44.308,119.954,162.525,1760.895,1814.628,1832.820,256.000,-0.073,-0.054,-0.054,-0.053,-0.054
XJ.BTS.00,45.284,90.514,152.234,1706.364,1747.622,1761.095,257.000,-0.073,-0.005,-0.003,0.001,-0.003
XJ.YMS.00,41.944,94.002,156.142,1727.463,1773.283,1788.470,258.000,0.357,0.355,0.352,0.349,0.354
YP.NE82.,46.171,117.915,160.828,1752.139,1803.712,1821.077,259.000,0.202,0.214,0.229,0.243,0.236
JS.GC.00,31.353,119.017,175.251,1823.732,1894.710,1919.853,260.000,0.110,-0.108,-0.114,-0.106,-0.100
RM.SIM.,20.133,92.885,157.078,1732.452,1779.397,1795.007,261.000,-0.102,-0.004,0.024,0.027,0.012
HB.FXI.00,31.938,110.724,172.787,1811.953,1879.439,1903.145,262.000,-0.033,-0.112,-0.146,-0.159,-0.134
YP.NE41.,43.307,116.123,163.704,1766.926,1822.176,1840.955,263.000,0.299,0.311,0.308,0.306,0.309
AU.RABL.,-4.191,152.164,133.729,1599.689,1622.377,1629.319,264.000,0.454,0.527,0.551,0.547,0.526
SN.MIAX.00,33.229,106.800,169.369,1795.315,1858.082,1879.855,265.000,0.075,-0.160,-0.091,-0.069,-0.127
JP.JHJ2.,33.115,139.814,159.214,1743.719,1793.274,1809.872,266.000,0.076,0.105,0.083,0.091,0.099
HK.HKPS.,22.278,114.142,174.682,1821.030,1891.195,1916.003,267.000,0.482,0.519,0.526,0.517,0.517
SN.SUDE.00,37.495,110.231,168.156,1789.324,1850.448,1871.555,268.000,0.007,-0.079,-0.069,-0.062,-0.069
SC.GZI.00,31.610,100.019,164.692,1771.952,1828.487,1847.765,269.000,0.068,0.016,-0.012,-0.007,0.006
SX.YUY.00,40.023,112.369,166.489,1781.014,1839.912,1860.126,270.000,0.287,0.319,0.318,0.317,0.324
SN.LUYA.00,33.357,106.140,168.834,1792.681,1854.722,1876.200,271.000,0.202,0.172,0.171,0.184,0.161
HA.PDS.00,33.712,113.298,172.663,1811.357,1878.669,1902.304,272.000,0.375,0.193,0.454,0.444,0.447
YP.NE8H.,46.515,132.831,156.751,1730.714,1777.264,1792.726,273.000,0.038,0.033,0.073,0.079,0.067
GD.ZHS.00,22.487,113.360,174.501,1820.169,1890.076,1914.777,274.000,0.050,0.127,0.115,0.110,0.117
YP.NE5C.,43.788,128.337,160.815,1752.072,1803.628,1820.987,275.000,0.184,0.046,0.046,0.047,0.053
HL.NEH.00,48.484,124.564,157.701,1735.755,1783.455,1799.350,276.000,0.165,0.119,0.114,0.128,0.131
II.DGAR.00,-7.412,72.452,124.976,1545.352,1561.189,1565.924,277.000,0.266,0.105,0.105,0.105,0.106
HN.NIX.00,27.992,112.345,175.940,1826.990,1898.956,1924.508,278.000,-0.014,0.016,0.026,0.016,0.011
AH.JIX.00,30.699,118.378,176.067,1827.590,1899.739,1925.367,279.000,0.126,0.038,0.043,0.053,0.051
YN.LUS.00,25.832,98.852,163.906,1767.956,1823.468,1842.348,280.000,0.014,-0.005,-0.017,-0.011,-0.004
BU.ZKD.00,39.688,115.922,167.311,1785.124,1845.115,1865.767,281.000,0.068,0.169,0.168,0.177,0.167
HL.BNX.00,45.739,127.403,159.467,1745.044,1794.913,1811.630,282.000,0.007,-0.017,-0.017,-0.017,-0.017
HL.TOH.00,46.085,128.651,158.742,1741.244,1790.217,1806.594,283.000,0.313,0.245,0.233,0.228,0.236
AU.MORW.,-29.068,116.040,123.907,1538.548,1553.638,1558.141,284.000,0.626,0.621,0.621,0.630,0.629
KR.ARK.,41.800,71.967,140.701,1641.184,1670.244,1679.353,285.000,0.223,0.047,0.056,0.051,0.049
YP.NEAD.,47.581,133.580,155.599,1724.563,1769.737,1784.682,286.000,-0.014,-0.006,-0.007,-0.007,-0.006
1G.WOP05.,37.654,106.305,166.180,1779.460,1837.948,1857.998,287.000,-0.130,-0.185,0.040,0.038,0.047
SC.BAX.00,30.372,102.813,167.300,1785.066,1845.043,1865.688,288.000,0.028,0.153,0.169,0.166,0.158
LN.HXQ.00,42.585,122.772,163.690,1766.857,1822.090,1840.862,289.000,-0.020,-0.034,-0.030,-0.029,-0.027
CQ.WUL.00,29.188,107.826,171.804,1807.205,1873.319,1896.464,290.000,0.121,0.023,-0.028,-0.027,0.008
SC.BTA.00,30.010,99.117,164.203,1769.468,1825.366,1844.396,291.000,-0.135,-0.202,-0.208,-0.203,-0.206
SC.HWS.00,28.640,104.736,169.223,1794.596,1857.164,1878.856,292.000,0.107,0.045,0.051,0.049,0.046
JS.LH.00,32.515,118.945,174.196,1818.713,1888.185,1912.708,293.000,-0.013,-0.001,-0.001,-0.001,-0.001
YP.NE45.,43.373,120.603,163.358,1765.162,1819.966,1838.572,294.000,0.133,0.148,0.143,0.146,0.148
YN.LOP.00,24.886,104.291,168.566,1791.354,1853.032,1874.363,295.000,0.136,0.221,0.213,0.214,0.222
HA.SC.00,31.791,115.418,175.082,1822.931,1893.667,1918.710,296.000,0.148,0.081,0.078,0.089,0.069
HB.XNI.00,29.716,114.411,176.587,1830.037,1902.938,1928.877,297.000,0.288,0.111,0.093,0.112,0.097
BU.SHC.00,40.441,115.523,166.539,1781.260,1840.223,1860.463,298.000,0.234,0.209,0.206,0.195,0.199
GE.SAUI.,-7.983,131.299,142.278,1650.358,1680.967,1690.613,299.000,0.010,-0.003,-0.005,-0.009,-0.007
GD.ZHQ.00,23.178,112.539,174.563,1820.461,1890.455,1915.193,300.000,-0.262,-0.135,-0.163,-0.151,-0.162
ZJ.HUZ.00,30.842,120.095,175.207,1823.524,1894.438,1919.556,301.000,0.154,0.130,0.141,0.151,0.139
JL.DHT.00,43.344,128.198,161.243,1754.285,1806.382,1823.946,302.000,0.196,0.176,0.187,0.191,0.183
XJ.XKR.00,39.828,77.576,145.189,1667.063,1700.641,1711.325,303.000,-0.083,-0.003,0.016,0.010,0.004
SH.ZHY.00,31.233,121.517,174.102,1818.265,1887.606,1912.074,304.000,0.119,0.055,0.066,0.072,0.068
JS.BY.00,33.263,119.267,173.401,1814.908,1883.257,1907.317,305.000,0.020,-0.008,-0.012,-0.008,-0.009
HB.SZH.00,31.630,113.386,174.518,1820.248,1890.179,1914.890,306.000,0.162,0.119,0.120,0.115,0.102
JS.XH.00,32.889,119.847,173.562,1815.682,1884.259,1908.413,307.000,0.070,0.092,0.088,0.076,0.074
SC.MLI.00,27.932,101.272,166.211,1779.619,1838.149,1858.216,308.000,0.043,0.263,0.277,0.273,0.265
SD.JIX.00,35.400,116.350,171.612,1806.271,1872.119,1895.154,309.000,0.149,0.136,0.131,0.119,0.127
JL.THT.00,41.697,125.998,163.496,1765.863,1820.845,1839.519,310.000,0.113,0.248,0.241,0.230,0.232
SN.MEIX.00,34.128,107.817,169.511,1796.012,1858.973,1880.825,311.000,-0.102,-0.323,0.072,0.072,-0.334
FJ.PTLC.00,25.447,119.014,177.460,1834.126,1908.296,1934.763,312.000,0.440,0.361,0.367,0.373,0.354
GD.TIS.00,22.270,112.885,174.071,1818.118,1887.414,1911.864,313.000,0.269,0.202,0.199,0.200,0.217
SC.XCO.00,31.018,105.902,169.680,1796.842,1860.033,1881.979,314.000,-0.108,-0.311,0.067,0.070,-0.292
GS.YDT.00,36.801,103.321,164.982,1773.419,1830.332,1849.759,315.000,0.100,0.147,0.155,0.149,0.149
HB.ENS.00,30.276,109.494,172.819,1812.111,1879.643,1903.368,316.000,-0.027,0.192,0.181,0.179,0.182
BJ.SSL.00,40.251,116.225,166.761,1782.373,1841.631,1861.989,317.000,0.295,0.321,0.310,0.295,0.305
LN.BEP.00,41.783,120.699,164.893,1772.971,1829.768,1849.150,318.000,0.242,0.362,0.362,0.360,0.363
FJ.SNQY.00,27.403,119.483,177.575,1834.661,1909.000,1935.536,319.000,0.466,0.462,0.461,0.461,0.461
TM.CMAI.,19.932,99.045,162.272,1759.595,1813.005,1831.072,320.000,0.174,0.225,0.231,0.230,0.223
SC.MEK.00,31.904,102.224,166.424,1780.688,1839.500,1859.680,321.000,0.138,0.006,0.006,0.006,0.012
JL.SGT.00,44.089,124.907,161.721,1756.756,1809.461,1827.258,322.000,0.001,0.063,0.065,0.067,0.066
LN.XMN.00,42.071,122.868,164.150,1769.197,1825.026,1844.029,323.000,-0.033,-0.023,-0.021,-0.026,-0.025
GS.JNT.00,35.531,105.771,167.323,1785.182,1845.189,1865.847,324.000,0.003,-0.030,-0.023,-0.016,-0.022
SC.MBI.00,28.840,103.534,168.154,1789.313,1850.434,1871.540,325.000,0.062,0.031,0.039,0.042,0.040
SX.YAC.00,35.442,112.407,170.784,1802.246,1866.952,1889.518,326.000,0.260,0.244,0.253,0.256,0.247
ZN.VAKU.,-8.852,151.184,131.029,1583.185,1603.630,1609.826,327.000,0.606,0.595,0.597,0.591,0.594
AH.JAS.00,32.811,118.262,174.071,1818.114,1887.410,1911.859,328.000,0.178,0.214,0.201,0.190,0.200
LN.ANS.00,41.105,123.013,165.012,1773.571,1830.522,1849.965,329.000,-0.051,0.174,0.179,0.176,0.178
NM.BHS.00,40.965,112.026,165.513,1776.103,1833.712,1853.413,330.000,0.252,0.128,0.124,0.124,0.129
KZ.CHKZ.,53.676,70.615,137.006,1619.388,1644.972,1652.895,331.000,0.136,0.191,0.200,0.197,0.194
SD.RZH.00,35.422,119.523,171.280,1804.661,1870.050,1892.897,332.000,-0.307,0.189,0.186,0.186,0.187
SC.WCH.00,31.479,103.588,167.659,1786.855,1847.312,1868.150,333.000,0.059,-0.184,-0.185,-0.188,-0.186
LN.CHY.00,41.573,120.485,165.134,1774.190,1831.302,1850.808,334.000,0.146,0.252,0.258,0.269,0.264
ZN.PMNI.,-9.756,149.467,131.454,1585.803,1606.593,1612.903,335.000,0.444,0.495,0.496,0.501,0.498
YP.NE3A.,43.075,126.654,162.060,1758.503,1811.640,1829.603,336.000,0.055,0.008,0.016,0.022,0.020
XW.DUQM.,19.559,57.609,125.603,1549.322,1565.608,1570.482,337.000,0.090,0.036,0.040,0.039,0.037
SX.ZOQ.00,37.099,113.350,169.510,1796.008,1858.967,1880.819,338.000,0.019,-0.069,-0.057,-0.061,-0.060
QH.DCD.00,37.932,95.376,158.973,1742.457,1791.714,1808.199,339.000,0.270,0.293,0.282,0.280,0.289
SC.LBO.00,28.272,103.570,168.229,1789.685,1850.908,1872.055,340.000,0.268,0.162,0.161,0.161,0.163
HI.LSH.00,18.500,109.996,169.430,1795.614,1858.464,1880.271,341.000,0.153,0.334,0.328,0.307,0.324
HI.BSH.00,19.248,109.181,169.548,1796.195,1859.207,1881.080,342.000,-0.013,-0.035,-0.041,-0.039,-0.033
HI.HSK.00,19.928,110.215,170.695,1801.810,1866.394,1888.909,343.000,-0.040,0.120,0.137,0.146,0.130
NX.XSH.00,37.249,105.203,165.849,1777.797,1835.848,1855.725,344.000,-0.002,0.083,0.094,0.102,0.090
YP.NEA2.,47.494,120.286,159.344,1744.400,1794.115,1810.775,345.000,0.314,0.320,0.319,0.318,0.315
YN.TNC.00,25.029,98.520,163.477,1765.767,1820.724,1839.389,346.000,0.033,0.086,0.101,0.100,0.092
MY.KUM.,5.290,100.649,153.377,1712.584,1755.155,1769.119,347.000,-0.001,0.115,0.101,0.073,0.095
YP.NE53.,44.093,117.917,162.903,1762.833,1817.051,1835.430,348.000,0.013,0.021,0.032,0.048,0.039
GS.BYT.00,36.581,104.130,165.631,1776.700,1834.464,1854.227,349.000,0.101,0.153,0.157,0.156,0.149
SX.LOF.00,38.041,111.951,168.253,1789.805,1851.060,1872.220,350.000,0.044,0.083,0.092,0.098,0.092
GD.LCH.00,24.104,115.271,176.778,1830.936,1904.115,1930.169,351.000,0.401,0.388,0.373,0.360,0.366
YP.NE6F.,45.296,131.201,158.410,1739.495,1788.059,1804.281,352.000,0.183,0.173,0.177,0.179,0.177
YN.ZOD.00,27.823,99.698,164.820,1772.599,1829.300,1848.644,353.000,0.265,0.290,0.295,0.290,0.296
BU.HUA.00,40.811,114.524,166.083,1778.974,1837.334,1857.334,354.000,0.089,0.120,0.133,0.139,0.135
GD.YGX.00,21.750,111.600,172.923,1812.608,1880.285,1904.069,355.000,0.359,0.138,0.152,0.153,0.145
HB.QJI.00,30.450,112.773,175.085,1822.943,1893.683,1918.728,356.000,0.186,0.179,0.172,0.170,0.173
YP.NE8B.,46.207,126.056,159.456,1744.990,1794.846,1811.558,357.000,0.079,0.218,0.223,0.229,0.226
AU.WRKA.,-25.038,128.296,126.773,1556.707,1573.850,1578.991,358.000,0.670,0.669,0.675,0.687,0.691
QH.YUS.00,33.012,97.016,161.894,1757.651,1810.577,1828.459,359.000,0.094,0.207,0.218,0.219,0.214
HL.FUY.00,48.355,134.275,154.705,1719.757,1763.876,1778.423,360.000,0.192,0.283,0.255,0.243,0.257
GD.SZN.00,22.546,114.143,174.922,1822.168,1892.674,1917.623,361.000,0.392,0.505,0.508,0.503,0.505
AU.XMIS.,-10.481,105.652,140.973,1642.773,1672.097,1681.297,362.000,0.389,0.404,0.413,0.455,0.435
LN.NAP.00,41.089,120.758,165.556,1776.323,1833.990,1853.714,363.000,0.043,0.123,0.143,0.143,0.136
HI.SHP.00,19.950,110.315,170.771,1802.180,1866.868,1889.426,364.000,-0.042,-0.027,-0.012,-0.000,-0.013
GD.ZHJ.00,21.394,110.376,171.887,1807.609,1873.839,1897.031,365.000,0.218,0.175,0.162,0.158,0.163
NM.BTO.00,40.744,109.878,165.138,1774.209,1831.326,1850.834,366.000,0.254,0.152,0.158,0.164,0.158
GX.HCS.00,24.671,108.011,171.760,1806.990,1873.043,1896.163,367.000,0.121,0.277,0.283,0.279,0.272
XW.SAYH.,12.534,54.390,120.098,1513.996,1526.590,1530.327,368.000,0.165,0.016,0.015,0.019,0.017
HA.DA.00,34.800,111.320,170.918,1802.899,1867.788,1890.430,369.000,0.327,0.337,0.354,0.363,0.347
SD.TIA.00,36.250,117.100,170.766,1802.158,1866.838,1889.394,370.000,0.041,-0.006,-0.013,-0.022,-0.017
HL.BEL.00,46.972,127.158,158.443,1739.672,1788.278,1804.516,371.000,0.248,0.057,0.058,0.051,0.051
SN.HEYT.00,35.407,110.063,169.836,1797.610,1861.016,1883.049,372.000,-0.101,-0.087,-0.084,-0.076,-0.080
GD.CHZ.00,23.672,116.637,176.649,1830.331,1903.323,1929.299,373.000,0.207,0.244,0.243,0.239,0.249
XJ.KUC.00,41.853,82.857,148.613,1686.361,1723.587,1735.576,374.000,-0.092,0.042,0.077,0.076,0.056
6F.BL07.,-19.921,134.330,130.076,1577.307,1596.990,1602.938,375.000,0.646,0.634,0.632,0.646,0.649
GE.GENI.,-2.593,140.168,142.781,1653.264,1684.376,1694.196,376.000,0.279,0.347,0.335,0.321,0.326
GZ.LPT.00,26.179,109.217,173.178,1813.835,1881.869,1905.801,377.000,0.214,0.029,0.021,0.021,0.026
MY.SBM.,2.453,112.214,155.045,1721.587,1766.106,1780.804,378.000,0.456,0.445,0.453,0.479,0.470
PS.PSI.,2.694,98.924,150.262,1695.523,1734.561,1747.214,379.000,0.365,0.431,0.432,0.432,0.429
BU.GUY.00,41.665,115.822,165.334,1775.200,1832.574,1852.184,380.000,0.244,0.240,0.244,0.247,0.246
XW.MIRB.,16.986,54.697,122.106,1526.992,1540.869,1544.999,381.000,0.204,0.123,0.150,0.144,0.126
HB.SZI.00,30.201,111.797,174.585,1820.569,1890.595,1915.346,382.000,0.040,-0.019,-0.040,-0.033,-0.033
YN.ZAT.00,27.322,103.718,168.372,1790.394,1851.809,1873.034,383.000,0.136,0.121,0.109,0.117,0.123
NM.XIQ.00,48.652,116.786,158.368,1739.276,1787.790,1803.993,384.000,0.355,0.364,0.359,0.351,0.355
GX.PNX.00,23.614,110.435,173.323,1814.534,1882.773,1906.789,385.000,0.108,0.105,0.092,0.092,0.095
SD.CSH.00,34.853,118.049,172.093,1808.606,1875.122,1898.432,386.000,0.124,0.223,0.229,0.240,0.235
JS.SY.00,33.767,120.250,172.624,1811.170,1878.428,1902.041,387.000,0.093,-0.018,-0.019,-0.014,-0.019
JX.YIC.00,27.809,114.370,177.712,1835.301,1909.840,1936.459,388.000,-0.173,-0.048,-0.050,-0.054,-0.052
GD.MEZ.00,24.317,116.137,177.233,1833.068,1906.909,1933.238,389.000,0.345,0.293,0.295,0.295,0.295
LN.LYN.00,41.267,123.283,164.785,1772.425,1829.081,1848.408,390.000,-0.130,-0.053,-0.055,-0.059,-0.058
AH.HEF.00,31.824,117.142,175.186,1823.425,1894.309,1919.414,391.000,0.123,0.223,0.227,0.229,0.220
IU.ULN.00,47.865,107.053,157.810,1736.330,1784.162,1800.107,392.000,0.346,0.379,0.376,0.376,0.380
MY.KSM.,1.473,110.308,153.707,1714.373,1757.327,1771.435,393.000,0.327,0.395,0.397,0.396,0.398
SC.LTA.00,30.000,100.269,165.194,1774.495,1831.686,1851.223,394.000,0.198,0.067,0.055,0.059,0.066
TJ.GUG.00,38.930,117.503,168.075,1788.924,1849.940,1871.004,395.000,0.107,0.139,0.125,0.105,0.114
KR.ARLS.,41.854,74.329,142.434,1651.256,1682.021,1691.720,396.000,-0.008,0.150,0.163,0.163,0.156
NM.MDG.00,51.272,120.778,155.561,1724.355,1769.483,1784.410,397.000,0.364,0.348,0.342,0.336,0.339
JL.HCT.00,42.642,130.465,160.818,1752.088,1803.647,1821.008,398.000,0.254,0.340,0.357,0.356,0.359
XJ.SMY.00,41.638,79.731,146.424,1674.062,1708.940,1720.085,399.000,0.075,0.150,0.143,0.144,0.150
IC.SSE.10,31.095,121.189,174.399,1819.681,1889.442,1914.084,400.000,0.289,0.287,0.280,0.348,0.344
XZ.SQHE.00,32.521,80.011,147.766,1681.620,1717.930,1729.589,401.000,0.123,0.061,0.053,0.055,0.060
GE.HALK.,6.089,80.680,139.803,1635.931,1664.128,1672.940,402.000,0.047,0.109,0.113,0.113,0.111
GX.NNS.00,22.891,108.151,171.150,1804.026,1869.235,1892.008,403.000,0.112,0.095,0.075,0.074,0.084
AH.SCH.00,31.348,116.984,175.669,1825.709,1897.285,1922.676,404.000,-0.019,-0.043,-0.045,-0.043,-0.039
HL.HHL.00,44.350,128.890,160.128,1748.496,1799.188,1816.218,405.000,0.228,0.229,0.220,0.216,0.216
XW.RIMA.,18.831,56.323,124.212,1540.491,1555.792,1560.361,406.000,0.122,0.126,0.120,0.121,0.126
KZ.MAKZ.,46.808,81.977,146.286,1673.283,1708.016,1719.109,407.000,0.131,0.331,0.326,0.329,0.328
BU.ZHL.00,40.157,115.133,166.791,1782.525,1841.824,1862.198,408.000,0.261,0.301,0.301,0.287,0.294
YN.YUX.00,24.435,100.147,164.798,1772.489,1829.162,1848.495,409.000,0.067,0.136,0.148,0.148,0.140
XZ.NMA.00,31.800,87.230,153.893,1715.379,1758.549,1772.738,410.000,0.112,0.184,0.222,0.212,0.192
HI.LZH.00,20.581,110.176,171.168,1804.113,1869.347,1892.130,411.000,-0.005,-0.010,-0.022,-0.025,-0.017
GS.SGS.00,37.741,103.892,164.746,1772.225,1828.829,1848.135,412.000,0.024,0.030,0.027,0.025,0.025
YN.XHT.00,24.749,98.485,163.391,1765.328,1820.174,1838.796,413.000,0.078,0.209,0.200,0.205,0.208
GD.SHG.00,24.857,113.584,176.396,1829.139,1901.763,1927.588,414.000,-0.057,0.010,-0.033,-0.007,-0.027
LN.BXI.00,41.267,123.780,164.637,1771.674,1828.136,1847.387,415.000,-0.069,-0.080,-0.064,-0.065,-0.061
JX.DAY.00,25.391,114.364,177.282,1833.293,1907.204,1933.562,416.000,0.078,0.177,0.193,0.192,0.185
YP.NE84.,46.248,119.682,160.636,1751.143,1802.474,1819.747,417.000,0.205,0.337,0.341,0.353,0.347
YP.NE5E.,44.061,130.557,159.670,1746.109,1796.230,1813.043,418.000,0.392,0.351,0.362,0.370,0.369
SC.JMG.00,32.205,105.560,168.954,1793.272,1855.475,1877.019,419.000,-0.057,-0.047,-0.036,-0.038,-0.039
FJ.XMSM.00,24.451,118.083,177.179,1832.814,1906.575,1932.871,420.000,0.278,0.365,0.373,0.379,0.378
JX.JIJ.00,29.647,116.010,177.284,1833.306,1907.221,1933.581,421.000,0.287,0.224,0.222,0.235,0.216
SC.SPA.00,32.650,103.603,167.264,1784.889,1844.819,1865.445,422.000,0.313,0.343,0.348,0.344,0.345
FJ.DSXP.00,23.708,117.426,176.639,1830.281,1903.257,1929.227,423.000,0.212,0.236,0.237,0.225,0.236
YN.DAY.00,25.727,101.316,166.086,1778.987,1837.350,1857.352,424.000,0.182,0.115,0.150,0.144,0.129
SX.HSH.00,39.668,113.721,167.097,1784.053,1843.758,1864.295,425.000,0.269,0.237,0.237,0.242,0.247
HL.YAS.00,45.338,128.404,159.473,1745.079,1794.955,1811.676,426.000,0.139,0.091,0.090,0.086,0.101
SH.NAH.00,31.048,121.756,174.079,1818.157,1887.465,1911.919,427.000,-0.003,0.012,0.020,0.025,0.020
SX.HMA.00,35.580,111.410,170.288,1799.823,1863.847,1886.134,428.000,-0.011,0.035,0.028,0.022,0.027
LN.FSH.00,41.883,123.917,164.032,1768.600,1824.276,1843.220,429.000,-0.049,-0.112,-0.113,-0.122,-0.118
YN.BAS.00,25.118,99.147,164.051,1768.696,1824.397,1843.350,430.000,0.159,0.149,0.136,0.143,0.149
FJ.MXXF.00,26.354,117.189,179.245,1842.413,1919.204,1946.765,431.000,0.241,0.284,0.306,0.331,0.315
XZ.NMU.00,29.430,90.150,156.455,1729.137,1775.332,1790.660,432.000,0.156,0.122,0.130,0.128,0.123
SD.WUL.00,35.751,119.202,171.031,1803.447,1868.492,1891.198,433.000,0.110,-0.089,-0.103,-0.117,-0.112
GS.SDT.00,38.771,101.040,162.357,1760.031,1813.550,1831.658,434.000,0.024,0.038,0.040,0.042,0.039
NM.JIN.00,40.997,113.152,165.705,1777.074,1834.936,1854.738,435.000,0.203,0.126,0.123,0.122,0.126
HL.BAQ.00,46.330,132.149,157.187,1733.030,1780.106,1795.766,436.000,0.157,0.169,0.194,0.197,0.192
XW.MKZA.,19.370,56.348,124.420,1541.817,1557.263,1561.876,437.000,0.055,0.146,0.131,0.139,0.146
YN.RST.00,24.910,98.391,163.339,1765.065,1819.845,1838.442,438.000,-0.001,0.006,0.005,0.005,0.006
AH.FZL.00,31.349,116.270,175.648,1825.610,1897.156,1922.534,439.000,-0.009,0.023,0.012,0.013,0.014
SC.AXI.00,31.638,104.431,168.287,1789.974,1851.275,1872.455,440.000,0.202,0.198,0.205,0.202,0.201
GZ.AST.00,26.152,106.055,170.364,1800.193,1864.322,1886.651,441.000,0.252,0.283,0.268,0.270,0.280
SD.CHD.00,37.913,120.742,168.612,1791.581,1853.320,1874.676,442.000,0.110,-0.059,-0.063,-0.069,-0.072
RM.SLV.,21.325,103.907,166.950,1783.320,1842.831,1863.289,443.000,0.184,0.129,0.142,0.140,0.134
SN.PCHT.00,35.058,109.427,169.789,1797.377,1860.718,1882.725,444.000,-0.092,-0.168,-0.166,-0.159,-0.160
SD.NLA.00,35.522,117.983,171.437,1805.422,1871.028,1893.964,445.000,0.278,0.267,0.263,0.265,0.263
JL.BCT.00,45.554,122.207,160.970,1752.874,1804.625,1822.059,446.000,-0.022,0.063,0.066,0.066,0.067
HL.LIH.00,44.331,128.500,160.295,1749.368,1800.270,1817.379,447.000,-0.037,0.029,0.023,0.015,0.014
HE.YUS.00,37.791,114.371,169.039,1793.689,1856.007,1877.598,448.000,0.155,0.209,0.228,0.243,0.244
SC.BZH.00,31.841,106.744,170.017,1798.498,1862.151,1884.285,449.000,0.082,-0.080,-0.077,-0.067,-0.070
TM.SRDT.,14.395,99.121,159.247,1743.894,1793.489,1810.103,450.000,0.048,-0.058,-0.056,-0.054,-0.057
YP.NE93.,46.927,122.430,159.603,1745.759,1795.796,1812.578,451.000,0.243,0.253,0.249,0.244,0.246
YP.NE72.,45.435,116.976,161.584,1756.051,1808.581,1826.312,452.000,0.020,0.031,0.036,0.039,0.036
HL.MIH.00,45.626,131.810,157.888,1736.742,1784.668,1800.649,453.000,0.158,0.202,0.191,0.180,0.184
HL.YCH.00,47.634,128.565,157.419,1734.261,1781.618,1797.384,454.000,0.169,0.258,0.246,0.244,0.241
XW.KRWN.,19.270,57.208,125.149,1546.447,1562.407,1567.180,455.000,-0.025,-0.034,-0.021,-0.025,-0.032
SC.AYU.00,30.052,105.337,169.497,1795.943,1858.885,1880.729,456.000,0.120,-0.262,-0.195,-0.207,-0.236
KZ.ZRN.,52.951,69.004,136.321,1615.301,1640.262,1647.975,457.000,0.315,0.203,0.186,0.187,0.194
YP.NE92.,46.786,121.514,159.886,1747.237,1797.628,1814.543,458.000,0.026,0.115,0.119,0.125,0.122
SC.QCH.00,32.593,105.228,168.534,1791.195,1852.829,1874.143,459.000,0.294,0.093,0.078,0.073,0.078
HA.LS.00,34.018,111.040,171.430,1805.389,1870.985,1893.917,460.000,0.045,0.078,0.060,0.050,0.062
NX.NSS.00,37.696,106.083,166.029,1778.702,1836.990,1856.962,461.000,-0.159,0.055,-0.077,-0.061,0.048
GD.XIG.00,23.788,114.635,176.228,1828.347,1900.728,1926.452,462.000,0.262,0.262,0.299,0.295,0.291
JL.CBS.00,42.070,128.070,162.350,1759.993,1813.502,1831.607,463.000,-0.055,0.021,0.038,0.051,0.042
QH.XIH.00,35.507,99.809,163.222,1764.467,1819.096,1837.634,464.000,0.090,0.146,0.158,0.155,0.151
GE.BKB.,-1.107,116.905,151.872,1704.386,1745.232,1758.553,465.000,0.539,0.521,0.524,0.540,0.538
KN.AAK.,42.633,74.494,142.419,1651.170,1681.920,1691.614,466.000,0.224,0.169,0.187,0.187,0.176
CB.GOM.00,36.198,94.814,159.222,1743.765,1793.331,1809.933,467.000,0.118,0.103,0.119,0.117,0.110
ZN.ESA2.,-9.740,150.816,130.603,1580.565,1600.668,1606.752,468.000,-0.018,0.004,0.001,-0.004,0.001
YN.LIJ.00,26.896,100.232,165.251,1774.784,1832.049,1851.616,469.000,0.099,0.004,0.002,0.003,0.003
ZJ.ZHS.00,30.038,122.117,174.433,1819.843,1889.652,1914.313,470.000,0.240,0.298,0.308,0.303,0.301
YN.CUX.00,25.029,101.536,166.157,1779.348,1837.807,1857.845,471.000,-0.070,0.105,0.101,0.096,0.102
YP.NE9B.,46.946,129.795,157.598,1735.209,1782.783,1798.631,472.000,0.215,0.271,0.244,0.230,0.235
NM.LCH.00,40.541,112.511,166.024,1778.677,1836.959,1856.928,473.000,0.097,0.224,0.209,0.191,0.204
GE.SANI.,-2.050,125.988,149.608,1691.900,1730.215,1742.601,474.000,0.650,0.539,0.547,0.581,0.584
GX.PGX.00,23.328,107.578,170.886,1802.740,1867.585,1890.208,475.000,0.010,-0.002,-0.006,-0.004,-0.001
KR.TOKL.,41.983,72.868,141.340,1644.911,1674.593,1683.917,476.000,0.291,0.518,0.534,0.533,0.524
AH.BAS.00,31.473,117.376,175.518,1824.997,1896.357,1921.658,477.000,-0.010,-0.000,-0.015,-0.035,-0.020
IU.WAKE.10,19.283,166.652,133.795,1600.090,1622.834,1629.795,478.000,0.292,0.309,0.331,0.326,0.310
XJ.HBH.00,48.231,86.552,148.377,1685.041,1722.011,1733.908,479.000,0.002,-0.014,0.018,0.032,-0.002
AH.BEB.00,32.905,117.297,174.098,1818.246,1887.580,1912.046,480.000,-0.015,-0.070,-0.076,-0.087,-0.074
JS.LYG.00,34.641,119.243,172.094,1808.609,1875.126,1898.436,481.000,0.133,0.103,0.102,0.100,0.102
YN.TUS.00,25.609,100.254,165.121,1774.126,1831.221,1850.721,482.000,0.213,0.140,0.142,0.140,0.139
ZN.JONE.,-10.095,150.102,130.792,1581.730,1601.984,1608.118,483.000,0.413,0.408,0.409,0.404,0.407
CQ.CQT.00,29.422,106.573,170.686,1801.767,1866.338,1888.849,484.000,0.054,-0.006,-0.023,-0.023,-0.016
NX.SZS.00,39.283,106.660,165.113,1774.083,1831.167,1850.662,485.000,0.205,0.230,0.227,0.229,0.232
QH.ZAD.00,32.894,95.317,160.532,1750.601,1801.801,1819.024,486.000,-0.094,0.132,0.129,0.126,0.128
JX.FEC.00,27.933,115.728,178.688,1839.838,1915.810,1943.028,487.000,0.408,0.553,0.538,0.544,0.551
SC.WCA.00,32.177,106.197,169.452,1795.722,1858.602,1880.421,488.000,0.167,0.034,0.068,0.067,0.039
NM.XLT.00,43.900,116.079,163.110,1763.894,1818.378,1836.860,489.000,0.272,0.212,0.194,0.193,0.189
YN.HLT.00,25.148,102.747,167.257,1784.851,1844.769,1865.392,490.000,0.114,0.116,0.146,0.131,0.125
YP.NE85.,46.176,120.636,160.603,1750.967,1802.255,1819.512,491.000,0.187,0.246,0.249,0.249,0.249
JL.LYT.00,42.948,125.149,162.685,1761.714,1815.652,1833.922,492.000,0.113,0.133,0.141,0.145,0.139
NM.HHC.00,40.867,111.558,165.497,1776.022,1833.609,1853.303,493.000,0.128,0.042,0.036,0.035,0.038
HB.YNX.00,30.023,115.112,176.655,1830.358,1903.358,1929.338,494.000,0.201,0.119,0.122,0.120,0.116
GS.LXA.00,35.627,103.263,165.615,1776.621,1834.364,1854.120,495.000,0.001,0.049,0.043,0.051,0.050
BJ.LBP.00,40.571,116.205,166.440,1780.766,1839.599,1859.787,496.000,0.165,0.101,0.100,0.094,0.094
SN.SHAZ.00,33.512,109.874,171.183,1804.187,1869.441,1892.233,497.000,0.327,0.259,0.261,0.258,0.258
BU.XUH.00,40.478,115.043,166.464,1780.888,1839.753,1859.954,498.000,0.195,0.194,0.191,0.175,0.184
XJ.RGN.00,43.865,87.561,151.082,1700.049,1740.003,1752.993,499.000,0.103,0.029,0.047,0.042,0.037
GE.PMBI.,-2.902,104.699,147.883,1682.277,1718.714,1730.418,500.000,0.412,0.382,0.390,0.404,0.392
NM.CHR.00,47.973,121.177,158.768,1741.382,1790.387,1806.777,501.000,0.224,0.215,0.213,0.212,0.213
YN.MAL.00,25.427,103.575,168.045,1788.771,1849.746,1870.793,502.000,0.158,0.084,0.064,0.065,0.079
AU.FITZ.,-18.098,125.640,134.072,1601.770,1624.752,1631.794,503.000,,,,,
YP.NE58.,44.355,125.340,161.352,1754.850,1807.085,1824.703,504.000,0.097,0.024,0.019,0.020,0.021
XJ.SHZ.00,44.214,85.863,149.829,1693.129,1731.688,1744.164,505.000,0.040,-0.068,-0.071,-0.070,-0.071
XJ.HTB.00,44.067,86.584,150.360,1696.068,1735.216,1747.908,506.000,0.215,0.104,0.078,0.076,0.093
GD.HUJ.00,24.035,112.302,174.970,1822.397,1892.971,1917.948,507.000,0.196,0.012,0.008,0.009,0.011
YP.NEP1.,43.118,128.940,161.124,1753.674,1805.621,1823.129,508.000,0.077,0.095,0.103,0.114,0.116
YN.JIP.00,22.782,103.223,166.995,1783.543,1843.112,1863.594,509.000,0.243,0.023,0.017,0.015,0.014
JX.LEA.00,27.410,115.848,179.075,1841.632,1918.174,1945.630,510.000,0.127,0.137,0.176,0.177,0.151
HB.XFA.00,32.002,112.042,173.529,1815.520,1884.049,1908.184,511.000,0.201,0.276,0.269,0.251,0.248
YP.NE46.,43.388,121.495,163.194,1764.321,1818.913,1837.437,512.000,0.121,0.079,0.084,0.089,0.091
1G.NOP06.,39.471,109.818,166.263,1779.879,1838.477,1858.571,513.000,-0.032,0.221,0.214,0.201,0.214
JL.CN2.00,43.800,125.450,161.822,1757.276,1810.109,1827.955,514.000,0.069,0.053,0.061,0.065,0.057
JS.ZJ.00,32.148,119.447,174.376,1819.571,1889.299,1913.927,515.000,-0.061,0.041,0.042,0.047,0.040
NX.TLE.00,38.807,106.697,165.505,1776.063,1833.661,1853.359,516.000,0.123,0.005,0.012,0.019,0.008
HB.SSH.00,29.646,112.690,175.537,1825.087,1896.474,1921.787,517.000,0.178,0.135,0.118,0.109,0.123
XJ.HYS.00,42.975,89.441,152.701,1708.910,1750.703,1764.375,518.000,0.052,-0.064,-0.099,-0.100,-0.081
SN.SHNA.00,33.518,110.865,171.733,1806.860,1872.876,1895.980,519.000,-0.157,-0.128,-0.139,-0.145,-0.143
NM.HLG.00,40.376,111.844,166.031,1778.712,1837.003,1856.975,520.000,0.163,0.369,0.369,0.365,0.371
KN.KZA.,42.078,75.250,143.069,1654.925,1686.326,1696.248,521.000,0.094,0.093,0.110,0.106,0.098
AU.GIRL.,-22.643,114.234,130.276,1578.540,1598.381,1604.380,522.000,0.292,0.294,0.300,0.296,0.290
XJ.ATS.00,39.804,75.844,143.878,1659.573,1691.796,1702.004,523.000,0.150,0.295,0.300,0.300,0.297
XJ.BCH.00,39.793,78.783,146.108,1672.276,1706.821,1717.847,524.000,0.189,0.120,0.108,0.108,0.117
LN.WFD.00,39.630,121.987,166.670,1781.919,1841.057,1861.366,525.000,0.070,-0.071,-0.078,-0.080,-0.083
YP.NE95.,46.893,124.206,159.286,1744.097,1793.741,1810.373,526.000,0.206,0.265,0.264,0.262,0.264
YP.NEAB.,47.603,131.668,156.352,1728.588,1774.659,1789.941,527.000,0.267,0.245,0.256,0.261,0.266
XW.HBAB.,19.443,56.722,124.777,1544.086,1559.782,1564.473,528.000,0.156,-0.061,-0.042,-0.050,-0.060
GZ.YPT.00,27.212,108.813,172.899,1812.493,1880.135,1903.906,529.000,-0.138,0.152,0.171,0.168,0.167
YN.EYA.00,26.109,99.948,164.919,1773.103,1829.934,1849.329,530.000,0.115,0.162,0.162,0.163,0.164
YP.NE42.,43.403,116.958,163.617,1766.481,1821.619,1840.354,531.000,-0.005,0.002,0.003,0.004,0.004
AH.TOL.00,30.925,117.819,175.993,1827.241,1899.284,1924.868,532.000,0.103,-0.007,-0.006,-0.018,0.000
6F.BL03.,-19.741,136.146,129.617,1574.464,1593.785,1599.615,533.000,0.747,0.738,0.737,0.755,0.749
KN.TKM2.,42.921,75.597,143.156,1655.426,1686.915,1696.867,534.000,0.037,0.056,0.066,0.062,0.060
SD.WED.00,37.178,121.923,168.955,1793.278,1855.483,1877.028,535.000,-0.010,0.031,0.026,0.023,0.027
IU.DAV.10,7.070,125.579,158.374,1739.305,1787.826,1804.031,536.000,0.239,0.230,0.239,0.252,0.250
LN.TIL.00,42.267,123.900,163.685,1766.832,1822.058,1840.828,537.000,-0.018,-0.108,-0.109,-0.111,-0.110
GX.DXS.00,21.672,107.497,169.991,1798.368,1861.984,1884.104,538.000,0.007,0.129,0.132,0.134,0.132
YP.NE96.,46.879,125.052,159.101,1743.129,1792.545,1809.090,539.000,0.080,0.101,0.104,0.105,0.105
AU.XMI.,-10.450,105.688,141.012,1643.002,1672.364,1681.577,540.000,0.367,0.379,0.382,0.419,0.403
BU.SFS.00,39.661,115.814,167.333,1785.231,1845.251,1865.915,541.000,0.042,0.137,0.136,0.146,0.152
YP.NEA3.,47.562,121.292,159.157,1743.422,1792.907,1809.478,542.000,0.188,0.226,0.229,0.232,0.230
XW.BSRN.,18.966,55.972,123.948,1538.806,1553.924,1558.435,543.000,0.023,-0.060,-0.040,-0.033,-0.058
GD.GZH.00,23.653,113.652,175.598,1825.375,1896.850,1922.199,544.000,0.048,0.012,0.024,0.024,0.025
JX.JIA.00,27.063,115.044,178.445,1838.709,1914.323,1941.391,545.000,0.051,0.121,0.136,0.128,0.123
HL.JMS.00,46.732,130.324,157.584,1735.135,1782.692,1798.533,546.000,0.189,0.230,0.247,0.269,0.261
JS.XY.00,33.001,118.492,173.840,1817.013,1885.982,1910.298,547.000,0.035,0.048,0.052,0.069,0.059
SH.HUH.00,30.448,119.798,175.676,1825.742,1897.328,1922.723,548.000,0.251,0.343,0.338,0.336,0.332
LN.SNY.00,41.828,123.578,164.183,1769.365,1825.236,1844.256,549.000,0.043,-0.032,-0.026,-0.030,-0.027
YP.NE74.,45.514,118.806,161.437,1755.289,1807.632,1825.291,550.000,0.170,0.148,0.162,0.177,0.169
YP.NE7A.,45.486,125.970,160.138,1748.551,1799.257,1816.292,551.000,0.140,0.146,0.151,0.146,0.144
YP.NE54.,44.062,118.984,162.867,1762.646,1816.818,1835.179,552.000,0.158,0.159,0.163,0.161,0.161
GD.PUN.00,23.288,116.136,176.222,1828.319,1900.692,1926.412,553.000,0.281,0.250,0.263,0.277,0.272
QH.HTG.00,37.864,90.715,155.583,1724.473,1769.628,1784.564,554.000,0.113,0.161,0.181,0.181,0.168
GD.LIZ.00,24.802,112.385,175.460,1824.721,1895.997,1921.264,555.000,0.158,0.116,0.124,0.123,0.121
NM.CSQ.00,40.728,111.048,165.496,1776.017,1833.604,1853.296,556.000,0.218,-0.086,-0.088,-0.079,-0.085
HA.JZ.00,35.268,113.213,171.205,1804.293,1869.578,1892.382,557.000,0.126,0.004,0.003,-0.001,-0.000
TJ.YGZ.00,39.910,117.248,167.104,1784.091,1843.806,1864.347,558.000,-0.018,-0.058,-0.063,-0.062,-0.062
ZJ.CHA.00,29.469,118.413,177.164,1832.742,1906.481,1932.768,559.000,-0.099,-0.007,-0.000,0.021,0.022
YP.NE7E.,45.107,129.736,159.164,1743.460,1792.953,1809.528,560.000,0.195,0.165,0.163,0.160,0.163
NM.HLR.00,49.267,119.742,157.637,1735.412,1783.033,1798.898,561.000,0.089,0.172,0.168,0.165,0.166
YN.FUN.00,23.625,105.620,169.353,1795.236,1857.982,1879.747,562.000,0.198,0.146,0.140,0.140,0.145
AU.KNRA.,-15.677,128.763,135.749,1611.876,1636.325,1643.864,563.000,0.684,0.674,0.676,0.695,0.694
XW.WAYM.,17.915,55.644,123.285,1534.567,1549.232,1553.603,564.000,-0.002,0.097,0.079,0.084,0.093
NM.WJH.00,41.304,108.078,164.021,1768.543,1824.204,1843.143,565.000,0.317,0.267,0.273,0.277,0.274
ZJ.WXJ.00,28.696,118.826,177.541,1834.504,1908.793,1935.308,566.000,0.202,0.185,0.182,0.189,0.189
AU.COEN.,-13.957,143.175,131.675,1587.160,1608.131,1614.500,567.000,0.688,0.665,0.669,0.679,0.680
YP.NE71.,45.535,116.164,161.478,1755.503,1807.898,1825.577,568.000,0.239,0.254,0.266,0.268,0.267
FJ.PTNR.00,25.222,119.471,176.996,1831.954,1905.448,1931.634,569.000,0.245,0.220,0.256,0.255,0.232
MM.NAM.00,20.896,97.771,161.597,1756.119,1808.666,1826.403,570.000,0.119,0.260,0.245,0.252,0.257
AK.NIKH.,52.972,-168.855,120.488,1516.530,1529.368,1533.179,571.000,0.163,0.235,0.244,0.239,0.237
NM.NJT.00,48.184,123.386,158.221,1738.498,1786.831,1802.966,572.000,0.338,0.114,0.119,0.125,0.121
XW.SABA.,18.756,56.640,124.467,1542.114,1557.593,1562.217,573.000,-0.031,-0.001,0.006,0.005,-0.000
ZJ.XAJ.00,29.482,119.271,176.709,1830.608,1903.685,1929.698,574.000,0.380,0.441,0.425,0.433,0.442
YP.NE9C.,47.050,131.036,157.051,1732.305,1779.216,1794.814,575.000,0.087,-0.030,-0.031,-0.033,-0.034
GZ.BJT.00,27.243,105.350,169.820,1797.528,1860.911,1882.935,576.000,0.074,0.137,0.159,0.156,0.143
JL.SPT.00,43.200,124.535,162.644,1761.503,1815.389,1833.639,577.000,0.135,0.031,0.046,0.053,0.050
HL.MOH.00,53.455,122.339,153.247,1711.878,1754.299,1768.206,578.000,0.368,0.314,0.325,0.342,0.334
GS.ZHC.00,34.932,106.300,168.035,1788.726,1849.688,1870.731,579.000,0.166,0.056,0.048,0.042,0.049
GS.LTT.00,34.671,103.361,166.183,1779.477,1837.969,1858.022,580.000,0.059,0.058,0.060,0.059,0.054
SC.JJS.00,31.004,104.546,168.583,1791.440,1853.140,1874.481,581.000,0.029,-0.048,-0.061,-0.055,-0.045
CB.HHC.00,40.850,111.564,165.514,1776.108,1833.719,1853.421,582.000,0.131,0.032,0.028,0.025,0.028
JX.WAA.00,26.365,114.802,178.107,1837.143,1912.262,1939.123,583.000,0.111,0.143,0.163,0.156,0.149
NM.DSM.00,41.095,107.054,163.803,1767.434,1822.813,1841.642,584.000,0.410,0.405,0.405,0.409,0.408
ZN.SIRI.,-9.844,149.709,131.234,1584.449,1605.060,1611.311,585.000,0.443,0.480,0.493,0.513,0.496
KZ.ABKAR.,49.256,59.943,131.466,1585.873,1606.673,1612.985,586.000,0.056,0.108,0.109,0.102,0.105
ZN.KIR.,-8.507,151.085,131.351,1585.167,1605.873,1612.155,587.000,0.331,0.344,0.354,0.380,0.360
JX.YUG.00,28.826,116.625,178.188,1837.515,1912.752,1939.662,588.000,0.379,0.422,0.434,0.436,0.432
XZ.SNA.00,29.224,91.754,157.852,1736.550,1784.433,1800.397,589.000,0.012,0.101,0.050,0.065,0.088
1G.NOP04.,40.232,109.978,165.634,1776.713,1834.481,1854.246,590.000,0.191,-0.079,-0.084,-0.083,-0.085
YN.GYA.00,26.459,106.664,170.942,1803.014,1867.937,1890.592,591.000,-0.018,0.054,0.047,0.051,0.055
MM.MYI.00,25.521,97.474,162.632,1761.440,1815.310,1833.554,592.000,0.081,0.064,0.057,0.057,0.061
SD.RCH.00,37.171,122.420,168.791,1792.465,1854.447,1875.901,593.000,-0.026,-0.039,-0.028,-0.031,-0.022
BJ.MIY.00,40.467,116.833,166.553,1781.334,1840.317,1860.564,594.000,0.112,0.035,0.038,0.032,0.036
SC.LZH.00,28.872,105.414,169.785,1797.360,1860.695,1882.700,595.000,0.103,0.012,0.017,0.014,0.014
YP.NE4B.,43.338,130.548,160.242,1749.094,1799.929,1817.014,596.000,0.034,0.023,0.023,0.023,0.023
YP.NE47.,43.459,124.318,162.468,1760.601,1814.262,1832.425,597.000,0.105,0.045,0.046,0.049,0.048
HN.ZJJ.00,29.351,110.557,174.033,1817.935,1887.176,1911.604,598.000,0.242,0.473,0.478,0.476,0.481
XW.MKRZ.,19.258,57.597,125.489,1548.605,1564.809,1569.658,599.000,0.345,-0.055,-0.066,-0.057,-0.056
BU.CDT.00,41.015,117.916,165.974,1778.426,1836.642,1856.585,600.000,0.104,0.087,0.086,0.089,0.085
HN.JIS.00,28.148,109.747,173.657,1816.137,1884.848,1909.057,601.000,0.062,0.047,0.032,0.024,0.037
SD.JUN.00,35.172,118.845,171.661,1806.511,1872.426,1895.489,602.000,0.272,0.280,0.290,0.287,0.284
GE.GSI.,1.304,97.576,148.358,1684.936,1721.885,1733.775,603.000,0.362,0.259,0.290,0.309,0.284
ZJ.YIX.00,29.801,121.326,175.137,1823.193,1894.008,1919.084,604.000,0.180,0.177,0.222,0.218,0.207
YN.MIZ.00,25.132,98.420,163.407,1765.412,1820.279,1838.909,605.000,0.102,0.127,0.124,0.127,0.128
LN.DDO.00,40.146,124.390,165.442,1775.744,1833.259,1852.924,606.000,0.027,0.105,0.115,0.127,0.122
JX.DUC.00,29.256,116.193,177.703,1835.259,1909.785,1936.399,607.000,-0.030,-0.001,-0.007,-0.015,-0.016
AH.HSH.00,31.770,118.058,175.124,1823.129,1893.924,1918.992,608.000,0.073,0.203,0.210,0.218,0.226
XJ.RUQ.00,38.974,88.838,153.834,1715.060,1758.162,1772.325,609.000,-0.018,0.178,0.194,0.191,0.184
HB.NZH.00,31.392,111.616,173.716,1816.418,1885.212,1909.455,610.000,0.071,0.118,0.096,0.095,0.107
XJ.ALT.00,47.855,88.135,149.474,1691.154,1729.322,1741.654,611.000,0.074,0.025,0.029,0.034,0.026
ZJ.LIA.00,30.143,118.958,176.343,1828.888,1901.435,1927.228,612.000,0.183,0.170,0.160,0.165,0.159
QH.XIN.00,36.628,101.725,164.029,1768.583,1824.256,1843.198,613.000,0.058,0.052,0.046,0.048,0.047
HN.HOJ.00,27.115,109.995,173.949,1817.535,1886.658,1911.037,614.000,0.096,0.094,0.114,0.108,0.097
JP.JNU.,33.125,130.877,166.384,1780.483,1839.241,1859.399,615.000,0.344,0.406,0.431,0.429,0.422
SX.YJI.00,34.839,110.646,170.576,1801.229,1865.648,1888.096,616.000,-0.105,-0.148,-0.160,-0.170,-0.147
II.TLY.00,51.681,103.644,153.421,1712.823,1755.446,1769.428,617.000,0.397,0.363,0.378,0.389,0.379
CB.XLT.00,43.900,116.079,163.110,1763.894,1818.378,1836.860,618.000,0.279,0.219,0.201,0.201,0.196
SN.LINT.00,34.352,109.212,170.197,1799.378,1863.278,1885.513,619.000,-0.163,-0.167,-0.172,-0.169,-0.166
GD.XFJ.00,23.739,114.657,176.195,1828.191,1900.525,1926.229,620.000,0.300,0.271,0.300,0.296,0.298
YP.NE9E.,47.020,133.287,156.162,1727.573,1773.418,1788.614,621.000,0.371,0.356,0.358,0.367,0.365
II.ERM.00,42.015,143.157,153.778,1714.758,1757.795,1771.934,622.000,0.281,0.196,0.210,0.235,0.238
BJ.BBS.00,39.914,116.241,167.098,1784.059,1843.766,1864.304,623.000,0.356,0.398,0.391,0.377,0.383
XW.DEMT.,17.727,55.073,122.710,1530.881,1545.158,1549.411,624.000,0.085,0.167,0.024,0.102,0.167
YN.KMI.00,25.148,102.747,167.257,1784.851,1844.769,1865.392,625.000,0.115,0.126,0.154,0.140,0.135
HB.YDU.00,30.214,111.211,174.155,1818.516,1887.930,1912.429,626.000,-0.060,-0.164,-0.159,0.561,-0.165
NM.IDR.00,46.731,122.890,159.710,1746.315,1796.485,1813.317,627.000,0.162,-0.052,-0.053,-0.053,-0.053
LN.LYA.00,41.219,119.382,165.642,1776.755,1834.533,1854.302,628.000,0.150,0.155,0.157,0.165,0.160
YN.RHT.00,24.955,98.438,163.390,1765.324,1820.169,1838.790,629.000,0.019,0.133,0.143,0.139,0.133
RM.DLV.,11.952,108.481,163.033,1763.496,1817.881,1836.324,630.000,0.304,0.351,0.362,0.362,0.362
TM.SKLT.,7.176,100.616,154.909,1720.856,1765.215,1779.852,631.000,0.248,0.293,0.298,0.303,0.299
HA.NY.00,33.140,112.270,172.739,1811.724,1879.143,1902.822,632.000,0.297,0.102,0.096,0.099,0.104
SX.LIF.00,36.088,111.367,169.827,1797.564,1860.956,1882.984,633.000,-0.053,-0.050,-0.043,-0.039,-0.049
XW.SAWQ.,18.162,56.431,124.073,1539.602,1554.806,1559.344,634.000,-0.030,-0.131,-0.128,-0.129,-0.130
GE.LUWI.,-1.042,122.772,151.353,1701.538,1741.797,1754.899,635.000,0.543,0.571,0.574,0.598,0.593
JS.QSD.00,34.995,119.823,171.613,1806.279,1872.129,1895.165,636.000,-0.129,-0.046,-0.030,-0.021,-0.023
FJ.YXBM.00,26.039,118.110,178.464,1838.801,1914.445,1941.524,637.000,0.333,0.323,0.322,0.321,0.315
GE.BKNI.,0.326,101.040,149.313,1690.265,1728.256,1740.524,638.000,0.225,0.271,0.276,0.278,0.271
YP.NE8C.,46.186,126.915,159.223,1743.769,1793.335,1809.938,639.000,0.232,0.142,0.148,0.148,0.147
CQ.QIJ.00,29.564,108.796,172.517,1810.655,1877.764,1901.316,640.000,-0.151,-0.019,-0.050,-0.048,-0.033
ZN.MAYA.,-9.948,150.881,130.404,1579.336,1599.280,1605.312,641.000,0.538,0.510,0.506,0.496,0.509
SX.YAY.00,39.955,114.158,166.882,1782.979,1842.398,1862.820,642.000,0.418,0.378,0.381,0.396,0.389
FJ.LJTL.00,26.353,119.920,177.125,1832.561,1906.243,1932.507,643.000,0.240,0.315,0.294,0.299,0.310
HL.WDL.00,48.672,126.136,157.166,1732.919,1779.969,1795.620,644.000,0.220,0.214,0.210,0.189,0.205
JS.GY.00,32.745,119.448,173.829,1816.959,1885.912,1910.221,645.000,-0.182,-0.065,-0.058,-0.059,-0.058
ZN.TAWA.,-10.268,150.774,130.231,1578.266,1598.071,1604.058,646.000,-0.024,-0.008,-0.012,-0.016,-0.012
JL.YST.00,44.764,126.752,160.543,1750.659,1801.873,1819.101,647.000,0.101,0.047,0.049,0.048,0.045
ZJ.QIY.00,27.616,119.063,177.894,1836.149,1910.955,1937.686,648.000,0.388,0.440,0.451,0.454,0.448
JX.SHC.00,26.299,116.331,179.170,1842.069,1918.751,1946.266,649.000,0.366,0.347,0.385,0.358,0.354
SC.LGH.00,27.714,100.862,165.847,1777.787,1835.836,1855.712,650.000,0.150,0.084,0.096,0.093,0.088
HL.XUK.00,49.081,128.916,156.031,1726.872,1772.559,1787.697,651.000,0.204,0.286,0.295,0.297,0.296
IU.YSS.00,46.959,142.760,151.481,1702.240,1742.644,1755.800,652.000,0.371,0.192,0.201,0.198,0.193
HN.CHZ.00,25.819,113.040,176.433,1829.315,1901.993,1927.840,653.000,0.175,0.222,0.212,0.209,0.215
SX.DAX.00,39.052,113.056,167.571,1786.417,1846.756,1867.547,654.000,0.166,0.080,0.095,0.109,0.103
XZ.GZE.00,32.290,84.834,151.842,1704.217,1745.029,1758.336,655.000,0.100,0.172,0.225,0.208,0.183
CB.CAD.00,31.000,97.500,162.692,1761.750,1815.697,1833.971,656.000,0.239,0.327,0.325,0.325,0.326
NM.GNH.00,50.777,121.462,155.979,1726.592,1772.217,1787.331,657.000,0.270,0.057,0.058,0.060,0.060
HI.QZN.00,19.029,109.844,169.772,1797.297,1860.615,1882.612,658.000,0.068,0.233,0.262,0.261,0.249
TM.PANO.,17.148,104.612,165.025,1773.637,1830.605,1850.055,659.000,-0.040,-0.036,-0.037,-0.037,-0.036
QH.TTH.00,34.219,92.321,157.813,1736.344,1784.179,1800.126,660.000,0.047,-0.032,-0.045,-0.045,-0.037
HL.MDJ.00,44.616,129.589,159.629,1745.891,1795.961,1812.754,661.000,0.177,0.178,0.156,0.149,0.159
GX.WZS.00,23.481,111.234,173.855,1817.083,1886.073,1910.397,662.000,0.003,0.149,0.105,0.131,0.133
GX.HZS.00,24.426,111.567,174.628,1820.772,1890.859,1915.635,663.000,0.158,0.283,0.259,0.259,0.261
XZ.MZG.00,29.847,91.748,157.842,1736.499,1784.370,1800.330,664.000,0.101,0.153,0.155,0.152,0.153
YP.NE51.,44.240,115.956,162.767,1762.135,1816.178,1834.490,665.000,0.250,0.196,0.196,0.181,0.191
NX.YCH.00,38.609,105.933,165.274,1774.900,1832.195,1851.774,666.000,0.064,0.155,0.147,0.146,0.149
AH.ANQ.00,30.580,117.020,176.434,1829.320,1902.000,1927.847,667.000,0.164,0.065,0.049,0.042,0.048
FJ.FQDZ.00,25.703,119.285,177.405,1833.872,1907.963,1934.396,668.000,0.355,0.288,0.319,0.318,0.292
SN.ZOZT.00,34.055,108.324,169.876,1797.803,1861.262,1883.318,669.000,-0.015,-0.108,-0.116,-0.123,-0.117
GE.LHMI.,5.229,96.947,151.148,1700.411,1740.440,1753.457,670.000,0.044,0.012,0.013,0.016,0.010
LN.XYN.00,40.275,123.259,165.704,1777.067,1834.927,1854.729,671.000,-0.019,-0.058,-0.059,-0.052,-0.055
SC.JZG.00,33.257,104.236,167.493,1786.031,1846.266,1867.015,672.000,0.310,0.009,-0.024,-0.028,-0.004
YN.SBT.00,24.953,98.541,163.481,1765.790,1820.753,1839.420,673.000,0.004,0.108,0.115,0.116,0.112
TM.TMDB.,13.668,100.607,159.830,1746.942,1797.262,1814.150,674.000,-0.007,0.015,0.014,0.014,0.015
1G.WOP01.,37.667,107.337,166.708,1782.107,1841.295,1861.624,675.000,0.338,0.270,0.251,0.238,0.263
SX.SZZ.00,40.084,113.713,166.689,1782.012,1841.175,1861.495,676.000,0.377,0.379,0.378,0.374,0.374
YN.YUJ.00,23.566,101.978,166.180,1779.459,1837.947,1857.998,677.000,0.042,0.024,0.024,0.024,0.024
GE.KAAM.,0.493,72.995,130.309,1578.748,1598.616,1604.624,678.000,0.124,0.086,0.083,0.084,0.086
HN.SHY.00,27.212,111.450,175.243,1823.696,1894.662,1919.801,679.000,0.133,0.144,0.124,0.119,0.134
YP.NEA7.,47.571,125.834,158.262,1738.717,1787.101,1803.255,680.000,0.219,0.217,0.218,0.219,0.219
CB.LYN.00,34.550,112.470,171.608,1806.252,1872.094,1895.127,681.000,-0.067,-0.002,-0.013,-0.018,-0.018
6F.BL14.,-23.930,133.368,126.595,1555.585,1572.596,1577.696,682.000,0.025,0.002,0.002,0.008,0.007
SC.JLI.00,28.179,104.516,169.066,1793.821,1856.175,1877.781,683.000,0.347,0.383,0.403,0.400,0.391
YP.NEAA.,47.601,129.805,157.035,1732.223,1779.116,1794.707,684.000,0.028,-0.001,-0.001,-0.001,-0.001
SC.MGU.00,28.327,103.135,167.843,1787.770,1848.473,1869.411,685.000,0.187,0.156,0.137,0.146,0.157
IC.LSA.10,29.703,91.128,157.306,1733.660,1780.880,1796.594,686.000,0.188,0.236,0.223,0.229,0.235
KR.OHH.,40.524,72.785,141.468,1645.656,1675.465,1684.832,687.000,0.011,0.152,0.139,0.144,0.150
XZ.SUH.00,33.200,88.800,155.093,1721.848,1766.424,1781.144,688.000,-0.109,0.059,0.114,0.111,0.077
SX.TIY.00,38.427,113.003,168.160,1789.342,1850.471,1871.581,689.000,0.194,0.118,0.106,0.095,0.111
YN.SIM.00,22.776,101.014,165.087,1773.952,1831.002,1850.484,690.000,0.149,0.170,0.165,0.168,0.170
HE.XLD.00,40.395,118.020,166.587,1781.501,1840.529,1860.794,691.000,0.188,0.155,0.154,0.148,0.150
YP.NE81.,46.070,116.635,160.950,1752.770,1804.496,1821.920,692.000,0.209,0.229,0.237,0.246,0.243
XJ.QMO.00,37.310,85.470,151.723,1703.565,1744.241,1757.499,693.000,0.313,0.081,0.104,0.100,0.087
GX.XCT.00,23.948,108.610,172.005,1808.178,1874.572,1897.831,694.000,0.221,0.345,0.326,0.326,0.333
GX.LNS.00,22.420,109.281,171.776,1807.070,1873.146,1896.275,695.000,-0.019,0.136,0.140,0.144,0.142
HE.HNS.00,37.401,114.710,169.472,1795.820,1858.728,1880.558,696.000,0.054,0.086,0.089,0.092,0.093
YP.NE97.,46.898,125.959,158.851,1741.814,1790.921,1807.348,697.000,0.170,0.053,0.058,0.056,0.056
YP.NE52.,44.132,117.053,162.887,1762.751,1816.949,1835.320,698.000,0.171,0.132,0.137,0.141,0.140
ZJ.NIH.00,29.246,121.704,175.129,1823.153,1893.955,1919.026,699.000,0.241,0.237,0.261,0.261,0.254
JS.SH.00,33.544,118.156,173.370,1814.759,1883.064,1907.107,700.000,-0.255,-0.230,-0.235,-0.236,-0.226
SN.JYAT.00,34.709,108.753,169.678,1796.833,1860.021,1881.966,701.000,-0.029,-0.077,-0.093,-0.098,-0.085
HA.HX.00,35.450,113.440,171.098,1803.777,1868.915,1891.659,702.000,0.294,0.211,0.221,0.244,0.220
GD.YGC.00,22.417,111.942,173.631,1816.012,1884.686,1908.881,703.000,0.165,0.163,0.150,0.152,0.163
LN.LHT.00,41.830,123.950,164.071,1768.797,1824.523,1843.487,704.000,-0.046,-0.079,-0.072,-0.076,-0.073
YP.NE78.,45.507,123.223,160.815,1752.070,1803.626,1820.984,705.000,0.036,0.053,0.056,0.057,0.058
IU.BILL.00,68.065,166.453,129.555,1574.076,1593.348,1599.162,706.000,0.199,0.157,0.107,0.108,0.104
SN.HZHT.00,33.018,107.010,169.631,1796.602,1859.727,1881.646,707.000,0.102,0.028,0.018,0.020,0.024
JS.XIY.00,34.498,119.542,172.158,1808.918,1875.525,1898.871,708.000,0.008,0.066,0.069,0.062,0.067
QH.LED.00,36.551,102.397,164.522,1771.091,1827.404,1846.596,709.000,0.018,-0.009,-0.020,-0.026,-0.017
SC.XJI.00,30.995,102.358,166.779,1782.466,1841.749,1862.117,710.000,0.204,0.090,-0.012,-0.017,-0.028
HI.WET.00,19.958,110.870,171.096,1803.763,1868.897,1891.640,711.000,0.242,-0.015,-0.031,-0.032,-0.027
GD.DGD.00,22.060,114.303,174.549,1820.397,1890.371,1915.101,712.000,0.426,0.427,0.432,0.437,0.435
JS.DH.00,34.505,118.772,172.324,1809.723,1876.562,1900.003,713.000,-0.196,0.023,0.026,0.032,0.022
LN.JZH.00,41.075,121.140,165.495,1776.015,1833.600,1853.293,714.000,0.028,-0.011,0.001,0.010,0.006
CB.CD2.00,30.910,103.758,167.962,1788.362,1849.225,1870.228,715.000,-0.032,0.047,0.058,0.056,0.056
JS.CZ.00,31.772,120.098,174.443,1819.891,1889.714,1914.382,716.000,0.117,0.085,0.091,0.099,0.088
HE.HST.00,36.186,113.950,170.522,1800.964,1865.308,1887.726,717.000,0.123,0.187,0.178,0.168,0.177
SC.XHA.00,31.374,107.717,170.967,1803.138,1868.095,1890.765,718.000,0.135,0.010,0.009,0.003,-0.011
YP.NEP7.,48.174,118.147,158.819,1741.649,1790.717,1807.130,719.000,0.274,0.304,0.300,0.296,0.298
HE.WEC.00,41.929,117.748,165.070,1773.866,1830.894,1850.367,720.000,0.220,0.317,0.322,0.332,0.327
JS.LIS.00,31.646,119.114,174.950,1822.304,1892.850,1917.816,721.000,0.155,0.055,0.060,0.070,0.059
KZ.KNDC.,43.217,76.966,144.066,1660.653,1693.070,1703.346,722.000,-0.016,0.199,0.197,0.202,0.203
XZ.RKZ.00,29.223,88.870,155.335,1723.147,1768.009,1782.836,723.000,-0.015,0.016,0.015,0.014,0.015
LN.HUR.00,41.279,125.354,164.097,1768.931,1824.692,1843.669,724.000,0.247,0.174,0.168,0.181,0.177
GS.GTA.00,39.400,99.817,161.220,1754.169,1806.236,1823.790,725.000,0.012,0.106,0.136,0.149,0.117
SN.HUAX.00,34.401,109.720,170.444,1800.586,1864.824,1887.198,726.000,-0.151,-0.181,-0.196,-0.201,-0.195
GS.DHT.00,40.040,94.831,157.640,1735.431,1783.056,1798.924,727.000,0.427,0.420,0.424,0.422,0.421
XJ.GAZ.00,43.525,88.577,151.891,1704.488,1745.356,1758.684,728.000,0.114,0.063,0.075,0.080,0.067
SN.XIXI.00,32.910,107.716,170.184,1799.315,1863.197,1885.425,729.000,0.016,-0.034,-0.030,-0.024,-0.037
YP.NEA8.,47.701,127.193,157.775,1736.143,1783.931,1799.860,730.000,0.004,0.007,0.008,0.008,0.008
FJ.MQDQ.00,26.381,118.908,178.003,1836.656,1911.622,1938.419,731.000,0.319,0.253,0.296,0.287,0.258
AK.ATKA.,52.202,-174.197,123.678,1537.084,1552.017,1556.471,732.000,0.198,0.125,0.148,0.145,0.145
YN.JIS.00,23.650,102.760,166.888,1783.008,1842.435,1862.861,733.000,0.031,0.041,0.039,0.040,0.040
HE.CLI.00,39.758,119.096,167.119,1784.162,1843.896,1864.445,734.000,0.210,0.182,0.171,0.163,0.167
HA.ZMD.00,33.133,113.745,173.344,1814.634,1882.902,1906.930,735.000,-0.144,-0.129,-0.120,-0.110,-0.136
SX.SHZ.00,40.142,113.237,166.552,1781.328,1840.309,1860.556,736.000,0.300,0.368,0.360,0.353,0.360
HL.DNI.00,44.057,131.091,159.435,1744.880,1794.709,1811.411,737.000,0.347,0.400,0.412,0.406,0.408
LN.DL2.00,38.906,121.628,167.445,1785.791,1845.961,1866.685,738.000,0.115,-0.024,-0.021,-0.018,-0.021
YP.NE7B.,45.493,126.878,159.854,1747.069,1797.420,1814.320,739.000,0.324,-0.076,-0.056,-0.051,-0.053
AT.SMY.,52.731,174.103,130.758,1581.519,1601.747,1607.871,740.000,0.196,0.140,0.115,0.123,0.125
BJ.LLM.00,40.629,116.638,166.390,1780.516,1839.282,1859.443,741.000,0.027,-0.031,-0.024,-0.020,-0.021
SX.PIG.00,39.452,111.513,166.815,1782.645,1841.975,1862.362,742.000,0.334,0.322,0.321,0.323,0.325
JX.LON.00,24.769,114.817,177.134,1832.601,1906.297,1932.565,743.000,0.186,0.120,0.157,0.151,0.139
GZ.LDT.00,25.425,106.749,170.855,1802.589,1867.392,1889.998,744.000,0.071,0.218,0.237,0.240,0.204
SH.XKS.00,31.058,121.142,174.453,1819.940,1889.778,1914.452,745.000,0.221,0.260,0.250,0.253,0.249
YP.NE21.,42.007,116.111,165.003,1773.528,1830.468,1849.907,746.000,0.229,0.228,0.232,0.233,0.232
II.KWAJ.10,8.802,167.613,128.730,1568.951,1587.581,1593.190,747.000,0.139,0.122,0.089,0.106,0.121
SC.TQU.00,30.073,102.764,167.316,1785.148,1845.146,1865.800,748.000,0.194,0.191,0.179,0.180,0.187
YN.GEJ.00,23.354,103.160,167.141,1784.271,1844.035,1864.595,749.000,0.262,0.206,0.097,0.095,0.207
YN.QKT.00,25.217,98.335,163.347,1765.103,1819.893,1838.493,750.000,0.002,0.011,0.012,0.012,0.012
SX.CHZ.00,36.224,113.180,170.298,1799.871,1863.909,1886.201,751.000,0.052,0.076,0.072,0.067,0.072
AH.CHZ.00,32.285,118.280,174.578,1820.534,1890.549,1915.296,752.000,0.292,0.208,0.196,0.179,0.199
GS.WDT.00,33.361,104.992,168.004,1788.572,1849.492,1870.518,753.000,0.282,0.195,0.176,0.171,0.179
HN.CHL.00,26.795,113.506,177.063,1832.270,1905.862,1932.088,754.000,-0.065,0.172,0.096,0.099,0.167
TJ.SJT.00,39.243,118.002,167.735,1787.233,1847.792,1868.672,755.000,0.164,0.165,0.162,0.159,0.160
6F.BL09.,-21.114,134.025,129.055,1570.974,1589.856,1595.546,756.000,0.119,0.177,0.174,0.150,0.156
SD.YTA.00,37.520,121.387,168.807,1792.548,1854.552,1876.016,757.000,0.064,0.110,0.111,0.107,0.112
HE.CHC.00,40.914,115.837,166.084,1778.977,1837.337,1857.337,758.000,0.016,0.032,0.035,0.029,0.034
YN.MIL.00,24.406,103.388,167.653,1786.823,1847.272,1868.107,759.000,0.046,0.052,0.052,0.052,0.050
XZ.LSA.00,29.710,91.120,157.299,1733.625,1780.837,1796.548,760.000,-0.001,-0.030,-0.033,-0.033,-0.032
SN.HZHG.00,33.253,107.433,169.793,1797.399,1860.745,1882.755,761.000,0.032,-0.149,-0.137,-0.133,-0.143
HA.LYN.00,34.550,112.470,171.608,1806.252,1872.094,1895.127,762.000,-0.068,-0.003,-0.014,-0.019,-0.018
KN.AML.,42.131,73.694,141.923,1648.299,1678.556,1688.080,763.000,0.334,0.318,0.323,0.321,0.319
GS.MXT.00,34.431,104.020,166.773,1782.436,1841.711,1862.075,764.000,-0.290,0.035,0.030,0.030,0.028
KN.EKS2.,42.661,73.777,141.895,1648.135,1678.364,1687.877,765.000,0.165,0.102,0.086,0.088,0.097
SC.CD2.00,30.910,103.758,167.962,1788.362,1849.225,1870.228,766.000,-0.028,0.052,0.062,0.060,0.061
QH.DAT.00,36.944,101.697,163.838,1767.610,1823.034,1841.880,767.000,0.162,0.100,0.068,0.069,0.093
YP.NE32.,42.671,117.070,164.348,1770.203,1826.289,1845.392,768.000,0.199,0.181,0.184,0.187,0.186
XJ.KMS.00,42.268,88.173,152.161,1705.966,1747.141,1760.583,769.000,-0.099,-0.094,-0.012,0.003,-0.063
QH.LWS.00,36.918,102.121,164.133,1769.114,1824.922,1843.917,770.000,-0.004,-0.069,-0.077,-0.082,-0.075
TW.KMNB.00,24.460,118.390,177.062,1832.267,1905.858,1932.084,771.000,0.229,0.336,0.340,0.333,0.335
AU.MUN.,-31.978,116.208,120.999,1519.842,1533.004,1536.914,772.000,0.725,0.729,0.728,0.720,0.723
GS.SGT.00,37.621,102.761,164.130,1769.100,1824.903,1843.897,773.000,0.043,0.027,0.015,0.013,0.021
SC.YYC.00,27.849,102.260,167.085,1783.992,1843.681,1864.212,774.000,0.220,0.154,0.142,0.140,0.155
KC.TARG.,41.729,77.805,145.002,1665.997,1699.381,1709.997,775.000,0.084,0.071,0.078,0.078,0.076
SD.LSH.00,35.807,116.081,171.192,1804.234,1869.501,1892.299,776.000,0.355,0.369,0.370,0.361,0.366
GD.HEJ.00,21.930,110.551,172.377,1809.975,1876.887,1900.358,777.000,-0.006,-0.170,-0.142,-0.152,-0.178
ZJ.SHS.00,30.705,122.451,173.824,1816.937,1885.883,1910.189,778.000,0.151,0.236,0.249,0.247,0.251
IC.KMI.00,25.148,102.747,167.257,1784.850,1844.769,1865.392,779.000,0.107,0.121,0.146,0.133,0.128
BU.ZUH.00,40.192,117.676,166.808,1782.608,1841.928,1862.311,780.000,0.128,0.244,0.243,0.252,0.245
GD.DOG.00,22.875,113.723,175.009,1822.583,1893.214,1918.214,781.000,0.293,0.400,0.406,0.402,0.401
HE.WAT.00,36.805,114.046,169.943,1798.133,1861.684,1883.777,782.000,0.002,0.022,0.030,0.034,0.037
LN.JCA.00,40.829,119.877,165.959,1778.348,1836.544,1856.478,783.000,0.151,0.236,0.243,0.245,0.246
ZJ.XSH.00,29.894,120.105,175.907,1826.837,1898.756,1924.289,784.000,0.347,0.394,0.374,0.374,0.381
GD.LIP.00,24.361,114.465,176.615,1830.168,1903.110,1929.066,785.000,0.233,0.211,0.216,0.220,0.227
XJ.ZSU.00,42.676,80.367,146.612,1675.121,1710.199,1721.414,786.000,0.261,0.259,0.261,0.263,0.263
HN.YIY.00,28.577,112.323,175.753,1826.109,1897.806,1923.248,787.000,0.377,0.306,0.297,0.299,0.307
SD.ANQ.00,36.374,119.218,170.422,1800.476,1864.684,1887.045,788.000,-0.158,-0.123,-0.117,-0.111,-0.108
XJ.HTTZ0.00,37.164,79.060,146.712,1675.688,1710.872,1722.126,789.000,0.171,0.209,0.233,0.231,0.218
KN.UCH.,42.228,74.513,142.505,1651.671,1682.507,1692.231,790.000,0.048,0.007,0.007,0.010,0.008
II.ABKT.00,37.930,58.119,130.136,1577.680,1597.411,1603.374,791.000,0.020,0.066,-0.026,0.072,0.070
JP.YOJ.,24.467,123.011,173.843,1817.027,1886.001,1910.318,792.000,0.252,0.313,0.345,0.338,0.308
SX.ANZ.00,36.160,112.250,170.079,1798.799,1862.537,1884.706,793.000,-0.016,0.047,0.043,0.037,0.042
TM.UBPT.,15.277,105.469,164.228,1769.597,1825.527,1844.570,794.000,0.110,0.207,0.224,0.227,0.218
CQ.CHK.00,31.963,108.646,171.363,1805.064,1870.567,1893.461,795.000,0.136,0.324,0.343,0.335,0.330
HE.FEN.00,41.223,116.618,165.796,1777.531,1835.513,1855.362,796.000,0.117,0.142,0.138,0.133,0.134
HB.ZUX.00,32.324,109.711,171.882,1807.584,1873.807,1896.996,797.000,-0.035,-0.129,-0.151,-0.159,-0.150
KZ.KKAR.,43.103,70.511,139.462,1633.926,1661.798,1670.498,798.000,0.121,0.057,0.026,0.028,0.051
YP.NE34.,42.902,118.772,164.036,1768.619,1824.300,1843.246,799.000,0.149,0.069,0.071,0.069,0.070
XJ.SCH.00,43.917,85.687,149.834,1693.154,1731.719,1744.197,800.000,0.211,0.106,0.078,0.076,0.095
YP.NE38.,42.820,122.410,163.552,1766.149,1821.203,1839.906,801.000,0.195,0.017,0.016,0.012,0.014
GD.HUZ.00,23.242,114.424,175.658,1825.657,1897.217,1922.601,802.000,0.308,0.410,0.412,0.406,0.407
SH.DYS.00,30.583,122.067,174.164,1818.559,1887.987,1912.491,803.000,0.274,0.270,0.276,0.280,0.287
BU.TST.00,40.537,117.128,166.480,1780.967,1839.852,1860.061,804.000,0.154,0.126,0.140,0.149,0.145
HI.SLL.00,19.808,109.432,170.126,1799.030,1862.832,1885.027,805.000,0.328,-0.068,-0.031,-0.028,-0.054
CB.GZH.00,23.653,113.652,175.598,1825.375,1896.850,1922.199,806.000,0.033,0.006,0.015,0.014,0.015
HE.SXT.00,36.550,113.640,170.103,1798.916,1862.686,1884.868,807.000,0.138,0.166,0.172,0.175,0.176
AU.KMBL.,-31.367,121.882,121.411,1522.510,1535.936,1539.927,808.000,0.702,0.691,0.689,0.694,0.694
XW.SUYR.,19.561,57.690,125.675,1549.783,1566.121,1571.011,809.000,0.269,-0.109,-0.112,-0.111,-0.110
XJ.YUT.00,36.429,81.997,149.137,1689.284,1727.082,1739.280,810.000,0.254,0.266,0.263,0.269,0.268
YN.YUL.00,25.885,99.372,164.377,1770.351,1826.474,1845.592,811.000,0.154,0.197,0.188,0.190,0.194
QH.QSS.00,36.268,101.975,164.392,1770.428,1826.571,1845.697,812.000,0.051,0.081,0.065,0.058,0.067
SC.XSB.00,27.862,102.448,167.251,1784.822,1844.733,1865.353,813.000,0.249,0.130,0.143,0.133,0.128
JS.HUA.00,33.615,119.005,173.134,1813.627,1881.600,1905.507,814.000,-0.094,-0.093,-0.094,-0.092,-0.093
HL.YIL.00,46.476,129.285,158.181,1738.291,1786.575,1802.692,815.000,0.219,0.215,0.211,0.213,0.214
GS.LZH.00,36.083,103.844,165.747,1777.281,1835.198,1855.021,816.000,0.007,-0.033,-0.030,-0.017,-0.026
XJ.KSH.00,39.145,75.566,143.750,1658.840,1690.933,1701.096,817.000,0.226,0.132,0.095,0.096,0.115
NM.AGL.00,43.303,122.629,163.043,1763.549,1817.947,1836.395,818.000,0.136,0.110,0.113,0.113,0.116
JX.JIX.00,28.212,116.247,178.715,1839.961,1915.972,1943.205,819.000,0.407,0.460,0.446,0.439,0.443
HL.SHZ.00,44.062,128.956,160.341,1749.609,1800.569,1817.700,820.000,0.322,0.284,0.284,0.285,0.286
JS.YC.00,33.367,120.133,173.028,1813.114,1880.938,1904.783,821.000,0.182,-0.055,-0.023,-0.013,-0.020
QH.LYX.00,35.871,101.181,164.043,1768.655,1824.346,1843.295,822.000,0.206,0.207,0.190,0.189,0.199
CB.TNC.00,25.029,98.520,163.477,1765.768,1820.726,1839.391,823.000,0.031,0.085,0.100,0.099,0.091
GZ.DJT.00,28.220,108.130,172.235,1809.293,1876.008,1899.399,824.000,0.103,0.111,0.107,0.106,0.110
JS.PZ.00,34.520,117.967,172.432,1810.243,1877.233,1900.736,825.000,0.002,0.001,0.001,0.001,0.000
SN.LOXT.00,34.969,106.700,168.266,1789.868,1851.139,1872.307,826.000,0.024,-0.027,-0.030,-0.037,-0.041
JX.GAA.00,28.563,115.332,177.988,1836.589,1911.534,1938.322,827.000,0.286,0.335,0.334,0.334,0.337
GS.SNT.00,38.841,99.611,161.412,1755.162,1807.473,1825.120,828.000,-0.038,0.179,0.195,0.206,0.192
SC.REG.00,33.582,102.965,166.397,1780.550,1839.326,1859.491,829.000,0.150,0.061,0.062,0.061,0.064
CB.DL2.00,38.906,121.628,167.445,1785.792,1845.963,1866.687,830.000,0.115,-0.024,-0.021,-0.018,-0.021
LN.MQI.00,41.768,124.589,163.927,1768.064,1823.603,1842.494,831.000,0.058,-0.019,-0.021,-0.027,-0.024
XJ.BKO.00,43.820,93.069,154.557,1718.964,1762.910,1777.392,832.000,0.170,0.145,0.156,0.156,0.150
SC.YGD.00,30.201,104.103,168.424,1790.652,1852.138,1873.392,833.000,0.052,-0.097,-0.098,-0.095,-0.090
HE.LUQ.00,38.002,114.307,168.821,1792.615,1854.638,1876.109,834.000,0.195,0.338,0.342,0.336,0.343
XJ.MUL.00,43.809,90.296,152.856,1709.753,1751.723,1765.462,835.000,-0.025,0.083,0.084,0.084,0.085
AH.HBE.00,33.982,116.790,173.038,1813.165,1881.004,1904.855,836.000,0.202,0.178,0.172,0.167,0.171
KR.ANVS.,42.786,77.667,144.666,1664.083,1697.117,1707.610,837.000,0.036,0.049,0.049,0.046,0.050
HN.LOD.00,27.729,112.005,175.693,1825.823,1897.434,1922.839,838.000,0.196,0.241,0.237,0.236,0.237
HA.XX.00,35.662,114.539,171.148,1804.017,1869.223,1891.995,839.000,0.253,0.217,0.224,0.246,0.217
HL.NZN.00,47.537,122.882,158.934,1742.254,1791.464,1807.931,840.000,0.097,0.086,0.085,0.083,0.083
GS.JTA.00,37.190,104.090,165.223,1774.639,1831.867,1851.419,841.000,0.143,0.106,0.112,0.118,0.110
PS.OGS.,27.057,142.203,157.404,1734.178,1781.516,1797.274,842.000,0.301,0.225,0.178,0.191,0.225
NM.HLH.00,45.469,119.659,161.410,1755.151,1807.459,1825.105,843.000,0.258,0.258,0.261,0.258,0.258
MY.IPM.,4.479,101.025,152.899,1709.987,1752.006,1765.764,844.000,0.164,0.324,0.339,0.335,0.330
NX.GYU.00,35.964,106.170,167.289,1785.010,1844.971,1865.611,845.000,0.219,0.044,0.018,0.003,0.026
HE.KUC.00,40.592,118.474,166.357,1780.351,1839.074,1859.218,846.000,0.116,0.076,0.066,0.051,0.060
YP.NE9D.,46.778,131.921,156.923,1731.627,1778.384,1793.924,847.000,0.010,0.021,0.019,0.015,0.017
6F.BL17.,-25.549,133.111,125.129,1546.322,1562.269,1567.037,848.000,0.816,0.758,0.753,0.762,0.766
HB.WHN.00,30.543,114.354,175.881,1826.712,1898.593,1924.110,849.000,0.274,0.190,0.168,0.156,0.161
YN.TOH.00,24.113,102.788,167.047,1783.803,1843.442,1863.952,850.000,0.025,0.029,0.033,0.033,0.027
HN.CNS.00,28.182,112.930,176.388,1829.100,1901.712,1927.532,851.000,0.207,0.284,0.279,0.281,0.283
HE.JNX.00,38.027,114.151,168.771,1792.370,1854.325,1875.769,852.000,0.118,0.162,0.157,0.156,0.164
HB.LCH.00,30.372,108.882,172.299,1809.600,1876.403,1899.830,853.000,-0.225,0.178,0.186,0.187,0.180
FJ.ZHNZ.00,27.357,118.860,178.128,1837.239,1912.389,1939.263,854.000,0.433,0.437,0.464,0.459,0.444
YP.NE87.,46.350,122.508,160.148,1748.600,1799.317,1816.356,855.000,0.115,0.117,0.114,0.112,0.113
GS.HXP.00,38.391,102.110,163.252,1764.617,1819.284,1837.836,856.000,0.157,0.193,0.187,0.182,0.187
HB.HFE.00,29.904,110.021,173.389,1814.852,1883.184,1907.238,857.000,0.411,-0.143,-0.150,-0.150,-0.146
ZN.GOGO.,-10.338,149.672,130.878,1582.258,1602.582,1608.738,858.000,0.522,0.528,0.552,0.570,0.544
HL.HEH.00,50.253,127.410,155.388,1723.432,1768.356,1783.207,859.000,0.220,0.230,0.237,0.239,0.236
FJ.HAHF.00,25.012,117.521,177.888,1836.120,1910.917,1937.643,860.000,0.454,0.491,0.497,0.509,0.507
YP.NE33.,42.926,117.886,164.069,1768.785,1824.509,1843.471,861.000,0.232,0.082,0.078,0.060,0.069
YN.LAC.00,22.552,99.921,164.062,1768.750,1824.465,1843.424,862.000,0.071,0.081,0.082,0.083,0.083
NM.ZLT.00,48.029,122.652,158.498,1739.962,1788.635,1804.898,863.000,0.298,0.390,0.390,0.391,0.391
HB.YCH.00,30.784,111.315,173.908,1817.336,1886.401,1910.756,864.000,-0.086,-0.079,-0.100,-0.089,-0.082
HE.LIC.00,37.453,114.392,169.373,1795.335,1858.108,1879.884,865.000,0.062,-0.055,-0.040,-0.024,-0.026
NM.TIS.00,43.863,120.112,162.945,1763.047,1817.319,1835.719,866.000,0.165,0.151,0.157,0.162,0.157
GE.MMRI.,-8.636,122.238,143.955,1660.016,1692.318,1702.555,867.000,0.535,0.614,0.620,0.604,0.601
NM.CHF.00,42.297,118.981,164.619,1771.582,1828.021,1847.262,868.000,0.334,0.284,0.279,0.276,0.280
KZ.ZRNK.,52.951,69.004,136.321,1615.301,1640.262,1647.975,869.000,0.315,0.203,0.186,0.187,0.194
YP.NEA9.,47.672,127.988,157.566,1735.039,1782.575,1798.408,870.000,0.082,0.261,0.256,0.257,0.254
XJ.FUY.00,47.000,89.600,150.771,1698.334,1737.940,1750.801,871.000,0.185,0.292,0.304,0.306,0.295
CB.SNY.00,41.828,123.578,164.183,1769.365,1825.236,1844.256,872.000,0.044,-0.032,-0.026,-0.030,-0.027
GX.CZS.00,22.373,107.354,170.254,1799.654,1863.631,1885.898,873.000,0.017,-0.048,-0.031,-0.028,-0.039
YP.NE62.,44.803,117.063,162.216,1759.307,1812.644,1830.684,874.000,0.156,0.193,0.200,0.197,0.198
GX.YLS.00,22.635,110.173,172.567,1810.892,1878.070,1901.650,875.000,0.179,-0.005,0.005,0.006,-0.009
SN.TABT.00,34.071,107.285,169.206,1794.514,1857.059,1878.743,876.000,-0.209,-0.374,-0.332,-0.315,-0.371
GS.HJT.00,37.831,102.011,163.531,1766.045,1821.072,1839.764,877.000,-0.075,0.127,0.121,0.123,0.124
GX.BHS.00,21.653,109.213,171.259,1804.557,1869.916,1892.751,878.000,0.001,0.112,0.108,0.108,0.101
SC.MNI.00,28.333,102.174,166.998,1783.559,1843.132,1863.617,879.000,0.198,0.228,0.217,0.216,0.229
CB.TIA.00,36.210,117.124,170.806,1802.350,1867.085,1889.663,880.000,0.077,0.021,0.012,0.001,0.007
XJ.WUS.00,41.200,79.220,146.152,1672.524,1707.115,1718.158,881.000,0.156,0.234,0.244,0.243,0.239
NX.XJI.00,36.088,105.758,166.957,1783.352,1842.871,1863.333,882.000,0.174,0.203,0.171,0.154,0.183
QH.GOM.00,36.198,94.814,159.222,1743.765,1793.331,1809.933,883.000,0.118,0.103,0.119,0.117,0.110
TM.LOEI.,17.509,101.624,163.071,1763.694,1818.128,1836.591,884.000,0.153,0.107,0.091,0.090,0.098
1G.WOP03.,37.660,106.923,166.501,1781.073,1839.987,1860.207,885.000,-0.051,-0.091,-0.105,-0.122,-0.104
YP.NE8A.,46.186,125.090,159.737,1746.459,1796.664,1813.509,886.000,0.123,0.093,0.093,0.090,0.092
YP.NE3B.,42.765,127.816,161.879,1757.574,1810.480,1828.355,887.000,-0.000,-0.048,-0.047,-0.044,-0.045
IU.MIDW.00,28.215,-177.370,122.417,1528.994,1543.076,1547.268,888.000,0.127,0.136,0.151,0.154,0.144
JS.JT.00,31.734,119.543,174.711,1821.168,1891.374,1916.199,889.000,0.008,0.065,0.054,0.046,0.049
ZJ.HAY.00,30.383,120.848,175.104,1823.035,1893.802,1918.859,890.000,0.147,0.214,0.197,0.192,0.196
XJ.TCH.00,43.889,88.082,151.408,1701.841,1742.163,1755.289,891.000,-0.179,0.032,0.077,0.101,0.054
HN.TAY.00,28.877,111.460,174.940,1822.254,1892.786,1917.745,892.000,0.260,0.131,0.124,0.125,0.122
IU.DAV.00,7.070,125.579,158.374,1739.305,1787.826,1804.031,893.000,0.283,0.265,0.274,0.285,0.283
IC.ENH.00,30.276,109.495,172.820,1812.113,1879.645,1903.370,894.000,0.001,0.262,0.251,0.249,0.253
HE.QIX.00,40.201,118.318,166.758,1782.361,1841.616,1861.972,895.000,0.249,0.215,0.209,0.202,0.204
ZN.KAW2.,-8.522,150.299,131.856,1588.267,1609.385,1615.804,896.000,0.342,0.345,0.368,0.382,0.360
YP.NE6C.,44.905,127.598,160.133,1748.522,1799.221,1816.253,897.000,0.160,0.133,0.134,0.130,0.128
YN.JIH.00,22.019,100.738,164.578,1771.375,1827.761,1846.982,898.000,0.116,0.228,0.217,0.221,0.227
XW.HAS3.,17.489,55.218,122.753,1531.154,1545.460,1549.722,899.000,0.205,0.326,0.288,0.305,0.324
SN.YULG.00,38.856,110.507,167.052,1783.828,1843.473,1863.986,900.000,0.331,0.236,0.234,0.239,0.241
SC.YYU.00,27.467,101.678,166.565,1781.392,1840.390,1860.644,901.000,0.187,0.266,0.273,0.270,0.269
SD.LZH.00,37.224,121.001,169.195,1794.457,1856.986,1878.663,902.000,0.173,0.019,0.026,0.029,0.028
IC.BJT.00,40.019,116.172,166.991,1783.523,1843.088,1863.568,903.000,0.343,0.321,0.305,0.278,0.290
GS.YJZ.00,40.391,98.641,159.907,1747.348,1797.765,1814.690,904.000,-0.042,-0.008,0.010,0.018,0.005
QH.DUL.00,36.282,98.119,161.654,1756.410,1809.028,1826.793,905.000,-0.140,-0.041,-0.033,-0.027,-0.041
JL.FST.00,42.258,127.381,162.480,1760.662,1814.338,1832.507,906.000,-0.009,-0.031,-0.016,-0.013,-0.014
AV.AMKA.,51.378,179.302,127.705,1562.548,1580.392,1585.753,907.000,0.094,0.122,0.126,0.121,0.119
YP.NE8D.,46.119,127.880,158.975,1742.468,1791.727,1808.213,908.000,0.183,0.238,0.237,0.234,0.235
LN.GAX.00,40.413,122.366,165.835,1777.724,1835.757,1855.626,909.000,0.010,0.097,0.094,0.095,0.096
XJ.KMY.00,45.657,84.815,148.550,1686.008,1723.166,1735.131,910.000,0.032,-0.053,-0.022,-0.013,-0.041
HL.HEG.00,47.353,130.236,157.094,1732.537,1779.501,1795.118,911.000,0.156,0.147,0.139,0.145,0.144
YP.NE43.,43.425,118.803,163.514,1765.958,1820.963,1839.647,912.000,0.086,0.058,0.058,0.055,0.056
GX.DHX.00,23.749,107.988,171.405,1805.266,1870.827,1893.744,913.000,0.153,-0.069,-0.066,-0.064,-0.080
AU.CTA.,-20.088,146.250,124.921,1545.000,1560.799,1565.521,914.000,0.538,0.533,0.536,0.542,0.541
LW.LAP.00,19.898,102.165,164.828,1772.642,1829.354,1848.703,915.000,0.057,0.183,0.185,0.186,0.180
SX.DOS.00,37.929,112.741,168.572,1791.383,1853.069,1874.403,916.000,0.083,0.220,0.236,0.247,0.241
BJ.ZHT.00,39.962,115.680,167.025,1783.696,1843.307,1863.806,917.000,0.344,0.359,0.354,0.342,0.348
YN.GOS.00,27.745,98.671,163.909,1767.972,1823.489,1842.370,918.000,0.212,0.276,0.261,0.264,0.270
CB.NJ2.00,32.052,118.854,174.658,1820.914,1891.044,1915.837,919.000,-0.176,-0.163,-0.161,-0.162,-0.167
XW.SAHL.,18.902,57.040,124.873,1544.696,1560.461,1565.173,920.000,0.175,-0.002,0.031,0.026,0.008
NM.BAC.00,41.899,115.268,165.069,1773.861,1830.888,1850.360,921.000,0.173,0.212,0.210,0.212,0.212
SN.TOCH.00,35.392,109.125,169.375,1795.344,1858.120,1879.896,922.000,0.115,0.036,0.009,-0.013,0.016
SN.ANKG.00,32.670,109.037,171.222,1804.379,1869.687,1892.502,923.000,0.109,0.152,0.149,0.149,0.151
IC.LSA.00,29.703,91.128,157.306,1733.660,1780.880,1796.594,924.000,0.213,0.248,0.238,0.242,0.247
FJ.HAJF.00,24.979,118.959,177.178,1832.808,1906.568,1932.864,925.000,0.252,0.294,0.330,0.340,0.312
HK.HKPS.00,22.278,114.142,174.682,1821.030,1891.195,1916.003,926.000,0.483,0.523,0.529,0.521,0.520
XJ.LSG.00,45.564,84.275,148.246,1684.311,1721.139,1732.984,927.000,0.086,0.129,0.129,0.123,0.135
NX.HYU.00,36.501,105.601,166.588,1781.509,1840.538,1860.804,928.000,-0.087,-0.222,-0.238,0.263,-0.232
YP.NE69.,44.837,123.727,161.336,1754.769,1806.984,1824.594,929.000,0.085,0.167,0.168,0.170,0.168
HE.YAY.00,40.161,114.169,166.681,1781.972,1841.124,1861.439,930.000,0.160,0.158,0.171,0.176,0.172
NX.ZHW.00,37.586,105.244,165.641,1776.749,1834.526,1854.294,931.000,0.100,0.081,0.093,0.085,0.081
XJ.JHE.00,44.650,83.020,147.790,1681.756,1718.092,1729.760,932.000,-0.133,0.104,0.124,0.123,0.111
YP.NE94.,46.896,123.343,159.464,1745.032,1794.897,1811.612,933.000,-0.016,0.192,0.193,0.197,0.195
SX.ZCH.00,40.272,113.348,166.445,1780.790,1839.629,1859.819,934.000,0.265,0.343,0.325,0.313,0.326
XJ.WNQ.00,45.000,81.000,146.327,1673.512,1708.288,1719.396,935.000,-0.062,-0.128,-0.095,-0.096,-0.117
HE.CHD.00,41.016,117.918,165.973,1778.421,1836.636,1856.578,936.000,0.065,0.074,0.070,0.070,0.068
BU.WAX.00,38.864,115.063,168.068,1788.890,1849.896,1870.957,937.000,0.056,0.044,0.050,0.051,0.050
CQ.WUX.00,31.401,109.611,172.357,1809.882,1876.767,1900.227,938.000,0.226,-0.053,-0.055,-0.060,-0.057
GS.HXT.00,36.590,107.271,167.484,1785.983,1846.205,1866.949,939.000,0.147,0.157,0.140,0.143,0.155
YP.NE8G.,46.108,131.427,157.665,1735.561,1783.215,1799.094,940.000,0.360,0.374,0.377,0.378,0.379
ZN.GUMA.,-9.225,150.870,130.956,1582.737,1603.124,1609.300,941.000,0.534,0.538,0.548,0.576,0.557
ZN.SAGI.,-10.438,150.151,130.499,1579.922,1599.941,1605.998,942.000,-0.011,0.009,0.004,-0.001,0.004
1G.NOP02.,41.444,110.280,164.617,1771.571,1828.007,1847.248,943.000,0.555,0.435,0.444,0.454,0.448
SD.ZCH.00,35.376,117.014,171.642,1806.420,1872.310,1895.362,944.000,0.134,0.119,0.111,0.115,0.118
AH.DYN.00,32.644,117.469,174.345,1819.425,1889.109,1913.719,945.000,0.305,0.292,0.279,0.280,0.283
IC.KMI.10,25.148,102.747,167.257,1784.850,1844.769,1865.392,946.000,0.111,0.119,0.147,0.132,0.127
GS.YMG.00,40.521,93.661,156.626,1730.048,1776.448,1791.853,947.000,0.182,0.176,0.177,0.173,0.177
SD.LOK.00,37.552,120.508,169.012,1793.557,1855.839,1877.415,948.000,-0.033,-0.306,-0.281,-0.268,-0.279
YP.NE64.,44.784,118.763,162.166,1759.048,1812.321,1830.336,949.000,0.308,0.367,0.370,0.374,0.373
CQ.FUL.00,29.726,107.438,171.341,1804.956,1870.428,1893.309,950.000,0.264,0.140,0.173,0.157,0.153
ZN.AGAN.,-9.931,149.388,131.370,1585.284,1606.005,1612.292,951.000,0.599,0.591,0.596,0.601,0.597
JX.YOX.00,29.083,115.606,177.688,1835.188,1909.692,1936.296,952.000,-0.097,0.013,0.013,0.006,0.005
GS.JYG.00,39.811,98.210,159.971,1747.678,1798.174,1815.129,953.000,0.014,0.123,0.151,0.165,0.140
JS.RD.00,32.401,121.135,173.429,1815.041,1883.429,1907.506,954.000,-0.024,-0.013,-0.030,-0.030,-0.037
GS.SBC.00,39.491,95.922,158.639,1740.705,1789.551,1805.880,955.000,0.213,0.122,0.124,0.130,0.124
GE.SMRI.,-7.049,110.441,145.380,1668.147,1701.926,1712.680,956.000,0.278,0.284,0.282,0.263,0.268
NM.WUH.00,39.665,106.839,164.891,1772.959,1829.753,1849.133,957.000,0.235,0.196,0.202,0.210,0.204
6F.BL12.,-22.739,133.481,127.690,1562.460,1580.293,1585.650,958.000,0.605,0.596,0.588,0.599,0.608
AU.QIS.,-20.558,139.605,127.541,1561.524,1579.244,1584.566,959.000,0.630,0.560,0.557,0.560,0.558
GD.JIX.00,23.427,115.705,176.275,1828.571,1901.021,1926.774,960.000,0.165,0.238,0.232,0.231,0.234
XJ.YCH.00,37.390,77.361,145.344,1667.942,1701.682,1712.423,961.000,-0.244,0.041,0.085,0.070,0.055
GD.XNY.00,22.353,110.929,172.921,1812.602,1880.277,1904.061,962.000,0.034,-0.063,-0.039,-0.037,-0.047
JL.HST.00,42.949,127.140,161.988,1758.133,1811.178,1829.106,963.000,0.133,0.027,0.052,0.059,0.053
ZN.PEMM.,-9.621,149.794,131.350,1585.163,1605.869,1612.151,964.000,0.441,0.438,0.436,0.434,0.432
TJ.JIX.00,40.076,117.496,166.930,1783.222,1842.706,1863.154,965.000,0.332,0.357,0.343,0.332,0.335
NM.XSZ.00,40.740,108.734,164.754,1772.267,1828.882,1848.192,966.000,0.495,0.345,0.364,0.382,0.365
G.INU.00,35.350,137.029,160.837,1752.184,1803.767,1821.136,967.000,0.143,0.139,0.150,0.143,0.140
JL.CBT.00,41.420,128.174,162.831,1762.466,1816.592,1834.935,968.000,0.052,0.215,0.209,0.211,0.208
JL.LHT.00,42.286,125.717,163.084,1763.758,1818.208,1836.677,969.000,0.384,-0.197,-0.227,-0.230,-0.220
XW.HN01.,17.961,55.921,123.548,1536.249,1551.093,1555.519,970.000,0.235,0.113,0.056,0.073,0.113
KN.ULHL.,42.246,76.242,143.759,1658.889,1690.991,1701.157,971.000,-0.026,0.075,0.079,0.078,0.078
SC.YJI.00,30.034,101.012,165.826,1777.682,1835.703,1855.568,972.000,0.035,0.057,0.067,0.066,0.060
NX.LWU.00,38.101,106.331,165.862,1777.861,1835.929,1855.813,973.000,-0.002,0.083,0.094,0.095,0.092
CQ.SHZ.00,30.244,108.385,171.952,1807.921,1874.241,1897.469,974.000,0.077,0.343,0.348,0.347,0.356
BU.HBZ.00,38.248,114.308,168.580,1791.425,1853.122,1874.461,975.000,0.031,0.052,0.049,0.042,0.049
AK.SPIA.,57.177,-170.248,121.551,1523.413,1536.929,1540.947,976.000,0.115,0.152,0.155,0.155,0.153
IC.XAN.10,34.031,108.923,170.256,1799.667,1863.647,1885.916,977.000,-0.129,-0.025,-0.034,-0.033,-0.027
TM.NONG.,18.063,103.146,164.559,1771.277,1827.638,1846.849,978.000,0.153,0.252,0.253,0.254,0.259
LN.XFN.00,42.742,124.712,163.008,1763.368,1817.721,1836.152,979.000,0.067,-0.045,-0.045,-0.046,-0.048
YP.NE73.,45.444,118.028,161.549,1755.871,1808.357,1826.071,980.000,0.126,0.082,0.087,0.086,0.087
BU.LBG.00,40.899,116.596,166.120,1779.158,1837.567,1857.586,981.000,0.064,0.083,0.107,0.114,0.118
KZ.BRVK.,53.058,70.283,137.020,1619.472,1645.070,1652.997,982.000,0.111,0.219,0.223,0.226,0.221
JL.PST.00,42.950,126.078,162.373,1760.113,1813.652,1831.768,983.000,0.220,-0.024,-0.007,0.004,0.004
JS.SQ.00,34.050,118.307,172.850,1812.259,1879.833,1903.576,984.000,0.352,0.098,0.098,0.103,0.103
JS.WX.00,31.525,120.223,174.591,1820.597,1890.632,1915.387,985.000,0.106,0.027,0.029,0.043,0.028
SX.BOD.00,38.955,111.001,167.123,1784.183,1843.923,1864.474,986.000,0.379,0.295,0.299,0.308,0.301
YP.NE23.,42.378,118.150,164.602,1771.493,1827.909,1847.142,987.000,0.259,0.212,0.210,0.204,0.207
YP.NEP3.,44.583,124.978,161.248,1754.311,1806.414,1823.981,988.000,-0.020,0.202,0.201,0.203,0.201
YP.NE48.,43.593,127.615,161.258,1754.365,1806.480,1824.053,989.000,0.056,0.168,0.177,0.174,0.171
SN.FUPI.00,34.974,109.145,169.702,1796.952,1860.173,1882.132,990.000,-0.040,-0.057,-0.062,-0.055,-0.056
FJ.NDZW.00,26.678,119.562,177.503,1834.329,1908.563,1935.056,991.000,0.426,0.331,0.343,0.333,0.327
QH.MIH.00,36.369,102.784,164.882,1772.917,1829.700,1849.076,992.000,0.285,0.309,0.317,0.316,0.313
FJ.PHSG.00,24.399,117.342,177.332,1833.528,1907.512,1933.901,993.000,0.266,0.320,0.315,0.317,0.314
XJ.WUQ.00,39.740,75.238,143.425,1656.972,1688.734,1698.781,994.000,0.025,0.166,0.163,0.164,0.165
JS.XW.00,34.498,119.542,172.158,1808.918,1875.525,1898.871,995.000,-0.085,-0.083,-0.087,-0.089,-0.088
YP.NEAC.,47.674,132.599,155.928,1726.323,1771.888,1786.980,996.000,0.338,0.358,0.358,0.359,0.359
YN.MEL.00,22.337,99.580,163.692,1766.866,1822.101,1840.874,997.000,-0.170,0.064,0.026,0.031,0.051
JS.LAS.00,33.772,119.283,172.915,1812.571,1880.236,1904.016,998.000,0.009,0.003,0.003,0.002,0.003
NM.XIH.00,42.252,119.889,164.559,1771.276,1827.636,1846.847,999.000,0.128,0.134,0.137,0.141,0.141
HI.NAD.00,19.534,109.619,170.033,1798.576,1862.251,1884.394,1000.000,0.001,0.157,0.196,0.182,0.162
IC.HIA.00,49.270,119.741,157.634,1735.396,1783.013,1798.877,1001.000,0.408,0.283,0.292,0.301,0.296
AU.AS31.,-23.666,133.904,126.687,1556.164,1573.242,1578.364,1002.000,0.665,0.652,0.657,0.665,0.666
YP.NE76.,45.535,120.576,161.241,1754.279,1806.373,1823.937,1003.000,0.168,0.104,0.109,0.114,0.108
HE.TLK.00,40.139,119.045,166.749,1782.312,1841.554,1861.905,1004.000,0.158,0.110,0.116,0.114,0.112
LN.BZH.00,41.599,121.764,164.860,1772.805,1829.559,1848.924,1005.000,0.022,0.215,0.224,0.223,0.228
TM.MHIT.,19.315,97.963,161.084,1753.462,1805.357,1822.845,1006.000,0.237,0.291,0.293,0.291,0.291
YN.QIJ.00,26.910,102.943,167.664,1786.882,1847.346,1868.188,1007.000,0.048,0.145,0.125,0.128,0.138
GD.YND.00,24.126,113.363,175.766,1826.168,1897.884,1923.332,1008.000,0.106,-0.035,-0.009,-0.009,-0.007
LN.SUZ.00,40.377,120.244,166.341,1780.270,1838.971,1859.106,1009.000,0.131,0.119,0.118,0.113,0.116
NM.MZL.00,49.555,117.440,157.460,1734.477,1781.883,1797.668,1010.000,0.364,0.331,0.314,0.307,0.314
1G.NOP05.,39.871,109.883,165.928,1778.195,1836.351,1856.269,1011.000,0.164,0.148,0.146,0.145,0.146
XJ.YJS.00,38.521,76.486,144.535,1663.336,1696.235,1706.680,1012.000,-0.016,0.120,0.125,0.119,0.121
SD.RSH.00,36.920,121.599,169.296,1794.958,1857.626,1879.360,1013.000,-0.030,-0.077,-0.056,-0.044,-0.058
SC.CXI.00,31.707,105.950,169.462,1795.772,1858.665,1880.490,1014.000,0.032,-0.046,0.016,0.020,-0.017
HA.LZH.00,36.061,113.835,170.616,1801.424,1865.898,1888.369,1015.000,0.092,0.209,0.203,0.180,0.188
LN.HSH.00,39.537,121.274,166.938,1783.262,1842.756,1863.209,1016.000,0.058,-0.006,0.001,-0.001,-0.003
NM.QSH.00,39.900,111.673,166.438,1780.756,1839.586,1859.773,1017.000,0.222,0.261,0.266,0.270,0.272
TM.CRAI.,20.229,100.373,163.517,1765.975,1820.985,1839.670,1018.000,0.076,0.082,0.068,0.067,0.077
ZJ.WEZ.00,27.927,120.668,176.442,1829.357,1902.049,1927.901,1019.000,0.348,0.361,0.334,0.340,0.351
JL.FMT.00,43.728,126.664,161.486,1755.545,1807.951,1825.634,1020.000,0.138,-0.036,-0.029,-0.029,-0.033
XW.GBRA.,19.092,56.553,124.506,1542.366,1557.872,1562.504,1021.000,0.117,-0.008,0.032,0.034,0.015
KN.USP.,43.267,74.500,142.302,1650.493,1681.126,1690.780,1022.000,0.221,0.235,0.232,0.232,0.234
IU.CTAO.00,-20.088,146.255,124.918,1544.983,1560.779,1565.501,1023.000,0.494,0.489,0.492,0.508,0.496
NM.BLM.00,41.710,110.428,164.411,1770.528,1826.697,1845.833,1024.000,0.466,0.353,0.367,0.382,0.371
SX.LIC.00,35.691,113.291,170.831,1802.473,1867.243,1889.836,1025.000,0.352,0.332,0.340,0.344,0.339
SD.LAY.00,36.988,120.721,169.493,1795.923,1858.858,1880.700,1026.000,0.087,-0.032,-0.033,-0.032,-0.036
YP.NE77.,45.425,121.495,161.216,1754.151,1806.214,1823.766,1027.000,0.079,0.197,0.203,0.215,0.209
SX.XAX.00,35.120,111.237,170.611,1801.400,1865.868,1888.336,1028.000,0.004,0.027,0.006,-0.003,0.016
HE.CXT.00,36.434,114.051,170.303,1799.897,1863.942,1886.237,1029.000,0.096,0.121,0.116,0.106,0.112
GD.SCD.00,21.711,112.796,173.565,1815.697,1884.277,1908.433,1030.000,0.193,0.293,0.312,0.316,0.294
GX.GGS.00,23.055,109.618,172.390,1810.042,1876.973,1900.453,1031.000,0.145,-0.005,-0.011,-0.012,-0.010
YP.NE61.,44.855,115.966,162.153,1758.982,1812.238,1830.247,1032.000,0.154,0.179,0.187,0.192,0.188
ZJ.XIC.00,29.482,120.862,175.650,1825.621,1897.170,1922.550,1033.000,0.298,0.306,0.340,0.337,0.337
YP.NEP4.,45.263,123.583,160.968,1752.863,1804.612,1822.045,1034.000,0.067,0.033,0.029,-0.066,0.028
NM.WLH.00,41.519,111.706,164.912,1773.067,1829.888,1849.280,1035.000,0.478,0.322,0.334,0.357,0.347
SN.QLIT.00,34.570,108.217,169.463,1795.775,1858.669,1880.495,1036.000,0.139,0.067,0.033,0.023,0.047
SC.PGE.00,27.384,102.542,167.330,1785.216,1845.232,1865.894,1037.000,0.191,0.133,0.149,0.148,0.141
GX.YTT.00,24.029,107.518,171.117,1803.868,1869.032,1891.786,1038.000,-0.073,0.015,0.006,0.012,-0.007
YP.NE66.,45.004,120.704,161.745,1756.882,1809.617,1827.426,1039.000,0.071,0.050,0.061,0.070,0.063
SD.JUX.00,35.543,118.895,171.289,1804.706,1870.108,1892.960,1040.000,0.374,0.255,0.247,0.243,0.248
MY.KKM.,6.044,116.215,159.017,1742.689,1792.001,1808.506,1041.000,0.554,0.570,0.576,0.591,0.593
IU.PET.00,53.023,158.650,139.642,1634.982,1663.025,1671.784,1042.000,0.180,0.259,0.237,0.238,0.242
YP.NE67.,44.880,121.739,161.706,1756.679,1809.364,1827.154,1043.000,0.069,-0.073,-0.076,-0.078,-0.075
JS.HA.00,32.499,120.659,173.575,1815.742,1884.337,1908.498,1044.000,0.017,0.029,0.004,-0.007,-0.004
PS.BAG.,16.411,120.580,168.824,1792.631,1854.657,1876.130,1045.000,0.177,0.093,0.102,0.115,0.117
XJ.STZ.00,43.713,86.653,150.554,1697.136,1736.499,1749.271,1046.000,0.064,0.102,0.107,0.114,0.106
JS.NT.00,31.952,120.891,173.913,1817.363,1886.436,1910.794,1047.000,0.193,0.200,0.221,0.233,0.227
NX.YCI.00,37.778,107.437,166.671,1781.924,1841.063,1861.373,1048.000,0.153,0.209,0.194,0.181,0.205
GD.NAO.00,23.429,117.007,176.403,1829.174,1901.809,1927.639,1049.000,0.032,0.094,0.104,0.116,0.112
QH.MAD.00,34.920,98.208,162.257,1759.514,1812.903,1830.963,1050.000,0.117,0.213,0.235,0.235,0.225
GD.SHD.00,21.441,111.003,172.323,1809.717,1876.554,1899.995,1051.000,-0.112,-0.027,-0.031,-0.031,-0.035
GS.WXT.00,32.952,104.681,167.963,1788.367,1849.232,1870.235,1052.000,0.391,0.313,0.286,0.282,0.297
ZN.KAPU.,-9.286,150.780,130.968,1582.813,1603.209,1609.389,1053.000,0.554,0.564,0.575,0.582,0.575
HB.MCH.00,31.132,115.155,175.647,1825.609,1897.155,1922.533,1054.000,-0.081,0.009,-0.009,-0.026,-0.023
JX.JGS.00,26.562,114.161,177.609,1834.821,1909.209,1935.766,1055.000,-0.116,0.125,0.107,0.110,0.118
GS.NXT.00,35.561,107.922,168.593,1791.487,1853.200,1874.546,1056.000,0.001,-0.026,-0.032,-0.021,-0.024
XW.GASH.,18.432,56.108,123.881,1538.381,1553.453,1557.950,1057.000,0.039,0.092,0.086,0.089,0.092
XJ.WCW.00,44.901,89.032,151.532,1702.518,1742.979,1756.156,1058.000,0.011,0.039,0.054,0.059,0.042
ZJ.CHX.00,31.087,119.658,175.223,1823.601,1894.539,1919.666,1059.000,0.228,0.234,0.218,0.207,0.203
HI.WZS.00,18.797,109.528,169.406,1795.496,1858.313,1880.107,1060.000,0.229,0.400,0.405,0.398,0.403
FJ.PCNP.00,27.905,118.518,178.229,1837.710,1913.008,1939.944,1061.000,0.225,0.195,0.223,0.222,0.213
JL.JCT.00,42.352,126.393,162.782,1762.213,1816.276,1834.595,1062.000,0.200,-0.111,-0.117,-0.115,-0.112
SN.LIYO.00,34.677,107.806,169.142,1794.198,1856.657,1878.305,1063.000,-0.164,-0.373,-0.346,-0.335,-0.357
YP.NE31.,42.696,116.082,164.313,1770.029,1826.070,1845.156,1064.000,0.197,0.180,0.183,0.182,0.184
GZ.KLT.00,26.544,107.986,172.128,1808.772,1875.337,1898.665,1065.000,-0.013,-0.012,-0.014,-0.014,-0.013
YP.NE6E.,44.853,130.543,159.042,1742.821,1792.163,1808.681,1066.000,0.285,0.288,0.256,0.250,0.259
JL.JYT.00,42.372,126.810,162.607,1761.315,1815.154,1833.386,1067.000,-0.002,0.040,0.039,0.038,0.039
GS.QTS.00,39.700,97.741,159.731,1746.428,1796.625,1813.467,1068.000,-0.009,0.014,0.047,0.060,0.030
SN.HUYT.00,34.520,110.167,170.591,1801.302,1865.742,1888.198,1069.000,-0.118,-0.172,-0.183,-0.190,-0.175
GD.SLG.00,23.091,113.347,174.984,1822.466,1893.061,1918.047,1070.000,0.113,0.160,0.176,0.177,0.165
SX.YMG.00,39.229,112.807,167.347,1785.303,1845.343,1866.014,1071.000,0.106,0.125,0.131,0.138,0.137
XJ.HEF.00,46.770,85.768,148.639,1686.506,1723.760,1735.760,1072.000,-0.078,-0.094,-0.063,-0.049,-0.086
XJ.CBC.00,43.521,81.439,147.110,1677.931,1713.538,1724.944,1073.000,-0.034,0.097,0.127,0.127,0.106
HI.DAN.00,19.670,110.324,170.556,1801.132,1865.524,1887.961,1074.000,0.108,0.228,0.215,0.204,0.206
KR.BOOM.,42.492,75.942,143.492,1657.359,1689.190,1699.261,1075.000,0.124,0.001,0.010,0.011,0.005
CB.NAQ.00,32.250,92.250,158.092,1737.818,1785.993,1802.068,1076.000,0.248,0.360,0.374,0.371,0.366
FJ.YDXS.00,24.697,116.630,177.672,1835.117,1909.599,1936.194,1077.000,0.244,0.249,0.254,0.260,0.258
NX.TXN.00,37.303,106.283,166.423,1780.681,1839.491,1859.669,1078.000,0.228,-0.162,-0.181,-0.190,-0.173
SD.QID.00,36.057,120.395,170.457,1800.649,1864.905,1887.287,1079.000,0.009,0.226,0.220,0.218,0.225
BU.MDY.00,40.394,116.560,166.624,1781.690,1840.766,1861.052,1080.000,0.180,0.119,0.110,0.099,0.105
AU.MANU.,-2.043,147.366,138.616,1628.937,1656.010,1664.438,1081.000,0.337,0.393,0.403,0.409,0.394
BU.BJT.00,40.018,116.168,166.991,1783.527,1843.092,1863.572,1082.000,0.338,0.315,0.299,0.272,0.284
ZJ.NIB.00,29.984,121.520,174.896,1822.046,1892.515,1917.448,1083.000,0.338,0.387,0.357,0.357,0.365
JX.JDZ.00,29.275,117.261,177.707,1835.277,1909.809,1936.425,1084.000,0.254,0.106,0.099,0.098,0.106
XJ.TAG.00,37.778,75.169,143.579,1657.856,1689.775,1699.876,1085.000,0.226,0.032,0.011,0.018,0.028
1G.WOP02.,37.663,107.141,166.611,1781.623,1840.683,1860.961,1086.000,0.140,0.085,0.072,0.057,0.080
HI.QXL.00,20.087,110.599,171.044,1803.512,1868.575,1891.288,1087.000,0.173,-0.032,-0.047,-0.046,-0.041
HL.JGD.00,50.374,124.104,155.987,1726.638,1772.273,1787.391,1088.000,0.302,0.349,0.351,0.299,0.295
QH.QIL.00,38.150,100.182,162.169,1759.067,1812.344,1830.361,1089.000,0.214,0.220,0.250,0.251,0.236
HN.YOZ.00,26.222,111.617,175.307,1823.999,1895.057,1920.234,1090.000,0.103,-0.025,-0.015,-0.022,-0.026
AU.QLP.,-26.584,144.235,120.245,1514.952,1527.638,1531.403,1091.000,0.366,0.331,0.328,0.333,0.336
AH.HUS.00,29.706,118.378,176.972,1831.846,1905.306,1931.477,1092.000,0.055,0.185,0.198,0.204,0.188
YN.HEQ.00,26.549,100.151,165.150,1774.269,1831.402,1850.915,1093.000,0.194,0.098,0.099,0.101,0.096
AH.MAS.00,31.693,118.569,175.077,1822.907,1893.635,1918.675,1094.000,-0.143,-0.074,0.280,0.288,0.285
SC.YTI.00,31.212,105.361,169.179,1794.378,1856.886,1878.555,1095.000,-0.055,-0.319,-0.292,-0.295,-0.302
JS.QD.00,31.836,121.685,173.569,1815.715,1884.302,1908.460,1096.000,0.046,0.096,0.109,0.101,0.100
XJ.XNY.00,43.564,83.303,148.370,1685.004,1721.967,1733.861,1097.000,-0.166,0.081,0.092,0.088,0.082
LN.QYU.00,42.079,124.929,163.536,1766.072,1821.107,1839.802,1098.000,0.204,0.237,0.238,0.233,0.238
BU.DOH.00,39.752,118.328,167.204,1784.587,1844.435,1865.030,1099.000,0.010,0.273,0.279,0.302,0.290
YP.NE11.,42.860,124.053,163.095,1763.816,1818.282,1836.756,1100.000,0.102,-0.108,-0.106,-0.107,-0.107
YP.NE7C.,45.529,127.819,159.513,1745.286,1795.211,1811.950,1101.000,0.009,0.012,0.013,-0.025,0.013
FJ.FZCM.00,26.009,119.367,177.482,1834.230,1908.433,1934.913,1102.000,0.347,0.174,0.187,0.185,0.172
GE.TNTI.,0.772,127.367,151.855,1704.287,1745.114,1758.426,1103.000,0.295,0.223,0.233,0.252,0.257
YN.CAY.00,23.136,99.258,163.669,1766.748,1821.954,1840.715,1104.000,0.009,0.014,0.011,0.012,0.013
FJ.NPDK.00,26.615,118.188,178.688,1839.839,1915.811,1943.029,1105.000,0.417,0.377,0.415,0.402,0.375
GD.DNB.00,21.650,111.213,172.609,1811.097,1878.334,1901.939,1106.000,0.085,0.168,0.166,0.167,0.167
YP.NE83.,46.213,118.801,160.741,1751.685,1803.147,1820.470,1107.000,0.173,0.288,0.295,0.299,0.298
SC.HSH.00,32.064,102.987,166.989,1783.512,1843.074,1863.553,1108.000,-0.192,-0.161,-0.178,-0.180,-0.173
YN.MAS.00,24.424,98.592,163.417,1765.461,1820.341,1838.976,1109.000,-0.031,0.138,0.140,0.144,0.142
SX.TAG.00,37.367,112.578,169.060,1793.792,1856.139,1877.741,1110.000,0.086,0.082,0.097,0.112,0.106
KZ.KURK.,50.715,78.620,142.664,1652.586,1683.581,1693.360,1111.000,0.357,0.179,0.144,0.129,0.164
HL.JIY.00,49.041,129.866,155.770,1725.476,1770.852,1785.873,1112.000,0.264,0.238,0.267,0.272,0.267
QH.TOR.00,35.519,102.010,164.802,1772.509,1829.187,1848.522,1113.000,0.305,0.256,0.244,0.237,0.249
XZ.CHY.00,28.662,97.465,162.852,1762.572,1816.725,1835.078,1114.000,0.167,0.180,0.194,0.194,0.186
LN.GUS.00,39.900,123.583,165.940,1778.254,1836.425,1856.350,1115.000,0.022,0.186,0.194,0.199,0.197
FJ.SWDT.00,27.331,117.482,179.310,1842.716,1919.604,1947.206,1116.000,0.250,0.314,0.368,0.362,0.334
BJ.NKY.00,39.692,115.973,167.310,1785.117,1845.107,1865.759,1117.000,0.365,0.416,0.414,0.428,0.423
HE.KAB.00,41.854,114.589,165.057,1773.801,1830.813,1850.279,1118.000,0.565,0.572,0.556,0.547,0.555
HL.SYS.00,46.659,131.093,157.350,1733.896,1781.170,1796.904,1119.000,0.354,0.300,0.276,0.266,0.281
1G.NOP01.,41.972,110.499,164.187,1769.385,1825.262,1844.284,1120.000,0.282,0.251,0.252,0.250,0.254
CB.GTA.00,39.400,99.817,161.220,1754.169,1806.236,1823.790,1121.000,0.012,0.105,0.134,0.147,0.116
QH.LJX.00,35.993,101.839,164.443,1770.686,1826.896,1846.047,1122.000,0.138,0.143,0.131,0.125,0.136
HN.MIL.00,28.804,113.077,176.265,1828.525,1900.960,1926.707,1123.000,0.398,0.340,0.335,0.333,0.333
HE.GAN.00,38.368,114.024,168.417,1790.618,1852.094,1873.345,1124.000,0.185,0.235,0.227,0.213,0.225
GZ.ZYT.00,27.766,106.851,171.146,1804.010,1869.214,1891.985,1125.000,0.164,0.015,-0.001,0.005,0.014
XZ.LKZ.00,28.968,90.394,156.659,1730.223,1776.663,1792.083,1126.000,0.159,0.177,0.197,0.190,0.181
ZN.BASI.,-9.466,150.833,130.799,1581.773,1602.034,1608.169,1127.000,0.631,0.627,0.638,0.650,0.637
AH.JZA.00,31.689,115.884,175.265,1823.798,1894.794,1919.946,1128.000,0.019,-0.015,-0.012,-0.011,-0.020
SD.LIS.00,34.951,118.685,171.905,1807.694,1873.948,1897.150,1129.000,0.140,0.205,0.200,0.200,0.203
HL.QTH.00,45.742,131.079,158.102,1737.875,1786.063,1802.143,1130.000,0.315,0.298,0.316,0.316,0.317
XZ.CAD.00,31.140,97.172,162.393,1760.217,1813.781,1831.908,1131.000,0.088,0.256,0.282,0.278,0.264
JP.CBIJ.,27.096,142.184,157.424,1734.285,1781.648,1797.416,1132.000,0.306,0.237,0.185,0.202,0.234
JS.XZ.00,34.231,117.166,172.781,1811.928,1879.406,1903.110,1133.000,0.330,0.342,0.335,0.318,0.327
II.DGAR.10,-7.412,72.452,124.976,1545.352,1561.189,1565.924,1134.000,0.147,0.115,0.106,0.106,0.118
YN.JIG.00,23.502,100.735,165.072,1773.878,1830.910,1850.384,1135.000,0.102,0.103,0.102,0.104,0.100
SC.PZH.00,26.503,101.743,166.562,1781.379,1840.374,1860.626,1136.000,-0.045,0.141,-0.141,0.149,0.144
XW.OMRN.,18.445,55.303,123.171,1533.839,1548.427,1552.775,1137.000,0.139,-0.041,0.018,-0.001,-0.034
SC.YZP.00,30.869,103.569,167.817,1787.639,1848.307,1869.231,1138.000,0.073,-0.020,-0.013,-0.014,-0.014
QH.LJS.00,36.355,101.450,163.986,1768.365,1823.982,1842.903,1139.000,0.175,0.047,0.033,0.031,0.041
JX.NNC.00,28.770,115.800,178.043,1836.845,1911.871,1938.692,1140.000,-0.112,-0.060,-0.068,-0.076,-0.076
QH.HUL.00,36.074,102.248,164.682,1771.901,1828.422,1847.696,1141.000,0.258,0.148,0.125,0.121,0.137
XJ.QHE.00,46.491,90.730,151.698,1703.427,1744.075,1757.322,1142.000,-0.014,0.154,0.174,0.178,0.161
ZN.SINA.,-8.678,151.090,131.220,1584.366,1604.966,1611.213,1143.000,0.391,0.390,0.429,0.449,0.412
SX.XAY.00,36.668,112.946,169.817,1797.517,1860.896,1882.919,1144.000,-0.138,-0.124,-0.126,-0.131,-0.126
HI.XSA.00,16.360,112.480,168.616,1791.600,1853.344,1874.703,1145.000,0.307,0.299,0.296,0.291,0.294
FJ.FDQY.00,27.118,120.259,176.910,1831.551,1904.920,1931.054,1146.000,0.512,0.520,0.509,0.512,0.517
YP.NE8I.,45.994,133.656,156.787,1730.902,1777.495,1792.973,1147.000,0.002,0.025,0.025,0.022,0.024
IC.WMQ.10,43.814,87.704,151.197,1700.682,1740.766,1753.804,1148.000,-0.226,0.138,0.181,0.181,0.158
ZJ.HAZ.00,30.267,120.114,175.636,1825.555,1897.084,1922.455,1149.000,0.246,0.285,0.285,0.286,0.285
AU.MTN.,-12.844,131.133,137.774,1623.952,1650.243,1658.405,1150.000,0.661,0.606,0.604,0.610,0.603
YP.NE49.,43.393,128.753,160.977,1752.910,1804.671,1822.107,1151.000,0.097,0.142,0.141,0.138,0.139
SC.HYU.00,32.813,102.524,166.362,1780.375,1839.105,1859.251,1152.000,0.180,0.132,0.130,0.132,0.138
CB.LZH.00,36.087,103.844,165.744,1777.270,1835.184,1855.006,1153.000,0.008,-0.029,-0.025,-0.012,-0.021
LN.SHS.00,40.722,120.966,165.871,1777.908,1835.988,1855.877,1154.000,0.090,0.052,0.049,0.044,0.045
IU.KBL.,34.541,69.043,138.678,1629.302,1656.433,1664.881,1155.000,0.027,0.150,0.150,0.149,0.148
GX.GUL.00,25.291,110.366,173.981,1817.687,1886.856,1911.253,1156.000,0.046,0.137,0.141,0.154,0.133
HN.JGS.00,29.390,111.890,175.075,1822.897,1893.622,1918.661,1157.000,0.351,0.363,0.357,0.356,0.358
CQ.WAS.00,28.875,106.917,171.086,1803.716,1868.837,1891.574,1158.000,0.378,0.387,0.371,0.368,0.388
1G.NOP03.,40.961,110.149,165.024,1773.631,1830.599,1850.048,1159.000,0.308,0.074,0.088,0.110,0.090
HI.CHM.00,19.597,110.003,170.312,1799.939,1863.996,1886.295,1160.000,0.251,0.233,0.242,0.225,0.222
BU.ZJT.00,40.831,114.902,166.102,1779.068,1837.453,1857.463,1161.000,0.137,0.129,0.132,0.144,0.138
BU.LQS.00,40.102,116.082,166.905,1783.095,1842.545,1862.980,1162.000,0.184,0.216,0.213,0.203,0.210
IC.MDJ.00,44.618,129.593,159.625,1745.875,1795.941,1812.733,1163.000,0.157,0.170,0.145,0.121,0.133
JS.NJ2.00,32.052,118.854,174.658,1820.914,1891.044,1915.837,1164.000,-0.177,-0.163,-0.161,-0.162,-0.167
JL.MJT.00,41.948,127.594,162.651,1761.541,1815.435,1833.689,1165.000,0.397,0.104,0.087,0.088,0.090
AU.WB2.,-19.943,134.351,130.049,1577.140,1596.802,1602.742,1166.000,0.657,0.647,0.645,0.661,0.656
HI.BSL.00,19.363,110.262,170.277,1799.765,1863.774,1886.054,1167.000,0.080,0.191,0.185,0.171,0.181
SD.LAS.00,35.130,119.319,171.607,1806.248,1872.088,1895.121,1168.000,0.141,0.200,0.204,0.232,0.226
GS.ZHY.00,39.091,100.531,161.848,1757.413,1810.279,1828.139,1169.000,-0.138,0.020,0.075,0.081,0.048
ZJ.YUY.00,29.953,121.094,175.214,1823.556,1894.480,1919.601,1170.000,0.123,0.144,0.165,0.153,0.160
