evtid,evla,evlo,evdp,station,stla,stlo,gcarc,s2ks,s3ks,s4ks,tridx,snr,ccf1,ccf2,ccf3,ccf4,ccf5,t32_cc,t32_pp,ccf_cc,ccf_pp,t32_fw1,ccf_fw1,ccf_sg1,t32_fw2,ccf_fw2,ccf_sg2,t32_fw3,ccf_fw3,ccf_sg3,t32_fw4,ccf_fw4,ccf_sg4,t32_fw5,ccf_fw5,ccf_sg5,auto_selected,group,az
20211009_1058,-21.31,174.38,532.3,CR.MORI.,43.866,15.707,151.343,1710.999,1751.044,1764.056,0.0,1.708,0.242,0.295,0.32,0.331,0.315,2.6,2.8,0.789,0.904,2.8,0.576,0.576,1.8,0.617,0.576,1.4,0.665,0.576,1.2,0.706,0.576,1.3,0.671,0.576,0,-1.0,-32.946
20211009_1058,-21.31,174.38,532.3,NO.ARD8.00,69.538,25.469,128.271,1575.475,1593.599,1599.044,1.0,0.941,0.346,0.324,0.33,0.324,0.328,0.8,1.3,0.671,0.628,0.7,0.865,0.865,0.5,0.867,0.865,0.2,0.877,0.865,0.3,0.882,0.865,0.3,0.877,0.865,0,-1.0,-13.298
20211009_1058,-21.31,174.38,532.3,NO.NC303.00,61.225,11.369,138.368,1636.915,1663.579,1671.861,2.0,2.678,0.354,0.341,0.344,0.345,0.345,0.6,1.1,0.815,0.761,0.1,0.73,0.73,-0.4,0.762,0.73,-0.6,0.783,0.73,-0.7,0.795,0.73,-0.6,0.784,0.73,0,-1.0,-12.197
20211009_1058,-21.31,174.38,532.3,IV.MA9.,41.77,12.659,154.403,1727.663,1771.221,1785.544,3.0,3.02,0.377,0.359,0.357,0.359,0.37,2.4,2.7,0.896,0.903,2.2,0.904,0.904,1.9,0.889,0.904,1.8,0.88,0.904,1.7,0.873,0.904,1.7,0.877,0.904,0,-1.0,-32.526
20211009_1058,-21.31,174.38,532.3,GB.BIGH.,58.493,-3.91,142.796,1662.822,1693.761,1703.513,4.0,1.033,0.173,0.15,0.153,0.155,0.149,3.8,-1.8,0.817,0.778,-2.2,0.646,0.646,-2.2,0.698,0.646,-2.3,0.708,0.646,-2.5,0.69,0.646,-2.4,0.696,0.646,0,-1.0,-1.472
20211009_1058,-21.31,174.38,532.3,OE.KBA.,47.078,13.345,150.011,1703.644,1742.203,1754.669,5.0,1.316,0.303,0.31,0.331,0.351,0.336,2.6,-1.6,0.641,-0.579,1.0,0.879,0.879,1.2,0.858,0.879,1.0,0.866,0.879,0.8,0.869,0.879,0.9,0.869,0.879,0,-1.0,-26.123
20211009_1058,-21.31,174.38,532.3,CZ.CKRC.,48.82,14.309,148.233,1693.736,1730.352,1742.111,6.0,2.599,0.265,0.271,0.283,0.284,0.279,-9.2,-4.4,0.615,-0.754,-9.0,0.654,0.654,-9.5,0.557,0.654,-9.8,0.535,0.654,-10.1,0.525,0.654,-10.0,0.535,0.654,0,-1.0,-25.1
20211009_1058,-21.31,174.38,532.3,IV.IFIL.,38.564,14.575,155.535,1733.756,1778.644,1793.468,7.0,4.079,0.214,0.185,0.193,0.199,0.187,8.8,4.2,0.592,-0.655,8.5,0.35,0.35,8.5,0.372,0.35,-0.6,0.373,0.35,-0.6,0.397,0.35,-0.6,0.359,0.35,0,-1.0,-40.381
20211009_1058,-21.31,174.38,532.3,GB.ELSH.,51.148,1.135,149.698,1701.907,1740.121,1752.461,8.0,1.636,0.416,0.427,0.413,0.398,0.399,0.2,1.3,0.803,0.663,-0.7,0.824,0.824,-1.1,0.831,0.824,-1.3,0.836,0.824,-1.6,0.838,0.824,-1.5,0.836,0.824,0,-1.0,-8.351
20211009_1058,-21.31,174.38,532.3,CH.PANIX.,46.826,9.112,151.825,1713.647,1754.236,1767.449,9.0,8.388,0.49,0.495,0.492,0.493,0.498,2.1,1.9,0.878,0.897,1.9,0.897,0.897,1.6,0.889,0.897,1.3,0.882,0.897,0.9,0.879,0.897,1.0,0.883,0.897,0,-1.0,-21.462
20211009_1058,-21.31,174.38,532.3,GE.KARP.,35.547,27.161,148.057,1692.747,1729.173,1740.863,10.0,1.549,0.27,0.339,0.338,0.336,0.337,-7.0,-2.3,0.729,-0.658,-6.0,0.618,0.618,1.5,0.807,0.618,1.2,0.793,0.618,1.3,0.786,0.618,1.4,0.789,0.618,0,-1.0,-56.265
20211009_1058,-21.31,174.38,532.3,IV.STAL.,46.26,12.71,150.926,1708.702,1748.278,1761.118,11.0,2.671,0.474,0.349,0.328,0.313,0.323,0.1,-4.1,0.372,-0.523,-0.9,0.515,0.515,-1.6,0.524,0.515,-1.9,0.564,0.515,-2.1,0.603,0.515,-2.0,0.576,0.515,0,-1.0,-26.408
20211009_1058,-21.31,174.38,532.3,MN.VSL.,39.496,9.378,157.753,1745.576,1793.125,1808.95,12.0,2.339,0.082,0.133,0.145,0.154,0.143,2.0,2.2,0.691,0.758,1.5,0.786,0.786,1.2,0.868,0.786,1.1,0.839,0.786,1.0,0.813,0.786,1.1,0.838,0.786,0,-1.0,-31.5
20211009_1058,-21.31,174.38,532.3,KO.SARI.,38.407,36.418,140.172,1647.546,1675.913,1684.777,13.0,1.984,0.406,0.332,0.324,0.324,0.326,1.3,1.1,0.889,0.909,1.2,0.925,0.925,1.5,0.84,0.925,0.8,0.644,0.925,1.1,0.705,0.925,1.3,0.756,0.925,0,-1.0,-54.989
20211009_1058,-21.31,174.38,532.3,CH.LIENZ.,47.294,9.492,151.29,1710.707,1750.692,1763.682,14.0,5.012,0.483,0.476,0.495,0.49,0.496,2.3,-1.3,0.481,-0.67,2.0,0.467,0.467,-6.4,0.454,0.467,-6.7,0.46,0.467,-6.9,0.485,0.467,-6.8,0.475,0.467,0,-1.0,-21.444
20211009_1058,-21.31,174.38,532.3,CH.MUO.,46.968,8.637,151.862,1713.849,1754.48,1767.709,15.0,1.45,0.499,0.51,0.514,0.503,0.51,6.7,3.5,0.593,-0.403,6.7,0.523,0.523,6.3,0.489,0.523,5.9,0.495,0.523,5.6,0.506,0.523,5.8,0.501,0.523,0,-1.0,-20.719
20211009_1058,-21.31,174.38,532.3,KO.SIMA.,39.083,28.983,145.523,1678.445,1712.179,1722.909,16.0,0.579,0.082,0.05,0.057,0.058,0.055,-6.9,-4.7,0.313,0.3,-8.9,0.401,0.401,-7.7,0.383,0.401,1.8,0.374,0.401,1.8,0.38,0.401,1.8,0.371,0.401,0,-1.0,-51.05
20211009_1058,-21.31,174.38,532.3,FR.SPIF.00,44.056,7.237,154.883,1730.253,1774.373,1788.908,17.0,1.761,0.469,0.478,0.492,0.504,0.497,1.8,1.6,0.805,0.808,1.3,0.813,0.813,0.7,0.876,0.813,0.5,0.902,0.813,0.3,0.92,0.813,0.4,0.907,0.813,0,-1.0,-21.922
20211009_1058,-21.31,174.38,532.3,NL.ARCN.,51.501,6.194,148.437,1694.879,1731.716,1743.555,18.0,1.136,0.17,0.212,0.208,0.212,0.211,2.9,3.2,0.711,0.68,2.7,0.598,0.598,2.3,0.568,0.598,2.0,0.572,0.598,1.7,0.583,0.598,1.8,0.577,0.598,0,-1.0,-14.007
20211009_1058,-21.31,174.38,532.3,IV.MURB.,43.263,12.525,153.349,1721.959,1764.292,1778.154,19.0,3.111,-0.034,0.09,0.117,0.124,0.108,-2.6,-2.3,0.573,0.685,-2.5,0.575,0.575,-2.4,0.597,0.575,-2.7,0.588,0.575,-3.0,0.582,0.575,-2.7,0.592,0.575,0,-1.0,-30.143
20211009_1058,-21.31,174.38,532.3,AF.WIN.,-22.567,17.1,130.85,1591.484,1611.626,1617.718,20.0,20.452,0.461,0.467,0.463,0.434,0.442,-1.2,-1.1,0.946,0.965,-2.0,0.911,0.911,-1.8,0.893,0.911,-1.8,0.898,0.911,-2.1,0.914,0.911,-2.0,0.904,0.911,0,-1.0,-152.006
20211009_1058,-21.31,174.38,532.3,WM.UCM.,40.307,-3.244,160.895,1762.051,1813.491,1830.791,21.0,3.51,0.28,0.312,0.327,0.333,0.34,2.2,2.3,0.934,0.921,2.2,0.934,0.934,2.0,0.956,0.934,1.8,0.957,0.934,1.7,0.953,0.934,1.6,0.955,0.934,0,-1.0,-5.449
20211009_1058,-21.31,174.38,532.3,IV.ASQU.,43.797,11.789,153.274,1721.55,1763.796,1777.626,22.0,1.781,0.013,-0.009,0.011,0.026,0.01,3.2,-4.3,0.456,0.432,3.3,0.578,0.578,3.2,0.575,0.578,2.8,0.565,0.578,2.5,0.578,0.578,2.8,0.574,0.578,0,-1.0,-28.479
20211009_1058,-21.31,174.38,532.3,KO.BNN.,38.852,35.847,140.501,1649.473,1678.157,1687.129,23.0,2.251,0.409,0.321,0.376,0.375,0.381,0.5,0.8,0.856,0.864,1.0,0.875,0.875,0.3,0.498,0.875,0.2,0.756,0.875,0.4,0.773,0.875,0.5,0.773,0.875,0,-1.0,-54.141
20211009_1058,-21.31,174.38,532.3,RD.FLAF.,43.383,6.255,155.814,1735.249,1780.468,1795.417,24.0,2.099,0.218,0.303,0.312,0.317,0.313,2.7,2.7,0.717,0.674,2.7,0.807,0.807,2.4,0.77,0.807,2.2,0.785,0.807,2.0,0.796,0.807,2.2,0.786,0.807,0,-1.0,-21.189
20211009_1058,-21.31,174.38,532.3,IV.TEOL.,45.362,11.674,152.078,1715.031,1755.906,1769.226,25.0,2.064,0.428,0.409,0.423,0.434,0.428,3.4,3.2,0.888,0.888,2.8,0.96,0.96,2.3,0.951,0.96,2.0,0.94,0.96,1.7,0.934,0.96,1.9,0.942,0.96,0,-1.0,-26.301
20211009_1058,-21.31,174.38,532.3,CH.LKBD2.,46.375,7.644,152.708,1718.473,1760.068,1773.656,26.0,1.253,0.247,0.321,0.333,0.335,0.341,3.0,2.9,0.756,0.89,2.6,0.741,0.741,2.3,0.7,0.741,1.9,0.68,0.741,1.7,0.679,0.741,1.8,0.682,0.741,0,-1.0,-20.032
20211009_1058,-21.31,174.38,532.3,CH.MMK.,46.051,7.964,152.889,1719.457,1761.26,1774.924,27.0,3.136,0.428,0.459,0.471,0.479,0.48,1.8,1.4,0.893,0.816,1.6,0.831,0.831,1.2,0.805,0.831,1.0,0.799,0.831,0.7,0.795,0.831,0.8,0.795,0.831,0,-1.0,-20.786
20211009_1058,-21.31,174.38,532.3,IV.ASSB.,43.043,12.659,153.453,1722.523,1764.975,1778.883,28.0,1.303,0.138,0.203,0.202,0.208,0.204,0.1,4.5,0.635,-0.54,0.2,0.569,0.569,0.2,0.56,0.569,0.0,0.573,0.569,-0.1,0.598,0.569,-0.1,0.585,0.569,0,-1.0,-30.625
20211009_1058,-21.31,174.38,532.3,OE.MOA.,47.849,14.266,149.02,1698.135,1735.606,1747.674,29.0,1.879,0.333,0.34,0.339,0.342,0.34,4.4,4.8,0.611,0.661,4.5,0.544,0.544,3.9,0.537,0.544,3.6,0.543,0.544,3.4,0.556,0.544,3.5,0.539,0.544,0,-1.0,-26.18
20211009_1058,-21.31,174.38,532.3,FR.SJAF.00,42.484,2.876,157.661,1745.09,1792.527,1808.31,30.0,2.897,0.401,0.417,0.419,0.433,0.434,1.4,1.9,0.822,0.829,1.3,0.893,0.893,1.1,0.896,0.893,0.9,0.906,0.893,0.6,0.915,0.893,0.7,0.908,0.893,0,-1.0,-16.45
20211009_1058,-21.31,174.38,532.3,CR.7493.,45.408,15.579,150.295,1705.218,1744.092,1756.673,31.0,2.507,0.328,0.303,0.323,0.331,0.316,2.0,2.0,0.761,0.722,0.8,0.766,0.766,0.8,0.763,0.766,0.6,0.768,0.766,0.4,0.774,0.766,0.5,0.771,0.766,0,-1.0,-30.641
20211009_1058,-21.31,174.38,532.3,OX.PLRO.,46.549,13.148,150.513,1706.423,1745.54,1758.21,32.0,1.037,0.015,0.003,0.0,0.004,0.001,-4.2,-4.1,0.817,0.533,-4.3,0.575,0.575,-4.5,0.54,0.575,-4.9,0.54,0.575,-5.1,0.538,0.575,-5.0,0.537,0.575,0,-1.0,-26.547
20211009_1058,-21.31,174.38,532.3,CZ.PVCC.,50.528,14.569,146.76,1685.45,1720.489,1731.682,33.0,1.162,0.095,0.101,0.113,0.126,0.115,3.4,-4.5,0.671,-0.267,2.7,0.457,0.457,-9.7,0.38,0.457,1.9,0.379,0.457,1.6,0.391,0.457,1.8,0.382,0.457,0,-1.0,-23.482
20211009_1058,-21.31,174.38,532.3,KO.SVRH.,39.447,31.523,143.549,1667.162,1698.86,1708.877,34.0,2.6,0.128,0.233,0.095,0.098,0.225,2.0,2.0,0.761,0.82,9.2,0.513,0.513,-0.1,0.739,0.513,9.8,0.405,0.513,9.9,0.419,0.513,-0.1,0.702,0.513,0,-1.0,-51.633
20211009_1058,-21.31,174.38,532.3,GR.LOCC.,52.41,9.139,146.879,1686.121,1721.286,1732.524,35.0,2.057,0.337,0.326,0.319,0.314,0.32,-0.8,4.8,0.649,-0.897,-2.3,0.637,0.637,-2.6,0.634,0.637,-2.8,0.643,0.637,-3.1,0.657,0.637,-3.0,0.65,0.637,0,-1.0,-16.438
20211009_1058,-21.31,174.38,532.3,SX.LANDS.,51.526,12.163,146.766,1685.486,1720.531,1731.726,36.0,3.516,0.5,0.521,0.521,0.525,0.525,-8.1,-3.5,0.683,-0.53,-8.5,0.638,0.638,-8.7,0.61,0.638,-9.1,0.605,0.638,-9.3,0.602,0.638,-9.2,0.605,0.638,0,-1.0,-20.186
20211009_1058,-21.31,174.38,532.3,CH.WIMIS.,46.665,7.624,152.457,1717.105,1758.413,1771.894,37.0,1.435,0.118,0.125,0.132,0.138,0.135,4.2,4.2,0.723,0.751,4.2,0.852,0.852,4.0,0.84,0.852,3.7,0.823,0.852,3.4,0.808,0.852,3.5,0.817,0.852,0,-1.0,-19.718
20211009_1058,-21.31,174.38,532.3,OE.ABTA.,46.747,12.512,150.616,1706.994,1746.225,1758.937,38.0,2.12,0.518,0.448,0.43,0.42,0.431,0.7,0.9,0.611,0.627,0.0,0.79,0.79,-0.3,0.763,0.79,-0.5,0.787,0.79,-0.7,0.807,0.79,-0.7,0.795,0.79,0,-1.0,-25.596
20211009_1058,-21.31,174.38,532.3,CH.FULLY.,46.156,7.136,153.064,1720.409,1762.413,1776.152,39.0,1.238,0.401,0.361,0.359,0.355,0.353,4.9,4.1,0.413,0.506,4.3,0.609,0.609,4.0,0.636,0.609,3.9,0.646,0.609,3.6,0.655,0.609,3.7,0.655,0.609,0,-1.0,-19.567
20211009_1058,-21.31,174.38,532.3,GU.RRL.,44.921,6.791,154.273,1726.962,1770.368,1784.633,40.0,1.346,0.221,0.201,0.204,0.208,0.204,1.2,-4.8,0.667,-0.644,2.7,0.622,0.622,2.6,0.634,0.622,2.4,0.636,0.622,2.3,0.627,0.622,2.4,0.63,0.622,0,-1.0,-20.334
20211009_1058,-21.31,174.38,532.3,IV.HAGA.,37.285,15.155,155.95,1735.977,1781.358,1796.367,41.0,3.432,0.242,0.338,0.324,0.322,0.33,1.6,1.8,0.797,0.864,1.4,0.658,0.658,0.6,0.448,0.658,0.3,0.532,0.658,0.2,0.556,0.658,0.3,0.51,0.658,0,-1.0,-43.521
20211009_1058,-21.31,174.38,532.3,GB.STNC.,53.091,-2.206,148.111,1693.052,1729.536,1741.248,42.0,2.057,0.473,0.404,0.409,0.404,0.405,0.7,0.5,0.9,0.823,-0.2,0.9,0.9,-0.4,0.907,0.9,-0.6,0.9,0.9,-0.8,0.9,0.9,-0.7,0.901,0.9,0,-1.0,-3.858
20211009_1058,-21.31,174.38,532.3,IV.GIB.,37.99,14.026,156.231,1737.484,1783.201,1798.336,43.0,1.499,0.14,0.14,0.109,0.101,0.117,-2.4,-2.5,0.768,0.756,-2.4,0.783,0.783,-2.6,0.663,0.783,-3.0,0.63,0.783,-3.2,0.633,0.783,-2.9,0.631,0.783,0,-1.0,-40.79
20211009_1058,-21.31,174.38,532.3,G.SSB.00,45.279,4.542,154.62,1728.832,1772.644,1787.062,44.0,2.519,0.463,0.509,0.527,0.532,0.526,0.4,0.8,0.926,0.893,0.7,0.738,0.738,0.2,0.744,0.738,-0.2,0.737,0.738,-0.6,0.738,0.738,-0.4,0.739,0.738,0,-1.0,-16.672
20211009_1058,-21.31,174.38,532.3,MD.KIS.,46.998,28.817,142.168,1659.187,1689.5,1699.035,45.0,2.371,0.314,0.285,0.32,0.324,0.306,-1.0,0.9,0.454,0.288,-9.7,0.626,0.626,-10.0,0.646,0.626,-10.3,0.637,0.626,-10.4,0.631,0.626,-10.3,0.636,0.626,0,-1.0,-38.885
20211009_1058,-21.31,174.38,532.3,GE.FLT1.,52.331,11.237,146.358,1683.181,1717.794,1728.836,46.0,3.496,0.556,0.601,0.597,0.594,0.594,1.0,0.9,0.68,0.705,0.4,0.88,0.88,0.2,0.88,0.88,0.0,0.879,0.88,-0.3,0.872,0.88,-0.3,0.875,0.88,0,-1.0,-18.565
20211009_1058,-21.31,174.38,532.3,RO.GZR.,45.393,22.777,146.536,1684.187,1718.989,1730.097,47.0,1.832,0.237,0.173,0.213,0.239,0.198,2.3,3.9,0.623,0.634,2.6,0.648,0.648,2.5,0.547,0.648,2.0,0.52,0.648,1.7,0.559,0.648,2.1,0.548,0.648,0,-1.0,-37.146
20211009_1058,-21.31,174.38,532.3,BX.BROLN.,-21.1,27.334,126.762,1566.015,1583.001,1588.09,48.0,7.535,0.644,0.661,0.671,0.671,0.665,1.4,1.7,0.907,0.961,1.2,0.829,0.829,1.3,0.846,0.829,1.2,0.849,0.829,1.1,0.853,0.829,1.2,0.85,0.829,1,0.0,-140.838
20211009_1058,-21.31,174.38,532.3,CR.7441.,45.844,16.02,149.766,1702.286,1740.575,1752.942,49.0,1.91,0.242,0.26,0.26,0.258,0.26,3.2,4.1,0.513,0.473,4.1,0.13,0.13,10.5,0.077,0.13,-0.5,0.084,0.13,-1.1,0.101,0.13,-0.8,0.083,0.13,0,-1.0,-30.507
20211009_1058,-21.31,174.38,532.3,GE.MSBI.,31.313,35.358,142.164,1659.161,1689.469,1699.003,50.0,2.846,0.309,0.323,0.352,0.348,0.339,1.5,1.5,0.857,0.925,6.8,0.37,0.37,-6.3,0.554,0.37,-6.8,0.555,0.37,-6.6,0.561,0.37,-6.5,0.557,0.37,0,-1.0,-65.981
20211009_1058,-21.31,174.38,532.3,II.XBFO.55,48.33,8.33,150.76,1707.786,1747.177,1759.949,51.0,1.969,0.293,0.283,0.299,0.305,0.304,2.9,3.2,0.693,0.81,2.4,0.718,0.718,2.1,0.611,0.718,1.7,0.595,0.718,1.4,0.6,0.718,1.5,0.601,0.718,0,-1.0,-19.02
20211009_1058,-21.31,174.38,532.3,OE.WTTA.,47.264,11.636,150.539,1706.565,1745.71,1758.391,52.0,1.972,0.369,0.33,0.33,0.334,0.336,0.8,1.6,0.496,0.359,0.5,0.892,0.892,0.2,0.896,0.892,0.0,0.901,0.892,-0.2,0.909,0.892,-0.2,0.908,0.892,0,-1.0,-24.004
20211009_1058,-21.31,174.38,532.3,CR.7491.,45.507,15.845,150.096,1704.114,1742.767,1755.267,53.0,3.467,0.202,0.181,0.185,0.186,0.185,-8.2,0.2,0.778,-0.28,-9.2,0.514,0.514,-9.2,0.502,0.514,-9.4,0.5,0.514,-9.5,0.5,0.514,-9.5,0.502,0.514,0,-1.0,-30.783
20211009_1058,-21.31,174.38,532.3,IV.USI.,38.708,13.179,156.272,1737.704,1783.469,1798.623,54.0,1.254,0.16,0.206,0.205,0.195,0.198,-2.3,-2.6,0.667,0.77,-3.0,0.821,0.821,-3.0,0.826,0.821,-3.3,0.809,0.821,-3.5,0.799,0.821,-3.2,0.812,0.821,0,-1.0,-38.363
20211009_1058,-21.31,174.38,532.3,GR.MOX.,50.646,11.616,147.697,1690.728,1726.767,1738.318,55.0,3.849,0.381,0.444,0.468,0.484,0.475,3.2,2.2,0.656,0.582,2.1,0.719,0.719,1.7,0.729,0.719,1.4,0.739,0.719,1.2,0.746,0.719,1.3,0.739,0.719,0,-1.0,-20.475
20211009_1058,-21.31,174.38,532.3,PL.GKP.,53.27,17.237,143.579,1667.33,1699.058,1709.085,56.0,0.714,0.327,0.373,0.392,0.393,0.393,2.4,2.2,0.856,0.656,1.4,0.967,0.967,1.1,0.963,0.967,0.8,0.959,0.967,0.7,0.96,0.967,0.8,0.961,0.967,0,-1.0,-22.953
20211009_1058,-21.31,174.38,532.3,TH.CHRS.,51.61,10.819,147.113,1687.445,1722.86,1734.187,57.0,3.237,0.515,0.552,0.558,0.558,0.559,6.7,3.0,0.621,-0.649,6.3,0.624,0.624,6.0,0.642,0.624,5.8,0.656,0.624,5.5,0.666,0.624,5.5,0.659,0.624,0,-1.0,-18.787
20211009_1058,-21.31,174.38,532.3,RO.DEV.,45.887,22.898,146.173,1682.131,1716.549,1727.52,58.0,2.151,0.05,0.136,0.145,0.153,0.145,1.5,1.4,0.672,0.656,2.5,0.358,0.358,2.4,0.494,0.358,2.0,0.559,0.358,1.8,0.55,0.358,2.0,0.537,0.358,0,-1.0,-36.528
20211009_1058,-21.31,174.38,532.3,KV.KBTI.,-1.569,29.278,138.925,1640.212,1667.396,1675.855,59.0,5.775,0.693,0.666,0.665,0.665,0.666,0.7,0.7,0.967,0.97,0.1,0.926,0.926,0.4,0.909,0.926,0.1,0.905,0.926,0.0,0.9,0.926,0.2,0.9,0.926,1,1.0,-119.758
20211009_1058,-21.31,174.38,532.3,IV.PTCC.,46.408,13.354,150.538,1706.562,1745.706,1758.387,60.0,0.83,0.092,0.089,0.089,0.089,0.09,8.9,-2.5,0.52,-0.547,-8.6,0.454,0.454,-8.7,0.462,0.454,-9.0,0.447,0.454,-9.1,0.438,0.454,-9.0,0.444,0.454,0,-1.0,-26.948
20211009_1058,-21.31,174.38,532.3,TH.POSS.,51.333,10.867,147.341,1688.726,1724.384,1735.798,61.0,2.502,0.187,0.198,0.217,0.232,0.219,2.3,3.8,0.447,0.406,3.5,0.728,0.728,3.1,0.733,0.728,2.7,0.729,0.728,2.5,0.724,0.728,2.6,0.729,0.728,0,-1.0,-19.082
20211009_1058,-21.31,174.38,532.3,TH.ZEU.,50.671,11.977,147.557,1689.94,1725.829,1737.326,62.0,0.518,0.069,0.068,0.072,0.071,0.071,2.5,2.3,0.724,0.635,1.7,0.484,0.484,1.2,0.461,0.484,0.7,0.472,0.484,0.3,0.487,0.484,0.5,0.475,0.484,0,-1.0,-20.816
20211009_1058,-21.31,174.38,532.3,CH.TORNY.,46.774,6.959,152.566,1717.698,1759.131,1772.658,63.0,1.198,0.221,0.219,0.217,0.226,0.226,3.6,2.7,0.702,0.491,2.5,0.937,0.937,2.2,0.933,0.937,1.9,0.935,0.937,1.6,0.94,0.937,1.8,0.937,0.937,0,-1.0,-18.735
20211009_1058,-21.31,174.38,532.3,GE.UJAP.,31.952,35.464,142.012,1658.281,1688.439,1697.921,64.0,2.25,0.255,0.253,0.278,0.27,0.265,1.2,1.2,0.818,0.831,6.0,0.521,0.521,-6.7,0.488,0.521,-7.1,0.467,0.521,-7.0,0.474,0.521,-6.9,0.482,0.521,0,-1.0,-64.956
20211009_1058,-21.31,174.38,532.3,FR.HELF.00,50.705,2.241,149.964,1703.384,1741.892,1754.339,65.0,2.072,0.404,0.415,0.391,0.381,0.39,1.4,1.6,0.745,0.808,0.7,0.66,0.66,0.3,0.619,0.66,0.1,0.62,0.66,-0.2,0.637,0.66,-0.1,0.632,0.66,0,-1.0,-9.895
20211009_1058,-21.31,174.38,532.3,NO.ARD7.00,69.529,25.471,128.278,1575.517,1593.646,1599.092,66.0,0.926,0.331,0.322,0.326,0.323,0.321,0.8,1.4,0.661,0.607,0.8,0.869,0.869,0.6,0.872,0.869,0.3,0.881,0.869,0.4,0.887,0.869,0.5,0.881,0.869,0,-1.0,-13.306
20211009_1058,-21.31,174.38,532.3,TH.CRUX.,50.602,10.792,148.0,1692.428,1728.793,1740.461,67.0,1.677,0.284,0.329,0.359,0.375,0.362,2.2,1.8,0.63,0.528,1.3,0.67,0.67,0.9,0.666,0.67,0.7,0.678,0.67,0.4,0.688,0.67,0.4,0.675,0.67,0,-1.0,-19.671
20211009_1058,-21.31,174.38,532.3,GE.VAL.,51.939,-10.244,149.161,1698.921,1736.545,1748.67,68.0,1.79,0.35,0.247,0.263,0.271,0.265,0.5,0.7,0.801,0.818,-0.1,0.819,0.819,0.0,0.744,0.819,-0.1,0.741,0.819,-0.4,0.74,0.819,-0.3,0.741,0.819,0,-1.0,5.526
20211009_1058,-21.31,174.38,532.3,RO.TESR.,46.512,26.649,143.687,1667.951,1699.788,1709.854,69.0,0.828,0.242,0.234,0.216,0.209,0.228,2.3,-1.0,0.774,-0.607,0.5,0.502,0.502,0.6,0.74,0.502,0.3,0.784,0.502,0.3,0.786,0.502,0.3,0.78,0.502,0,-1.0,-38.253
20211009_1058,-21.31,174.38,532.3,GE.ZKR.,35.115,26.217,148.922,1697.587,1734.95,1746.98,70.0,3.264,0.223,0.192,0.205,0.203,0.198,-9.0,4.3,0.606,-0.545,4.5,0.39,0.39,4.5,0.5,0.39,4.0,0.505,0.39,4.2,0.497,0.39,4.3,0.503,0.39,0,-1.0,-56.594
20211009_1058,-21.31,174.38,532.3,LU.KIND.,49.694,5.864,150.194,1704.66,1743.422,1755.962,71.0,2.354,0.385,0.442,0.458,0.466,0.464,2.7,-0.9,0.532,-0.012,1.7,0.773,0.773,1.5,0.706,0.773,1.1,0.716,0.773,0.9,0.737,0.773,0.9,0.728,0.773,0,-1.0,-14.912
20211009_1058,-21.31,174.38,532.3,G.SOK.00,14.494,-16.456,167.647,1796.393,1856.611,1877.337,72.0,11.072,0.525,0.569,0.575,0.577,0.577,-0.1,3.7,0.784,-0.902,0.2,0.596,0.596,0.2,0.702,0.596,-0.2,0.701,0.596,-0.2,0.7,0.596,0.0,0.704,0.596,0,-1.0,122.8
20211009_1058,-21.31,174.38,532.3,IV.ISTR.,38.787,15.192,155.02,1730.991,1775.272,1789.868,73.0,0.952,0.178,0.118,0.126,0.125,0.122,0.6,5.0,0.637,-0.775,8.2,0.34,0.34,8.0,0.412,0.34,7.8,0.437,0.34,7.7,0.448,0.34,7.8,0.439,0.34,0,-1.0,-40.698
20211009_1058,-21.31,174.38,532.3,GB.GAL1.,54.866,-4.711,146.437,1683.624,1718.321,1729.391,74.0,1.397,0.405,0.417,0.423,0.422,0.423,3.0,-3.9,0.613,-0.484,-0.1,0.587,0.587,0.5,0.624,0.587,0.6,0.609,0.587,0.6,0.588,0.587,0.5,0.601,0.587,0,-1.0,-0.941
20211009_1058,-21.31,174.38,532.3,IV.VITU.,41.183,14.63,153.781,1724.3,1767.133,1781.183,75.0,1.467,0.403,0.386,0.391,0.387,0.392,1.4,5.4,0.712,-0.713,1.5,0.762,0.762,1.8,0.712,0.762,1.8,0.679,0.762,1.7,0.657,0.762,1.7,0.681,0.762,0,-1.0,-35.878
20211009_1058,-21.31,174.38,532.3,RO.BMR.,47.673,23.497,144.758,1674.089,1707.026,1717.476,76.0,3.555,0.498,0.464,0.48,0.478,0.48,3.0,3.5,0.813,0.909,2.2,0.8,0.8,1.6,0.79,0.8,1.0,0.789,0.8,0.8,0.792,0.8,0.9,0.781,0.8,0,-1.0,-34.491
20211009_1058,-21.31,174.38,532.3,FR.ISO.01,44.184,7.05,154.836,1729.998,1774.063,1788.577,77.0,1.592,0.497,0.521,0.529,0.534,0.532,1.7,1.8,0.935,0.931,1.4,0.937,0.937,0.7,0.954,0.937,0.4,0.947,0.937,0.3,0.94,0.937,0.4,0.947,0.937,0,-1.0,-21.503
20211009_1058,-21.31,174.38,532.3,GR.GRB3.,49.343,11.805,148.741,1696.576,1733.742,1745.7,78.0,2.06,0.32,0.343,0.363,0.369,0.363,5.1,1.0,0.55,0.331,0.3,0.606,0.606,-0.2,0.674,0.606,-0.4,0.704,0.606,-0.6,0.729,0.606,-0.5,0.712,0.606,0,-1.0,-21.959
20211009_1058,-21.31,174.38,532.3,RD.MFF.,46.601,-0.141,154.319,1727.212,1770.672,1784.958,79.0,2.672,0.33,0.293,0.304,0.322,0.314,2.2,2.6,0.866,0.897,1.4,0.675,0.675,1.9,0.657,0.675,1.6,0.649,0.675,1.3,0.645,0.675,1.4,0.649,0.675,0,-1.0,-8.62
20211009_1058,-21.31,174.38,532.3,FN.RNF.,66.612,26.011,130.423,1588.851,1608.653,1614.634,80.0,2.57,0.412,0.43,0.443,0.441,0.437,2.0,1.9,0.929,0.916,0.9,0.869,0.869,0.6,0.836,0.869,0.4,0.84,0.869,0.4,0.84,0.869,0.4,0.839,0.869,0,-1.0,-15.87
20211009_1058,-21.31,174.38,532.3,TH.MEHR.,51.283,10.659,147.447,1689.326,1725.097,1736.552,81.0,3.045,0.307,0.344,0.366,0.378,0.364,-3.1,-3.4,0.481,0.42,-3.7,0.548,0.548,-4.0,0.558,0.548,-4.2,0.539,0.548,-4.5,0.532,0.548,-4.3,0.541,0.548,0,-1.0,-18.916
20211009_1058,-21.31,174.38,532.3,BW.MROB.,50.083,12.179,147.986,1692.353,1728.702,1740.365,82.0,2.133,0.415,0.394,0.401,0.404,0.401,2.3,1.6,0.807,0.738,1.2,0.472,0.472,0.3,0.492,0.472,-0.3,0.519,0.472,-0.5,0.547,0.472,-0.4,0.526,0.472,0,-1.0,-21.599
20211009_1058,-21.31,174.38,532.3,PL.KSP.,50.843,16.293,145.85,1680.301,1714.379,1725.23,83.0,2.406,0.357,0.369,0.366,0.363,0.367,7.9,4.0,0.591,-0.335,7.1,0.534,0.534,6.8,0.56,0.534,6.5,0.556,0.534,6.3,0.555,0.534,6.5,0.556,0.534,0,-1.0,-24.716
20211009_1058,-21.31,174.38,532.3,OE.VIE.,48.248,16.362,147.822,1691.43,1727.604,1739.203,84.0,3.306,0.224,0.257,0.275,0.285,0.276,2.6,2.5,0.809,0.881,2.3,0.883,0.883,1.6,0.838,0.883,1.2,0.821,0.883,1.0,0.821,0.883,1.1,0.821,0.883,0,-1.0,-27.772
20211009_1058,-21.31,174.38,532.3,GR.LUEB.,52.297,8.699,147.097,1687.35,1722.747,1734.068,85.0,2.162,0.454,0.475,0.467,0.454,0.457,-0.3,0.0,0.72,0.72,-1.2,0.825,0.825,-1.4,0.815,0.825,-1.6,0.817,0.825,-1.9,0.814,0.825,-1.9,0.814,0.825,0,-1.0,-16.081
20211009_1058,-21.31,174.38,532.3,FR.RUSF.07,43.941,5.484,155.567,1733.926,1778.852,1793.69,86.0,2.103,0.477,0.457,0.46,0.458,0.461,1.3,1.4,0.724,0.666,0.4,0.544,0.544,0.6,0.594,0.544,0.3,0.584,0.544,0.0,0.569,0.544,0.1,0.583,0.544,0,-1.0,-19.387
20211009_1058,-21.31,174.38,532.3,RO.HUMR.,44.528,24.98,145.743,1679.693,1713.657,1724.469,87.0,0.993,0.24,0.238,0.261,0.264,0.254,6.0,5.5,0.542,0.458,-4.5,0.38,0.38,-4.7,0.381,0.38,-5.2,0.387,0.38,-5.3,0.394,0.38,-5.1,0.39,0.38,0,-1.0,-40.023
20211009_1058,-21.31,174.38,532.3,FR.FILF.00,42.56,2.417,157.709,1745.341,1792.837,1808.642,88.0,1.594,0.288,0.32,0.326,0.335,0.33,1.6,2.0,0.784,0.868,1.3,0.641,0.641,1.0,0.665,0.641,0.8,0.672,0.641,0.6,0.673,0.641,0.7,0.673,0.641,0,-1.0,-15.555
20211009_1058,-21.31,174.38,532.3,CR.OZLJ.,45.615,15.467,150.196,1704.666,1743.43,1755.971,89.0,0.422,0.003,-0.005,-0.005,-0.005,-0.005,-6.5,-4.6,0.451,0.954,-6.4,0.495,0.495,-6.2,0.482,0.495,-6.5,0.482,0.495,-6.7,0.48,0.495,-6.6,0.483,0.495,0,-1.0,-30.245
20211009_1058,-21.31,174.38,532.3,GU.CIRO.,45.602,7.568,153.415,1722.317,1764.726,1778.617,90.0,1.665,0.38,0.403,0.426,0.435,0.43,1.8,1.9,0.788,0.788,1.1,0.775,0.775,1.1,0.732,0.775,1.0,0.716,0.775,0.7,0.699,0.775,0.8,0.704,0.775,0,-1.0,-20.717
20211009_1058,-21.31,174.38,532.3,EI.ILTH.,54.028,-6.336,147.278,1688.37,1723.96,1735.35,91.0,5.088,0.351,0.393,0.395,0.392,0.394,1.2,3.2,0.746,0.545,2.4,0.717,0.717,1.8,0.72,0.717,1.6,0.745,0.717,1.6,0.765,0.717,1.6,0.754,0.717,0,-1.0,0.774
20211009_1058,-21.31,174.38,532.3,BX.PHPEN.,-25.476,22.857,125.66,1559.054,1575.235,1580.073,92.0,10.943,0.561,0.598,0.596,0.588,0.591,-0.2,-0.5,0.797,0.845,-0.1,0.783,0.783,-0.1,0.739,0.783,-0.2,0.748,0.783,-0.2,0.777,0.783,-0.2,0.759,0.783,0,-1.0,-148.128
20211009_1058,-21.31,174.38,532.3,CR.7440.,46.004,16.12,149.602,1701.372,1739.48,1751.781,93.0,2.176,0.254,0.226,0.228,0.234,0.232,-4.2,2.1,0.648,0.214,1.4,0.375,0.375,1.6,0.337,0.375,1.5,0.333,0.375,1.3,0.329,0.375,1.3,0.339,0.375,0,-1.0,-30.394
20211009_1058,-21.31,174.38,532.3,GR.UBR.,47.68,10.107,150.746,1707.71,1747.086,1759.852,94.0,2.159,0.47,0.414,0.432,0.43,0.434,3.9,-1.7,0.662,-0.834,2.1,0.653,0.653,1.7,0.554,0.653,1.3,0.553,0.653,1.1,0.567,0.653,1.2,0.56,0.653,0,-1.0,-21.779
20211009_1058,-21.31,174.38,532.3,PM.PFVI.,37.133,-8.827,163.935,1777.681,1833.01,1851.804,95.0,1.636,0.169,0.17,0.164,0.157,0.16,0.6,0.6,0.452,0.39,0.3,0.698,0.698,0.3,0.727,0.698,0.0,0.727,0.698,-0.3,0.723,0.698,-0.1,0.719,0.698,0,-1.0,9.072
20211009_1058,-21.31,174.38,532.3,GR.CLL.,51.308,13.002,146.673,1684.961,1719.908,1731.068,96.0,3.999,0.454,0.504,0.503,0.504,0.503,5.2,0.4,0.648,-0.859,4.8,0.581,0.581,4.4,0.621,0.581,4.2,0.637,0.581,3.9,0.646,0.581,4.1,0.639,0.581,0,-1.0,-21.202
20211009_1058,-21.31,174.38,532.3,CH.WILA.,47.415,8.908,151.382,1711.213,1751.302,1764.331,97.0,2.172,0.269,0.269,0.293,0.305,0.286,2.5,-5.0,0.634,-0.64,-10.1,0.481,0.481,-10.4,0.506,0.481,-10.7,0.519,0.481,-10.9,0.533,0.481,-10.9,0.527,0.481,0,-1.0,-20.606
20211009_1058,-21.31,174.38,532.3,IV.GIUL.,41.558,13.255,154.252,1726.851,1770.234,1784.49,98.0,3.536,0.427,0.408,0.408,0.409,0.415,3.4,3.4,0.781,0.88,2.5,0.9,0.9,2.3,0.91,0.9,2.2,0.905,0.9,2.1,0.904,0.9,2.2,0.908,0.9,0,-1.0,-33.61
20211009_1058,-21.31,174.38,532.3,CH.AIGLE.,46.342,6.953,152.955,1719.818,1761.696,1775.389,99.0,1.178,0.134,0.196,0.224,0.243,0.243,3.1,2.5,0.769,0.734,2.5,0.801,0.801,2.2,0.78,0.801,1.9,0.773,0.801,1.6,0.775,0.801,1.7,0.772,0.801,0,-1.0,-19.138
20211009_1058,-21.31,174.38,532.3,BW.ALFT.,48.142,11.28,149.938,1703.24,1741.719,1754.156,100.0,3.923,0.278,0.324,0.34,0.348,0.344,-5.4,-5.0,0.697,0.79,0.8,0.759,0.759,1.0,0.714,0.759,0.8,0.716,0.759,0.7,0.709,0.759,0.7,0.714,0.759,0,-1.0,-22.64
20211009_1058,-21.31,174.38,532.3,TH.GEIDO.,50.735,12.2,147.427,1689.212,1724.963,1736.41,101.0,0.452,0.042,0.022,0.025,0.02,0.026,3.1,2.7,0.479,0.482,2.1,0.678,0.678,1.8,0.657,0.678,1.3,0.665,0.678,1.1,0.679,0.678,1.2,0.667,0.678,0,-1.0,-20.977
20211009_1058,-21.31,174.38,532.3,FR.PAND.00,42.524,1.546,157.953,1746.633,1794.426,1810.343,102.0,1.78,0.424,0.404,0.413,0.425,0.418,1.5,1.7,0.579,0.663,1.4,0.646,0.646,1.1,0.633,0.646,0.9,0.64,0.646,0.6,0.643,0.646,0.8,0.64,0.646,0,-1.0,-13.993
20211009_1058,-21.31,174.38,532.3,GE.LODK.,3.422,35.362,136.364,1624.993,1649.819,1657.48,103.0,3.546,0.472,0.452,0.476,0.473,0.473,1.0,1.1,0.88,0.87,0.8,0.845,0.845,1.0,0.895,0.845,0.5,0.945,0.845,0.6,0.931,0.845,0.6,0.93,0.845,0,-1.0,-108.661
20211009_1058,-21.31,174.38,532.3,GB.DYA.,50.435,-3.931,150.844,1708.252,1747.737,1760.543,104.0,2.332,0.389,0.336,0.354,0.372,0.367,2.1,2.0,0.818,0.758,1.3,0.768,0.768,1.0,0.712,0.768,0.7,0.73,0.768,0.4,0.761,0.768,0.5,0.748,0.768,0,-1.0,-2.191
20211009_1058,-21.31,174.38,532.3,KV.KALEH.,-2.107,28.921,138.896,1640.04,1667.198,1675.647,105.0,3.462,0.611,0.606,0.604,0.604,0.604,0.2,0.3,0.972,0.959,-0.4,0.935,0.935,-0.1,0.917,0.935,-0.4,0.926,0.935,-0.5,0.927,0.935,-0.3,0.918,0.935,0,-1.0,-120.74
20211009_1058,-21.31,174.38,532.3,IV.HMDC.,36.959,14.783,156.381,1738.282,1784.177,1799.38,106.0,1.854,0.398,0.432,0.42,0.409,0.426,2.9,2.9,0.611,0.822,-2.7,0.59,0.59,-2.6,0.645,0.59,-2.7,0.621,0.59,-2.7,0.61,0.59,-2.7,0.625,0.59,0,-1.0,-43.735
20211009_1058,-21.31,174.38,532.3,BW.TON.,48.174,11.289,149.908,1703.075,1741.52,1753.945,107.0,3.532,0.266,0.332,0.345,0.345,0.34,-5.8,-5.0,0.6,0.619,0.1,0.698,0.698,0.3,0.593,0.698,0.2,0.587,0.698,-0.1,0.579,0.698,0.0,0.589,0.698,0,-1.0,-22.616
20211009_1058,-21.31,174.38,532.3,IV.MRGE.,45.77,7.061,153.432,1722.408,1764.836,1778.734,108.0,1.758,0.309,0.275,0.269,0.263,0.27,3.9,4.2,0.646,0.717,3.3,0.741,0.741,3.5,0.727,0.741,3.2,0.731,0.741,3.1,0.723,0.741,3.2,0.728,0.741,0,-1.0,-19.848
20211009_1058,-21.31,174.38,532.3,CR.7500.,45.424,16.188,149.99,1703.527,1742.063,1754.52,109.0,1.766,0.369,0.389,0.4,0.408,0.406,3.0,3.3,0.651,0.597,1.6,0.635,0.635,1.7,0.724,0.635,1.5,0.739,0.635,1.4,0.75,0.635,1.4,0.738,0.635,0,-1.0,-31.247
20211009_1058,-21.31,174.38,532.3,GE.TIRR.,44.458,28.413,143.668,1667.843,1699.662,1709.72,110.0,0.911,0.14,0.076,0.064,0.06,0.065,8.2,3.9,0.342,-0.654,4.7,0.432,0.432,6.7,0.458,0.432,6.2,0.465,0.432,6.1,0.465,0.432,6.2,0.459,0.432,0,-1.0,-42.305
20211009_1058,-21.31,174.38,532.3,GR.GRA4.,49.564,11.435,148.681,1696.241,1733.342,1745.277,111.0,2.685,0.345,0.326,0.325,0.325,0.332,2.9,4.1,0.683,0.667,3.6,0.574,0.574,3.1,0.563,0.574,2.8,0.572,0.574,2.6,0.583,0.574,2.6,0.569,0.574,0,-1.0,-21.343
20211009_1058,-21.31,174.38,532.3,KO.SVSK.,39.916,36.993,139.381,1642.901,1670.515,1679.121,112.0,3.431,0.442,0.429,0.433,0.432,0.431,1.9,2.2,0.803,0.745,1.7,0.802,0.802,1.9,0.737,0.802,1.0,0.679,0.802,1.2,0.691,0.802,1.4,0.708,0.802,0,-1.0,-52.883
20211009_1058,-21.31,174.38,532.3,KO.ERZN.,39.587,39.722,137.411,1631.235,1657.014,1664.996,113.0,1.875,0.221,0.568,0.581,0.579,0.576,0.2,0.2,0.922,0.93,-6.6,0.558,0.558,-1.2,0.751,0.558,-1.1,0.786,0.558,-1.2,0.781,0.558,-1.2,0.772,0.558,0,-1.0,-54.097
20211009_1058,-21.31,174.38,532.3,OE.CSNA.,47.928,15.859,148.284,1694.019,1730.69,1742.469,114.0,2.11,0.344,0.306,0.31,0.304,0.306,0.6,0.8,0.722,0.788,0.4,0.725,0.725,-0.1,0.786,0.725,-0.3,0.755,0.725,-0.5,0.742,0.725,-0.4,0.757,0.725,0,-1.0,-27.679
20211009_1058,-21.31,174.38,532.3,PR.PCDR.,18.514,-68.381,121.315,1531.229,1544.461,1548.39,115.0,3.561,0.327,0.3,0.276,0.275,0.292,1.0,0.6,0.86,0.828,0.7,0.663,0.663,0.8,0.755,0.663,-0.1,0.706,0.663,0.7,0.717,0.663,0.8,0.75,0.663,0,-1.0,80.826
20211009_1058,-21.31,174.38,532.3,KO.DALY.,36.816,28.653,146.522,1684.106,1718.893,1729.996,116.0,1.133,0.204,0.27,0.273,0.273,0.272,-2.3,-2.5,0.533,0.687,-1.5,0.698,0.698,-1.0,0.402,0.698,-0.7,0.46,0.698,-1.0,0.469,0.698,-1.0,0.445,0.698,0,-1.0,-54.723
20211009_1058,-21.31,174.38,532.3,CH.SENIN.,46.363,7.299,152.828,1719.126,1760.858,1774.496,117.0,1.57,0.248,0.274,0.283,0.29,0.287,3.6,3.6,0.706,0.6,3.6,0.934,0.934,3.3,0.934,0.934,3.0,0.928,0.934,2.7,0.924,0.934,2.9,0.927,0.934,0,-1.0,-19.583
20211009_1058,-21.31,174.38,532.3,IV.LAV9.,41.678,12.699,154.451,1727.921,1771.535,1785.879,118.0,1.389,0.36,0.418,0.42,0.426,0.427,1.1,1.2,0.848,0.916,0.8,0.906,0.906,0.5,0.923,0.906,0.4,0.917,0.906,0.3,0.916,0.906,0.4,0.92,0.906,0,-1.0,-32.719
20211009_1058,-21.31,174.38,532.3,FR.CLF.00,48.02,2.26,152.549,1717.607,1759.02,1772.54,119.0,1.387,0.29,0.319,0.336,0.343,0.341,1.4,0.7,0.704,0.622,0.6,0.926,0.926,0.5,0.917,0.926,0.3,0.925,0.926,0.0,0.931,0.926,0.1,0.929,0.926,0,-1.0,-11.375
20211009_1058,-21.31,174.38,532.3,IV.CRMI.,43.796,10.98,153.631,1723.488,1766.147,1780.132,120.0,1.788,0.234,0.192,0.211,0.215,0.207,1.5,-3.8,0.692,0.317,0.4,0.614,0.614,0.8,0.562,0.614,0.8,0.567,0.614,0.6,0.566,0.614,0.7,0.568,0.614,0,-1.0,-27.442
20211009_1058,-21.31,174.38,532.3,NO.ARD5.00,69.521,25.512,128.275,1575.501,1593.628,1599.074,121.0,0.922,0.308,0.297,0.307,0.302,0.304,1.0,1.5,0.658,0.607,0.8,0.853,0.853,0.6,0.86,0.853,0.3,0.87,0.853,0.4,0.875,0.853,0.4,0.87,0.853,0,-1.0,-13.326
20211009_1058,-21.31,174.38,532.3,MN.CLTB.,37.579,13.216,156.988,1741.515,1788.139,1803.615,122.0,4.505,0.084,0.126,0.149,0.153,0.141,2.1,2.4,0.577,0.548,1.7,0.541,0.541,1.9,0.632,0.541,1.8,0.579,0.541,1.7,0.562,0.541,1.8,0.587,0.541,0,-1.0,-40.547
20211009_1058,-21.31,174.38,532.3,NO.ARD1.00,69.548,25.509,128.255,1575.372,1593.483,1598.924,123.0,0.976,0.303,0.295,0.304,0.302,0.301,0.9,1.4,0.675,0.631,0.7,0.838,0.838,0.6,0.846,0.838,0.2,0.855,0.838,0.2,0.86,0.838,0.3,0.855,0.838,0,-1.0,-13.304
20211009_1058,-21.31,174.38,532.3,FR.LRVF.00,44.948,-0.31,155.961,1736.039,1781.433,1796.447,124.0,3.811,0.439,0.451,0.482,0.504,0.489,2.2,3.0,0.558,0.626,2.3,0.75,0.75,2.1,0.774,0.75,1.9,0.78,0.75,1.7,0.793,0.75,1.8,0.788,0.75,0,-1.0,-9.147
20211009_1058,-21.31,174.38,532.3,RO.ARR.,45.366,24.633,145.488,1678.245,1711.942,1722.659,125.0,2.646,0.374,0.268,0.247,0.248,0.258,2.9,3.0,0.851,0.833,2.9,0.776,0.776,11.2,0.435,0.776,10.5,0.466,0.776,10.4,0.465,0.776,10.6,0.453,0.776,0,-1.0,-38.547
20211009_1058,-21.31,174.38,532.3,CH.FIESA.,46.435,8.111,152.503,1717.353,1758.713,1772.213,126.0,2.185,0.269,0.279,0.275,0.269,0.266,1.4,-1.8,0.817,0.361,-1.0,0.753,0.753,-1.4,0.72,0.753,-1.6,0.718,0.753,-1.9,0.71,0.753,-1.8,0.708,0.753,0,-1.0,-20.586
20211009_1058,-21.31,174.38,532.3,BX.QNGWA.,-19.53,21.174,131.473,1595.325,1615.97,1622.227,127.0,,,,,,,-16.0,-8.0,0.0,0.0,-16.0,0.0,0.0,-16.0,0.0,0.0,-16.0,0.0,0.0,-16.0,0.0,0.0,-16.0,0.0,0.0,0,-1.0,-145.622
20211009_1058,-21.31,174.38,532.3,CR.7498.,45.748,16.613,149.551,1701.088,1739.14,1751.42,128.0,2.718,0.217,0.206,0.216,0.22,0.211,4.9,4.7,0.596,0.582,4.1,0.788,0.788,4.0,0.757,0.788,3.9,0.756,0.788,3.8,0.755,0.788,3.8,0.756,0.788,0,-1.0,-31.233
20211009_1058,-21.31,174.38,532.3,GE.BALJ.,32.087,35.64,141.85,1657.34,1687.338,1696.764,129.0,2.257,0.342,0.296,0.316,0.309,0.311,1.6,1.7,0.816,0.818,1.7,0.371,0.371,1.9,0.555,0.371,1.2,0.599,0.371,1.4,0.587,0.371,1.5,0.575,0.371,0,-1.0,-64.763
20211009_1058,-21.31,174.38,532.3,IV.CASP.,42.791,10.865,154.48,1728.081,1771.729,1786.086,130.0,0.735,-0.019,-0.073,-0.068,-0.061,-0.06,1.7,-1.0,0.429,-0.126,-5.5,0.659,0.659,-5.8,0.638,0.659,-5.9,0.628,0.659,-6.0,0.62,0.659,-6.0,0.624,0.659,0,-1.0,-28.661
20211009_1058,-21.31,174.38,532.3,EI.VAL.,51.939,-10.244,149.161,1698.921,1736.545,1748.67,131.0,1.79,0.35,0.247,0.263,0.271,0.265,0.5,0.7,0.801,0.818,-0.1,0.819,0.819,0.0,0.744,0.819,-0.1,0.741,0.819,-0.4,0.74,0.819,-0.3,0.741,0.819,0,-1.0,5.526
20211009_1058,-21.31,174.38,532.3,FR.VIEF.00,42.882,0.023,157.918,1746.449,1794.198,1810.099,132.0,2.337,0.6,0.63,0.635,0.638,0.633,1.1,1.3,0.817,0.812,0.6,0.7,0.7,0.2,0.773,0.7,0.0,0.761,0.7,-0.4,0.744,0.7,-0.4,0.754,0.7,0,-1.0,-10.904
20211009_1058,-21.31,174.38,532.3,CR.HVAR.,43.178,16.449,151.435,1711.501,1751.649,1764.699,133.0,3.585,0.219,0.167,0.165,0.161,0.171,4.3,3.8,0.537,0.601,4.2,0.474,0.474,2.9,0.49,0.474,2.4,0.534,0.474,2.2,0.563,0.474,2.4,0.535,0.474,0,-1.0,-34.756
20211009_1058,-21.31,174.38,532.3,CH.EMBD.,46.217,7.832,152.787,1718.901,1760.586,1774.207,134.0,2.044,0.205,0.176,0.161,0.146,0.142,-1.3,-1.4,0.629,0.667,-1.7,0.741,0.741,-2.0,0.74,0.741,-2.2,0.734,0.741,-2.5,0.733,0.741,-2.4,0.739,0.741,0,-1.0,-20.44
20211009_1058,-21.31,174.38,532.3,KO.CHOM.,41.097,40.761,136.321,1624.731,1649.517,1657.165,135.0,1.48,0.129,0.137,0.12,0.121,0.122,2.6,3.5,0.807,0.794,-4.3,0.48,0.48,-3.3,0.432,0.48,-4.1,0.372,0.48,-3.8,0.388,0.48,-3.5,0.407,0.48,0,-1.0,-52.182
20211009_1058,-21.31,174.38,532.3,ZC.SADR.00,18.193,-68.78,120.869,1528.337,1541.285,1545.128,136.0,1.432,0.191,0.272,0.229,0.248,0.264,-1.5,-5.3,0.59,-0.199,4.0,0.522,0.522,3.9,0.545,0.522,3.3,0.639,0.522,3.7,0.57,0.522,3.9,0.537,0.522,0,-1.0,81.08
20211009_1058,-21.31,174.38,532.3,HU.AMBH.,46.35,20.726,147.058,1687.131,1722.487,1733.793,137.0,2.878,0.202,0.257,0.254,0.25,0.257,-7.8,-4.0,0.738,-0.555,-8.5,0.661,0.661,-0.4,0.585,0.661,-0.5,0.68,0.661,-0.6,0.709,0.661,-0.6,0.67,0.661,0,-1.0,-34.149
20211009_1058,-21.31,174.38,532.3,GR.GRB4.,49.468,11.559,148.72,1696.46,1733.603,1745.553,138.0,1.587,0.354,0.383,0.399,0.41,0.398,2.7,-3.5,0.586,-0.825,1.5,0.527,0.527,0.9,0.584,0.527,0.7,0.615,0.527,0.5,0.636,0.527,0.5,0.614,0.527,0,-1.0,-21.571
20211009_1058,-21.31,174.38,532.3,KO.TAHT.,36.375,36.186,140.775,1651.075,1680.022,1689.085,139.0,3.335,0.114,0.271,0.083,0.082,0.265,6.3,5.6,0.578,0.492,6.7,0.623,0.623,-1.8,0.571,0.623,6.4,0.558,0.623,6.6,0.577,0.623,-2.0,0.54,0.623,0,-1.0,-58.058
20211009_1058,-21.31,174.38,532.3,CN.FRB.,63.747,-68.545,120.897,1528.52,1541.486,1545.334,140.0,2.706,0.269,0.105,0.109,0.114,0.108,-0.8,0.6,0.731,0.638,0.4,0.908,0.908,-0.1,0.91,0.908,-0.3,0.926,0.908,-0.2,0.936,0.908,-0.1,0.924,0.908,0,-1.0,27.367
20211009_1058,-21.31,174.38,532.3,EI.IDGL.,55.073,-7.51,146.207,1682.325,1716.779,1727.763,141.0,2.606,0.369,0.343,0.336,0.349,0.334,-0.2,0.3,0.59,0.354,4.5,0.389,0.389,-0.4,0.361,0.389,-0.7,0.376,0.389,4.0,0.41,0.389,4.0,0.393,0.389,0,-1.0,1.935
20211009_1058,-21.31,174.38,532.3,IV.IACL.,38.533,14.355,155.688,1734.577,1779.647,1794.54,142.0,0.747,0.151,0.179,0.195,0.206,0.188,-5.3,4.1,0.537,0.386,4.1,0.489,0.489,3.4,0.479,0.489,2.9,0.466,0.489,2.7,0.469,0.489,3.0,0.466,0.489,0,-1.0,-40.172
20211009_1058,-21.31,174.38,532.3,FR.ATE.01,43.086,-0.701,157.84,1746.039,1793.694,1809.56,143.0,1.391,0.208,0.328,0.352,0.388,0.374,3.2,2.8,0.827,0.804,2.6,0.869,0.869,2.2,0.898,0.869,2.1,0.902,0.869,1.7,0.911,0.869,1.9,0.907,0.869,0,-1.0,-9.431
20211009_1058,-21.31,174.38,532.3,BW.KW1.,48.122,12.597,149.465,1700.614,1738.572,1750.818,144.0,2.001,0.389,0.365,0.364,0.375,0.374,3.0,2.7,0.699,0.618,2.3,0.84,0.84,2.1,0.85,0.84,2.0,0.858,0.84,1.8,0.861,0.84,1.8,0.857,0.84,0,-1.0,-24.108
20211009_1058,-21.31,174.38,532.3,GR.GOLD.,52.922,9.425,146.342,1683.09,1717.686,1728.722,145.0,2.436,0.463,0.435,0.421,0.409,0.418,0.3,0.2,0.844,0.87,-0.3,0.874,0.874,-0.6,0.888,0.874,-0.8,0.896,0.874,-1.1,0.899,0.874,-1.0,0.896,0.874,0,-1.0,-16.321
20211009_1058,-21.31,174.38,532.3,WM.TIO.,30.927,-7.262,170.271,1809.349,1873.124,1895.291,146.0,6.74,0.19,0.139,0.151,0.162,0.159,1.7,2.5,0.919,0.855,1.1,0.835,0.835,0.5,0.809,0.835,0.5,0.825,0.835,0.6,0.849,0.835,0.5,0.832,0.835,0,-1.0,8.015
20211009_1058,-21.31,174.38,532.3,IV.MTCE.,42.023,12.742,154.175,1726.432,1769.723,1783.946,147.0,1.719,0.181,0.165,0.191,0.194,0.186,4.3,4.3,0.693,0.888,2.9,0.694,0.694,2.9,0.75,0.694,2.8,0.771,0.694,2.7,0.787,0.694,2.7,0.777,0.694,0,-1.0,-32.243
20211009_1058,-21.31,174.38,532.3,PL.NIE.,49.419,20.313,145.188,1676.538,1709.922,1720.529,148.0,2.059,0.265,0.291,0.295,0.295,0.287,0.7,-3.6,0.593,-0.201,0.0,0.467,0.467,-0.6,0.373,0.467,-1.1,0.386,0.467,-1.3,0.396,0.467,-1.2,0.386,0.467,0,-1.0,-29.78
20211009_1058,-21.31,174.38,532.3,II.BFO.00,48.33,8.33,150.76,1707.786,1747.177,1759.949,149.0,1.964,0.292,0.284,0.3,0.305,0.304,2.8,3.3,0.701,0.822,2.5,0.735,0.735,2.2,0.635,0.735,1.8,0.615,0.735,1.5,0.618,0.735,1.6,0.621,0.735,0,-1.0,-19.02
20211009_1058,-21.31,174.38,532.3,FR.STR.00,48.58,7.763,150.706,1707.488,1746.819,1759.569,150.0,1.815,0.444,0.4,0.397,0.403,0.401,1.4,1.9,0.789,0.695,0.9,0.59,0.59,0.4,0.563,0.59,0.1,0.56,0.59,-0.1,0.576,0.59,0.0,0.574,0.59,0,-1.0,-18.109
20211009_1058,-21.31,174.38,532.3,GR.BFO.,48.33,8.33,150.76,1707.786,1747.177,1759.949,151.0,1.933,0.327,0.315,0.33,0.337,0.336,2.9,3.2,0.693,0.793,2.4,0.757,0.757,2.1,0.657,0.757,1.7,0.641,0.757,1.4,0.645,0.757,1.5,0.646,0.757,0,-1.0,-19.02
20211009_1058,-21.31,174.38,532.3,GE.KIBK.,-2.359,38.043,131.179,1593.515,1613.923,1620.102,152.0,4.625,0.801,0.796,0.754,0.763,0.768,-0.4,0.0,0.868,0.854,-0.8,0.907,0.907,-0.5,0.9,0.907,-1.2,0.919,0.907,-1.0,0.918,0.907,-0.9,0.914,0.907,1,-1.0,-113.774
20211009_1058,-21.31,174.38,532.3,FR.LABF.00,43.046,0.073,157.75,1745.563,1793.109,1808.933,153.0,2.799,0.523,0.551,0.576,0.591,0.585,2.1,1.4,0.808,0.744,1.3,0.681,0.681,0.9,0.755,0.681,0.7,0.747,0.681,0.5,0.729,0.681,0.5,0.741,0.681,0,-1.0,-10.894
20211009_1058,-21.31,174.38,532.3,IV.PARC.,43.649,12.239,153.186,1721.072,1763.216,1777.008,154.0,3.96,0.178,0.235,0.276,0.299,0.27,2.9,2.9,0.614,0.667,2.8,0.795,0.795,2.6,0.799,0.795,2.4,0.798,0.795,2.2,0.797,0.795,2.3,0.799,0.795,0,-1.0,-29.246
20211009_1058,-21.31,174.38,532.3,GT.BOSA.00,-28.614,25.256,121.864,1534.778,1548.363,1552.4,155.0,4.367,0.408,0.46,0.457,0.444,0.454,0.1,0.0,0.643,0.652,0.4,0.552,0.552,0.6,0.701,0.552,0.6,0.691,0.552,0.7,0.652,0.552,0.7,0.683,0.552,0,-1.0,-148.063
20211009_1058,-21.31,174.38,532.3,WM.AVE.,33.298,-7.413,167.907,1797.686,1858.252,1879.117,156.0,2.211,0.43,0.379,0.397,0.424,0.393,0.0,-1.6,0.736,0.6,-1.6,0.915,0.915,-1.8,0.884,0.915,-1.9,0.874,0.915,-2.0,0.86,0.915,-2.0,0.868,0.915,0,-1.0,6.941
20211009_1058,-21.31,174.38,532.3,LU.FDGR.,49.534,5.864,150.343,1705.483,1744.41,1757.011,157.0,2.944,0.227,0.237,0.236,0.24,0.235,4.9,2.0,0.277,0.032,1.3,0.187,0.187,1.7,0.217,0.187,1.5,0.219,0.187,1.3,0.209,0.187,1.4,0.211,0.187,0,-1.0,-15.031
20211009_1058,-21.31,174.38,532.3,UD.MI28.,50.931,27.669,140.621,1650.178,1678.978,1687.99,158.0,1.319,0.075,0.11,0.112,0.113,0.109,-0.6,-3.9,0.889,0.798,-4.1,0.719,0.719,-4.3,0.77,0.719,-4.6,0.785,0.719,-4.8,0.778,0.719,-4.6,0.78,0.719,0,-1.0,-32.976
20211009_1058,-21.31,174.38,532.3,IV.BOB.,44.768,9.448,153.459,1722.555,1765.014,1778.924,159.0,4.069,0.184,0.144,0.148,0.149,0.144,5.1,4.7,0.315,0.672,4.3,0.603,0.603,4.4,0.649,0.603,4.2,0.657,0.603,4.0,0.67,0.603,4.2,0.664,0.603,0,-1.0,-24.195
20211009_1058,-21.31,174.38,532.3,KO.SVRC.,38.377,39.306,137.963,1634.517,1660.805,1668.959,160.0,1.037,0.198,0.382,0.373,0.378,0.382,-0.1,0.5,0.875,0.831,-2.7,0.746,0.746,-2.4,0.807,0.746,-2.6,0.816,0.746,-2.5,0.816,0.746,-2.4,0.816,0.746,0,-1.0,-55.768
20211009_1058,-21.31,174.38,532.3,GE.GHAJ.,31.303,35.566,141.987,1658.136,1688.27,1697.743,161.0,3.091,0.296,0.315,0.338,0.335,0.326,1.6,2.0,0.803,0.847,2.6,0.349,0.349,2.3,0.552,0.349,1.6,0.542,0.349,1.8,0.54,0.349,2.0,0.547,0.349,0,-1.0,-66.024
20211009_1058,-21.31,174.38,532.3,TH.MLFH.,50.79,12.081,147.421,1689.175,1724.919,1736.363,162.0,3.377,0.419,0.449,0.499,0.524,0.506,2.6,2.9,0.812,0.831,2.2,0.866,0.866,1.9,0.86,0.866,1.5,0.866,0.866,1.2,0.872,0.866,1.4,0.868,0.866,0,-1.0,-20.805
20211009_1058,-21.31,174.38,532.3,GB.CLGH.,55.083,-6.11,146.225,1682.427,1716.9,1727.891,163.0,1.478,0.223,0.172,0.183,0.184,0.179,-2.5,-2.6,0.832,0.621,-3.1,0.678,0.678,-2.9,0.629,0.678,-3.1,0.63,0.678,-3.4,0.642,0.678,-3.3,0.636,0.678,0,-1.0,0.502
20211009_1058,-21.31,174.38,532.3,MN.BNI.,45.052,6.678,154.193,1726.53,1769.843,1784.073,164.0,2.584,0.458,0.465,0.478,0.479,0.476,2.1,-3.2,0.701,-0.437,2.0,0.555,0.555,1.7,0.515,0.555,1.6,0.495,0.555,1.5,0.48,0.555,1.5,0.49,0.555,0,-1.0,-20.036
20211009_1058,-21.31,174.38,532.3,NA.SABY.,17.645,-63.221,125.863,1560.342,1576.67,1581.554,165.0,2.888,0.248,0.356,0.356,0.356,0.357,8.1,-5.4,0.428,-0.232,7.9,0.415,0.415,7.7,0.45,0.415,7.3,0.446,0.415,7.7,0.45,0.415,7.8,0.449,0.415,0,-1.0,83.268
20211009_1058,-21.31,174.38,532.3,MD.SORM.,48.135,28.351,141.838,1657.271,1687.258,1696.68,166.0,3.516,0.281,0.27,0.294,0.305,0.292,3.0,-3.2,0.733,-0.842,1.9,0.713,0.713,1.3,0.725,0.713,0.9,0.744,0.713,0.8,0.764,0.713,1.0,0.748,0.713,0,-1.0,-37.047
20211009_1058,-21.31,174.38,532.3,WI.CBE.00,16.067,-61.611,126.963,1567.28,1584.415,1589.55,167.0,2.698,0.55,0.434,0.386,0.411,0.432,-1.2,2.9,0.761,-0.658,-1.6,0.729,0.729,-2.2,0.692,0.729,-2.9,0.734,0.729,-2.6,0.709,0.729,-2.3,0.696,0.729,0,-1.0,85.648
20211009_1058,-21.31,174.38,532.3,NO.ARC3.00,69.533,25.523,128.264,1575.429,1593.548,1598.99,168.0,0.952,0.29,0.291,0.298,0.296,0.294,1.0,1.5,0.67,0.622,0.8,0.832,0.832,0.5,0.841,0.832,0.3,0.85,0.832,0.3,0.855,0.832,0.4,0.85,0.832,0,-1.0,-13.321
20211009_1058,-21.31,174.38,532.3,KV.IDJ.,-2.064,29.061,138.81,1639.528,1666.604,1675.026,169.0,5.967,0.644,0.604,0.606,0.606,0.606,1.2,1.0,0.739,0.653,0.2,0.77,0.77,0.4,0.746,0.77,0.1,0.783,0.77,0.0,0.795,0.77,0.2,0.772,0.77,0,-1.0,-120.56
20211009_1058,-21.31,174.38,532.3,GB.MCH1.,51.997,-2.998,149.245,1699.391,1737.107,1749.266,170.0,0.88,0.137,0.177,0.173,0.163,0.167,1.6,0.6,0.864,0.719,0.5,0.919,0.919,0.2,0.879,0.919,-0.1,0.893,0.919,-0.3,0.898,0.919,-0.2,0.894,0.919,0,-1.0,-3.136
20211009_1058,-21.31,174.38,532.3,RO.SIRR.,46.265,21.663,146.615,1684.63,1719.515,1730.653,171.0,1.674,0.329,0.295,0.341,0.356,0.33,-8.0,-3.5,0.624,-0.83,2.8,0.65,0.65,2.6,0.668,0.65,1.9,0.736,0.65,1.7,0.774,0.65,2.0,0.735,0.65,0,-1.0,-35.031
20211009_1058,-21.31,174.38,532.3,IV.MONC.,45.074,7.927,153.755,1724.16,1766.962,1781.001,172.0,1.861,0.369,0.336,0.332,0.323,0.339,1.9,2.1,0.71,0.767,1.3,0.907,0.907,1.4,0.873,0.907,1.4,0.865,0.907,1.3,0.853,0.907,1.3,0.859,0.907,0,-1.0,-21.776
20211009_1058,-21.31,174.38,532.3,BX.SOOWA.,-20.563,26.218,127.835,1572.748,1590.539,1595.879,173.0,5.601,0.599,0.606,0.614,0.62,0.611,1.1,1.4,0.859,0.897,0.5,0.831,0.831,0.5,0.863,0.831,0.4,0.865,0.831,0.3,0.868,0.831,0.4,0.865,0.831,1,0.0,-141.441
20211009_1058,-21.31,174.38,532.3,IV.MGAB.,42.913,12.112,153.811,1724.465,1767.333,1781.396,174.0,1.832,0.329,0.384,0.403,0.397,0.395,-2.2,2.2,0.853,-0.913,-2.8,0.825,0.825,-2.6,0.781,0.825,-2.8,0.741,0.825,-3.0,0.723,0.825,-2.9,0.747,0.825,0,-1.0,-30.123
20211009_1058,-21.31,174.38,532.3,GE.STU.,48.772,9.195,150.101,1704.143,1742.802,1755.305,175.0,3.208,0.329,0.346,0.38,0.398,0.387,3.3,3.6,0.884,0.786,2.4,0.925,0.925,2.2,0.934,0.925,2.0,0.932,0.925,1.9,0.932,0.925,1.9,0.934,0.925,0,-1.0,-19.629
20211009_1058,-21.31,174.38,532.3,MN.RTC.,33.988,-6.857,167.275,1794.536,1854.256,1874.782,176.0,0.586,0.134,0.134,0.133,0.133,0.132,0.6,0.0,0.826,0.671,0.4,0.81,0.81,-0.7,0.919,0.81,-0.8,0.907,0.81,-0.8,0.897,0.81,-0.8,0.907,0.81,0,-1.0,4.52
20211009_1058,-21.31,174.38,532.3,WI.ABD.00,16.474,-61.488,127.181,1568.648,1585.946,1591.131,177.0,2.52,0.435,0.508,0.522,0.525,0.513,0.5,1.1,0.779,0.746,0.4,0.81,0.81,0.3,0.817,0.81,-0.4,0.81,0.81,0.0,0.827,0.81,0.3,0.821,0.81,0,-1.0,85.191
20211009_1058,-21.31,174.38,532.3,GB.HMNX.,50.867,0.336,150.076,1704.004,1742.636,1755.128,178.0,1.083,0.332,0.288,0.265,0.256,0.25,-1.1,-1.3,0.609,0.636,-2.1,0.725,0.725,-2.6,0.688,0.725,-2.9,0.695,0.725,-3.1,0.711,0.725,-3.1,0.706,0.725,0,-1.0,-7.489
20211009_1058,-21.31,174.38,532.3,GB.KPL.,57.339,-5.653,143.971,1669.583,1701.71,1711.877,179.0,0.983,0.354,0.391,0.406,0.404,0.402,0.2,0.9,0.722,0.595,0.4,0.777,0.777,-0.2,0.827,0.777,-0.4,0.827,0.777,-0.5,0.815,0.777,-0.5,0.817,0.777,0,-1.0,0.03
20211009_1058,-21.31,174.38,532.3,IV.ATFO.,43.367,12.571,153.248,1721.41,1763.626,1777.445,180.0,2.232,0.093,0.095,0.133,0.155,0.131,2.3,2.1,0.773,0.763,2.0,0.614,0.614,2.0,0.607,0.614,1.7,0.584,0.614,1.5,0.57,0.614,1.7,0.59,0.614,0,-1.0,-30.052
20211009_1058,-21.31,174.38,532.3,CZ.MORC.,49.777,17.542,146.16,1682.06,1716.464,1727.432,181.0,2.824,0.236,0.29,0.3,0.305,0.299,4.5,4.8,0.749,0.817,4.6,0.793,0.793,4.2,0.788,0.793,3.9,0.803,0.793,3.7,0.815,0.793,3.8,0.806,0.793,0,-1.0,-27.023
20211009_1058,-21.31,174.38,532.3,NO.ARB2.00,69.536,25.513,128.264,1575.429,1593.547,1598.99,182.0,0.922,0.293,0.291,0.296,0.295,0.293,0.9,1.4,0.683,0.648,0.8,0.837,0.837,0.5,0.845,0.837,0.3,0.853,0.837,0.3,0.858,0.837,0.4,0.854,0.837,0,-1.0,-13.315
20211009_1058,-21.31,174.38,532.3,NO.ARD2.00,69.545,25.531,128.253,1575.359,1593.468,1598.908,183.0,0.987,0.289,0.289,0.293,0.292,0.291,1.0,1.4,0.669,0.635,0.7,0.823,0.823,0.5,0.833,0.823,0.2,0.841,0.823,0.2,0.846,0.823,0.3,0.841,0.823,0,-1.0,-13.314
20211009_1058,-21.31,174.38,532.3,RO.BANR.,45.383,21.137,147.454,1689.365,1725.144,1736.602,184.0,2.795,0.083,0.228,0.221,0.211,0.221,0.4,0.5,0.85,0.924,0.0,0.665,0.665,6.5,0.639,0.665,6.3,0.62,0.665,6.2,0.592,0.665,6.2,0.624,0.665,0,-1.0,-35.857
20211009_1058,-21.31,174.38,532.3,GR.ZARR.,53.554,10.917,145.375,1677.605,1711.184,1721.86,185.0,1.157,0.253,0.253,0.226,0.205,0.215,-0.8,-4.1,0.465,-0.193,-1.2,0.624,0.624,-1.4,0.659,0.624,-1.7,0.654,0.624,-1.9,0.651,0.624,-1.8,0.651,0.624,0,-1.0,-17.236
20211009_1058,-21.31,174.38,532.3,FR.RUSF.05,43.936,5.483,155.572,1733.953,1778.885,1793.726,186.0,2.065,0.475,0.469,0.465,0.465,0.47,1.2,1.6,0.776,0.721,0.8,0.556,0.556,0.8,0.62,0.556,0.6,0.61,0.556,0.3,0.596,0.556,0.4,0.61,0.556,0,-1.0,-19.391
20211009_1058,-21.31,174.38,532.3,IV.ATVO.,43.382,12.407,153.313,1721.765,1764.056,1777.903,187.0,3.047,0.279,0.274,0.294,0.307,0.293,2.3,3.1,0.559,0.583,2.3,0.616,0.616,2.4,0.594,0.616,2.2,0.594,0.616,2.0,0.588,0.616,2.2,0.594,0.616,0,-1.0,-29.828
20211009_1058,-21.31,174.38,532.3,RD.ORIF.,44.918,5.88,154.563,1728.529,1772.275,1786.669,188.0,3.105,0.402,0.404,0.43,0.447,0.438,2.2,2.1,0.949,0.931,2.0,0.815,0.815,1.5,0.801,0.815,1.1,0.787,0.815,0.9,0.777,0.815,1.0,0.787,0.815,0,-1.0,-19.007
20211009_1058,-21.31,174.38,532.3,RO.SULR.,44.678,26.253,144.895,1674.867,1707.946,1718.446,189.0,1.495,0.243,0.378,0.297,0.294,0.393,-7.1,-2.7,0.609,-0.684,1.0,0.592,0.592,-10.9,0.517,0.592,-9.1,0.612,0.592,-9.2,0.623,0.592,0.1,0.471,0.592,0,-1.0,-40.652
20211009_1058,-21.31,174.38,532.3,CH.ACB.,47.588,8.255,151.441,1711.537,1751.691,1764.745,190.0,2.637,0.392,0.376,0.378,0.365,0.375,3.9,4.1,0.747,0.85,3.9,0.67,0.67,3.9,0.706,0.67,3.6,0.688,0.67,3.3,0.665,0.67,3.4,0.681,0.67,0,-1.0,-19.628
20211009_1058,-21.31,174.38,532.3,G.EDA.00,3.779,10.153,156.715,1740.063,1786.358,1801.711,191.0,3.611,0.494,0.521,0.561,0.584,0.555,1.2,1.1,0.924,0.895,0.8,0.894,0.894,0.7,0.882,0.894,0.5,0.887,0.894,0.2,0.895,0.894,0.4,0.885,0.894,0,-1.0,-137.241
20211009_1058,-21.31,174.38,532.3,GE.MATE.,40.649,16.704,152.948,1719.781,1761.651,1775.341,192.0,0.873,0.071,0.11,0.11,0.115,0.106,5.1,-4.6,0.594,-0.756,5.4,0.675,0.675,5.1,0.684,0.675,4.8,0.682,0.675,4.6,0.681,0.675,4.8,0.69,0.675,0,-1.0,-39.086
20211009_1058,-21.31,174.38,532.3,IV.SNTG.,43.255,12.941,153.158,1720.92,1763.031,1776.811,193.0,4.189,0.244,0.27,0.312,0.329,0.299,3.2,3.5,0.867,0.874,3.4,0.94,0.94,3.2,0.924,0.94,3.0,0.911,0.94,2.8,0.899,0.94,2.9,0.909,0.94,0,-1.0,-30.667
20211009_1058,-21.31,174.38,532.3,GE.KTHA.,36.257,23.062,150.925,1708.698,1748.274,1761.113,194.0,3.041,0.215,0.243,0.237,0.237,0.239,-1.0,5.4,0.602,-0.534,-0.5,0.414,0.414,7.4,0.502,0.414,6.5,0.469,0.414,6.8,0.488,0.414,6.9,0.499,0.414,0,-1.0,-52.622
20211009_1058,-21.31,174.38,532.3,OE.RETA.,47.487,10.762,150.677,1707.33,1746.629,1759.367,195.0,2.511,0.575,0.494,0.498,0.487,0.494,-0.3,-0.1,0.763,0.608,-0.5,0.857,0.857,-1.0,0.872,0.857,-1.3,0.885,0.857,-1.4,0.889,0.857,-1.4,0.886,0.857,0,-1.0,-22.75
20211009_1058,-21.31,174.38,532.3,EE.VSU.,58.462,26.735,136.169,1623.822,1648.473,1656.075,196.0,1.891,0.398,0.409,0.42,0.422,0.419,1.2,2.0,0.73,0.621,1.2,0.887,0.887,0.9,0.885,0.887,0.5,0.881,0.887,0.5,0.889,0.887,0.5,0.89,0.887,0,-1.0,-23.812
20211009_1058,-21.31,174.38,532.3,CZ.HSKC.,50.607,13.432,147.109,1687.42,1722.83,1734.156,197.0,0.345,-0.078,-0.108,-0.111,-0.114,-0.111,-0.1,3.8,0.915,1.0,3.9,0.06,0.06,3.5,0.046,0.06,3.0,0.046,0.06,-5.2,0.056,0.06,-5.1,0.046,0.06,0,-1.0,-22.315
20211009_1058,-21.31,174.38,532.3,KO.KMRS.,37.509,36.9,139.993,1646.498,1674.694,1683.499,198.0,2.307,0.388,0.331,0.302,0.302,0.317,1.1,1.5,0.744,0.855,1.6,0.832,0.832,1.5,0.838,0.832,0.7,0.818,0.832,0.9,0.838,0.832,1.1,0.848,0.832,0,-1.0,-56.49
20211009_1058,-21.31,174.38,532.3,NO.ARC2.00,69.538,25.523,128.26,1575.403,1593.518,1598.96,199.0,0.984,0.298,0.291,0.3,0.297,0.298,1.0,1.5,0.664,0.616,0.7,0.827,0.827,0.6,0.836,0.827,0.2,0.845,0.827,0.3,0.849,0.827,0.3,0.845,0.827,0,-1.0,-13.317
20211009_1058,-21.31,174.38,532.3,IV.FIAM.,42.268,13.117,153.806,1724.438,1767.3,1781.361,200.0,2.991,0.126,0.207,0.204,0.212,0.206,-5.2,-0.8,0.874,-0.755,-5.4,0.873,0.873,-5.3,0.835,0.873,-5.4,0.8,0.873,-5.5,0.781,0.873,-5.5,0.806,0.873,0,-1.0,-32.34
20211009_1058,-21.31,174.38,532.3,CR.7496.,45.27,16.909,149.746,1702.172,1740.439,1752.797,201.0,1.894,0.287,0.334,0.355,0.351,0.348,2.7,-3.6,0.59,-0.649,-0.6,0.639,0.639,-0.3,0.715,0.639,-0.5,0.752,0.639,-0.6,0.77,0.639,-0.5,0.749,0.639,0,-1.0,-32.184
20211009_1058,-21.31,174.38,532.3,CZ.OSTC.,50.556,16.216,146.105,1681.747,1716.093,1727.039,202.0,1.676,0.341,0.377,0.412,0.432,0.412,-5.5,-0.5,0.741,-0.746,-5.8,0.668,0.668,2.5,0.694,0.668,2.3,0.695,0.668,2.2,0.693,0.668,2.2,0.695,0.668,0,-1.0,-24.963
20211009_1058,-21.31,174.38,532.3,CH.MUGIO.,45.922,9.042,152.629,1718.04,1759.544,1773.098,203.0,1.433,0.43,0.432,0.435,0.439,0.437,2.2,2.6,0.754,0.743,2.5,0.815,0.815,2.2,0.806,0.815,2.0,0.786,0.815,1.7,0.762,0.815,1.8,0.773,0.815,0,-1.0,-22.341
20211009_1058,-21.31,174.38,532.3,RO.LOT.,45.446,23.77,145.941,1680.815,1714.988,1725.873,204.0,2.559,0.483,0.439,0.435,0.437,0.437,1.1,1.2,0.81,0.822,-0.6,0.82,0.82,-0.3,0.773,0.82,-0.5,0.725,0.82,-0.7,0.746,0.82,-0.5,0.753,0.82,0,-1.0,-37.812
20211009_1058,-21.31,174.38,532.3,MN.TIP.,39.179,16.758,153.815,1724.485,1767.357,1781.422,205.0,1.096,-0.038,-0.1,-0.079,-0.075,-0.088,2.5,3.0,0.88,0.834,3.0,0.758,0.758,2.9,0.716,0.758,2.9,0.672,0.758,2.8,0.663,0.758,2.8,0.681,0.758,0,-1.0,-41.72
20211009_1058,-21.31,174.38,532.3,CH.PLONS.,47.049,9.381,151.54,1712.08,1752.346,1765.44,206.0,4.29,0.467,0.438,0.443,0.433,0.442,2.8,2.9,0.704,0.861,2.6,0.721,0.721,2.5,0.661,0.721,2.1,0.628,0.721,1.7,0.609,0.721,1.9,0.624,0.721,0,-1.0,-21.563
20211009_1058,-21.31,174.38,532.3,TH.MENTE.,51.316,10.58,147.443,1689.301,1725.068,1736.522,207.0,2.314,0.289,0.353,0.391,0.405,0.393,-3.5,-3.5,0.756,0.726,-3.7,0.742,0.742,-4.1,0.747,0.742,-4.3,0.741,0.742,-4.6,0.734,0.742,-4.5,0.739,0.742,0,-1.0,-18.807
20211009_1058,-21.31,174.38,532.3,LD.UCCT.,41.794,-72.226,121.197,1530.467,1543.624,1547.53,208.0,0.351,-0.034,-0.076,0.005,0.005,-0.077,-11.2,-1.6,0.252,-0.993,5.0,0.342,0.342,-7.2,0.39,0.342,-2.9,0.539,0.342,-3.0,0.536,0.342,-7.2,0.391,0.342,0,-1.0,53.211
20211009_1058,-21.31,174.38,532.3,GU.STV.,44.245,7.326,154.686,1729.192,1773.081,1787.53,209.0,1.896,0.369,0.376,0.368,0.357,0.368,8.3,4.4,0.694,-0.413,-0.9,0.64,0.64,-1.7,0.601,0.64,-1.9,0.577,0.64,-2.2,0.551,0.64,-2.1,0.566,0.64,0,-1.0,-21.84
20211009_1058,-21.31,174.38,532.3,GT.DBIC.00,6.67,-4.857,165.342,1784.823,1841.986,1861.496,210.0,1.946,-0.022,0.135,0.13,0.119,0.126,0.0,0.6,0.898,0.859,5.3,0.518,0.518,4.8,0.659,0.518,4.8,0.663,0.518,4.8,0.67,0.518,4.8,0.666,0.518,0,-1.0,-177.098
20211009_1058,-21.31,174.38,532.3,CH.HAUIG.,47.66,7.7,151.548,1712.124,1752.4,1765.497,211.0,4.09,0.331,0.323,0.329,0.338,0.34,2.1,3.3,0.902,0.916,2.5,0.781,0.781,2.5,0.822,0.781,2.3,0.812,0.781,1.9,0.787,0.781,2.0,0.801,0.781,0,-1.0,-18.866
20211009_1058,-21.31,174.38,532.3,SI.KOSI.,46.463,11.378,151.3,1710.759,1750.755,1763.75,212.0,0.351,0.059,0.058,0.055,0.05,0.055,-0.1,-4.1,0.985,0.963,2.3,0.343,0.343,1.6,0.442,0.343,1.3,0.469,0.343,1.2,0.469,0.343,1.3,0.463,0.343,0,-1.0,-24.621
20211009_1058,-21.31,174.38,532.3,KV.RGB.,-1.345,29.365,138.985,1640.564,1667.805,1676.283,213.0,7.929,0.512,0.495,0.498,0.495,0.495,0.2,0.6,0.865,0.838,0.1,0.831,0.831,0.4,0.814,0.831,0.0,0.836,0.831,0.1,0.828,0.831,0.2,0.826,0.831,0,-1.0,-119.404
20211009_1058,-21.31,174.38,532.3,CH.VDR.,46.206,9.166,152.34,1716.465,1757.64,1771.071,214.0,2.656,0.373,0.395,0.407,0.412,0.413,3.3,3.5,0.879,0.877,3.0,0.834,0.834,2.7,0.81,0.834,2.3,0.794,0.834,1.9,0.787,0.834,2.2,0.793,0.834,0,-1.0,-22.191
20211009_1058,-21.31,174.38,532.3,RO.LEOM.,46.473,28.247,142.773,1662.686,1693.602,1703.346,215.0,4.401,0.38,0.256,0.245,0.241,0.246,2.5,2.4,0.719,0.756,2.4,0.792,0.792,1.9,0.721,0.792,1.6,0.688,0.792,1.6,0.689,0.792,1.6,0.701,0.792,0,-1.0,-39.29
20211009_1058,-21.31,174.38,532.3,FR.RUSF.03,43.936,5.466,155.577,1733.98,1778.917,1793.761,216.0,2.156,0.481,0.481,0.476,0.473,0.482,1.3,1.4,0.833,0.781,1.0,0.673,0.673,1.0,0.73,0.673,0.8,0.716,0.673,0.6,0.694,0.673,0.6,0.713,0.673,0,-1.0,-19.364
20211009_1058,-21.31,174.38,532.3,NA.SEUH.,17.474,-62.952,126.07,1561.651,1578.13,1583.06,217.0,6.657,0.563,0.613,0.61,0.616,0.616,0.8,0.9,0.871,0.855,0.4,0.856,0.856,0.0,0.882,0.856,-0.5,0.906,0.856,0.0,0.894,0.856,0.1,0.889,0.856,1,2.0,83.55
20211009_1058,-21.31,174.38,532.3,BX.LPHEP.,-23.363,25.86,125.821,1560.077,1576.375,1581.249,218.0,4.76,0.505,0.515,0.518,0.521,0.517,0.6,0.8,0.699,0.858,0.5,0.801,0.801,0.5,0.828,0.801,0.4,0.819,0.801,0.2,0.793,0.801,0.4,0.813,0.801,0,-1.0,-143.888
20211009_1058,-21.31,174.38,532.3,G.FDFM.10,14.735,-61.16,127.031,1567.704,1584.889,1590.04,219.0,3.673,0.678,0.455,0.422,0.441,0.451,0.1,0.4,0.743,0.779,0.1,0.776,0.776,0.0,0.698,0.776,-0.9,0.629,0.776,-0.2,0.667,0.776,0.0,0.696,0.776,0,-1.0,87.404
20211009_1058,-21.31,174.38,532.3,OX.PRED.,46.443,13.565,150.421,1705.912,1744.925,1757.557,220.0,3.839,0.343,0.35,0.34,0.339,0.348,1.7,1.5,0.824,0.847,0.7,0.85,0.85,0.6,0.823,0.85,0.4,0.828,0.85,0.2,0.833,0.85,0.2,0.83,0.85,0,-1.0,-27.137
20211009_1058,-21.31,174.38,532.3,FR.MON.00,43.73,7.425,155.099,1731.415,1775.789,1790.42,221.0,2.875,0.598,0.54,0.558,0.559,0.548,0.5,-0.1,0.477,0.426,0.2,0.722,0.722,-0.2,0.682,0.722,-0.4,0.671,0.722,-0.6,0.665,0.722,-0.6,0.67,0.722,0,-1.0,-22.573
20211009_1058,-21.31,174.38,532.3,LD.MCVT.,43.954,-72.992,120.683,1527.13,1539.96,1543.767,222.0,1.559,0.105,0.105,0.106,0.105,0.105,-1.5,-5.0,0.635,-0.559,-8.5,0.457,0.457,-8.8,0.509,0.457,-8.8,0.51,0.457,-8.8,0.511,0.457,-8.8,0.51,0.457,0,-1.0,50.677
20211009_1058,-21.31,174.38,532.3,FN.OUL.,65.086,25.893,131.619,1596.219,1616.984,1623.279,223.0,3.316,0.491,0.49,0.495,0.487,0.488,3.6,3.6,0.594,0.527,2.7,0.55,0.55,2.4,0.577,0.55,1.9,0.584,0.55,2.0,0.586,0.55,2.1,0.584,0.55,0,-1.0,-17.125
20211009_1058,-21.31,174.38,532.3,OE.FETA.,47.021,10.729,151.082,1709.561,1749.312,1762.216,224.0,3.054,0.493,0.467,0.487,0.491,0.486,-4.8,-4.9,0.526,0.393,-5.9,0.538,0.538,-6.3,0.553,0.538,0.1,0.606,0.538,-0.1,0.65,0.538,0.0,0.62,0.538,0,-1.0,-23.221
20211009_1058,-21.31,174.38,532.3,TH.PLN.,50.485,12.157,147.654,1690.485,1726.478,1738.012,225.0,0.336,-0.004,-0.026,-0.032,-0.034,-0.029,2.5,2.5,0.921,0.719,1.5,0.55,0.55,1.1,0.527,0.55,0.8,0.529,0.55,0.5,0.53,0.55,0.6,0.527,0.55,0,-1.0,-21.178
20211009_1058,-21.31,174.38,532.3,IV.SOLUN.,38.092,13.533,156.466,1738.739,1784.736,1799.977,226.0,1.282,0.189,0.138,0.157,0.161,0.149,-4.5,-5.0,0.782,0.776,-5.7,0.793,0.793,-5.7,0.698,0.793,-5.9,0.672,0.793,-6.0,0.666,0.793,-5.9,0.675,0.793,0,-1.0,-39.972
20211009_1058,-21.31,174.38,532.3,CH.FUSIO.,46.455,8.663,152.3,1716.247,1757.376,1770.79,227.0,3.791,0.499,0.556,0.572,0.584,0.579,2.9,3.2,0.84,0.814,2.9,0.932,0.932,2.5,0.923,0.932,2.2,0.917,0.932,1.9,0.918,0.932,2.1,0.921,0.932,0,-1.0,-21.281
20211009_1058,-21.31,174.38,532.3,NA.SEUT.,17.471,-62.976,126.048,1561.51,1577.973,1582.898,228.0,6.315,0.53,0.613,0.617,0.613,0.607,1.1,1.1,0.94,0.918,0.8,0.862,0.862,0.4,0.916,0.862,-0.2,0.927,0.862,0.3,0.922,0.862,0.4,0.917,0.862,1,2.0,83.547
20211009_1058,-21.31,174.38,532.3,RO.DRGR.,46.792,22.711,145.723,1679.579,1713.523,1724.327,229.0,2.565,0.319,0.21,0.195,0.196,0.199,-4.1,-3.9,0.682,0.795,-4.1,0.757,0.757,-4.4,0.455,0.757,-4.7,0.476,0.757,-4.9,0.473,0.757,-4.7,0.469,0.757,0,-1.0,-35.113
20211009_1058,-21.31,174.38,532.3,UD.AKBB.,50.701,29.224,139.951,1646.252,1674.408,1683.199,230.0,2.56,0.471,0.438,0.428,0.427,0.43,1.4,1.1,0.729,0.64,0.3,0.918,0.918,-0.1,0.932,0.918,-0.3,0.919,0.918,-0.3,0.916,0.918,-0.3,0.922,0.918,0,-1.0,-34.163
20211009_1058,-21.31,174.38,532.3,CZ.TREC.,49.295,15.487,147.385,1688.973,1724.678,1736.109,231.0,1.65,0.385,0.435,0.442,0.44,0.443,3.3,-3.1,0.549,-0.869,0.9,0.489,0.489,0.0,0.563,0.489,-0.2,0.61,0.489,-0.4,0.638,0.489,-0.3,0.615,0.489,0,-1.0,-25.707
20211009_1058,-21.31,174.38,532.3,OE.DAVA.,47.287,9.88,151.162,1710.003,1749.844,1762.781,232.0,2.701,0.426,0.353,0.34,0.326,0.334,7.0,2.8,0.659,-0.331,-9.7,0.439,0.439,-10.1,0.459,0.439,-10.3,0.462,0.439,-10.5,0.462,0.439,-10.3,0.465,0.439,0,-1.0,-21.92
20211009_1058,-21.31,174.38,532.3,PL.BEL.,51.837,20.792,143.255,1665.466,1696.866,1706.779,233.0,1.776,0.249,0.231,0.207,0.214,0.199,-0.4,-0.4,0.886,0.899,-1.1,0.896,0.896,-1.4,0.885,0.896,-1.6,0.88,0.896,-1.6,0.877,0.896,-1.6,0.877,0.896,0,-1.0,-27.265
20211009_1058,-21.31,174.38,532.3,NL.VKB.,50.867,5.785,149.121,1698.7,1736.281,1748.39,234.0,2.303,0.283,0.288,0.309,0.313,0.305,1.8,-4.7,0.625,-0.246,3.1,0.493,0.493,2.8,0.452,0.493,2.6,0.435,0.493,2.4,0.426,0.493,2.5,0.434,0.493,0,-1.0,-13.983
20211009_1058,-21.31,174.38,532.3,OE.ARSA.,47.25,15.523,148.946,1697.72,1735.109,1747.149,235.0,2.307,0.36,0.359,0.351,0.354,0.353,2.0,2.1,0.6,0.607,1.3,0.874,0.874,1.0,0.905,0.874,0.8,0.905,0.874,0.6,0.901,0.874,0.6,0.91,0.874,0,-1.0,-28.185
20211009_1058,-21.31,174.38,532.3,NO.ARC5.00,69.53,25.498,128.272,1575.477,1593.601,1599.046,236.0,0.941,0.324,0.309,0.317,0.312,0.315,0.9,1.4,0.661,0.617,0.7,0.856,0.856,0.5,0.861,0.856,0.2,0.871,0.856,0.3,0.875,0.856,0.3,0.871,0.856,0,-1.0,-13.314
20211009_1058,-21.31,174.38,532.3,IV.GALF.,37.711,14.566,156.07,1736.619,1782.142,1797.205,237.0,1.528,0.027,-0.039,-0.073,-0.073,-0.06,0.1,0.2,0.914,0.93,0.1,0.813,0.813,-0.1,0.667,0.813,-0.5,0.63,0.813,-0.6,0.625,0.813,-0.5,0.63,0.813,0,-1.0,-41.99
20211009_1058,-21.31,174.38,532.3,RO.BZS.,45.619,21.64,147.032,1686.984,1722.311,1733.607,238.0,3.255,0.289,0.323,0.353,0.358,0.348,3.0,3.1,0.712,0.759,-8.5,0.482,0.482,2.1,0.484,0.482,1.4,0.57,0.482,1.2,0.622,0.482,1.4,0.552,0.482,0,-1.0,-35.928
20211009_1058,-21.31,174.38,532.3,MN.BZS.,45.619,21.64,147.032,1686.984,1722.311,1733.607,239.0,3.255,0.289,0.323,0.353,0.358,0.348,3.0,3.1,0.712,0.759,-8.5,0.482,0.482,2.1,0.484,0.482,1.4,0.57,0.482,1.2,0.622,0.482,1.4,0.552,0.482,0,-1.0,-35.928
20211009_1058,-21.31,174.38,532.3,IV.MSSA.,44.316,9.517,153.81,1724.458,1767.324,1781.387,240.0,1.947,0.342,0.357,0.353,0.35,0.354,-1.1,0.2,0.62,0.614,-0.1,0.709,0.709,-0.1,0.66,0.709,-0.1,0.667,0.709,-0.1,0.664,0.709,-0.1,0.659,0.709,0,-1.0,-24.835
20211009_1058,-21.31,174.38,532.3,TH.SPAHL.,50.653,9.91,148.227,1693.702,1730.312,1742.069,241.0,0.472,0.121,0.14,0.141,0.139,0.141,1.2,1.3,0.647,0.714,0.5,0.802,0.802,0.1,0.835,0.802,0.0,0.845,0.802,-0.2,0.854,0.802,-0.1,0.849,0.802,0,-1.0,-18.7
20211009_1058,-21.31,174.38,532.3,NO.ARB1.00,69.538,25.508,128.263,1575.425,1593.543,1598.986,242.0,0.966,0.306,0.303,0.307,0.305,0.304,0.9,1.4,0.668,0.625,0.7,0.84,0.84,0.5,0.85,0.84,0.3,0.858,0.84,0.3,0.863,0.84,0.4,0.858,0.84,0,-1.0,-13.312
20211009_1058,-21.31,174.38,532.3,OE.SQTA.,47.221,11.209,150.736,1707.656,1747.021,1759.783,243.0,3.126,0.473,0.454,0.444,0.428,0.444,0.3,0.9,0.632,0.606,0.0,0.731,0.731,-0.5,0.756,0.731,-0.8,0.754,0.731,-0.9,0.765,0.731,-0.8,0.763,0.731,0,-1.0,-23.561
20211009_1058,-21.31,174.38,532.3,FR.URDF.00,43.438,-0.593,157.479,1744.126,1791.343,1807.044,244.0,1.847,0.386,0.438,0.458,0.47,0.465,2.1,2.2,0.733,0.642,2.1,0.579,0.579,1.9,0.654,0.579,1.6,0.643,0.579,1.4,0.625,0.579,1.4,0.628,0.579,0,-1.0,-9.44
20211009_1058,-21.31,174.38,532.3,DK.NIAQ.00,70.789,-53.664,123.239,1543.624,1558.119,1562.436,245.0,1.37,0.144,0.17,0.156,0.153,0.162,-8.8,-5.2,0.668,-0.582,-2.0,0.456,0.456,-9.4,0.504,0.456,-2.6,0.516,0.456,-2.5,0.502,0.456,-2.5,0.496,0.456,0,-1.0,17.033
20211009_1058,-21.31,174.38,532.3,KO.LADK.,38.2,32.365,143.301,1665.73,1697.177,1707.106,246.0,1.081,-0.062,-0.014,-0.015,-0.014,-0.014,1.6,1.1,0.804,0.504,7.4,0.795,0.795,9.0,0.619,0.795,8.1,0.645,0.795,8.1,0.66,0.795,8.5,0.656,0.795,0,-1.0,-53.972
20211009_1058,-21.31,174.38,532.3,PR.SMDR.,19.29,-69.188,120.762,1527.643,1540.524,1544.346,247.0,1.922,0.091,0.3,0.256,0.286,0.297,6.4,2.3,0.515,-0.683,5.5,0.426,0.426,-2.4,0.466,0.426,-3.2,0.476,0.426,-2.7,0.471,0.426,-2.4,0.466,0.426,0,-1.0,79.73
20211009_1058,-21.31,174.38,532.3,LX.MORF.,37.304,-8.653,163.791,1776.95,1832.094,1850.816,248.0,1.222,0.107,0.031,0.04,0.054,0.044,-4.2,4.5,0.619,0.465,3.6,0.644,0.644,3.3,0.626,0.644,3.1,0.642,0.644,2.8,0.669,0.644,2.9,0.658,0.644,0,-1.0,8.485
20211009_1058,-21.31,174.38,532.3,KO.LOD.,39.888,32.763,142.504,1661.131,1691.778,1701.429,249.0,1.793,0.116,0.14,0.127,0.125,0.142,1.8,5.2,0.619,-0.232,1.6,0.697,0.697,6.7,0.55,0.697,-3.5,0.493,0.697,-3.6,0.51,0.697,6.5,0.544,0.697,0,-1.0,-51.451
20211009_1058,-21.31,174.38,532.3,GE.SUMG.,72.574,-38.462,125.53,1558.235,1574.324,1579.133,250.0,1.47,0.1,0.124,0.09,0.066,0.089,-0.3,-2.7,0.576,-0.297,5.2,0.546,0.546,5.8,0.612,0.546,5.4,0.531,0.546,5.5,0.524,0.546,5.6,0.558,0.546,0,-1.0,11.522
20211009_1058,-21.31,174.38,532.3,IV.ORI.,40.051,16.45,153.473,1722.633,1765.109,1779.025,251.0,1.185,0.227,0.185,0.17,0.168,0.18,-5.3,-1.0,0.673,-0.766,-6.2,0.585,0.585,-6.3,0.493,0.585,-6.6,0.477,0.585,-6.7,0.484,0.585,-6.6,0.484,0.585,0,-1.0,-39.842
20211009_1058,-21.31,174.38,532.3,FR.ESCA.01,43.831,7.374,155.03,1731.043,1775.335,1789.936,252.0,4.676,0.555,0.521,0.525,0.523,0.524,0.9,0.9,0.648,0.742,0.7,0.842,0.842,0.2,0.874,0.842,-0.1,0.889,0.842,-0.2,0.884,0.842,-0.1,0.888,0.842,0,-1.0,-22.381
20211009_1058,-21.31,174.38,532.3,CZ.NKC.,50.233,12.448,147.767,1691.121,1727.235,1738.813,253.0,2.239,0.5,0.523,0.537,0.544,0.538,1.2,-3.2,0.745,-0.93,0.7,0.699,0.699,0.0,0.738,0.699,-0.2,0.762,0.699,-0.5,0.779,0.699,-0.3,0.766,0.699,0,-1.0,-21.721
20211009_1058,-21.31,174.38,532.3,RO.MDVR.,44.782,21.713,147.504,1689.645,1725.478,1736.955,254.0,1.381,0.188,0.217,0.235,0.241,0.229,3.2,3.8,0.62,0.293,9.8,0.164,0.164,9.6,0.191,0.164,0.9,0.224,0.164,0.8,0.268,0.164,1.0,0.213,0.164,0,-1.0,-37.202
20211009_1058,-21.31,174.38,532.3,GE.ILTH.,54.028,-6.336,147.278,1688.37,1723.96,1735.35,255.0,5.088,0.351,0.393,0.395,0.392,0.394,1.2,3.2,0.746,0.545,2.4,0.717,0.717,1.8,0.72,0.717,1.6,0.745,0.717,1.6,0.765,0.717,1.6,0.754,0.717,0,-1.0,0.774
20211009_1058,-21.31,174.38,532.3,CZ.STAC.,49.03,15.3,147.669,1690.571,1726.579,1738.12,256.0,4.141,0.276,0.348,0.364,0.368,0.363,2.2,1.9,0.775,0.757,1.5,0.856,0.856,0.9,0.881,0.856,0.6,0.892,0.856,0.3,0.901,0.856,0.5,0.895,0.856,0,-1.0,-25.832
20211009_1058,-21.31,174.38,532.3,GR.ASSE.,52.128,10.674,146.702,1685.123,1720.101,1731.271,257.0,3.258,0.501,0.499,0.49,0.481,0.483,0.1,4.4,0.781,-0.859,-0.3,0.765,0.765,-0.5,0.745,0.765,-0.8,0.751,0.765,-1.1,0.746,0.765,-1.0,0.746,0.765,0,-1.0,-18.193
20211009_1058,-21.31,174.38,532.3,DK.MUD.00,56.455,9.173,143.191,1665.097,1696.433,1706.323,258.0,1.574,0.183,0.178,0.173,0.169,0.171,3.7,-1.2,0.455,0.302,-1.7,0.703,0.703,-2.0,0.72,0.703,-2.2,0.718,0.703,-2.4,0.709,0.703,-2.3,0.715,0.703,0,-1.0,-13.569
20211009_1058,-21.31,174.38,532.3,CZ.CHVC.,50.588,16.055,146.144,1681.965,1716.352,1727.313,259.0,2.473,-0.035,-0.011,-0.009,-0.007,-0.01,-8.1,4.3,0.719,-0.635,-7.9,0.448,0.448,-8.3,0.386,0.448,-8.6,0.381,0.448,-8.7,0.391,0.448,-8.6,0.388,0.448,0,-1.0,-24.783
20211009_1058,-21.31,174.38,532.3,BX.KSANE.,-17.8,25.162,130.615,1590.034,1609.988,1616.019,260.0,5.221,0.465,0.463,0.465,0.473,0.466,1.6,1.7,0.938,0.938,0.8,0.796,0.796,0.7,0.781,0.796,0.7,0.787,0.796,0.5,0.793,0.796,0.6,0.788,0.796,0,-1.0,-140.239
20211009_1058,-21.31,174.38,532.3,GU.ENR.,44.227,7.42,154.67,1729.102,1772.972,1787.413,261.0,1.953,0.362,0.426,0.429,0.416,0.424,8.2,-2.3,0.479,0.55,-1.7,0.622,0.622,-2.5,0.576,0.622,-2.9,0.543,0.622,-3.2,0.518,0.622,-3.0,0.537,0.622,0,-1.0,-21.997
20211009_1058,-21.31,174.38,532.3,IV.HAVL.,36.96,15.122,156.16,1737.104,1782.735,1797.839,262.0,1.895,0.485,0.498,0.491,0.492,0.495,1.5,1.6,0.914,0.928,1.1,0.879,0.879,1.2,0.738,0.879,0.8,0.729,0.879,0.5,0.737,0.879,0.8,0.725,0.879,0,-1.0,-44.131
20211009_1058,-21.31,174.38,532.3,FR.CALF.00,43.753,6.922,155.258,1732.27,1776.831,1791.533,263.0,3.019,0.365,0.374,0.393,0.399,0.393,1.4,-3.7,0.558,-0.205,0.6,0.63,0.63,0.2,0.534,0.63,-0.3,0.513,0.63,-0.5,0.512,0.63,-0.4,0.518,0.63,0,-1.0,-21.795
20211009_1058,-21.31,174.38,532.3,RO.CJR.,46.713,23.598,145.289,1677.116,1710.606,1721.25,264.0,1.365,0.42,0.417,0.43,0.439,0.43,3.1,3.3,0.842,0.862,2.9,0.88,0.88,2.3,0.936,0.88,1.8,0.955,0.88,1.7,0.957,0.88,1.9,0.954,0.88,0,-1.0,-35.884
20211009_1058,-21.31,174.38,532.3,ZC.HMDR.00,18.788,-69.381,120.463,1525.704,1538.398,1542.162,265.0,2.226,0.374,0.196,0.187,0.173,0.186,2.1,2.2,0.934,0.915,1.3,0.694,0.694,1.7,0.747,0.694,0.7,0.736,0.694,1.5,0.733,0.694,1.7,0.743,0.694,0,-1.0,80.245
20211009_1058,-21.31,174.38,532.3,IV.NOV.,38.029,15.136,155.52,1733.673,1778.543,1793.361,266.0,1.36,0.135,0.1,0.121,0.137,0.112,3.3,3.1,0.837,0.829,3.2,0.764,0.764,2.7,0.794,0.764,2.5,0.779,0.764,2.5,0.776,0.764,2.5,0.785,0.764,0,-1.0,-42.054
20211009_1058,-21.31,174.38,532.3,GR.GEC7.,48.835,13.714,148.455,1694.98,1731.836,1743.682,267.0,1.572,0.258,0.278,0.291,0.299,0.29,2.6,1.7,0.632,0.593,1.0,0.642,0.642,0.6,0.667,0.642,0.3,0.685,0.642,0.1,0.7,0.642,0.1,0.683,0.642,0,-1.0,-24.483
20211009_1058,-21.31,174.38,532.3,NO.ARC4.00,69.529,25.512,128.269,1575.462,1593.585,1599.029,268.0,0.932,0.308,0.302,0.306,0.304,0.303,0.9,1.4,0.67,0.638,0.7,0.842,0.842,0.5,0.85,0.842,0.2,0.858,0.842,0.3,0.864,0.842,0.4,0.859,0.842,0,-1.0,-13.32
20211009_1058,-21.31,174.38,532.3,GE.DSB.,53.245,-6.376,148.06,1692.764,1729.193,1740.885,269.0,2.252,0.46,0.404,0.417,0.426,0.42,0.7,1.4,0.853,0.842,0.7,0.793,0.793,0.5,0.695,0.793,0.2,0.705,0.793,0.0,0.721,0.793,0.0,0.714,0.793,0,-1.0,0.85
20211009_1058,-21.31,174.38,532.3,KO.SENK.,40.561,42.35,135.249,1618.299,1642.135,1649.459,270.0,0.797,-0.051,0.075,0.075,0.073,0.074,-0.3,4.3,0.538,0.161,9.2,0.322,0.322,-6.1,0.299,0.322,9.3,0.351,0.322,9.3,0.318,0.322,-6.1,0.303,0.322,0,-1.0,-53.291
20211009_1058,-21.31,174.38,532.3,GB.DRUM.,56.913,-2.487,144.323,1671.598,1704.086,1714.379,271.0,1.495,0.422,0.439,0.42,0.403,0.414,0.3,1.0,0.85,0.797,0.4,0.78,0.78,-0.2,0.786,0.78,-0.5,0.758,0.78,-0.8,0.73,0.78,-0.7,0.743,0.78,0,-1.0,-2.919
20211009_1058,-21.31,174.38,532.3,NO.ARD4.00,69.527,25.536,128.266,1575.44,1593.56,1599.003,272.0,0.972,0.279,0.284,0.293,0.292,0.289,1.1,1.6,0.669,0.619,0.9,0.821,0.821,0.6,0.831,0.821,0.4,0.84,0.821,0.4,0.845,0.821,0.5,0.84,0.821,0,-1.0,-13.33
20211009_1058,-21.31,174.38,532.3,SK.SPC.,49.189,20.234,145.385,1677.662,1711.252,1721.931,273.0,2.553,0.186,0.179,0.205,0.207,0.198,2.3,-1.7,0.806,-0.48,2.0,0.866,0.866,1.7,0.85,0.866,1.3,0.822,0.866,1.1,0.815,0.866,1.2,0.824,0.866,0,-1.0,-30.003
20211009_1058,-21.31,174.38,532.3,TH.MORAS.,50.536,11.225,147.919,1691.973,1728.25,1739.887,274.0,1.808,0.344,0.39,0.415,0.428,0.416,2.1,-4.0,0.539,-0.814,-9.1,0.496,0.496,-9.5,0.464,0.496,-9.8,0.454,0.496,0.4,0.466,0.496,-10.0,0.452,0.496,0,-1.0,-20.18
20211009_1058,-21.31,174.38,532.3,BW.RTSA.,47.768,12.842,149.659,1701.69,1739.86,1752.184,275.0,0.916,0.112,0.106,0.108,0.114,0.109,-0.5,0.9,0.705,0.578,0.7,0.365,0.365,0.9,0.316,0.365,0.6,0.316,0.365,0.5,0.305,0.365,0.5,0.313,0.365,0,-1.0,-24.772
20211009_1058,-21.31,174.38,532.3,KO.CANT.,40.606,33.619,141.659,1656.232,1686.043,1695.404,276.0,0.458,-0.033,-0.07,-0.058,-0.058,-0.064,0.8,5.0,0.527,-0.329,0.6,0.704,0.704,1.0,0.716,0.704,0.6,0.743,0.704,0.7,0.74,0.704,0.7,0.739,0.704,0,-1.0,-50.679
20211009_1058,-21.31,174.38,532.3,IV.ATMI.,43.334,12.268,153.415,1722.315,1764.724,1778.615,277.0,1.649,0.236,0.194,0.208,0.22,0.208,2.3,2.3,0.765,0.617,1.9,0.884,0.884,1.9,0.861,0.884,1.7,0.861,0.884,1.5,0.86,0.884,1.6,0.859,0.884,0,-1.0,-29.722
20211009_1058,-21.31,174.38,532.3,II.XBFO.65,48.33,8.33,150.76,1707.786,1747.177,1759.949,278.0,1.924,0.31,0.302,0.319,0.325,0.324,2.9,3.3,0.689,0.791,2.5,0.756,0.756,2.2,0.656,0.756,1.8,0.64,0.756,1.5,0.645,0.756,1.6,0.646,0.756,0,-1.0,-19.02
20211009_1058,-21.31,174.38,532.3,CH.JAUN.,46.634,7.291,152.589,1717.826,1759.285,1772.821,279.0,1.979,0.269,0.287,0.289,0.292,0.29,4.7,4.4,0.817,0.664,4.5,0.786,0.786,4.2,0.761,0.786,3.9,0.746,0.786,3.6,0.743,0.786,3.8,0.749,0.786,0,-1.0,-19.309
20211009_1058,-21.31,174.38,532.3,BX.XAUDM.,-18.54,21.338,132.202,1599.797,1621.04,1627.493,280.0,5.163,0.433,0.474,0.474,0.476,0.475,1.1,1.2,0.932,0.947,0.7,0.675,0.675,1.0,0.64,0.675,0.9,0.644,0.675,0.5,0.657,0.675,0.8,0.646,0.675,0,-1.0,-144.708
20211009_1058,-21.31,174.38,532.3,CR.STON.,42.872,17.7,150.956,1708.867,1748.477,1761.33,281.0,2.296,0.12,0.03,0.045,0.048,0.044,2.5,2.6,0.774,0.724,1.8,0.669,0.669,1.6,0.745,0.669,1.3,0.763,0.669,1.2,0.779,0.669,1.3,0.766,0.669,0,-1.0,-36.5
20211009_1058,-21.31,174.38,532.3,RO.CVD1.,44.321,28.062,143.953,1669.483,1701.593,1711.753,282.0,1.026,0.185,0.182,0.18,0.176,0.178,8.5,-5.4,0.232,-0.476,7.0,0.439,0.439,6.9,0.49,0.439,6.4,0.509,0.439,6.3,0.508,0.439,6.5,0.502,0.439,0,-1.0,-42.303
20211009_1058,-21.31,174.38,532.3,CH.BERNI.,46.414,10.023,151.854,1713.805,1754.427,1767.653,283.0,2.211,0.617,0.596,0.598,0.603,0.6,2.6,2.9,0.687,0.719,2.6,0.772,0.772,2.1,0.852,0.772,1.7,0.882,0.772,1.5,0.9,0.772,1.6,0.889,0.772,0,-1.0,-23.039
20211009_1058,-21.31,174.38,532.3,KV.NYI.,-1.526,29.254,138.97,1640.477,1667.704,1676.178,284.0,0.655,0.134,0.11,0.103,0.098,0.105,-0.1,-0.6,0.925,0.696,-0.9,0.574,0.574,-0.6,0.556,0.574,-0.8,0.585,0.574,-0.7,0.566,0.574,-0.7,0.573,0.574,0,-1.0,-119.726
20211009_1058,-21.31,174.38,532.3,CH.BALST.,47.336,7.695,151.839,1713.72,1754.325,1767.544,285.0,2.139,0.122,0.112,0.104,0.094,0.106,3.6,4.1,0.691,0.784,4.0,0.721,0.721,3.9,0.703,0.721,3.6,0.685,0.721,3.3,0.668,0.721,3.4,0.679,0.721,0,-1.0,-19.164
20211009_1058,-21.31,174.38,532.3,NL.WTSB.01,51.966,6.799,147.866,1691.681,1727.902,1739.519,286.0,2.08,0.483,0.526,0.554,0.572,0.561,2.5,2.0,0.96,0.899,1.8,0.901,0.901,1.5,0.9,0.901,1.3,0.907,0.901,1.1,0.91,0.901,1.2,0.907,0.901,0,-1.0,-14.343
20211009_1058,-21.31,174.38,532.3,OE.MOTA.,47.345,11.104,150.672,1707.299,1746.592,1759.327,287.0,3.588,0.37,0.387,0.385,0.378,0.38,9.9,4.5,0.42,-0.501,0.0,0.696,0.696,-0.5,0.745,0.696,-0.6,0.746,0.696,-0.8,0.746,0.696,-0.8,0.747,0.696,0,-1.0,-23.302
20211009_1058,-21.31,174.38,532.3,GE.EIL.,29.67,34.951,142.634,1661.883,1692.66,1702.355,288.0,5.371,0.188,0.174,0.203,0.194,0.189,1.4,1.4,0.817,0.744,2.0,0.322,0.322,1.5,0.574,0.322,0.8,0.668,0.322,1.0,0.635,0.322,1.2,0.619,0.322,0,-1.0,-68.636
20211009_1058,-21.31,174.38,532.3,SI.ROSI.,46.928,11.412,150.902,1708.572,1748.122,1760.952,289.0,1.649,0.426,0.37,0.366,0.36,0.368,0.8,0.9,0.617,0.641,0.2,0.843,0.843,-0.3,0.833,0.843,-0.6,0.858,0.843,-0.8,0.884,0.843,-0.8,0.869,0.843,0,-1.0,-24.126
20211009_1058,-21.31,174.38,532.3,OE.CONA.,47.928,15.862,148.282,1694.012,1730.681,1742.46,290.0,2.116,0.34,0.302,0.306,0.3,0.302,0.6,0.8,0.709,0.771,0.4,0.717,0.717,-0.1,0.783,0.717,-0.3,0.753,0.717,-0.5,0.741,0.717,-0.4,0.756,0.717,0,-1.0,-27.682
20211009_1058,-21.31,174.38,532.3,FR.MLS.00,42.958,1.095,157.637,1744.963,1792.371,1808.144,291.0,2.902,0.348,0.447,0.448,0.46,0.457,2.4,3.6,0.77,0.542,3.2,0.864,0.864,2.8,0.867,0.864,2.6,0.876,0.864,2.3,0.88,0.864,2.4,0.877,0.864,0,-1.0,-12.832
20211009_1058,-21.31,174.38,532.3,NL.ROLD.,50.869,6.085,149.05,1698.304,1735.808,1747.888,292.0,2.081,0.416,0.399,0.383,0.39,0.377,-0.3,-4.2,0.628,-0.745,-0.7,0.758,0.758,-0.9,0.77,0.758,-1.2,0.777,0.758,-1.3,0.781,0.758,-1.3,0.777,0.758,0,-1.0,-14.324
20211009_1058,-21.31,174.38,532.3,LX.MESJ.,37.84,-8.22,163.319,1774.535,1829.068,1847.554,293.0,1.24,-0.082,-0.035,-0.029,-0.02,-0.03,-1.2,-1.3,0.423,0.442,5.8,0.444,0.444,5.3,0.493,0.444,5.1,0.486,0.444,4.9,0.474,0.444,5.0,0.481,0.444,0,-1.0,7.02
20211009_1058,-21.31,174.38,532.3,GR.LNIZ.,53.493,14.21,144.438,1672.257,1704.863,1715.197,294.0,1.696,0.226,0.197,0.206,0.205,0.204,2.8,-4.8,0.584,0.375,-5.1,0.439,0.439,-5.4,0.442,0.439,1.8,0.44,0.439,1.5,0.443,0.439,1.7,0.443,0.439,0,-1.0,-20.224
20211009_1058,-21.31,174.38,532.3,FR.EILF.00,43.548,7.131,155.363,1732.833,1777.518,1792.266,295.0,2.362,0.296,0.331,0.359,0.376,0.357,-5.2,-4.8,0.829,0.887,-5.2,0.768,0.768,-5.7,0.752,0.768,-5.9,0.758,0.768,-6.2,0.766,0.768,-6.1,0.762,0.768,0,-1.0,-22.345
20211009_1058,-21.31,174.38,532.3,IV.MPNC.,38.146,15.353,155.312,1732.559,1777.184,1791.91,296.0,1.403,0.205,0.179,0.204,0.215,0.194,1.8,2.1,0.742,0.8,-3.9,0.454,0.454,-4.8,0.416,0.454,0.6,0.443,0.454,0.6,0.474,0.454,0.6,0.424,0.454,0,-1.0,-42.083
20211009_1058,-21.31,174.38,532.3,CH.MTI02.,47.379,7.165,151.96,1714.386,1755.128,1768.399,297.0,6.057,0.344,0.295,0.306,0.327,0.323,1.5,2.1,0.442,0.498,2.1,0.824,0.824,1.8,0.751,0.824,1.6,0.74,0.824,1.2,0.727,0.824,1.4,0.735,0.824,0,-1.0,-18.444
20211009_1058,-21.31,174.38,532.3,KO.CORM.,40.179,34.63,141.053,1652.702,1681.921,1691.077,298.0,2.249,0.374,0.348,0.356,0.355,0.353,0.2,0.4,0.822,0.81,0.7,0.892,0.892,0.0,0.717,0.892,-0.5,0.76,0.892,-0.4,0.755,0.892,-0.2,0.745,0.892,0,-1.0,-51.71
20211009_1058,-21.31,174.38,532.3,FR.TRBF.00,44.105,3.959,155.863,1735.512,1780.789,1795.759,299.0,5.743,0.372,0.4,0.418,0.427,0.421,2.6,3.5,0.653,0.606,3.0,0.551,0.551,2.9,0.543,0.551,2.6,0.553,0.551,2.5,0.553,0.551,2.5,0.549,0.551,0,-1.0,-16.807
20211009_1058,-21.31,174.38,532.3,IV.MTTG.,38.003,15.7,155.178,1731.84,1776.308,1790.974,300.0,1.222,0.161,0.118,0.137,0.147,0.127,0.8,0.1,0.654,0.532,0.3,0.771,0.771,0.1,0.776,0.771,-0.1,0.759,0.771,-0.1,0.76,0.771,-0.1,0.763,0.771,0,-1.0,-42.75
20211009_1058,-21.31,174.38,532.3,FR.SAOF.00,43.987,7.555,154.83,1729.966,1774.024,1788.535,301.0,2.339,0.462,0.469,0.48,0.492,0.483,2.0,2.8,0.943,0.878,2.3,0.901,0.901,1.5,0.851,0.901,1.2,0.818,0.901,1.0,0.794,0.901,1.1,0.813,0.901,0,-1.0,-22.467
20211009_1058,-21.31,174.38,532.3,TH.BBWF.,50.736,10.504,147.973,1692.278,1728.613,1740.271,302.0,2.216,0.28,0.302,0.316,0.319,0.314,-9.4,-4.2,0.558,-0.617,-8.8,0.619,0.619,-9.1,0.582,0.619,-9.5,0.571,0.619,-9.7,0.564,0.619,-9.6,0.569,0.619,0,-1.0,-19.249
20211009_1058,-21.31,174.38,532.3,GB.EDI.,55.923,-3.188,145.339,1677.4,1710.942,1721.604,303.0,0.978,0.426,0.38,0.36,0.347,0.355,0.4,0.7,0.843,0.833,-0.9,0.832,0.832,-0.8,0.847,0.832,-1.2,0.827,0.832,-1.6,0.811,0.832,-1.5,0.819,0.832,0,-1.0,-2.384
20211009_1058,-21.31,174.38,532.3,NO.ARC6.00,69.534,25.488,128.27,1575.47,1593.594,1599.038,304.0,0.933,0.329,0.312,0.319,0.316,0.317,0.9,1.4,0.671,0.621,0.7,0.859,0.859,0.5,0.863,0.859,0.2,0.874,0.859,0.2,0.879,0.859,0.3,0.873,0.859,0,-1.0,-13.308
20211009_1058,-21.31,174.38,532.3,CZ.DPC.,50.35,16.322,146.224,1682.42,1716.892,1727.883,305.0,1.528,0.358,0.319,0.328,0.33,0.329,-5.5,-4.1,0.432,-0.015,-4.7,0.706,0.706,-4.9,0.697,0.706,-5.2,0.689,0.706,-5.4,0.687,0.706,-5.3,0.69,0.706,0,-1.0,-25.286
20211009_1058,-21.31,174.38,532.3,IV.ALJA.,37.749,13.754,156.55,1739.186,1785.284,1800.563,306.0,0.403,0.033,0.014,0.014,0.015,0.014,-0.1,-4.5,0.547,0.642,-5.1,0.663,0.663,-4.9,0.722,0.663,-5.0,0.711,0.663,-5.0,0.701,0.663,-5.0,0.71,0.663,0,-1.0,-40.911
20211009_1058,-21.31,174.38,532.3,GE.APE.,37.073,25.523,148.789,1696.847,1734.067,1746.044,307.0,1.773,0.327,0.258,0.248,0.247,0.252,8.0,3.7,0.343,-0.755,11.4,0.546,0.546,11.5,0.553,0.546,10.9,0.609,0.546,11.0,0.598,0.546,11.2,0.588,0.546,0,-1.0,-52.647
20211009_1058,-21.31,174.38,532.3,G.FDFM.00,14.735,-61.16,127.031,1567.704,1584.889,1590.04,308.0,3.677,0.697,0.491,0.455,0.475,0.487,0.1,0.4,0.718,0.771,0.2,0.762,0.762,0.0,0.684,0.762,-0.9,0.612,0.762,-0.2,0.651,0.762,0.0,0.682,0.762,0,-1.0,87.404
20211009_1058,-21.31,174.38,532.3,RD.LFF.,44.939,0.74,155.797,1735.16,1780.358,1795.3,309.0,2.856,0.433,0.462,0.48,0.497,0.487,2.5,3.1,0.882,0.759,2.1,0.758,0.758,2.0,0.786,0.758,1.8,0.788,0.758,1.5,0.782,0.758,1.6,0.783,0.758,0,-1.0,-10.904
20211009_1058,-21.31,174.38,532.3,NO.ARD6.00,69.523,25.49,128.279,1575.524,1593.654,1599.1,310.0,0.942,0.313,0.31,0.317,0.314,0.312,0.9,1.5,0.65,0.588,0.9,0.867,0.867,0.6,0.872,0.867,0.4,0.882,0.867,0.4,0.887,0.867,0.5,0.881,0.867,0,-1.0,-13.317
20211009_1058,-21.31,174.38,532.3,IV.PIPA.,39.485,16.816,153.596,1723.301,1765.92,1779.89,311.0,3.148,0.12,0.195,0.183,0.187,0.192,1.6,1.5,0.673,0.689,-6.6,0.558,0.558,-6.4,0.5,0.558,-6.6,0.482,0.558,-6.7,0.479,0.558,-6.6,0.492,0.558,0,-1.0,-41.231
20211009_1058,-21.31,174.38,532.3,CH.WGT.,47.098,8.925,151.652,1712.696,1753.089,1766.23,312.0,2.765,0.446,0.44,0.429,0.43,0.437,3.7,3.3,0.657,0.756,3.1,0.661,0.661,2.9,0.538,0.661,2.5,0.509,0.661,2.0,0.515,0.661,2.2,0.516,0.661,0,-1.0,-20.948
20211009_1058,-21.31,174.38,532.3,IV.FVI.,46.597,12.78,150.628,1707.058,1746.302,1759.02,313.0,3.33,0.301,0.28,0.273,0.269,0.27,-1.5,-0.5,0.589,0.468,-0.7,0.775,0.775,-0.9,0.765,0.775,-1.3,0.75,0.775,-1.4,0.728,0.775,-1.3,0.741,0.775,0,-1.0,-26.077
20211009_1058,-21.31,174.38,532.3,IV.CERT.,41.949,12.982,154.108,1726.073,1769.288,1783.481,314.0,0.355,0.026,0.034,0.033,0.033,0.034,-0.1,-4.0,0.661,0.999,0.4,0.577,0.577,-0.1,0.566,0.577,0.0,0.582,0.577,0.2,0.586,0.577,0.0,0.583,0.577,0,-1.0,-32.659
20211009_1058,-21.31,174.38,532.3,IV.SSY.,37.158,15.074,156.077,1736.656,1782.188,1797.254,315.0,2.477,0.192,0.284,0.255,0.259,0.265,1.7,1.6,0.856,0.825,1.5,0.783,0.783,1.5,0.779,0.783,1.3,0.715,0.783,1.1,0.7,0.783,1.3,0.73,0.783,0,-1.0,-43.679
20211009_1058,-21.31,174.38,532.3,TH.HKWD.,50.83,12.268,147.324,1688.633,1724.273,1735.681,316.0,2.821,0.419,0.444,0.476,0.481,0.48,2.8,-1.0,0.668,-0.544,2.7,0.579,0.579,2.4,0.582,0.579,2.0,0.596,0.579,1.8,0.609,0.579,1.8,0.598,0.579,0,-1.0,-20.952
20211009_1058,-21.31,174.38,532.3,GE.SALP.,32.069,35.191,142.23,1659.544,1689.919,1699.475,317.0,0.348,-0.207,-0.169,-0.157,-0.157,-0.163,1.9,4.3,0.738,0.867,-11.6,0.261,0.261,-11.7,0.391,0.261,-12.2,0.346,0.261,-12.0,0.366,0.261,-11.9,0.373,0.261,0,-1.0,-64.723
20211009_1058,-21.31,174.38,532.3,IV.ZCCA.,44.351,10.976,153.186,1721.072,1763.216,1777.008,318.0,0.769,0.286,0.289,0.293,0.3,0.293,3.3,3.3,0.776,0.621,3.1,0.789,0.789,3.0,0.784,0.789,2.8,0.781,0.789,2.6,0.771,0.789,2.7,0.777,0.789,0,-1.0,-26.711
20211009_1058,-21.31,174.38,532.3,CZ.KRLC.,50.097,16.834,146.213,1682.358,1716.818,1727.805,319.0,1.542,0.237,0.289,0.286,0.284,0.282,-7.3,-3.1,0.396,-0.773,-7.5,0.527,0.527,-7.8,0.493,0.527,-8.0,0.495,0.527,-8.2,0.489,0.527,-8.1,0.491,0.527,0,-1.0,-26.028
20211009_1058,-21.31,174.38,532.3,GR.BRG.,50.873,13.944,146.707,1685.151,1720.133,1731.306,320.0,3.268,0.533,0.577,0.598,0.614,0.603,3.0,2.6,0.72,0.728,2.3,0.65,0.65,1.9,0.671,0.65,1.6,0.695,0.65,1.4,0.71,0.65,1.5,0.697,0.65,0,-1.0,-22.533
20211009_1058,-21.31,174.38,532.3,YF.JIG3.,69.12,-49.645,125.331,1556.969,1572.914,1577.679,321.0,5.938,0.02,0.026,0.034,0.035,0.028,-5.3,-5.0,0.697,0.854,-5.9,0.732,0.732,-4.9,0.842,0.732,-5.4,0.76,0.732,-5.4,0.751,0.732,-5.1,0.803,0.732,0,-1.0,17.691
20211009_1058,-21.31,174.38,532.3,GE.IBBN.,52.306,7.759,147.324,1688.634,1724.274,1735.682,322.0,2.066,0.368,0.389,0.385,0.381,0.384,-0.8,-0.5,0.91,0.945,-1.0,0.653,0.653,-1.2,0.639,0.653,-1.4,0.647,0.653,-1.7,0.656,0.653,-1.6,0.65,0.653,0,-1.0,-15.11
20211009_1058,-21.31,174.38,532.3,GR.BSEG.,53.936,10.316,145.198,1676.597,1709.991,1720.602,323.0,1.62,0.415,0.441,0.443,0.443,0.444,-8.6,-0.9,0.623,0.249,-9.4,0.631,0.631,-9.6,0.601,0.631,-9.9,0.592,0.631,-10.1,0.589,0.631,-10.0,0.593,0.631,0,-1.0,-16.378
20211009_1058,-21.31,174.38,532.3,GB.HTL.,50.994,-4.485,150.302,1705.257,1744.14,1756.724,324.0,1.068,0.34,0.301,0.299,0.288,0.288,0.1,0.0,0.74,0.664,-0.7,0.919,0.919,-1.0,0.916,0.919,-1.2,0.921,0.919,-1.6,0.923,0.919,-1.5,0.922,0.919,0,-1.0,-1.431
20211009_1058,-21.31,174.38,532.3,GR.TNS.,50.224,8.449,149.034,1698.212,1735.697,1747.771,325.0,1.768,0.292,0.291,0.297,0.303,0.294,3.2,-3.9,0.626,-0.833,-0.1,0.526,0.526,-0.4,0.564,0.526,-0.5,0.583,0.526,-0.8,0.599,0.526,-0.8,0.587,0.526,0,-1.0,-17.485
20211009_1058,-21.31,174.38,532.3,NL.MAME.,50.801,5.973,149.14,1698.802,1736.403,1748.519,326.0,2.518,0.39,0.409,0.421,0.421,0.416,2.7,-1.2,0.56,0.45,-0.4,0.472,0.472,-0.2,0.468,0.472,-0.4,0.459,0.472,-0.8,0.446,0.472,-0.7,0.447,0.472,0,-1.0,-14.244
20211009_1058,-21.31,174.38,532.3,RO.BUR31.,47.644,25.2,143.86,1668.949,1700.965,1711.092,327.0,2.04,0.371,0.275,0.228,0.213,0.241,1.1,-4.2,0.511,-0.775,-1.7,0.717,0.717,-2.2,0.781,0.717,-2.4,0.788,0.717,-2.6,0.791,0.717,-2.5,0.788,0.717,0,-1.0,-35.726
20211009_1058,-21.31,174.38,532.3,BW.RJOB.,47.737,12.796,149.702,1701.93,1740.149,1752.49,328.0,1.432,0.097,0.127,0.132,0.144,0.136,4.1,4.2,0.631,0.61,3.2,0.638,0.638,3.3,0.675,0.638,3.1,0.685,0.638,2.9,0.694,0.638,3.0,0.69,0.638,0,-1.0,-24.757
20211009_1058,-21.31,174.38,532.3,KO.KOZT.,37.479,35.826,140.832,1651.412,1680.415,1689.498,329.0,1.442,0.326,0.216,0.218,0.22,0.218,-1.0,-0.8,0.721,0.64,-0.7,0.829,0.829,-1.2,0.815,0.829,-1.6,0.832,0.829,-1.5,0.833,0.829,-1.4,0.829,0.829,0,-1.0,-56.248
20211009_1058,-21.31,174.38,532.3,GB.SWN1.,51.513,-1.8,149.65,1701.644,1739.805,1752.126,330.0,0.343,0.008,0.012,0.012,0.012,0.012,-0.1,0.5,0.986,0.996,0.0,0.182,0.182,-4.6,0.183,0.182,-4.7,0.189,0.182,-4.9,0.186,0.182,-4.9,0.187,0.182,0,-1.0,-4.674
20211009_1058,-21.31,174.38,532.3,KV.BUJA.,-3.396,29.396,137.742,1633.205,1659.289,1667.375,331.0,7.485,0.695,0.715,0.735,0.732,0.728,0.1,0.7,0.925,0.891,0.0,0.913,0.913,0.4,0.88,0.913,0.0,0.898,0.913,0.0,0.886,0.913,0.1,0.891,0.913,1,1.0,-121.85
20211009_1058,-21.31,174.38,532.3,GB.CCA1.,50.187,-5.228,151.122,1709.78,1749.576,1762.497,332.0,1.703,0.405,0.376,0.366,0.367,0.363,1.5,1.1,0.792,0.783,0.3,0.937,0.937,0.0,0.878,0.937,-0.2,0.888,0.937,-0.4,0.898,0.937,-0.4,0.894,0.937,0,-1.0,-0.516
20211009_1058,-21.31,174.38,532.3,WI.SAM.00,14.841,-61.164,127.056,1567.861,1585.065,1590.222,333.0,2.015,0.54,0.411,0.402,0.419,0.412,-2.6,4.0,0.411,-0.687,0.2,0.696,0.696,-0.1,0.609,0.696,-0.9,0.562,0.696,-0.2,0.583,0.696,-0.1,0.603,0.696,0,-1.0,87.275
20211009_1058,-21.31,174.38,532.3,MN.PDG.,42.43,19.261,150.343,1705.485,1744.412,1757.013,334.0,2.029,0.234,0.216,0.24,0.247,0.23,-4.7,2.9,0.509,0.352,1.1,0.603,0.603,-5.9,0.554,0.603,-6.1,0.554,0.603,-6.1,0.554,0.603,-6.1,0.553,0.603,0,-1.0,-38.686
20211009_1058,-21.31,174.38,532.3,GB.SOFL.,62.069,-6.966,139.231,1642.014,1669.487,1678.044,335.0,2.425,0.12,0.157,0.145,0.135,0.141,-1.5,1.4,0.87,-0.884,4.1,0.398,0.398,3.7,0.359,0.398,3.5,0.372,0.398,3.3,0.375,0.398,3.4,0.37,0.398,0,-1.0,0.963
20211009_1058,-21.31,174.38,532.3,IV.OSSC.,43.524,11.246,153.731,1724.031,1766.805,1780.834,336.0,1.236,0.329,0.307,0.324,0.328,0.325,-5.0,-4.8,0.833,0.839,-6.0,0.9,0.9,-5.7,0.895,0.9,-5.8,0.883,0.9,-6.0,0.876,0.9,-6.0,0.882,0.9,0,-1.0,-28.154
20211009_1058,-21.31,174.38,532.3,FR.CHMF.00,47.248,6.652,152.229,1715.855,1756.902,1770.286,337.0,4.767,0.475,0.458,0.486,0.501,0.484,3.2,3.4,0.901,0.899,2.6,0.87,0.87,2.4,0.862,0.87,2.2,0.86,0.87,1.9,0.864,0.87,2.0,0.862,0.87,0,-1.0,-17.895
20211009_1058,-21.31,174.38,532.3,IV.CAMP.,42.536,13.409,153.463,1722.579,1765.044,1778.956,338.0,1.026,-0.089,-0.076,-0.051,-0.042,-0.058,0.8,-4.3,0.594,-0.881,3.7,0.697,0.697,3.8,0.683,0.697,3.7,0.68,0.697,3.6,0.668,0.697,3.6,0.675,0.697,0,-1.0,-32.293
20211009_1058,-21.31,174.38,532.3,LD.KSCT.,41.726,-73.484,120.256,1524.36,1536.924,1540.65,339.0,2.016,0.233,0.295,0.055,0.055,0.049,-0.1,0.3,0.639,0.692,4.4,0.648,0.648,0.5,0.533,0.648,-7.5,0.441,0.648,-7.7,0.449,0.648,-7.8,0.454,0.648,0,-1.0,53.255
20211009_1058,-21.31,174.38,532.3,KO.YER.,37.134,28.284,146.702,1685.122,1720.099,1731.27,340.0,2.141,0.159,0.011,0.019,0.018,0.015,-0.1,2.5,0.468,-0.094,8.5,0.5,0.5,9.9,0.484,0.5,9.3,0.572,0.5,9.4,0.53,0.5,9.5,0.512,0.5,0,-1.0,-54.0
20211009_1058,-21.31,174.38,532.3,NO.ARB4.00,69.533,25.5,128.269,1575.461,1593.583,1599.027,341.0,0.95,0.318,0.311,0.314,0.312,0.311,0.9,1.4,0.662,0.621,0.7,0.85,0.85,0.5,0.857,0.85,0.3,0.865,0.85,0.3,0.871,0.85,0.4,0.866,0.85,0,-1.0,-13.313
20211009_1058,-21.31,174.38,532.3,GU.GORR.,44.607,9.293,153.654,1723.612,1766.297,1780.292,342.0,2.217,0.374,0.373,0.384,0.402,0.4,2.3,2.1,0.822,0.788,1.3,0.92,0.92,1.5,0.951,0.92,1.4,0.959,0.92,1.3,0.964,0.92,1.3,0.962,0.92,0,-1.0,-24.18
20211009_1058,-21.31,174.38,532.3,SX.TANN.,50.415,12.461,147.609,1690.236,1726.181,1737.698,343.0,2.331,0.382,0.446,0.467,0.48,0.471,2.6,2.3,0.753,0.821,2.2,0.688,0.688,1.7,0.683,0.688,1.4,0.697,0.688,1.1,0.706,0.688,1.2,0.695,0.688,0,-1.0,-21.552
20211009_1058,-21.31,174.38,532.3,IV.MSFR.,38.034,14.592,155.856,1735.474,1780.743,1795.711,344.0,2.431,-0.148,-0.123,-0.14,-0.145,-0.139,5.5,1.9,0.75,-0.825,5.6,0.4,0.4,6.0,0.495,0.4,5.6,0.388,0.4,5.3,0.359,0.4,5.6,0.413,0.4,0,-1.0,-41.4
20211009_1058,-21.31,174.38,532.3,BW.BE1.,47.911,11.221,150.154,1704.436,1743.153,1755.677,345.0,1.659,0.335,0.291,0.293,0.292,0.303,2.0,-1.6,0.494,-0.286,1.3,0.725,0.725,1.3,0.675,0.725,1.1,0.678,0.725,1.0,0.677,0.725,0.9,0.679,0.725,0,-1.0,-22.82
20211009_1058,-21.31,174.38,532.3,GR.GRC1.,48.995,11.52,149.134,1698.768,1736.363,1748.477,346.0,3.05,0.367,0.391,0.409,0.414,0.41,4.3,-3.0,0.562,-0.524,-7.2,0.342,0.342,0.4,0.38,0.342,0.3,0.396,0.342,0.1,0.4,0.342,0.2,0.391,0.342,0,-1.0,-22.011
20211009_1058,-21.31,174.38,532.3,BX.PHDHD.,-20.196,24.537,129.09,1580.583,1599.338,1604.983,347.0,2.933,-0.026,-0.05,-0.046,-0.034,-0.042,-16.0,-4.1,-0.0,-0.989,7.6,0.238,0.238,7.5,0.227,0.238,7.4,0.227,0.238,7.3,0.226,0.238,7.4,0.227,0.238,0,-1.0,-142.75
20211009_1058,-21.31,174.38,532.3,BW.MGBB.,49.972,12.215,148.067,1692.808,1729.245,1740.94,348.0,5.105,0.435,0.505,0.531,0.541,0.532,2.2,1.6,0.791,0.667,1.4,0.736,0.736,0.8,0.759,0.736,0.6,0.779,0.736,0.3,0.794,0.736,0.4,0.779,0.736,0,-1.0,-21.747
20211009_1058,-21.31,174.38,532.3,GE.ISP.10,37.843,30.509,144.803,1674.342,1707.325,1717.792,349.0,1.458,-0.032,-0.06,-0.061,-0.059,-0.055,-0.7,-1.1,0.654,0.479,-2.8,0.518,0.518,-4.2,0.623,0.518,-3.9,0.736,0.518,-3.9,0.728,0.518,-4.0,0.694,0.518,0,-1.0,-53.807
20211009_1058,-21.31,174.38,532.3,DK.ANGG.,65.616,-37.637,131.08,1592.903,1613.23,1619.383,350.0,1.196,0.236,0.195,0.163,0.142,0.159,-2.4,-5.1,0.696,-0.743,-10.0,0.716,0.716,-10.0,0.705,0.716,-10.2,0.687,0.716,-10.1,0.684,0.716,-10.0,0.696,0.716,0,-1.0,16.877
20211009_1058,-21.31,174.38,532.3,TH.HWTS.,50.592,11.472,147.79,1691.251,1727.39,1738.977,351.0,0.482,0.096,0.086,0.075,0.071,0.075,3.2,3.5,0.747,0.95,3.4,0.719,0.719,3.0,0.698,0.719,2.7,0.685,0.719,2.5,0.677,0.719,2.6,0.682,0.719,0,-1.0,-20.38
20211009_1058,-21.31,174.38,532.3,GU.PZZ.,44.507,7.116,154.53,1728.349,1772.056,1786.435,352.0,1.581,0.277,0.284,0.322,0.339,0.322,-2.9,-3.0,0.583,0.572,3.0,0.594,0.594,2.5,0.639,0.594,2.2,0.668,0.594,2.0,0.687,0.594,2.1,0.675,0.594,0,-1.0,-21.245
20211009_1058,-21.31,174.38,532.3,GB.WACR.,52.724,0.628,148.219,1693.659,1730.26,1742.014,353.0,2.974,0.375,0.408,0.41,0.411,0.41,2.1,1.4,0.593,0.55,0.8,0.892,0.892,0.6,0.883,0.892,0.3,0.876,0.892,0.1,0.878,0.892,0.2,0.879,0.892,0,-1.0,-7.145
20211009_1058,-21.31,174.38,532.3,IV.ILOS.,38.446,14.948,155.381,1732.929,1777.635,1792.391,354.0,0.996,0.197,0.173,0.177,0.174,0.173,-0.8,-3.9,0.491,-0.586,0.3,0.596,0.596,0.1,0.5,0.596,-1.0,0.457,0.596,-1.2,0.468,0.596,-0.9,0.462,0.596,0,-1.0,-41.046
20211009_1058,-21.31,174.38,532.3,KV.KTSH.,-1.238,29.05,139.304,1642.444,1669.985,1678.566,355.0,1.175,0.087,0.088,0.084,0.083,0.086,11.7,-3.4,0.344,-0.817,7.6,0.344,0.344,7.9,0.332,0.344,7.6,0.34,0.344,7.6,0.334,0.344,7.7,0.333,0.344,0,-1.0,-119.554
20211009_1058,-21.31,174.38,532.3,OX.SABO.,45.987,13.634,150.747,1707.713,1747.089,1759.855,356.0,2.708,0.374,0.359,0.372,0.382,0.365,1.7,2.2,0.48,0.388,0.7,0.767,0.767,0.4,0.806,0.767,0.2,0.806,0.767,0.0,0.809,0.767,0.1,0.81,0.767,0,-1.0,-27.786
20211009_1058,-21.31,174.38,532.3,NA.SEUS.,17.493,-62.981,126.048,1561.51,1577.972,1582.897,357.0,7.351,0.502,0.604,0.614,0.605,0.604,1.2,1.2,0.959,0.932,0.9,0.822,0.822,0.5,0.906,0.822,0.0,0.918,0.822,0.4,0.912,0.822,0.6,0.909,0.822,1,2.0,83.519
20211009_1058,-21.31,174.38,532.3,G.ATD.00,11.531,42.847,132.68,1602.717,1624.355,1630.94,358.0,1.306,0.249,0.124,0.064,0.09,0.098,-5.7,0.0,0.442,0.327,-0.6,0.637,0.637,0.9,0.461,0.637,-3.1,0.416,0.637,7.0,0.244,0.637,7.0,0.27,0.637,0,-1.0,-94.053
20211009_1058,-21.31,174.38,532.3,CZ.UPC.,50.507,16.012,146.224,1682.419,1716.89,1727.881,359.0,1.429,0.188,0.245,0.259,0.262,0.257,4.3,-0.1,0.465,-0.577,-6.5,0.573,0.573,-6.7,0.536,0.573,-7.0,0.542,0.573,-7.2,0.543,0.573,-7.1,0.542,0.573,0,-1.0,-24.833
20211009_1058,-21.31,174.38,532.3,EE.ARBE.,59.437,25.984,135.757,1621.355,1645.639,1653.116,360.0,0.592,0.114,0.101,0.092,0.089,0.094,-8.3,-4.2,0.485,-0.126,-1.0,0.664,0.664,-1.2,0.659,0.664,-1.6,0.624,0.664,-1.7,0.628,0.664,-1.5,0.637,0.664,0,-1.0,-22.427
20211009_1058,-21.31,174.38,532.3,GU.RSP.,45.148,7.265,153.915,1725.029,1768.018,1782.127,361.0,1.652,0.394,0.359,0.356,0.356,0.357,3.6,3.6,0.812,0.788,2.6,0.882,0.882,2.5,0.885,0.882,2.4,0.884,0.882,2.1,0.881,0.882,2.2,0.886,0.882,0,-1.0,-20.772
20211009_1058,-21.31,174.38,532.3,CR.7433.,45.417,17.248,149.472,1700.652,1738.617,1750.866,362.0,1.699,0.147,0.18,0.19,0.193,0.187,-6.1,-4.7,0.648,0.77,2.0,0.371,0.371,2.0,0.344,0.371,1.9,0.338,0.371,1.7,0.334,0.371,1.8,0.338,0.371,0,-1.0,-32.313
20211009_1058,-21.31,174.38,532.3,WI.DSD.00,16.313,-61.066,127.532,1570.851,1588.412,1593.68,363.0,4.674,0.516,0.595,0.58,0.592,0.595,-0.6,3.7,0.493,-0.707,0.0,0.568,0.568,0.1,0.483,0.568,-1.0,0.415,0.568,-0.3,0.441,0.568,0.0,0.473,0.568,0,-1.0,85.516
20211009_1058,-21.31,174.38,532.3,OX.FUSE.,46.414,13.001,150.682,1707.355,1746.659,1759.398,364.0,1.77,0.167,0.154,0.153,0.146,0.151,-0.8,-1.3,0.611,0.361,-2.4,0.865,0.865,-2.8,0.835,0.865,-3.0,0.842,0.865,-3.2,0.854,0.865,-3.1,0.847,0.865,0,-1.0,-26.548
20211009_1058,-21.31,174.38,532.3,GR.KAST.,51.203,8.416,148.161,1693.332,1729.87,1741.601,365.0,1.13,0.385,0.444,0.465,0.474,0.469,2.9,-2.9,0.745,-0.601,1.1,0.732,0.732,0.7,0.757,0.732,0.4,0.775,0.732,0.3,0.782,0.732,0.3,0.776,0.732,0,-1.0,-16.645
20211009_1058,-21.31,174.38,532.3,IV.PZUN.,40.646,15.807,153.475,1722.642,1765.12,1779.037,366.0,1.927,0.127,0.11,0.097,0.094,0.097,5.9,-0.2,0.494,0.327,-0.9,0.49,0.49,-0.7,0.439,0.49,-0.9,0.404,0.49,-1.2,0.398,0.49,-1.0,0.421,0.49,0,-1.0,-38.117
20211009_1058,-21.31,174.38,532.3,ZC.CADR.00,19.667,-69.94,120.164,1523.758,1536.265,1539.973,367.0,2.251,0.276,0.226,0.248,0.237,0.231,2.7,-3.1,0.487,-0.479,-8.6,0.459,0.459,8.2,0.404,0.459,7.6,0.445,0.459,8.1,0.413,0.459,8.2,0.406,0.459,0,-1.0,79.109
20211009_1058,-21.31,174.38,532.3,GB.LRW.,60.136,-1.178,141.047,1652.665,1681.877,1691.031,368.0,1.582,0.346,0.367,0.377,0.384,0.377,1.7,1.6,0.569,0.409,1.2,0.785,0.785,0.8,0.801,0.785,0.6,0.797,0.785,0.5,0.793,0.785,0.5,0.797,0.785,0,-1.0,-3.506
20211009_1058,-21.31,174.38,532.3,GU.POPM.,44.045,10.757,153.525,1722.917,1765.454,1779.393,369.0,2.64,0.314,0.33,0.351,0.362,0.354,2.9,2.6,0.714,0.638,2.1,0.697,0.697,2.3,0.691,0.697,2.1,0.698,0.697,1.9,0.709,0.697,2.0,0.701,0.697,0,-1.0,-26.824
20211009_1058,-21.31,174.38,532.3,TH.FRAU.,50.695,12.317,147.422,1689.181,1724.925,1736.37,370.0,3.073,0.464,0.509,0.536,0.542,0.535,1.8,-3.3,0.721,-0.898,1.1,0.683,0.683,0.7,0.684,0.683,0.3,0.708,0.683,0.0,0.728,0.683,0.2,0.713,0.683,0,-1.0,-21.132
20211009_1058,-21.31,174.38,532.3,KO.VRTB.,39.16,41.456,136.174,1623.854,1648.509,1656.113,371.0,1.441,0.202,0.211,0.225,0.224,0.219,8.2,-0.9,0.458,0.35,-7.6,0.541,0.541,-7.0,0.518,0.541,-7.2,0.48,0.541,-7.2,0.494,0.541,-7.1,0.505,0.541,0,-1.0,-55.089
20211009_1058,-21.31,174.38,532.3,KQ.PEEM.,54.139,13.765,144.033,1669.94,1702.131,1712.32,372.0,0.682,0.003,0.037,0.023,0.031,0.025,3.8,4.5,0.459,0.368,4.1,0.778,0.778,3.7,0.767,0.778,3.4,0.781,0.778,3.3,0.785,0.778,3.3,0.78,0.778,0,-1.0,-19.259
20211009_1058,-21.31,174.38,532.3,IV.SACS.,42.849,11.91,153.955,1725.243,1768.279,1782.405,373.0,2.946,0.253,0.24,0.241,0.24,0.244,-4.3,-3.4,0.565,0.408,-4.1,0.63,0.63,-4.0,0.603,0.63,-4.2,0.566,0.63,-4.4,0.553,0.63,-4.4,0.569,0.63,0,-1.0,-29.956
20211009_1058,-21.31,174.38,532.3,LU.VIA.,49.935,6.202,149.889,1702.966,1741.39,1753.807,374.0,2.182,0.3,0.323,0.335,0.359,0.35,2.2,2.4,0.851,0.916,1.5,0.828,0.828,1.3,0.813,0.828,1.1,0.813,0.828,0.9,0.82,0.828,0.9,0.818,0.828,0,-1.0,-15.136
20211009_1058,-21.31,174.38,532.3,DK.SUMG.,72.574,-38.462,125.53,1558.235,1574.324,1579.133,375.0,1.47,0.1,0.124,0.09,0.066,0.089,-0.3,-2.7,0.576,-0.297,5.2,0.546,0.546,5.8,0.612,0.546,5.4,0.531,0.546,5.5,0.524,0.546,5.6,0.558,0.546,0,-1.0,11.522
20211009_1058,-21.31,174.38,532.3,KV.NYAB.,-1.921,28.937,138.994,1640.618,1667.867,1676.348,376.0,3.328,0.653,0.656,0.65,0.65,0.653,0.2,0.1,0.899,0.844,-0.2,0.914,0.914,-0.1,0.898,0.914,-0.3,0.898,0.914,-0.3,0.892,0.914,-0.1,0.893,0.914,0,-1.0,-120.498
20211009_1058,-21.31,174.38,532.3,BW.RTBE.,47.745,12.824,149.685,1701.834,1740.033,1752.367,377.0,1.685,0.174,0.209,0.212,0.221,0.216,4.5,4.3,0.529,0.651,3.3,0.719,0.719,3.4,0.746,0.719,3.3,0.76,0.719,3.1,0.77,0.719,3.1,0.766,0.719,0,-1.0,-24.779
20211009_1058,-21.31,174.38,532.3,GR.GRC2.,48.867,11.374,149.294,1699.659,1737.428,1749.606,378.0,3.631,0.317,0.321,0.321,0.318,0.321,2.5,2.6,0.541,0.385,2.1,0.669,0.669,2.0,0.659,0.669,1.8,0.658,0.669,1.6,0.656,0.669,1.7,0.658,0.669,0,-1.0,-21.984
20211009_1058,-21.31,174.38,532.3,KO.MDUB.,40.471,31.198,143.441,1666.538,1698.127,1708.105,379.0,0.312,-0.064,-0.089,-0.04,-0.04,-0.04,1.1,-5.2,0.784,-0.713,-7.0,0.243,0.243,-5.7,0.392,0.243,-10.2,0.336,0.243,-9.5,0.303,0.243,-7.2,0.31,0.243,0,-1.0,-49.867
20211009_1058,-21.31,174.38,532.3,WI.SBLM.00,17.914,-62.85,126.271,1562.915,1579.539,1584.515,380.0,6.432,0.616,0.585,0.593,0.591,0.59,0.9,0.8,0.76,0.819,0.6,0.818,0.818,0.3,0.777,0.818,-0.3,0.768,0.818,0.1,0.777,0.818,0.3,0.774,0.818,0,-1.0,83.048
20211009_1058,-21.31,174.38,532.3,IV.CSLB.,37.937,14.058,156.245,1737.557,1783.289,1798.431,381.0,1.653,0.138,0.198,0.199,0.2,0.201,3.6,-0.2,0.629,-0.599,3.5,0.679,0.679,3.3,0.706,0.679,2.9,0.675,0.679,2.8,0.668,0.679,2.9,0.68,0.679,0,-1.0,-40.931
20211009_1058,-21.31,174.38,532.3,LU.LILIE.,49.754,6.395,150.008,1703.627,1742.184,1754.648,382.0,1.34,0.096,0.11,0.117,0.115,0.107,-0.2,4.6,0.71,0.282,4.0,0.613,0.613,3.8,0.584,0.613,3.6,0.591,0.613,3.5,0.599,0.613,3.4,0.599,0.613,0,-1.0,-15.501
20211009_1058,-21.31,174.38,532.3,CH.HASLI.,46.757,8.151,152.207,1715.736,1756.759,1770.133,383.0,1.464,0.172,0.178,0.178,0.182,0.193,3.9,3.6,0.764,0.787,3.2,0.852,0.852,2.9,0.824,0.852,2.7,0.811,0.852,2.3,0.804,0.852,2.4,0.81,0.852,0,-1.0,-20.312
20211009_1058,-21.31,174.38,532.3,TH.LUHNE.,51.254,10.419,147.545,1689.877,1725.754,1737.247,384.0,1.127,0.195,0.25,0.278,0.295,0.292,9.1,-1.0,0.496,-0.613,1.9,0.443,0.443,1.5,0.463,0.443,1.3,0.458,0.443,1.1,0.454,0.443,1.1,0.458,0.443,0,-1.0,-18.697
20211009_1058,-21.31,174.38,532.3,FR.RUSF.04,43.94,5.475,155.57,1733.945,1778.875,1793.716,385.0,2.073,0.484,0.467,0.465,0.466,0.47,1.3,1.5,0.767,0.712,0.9,0.567,0.567,0.9,0.638,0.567,0.8,0.629,0.567,0.4,0.612,0.567,0.5,0.627,0.567,0,-1.0,-19.374
20211009_1058,-21.31,174.38,532.3,CR.7501.,45.427,16.271,149.948,1703.292,1741.782,1754.222,386.0,2.524,0.359,0.429,0.445,0.448,0.446,3.5,3.8,0.749,0.7,2.5,0.596,0.596,2.5,0.682,0.596,2.2,0.697,0.596,2.0,0.714,0.596,2.1,0.694,0.596,0,-1.0,-31.328
20211009_1058,-21.31,174.38,532.3,PM.PESTR.,38.867,-7.59,162.362,1769.626,1822.93,1840.942,387.0,3.476,0.227,0.124,0.153,0.183,0.165,2.6,2.2,0.868,0.85,2.0,0.966,0.966,1.8,0.964,0.966,1.6,0.963,0.966,1.3,0.957,0.966,1.5,0.96,0.966,0,-1.0,4.97
20211009_1058,-21.31,174.38,532.3,TH.VITZ.,50.888,10.092,147.966,1692.237,1728.565,1740.22,388.0,2.698,0.37,0.388,0.409,0.42,0.41,2.5,0.2,0.653,0.362,1.0,0.507,0.507,0.5,0.536,0.507,0.3,0.552,0.507,0.1,0.557,0.507,0.2,0.554,0.507,0,-1.0,-18.683
20211009_1058,-21.31,174.38,532.3,GE.ACRG.,5.641,-0.207,163.477,1775.345,1830.083,1848.648,389.0,4.305,0.522,0.589,0.583,0.598,0.591,1.0,1.2,0.974,0.969,0.9,0.935,0.935,0.8,0.932,0.935,0.8,0.924,0.935,0.6,0.912,0.935,0.8,0.92,0.935,0,-1.0,-161.224
20211009_1058,-21.31,174.38,532.3,DK.COP.00,55.685,12.432,143.083,1664.475,1695.702,1705.554,390.0,1.013,-0.023,0.045,0.077,0.107,0.086,2.1,3.1,0.713,0.689,2.8,0.886,0.886,2.5,0.872,0.886,2.2,0.874,0.886,2.0,0.878,0.886,2.1,0.875,0.886,0,-1.0,-16.848
20211009_1058,-21.31,174.38,532.3,FR.FNEB.00,42.903,2.106,157.462,1744.035,1791.231,1806.923,391.0,1.655,0.451,0.494,0.514,0.529,0.522,2.3,2.6,0.898,0.854,2.2,0.85,0.85,1.9,0.859,0.85,1.7,0.864,0.85,1.5,0.861,0.85,1.6,0.861,0.85,0,-1.0,-14.702
20211009_1058,-21.31,174.38,532.3,GE.ARPR.,39.093,38.336,138.562,1638.066,1664.911,1673.254,392.0,0.372,-0.056,-0.037,-0.039,-0.039,-0.038,4.6,1.0,0.531,0.305,6.1,0.184,0.184,6.2,0.178,0.184,4.7,0.211,0.184,4.8,0.205,0.184,5.0,0.193,0.184,0,-1.0,-54.478
20211009_1058,-21.31,174.38,532.3,SX.GUNZ.,50.363,12.332,147.697,1690.73,1726.769,1738.32,393.0,2.444,0.237,0.248,0.281,0.29,0.279,3.3,3.3,0.817,0.814,2.9,0.675,0.675,2.6,0.675,0.675,2.3,0.649,0.675,2.0,0.636,0.675,2.2,0.647,0.675,0,-1.0,-21.475
20211009_1058,-21.31,174.38,532.3,KZ.ABKAR.,49.256,59.943,121.795,1534.334,1547.875,1551.898,394.0,1.897,-0.2,-0.07,-0.064,-0.063,-0.071,7.8,4.4,0.526,-0.897,7.4,0.623,0.623,7.0,0.684,0.623,7.0,0.728,0.623,7.2,0.71,0.623,7.2,0.705,0.623,0,-1.0,-44.427
20211009_1058,-21.31,174.38,532.3,TH.MODW.,50.943,12.468,147.161,1687.716,1723.182,1734.528,395.0,0.344,-0.065,-0.092,-0.098,-0.1,-0.097,-0.1,1.8,0.921,0.977,1.6,0.042,0.042,-4.5,0.045,0.042,-4.7,0.066,0.042,-5.0,0.076,0.042,-4.8,0.066,0.042,0,-1.0,-21.04
20211009_1058,-21.31,174.38,532.3,IV.SALO.,45.618,10.524,152.331,1716.415,1757.579,1771.006,396.0,2.973,0.524,0.523,0.532,0.533,0.537,3.7,4.0,0.815,0.749,3.4,0.775,0.775,2.8,0.743,0.775,2.4,0.74,0.775,2.1,0.751,0.775,2.2,0.749,0.775,0,-1.0,-24.575
20211009_1058,-21.31,174.38,532.3,BX.KDWAN.,-23.38,24.661,126.459,1564.104,1580.866,1585.885,397.0,5.594,0.652,0.668,0.669,0.664,0.664,0.4,0.7,0.856,0.833,0.4,0.957,0.957,0.4,0.963,0.957,0.3,0.962,0.957,0.3,0.957,0.957,0.3,0.961,0.957,1,0.0,-145.0
20211009_1058,-21.31,174.38,532.3,IV.IVUG.,38.396,14.986,155.388,1732.969,1777.684,1792.443,398.0,1.138,0.201,0.189,0.216,0.224,0.202,-0.4,-0.3,0.846,0.798,-0.2,0.885,0.885,-0.6,0.842,0.885,-0.9,0.828,0.885,-1.0,0.823,0.885,-0.9,0.831,0.885,0,-1.0,-41.184
20211009_1058,-21.31,174.38,532.3,IV.MBFT.,37.946,12.953,156.908,1741.093,1787.62,1803.061,399.0,1.83,0.272,0.209,0.239,0.253,0.228,1.4,1.5,0.824,0.857,1.1,0.807,0.807,1.0,0.812,0.807,0.8,0.785,0.807,0.7,0.779,0.807,0.8,0.789,0.807,0,-1.0,-39.492
20211009_1058,-21.31,174.38,532.3,BW.UH3.,48.03,11.639,149.901,1703.035,1741.473,1753.894,400.0,1.88,0.234,0.239,0.248,0.262,0.253,2.4,2.5,0.855,0.863,1.4,0.943,0.943,1.5,0.937,0.943,1.3,0.943,0.943,1.1,0.949,0.943,1.2,0.946,0.943,0,-1.0,-23.161
20211009_1058,-21.31,174.38,532.3,IV.BULG.,40.078,15.378,154.091,1725.98,1769.175,1783.36,401.0,2.063,0.293,0.277,0.258,0.252,0.267,-2.3,-2.1,0.769,0.757,1.9,0.541,0.541,2.4,0.554,0.541,2.2,0.597,0.541,2.2,0.609,0.541,2.2,0.593,0.541,0,-1.0,-38.606
20211009_1058,-21.31,174.38,532.3,IV.LPEL.,42.047,14.183,153.419,1722.34,1764.754,1778.647,402.0,1.918,0.133,0.091,0.123,0.14,0.118,3.2,-1.4,0.694,-0.682,-7.5,0.577,0.577,-7.7,0.553,0.577,-8.0,0.551,0.577,-8.2,0.559,0.577,-8.0,0.556,0.577,0,-1.0,-33.971
20211009_1058,-21.31,174.38,532.3,CH.LAUCH.,46.416,7.772,152.631,1718.052,1759.558,1773.113,403.0,1.389,0.227,0.156,0.144,0.134,0.128,-1.1,-1.0,0.715,0.552,-1.1,0.731,0.731,-1.4,0.713,0.731,-1.7,0.699,0.731,-2.0,0.69,0.731,-1.9,0.7,0.731,0,-1.0,-20.16
20211009_1058,-21.31,174.38,532.3,UD.KPD.,48.563,26.46,142.641,1661.925,1692.709,1702.408,404.0,0.553,-0.039,0.11,0.154,0.156,0.144,7.0,1.8,0.587,0.54,1.4,0.559,0.559,1.1,0.61,0.559,0.8,0.613,0.559,0.7,0.593,0.559,0.9,0.602,0.559,0,-1.0,-35.312
20211009_1058,-21.31,174.38,532.3,GE.GVD.,34.839,24.087,150.663,1707.251,1746.534,1759.265,405.0,0.834,0.063,0.052,0.054,0.053,0.051,-3.1,-2.1,0.666,0.487,-3.9,0.689,0.689,6.3,0.626,0.689,6.5,0.647,0.689,6.5,0.637,0.689,6.5,0.631,0.689,0,-1.0,-55.972
20211009_1058,-21.31,174.38,532.3,GB.EDMD.,54.831,-1.962,146.366,1683.222,1717.843,1728.887,406.0,3.499,0.37,0.285,0.316,0.328,0.316,1.6,2.7,0.682,0.642,1.6,0.774,0.774,1.8,0.738,0.774,1.5,0.742,0.774,1.3,0.751,0.774,1.4,0.745,0.774,0,-1.0,-3.784
20211009_1058,-21.31,174.38,532.3,GB.CWF.,52.738,-1.308,148.396,1694.652,1731.445,1743.268,407.0,1.521,0.458,0.39,0.386,0.392,0.39,0.3,1.9,0.887,0.74,0.8,0.715,0.715,0.5,0.689,0.715,0.2,0.69,0.715,0.1,0.687,0.715,0.2,0.687,0.715,0,-1.0,-4.952
20211009_1058,-21.31,174.38,532.3,CH.SALAN.,46.144,6.973,153.126,1720.745,1762.82,1776.586,408.0,1.21,0.134,0.181,0.192,0.187,0.196,0.3,-2.9,0.494,-0.178,4.5,0.561,0.561,4.4,0.542,0.561,4.2,0.523,0.561,4.0,0.507,0.561,4.1,0.513,0.561,0,-1.0,-19.357
20211009_1058,-21.31,174.38,532.3,GE.IMMV.,35.461,23.981,150.531,1706.52,1745.656,1758.333,409.0,1.27,0.314,0.189,0.18,0.181,0.184,2.2,-1.9,0.718,-0.659,0.1,0.676,0.676,-1.9,0.261,0.676,-2.4,0.448,0.676,-2.2,0.395,0.676,-2.1,0.359,0.676,0,-1.0,-54.717
20211009_1058,-21.31,174.38,532.3,CH.SIMPL.,46.24,8.02,152.705,1718.454,1760.045,1773.63,410.0,1.9,0.3,0.302,0.316,0.332,0.329,2.8,3.0,0.901,0.93,3.1,0.918,0.918,2.7,0.912,0.918,2.6,0.905,0.918,2.3,0.896,0.918,2.4,0.9,0.918,0,-1.0,-20.666
20211009_1058,-21.31,174.38,532.3,IV.GUAR.,41.794,13.312,154.052,1725.769,1768.918,1783.086,411.0,2.713,0.316,0.359,0.364,0.361,0.368,3.9,3.8,0.802,0.803,3.0,0.68,0.68,3.0,0.737,0.68,2.8,0.748,0.68,2.6,0.764,0.68,2.7,0.756,0.68,0,-1.0,-33.31
20211009_1058,-21.31,174.38,532.3,CH.VANNI.,46.21,7.597,152.869,1719.349,1761.129,1774.785,412.0,1.255,0.158,0.131,0.132,0.132,0.123,-2.0,-2.2,0.703,0.69,-2.1,0.701,0.701,-2.4,0.708,0.701,-2.7,0.71,0.701,-3.0,0.713,0.701,-2.9,0.716,0.701,0,-1.0,-20.134
20211009_1058,-21.31,174.38,532.3,IV.MELA.,41.706,15.127,153.152,1720.887,1762.992,1776.769,413.0,1.782,0.259,0.286,0.31,0.317,0.305,3.1,2.7,0.669,0.645,3.1,0.799,0.799,3.0,0.79,0.799,2.7,0.767,0.799,2.6,0.754,0.799,2.7,0.773,0.799,0,-1.0,-35.606
20211009_1058,-21.31,174.38,532.3,G.MPG.00,5.11,-52.644,131.676,1596.572,1617.383,1623.694,414.0,4.277,0.611,0.553,0.589,0.578,0.557,0.5,1.0,0.898,0.868,0.5,0.817,0.817,0.7,0.761,0.817,0.1,0.806,0.817,0.4,0.785,0.817,0.7,0.763,0.817,0,-1.0,102.85
20211009_1058,-21.31,174.38,532.3,OE.OBKA.,46.509,14.549,149.942,1703.26,1741.742,1754.18,415.0,1.374,0.284,0.303,0.308,0.314,0.316,2.3,2.6,0.802,0.831,2.1,0.849,0.849,2.2,0.825,0.849,2.0,0.811,0.849,1.8,0.8,0.849,1.9,0.811,0.849,0,-1.0,-28.115
20211009_1058,-21.31,174.38,532.3,DK.NRS.,61.16,-45.419,131.575,1595.951,1616.68,1622.964,416.0,0.452,-0.038,-0.064,-0.053,-0.042,-0.049,5.9,2.7,0.737,-0.159,4.8,0.598,0.598,4.6,0.566,0.598,4.2,0.643,0.598,4.3,0.654,0.598,4.4,0.61,0.598,0,-1.0,24.373
20211009_1058,-21.31,174.38,532.3,CH.LLS.,46.847,9.008,151.843,1713.741,1754.349,1767.57,417.0,3.254,0.484,0.44,0.422,0.41,0.421,8.1,-0.8,0.38,0.321,-0.7,0.479,0.479,-1.0,0.441,0.479,-1.3,0.421,0.479,-1.6,0.414,0.479,-1.5,0.42,0.479,0,-1.0,-21.31
20211009_1058,-21.31,174.38,532.3,LU.WILW.,49.992,6.005,149.884,1702.938,1741.357,1753.771,418.0,1.137,0.288,0.293,0.302,0.312,0.301,0.8,0.9,0.528,0.512,0.5,0.636,0.636,0.4,0.677,0.636,0.2,0.668,0.636,0.0,0.652,0.636,0.0,0.657,0.636,0,-1.0,-14.861
20211009_1058,-21.31,174.38,532.3,BW.ROTZ.,49.767,12.207,148.243,1693.79,1730.416,1742.179,419.0,1.883,0.373,0.377,0.39,0.397,0.391,1.5,1.5,0.694,0.691,0.9,0.723,0.723,0.3,0.756,0.723,0.1,0.784,0.723,-0.2,0.803,0.723,-0.2,0.785,0.723,0,-1.0,-21.946
20211009_1058,-21.31,174.38,532.3,EE.MTSE.,58.714,23.815,137.047,1629.071,1654.517,1662.387,420.0,3.066,0.271,0.227,0.229,0.227,0.229,-0.1,-4.6,0.853,-0.402,1.6,0.448,0.448,1.3,0.44,0.448,0.9,0.427,0.448,1.0,0.411,0.448,1.1,0.422,0.448,0,-1.0,-21.963
20211009_1058,-21.31,174.38,532.3,DK.DAG.,76.771,-18.655,124.157,1549.503,1564.626,1569.135,421.0,4.238,0.23,0.27,0.26,0.255,0.26,0.0,-0.6,0.536,0.432,-0.1,0.498,0.498,-0.2,0.485,0.498,-0.2,0.499,0.498,-0.2,0.519,0.498,-0.2,0.508,0.498,0,-1.0,3.58
20211009_1058,-21.31,174.38,532.3,IV.ARVD.,43.498,12.942,152.973,1719.918,1761.817,1775.518,422.0,3.311,0.487,0.45,0.461,0.463,0.453,0.4,-0.3,0.866,0.611,0.1,0.728,0.728,-0.4,0.744,0.728,-0.6,0.741,0.728,-0.8,0.739,0.728,-0.7,0.744,0.728,0,-1.0,-30.321
20211009_1058,-21.31,174.38,532.3,NO.NC405.00,61.113,11.715,138.401,1637.112,1663.806,1672.098,423.0,1.921,0.278,0.294,0.305,0.306,0.302,-2.2,3.2,0.576,0.413,2.5,0.679,0.679,2.3,0.713,0.679,2.1,0.743,0.679,1.9,0.761,0.679,2.0,0.747,0.679,0,-1.0,-12.495
20211009_1058,-21.31,174.38,532.3,IV.MGR.,40.138,15.554,153.95,1725.217,1768.247,1782.371,424.0,1.65,0.193,0.2,0.211,0.21,0.205,-3.5,-3.5,0.926,0.9,-3.4,0.806,0.806,-3.6,0.775,0.806,-3.8,0.72,0.806,-3.9,0.703,0.806,-3.8,0.734,0.806,0,-1.0,-38.702
20211009_1058,-21.31,174.38,532.3,FR.CIEL.00,48.833,7.364,150.593,1706.862,1746.066,1758.769,425.0,3.176,0.405,0.388,0.384,0.373,0.385,1.7,1.5,0.856,0.868,1.1,0.712,0.712,1.0,0.783,0.712,0.7,0.767,0.712,0.6,0.738,0.712,0.6,0.75,0.712,0,-1.0,-17.406
20211009_1058,-21.31,174.38,532.3,GR.GRB2.,49.27,11.668,148.85,1697.185,1734.471,1746.472,426.0,1.91,0.324,0.363,0.375,0.378,0.372,3.5,-3.3,0.583,-0.81,-8.0,0.487,0.487,-8.4,0.44,0.487,-8.7,0.429,0.487,-8.9,0.417,0.487,-8.7,0.427,0.487,0,-1.0,-21.888
20211009_1058,-21.31,174.38,532.3,NA.SMRT.,18.05,-63.075,126.095,1561.806,1578.302,1583.238,427.0,2.566,0.419,0.378,0.398,0.387,0.384,1.3,4.6,0.612,-0.573,1.4,0.629,0.629,1.1,0.494,0.629,0.5,0.484,0.629,0.9,0.495,0.629,1.1,0.494,0.629,0,-1.0,82.822
20211009_1058,-21.31,174.38,532.3,KV.GOM.,-1.681,29.227,138.901,1640.071,1667.233,1675.685,428.0,4.953,0.635,0.59,0.589,0.588,0.589,0.6,0.4,0.862,0.823,-0.1,0.809,0.809,0.3,0.774,0.809,-0.1,0.796,0.809,-0.1,0.794,0.809,0.0,0.78,0.809,0,-1.0,-119.941
20211009_1058,-21.31,174.38,532.3,GE.PABE.,55.505,23.968,139.317,1642.521,1670.074,1678.659,429.0,2.227,0.461,0.489,0.479,0.475,0.482,0.1,3.7,0.637,-0.336,-0.7,0.79,0.79,-0.9,0.759,0.79,-1.3,0.752,0.79,-1.5,0.754,0.79,-1.3,0.751,0.79,0,-1.0,-25.352
20211009_1058,-21.31,174.38,532.3,CH.DIX.,46.081,7.408,153.044,1720.302,1762.282,1776.013,430.0,1.319,0.234,0.204,0.201,0.204,0.196,-1.7,-1.6,0.728,0.875,-1.6,0.529,0.529,-1.9,0.559,0.529,-2.1,0.572,0.529,-2.3,0.58,0.529,-2.2,0.579,0.529,0,-1.0,-20.01
20211009_1058,-21.31,174.38,532.3,GR.GRA1.,49.691,11.22,148.645,1696.043,1733.106,1745.026,431.0,2.738,0.387,0.417,0.428,0.434,0.429,2.1,2.5,0.842,0.83,1.4,0.645,0.645,0.9,0.665,0.645,0.6,0.684,0.645,0.4,0.7,0.645,0.5,0.682,0.645,0,-1.0,-20.989
20211009_1058,-21.31,174.38,532.3,CZ.ZVC.,49.439,14.193,147.782,1691.207,1727.338,1738.922,432.0,3.022,0.187,0.176,0.171,0.165,0.172,0.6,4.8,0.471,0.42,4.5,0.423,0.423,-0.5,0.381,0.423,-0.8,0.395,0.423,-1.0,0.412,0.423,-0.9,0.4,0.423,0,-1.0,-24.295
20211009_1058,-21.31,174.38,532.3,MN.TUE.,46.472,9.347,152.048,1714.866,1755.707,1769.014,433.0,2.701,0.458,0.5,0.502,0.51,0.516,3.2,3.3,0.729,0.656,2.9,0.932,0.932,2.4,0.947,0.932,2.1,0.954,0.932,1.8,0.967,0.932,1.9,0.962,0.932,0,-1.0,-22.133
20211009_1058,-21.31,174.38,532.3,SX.WERN.,50.287,12.376,147.746,1691.004,1727.096,1738.666,434.0,2.376,0.267,0.304,0.321,0.327,0.317,1.4,1.7,0.67,0.66,0.6,0.882,0.882,0.2,0.871,0.882,-0.1,0.876,0.882,-0.3,0.873,0.882,-0.3,0.873,0.882,0,-1.0,-21.595
20211009_1058,-21.31,174.38,532.3,G.TAM.00,22.791,5.528,169.564,1805.879,1868.687,1890.459,435.0,4.0,0.191,0.166,0.18,0.181,0.182,1.0,-2.3,0.546,-0.625,-6.3,0.46,0.46,8.8,0.507,0.46,8.9,0.47,0.46,8.9,0.483,0.46,8.9,0.491,0.46,0,-1.0,-79.503
20211009_1058,-21.31,174.38,532.3,CR.7445.,45.729,15.472,150.109,1704.19,1742.858,1755.364,436.0,3.283,0.373,0.411,0.438,0.453,0.437,1.9,2.3,0.872,0.835,0.8,0.677,0.677,0.7,0.766,0.677,0.5,0.768,0.677,0.5,0.775,0.677,0.5,0.769,0.677,0,-1.0,-30.098
20211009_1058,-21.31,174.38,532.3,HU.CSKK.,47.363,18.26,147.604,1690.207,1726.146,1737.661,437.0,0.461,-0.013,-0.011,-0.012,-0.012,-0.009,2.2,2.7,0.506,0.462,2.2,0.718,0.718,1.8,0.638,0.718,1.3,0.568,0.718,1.1,0.536,0.718,1.3,0.572,0.718,0,-1.0,-30.645
20211009_1058,-21.31,174.38,532.3,BX.KGCAE.,-22.854,22.207,128.176,1574.879,1592.93,1598.352,438.0,9.033,0.466,0.51,0.503,0.48,0.494,0.2,0.4,0.969,0.939,-0.8,0.857,0.857,-0.5,0.869,0.857,-0.6,0.87,0.857,-0.8,0.882,0.857,-0.6,0.872,0.857,0,-1.0,-146.963
20211009_1058,-21.31,174.38,532.3,SS.COI.,40.208,-8.412,160.953,1762.351,1813.864,1831.192,439.0,0.522,0.029,0.111,0.1,0.072,0.098,0.6,4.2,0.653,-0.791,-0.3,0.342,0.342,-0.4,0.26,0.342,-0.6,0.283,0.342,-0.8,0.318,0.342,-0.7,0.289,0.342,0,-1.0,6.434
20211009_1058,-21.31,174.38,532.3,G.SSB.10,45.279,4.542,154.62,1728.832,1772.644,1787.062,440.0,2.415,0.49,0.537,0.554,0.559,0.554,0.4,0.8,0.926,0.891,0.7,0.791,0.791,0.2,0.799,0.791,-0.2,0.795,0.791,-0.6,0.795,0.791,-0.4,0.797,0.791,0,-1.0,-16.672
20211009_1058,-21.31,174.38,532.3,CH.SAVIG.,46.066,5.973,153.497,1722.764,1765.268,1779.194,441.0,1.777,0.275,0.309,0.326,0.337,0.337,2.6,2.7,0.773,0.852,1.9,0.794,0.794,1.8,0.803,0.794,1.6,0.805,0.794,1.5,0.811,0.794,1.5,0.808,0.794,0,-1.0,-18.046
20211009_1058,-21.31,174.38,532.3,GU.PCP.,44.541,8.545,153.992,1725.442,1768.52,1782.662,442.0,2.124,0.506,0.495,0.521,0.539,0.536,2.6,2.6,0.76,0.679,1.6,0.723,0.723,1.4,0.785,0.723,1.3,0.791,0.723,1.0,0.801,0.723,1.1,0.801,0.723,0,-1.0,-23.235
20211009_1058,-21.31,174.38,532.3,GB.KESW.,54.589,-3.105,146.667,1684.926,1719.867,1731.025,443.0,1.787,0.458,0.45,0.474,0.493,0.482,1.6,2.2,0.808,0.682,1.4,0.84,0.84,1.4,0.794,0.84,1.2,0.805,0.84,0.9,0.824,0.84,1.0,0.815,0.84,0,-1.0,-2.638
20211009_1058,-21.31,174.38,532.3,KO.KDZE.,41.313,31.443,142.968,1663.816,1694.928,1704.74,444.0,0.91,0.136,0.187,0.185,0.185,0.187,0.4,-3.4,0.668,-0.876,-1.7,0.413,0.413,-0.8,0.642,0.413,-1.0,0.486,0.413,-1.0,0.513,0.413,-0.9,0.568,0.413,0,-1.0,-48.664
20211009_1058,-21.31,174.38,532.3,TH.LEIB1.,50.576,11.198,147.893,1691.829,1728.078,1739.705,445.0,0.865,0.103,0.135,0.14,0.144,0.142,5.3,3.7,0.469,0.708,3.5,0.694,0.694,3.2,0.694,0.694,2.8,0.691,0.694,2.6,0.689,0.694,2.7,0.69,0.694,0,-1.0,-20.114
20211009_1058,-21.31,174.38,532.3,LX.GGNV.,38.718,-9.151,162.329,1769.459,1822.722,1840.719,446.0,1.976,0.215,0.238,0.222,0.204,0.215,8.2,3.0,0.524,-0.244,7.6,0.447,0.447,7.3,0.478,0.447,7.1,0.44,0.447,6.8,0.393,0.447,7.0,0.423,0.447,0,-1.0,8.936
20211009_1058,-21.31,174.38,532.3,RD.LOR.,47.268,3.859,152.934,1719.702,1761.556,1775.24,447.0,2.602,0.332,0.365,0.37,0.377,0.386,1.7,1.9,0.809,0.814,2.0,0.753,0.753,1.7,0.786,0.753,1.6,0.781,0.753,1.4,0.77,0.753,1.4,0.774,0.753,0,-1.0,-14.093
20211009_1058,-21.31,174.38,532.3,TH.GRZ1.,50.691,12.22,147.458,1689.387,1725.171,1736.63,448.0,0.615,0.169,0.165,0.164,0.162,0.165,2.3,1.6,0.67,0.58,0.7,0.595,0.595,0.3,0.591,0.595,-0.3,0.617,0.595,-0.5,0.641,0.595,-0.4,0.625,0.595,0,-1.0,-21.04
20211009_1058,-21.31,174.38,532.3,IV.AOI.,43.55,13.602,152.618,1717.983,1759.475,1773.024,449.0,2.571,0.335,0.268,0.259,0.261,0.264,2.2,2.5,0.679,0.051,2.8,0.74,0.74,2.7,0.717,0.74,2.5,0.661,0.74,2.3,0.607,0.74,2.5,0.657,0.74,0,-1.0,-31.037
20211009_1058,-21.31,174.38,532.3,ZC.MIDR.00,18.983,-69.05,120.815,1527.988,1540.902,1544.734,450.0,3.06,0.468,0.43,0.43,0.433,0.434,1.4,0.6,0.77,0.669,-0.1,0.596,0.596,-0.1,0.66,0.596,-0.1,0.685,0.596,-0.1,0.666,0.596,-0.1,0.657,0.596,0,-1.0,80.114
20211009_1058,-21.31,174.38,532.3,CR.ZAG.,45.829,15.994,149.789,1702.411,1740.725,1753.101,451.0,1.195,0.217,0.246,0.251,0.254,0.25,-0.1,4.1,0.528,0.343,3.3,0.522,0.522,3.0,0.504,0.522,2.6,0.49,0.522,2.5,0.497,0.522,2.6,0.493,0.522,0,-1.0,-30.501
20211009_1058,-21.31,174.38,532.3,RD.ETSF.,42.899,-0.559,158.001,1746.888,1794.739,1810.678,452.0,2.561,0.46,0.454,0.473,0.487,0.482,2.3,2.3,0.902,0.912,2.0,0.796,0.796,1.8,0.866,0.796,1.6,0.855,0.796,1.3,0.834,0.796,1.4,0.843,0.796,0,-1.0,-9.802
20211009_1058,-21.31,174.38,532.3,TH.ZEITZ.,51.051,12.126,147.184,1687.841,1723.331,1734.685,453.0,0.481,0.052,0.029,0.03,0.026,0.031,1.7,2.0,0.723,0.901,1.4,0.828,0.828,1.1,0.835,0.828,0.7,0.845,0.828,0.5,0.855,0.828,0.5,0.85,0.828,0,-1.0,-20.599
20211009_1058,-21.31,174.38,532.3,EI.IWEX.,52.374,-6.774,148.923,1697.593,1734.958,1746.988,454.0,4.328,0.285,0.175,0.184,0.185,0.18,-0.2,-0.3,0.847,0.885,-0.8,0.852,0.852,-0.7,0.823,0.852,-1.0,0.819,0.852,-1.3,0.819,0.852,-1.2,0.818,0.852,0,-1.0,1.356
20211009_1058,-21.31,174.38,532.3,MN.KEK.,39.713,19.796,151.582,1712.311,1752.624,1765.736,455.0,2.374,0.251,0.278,0.29,0.295,0.285,1.1,-4.0,0.791,-0.881,3.4,0.548,0.548,3.0,0.519,0.548,3.5,0.432,0.548,-10.2,0.422,0.548,3.3,0.443,0.548,0,-1.0,-43.721
20211009_1058,-21.31,174.38,532.3,FR.TURF.00,43.975,7.392,154.899,1730.336,1774.475,1789.017,456.0,2.567,0.506,0.527,0.562,0.577,0.557,1.3,1.0,0.77,0.722,0.7,0.776,0.776,0.1,0.835,0.776,-0.1,0.869,0.776,-0.2,0.885,0.776,-0.2,0.874,0.776,0,-1.0,-22.242
20211009_1058,-21.31,174.38,532.3,FR.ARTF.00,43.587,5.805,155.782,1735.078,1780.259,1795.193,457.0,1.988,0.302,0.304,0.329,0.343,0.321,1.6,-3.9,0.569,-0.687,-8.5,0.535,0.535,0.8,0.512,0.535,0.7,0.489,0.535,-9.3,0.49,0.535,0.4,0.486,0.535,0,-1.0,-20.261
20211009_1058,-21.31,174.38,532.3,FR.LEMB.00,49.035,7.759,150.298,1705.234,1744.112,1756.694,458.0,4.24,0.499,0.524,0.518,0.52,0.52,2.8,3.3,0.911,0.911,2.2,0.818,0.818,2.0,0.874,0.818,1.7,0.872,0.818,1.6,0.865,0.818,1.6,0.869,0.818,0,-1.0,-17.706
20211009_1058,-21.31,174.38,532.3,MN.ARPR.,39.093,38.336,138.562,1638.066,1664.911,1673.254,459.0,0.372,-0.056,-0.037,-0.039,-0.039,-0.038,4.6,1.0,0.531,0.305,6.1,0.184,0.184,6.2,0.178,0.184,4.7,0.211,0.184,4.8,0.205,0.184,5.0,0.193,0.184,0,-1.0,-54.478
20211009_1058,-21.31,174.38,532.3,IV.MTRZ.,44.313,11.425,153.025,1720.199,1762.158,1775.881,460.0,0.615,0.147,0.141,0.146,0.139,0.15,-0.2,0.2,0.876,0.72,0.5,0.794,0.794,0.2,0.76,0.794,-0.3,0.731,0.794,-0.6,0.72,0.794,-0.4,0.73,0.794,0,-1.0,-27.331
20211009_1058,-21.31,174.38,532.3,EI.IGLA.,53.419,-9.375,147.762,1691.096,1727.205,1738.781,461.0,2.25,0.334,0.321,0.298,0.284,0.291,-0.1,0.1,0.886,0.854,-0.3,0.685,0.685,-0.6,0.631,0.685,-0.8,0.63,0.685,-1.0,0.64,0.685,-1.0,0.634,0.685,0,-1.0,4.171
20211009_1058,-21.31,174.38,532.3,HU.BEHE.,46.471,16.776,148.951,1697.748,1735.143,1747.185,462.0,1.246,0.244,0.265,0.259,0.257,0.261,-0.2,4.6,0.588,-0.378,-8.4,0.617,0.617,-1.0,0.602,0.617,-1.2,0.618,0.617,-1.3,0.614,0.617,-1.3,0.613,0.617,0,-1.0,-30.424
20211009_1058,-21.31,174.38,532.3,GR.RETHO.,52.738,9.361,146.525,1684.122,1718.911,1730.015,463.0,3.618,0.122,0.118,0.105,0.097,0.101,-6.6,3.9,0.813,-0.943,-8.5,0.367,0.367,-8.8,0.345,0.367,-9.0,0.341,0.367,-9.3,0.349,0.367,-9.2,0.348,0.367,0,-1.0,-16.402
20211009_1058,-21.31,174.38,532.3,GR.GRA2.,49.654,11.358,148.63,1695.959,1733.005,1744.92,464.0,2.714,0.198,0.171,0.164,0.16,0.162,0.1,-0.3,0.819,0.445,-0.3,0.52,0.52,-0.8,0.448,0.52,-1.1,0.432,0.52,-1.4,0.428,0.52,-1.2,0.431,0.52,0,-1.0,-21.172
20211009_1058,-21.31,174.38,532.3,FR.SMPL.00,42.095,9.285,155.736,1734.834,1779.961,1794.875,465.0,1.772,0.145,0.152,0.163,0.175,0.166,2.7,3.2,0.654,0.4,2.7,0.688,0.688,2.5,0.603,0.688,2.1,0.595,0.688,1.7,0.61,0.688,1.9,0.595,0.688,0,-1.0,-27.413
20211009_1058,-21.31,174.38,532.3,NO.NBO00.00,61.031,10.778,138.661,1638.65,1665.587,1673.962,466.0,1.97,0.306,0.342,0.367,0.381,0.368,-4.7,-4.0,0.573,0.59,-5.2,0.474,0.474,-5.5,0.494,0.474,-5.6,0.526,0.474,-5.8,0.544,0.474,-5.7,0.53,0.474,0,-1.0,-11.921
20211009_1058,-21.31,174.38,532.3,CH.NALPS.,46.595,8.748,152.149,1715.422,1756.379,1769.729,467.0,2.641,0.48,0.507,0.525,0.533,0.528,1.8,1.7,0.79,0.783,1.5,0.873,0.873,1.1,0.847,0.873,0.8,0.833,0.873,0.5,0.832,0.873,0.6,0.837,0.873,0,-1.0,-21.243
20211009_1058,-21.31,174.38,532.3,FR.MONQ.00,44.367,1.194,156.264,1737.659,1783.414,1798.564,468.0,3.209,0.454,0.482,0.495,0.511,0.502,2.2,-3.5,0.801,-0.775,1.8,0.552,0.552,1.7,0.632,0.552,1.6,0.64,0.552,1.2,0.644,0.552,1.4,0.642,0.552,0,-1.0,-12.025
20211009_1058,-21.31,174.38,532.3,GE.PSZ.,47.918,19.894,146.429,1683.579,1718.267,1729.335,469.0,2.316,0.466,0.439,0.439,0.437,0.44,3.5,4.3,0.771,0.811,3.8,0.544,0.544,3.0,0.461,0.544,2.6,0.5,0.544,2.3,0.529,0.544,2.5,0.499,0.544,0,-1.0,-31.344
20211009_1058,-21.31,174.38,532.3,IV.BDI.,44.062,10.597,153.579,1723.207,1765.806,1779.768,470.0,1.563,0.188,0.19,0.225,0.233,0.225,2.3,1.9,0.823,0.701,1.2,0.946,0.946,1.5,0.94,0.946,1.2,0.941,0.946,1.1,0.942,0.946,1.2,0.941,0.946,0,-1.0,-26.593
20211009_1058,-21.31,174.38,532.3,BW.PART.,47.496,11.116,150.54,1706.573,1745.72,1758.401,471.0,1.369,0.089,0.073,0.074,0.076,0.076,-7.5,-4.8,0.706,0.628,-6.3,0.615,0.615,-6.5,0.62,0.615,-6.7,0.607,0.615,-7.0,0.591,0.615,-6.9,0.6,0.615,0,-1.0,-23.15
20211009_1058,-21.31,174.38,532.3,GU.RORO.,44.112,8.066,154.536,1728.382,1772.096,1786.477,472.0,1.394,0.048,0.033,0.021,0.01,0.02,11.0,1.7,0.712,-0.914,8.1,0.471,0.471,7.5,0.472,0.471,7.2,0.463,0.471,7.0,0.45,0.471,7.2,0.458,0.471,0,-1.0,-23.061
20211009_1058,-21.31,174.38,532.3,GU.IMI.,43.91,7.893,154.773,1729.659,1773.65,1788.137,473.0,1.212,0.501,0.447,0.432,0.424,0.432,-2.9,-2.3,0.565,0.533,-3.0,0.551,0.551,3.0,0.628,0.551,2.8,0.677,0.551,2.6,0.708,0.551,2.6,0.686,0.551,0,-1.0,-23.049
20211009_1058,-21.31,174.38,532.3,GR.FBRG.,52.906,10.198,146.149,1681.996,1716.389,1727.352,474.0,2.455,0.356,0.357,0.347,0.337,0.341,0.6,4.0,0.773,-0.918,-0.2,0.548,0.548,-0.2,0.541,0.548,6.8,0.546,0.548,6.5,0.547,0.548,6.5,0.548,0.548,0,-1.0,-17.083
20211009_1058,-21.31,174.38,532.3,NL.HRKB.,51.188,6.168,148.735,1696.544,1733.704,1745.66,475.0,2.141,0.356,0.402,0.413,0.411,0.415,1.6,2.0,0.834,0.802,0.6,0.706,0.706,0.1,0.692,0.706,-0.1,0.704,0.706,-0.3,0.708,0.706,-0.2,0.702,0.706,0,-1.0,-14.194
20211009_1058,-21.31,174.38,532.3,CH.ZUR.,47.369,8.581,151.529,1712.021,1752.275,1765.365,476.0,3.269,0.122,0.18,0.187,0.199,0.187,5.4,4.5,0.449,0.452,4.0,0.786,0.786,4.0,0.715,0.786,3.6,0.677,0.786,3.2,0.649,0.786,3.4,0.671,0.786,0,-1.0,-20.247
20211009_1058,-21.31,174.38,532.3,BW.RNON.,47.741,12.867,149.671,1701.76,1739.945,1752.273,477.0,1.503,0.009,0.042,0.06,0.076,0.064,2.7,-2.0,0.538,-0.828,-6.8,0.692,0.692,-7.0,0.707,0.692,-7.2,0.689,0.692,-7.4,0.677,0.692,-7.2,0.688,0.692,0,-1.0,-24.83
20211009_1058,-21.31,174.38,532.3,KO.KIZT.,38.881,31.883,143.461,1666.656,1698.265,1708.251,478.0,2.351,0.07,0.065,0.061,0.06,0.061,9.1,4.2,0.49,-0.608,6.4,0.677,0.677,7.8,0.513,0.677,7.3,0.488,0.677,7.2,0.511,0.677,7.4,0.524,0.677,0,-1.0,-52.689
20211009_1058,-21.31,174.38,532.3,NO.ARB5.00,69.536,25.498,128.267,1575.446,1593.566,1599.009,479.0,0.939,0.319,0.31,0.312,0.309,0.309,0.9,1.4,0.676,0.63,0.7,0.849,0.849,0.4,0.856,0.849,0.2,0.865,0.849,0.2,0.871,0.849,0.3,0.866,0.849,0,-1.0,-13.31
20211009_1058,-21.31,174.38,532.3,IV.PESA.,43.941,12.84,152.683,1718.338,1759.904,1773.481,480.0,2.963,0.404,0.385,0.382,0.384,0.377,1.5,0.9,0.958,0.882,1.1,0.89,0.89,0.5,0.839,0.89,0.2,0.806,0.89,-0.1,0.797,0.89,0.0,0.809,0.89,0,-1.0,-29.578
20211009_1058,-21.31,174.38,532.3,SX.SCHF.,50.677,12.403,147.408,1689.104,1724.833,1736.273,481.0,3.939,0.25,0.291,0.336,0.351,0.34,2.2,2.2,0.799,0.829,1.7,0.581,0.581,1.5,0.589,0.581,1.1,0.563,0.581,0.9,0.549,0.581,1.0,0.562,0.581,0,-1.0,-21.236
20211009_1058,-21.31,174.38,532.3,GB.LMK.,53.457,-0.326,147.599,1690.18,1726.114,1737.628,482.0,2.171,0.258,0.302,0.301,0.295,0.299,-0.5,-4.5,0.61,-0.684,-1.0,0.526,0.526,-1.4,0.546,0.526,-1.5,0.531,0.526,-1.8,0.525,0.526,-1.7,0.531,0.526,0,-1.0,-5.85
20211009_1058,-21.31,174.38,532.3,GR.GRB5.,49.111,11.675,148.981,1697.919,1735.347,1747.4,483.0,2.35,0.415,0.428,0.421,0.426,0.424,1.6,-2.3,0.334,-0.786,-6.6,0.543,0.543,-7.0,0.513,0.543,-7.3,0.502,0.543,-7.4,0.496,0.543,-7.4,0.504,0.543,0,-1.0,-22.058
20211009_1058,-21.31,174.38,532.3,KO.BAYT.,40.394,40.141,136.93,1628.369,1653.707,1661.541,484.0,1.031,0.038,0.066,0.069,0.071,0.069,-5.2,-4.8,0.699,0.298,-11.8,0.472,0.472,-10.9,0.556,0.472,-11.3,0.533,0.472,-11.3,0.528,0.472,-11.1,0.541,0.472,0,-1.0,-53.034
20211009_1058,-21.31,174.38,532.3,OE.WATA.,47.336,11.576,150.502,1706.362,1745.466,1758.132,485.0,3.476,0.423,0.469,0.49,0.497,0.486,0.7,1.2,0.554,0.542,0.5,0.909,0.909,0.2,0.93,0.909,0.0,0.936,0.909,-0.1,0.935,0.909,-0.1,0.937,0.909,0,-1.0,-23.854
20211009_1058,-21.31,174.38,532.3,SX.NEUB.,51.194,11.772,147.176,1687.8,1723.282,1734.633,486.0,2.211,0.467,0.509,0.54,0.548,0.544,2.6,-2.3,0.796,-0.937,2.2,0.61,0.61,1.8,0.612,0.61,1.4,0.636,0.61,1.2,0.653,0.61,1.3,0.639,0.61,0,-1.0,-20.114
20211009_1058,-21.31,174.38,532.3,KV.BULE.,-1.633,29.14,139.0,1640.65,1667.904,1676.387,487.0,5.039,0.436,0.394,0.372,0.365,0.375,-0.9,-0.8,0.616,0.658,4.3,0.342,0.342,4.6,0.291,0.342,4.1,0.31,0.342,4.0,0.309,0.342,4.2,0.291,0.342,0,-1.0,-119.961
20211009_1058,-21.31,174.38,532.3,RO.MLR.,45.491,25.945,144.65,1673.469,1706.294,1716.705,488.0,1.586,0.043,0.106,0.132,0.139,0.12,2.6,-2.1,0.331,-0.441,2.2,0.732,0.732,2.2,0.676,0.732,-8.6,0.588,0.732,-8.7,0.599,0.732,1.8,0.605,0.732,0,-1.0,-39.258
20211009_1058,-21.31,174.38,532.3,OE.MYKA.,46.63,13.642,150.241,1704.919,1743.733,1756.292,489.0,2.179,0.235,0.255,0.265,0.271,0.264,4.3,-3.1,0.353,0.108,2.9,0.696,0.696,2.9,0.63,0.696,2.8,0.634,0.696,2.6,0.637,0.696,2.6,0.638,0.696,0,-1.0,-26.99
20211009_1058,-21.31,174.38,532.3,IV.NRCA.,42.834,13.114,153.389,1722.178,1764.557,1778.437,490.0,4.981,0.261,0.258,0.289,0.304,0.285,2.3,2.4,0.84,0.739,2.1,0.681,0.681,2.1,0.672,0.681,1.7,0.647,0.681,1.5,0.648,0.681,1.7,0.656,0.681,0,-1.0,-31.49
20211009_1058,-21.31,174.38,532.3,G.IVI.00,61.206,-48.171,130.47,1589.139,1608.977,1614.97,491.0,1.788,0.044,0.078,0.089,0.078,0.078,2.9,3.1,0.864,0.872,2.4,0.822,0.822,2.1,0.798,0.822,2.1,0.838,0.822,2.1,0.846,0.822,2.1,0.827,0.822,0,-1.0,25.353
20211009_1058,-21.31,174.38,532.3,NO.NC602.00,60.735,11.541,138.779,1639.349,1666.397,1674.809,492.0,2.028,0.354,0.336,0.339,0.333,0.335,2.2,0.8,0.682,0.357,1.1,0.661,0.661,1.0,0.642,0.661,0.6,0.628,0.661,0.5,0.612,0.661,0.7,0.622,0.661,0,-1.0,-12.616
20211009_1058,-21.31,174.38,532.3,CH.MFERR.,45.951,7.112,153.254,1721.443,1763.666,1777.488,493.0,1.625,0.132,0.149,0.158,0.16,0.157,0.0,-4.5,0.755,-0.507,6.1,0.47,0.47,5.9,0.501,0.47,5.8,0.512,0.47,5.6,0.519,0.47,5.7,0.516,0.47,0,-1.0,-19.737
20211009_1058,-21.31,174.38,532.3,GU.TRAV.,45.513,7.747,153.433,1722.418,1764.848,1778.747,494.0,1.743,0.197,0.187,0.204,0.21,0.209,3.4,3.3,0.864,0.804,2.6,0.938,0.938,2.7,0.931,0.938,2.4,0.935,0.938,2.3,0.937,0.938,2.4,0.936,0.938,0,-1.0,-21.056
20211009_1058,-21.31,174.38,532.3,GU.ROTM.,44.849,8.353,153.798,1724.394,1767.247,1781.304,495.0,2.596,0.314,0.294,0.298,0.289,0.3,-5.2,-4.9,0.555,0.71,-6.0,0.524,0.524,-6.0,0.543,0.524,-6.1,0.541,0.524,-6.2,0.539,0.524,-6.2,0.543,0.524,0,-1.0,-22.616
20211009_1058,-21.31,174.38,532.3,GE.RUE.,52.476,13.78,145.432,1677.928,1711.567,1722.263,496.0,2.294,0.47,0.489,0.521,0.531,0.52,2.4,2.4,0.781,0.778,1.8,0.853,0.853,1.6,0.892,0.853,1.3,0.893,0.853,1.1,0.891,0.853,1.2,0.891,0.853,0,-1.0,-20.8
20211009_1058,-21.31,174.38,532.3,CH.VDL.,46.483,9.449,152.002,1714.617,1755.406,1768.695,497.0,3.788,0.429,0.386,0.382,0.366,0.382,1.6,2.2,0.857,0.828,2.3,0.837,0.837,2.1,0.909,0.837,1.8,0.913,0.837,1.6,0.897,0.837,1.7,0.904,0.837,0,-1.0,-22.249
20211009_1058,-21.31,174.38,532.3,GE.PBUR.,56.024,21.929,139.727,1644.935,1672.878,1681.596,498.0,2.154,0.448,0.5,0.51,0.508,0.507,0.7,0.9,0.931,0.923,0.2,0.647,0.647,0.0,0.631,0.647,-0.6,0.652,0.647,-0.8,0.656,0.647,-0.7,0.645,0.647,0,-1.0,-23.517
20211009_1058,-21.31,174.38,532.3,RD.PGF.,42.548,8.999,155.486,1733.494,1778.324,1793.127,499.0,2.088,0.297,0.329,0.353,0.36,0.346,1.6,0.1,0.549,0.369,0.4,0.79,0.79,-0.1,0.833,0.79,-0.2,0.855,0.79,-0.4,0.863,0.79,-0.3,0.855,0.79,0,-1.0,-26.374
20211009_1058,-21.31,174.38,532.3,KO.BNGB.,38.991,40.679,136.797,1627.579,1652.797,1660.591,500.0,1.084,0.044,0.022,0.044,0.04,0.033,1.8,-4.4,0.569,0.255,9.2,0.489,0.489,9.4,0.448,0.489,9.3,0.458,0.489,9.3,0.453,0.489,9.3,0.455,0.489,0,-1.0,-55.172
20211009_1058,-21.31,174.38,532.3,IV.TERO.,42.623,13.604,153.302,1721.703,1763.981,1777.823,501.0,4.152,0.21,0.203,0.198,0.193,0.203,-10.3,-4.5,0.521,-0.72,-9.2,0.553,0.553,-9.4,0.49,0.553,-9.7,0.471,0.553,-10.0,0.473,0.553,-9.8,0.474,0.553,0,-1.0,-32.399
20211009_1058,-21.31,174.38,532.3,KO.BODT.,37.062,27.31,147.458,1689.388,1725.171,1736.631,502.0,0.58,-0.069,-0.027,-0.034,-0.033,-0.031,-5.6,-5.0,0.708,0.591,-0.9,0.512,0.512,-6.7,0.365,0.512,-7.1,0.5,0.512,-7.0,0.475,0.512,-6.9,0.442,0.512,0,-1.0,-53.642
20211009_1058,-21.31,174.38,532.3,CZ.PRU.,49.988,14.542,147.206,1687.968,1723.482,1734.844,503.0,1.083,0.193,0.214,0.211,0.204,0.208,5.3,5.0,0.816,0.877,5.0,0.696,0.696,4.6,0.687,0.696,4.1,0.694,0.696,3.9,0.706,0.696,4.0,0.697,0.696,0,-1.0,-24.035
20211009_1058,-21.31,174.38,532.3,IV.ATPC.,43.481,12.457,153.214,1721.227,1763.404,1777.208,504.0,1.796,0.102,0.177,0.226,0.25,0.218,3.1,3.0,0.698,0.602,3.0,0.813,0.813,2.8,0.826,0.813,2.5,0.827,0.813,2.3,0.832,0.813,2.5,0.832,0.813,0,-1.0,-29.751
20211009_1058,-21.31,174.38,532.3,RD.EPF.,43.031,0.34,157.716,1745.382,1792.887,1808.696,505.0,3.604,0.6,0.619,0.63,0.639,0.635,0.8,0.8,0.965,0.944,0.6,0.886,0.886,0.3,0.939,0.886,0.0,0.935,0.886,-0.2,0.927,0.886,0.0,0.93,0.886,0,-1.0,-11.397
20211009_1058,-21.31,174.38,532.3,IV.MESG.,40.589,17.85,152.299,1716.241,1757.368,1770.782,506.0,2.257,0.396,0.339,0.362,0.37,0.347,-0.4,-4.5,0.751,-0.973,1.8,0.316,0.316,2.7,0.346,0.316,3.1,0.374,0.316,3.2,0.377,0.316,3.0,0.36,0.316,0,-1.0,-40.366
20211009_1058,-21.31,174.38,532.3,GE.MARCO.,40.297,15.806,153.7,1723.861,1766.6,1780.614,507.0,0.821,0.245,0.268,0.258,0.25,0.257,-1.6,-1.4,0.69,0.689,-2.0,0.691,0.691,-1.7,0.706,0.691,-1.9,0.692,0.691,-2.1,0.686,0.691,-1.9,0.7,0.691,0,-1.0,-38.711
20211009_1058,-21.31,174.38,532.3,SX.MEINS.,50.732,12.881,147.198,1687.921,1723.426,1734.785,508.0,3.367,0.481,0.517,0.528,0.529,0.527,3.3,-2.0,0.398,-0.889,-6.7,0.642,0.642,-7.1,0.616,0.642,-7.4,0.605,0.642,-7.7,0.591,0.642,-7.6,0.6,0.642,0,-1.0,-21.653
20211009_1058,-21.31,174.38,532.3,CH.BNALP.,46.87,8.425,152.018,1714.7,1755.507,1768.801,509.0,3.527,0.394,0.414,0.414,0.413,0.418,2.4,2.4,0.54,0.59,2.3,0.498,0.498,2.3,0.47,0.498,2.0,0.444,0.498,1.6,0.412,0.498,1.8,0.427,0.498,0,-1.0,-20.55
20211009_1058,-21.31,174.38,532.3,KO.YEDI.,39.438,40.544,136.818,1627.703,1652.939,1660.739,510.0,1.791,0.111,0.212,0.244,0.24,0.222,2.0,-2.6,0.406,0.129,-9.2,0.616,0.616,-8.4,0.552,0.616,-8.9,0.571,0.616,-8.8,0.567,0.616,-8.7,0.566,0.616,0,-1.0,-54.5
20211009_1058,-21.31,174.38,532.3,IV.SSFR.,43.436,12.782,153.096,1720.582,1762.622,1776.376,511.0,2.871,0.368,0.343,0.337,0.346,0.344,2.9,2.5,0.868,0.794,3.5,0.81,0.81,3.2,0.814,0.81,2.9,0.81,0.81,2.7,0.808,0.81,2.9,0.81,0.81,0,-1.0,-30.214
20211009_1058,-21.31,174.38,532.3,GR.WET.,49.145,12.88,148.518,1695.331,1732.256,1744.126,512.0,1.348,0.359,0.4,0.428,0.442,0.433,2.2,1.8,0.637,0.663,1.5,0.703,0.703,1.1,0.752,0.703,0.8,0.761,0.703,0.7,0.774,0.703,0.7,0.762,0.703,0,-1.0,-23.29
20211009_1058,-21.31,174.38,532.3,NO.NC204.00,61.276,10.763,138.439,1637.336,1664.065,1672.369,513.0,1.957,0.389,0.411,0.417,0.408,0.405,5.0,2.3,0.596,0.019,4.6,0.466,0.466,4.3,0.469,0.466,4.1,0.491,0.466,4.0,0.497,0.466,4.1,0.488,0.466,0,-1.0,-11.765
20211009_1058,-21.31,174.38,532.3,RO.VOIR.,45.437,25.049,145.205,1676.638,1710.039,1720.653,514.0,1.912,0.344,0.408,0.288,0.291,0.398,3.4,4.2,0.715,0.738,3.6,0.586,0.586,-0.1,0.801,0.586,2.2,0.818,0.586,2.1,0.828,0.586,-0.5,0.688,0.586,0,-1.0,-38.733
20211009_1058,-21.31,174.38,532.3,FR.ISO.00,44.184,7.05,154.836,1729.998,1774.063,1788.577,515.0,1.589,0.496,0.521,0.53,0.534,0.532,1.7,1.9,0.935,0.924,1.4,0.937,0.937,0.7,0.954,0.937,0.4,0.947,0.937,0.3,0.94,0.937,0.4,0.947,0.937,0,-1.0,-21.503
20211009_1058,-21.31,174.38,532.3,GB.IOMK.,54.261,-4.566,147.04,1687.03,1722.367,1733.666,516.0,2.339,0.368,0.358,0.368,0.374,0.371,1.6,1.6,0.867,0.884,1.5,0.737,0.737,1.6,0.781,0.737,1.4,0.762,0.737,1.3,0.74,0.737,1.3,0.753,0.737,0,-1.0,-1.125
20211009_1058,-21.31,174.38,532.3,II.XBFO.50,48.33,8.33,150.76,1707.786,1747.177,1759.949,517.0,1.978,0.294,0.284,0.299,0.306,0.305,2.9,3.2,0.692,0.809,2.4,0.718,0.718,2.1,0.612,0.718,1.7,0.595,0.718,1.4,0.6,0.718,1.5,0.601,0.718,0,-1.0,-19.02
20211009_1058,-21.31,174.38,532.3,IV.MRLC.,40.756,15.489,153.585,1723.243,1765.849,1779.814,518.0,2.26,0.201,0.296,0.294,0.298,0.297,-3.5,3.0,0.765,-0.076,1.6,0.678,0.678,1.5,0.686,0.678,1.3,0.731,0.678,1.1,0.763,0.678,1.3,0.729,0.678,0,-1.0,-37.575
20211009_1058,-21.31,174.38,532.3,FR.ATE.00,43.086,-0.701,157.84,1746.039,1793.694,1809.56,519.0,1.389,0.209,0.329,0.353,0.389,0.375,3.2,2.8,0.827,0.805,2.6,0.869,0.869,2.2,0.898,0.869,2.1,0.902,0.869,1.7,0.911,0.869,1.9,0.907,0.869,0,-1.0,-9.431
20211009_1058,-21.31,174.38,532.3,OX.DRE.,46.173,13.645,150.597,1706.886,1746.096,1758.8,520.0,1.367,0.481,0.475,0.483,0.475,0.483,1.3,5.4,0.742,-0.712,0.4,0.746,0.746,0.2,0.75,0.746,-0.1,0.744,0.746,-0.1,0.745,0.746,-0.1,0.746,0.746,0,-1.0,-27.563
20211009_1058,-21.31,174.38,532.3,FR.BSTF.00,43.801,5.643,155.642,1734.332,1779.348,1794.22,521.0,0.35,0.027,0.029,0.028,0.028,0.029,-0.1,-4.0,0.584,0.996,-0.1,0.404,0.404,-3.9,0.456,0.404,-0.1,0.462,0.404,-0.1,0.468,0.404,-0.2,0.462,0.404,0,-1.0,-19.78
20211009_1058,-21.31,174.38,532.3,CH.GRYON.,46.251,7.111,152.988,1719.995,1761.91,1775.617,522.0,2.585,0.244,0.291,0.304,0.304,0.309,3.9,4.0,0.701,0.541,4.0,0.878,0.878,3.7,0.879,0.878,3.5,0.874,0.878,3.3,0.868,0.878,3.4,0.87,0.878,0,-1.0,-19.44
20211009_1058,-21.31,174.38,532.3,OE.RONA.,47.7,16.296,148.264,1693.909,1730.558,1742.329,523.0,2.181,0.355,0.363,0.359,0.359,0.359,-1.0,-1.1,0.59,0.356,-1.4,0.648,0.648,-2.0,0.7,0.648,-2.4,0.722,0.648,-2.6,0.735,0.648,-2.4,0.723,0.648,0,-1.0,-28.383
20211009_1058,-21.31,174.38,532.3,KO.URFA.,37.441,38.821,138.508,1637.747,1664.542,1672.868,524.0,0.853,0.242,0.256,0.248,0.251,0.254,1.3,1.3,0.88,0.86,-1.4,0.78,0.78,-1.6,0.705,0.78,-1.9,0.836,0.78,-1.8,0.812,0.78,-1.7,0.778,0.78,0,-1.0,-57.046
20211009_1058,-21.31,174.38,532.3,NL.HGN.02,50.764,5.932,149.184,1699.048,1736.697,1748.831,525.0,2.843,0.326,0.313,0.308,0.306,0.307,1.7,-4.1,0.807,-0.551,-0.3,0.586,0.586,-0.4,0.581,0.586,-0.7,0.585,0.586,-0.9,0.588,0.586,-0.8,0.583,0.586,0,-1.0,-14.223
20211009_1058,-21.31,174.38,532.3,GB.HPK.,53.958,-1.624,147.211,1687.993,1723.511,1734.876,526.0,2.918,0.154,0.121,0.132,0.139,0.133,2.5,3.0,0.475,0.475,1.7,0.64,0.64,1.5,0.614,0.64,1.2,0.629,0.64,1.1,0.64,0.64,1.2,0.632,0.64,0,-1.0,-4.317
20211009_1058,-21.31,174.38,532.3,MN.WDD.,35.837,14.524,157.195,1742.617,1789.49,1805.061,527.0,0.352,0.01,0.005,0.007,0.008,0.008,-5.6,-4.4,0.298,0.981,-5.4,0.347,0.347,-5.6,0.298,0.347,-5.8,0.33,0.347,-5.8,0.344,0.347,-5.7,0.329,0.347,0,-1.0,-45.744
20211009_1058,-21.31,174.38,532.3,IV.CRE.,43.619,11.952,153.34,1721.908,1764.23,1778.088,528.0,4.695,0.302,0.307,0.329,0.339,0.325,-2.2,-1.9,0.512,0.53,2.5,0.722,0.722,2.6,0.7,0.722,2.4,0.717,0.722,2.1,0.721,0.722,2.3,0.715,0.722,0,-1.0,-28.928
20211009_1058,-21.31,174.38,532.3,KV.BUTK.,-1.539,29.392,138.85,1639.769,1666.884,1675.319,529.0,3.545,0.577,0.549,0.549,0.546,0.549,0.4,-2.9,0.783,-0.641,-0.1,0.713,0.713,0.2,0.709,0.713,-0.1,0.695,0.713,-0.1,0.702,0.713,-0.1,0.701,0.713,0,-1.0,-119.619
20211009_1058,-21.31,174.38,532.3,OE.SOKA.,46.678,15.033,149.598,1701.353,1739.457,1751.757,530.0,3.199,0.262,0.294,0.308,0.309,0.305,-4.9,0.1,0.822,-0.578,-5.0,0.802,0.802,-5.1,0.834,0.802,-5.2,0.815,0.802,-5.3,0.805,0.802,-5.3,0.812,0.802,0,-1.0,-28.407
20211009_1058,-21.31,174.38,532.3,BW.GRMB.,48.141,11.264,149.945,1703.281,1741.767,1754.207,531.0,3.096,0.2,0.247,0.252,0.252,0.249,-5.4,-4.9,0.603,0.645,0.5,0.684,0.684,0.8,0.614,0.684,0.6,0.613,0.684,0.4,0.608,0.684,0.4,0.614,0.684,0,-1.0,-22.623
20211009_1058,-21.31,174.38,532.3,IV.BRMO.,46.476,10.372,151.672,1712.808,1753.224,1766.373,532.0,0.345,0.063,0.076,0.075,0.072,0.075,-0.1,0.0,0.992,0.997,1.5,0.415,0.415,1.3,0.533,0.415,1.0,0.556,0.415,1.0,0.538,0.415,1.0,0.545,0.415,0,-1.0,-23.399
20211009_1058,-21.31,174.38,532.3,CH.SALEV.,46.06,6.097,153.466,1722.596,1765.064,1778.977,533.0,1.884,0.329,0.312,0.332,0.342,0.345,2.7,3.2,0.728,0.802,2.4,0.777,0.777,2.3,0.796,0.777,2.2,0.797,0.777,2.1,0.791,0.777,2.0,0.795,0.777,0,-1.0,-18.226
20211009_1058,-21.31,174.38,532.3,FR.CALF.01,43.753,6.922,155.258,1732.27,1776.831,1791.533,534.0,3.017,0.364,0.373,0.392,0.398,0.392,1.4,-3.7,0.557,-0.204,0.6,0.63,0.63,0.2,0.534,0.63,-0.3,0.513,0.63,-0.5,0.512,0.63,-0.4,0.517,0.63,0,-1.0,-21.795
20211009_1058,-21.31,174.38,532.3,GE.MTE.,40.4,-7.544,160.84,1761.766,1813.136,1830.41,535.0,1.758,0.211,0.269,0.281,0.286,0.293,2.9,3.1,0.761,0.858,2.9,0.92,0.92,3.0,0.896,0.92,2.7,0.894,0.92,2.5,0.893,0.92,2.5,0.891,0.92,0,-1.0,4.392
20211009_1058,-21.31,174.38,532.3,GR.GTTG.,51.546,9.964,147.422,1689.181,1724.925,1736.37,536.0,1.976,0.433,0.479,0.493,0.495,0.494,6.5,-1.9,0.342,-0.714,0.6,0.531,0.531,0.3,0.555,0.531,0.0,0.552,0.531,-0.2,0.554,0.531,-0.1,0.558,0.531,0,-1.0,-17.98
20211009_1058,-21.31,174.38,532.3,GE.ISP.00,37.843,30.509,144.803,1674.342,1707.325,1717.792,537.0,1.41,-0.013,-0.047,-0.047,-0.045,-0.042,-0.5,-1.1,0.644,0.468,8.4,0.523,0.523,-4.2,0.601,0.523,-3.8,0.704,0.523,-3.9,0.698,0.523,-3.9,0.665,0.523,0,-1.0,-53.807
20211009_1058,-21.31,174.38,532.3,FR.CLEV.00,48.549,1.389,152.19,1715.641,1756.643,1770.011,538.0,2.123,0.38,0.345,0.381,0.401,0.389,2.6,2.8,0.931,0.85,1.6,0.74,0.74,1.9,0.739,0.74,1.7,0.732,0.74,1.4,0.727,0.74,1.5,0.727,0.74,0,-1.0,-9.886
20211009_1058,-21.31,174.38,532.3,WM.SFS.,36.466,-6.206,164.836,1782.263,1838.764,1858.014,539.0,3.766,0.452,0.327,0.346,0.357,0.339,1.4,0.8,0.872,0.814,1.3,0.93,0.93,1.4,0.877,0.93,1.3,0.879,0.93,1.0,0.885,0.93,1.1,0.877,0.93,0,-1.0,1.758
20211009_1058,-21.31,174.38,532.3,GR.FUR.,48.164,11.277,149.921,1703.145,1741.605,1754.034,540.0,4.576,0.292,0.352,0.358,0.367,0.361,-5.7,-5.0,0.702,0.699,0.3,0.692,0.692,0.5,0.595,0.692,0.2,0.598,0.692,0.1,0.59,0.692,0.1,0.596,0.692,0,-1.0,-22.613
20211009_1058,-21.31,174.38,532.3,NL.TERZ.00,50.757,5.906,149.196,1699.118,1736.781,1748.92,541.0,2.826,0.309,0.284,0.302,0.305,0.3,2.0,-4.3,0.661,-0.587,3.4,0.554,0.554,3.1,0.524,0.554,2.9,0.507,0.554,2.6,0.498,0.554,2.8,0.504,0.554,0,-1.0,-14.198
20211009_1058,-21.31,174.38,532.3,EI.DSB.,53.245,-6.376,148.06,1692.764,1729.193,1740.885,542.0,2.252,0.46,0.404,0.417,0.426,0.42,0.7,1.4,0.853,0.842,0.7,0.793,0.793,0.5,0.695,0.793,0.2,0.705,0.793,0.0,0.721,0.793,0.0,0.714,0.793,0,-1.0,0.85
20211009_1058,-21.31,174.38,532.3,LU.ARSD.,49.864,5.857,150.038,1703.793,1742.382,1754.859,543.0,1.356,0.252,0.266,0.272,0.278,0.274,3.2,2.1,0.56,0.541,1.2,0.928,0.928,1.1,0.929,0.928,0.9,0.931,0.928,0.6,0.931,0.928,0.7,0.931,0.928,0,-1.0,-14.779
20211009_1058,-21.31,174.38,532.3,TA.M65A.,41.562,-70.647,122.371,1538.051,1551.969,1556.108,544.0,1.495,-0.017,0.14,0.124,0.128,0.136,4.4,-4.6,0.467,-0.592,-4.3,0.821,0.821,5.9,0.436,0.821,6.5,0.437,0.821,6.3,0.439,0.821,6.1,0.441,0.821,0,-1.0,53.509
20211009_1058,-21.31,174.38,532.3,LU.KLB.,50.1,6.109,149.759,1702.245,1740.526,1752.89,545.0,4.997,0.611,0.598,0.595,0.589,0.58,0.9,0.8,0.8,0.841,-0.1,0.914,0.914,-0.1,0.914,0.914,-0.4,0.914,0.914,-0.7,0.919,0.914,-0.6,0.918,0.914,0,-1.0,-14.904
20211009_1058,-21.31,174.38,532.3,GE.SUMG.10,72.574,-38.462,125.53,1558.235,1574.324,1579.133,546.0,1.463,0.1,0.123,0.089,0.065,0.088,-0.3,-2.7,0.59,-0.316,5.3,0.538,0.538,5.8,0.608,0.538,5.5,0.526,0.538,5.5,0.519,0.538,5.7,0.553,0.538,0,-1.0,11.522
20211009_1058,-21.31,174.38,532.3,CH.GIMEL.,46.534,6.265,152.988,1719.997,1761.913,1775.62,547.0,1.857,0.412,0.416,0.418,0.432,0.433,2.1,2.1,0.97,0.914,1.9,0.922,0.922,1.6,0.91,0.922,1.5,0.906,0.922,1.2,0.906,0.922,1.3,0.905,0.922,0,-1.0,-18.022
20211009_1058,-21.31,174.38,532.3,MN.ISP.00,37.843,30.509,144.803,1674.342,1707.325,1717.792,548.0,1.41,-0.013,-0.047,-0.047,-0.045,-0.042,-0.5,-1.1,0.644,0.468,8.4,0.523,0.523,-4.2,0.601,0.523,-3.8,0.704,0.523,-3.9,0.698,0.523,-3.9,0.665,0.523,0,-1.0,-53.807
20211009_1058,-21.31,174.38,532.3,GE.PUL.,59.767,30.317,133.931,1610.333,1633.027,1639.965,549.0,1.131,0.202,0.188,0.172,0.168,0.175,-1.1,-0.8,0.474,0.465,-1.4,0.732,0.732,-1.1,0.739,0.732,-1.5,0.73,0.732,-1.5,0.725,0.732,-1.3,0.73,0.732,0,-1.0,-24.21
20211009_1058,-21.31,174.38,532.3,SL.ZAVS.,46.434,15.025,149.787,1702.401,1740.713,1753.088,550.0,2.107,0.266,0.272,0.275,0.27,0.269,5.0,-3.6,0.41,-0.464,4.9,0.714,0.714,5.0,0.616,0.714,4.8,0.592,0.714,4.6,0.575,0.714,4.7,0.593,0.714,0,-1.0,-28.709
20211009_1058,-21.31,174.38,532.3,BW.BGDS.,47.635,13.028,149.693,1701.88,1740.089,1752.426,551.0,2.248,0.289,0.322,0.336,0.336,0.333,3.8,4.1,0.706,0.612,3.3,0.857,0.857,3.3,0.881,0.857,3.1,0.88,0.857,3.0,0.885,0.857,3.0,0.882,0.857,0,-1.0,-25.125
20211009_1058,-21.31,174.38,532.3,GE.WLF.,49.665,6.153,150.151,1704.42,1743.135,1755.657,552.0,3.201,0.393,0.421,0.442,0.459,0.444,2.0,2.1,0.875,0.819,1.1,0.916,0.916,0.9,0.925,0.916,0.7,0.931,0.916,0.5,0.938,0.916,0.4,0.936,0.916,0,-1.0,-15.281
20211009_1058,-21.31,174.38,532.3,GR.MILB.,49.828,9.292,149.14,1698.804,1736.406,1748.522,553.0,1.774,0.275,0.302,0.328,0.343,0.332,3.9,-3.3,0.724,-0.674,1.4,0.571,0.571,1.1,0.615,0.571,0.9,0.628,0.571,0.7,0.636,0.571,0.8,0.625,0.571,0,-1.0,-18.767
20211009_1058,-21.31,174.38,532.3,TH.NEUST.,51.578,10.864,147.127,1687.523,1722.953,1734.286,554.0,1.944,0.486,0.515,0.524,0.521,0.522,7.4,3.6,0.526,-0.706,7.0,0.569,0.569,6.7,0.596,0.569,6.4,0.615,0.569,6.2,0.625,0.569,6.3,0.618,0.569,0,-1.0,-18.86
20211009_1058,-21.31,174.38,532.3,GB.JSA.,49.188,-2.172,151.987,1714.534,1755.307,1768.589,555.0,2.661,0.422,0.4,0.409,0.409,0.409,3.4,-4.0,0.643,-0.81,-0.4,0.603,0.603,-0.1,0.55,0.603,-0.4,0.56,0.603,-0.8,0.567,0.603,-0.7,0.563,0.603,0,-1.0,-4.76
20211009_1058,-21.31,174.38,532.3,IV.CMDO.,37.464,13.823,156.686,1739.909,1786.169,1801.51,556.0,0.883,-0.078,-0.197,-0.169,-0.164,-0.183,-3.2,-3.4,0.774,0.824,-3.8,0.808,0.808,-3.9,0.852,0.808,-4.0,0.869,0.808,-4.1,0.874,0.808,-4.1,0.865,0.808,0,-1.0,-41.554
20211009_1058,-21.31,174.38,532.3,CR.MOSL.,45.613,16.754,149.578,1701.24,1739.322,1751.613,557.0,1.154,0.131,0.131,0.131,0.134,0.142,3.3,-0.7,0.808,-0.431,2.4,0.634,0.634,2.5,0.729,0.634,2.3,0.77,0.634,2.2,0.794,0.634,2.2,0.768,0.634,0,-1.0,-31.557
20211009_1058,-21.31,174.38,532.3,GE.WIN.,-22.569,17.091,130.851,1591.494,1611.637,1617.729,558.0,20.452,0.46,0.466,0.462,0.433,0.441,-1.2,-1.1,0.946,0.965,-2.0,0.911,0.911,-1.8,0.893,0.911,-1.9,0.898,0.911,-2.1,0.914,0.911,-2.1,0.904,0.911,0,-1.0,-152.017
20211009_1058,-21.31,174.38,532.3,IU.MACI.,28.25,-16.508,167.932,1797.808,1858.406,1879.286,559.0,2.466,0.368,0.338,0.338,0.34,0.339,0.3,0.0,0.671,0.658,-0.4,0.908,0.908,-0.4,0.84,0.908,-0.3,0.86,0.908,-0.3,0.86,0.908,-0.3,0.852,0.908,0,-1.0,51.85
20211009_1058,-21.31,174.38,532.3,GR.GRB1.,49.39,11.651,148.754,1696.651,1733.832,1745.795,560.0,1.878,0.259,0.304,0.339,0.358,0.349,3.4,3.3,0.754,0.878,2.7,0.781,0.781,2.2,0.79,0.781,2.0,0.801,0.781,1.8,0.811,0.781,1.8,0.798,0.781,0,-1.0,-21.747
20211009_1058,-21.31,174.38,532.3,FR.WLS.00,48.413,7.354,150.975,1708.971,1748.603,1761.463,561.0,1.149,0.249,0.27,0.27,0.269,0.27,-2.0,1.7,0.473,0.244,0.9,0.746,0.746,0.7,0.771,0.746,0.4,0.769,0.746,0.1,0.767,0.746,0.3,0.771,0.746,0,-1.0,-17.757
20211009_1058,-21.31,174.38,532.3,GE.MORC.,49.777,17.543,146.16,1682.06,1716.465,1727.432,562.0,2.824,0.236,0.29,0.3,0.305,0.299,4.5,4.8,0.749,0.817,4.6,0.793,0.793,4.2,0.788,0.793,3.9,0.803,0.793,3.7,0.815,0.793,3.8,0.806,0.793,0,-1.0,-27.024
20211009_1058,-21.31,174.38,532.3,CR.DBRK.,42.669,18.147,150.835,1708.202,1747.677,1760.48,563.0,2.161,0.302,0.223,0.215,0.204,0.226,-8.8,3.2,0.606,0.546,2.8,0.56,0.56,2.6,0.579,0.56,2.3,0.567,0.56,2.3,0.563,0.56,2.3,0.565,0.56,0,-1.0,-37.255
20211009_1058,-21.31,174.38,532.3,CH.SULZ.,47.528,8.112,151.539,1712.076,1752.341,1765.435,564.0,3.181,0.41,0.402,0.405,0.417,0.421,2.7,2.9,0.824,0.802,2.2,0.927,0.927,2.0,0.921,0.927,1.7,0.904,0.927,1.4,0.89,0.927,1.5,0.902,0.927,0,-1.0,-19.508
20211009_1058,-21.31,174.38,532.3,OX.MLN.,46.15,12.615,151.054,1709.407,1749.126,1762.019,565.0,3.018,0.327,0.285,0.296,0.294,0.295,1.8,-2.9,0.486,-0.696,-8.6,0.461,0.461,-8.7,0.491,0.461,-9.0,0.476,0.461,-9.2,0.466,0.461,-9.0,0.476,0.461,0,-1.0,-26.434
20211009_1058,-21.31,174.38,532.3,FR.ARBF.00,43.492,5.332,156.019,1736.349,1781.812,1796.852,566.0,2.556,0.361,0.363,0.391,0.413,0.394,3.0,3.3,0.773,0.78,2.7,0.839,0.839,2.6,0.826,0.839,2.3,0.838,0.839,2.1,0.853,0.839,2.2,0.842,0.839,0,-1.0,-19.612
20211009_1058,-21.31,174.38,532.3,NO.ARA0.00,69.535,25.506,128.266,1575.443,1593.563,1599.006,567.0,0.947,0.314,0.306,0.308,0.306,0.306,0.9,1.4,0.668,0.629,0.7,0.832,0.832,0.4,0.839,0.832,0.2,0.847,0.832,0.2,0.853,0.832,0.3,0.848,0.832,0,-1.0,-13.313
20211009_1058,-21.31,174.38,532.3,OX.BALD.,45.683,10.819,152.162,1715.491,1756.463,1769.818,568.0,2.48,0.429,0.346,0.336,0.331,0.338,-3.5,-3.2,0.523,0.464,-4.0,0.535,0.535,-4.1,0.511,0.535,-4.4,0.488,0.535,2.4,0.471,0.535,-4.5,0.481,0.535,0,-1.0,-24.864
20211009_1058,-21.31,174.38,532.3,KO.GAZ.,37.172,37.21,139.818,1645.469,1673.498,1682.245,569.0,3.117,0.534,0.421,0.41,0.411,0.414,1.6,1.8,0.769,0.744,1.9,0.621,0.621,-2.4,0.6,0.621,-2.1,0.725,0.621,-2.0,0.701,0.621,-2.2,0.671,0.621,0,-1.0,-57.082
20211009_1058,-21.31,174.38,532.3,CZ.OKC.,49.835,18.14,145.861,1680.365,1714.454,1725.31,570.0,2.086,0.493,0.469,0.478,0.476,0.483,2.7,2.9,0.807,0.612,2.4,0.717,0.717,2.0,0.676,0.717,1.7,0.696,0.717,1.5,0.71,0.717,1.6,0.698,0.717,0,-1.0,-27.473
20211009_1058,-21.31,174.38,532.3,IV.CESX.,42.608,12.587,153.815,1724.485,1767.358,1781.422,571.0,2.636,0.301,0.249,0.278,0.283,0.271,-3.7,-3.7,0.713,0.626,-4.2,0.679,0.679,-4.1,0.688,0.679,-4.2,0.676,0.679,-4.4,0.668,0.679,-4.3,0.675,0.679,0,-1.0,-31.169
20211009_1058,-21.31,174.38,532.3,CH.DAGMA.,47.231,8.012,151.833,1713.689,1754.287,1767.504,572.0,1.726,0.219,0.198,0.193,0.2,0.209,1.9,-1.4,0.533,-0.616,-5.8,0.432,0.432,-6.0,0.422,0.432,-6.3,0.419,0.432,-6.7,0.438,0.432,-6.5,0.432,0.432,0,-1.0,-19.668
20211009_1058,-21.31,174.38,532.3,FR.DOU.00,50.096,4.595,150.106,1704.173,1742.838,1755.342,573.0,2.963,0.206,0.278,0.282,0.281,0.281,-1.4,-2.3,0.62,0.429,2.3,0.492,0.492,2.0,0.472,0.492,1.7,0.483,0.492,1.4,0.503,0.492,1.5,0.496,0.492,0,-1.0,-13.103
20211009_1058,-21.31,174.38,532.3,CH.FUORN.,46.62,10.264,151.591,1712.362,1752.686,1765.802,574.0,2.518,0.591,0.544,0.535,0.533,0.533,0.7,0.9,0.895,0.902,0.6,0.959,0.959,0.2,0.943,0.959,-0.1,0.936,0.959,-0.4,0.93,0.959,-0.2,0.937,0.959,0,-1.0,-23.106
20211009_1058,-21.31,174.38,532.3,GE.FALKS.,51.682,11.266,146.915,1686.324,1721.528,1732.779,575.0,1.454,0.407,0.445,0.449,0.449,0.45,-5.5,4.1,0.624,-0.301,-5.9,0.565,0.565,-6.1,0.549,0.565,-6.4,0.542,0.565,-6.7,0.545,0.565,-6.5,0.546,0.565,0,-1.0,-19.166
20211009_1058,-21.31,174.38,532.3,CH.METMA.,47.712,8.253,151.332,1710.935,1750.967,1763.974,576.0,2.231,0.404,0.418,0.435,0.457,0.451,2.7,2.5,0.75,0.769,2.3,0.927,0.927,2.0,0.857,0.927,1.7,0.838,0.927,1.3,0.836,0.927,1.4,0.841,0.927,0,-1.0,-19.507
20211009_1058,-21.31,174.38,532.3,NL.OPLO.01,51.589,5.812,148.441,1694.899,1731.74,1743.58,577.0,2.283,0.474,0.5,0.505,0.51,0.506,0.8,0.7,0.821,0.794,0.4,0.924,0.924,0.1,0.939,0.924,-0.1,0.938,0.924,-0.3,0.937,0.924,-0.3,0.938,0.924,0,-1.0,-13.526
20211009_1058,-21.31,174.38,532.3,CH.BERGE.,47.872,8.178,151.214,1710.286,1750.185,1763.143,578.0,1.719,0.336,0.366,0.378,0.393,0.391,3.3,2.9,0.696,0.76,2.6,0.89,0.89,2.2,0.826,0.89,2.0,0.807,0.89,1.6,0.801,0.89,1.7,0.808,0.89,0,-1.0,-19.263
20211009_1058,-21.31,174.38,532.3,CZ.JAVC.,48.859,17.671,146.79,1685.62,1720.691,1731.895,579.0,2.316,0.435,0.431,0.413,0.404,0.416,-7.9,-4.2,0.635,-0.709,-8.6,0.624,0.624,-9.0,0.559,0.624,-9.3,0.546,0.624,-9.5,0.536,0.624,-9.4,0.545,0.624,0,-1.0,-28.233
20211009_1058,-21.31,174.38,532.3,TH.KAMM.,51.048,12.431,147.085,1687.285,1722.67,1733.986,580.0,3.63,0.55,0.567,0.589,0.596,0.595,-8.6,-2.6,0.641,-0.546,-7.8,0.645,0.645,-8.2,0.615,0.645,0.3,0.617,0.645,0.0,0.625,0.645,0.1,0.619,0.645,0,-1.0,-20.902
20211009_1058,-21.31,174.38,532.3,WI.ILAM.00,14.774,-60.875,127.306,1569.434,1586.825,1592.04,581.0,1.406,0.296,0.337,0.347,0.345,0.334,0.7,4.6,0.885,-0.586,0.3,0.811,0.811,0.1,0.766,0.811,-0.8,0.814,0.811,-0.3,0.774,0.811,0.0,0.759,0.811,0,-1.0,87.451
20211009_1058,-21.31,174.38,532.3,BW.HROE.,50.537,10.157,148.254,1693.853,1730.492,1742.259,582.0,2.384,0.372,0.356,0.36,0.359,0.354,-0.2,-3.9,0.563,-0.918,-0.4,0.551,0.551,-0.7,0.61,0.551,-1.0,0.62,0.551,-1.1,0.627,0.551,-1.1,0.622,0.551,0,-1.0,-19.065
20211009_1058,-21.31,174.38,532.3,FR.SALF.00,42.759,1.188,157.807,1745.865,1793.481,1809.331,583.0,3.238,0.51,0.557,0.566,0.579,0.575,1.3,1.6,0.822,0.838,1.2,0.854,0.854,0.9,0.848,0.854,0.7,0.86,0.854,0.5,0.87,0.854,0.6,0.865,0.854,0,-1.0,-13.15
20211009_1058,-21.31,174.38,532.3,IV.TOLF.,42.064,12.0,154.51,1728.242,1771.925,1786.296,584.0,2.5,0.349,0.379,0.389,0.392,0.391,2.8,2.7,0.869,0.914,2.8,0.836,0.836,2.4,0.822,0.836,2.2,0.804,0.836,2.1,0.798,0.836,2.2,0.807,0.836,0,-1.0,-31.225
20211009_1058,-21.31,174.38,532.3,NA.SABQ.01,17.627,-63.249,125.833,1560.15,1576.457,1581.334,585.0,4.153,0.475,0.53,0.546,0.54,0.537,1.2,1.5,0.631,0.648,1.1,0.577,0.577,0.7,0.482,0.577,0.2,0.501,0.577,0.6,0.499,0.577,0.7,0.491,0.577,0,-1.0,83.282
20211009_1058,-21.31,174.38,532.3,PR.OBIP.,18.043,-66.606,122.833,1541.023,1555.247,1559.48,586.0,1.191,0.124,0.092,0.114,0.104,0.097,-3.7,-3.8,0.776,0.674,-3.5,0.71,0.71,-4.1,0.627,0.71,-4.8,0.678,0.71,-4.3,0.634,0.71,-4.1,0.622,0.71,0,-1.0,81.852
20211009_1058,-21.31,174.38,532.3,RO.GHRR.,46.061,27.408,143.483,1666.778,1698.408,1708.401,587.0,2.233,0.257,0.111,0.095,0.105,0.094,-7.5,-3.7,0.698,-0.706,-0.4,0.42,0.42,-2.0,0.466,0.42,-2.2,0.508,0.42,-2.2,0.517,0.42,-2.3,0.501,0.42,0,-1.0,-39.369
20211009_1058,-21.31,174.38,532.3,GR.GEC2.,48.844,13.701,148.452,1694.964,1731.818,1743.662,588.0,1.666,0.263,0.276,0.281,0.293,0.285,2.3,1.5,0.67,0.636,1.0,0.784,0.784,0.5,0.801,0.784,0.2,0.807,0.784,0.0,0.822,0.784,0.1,0.809,0.784,0,-1.0,-24.46
20211009_1058,-21.31,174.38,532.3,MD.PURM.,46.529,29.872,141.775,1656.907,1686.833,1696.233,589.0,1.36,0.126,0.105,0.11,0.108,0.106,-0.5,-0.4,0.441,0.955,-0.3,0.89,0.89,-0.4,0.894,0.89,-0.7,0.829,0.89,-0.8,0.818,0.89,-0.7,0.844,0.89,0,-1.0,-40.135
20211009_1058,-21.31,174.38,532.3,NO.NB201.00,61.049,11.294,138.543,1637.952,1664.778,1673.115,590.0,1.849,0.296,0.34,0.358,0.359,0.35,3.6,3.6,0.71,0.409,2.9,0.873,0.873,2.7,0.886,0.873,2.4,0.899,0.873,2.4,0.906,0.873,2.5,0.9,0.873,0,-1.0,-12.255
20211009_1058,-21.31,174.38,532.3,CH.MUTEZ.,47.506,7.649,151.701,1712.964,1753.412,1766.574,591.0,1.861,0.207,0.22,0.237,0.251,0.251,4.1,3.6,0.662,0.697,2.5,0.847,0.847,2.3,0.793,0.847,2.0,0.786,0.847,1.6,0.783,0.847,1.7,0.787,0.847,0,-1.0,-18.945
20211009_1058,-21.31,174.38,532.3,CH.TRULL.,47.649,8.682,151.251,1710.493,1750.434,1763.408,592.0,2.427,0.499,0.559,0.566,0.569,0.57,1.4,1.6,0.779,0.768,1.0,0.827,0.827,0.9,0.802,0.827,0.7,0.772,0.827,0.3,0.739,0.827,0.4,0.759,0.827,0,-1.0,-20.097
20211009_1058,-21.31,174.38,532.3,RO.BURAR.,47.644,25.2,143.86,1668.949,1700.965,1711.092,593.0,2.04,0.371,0.275,0.228,0.213,0.241,1.1,-4.2,0.511,-0.775,-1.7,0.717,0.717,-2.2,0.781,0.717,-2.4,0.788,0.717,-2.6,0.791,0.717,-2.5,0.788,0.717,0,-1.0,-35.726
20211009_1058,-21.31,174.38,532.3,DK.SUMG.10,72.574,-38.462,125.53,1558.235,1574.324,1579.133,594.0,1.463,0.1,0.123,0.089,0.065,0.088,-0.3,-2.7,0.59,-0.316,5.3,0.538,0.538,5.8,0.608,0.538,5.5,0.526,0.538,5.5,0.519,0.538,5.7,0.553,0.538,0,-1.0,11.522
20211009_1058,-21.31,174.38,532.3,CH.SLE.,47.764,8.492,151.21,1710.265,1750.16,1763.117,595.0,1.716,0.331,0.318,0.337,0.333,0.34,2.7,3.3,0.757,0.78,2.4,0.826,0.826,2.3,0.77,0.826,1.9,0.74,0.826,1.7,0.72,0.826,1.8,0.736,0.826,0,-1.0,-19.752
20211009_1058,-21.31,174.38,532.3,BW.BIB.,48.152,11.247,149.942,1703.259,1741.741,1754.179,596.0,0.341,-0.018,-0.029,-0.03,-0.026,-0.028,-5.1,-4.6,0.554,0.867,-6.2,0.729,0.729,-6.1,0.733,0.729,-6.4,0.743,0.729,-6.5,0.754,0.729,-6.5,0.751,0.729,0,-1.0,-22.592
20211009_1058,-21.31,174.38,532.3,IV.HVZN.,37.178,14.715,156.295,1737.825,1783.618,1798.782,597.0,4.823,0.315,0.335,0.332,0.324,0.334,2.4,2.3,0.711,0.826,2.4,0.761,0.761,2.5,0.485,0.761,2.2,0.45,0.761,2.1,0.451,0.761,2.2,0.448,0.761,0,-1.0,-43.216
20211009_1058,-21.31,174.38,532.3,CH.VINZL.,46.452,6.278,153.058,1720.381,1762.378,1776.115,598.0,2.936,0.419,0.443,0.453,0.467,0.462,2.6,3.0,0.876,0.843,2.6,0.886,0.886,2.3,0.872,0.886,2.2,0.863,0.886,1.9,0.854,0.886,2.0,0.856,0.886,0,-1.0,-18.115
20211009_1058,-21.31,174.38,532.3,MN.BLY.,44.749,17.184,149.971,1703.42,1741.935,1754.385,599.0,2.795,0.354,0.326,0.34,0.344,0.339,0.1,2.2,0.771,0.574,8.1,0.336,0.336,0.3,0.468,0.336,-0.6,0.485,0.336,-0.6,0.5,0.336,-0.6,0.482,0.336,0,-1.0,-33.192
20211009_1058,-21.31,174.38,532.3,GE.VSU.,58.462,26.735,136.169,1623.822,1648.473,1656.075,600.0,1.891,0.398,0.409,0.42,0.422,0.419,1.2,2.0,0.73,0.621,1.2,0.887,0.887,0.9,0.885,0.887,0.5,0.881,0.887,0.5,0.889,0.887,0.5,0.89,0.887,0,-1.0,-23.812
20211009_1058,-21.31,174.38,532.3,PL.KWP.,49.631,22.708,143.905,1669.205,1701.265,1711.408,601.0,0.576,0.02,0.046,0.043,0.044,0.043,3.3,4.1,0.511,0.742,-0.8,0.217,0.217,-0.9,0.228,0.217,-1.1,0.233,0.217,-1.2,0.229,0.217,-1.2,0.229,0.217,0,-1.0,-31.35
20211009_1058,-21.31,174.38,532.3,KO.KONT.,37.957,32.356,143.375,1666.158,1697.68,1707.635,602.0,1.042,0.117,0.142,0.123,0.125,0.13,0.5,-5.2,0.761,-0.792,7.0,0.544,0.544,8.5,0.442,0.544,7.4,0.47,0.544,7.6,0.477,0.544,7.9,0.469,0.544,0,-1.0,-54.36
20211009_1058,-21.31,174.38,532.3,CH.CHASS.,47.161,7.121,152.17,1715.532,1756.512,1769.87,603.0,2.336,0.277,0.278,0.281,0.281,0.285,-5.3,-2.1,0.427,-0.554,-6.7,0.365,0.365,-6.9,0.387,0.365,5.9,0.391,0.365,5.6,0.391,0.365,5.7,0.39,0.365,0,-1.0,-18.588
20211009_1058,-21.31,174.38,532.3,PM.ROSA.,38.721,-28.247,153.927,1725.094,1768.097,1782.211,604.0,1.716,0.154,0.312,0.305,0.305,0.308,-1.8,-1.6,0.672,0.655,-2.7,0.393,0.393,7.3,0.339,0.393,7.1,0.378,0.393,7.0,0.387,0.393,7.1,0.373,0.393,0,-1.0,42.819
20211009_1058,-21.31,174.38,532.3,HU.PSZ.,47.918,19.894,146.429,1683.579,1718.267,1729.335,605.0,2.316,0.466,0.439,0.439,0.437,0.44,3.5,4.3,0.771,0.811,3.8,0.544,0.544,3.0,0.461,0.544,2.6,0.5,0.544,2.3,0.529,0.544,2.5,0.499,0.544,0,-1.0,-31.344
20211009_1058,-21.31,174.38,532.3,IV.QLNO.,44.324,8.346,154.251,1726.844,1770.224,1784.48,606.0,2.271,0.532,0.507,0.523,0.525,0.519,1.2,1.8,0.836,0.77,0.3,0.878,0.878,0.2,0.885,0.878,0.2,0.886,0.878,0.0,0.881,0.878,0.0,0.883,0.878,0,-1.0,-23.21
20211009_1058,-21.31,174.38,532.3,KO.KULA.,38.514,28.661,145.958,1680.913,1715.105,1725.996,607.0,2.114,0.326,0.29,0.282,0.286,0.286,0.8,1.1,0.93,0.888,-1.1,0.701,0.701,-0.1,0.479,0.701,10.2,0.574,0.701,10.2,0.558,0.701,10.3,0.52,0.701,0,-1.0,-51.836
20211009_1058,-21.31,174.38,532.3,SI.MOSI.,46.616,10.55,151.488,1711.798,1752.006,1765.079,608.0,2.36,0.654,0.62,0.619,0.615,0.616,0.9,1.2,0.89,0.784,0.6,0.881,0.881,0.3,0.8,0.881,-0.2,0.778,0.881,-0.5,0.778,0.881,-0.3,0.785,0.881,0,-1.0,-23.457
20211009_1058,-21.31,174.38,532.3,CR.7499.,45.819,15.698,149.937,1703.233,1741.71,1754.146,609.0,6.2,0.3,0.303,0.313,0.313,0.313,3.4,-4.2,0.61,-0.595,-9.8,0.481,0.481,2.2,0.501,0.481,1.9,0.516,0.481,1.8,0.539,0.481,1.9,0.52,0.481,0,-1.0,-30.211
20211009_1058,-21.31,174.38,532.3,KV.LWI.,-2.239,28.802,138.912,1640.136,1667.308,1675.763,610.0,8.787,0.723,0.699,0.69,0.69,0.693,0.4,0.3,0.815,0.794,-0.1,0.807,0.807,0.0,0.788,0.807,-0.1,0.809,0.807,-0.2,0.809,0.807,-0.1,0.802,0.807,0,-1.0,-121.01
20211009_1058,-21.31,174.38,532.3,CH.DAVOX.,46.78,9.88,151.595,1712.382,1752.71,1765.827,611.0,7.277,0.692,0.64,0.654,0.655,0.652,2.1,2.6,0.833,0.792,1.8,0.788,0.788,1.5,0.882,0.788,1.2,0.898,0.788,1.0,0.9,0.788,1.1,0.902,0.788,1,3.0,-22.462
20211009_1058,-21.31,174.38,532.3,IV.RMP.,41.812,12.705,154.349,1727.373,1770.868,1785.167,612.0,2.317,0.372,0.301,0.305,0.311,0.312,3.0,3.1,0.854,0.882,2.3,0.913,0.913,2.2,0.919,0.913,2.1,0.917,0.913,2.0,0.914,0.913,2.0,0.917,0.913,0,-1.0,-32.519
20211009_1058,-21.31,174.38,532.3,IV.CSNT.,43.473,11.29,153.751,1724.14,1766.939,1780.976,613.0,1.7,0.327,0.257,0.289,0.313,0.3,2.6,-1.1,0.802,-0.873,-5.5,0.575,0.575,2.0,0.64,0.575,1.9,0.658,0.575,1.7,0.676,0.575,1.8,0.668,0.575,0,-1.0,-28.281
20211009_1058,-21.31,174.38,532.3,PM.PMOZ.,32.823,-17.197,164.569,1780.909,1837.062,1856.177,614.0,0.954,0.075,-0.023,-0.056,-0.08,-0.049,-7.5,-3.9,0.654,-0.554,-3.1,0.641,0.641,-4.1,0.684,0.641,-4.2,0.709,0.641,-4.3,0.718,0.641,-4.1,0.707,0.641,0,-1.0,38.682
20211009_1058,-21.31,174.38,532.3,BW.SCE.,47.038,11.709,150.697,1707.441,1746.763,1759.509,615.0,2.667,0.404,0.31,0.307,0.297,0.303,-0.5,0.7,0.896,0.822,-0.4,0.918,0.918,-0.7,0.929,0.918,-1.0,0.913,0.918,-1.2,0.896,0.918,-1.1,0.908,0.918,0,-1.0,-24.344
20211009_1058,-21.31,174.38,532.3,IV.PIEI.,43.536,12.535,153.136,1720.8,1762.887,1776.657,616.0,3.45,0.311,0.347,0.374,0.395,0.375,2.1,2.1,0.915,0.971,2.2,0.73,0.73,2.0,0.716,0.73,1.8,0.683,0.73,1.5,0.655,0.73,1.7,0.682,0.73,0,-1.0,-29.77
20211009_1058,-21.31,174.38,532.3,IV.POFI.,41.717,13.712,153.9,1724.946,1767.917,1782.02,617.0,1.986,0.292,0.272,0.261,0.26,0.263,9.5,5.6,0.297,-0.75,-8.5,0.248,0.248,-1.7,0.261,0.248,-1.8,0.304,0.248,-1.8,0.328,0.248,-1.8,0.301,0.248,0,-1.0,-33.922
20211009_1058,-21.31,174.38,532.3,CZ.VRAC.,49.308,16.593,146.917,1686.337,1721.543,1732.796,618.0,3.443,0.473,0.422,0.438,0.439,0.436,3.5,3.7,0.873,0.936,3.1,0.794,0.794,2.6,0.812,0.794,2.3,0.836,0.794,2.1,0.851,0.794,2.2,0.838,0.794,0,-1.0,-26.722
20211009_1058,-21.31,174.38,532.3,PM.MTE.,40.4,-7.544,160.84,1761.766,1813.136,1830.41,619.0,1.758,0.211,0.269,0.281,0.286,0.293,2.9,3.1,0.761,0.858,2.9,0.92,0.92,3.0,0.896,0.92,2.7,0.894,0.92,2.5,0.893,0.92,2.5,0.891,0.92,0,-1.0,4.392
20211009_1058,-21.31,174.38,532.3,DK.ISOG.,65.548,-38.976,130.762,1590.945,1611.018,1617.087,620.0,1.296,0.09,0.082,0.063,0.059,0.07,-1.1,-0.8,0.962,0.9,-1.7,0.899,0.899,-1.6,0.876,0.899,-1.8,0.9,0.899,-1.7,0.906,0.899,-1.7,0.896,0.899,0,-1.0,17.485
20211009_1058,-21.31,174.38,532.3,FN.MSF.,65.911,29.04,130.131,1587.04,1606.609,1612.515,621.0,0.383,0.062,0.065,0.065,0.065,0.066,6.6,-1.4,0.552,-0.842,-9.1,0.581,0.581,-9.3,0.562,0.581,-9.6,0.56,0.581,-9.6,0.561,0.581,-9.4,0.561,0.581,0,-1.0,-17.674
20211009_1058,-21.31,174.38,532.3,GR.KHUS.,54.196,11.055,144.769,1674.15,1707.099,1717.553,622.0,1.705,0.268,0.242,0.237,0.23,0.236,-0.9,-2.4,0.658,0.315,-2.8,0.566,0.566,-3.0,0.593,0.566,-3.2,0.598,0.566,-3.5,0.6,0.566,-3.3,0.597,0.566,0,-1.0,-16.846
20211009_1058,-21.31,174.38,532.3,FN.SGF.,67.442,26.526,129.658,1584.113,1603.31,1609.096,623.0,2.532,0.303,0.315,0.334,0.329,0.325,2.8,2.7,0.721,0.712,2.3,0.79,0.79,2.1,0.773,0.79,1.9,0.773,0.79,1.9,0.778,0.79,2.0,0.775,0.79,0,-1.0,-15.376
20211009_1058,-21.31,174.38,532.3,GR.GRC3.,48.889,11.584,149.2,1699.14,1736.808,1748.948,624.0,2.308,0.253,0.284,0.28,0.273,0.279,0.1,0.5,0.288,0.291,6.1,0.55,0.55,6.0,0.481,0.55,5.8,0.457,0.55,5.6,0.437,0.55,5.6,0.455,0.55,0,-1.0,-22.19
20211009_1058,-21.31,174.38,532.3,RD.ROSF.,48.336,-3.274,152.908,1719.563,1761.387,1775.06,625.0,1.517,0.381,0.411,0.412,0.407,0.416,1.9,1.7,0.911,0.87,1.7,0.768,0.768,0.4,0.71,0.768,0.2,0.708,0.768,0.1,0.71,0.768,0.1,0.709,0.768,0,-1.0,-3.394
20211009_1058,-21.31,174.38,532.3,NA.SABW.,17.628,-63.231,125.849,1560.253,1576.571,1581.452,626.0,3.438,0.368,0.394,0.42,0.408,0.401,1.7,4.8,0.561,-0.604,-9.8,0.441,0.441,-10.0,0.476,0.441,-10.5,0.487,0.441,-10.0,0.48,0.441,-9.9,0.476,0.441,0,-1.0,83.286
20211009_1058,-21.31,174.38,532.3,GR.BUG.,51.441,7.271,148.238,1693.765,1730.387,1742.148,627.0,6.197,0.549,0.605,0.623,0.632,0.629,2.3,1.2,0.865,0.618,1.2,0.885,0.885,0.8,0.9,0.885,0.7,0.909,0.885,0.4,0.915,0.885,0.5,0.91,0.885,1,3.0,-15.228
20211009_1058,-21.31,174.38,532.3,FR.SMPL.01,42.095,9.285,155.736,1734.834,1779.961,1794.875,628.0,1.781,0.142,0.153,0.165,0.177,0.168,2.6,3.1,0.642,0.42,2.6,0.68,0.68,2.4,0.592,0.68,2.0,0.585,0.68,1.6,0.602,0.68,1.8,0.586,0.68,0,-1.0,-27.413
20211009_1058,-21.31,174.38,532.3,IV.GUMA.,43.063,13.335,153.111,1720.665,1762.722,1776.482,629.0,2.059,0.156,0.221,0.231,0.221,0.228,-7.8,-4.2,0.744,-0.762,-8.5,0.553,0.553,4.4,0.545,0.553,4.3,0.558,0.553,4.1,0.559,0.553,4.2,0.559,0.553,0,-1.0,-31.423
20211009_1058,-21.31,174.38,532.3,CH.MESRY.,46.347,6.308,153.145,1720.85,1762.947,1776.722,630.0,1.579,0.221,0.271,0.299,0.308,0.301,3.3,4.0,0.742,0.601,3.7,0.869,0.869,3.4,0.865,0.869,3.3,0.86,0.869,3.1,0.855,0.869,3.2,0.857,0.869,0,-1.0,-18.253
20211009_1058,-21.31,174.38,532.3,TH.TAUT.,50.982,11.711,147.378,1688.938,1724.636,1736.064,631.0,1.713,0.361,0.369,0.397,0.415,0.402,2.2,-2.4,0.613,-0.772,1.9,0.581,0.581,1.5,0.575,0.581,1.2,0.595,0.581,0.9,0.609,0.581,1.1,0.598,0.581,0,-1.0,-20.252
20211009_1058,-21.31,174.38,532.3,BX.MAKGR.,-25.812,24.801,124.401,1551.056,1566.347,1570.909,632.0,11.487,0.524,0.557,0.554,0.547,0.548,-0.2,0.0,0.883,0.874,-1.0,0.774,0.774,-0.8,0.734,0.774,-0.9,0.742,0.774,-1.0,0.764,0.774,-0.9,0.747,0.774,0,-1.0,-146.58
20211009_1058,-21.31,174.38,532.3,IV.MUCR.,38.043,14.874,155.675,1734.504,1779.558,1794.445,633.0,1.288,-0.036,0.013,0.001,-0.006,0.005,-7.5,-3.1,0.499,-0.571,7.5,0.392,0.392,7.6,0.433,0.392,-9.6,0.438,0.392,-9.6,0.45,0.392,-9.6,0.434,0.392,0,-1.0,-41.719
20211009_1058,-21.31,174.38,532.3,IV.MILZ.,38.271,15.231,155.313,1732.562,1777.188,1791.913,634.0,0.974,0.108,0.105,0.118,0.124,0.111,3.4,-0.6,0.53,0.252,-3.5,0.5,0.5,-3.8,0.465,0.5,-3.6,0.437,0.5,-3.4,0.422,0.5,-3.7,0.442,0.5,0,-1.0,-41.705
20211009_1058,-21.31,174.38,532.3,NO.ARB3.00,69.532,25.511,128.267,1575.448,1593.569,1599.013,635.0,0.9,0.325,0.321,0.33,0.326,0.325,1.3,1.6,0.676,0.699,1.0,0.823,0.823,0.7,0.829,0.823,0.5,0.84,0.823,0.5,0.847,0.823,0.6,0.84,0.823,0,-1.0,-13.317
20211009_1058,-21.31,174.38,532.3,NO.NAO01.00,60.844,10.887,138.811,1639.535,1666.612,1675.035,636.0,2.042,0.395,0.426,0.44,0.438,0.438,5.0,-4.6,0.668,0.742,4.1,0.482,0.482,3.9,0.486,0.482,3.8,0.5,0.482,3.6,0.506,0.482,3.7,0.501,0.482,0,-1.0,-12.107
20211009_1058,-21.31,174.38,532.3,OX.MARN.,45.638,11.21,152.043,1714.842,1755.678,1768.983,637.0,1.492,0.16,0.118,0.104,0.094,0.106,-13.4,-4.9,0.447,-0.579,-9.9,0.56,0.56,-10.4,0.616,0.56,-10.6,0.631,0.56,-10.8,0.644,0.56,-10.8,0.637,0.56,0,-1.0,-25.398
20211009_1058,-21.31,174.38,532.3,IV.INTR.,42.012,13.905,153.59,1723.265,1765.876,1779.843,638.0,1.081,0.086,0.174,0.178,0.183,0.178,1.4,-5.1,0.689,-0.757,0.4,0.529,0.529,0.7,0.489,0.529,0.7,0.434,0.529,-1.1,0.418,0.529,-0.9,0.438,0.529,0,-1.0,-33.694
20211009_1058,-21.31,174.38,532.3,DK.ILULI.,69.212,-51.105,124.86,1553.977,1569.589,1574.251,639.0,2.935,0.221,0.142,0.158,0.174,0.167,3.8,3.9,0.811,0.948,3.2,0.815,0.815,3.8,0.66,0.815,3.1,0.691,0.815,3.2,0.687,0.815,3.5,0.649,0.815,0,-1.0,17.982
20211009_1058,-21.31,174.38,532.3,G.ECH.00,48.216,7.159,151.208,1710.254,1750.147,1763.103,640.0,3.318,0.53,0.501,0.497,0.499,0.498,2.9,0.9,0.698,0.551,0.4,0.895,0.895,0.3,0.879,0.895,0.0,0.863,0.895,-0.4,0.857,0.895,-0.3,0.863,0.895,0,-1.0,-17.688
20211009_1058,-21.31,174.38,532.3,KV.RSY.,-1.577,29.18,139.001,1640.656,1667.911,1676.394,641.0,4.6,0.645,0.599,0.589,0.591,0.593,0.8,0.7,0.951,0.93,0.1,0.76,0.76,0.4,0.716,0.76,0.0,0.724,0.76,-0.1,0.73,0.76,0.1,0.714,0.76,0,-1.0,-119.856
20211009_1058,-21.31,174.38,532.3,OE.BIOA.,47.691,13.638,149.403,1700.266,1738.155,1750.376,642.0,2.312,0.324,0.386,0.404,0.409,0.403,-7.7,-3.1,0.547,-0.492,-7.6,0.646,0.646,-7.9,0.64,0.646,-8.1,0.634,0.646,-8.2,0.632,0.646,-8.1,0.636,0.646,0,-1.0,-25.711
20211009_1058,-21.31,174.38,532.3,PL.SUW.,54.013,23.181,140.694,1650.602,1679.471,1688.507,643.0,2.164,0.408,0.375,0.394,0.403,0.397,3.0,0.8,0.764,0.587,0.9,0.805,0.805,0.7,0.839,0.805,0.4,0.853,0.805,0.3,0.861,0.805,0.5,0.856,0.805,0,-1.0,-26.482
20211009_1058,-21.31,174.38,532.3,GR.SKMB.,54.718,9.439,144.716,1673.846,1706.739,1717.174,644.0,3.141,0.152,0.139,0.16,0.157,0.163,3.3,3.4,0.486,0.36,-4.1,0.628,0.628,-4.4,0.62,0.628,-4.8,0.631,0.628,-5.0,0.63,0.628,-4.9,0.625,0.628,0,-1.0,-14.993
20211009_1058,-21.31,174.38,532.3,BW.RTSH.,47.754,12.85,149.667,1701.735,1739.914,1752.241,645.0,1.237,0.047,0.028,0.025,0.026,0.027,1.8,0.7,0.767,0.738,-0.1,0.423,0.423,-0.1,0.441,0.423,-0.2,0.457,0.423,-0.4,0.465,0.423,-0.3,0.457,0.423,0,-1.0,-24.796
20211009_1058,-21.31,174.38,532.3,GR.GRA3.,49.761,11.317,148.553,1695.525,1732.488,1744.372,646.0,2.051,0.3,0.345,0.373,0.388,0.376,2.5,2.3,0.811,0.846,2.0,0.668,0.668,1.6,0.64,0.668,1.3,0.641,0.668,1.0,0.647,0.668,1.1,0.637,0.668,0,-1.0,-21.023
20211009_1058,-21.31,174.38,532.3,IV.SGG.,41.387,14.379,153.777,1724.283,1767.112,1781.16,647.0,2.183,0.26,0.297,0.288,0.28,0.295,1.1,1.2,0.819,0.867,0.6,0.746,0.746,0.7,0.703,0.746,0.6,0.651,0.746,0.4,0.629,0.746,0.5,0.66,0.746,0,-1.0,-35.25
20211009_1058,-21.31,174.38,532.3,GB.ESK.,55.317,-3.205,145.945,1680.841,1715.019,1725.906,648.0,1.292,0.312,0.276,0.287,0.295,0.291,1.2,-3.1,0.837,-0.474,0.8,0.563,0.563,1.3,0.602,0.563,0.9,0.565,0.563,0.5,0.541,0.563,0.6,0.554,0.563,0,-1.0,-2.441
20211009_1058,-21.31,174.38,532.3,LD.ACCN.,43.384,-73.668,120.181,1523.87,1536.388,1540.1,649.0,1.02,-0.086,0.066,0.071,0.071,0.068,5.7,0.3,0.597,0.446,4.6,0.732,0.732,0.2,0.703,0.732,0.2,0.702,0.732,0.2,0.701,0.732,0.2,0.702,0.732,0,-1.0,51.329
20211009_1058,-21.31,174.38,532.3,FR.RUSF.06,43.929,5.482,155.578,1733.986,1778.925,1793.769,650.0,1.863,0.445,0.46,0.455,0.449,0.461,1.2,1.6,0.802,0.732,1.0,0.6,0.6,1.0,0.674,0.6,0.8,0.665,0.6,0.7,0.647,0.6,0.6,0.663,0.6,0,-1.0,-19.396
20211009_1058,-21.31,174.38,532.3,TH.SONN.,51.532,10.426,147.299,1688.49,1724.103,1735.501,651.0,0.633,0.086,0.086,0.086,0.085,0.087,-8.8,3.5,0.406,0.416,3.1,0.746,0.746,2.8,0.744,0.746,2.5,0.738,0.746,2.3,0.736,0.746,2.4,0.738,0.746,0,-1.0,-18.461
20211009_1058,-21.31,174.38,532.3,WI.BIM.00,14.518,-61.066,127.059,1567.879,1585.085,1590.242,652.0,1.548,0.434,0.391,0.386,0.38,0.388,1.9,2.1,0.62,0.718,2.4,0.521,0.521,2.1,0.509,0.521,1.6,0.496,0.521,2.0,0.509,0.521,2.1,0.513,0.521,0,-1.0,87.697
20211009_1058,-21.31,174.38,532.3,SX.FBE.,50.921,13.354,146.876,1686.105,1721.268,1732.504,653.0,1.327,0.278,0.274,0.29,0.287,0.293,-6.1,-2.7,0.684,-0.506,-6.6,0.654,0.654,-6.9,0.639,0.654,-7.2,0.627,0.654,-7.4,0.62,0.654,-7.4,0.626,0.654,0,-1.0,-21.922
20211009_1058,-21.31,174.38,532.3,CZ.PRA.,50.07,14.433,147.181,1687.827,1723.315,1734.668,654.0,1.779,0.124,0.151,0.156,0.159,0.158,-4.2,-4.5,0.693,0.509,-5.3,0.876,0.876,-5.8,0.86,0.876,-6.1,0.858,0.876,-6.4,0.854,0.876,-6.2,0.856,0.876,0,-1.0,-23.842
20211009_1058,-21.31,174.38,532.3,IV.CELB.,42.747,10.211,154.806,1729.839,1773.869,1788.37,655.0,2.017,0.2,0.246,0.259,0.262,0.261,1.8,5.4,0.722,-0.689,1.2,0.667,0.667,0.7,0.765,0.667,0.6,0.769,0.667,0.5,0.766,0.667,0.5,0.773,0.667,0,-1.0,-27.829
20211009_1058,-21.31,174.38,532.3,LU.DUDEL.,49.473,6.081,150.346,1705.496,1744.426,1757.028,656.0,1.332,0.294,0.291,0.284,0.275,0.279,3.8,4.2,0.529,0.443,3.4,0.587,0.587,3.0,0.552,0.587,2.8,0.564,0.587,2.6,0.587,0.587,2.6,0.58,0.587,0,-1.0,-15.339
20211009_1058,-21.31,174.38,532.3,KO.IKL.,36.237,33.685,142.776,1662.704,1693.622,1703.367,657.0,8.772,0.219,0.158,0.143,0.143,0.15,-6.1,-1.9,0.511,-0.505,0.9,0.487,0.487,-1.0,0.648,0.487,-0.7,0.782,0.487,-0.8,0.748,0.487,-0.9,0.721,0.487,0,-1.0,-57.591
20211009_1058,-21.31,174.38,532.3,IV.TRTR.,42.808,13.914,153.011,1720.121,1762.064,1775.78,658.0,1.085,0.145,0.146,0.148,0.143,0.148,5.2,4.9,0.619,0.787,5.2,0.601,0.601,5.0,0.533,0.601,4.7,0.485,0.601,4.5,0.458,0.601,4.7,0.486,0.601,0,-1.0,-32.491
20211009_1058,-21.31,174.38,532.3,NO.ARC7.00,69.54,25.494,128.265,1575.436,1593.555,1598.998,659.0,0.989,0.323,0.316,0.319,0.317,0.317,0.9,1.4,0.65,0.606,0.7,0.846,0.846,0.5,0.854,0.846,0.2,0.863,0.846,0.3,0.868,0.846,0.4,0.863,0.846,0,-1.0,-13.305
20211009_1058,-21.31,174.38,532.3,GR.IGAD.,53.258,8.69,146.226,1682.433,1716.907,1727.899,660.0,1.152,0.205,0.207,0.208,0.214,0.212,2.2,2.4,0.773,0.603,1.8,0.595,0.595,1.7,0.626,0.595,1.4,0.622,0.595,1.2,0.618,0.595,1.3,0.621,0.595,0,-1.0,-15.349
20211009_1058,-21.31,174.38,532.3,CR.7422.,45.361,16.287,149.987,1703.513,1742.046,1754.502,661.0,4.858,0.445,0.469,0.487,0.49,0.487,3.7,4.0,0.759,0.678,2.6,0.529,0.529,2.4,0.644,0.529,2.2,0.651,0.529,2.0,0.662,0.529,2.1,0.648,0.529,0,-1.0,-31.434
20211009_1058,-21.31,174.38,532.3,FR.CFF.00,45.763,3.111,154.525,1728.32,1772.02,1786.396,662.0,3.16,0.221,0.223,0.267,0.288,0.27,4.4,4.9,0.688,0.686,4.9,0.771,0.771,4.7,0.771,0.771,4.4,0.772,0.771,4.1,0.771,0.771,4.2,0.77,0.771,0,-1.0,-14.112
20211009_1058,-21.31,174.38,532.3,NA.SABA.,17.621,-63.243,125.837,1560.177,1576.486,1581.364,663.0,3.927,0.497,0.541,0.548,0.54,0.536,1.3,4.7,0.7,-0.532,0.8,0.64,0.64,0.7,0.607,0.64,0.2,0.62,0.64,0.6,0.615,0.64,0.7,0.61,0.64,0,-1.0,83.291
20211009_1058,-21.31,174.38,532.3,CH.LADOL.,46.432,6.132,153.119,1720.709,1762.776,1776.54,664.0,2.502,0.355,0.386,0.385,0.395,0.397,2.7,2.6,0.848,0.603,2.5,0.935,0.935,2.2,0.941,0.935,2.0,0.947,0.935,1.8,0.956,0.935,1.8,0.953,0.935,0,-1.0,-17.932
20211009_1058,-21.31,174.38,532.3,BW.GELB.,48.163,11.251,149.931,1703.201,1741.672,1754.105,665.0,6.301,0.384,0.417,0.426,0.429,0.424,-5.6,-2.2,0.771,-0.623,0.4,0.723,0.723,0.6,0.634,0.723,0.4,0.636,0.723,0.1,0.636,0.723,0.2,0.64,0.723,0,-1.0,-22.585
20211009_1058,-21.31,174.38,532.3,KQ.MRLW.,54.144,12.572,144.387,1671.967,1704.521,1714.837,666.0,0.349,0.029,0.035,0.037,0.039,0.037,-0.1,4.3,0.804,0.96,5.1,0.162,0.162,5.0,0.131,0.162,4.6,0.135,0.162,4.4,0.136,0.162,4.5,0.135,0.162,0,-1.0,-18.23
20211009_1058,-21.31,174.38,532.3,GE.DAG.,76.771,-18.655,124.157,1549.503,1564.626,1569.135,667.0,4.238,0.23,0.27,0.26,0.255,0.26,0.0,-0.6,0.536,0.432,-0.1,0.498,0.498,-0.2,0.485,0.498,-0.2,0.499,0.498,-0.2,0.519,0.498,-0.2,0.508,0.498,0,-1.0,3.58
20211009_1058,-21.31,174.38,532.3,CR.RIY.,45.325,14.483,150.872,1708.404,1747.92,1760.737,668.0,0.428,0.127,0.193,0.189,0.188,0.188,7.0,-1.6,0.168,-0.289,7.6,0.302,0.302,7.3,0.341,0.302,7.1,0.328,0.302,6.9,0.314,0.302,7.0,0.327,0.302,0,-1.0,-29.583
20211009_1058,-21.31,174.38,532.3,NL.DBN.01,52.102,5.177,148.093,1692.95,1729.415,1741.119,669.0,0.344,0.009,0.011,0.011,0.01,0.011,-0.1,0.2,0.984,0.978,-0.1,0.258,0.258,-0.1,0.254,0.258,-0.1,0.25,0.258,-0.3,0.246,0.258,-0.1,0.246,0.258,0,-1.0,-12.5
20211009_1058,-21.31,174.38,532.3,RD.MTLF.,43.341,2.218,157.021,1741.695,1788.359,1803.851,670.0,1.765,0.404,0.462,0.49,0.519,0.502,2.7,2.6,0.907,0.902,2.3,0.912,0.912,2.2,0.948,0.912,2.0,0.948,0.912,1.7,0.945,0.912,1.9,0.948,0.912,0,-1.0,-14.541
20211009_1058,-21.31,174.38,532.3,UD.MI29.,50.746,28.189,140.464,1649.255,1677.903,1686.863,671.0,1.023,0.226,0.274,0.289,0.29,0.283,-8.6,-1.2,0.857,-0.396,-8.3,0.722,0.722,-8.7,0.769,0.722,-9.1,0.783,0.722,-9.1,0.782,0.722,-9.0,0.78,0.722,0,-1.0,-33.516
20211009_1058,-21.31,174.38,532.3,NO.ARD3.00,69.537,25.548,128.256,1575.378,1593.49,1598.93,672.0,0.986,0.268,0.27,0.282,0.28,0.279,1.1,1.5,0.66,0.629,0.8,0.803,0.803,0.6,0.815,0.803,0.3,0.823,0.803,0.4,0.827,0.803,0.4,0.823,0.803,0,-1.0,-13.327
20211009_1058,-21.31,174.38,532.3,TH.BONN.,51.307,11.002,147.322,1688.618,1724.256,1735.663,673.0,1.553,0.295,0.294,0.307,0.308,0.308,4.4,4.1,0.761,0.786,4.1,0.832,0.832,3.8,0.833,0.832,3.4,0.842,0.832,3.2,0.847,0.832,3.3,0.843,0.832,0,-1.0,-19.241
20211009_1058,-21.31,174.38,532.3,BX.KOOLE.,-22.993,20.196,129.055,1580.363,1599.09,1604.726,674.0,8.991,0.526,0.581,0.582,0.566,0.571,-0.1,-0.1,0.899,0.882,-0.7,0.83,0.83,-0.6,0.886,0.83,-0.6,0.889,0.83,-0.9,0.895,0.83,-0.7,0.894,0.83,0,-1.0,-149.056
20211009_1058,-21.31,174.38,532.3,CZ.SKAC.,50.568,14.136,146.888,1686.172,1721.347,1732.588,675.0,3.717,0.333,0.324,0.346,0.365,0.353,-6.2,-1.7,0.636,-0.804,2.4,0.547,0.547,2.0,0.606,0.547,1.7,0.632,0.547,1.6,0.642,0.547,1.6,0.633,0.547,0,-1.0,-23.031
20211009_1058,-21.31,174.38,532.3,CH.BRANT.,46.938,6.473,152.561,1717.672,1759.099,1772.624,676.0,1.744,0.276,0.283,0.297,0.318,0.316,2.4,2.3,0.647,0.672,2.1,0.952,0.952,1.8,0.963,0.952,1.7,0.962,0.952,1.4,0.962,0.952,1.4,0.964,0.952,0,-1.0,-17.936
20211009_1058,-21.31,174.38,532.3,NO.ARD9.00,69.545,25.486,128.262,1575.418,1593.535,1598.977,677.0,0.935,0.32,0.313,0.316,0.314,0.313,0.8,1.4,0.697,0.641,0.8,0.858,0.858,0.5,0.865,0.858,0.3,0.874,0.858,0.3,0.88,0.858,0.4,0.874,0.858,0,-1.0,-13.298
20211009_1058,-21.31,174.38,532.3,NR.NE05.,52.087,5.171,148.107,1693.032,1729.512,1741.222,678.0,3.47,0.235,0.224,0.232,0.247,0.238,3.0,4.3,0.803,0.396,3.2,0.853,0.853,2.9,0.85,0.853,2.7,0.857,0.853,2.5,0.863,0.853,2.6,0.86,0.853,0,-1.0,-12.502
20211009_1058,-21.31,174.38,532.3,GB.FOEL.,52.889,-3.2,148.366,1694.479,1731.239,1743.05,679.0,1.741,0.267,0.281,0.275,0.263,0.27,-0.9,-0.6,0.759,0.745,-1.1,0.665,0.665,-1.2,0.672,0.665,-1.4,0.652,0.665,-1.7,0.65,0.665,-1.6,0.654,0.665,0,-1.0,-2.767
20211009_1058,-21.31,174.38,532.3,HU.BSZH.,47.3,20.267,146.666,1684.918,1719.857,1731.014,680.0,3.227,0.16,0.1,0.082,0.08,0.086,4.9,4.7,0.868,0.837,4.6,0.68,0.68,4.2,0.722,0.68,3.9,0.739,0.68,3.7,0.753,0.68,3.8,0.739,0.68,0,-1.0,-32.472
20211009_1058,-21.31,174.38,532.3,GE.SLIT.,57.629,22.291,138.393,1637.063,1663.75,1672.039,681.0,1.921,0.485,0.486,0.497,0.501,0.496,1.6,1.4,0.84,0.807,0.6,0.875,0.875,0.7,0.923,0.875,0.3,0.947,0.875,0.3,0.951,0.875,0.3,0.946,0.875,0,-1.0,-22.133
20211009_1058,-21.31,174.38,532.3,IV.MABI.,46.055,10.514,151.972,1714.449,1755.204,1768.48,682.0,1.403,0.238,0.223,0.199,0.202,0.201,6.0,5.6,0.652,0.813,6.1,0.57,0.57,5.8,0.456,0.57,5.3,0.412,0.57,5.0,0.404,0.57,5.2,0.414,0.57,0,-1.0,-24.052
20211009_1058,-21.31,174.38,532.3,CH.ILLEZ.,46.219,6.94,153.068,1720.435,1762.444,1776.186,683.0,1.66,0.187,0.169,0.169,0.164,0.17,3.5,3.5,0.38,0.6,4.2,0.491,0.491,3.9,0.492,0.491,3.6,0.498,0.491,3.4,0.502,0.491,3.5,0.5,0.491,0,-1.0,-19.239
20211009_1058,-21.31,174.38,532.3,IV.FNVD.,44.168,11.123,153.271,1721.535,1763.777,1777.606,684.0,1.623,0.192,0.211,0.214,0.214,0.213,-11.5,-2.0,0.117,-0.043,0.7,0.611,0.611,0.3,0.613,0.611,-0.1,0.643,0.611,-0.1,0.659,0.611,-0.1,0.64,0.611,0,-1.0,-27.137
20211009_1058,-21.31,174.38,532.3,LU.KLAUS.,49.705,5.982,150.155,1704.445,1743.164,1755.688,685.0,1.859,0.369,0.395,0.379,0.371,0.376,0.8,5.4,0.547,-0.591,0.0,0.475,0.475,-0.1,0.539,0.475,-0.3,0.535,0.475,-0.4,0.524,0.475,-0.4,0.526,0.475,0,-1.0,-15.046
20211009_1058,-21.31,174.38,532.3,ES.ESBB.,39.674,-3.963,161.581,1765.603,1817.911,1835.542,686.0,2.636,0.482,0.483,0.491,0.505,0.504,1.6,1.4,0.894,0.871,1.6,0.88,0.88,1.0,0.841,0.88,0.9,0.864,0.88,0.7,0.893,0.88,0.7,0.879,0.88,0,-1.0,-3.966
20211009_1058,-21.31,174.38,532.3,BW.MANZ.,49.986,12.108,148.092,1692.948,1729.412,1741.116,687.0,3.804,0.413,0.477,0.512,0.525,0.512,2.7,2.7,0.846,0.861,1.8,0.717,0.717,1.2,0.719,0.717,0.8,0.744,0.717,0.6,0.762,0.717,0.7,0.746,0.717,0,-1.0,-21.623
20211009_1058,-21.31,174.38,532.3,IV.PTQR.,42.022,13.401,153.842,1724.633,1767.537,1781.614,688.0,1.412,-0.007,0.029,0.029,0.026,0.024,-1.8,-1.6,0.679,0.714,4.0,0.583,0.583,4.1,0.632,0.583,4.0,0.658,0.583,3.9,0.674,0.583,3.9,0.667,0.583,0,-1.0,-33.066
20211009_1058,-21.31,174.38,532.3,KO.KTUT.,40.987,39.767,137.076,1629.243,1654.716,1662.595,689.0,1.678,-0.019,0.294,-0.049,-0.053,0.3,1.4,1.2,0.879,0.916,9.4,0.479,0.479,10.2,0.41,0.479,-5.1,0.475,0.479,-5.0,0.482,0.479,10.2,0.428,0.479,0,-1.0,-52.091
20211009_1058,-21.31,174.38,532.3,WI.DHS.00,16.289,-61.765,126.877,1566.736,1583.807,1588.922,690.0,3.435,0.508,0.418,0.377,0.407,0.416,-0.3,-0.3,0.745,0.898,-0.3,0.803,0.803,-0.7,0.759,0.803,-1.4,0.755,0.803,-0.9,0.758,0.803,-0.7,0.76,0.803,0,-1.0,85.332
20211009_1058,-21.31,174.38,532.3,CN.DRLN.,49.256,-57.503,130.592,1589.892,1609.828,1615.852,691.0,0.938,-0.199,0.014,0.002,0.004,0.008,0.0,-3.2,0.824,-0.964,-10.4,0.56,0.56,1.2,0.509,0.56,1.2,0.46,0.56,1.2,0.462,0.56,1.2,0.479,0.56,0,-1.0,42.57
20211009_1058,-21.31,174.38,532.3,IV.LNSS.,42.603,13.04,153.597,1723.305,1765.925,1779.895,692.0,1.18,0.052,0.108,0.116,0.123,0.106,-8.5,-4.6,0.584,-0.669,-9.7,0.56,0.56,-9.5,0.509,0.56,-9.6,0.506,0.56,-9.7,0.511,0.56,-9.7,0.51,0.56,0,-1.0,-31.741
20211009_1058,-21.31,174.38,532.3,CZ.KHC.,49.131,13.578,148.267,1693.927,1730.58,1742.353,693.0,3.152,0.268,0.263,0.281,0.288,0.286,2.8,2.1,0.718,0.544,1.6,0.668,0.668,1.2,0.715,0.668,0.9,0.731,0.668,0.7,0.742,0.668,0.7,0.729,0.668,0,-1.0,-24.019
20211009_1058,-21.31,174.38,532.3,HU.TIH.,46.9,17.888,148.111,1693.055,1729.54,1741.252,694.0,0.348,-0.018,-0.046,-0.053,-0.06,-0.053,-0.1,2.8,0.944,1.0,-13.1,0.146,0.146,-5.3,0.058,0.146,-5.7,0.117,0.146,-5.8,0.14,0.146,-5.6,0.114,0.146,0,-1.0,-30.913
20211009_1058,-21.31,174.38,532.3,BX.GRTLG.,-21.362,21.216,129.927,1585.777,1605.185,1611.039,695.0,9.381,0.497,0.53,0.531,0.53,0.528,0.6,0.7,0.958,0.97,0.1,0.96,0.96,0.1,0.93,0.96,0.0,0.933,0.96,-0.1,0.939,0.96,-0.1,0.935,0.96,0,-1.0,-146.903
20211009_1058,-21.31,174.38,532.3,GE.CSS.,34.961,33.331,143.323,1665.857,1697.326,1707.262,696.0,3.775,0.288,0.226,0.22,0.223,0.224,0.2,0.7,0.64,0.67,11.3,0.49,0.49,12.0,0.446,0.49,-7.7,0.465,0.49,11.4,0.44,0.49,11.6,0.451,0.49,0,-1.0,-59.571
20211009_1058,-21.31,174.38,532.3,GR.HAM4.,53.479,10.239,145.626,1679.033,1712.875,1723.643,697.0,2.089,0.225,0.239,0.254,0.259,0.255,1.8,4.9,0.811,-0.275,0.9,0.763,0.763,0.7,0.732,0.763,0.4,0.727,0.763,0.2,0.718,0.763,0.3,0.721,0.763,0,-1.0,-16.664
20211009_1058,-21.31,174.38,532.3,FR.STR.10,48.58,7.763,150.706,1707.488,1746.819,1759.569,698.0,1.511,0.379,0.357,0.366,0.378,0.37,1.3,1.8,0.725,0.642,0.9,0.62,0.62,0.5,0.554,0.62,0.1,0.557,0.62,-0.1,0.584,0.62,0.0,0.577,0.62,0,-1.0,-18.109
20211009_1058,-21.31,174.38,532.3,GB.WLF1.,53.289,-4.397,148.007,1692.469,1728.842,1740.513,699.0,3.386,0.365,0.358,0.367,0.371,0.372,1.4,1.7,0.899,0.857,0.9,0.811,0.811,0.5,0.768,0.811,0.3,0.779,0.811,0.0,0.79,0.811,0.1,0.785,0.811,0,-1.0,-1.371
20211009_1058,-21.31,174.38,532.3,II.XBFO.60,48.33,8.33,150.76,1707.786,1747.177,1759.949,700.0,1.982,0.296,0.285,0.301,0.307,0.306,2.9,3.2,0.693,0.808,2.4,0.717,0.717,2.1,0.61,0.717,1.7,0.594,0.717,1.4,0.6,0.717,1.5,0.6,0.717,0,-1.0,-19.02
20211009_1058,-21.31,174.38,532.3,GR.GRC4.,49.086,11.525,149.055,1698.332,1735.841,1747.924,701.0,2.944,0.218,0.229,0.252,0.262,0.256,2.9,-2.1,0.433,-0.685,-6.2,0.29,0.29,-6.6,0.27,0.29,1.5,0.271,0.29,1.4,0.286,0.29,1.4,0.278,0.29,0,-1.0,-21.923
20211009_1058,-21.31,174.38,532.3,IV.RSM2.,43.938,12.445,152.867,1719.341,1761.119,1774.774,702.0,7.708,0.364,0.359,0.378,0.388,0.374,2.0,2.0,0.884,0.871,1.8,0.644,0.644,1.3,0.539,0.644,1.0,0.484,0.644,0.6,0.469,0.644,0.9,0.485,0.644,0,-1.0,-29.102
20211009_1058,-21.31,174.38,532.3,IV.CESI.,43.005,12.905,153.363,1722.036,1764.385,1778.254,703.0,2.866,0.316,0.354,0.367,0.375,0.367,2.9,3.2,0.785,0.756,2.8,0.829,0.829,2.7,0.816,0.829,2.6,0.807,0.829,2.4,0.802,0.829,2.5,0.811,0.829,0,-1.0,-30.984
20211009_1058,-21.31,174.38,532.3,FR.PYLO.00,43.097,-0.049,157.722,1745.415,1792.927,1808.738,704.0,2.526,0.547,0.607,0.622,0.628,0.628,1.7,1.6,0.84,0.83,1.6,0.707,0.707,1.2,0.772,0.707,1.0,0.768,0.707,0.8,0.75,0.707,0.8,0.758,0.707,0,-1.0,-10.637
20211009_1058,-21.31,174.38,532.3,OX.BAD.,46.234,13.244,150.722,1707.576,1746.924,1759.68,705.0,2.819,0.269,0.279,0.316,0.322,0.309,2.5,3.3,0.413,0.091,1.8,0.471,0.471,1.5,0.469,0.471,1.2,0.455,0.471,0.9,0.461,0.471,1.1,0.464,0.471,0,-1.0,-27.042
20211009_1058,-21.31,174.38,532.3,OE.LESA.,47.424,12.677,150.003,1703.599,1742.15,1754.612,706.0,1.898,0.233,0.274,0.308,0.336,0.321,2.8,2.6,0.604,0.566,1.4,0.91,0.91,1.5,0.944,0.91,1.3,0.947,0.91,1.2,0.949,0.91,1.2,0.946,0.91,0,-1.0,-24.987
20211009_1058,-21.31,174.38,532.3,NO.ARA1.00,69.536,25.507,128.265,1575.434,1593.553,1598.996,707.0,0.974,0.314,0.309,0.312,0.31,0.31,0.9,1.4,0.672,0.632,0.7,0.842,0.842,0.5,0.85,0.842,0.2,0.859,0.842,0.3,0.864,0.842,0.4,0.859,0.842,0,-1.0,-13.313
20211009_1058,-21.31,174.38,532.3,CH.COLLE.,46.292,6.121,153.249,1721.415,1763.632,1777.451,708.0,3.348,0.366,0.421,0.433,0.445,0.439,2.8,3.6,0.767,0.613,3.2,0.831,0.831,3.0,0.821,0.831,2.8,0.807,0.831,2.6,0.8,0.831,2.6,0.803,0.831,0,-1.0,-18.045
20211009_1058,-21.31,174.38,532.3,KO.BLCB.,38.385,27.042,147.187,1687.859,1723.353,1734.708,709.0,0.396,-0.148,-0.127,-0.128,-0.128,-0.128,-0.1,-1.0,0.875,0.916,3.3,0.793,0.793,4.1,0.556,0.793,3.5,0.561,0.793,3.6,0.584,0.793,3.8,0.585,0.793,0,-1.0,-51.206
20211009_1058,-21.31,174.38,532.3,DK.BSD.00,55.114,14.915,142.853,1663.15,1694.146,1703.918,710.0,2.075,0.469,0.459,0.469,0.468,0.468,1.3,0.7,0.768,0.722,0.4,0.909,0.909,0.1,0.91,0.909,-0.1,0.913,0.909,-0.3,0.91,0.909,-0.1,0.914,0.909,0,-1.0,-19.339
20211009_1058,-21.31,174.38,532.3,LU.WMG.,49.611,6.391,150.141,1704.367,1743.07,1755.589,711.0,1.952,0.395,0.418,0.418,0.428,0.424,1.7,1.6,0.834,0.88,0.8,0.82,0.82,0.6,0.822,0.82,0.3,0.826,0.82,0.1,0.828,0.82,0.2,0.827,0.82,0,-1.0,-15.606
20211009_1058,-21.31,174.38,532.3,WM.CART.,37.587,-1.001,163.24,1774.133,1828.565,1847.012,712.0,3.241,0.197,0.255,0.256,0.258,0.259,9.1,3.7,0.478,-0.5,7.7,0.652,0.652,7.6,0.673,0.652,7.5,0.672,0.652,7.3,0.666,0.652,7.3,0.67,0.652,0,-1.0,-12.527
20211009_1058,-21.31,174.38,532.3,SI.ABSI.,46.729,11.321,151.103,1709.676,1749.45,1762.363,713.0,4.243,0.613,0.61,0.61,0.602,0.609,1.0,0.9,0.877,0.862,0.3,0.814,0.814,-0.3,0.806,0.814,-0.6,0.827,0.814,-0.8,0.852,0.814,-0.7,0.839,0.814,1,3.0,-24.247
20211009_1058,-21.31,174.38,532.3,IV.PLMA.,44.05,9.854,153.896,1724.926,1767.893,1781.994,714.0,1.891,0.203,0.133,0.128,0.123,0.128,2.3,5.6,0.501,-0.461,1.4,0.554,0.554,1.6,0.554,0.554,1.5,0.525,0.554,1.4,0.498,0.554,1.4,0.523,0.554,0,-1.0,-25.621
20211009_1058,-21.31,174.38,532.3,CR.7443.,46.167,16.244,149.423,1700.38,1738.291,1750.521,715.0,4.196,0.308,0.316,0.307,0.302,0.317,4.3,-0.1,0.689,-0.655,-6.3,0.622,0.622,-6.4,0.618,0.622,-6.7,0.608,0.622,-6.8,0.602,0.622,-6.8,0.604,0.622,0,-1.0,-30.302
20211009_1058,-21.31,174.38,532.3,MN.AQU.,42.354,13.405,153.598,1723.312,1765.933,1779.903,716.0,2.511,0.085,0.141,0.176,0.199,0.166,3.3,3.3,0.851,0.792,2.6,0.813,0.813,2.7,0.812,0.813,2.5,0.797,0.813,2.4,0.794,0.813,2.4,0.798,0.813,0,-1.0,-32.563
20211009_1058,-21.31,174.38,532.3,RO.HERR.,44.881,22.416,147.045,1687.061,1722.404,1733.705,717.0,1.326,0.402,0.403,0.424,0.425,0.422,2.2,2.3,0.889,0.918,5.7,0.565,0.565,0.9,0.87,0.565,0.6,0.892,0.565,0.5,0.903,0.565,0.6,0.893,0.565,0,-1.0,-37.615
20211009_1058,-21.31,174.38,532.3,KO.DKL.,39.071,26.905,147.023,1686.937,1722.256,1733.549,718.0,2.729,0.298,0.275,0.275,0.275,0.277,0.3,1.7,0.788,0.733,0.0,0.706,0.706,6.9,0.583,0.706,0.1,0.563,0.706,0.2,0.565,0.706,6.7,0.553,0.706,0,-1.0,-49.961
20211009_1058,-21.31,174.38,532.3,TH.MUEN.,51.422,10.667,147.323,1688.627,1724.267,1735.674,719.0,0.882,0.22,0.242,0.257,0.263,0.257,-7.5,-1.5,0.465,-0.525,-6.7,0.582,0.582,-7.1,0.569,0.582,-7.4,0.563,0.582,-7.7,0.557,0.582,-7.6,0.561,0.582,0,-1.0,-18.801
20211009_1058,-21.31,174.38,532.3,GE.RGN.,54.548,13.321,143.818,1668.704,1700.676,1710.788,720.0,3.218,0.191,0.176,0.169,0.176,0.176,-0.8,-2.6,0.412,0.269,-3.2,0.564,0.564,-3.5,0.574,0.564,-3.7,0.57,0.564,-4.0,0.558,0.564,-3.8,0.562,0.564,0,-1.0,-18.527
20211009_1058,-21.31,174.38,532.3,CZ.KRUC.,49.062,16.395,147.189,1687.87,1723.366,1734.722,721.0,2.306,0.376,0.437,0.46,0.469,0.462,3.0,-0.8,0.789,-0.831,2.3,0.779,0.779,1.9,0.837,0.779,1.6,0.851,0.779,1.3,0.857,0.779,1.5,0.851,0.779,0,-1.0,-26.829
20211009_1058,-21.31,174.38,532.3,GE.HLG.,54.183,7.883,145.569,1678.704,1712.486,1723.233,722.0,2.932,0.536,0.574,0.588,0.603,0.597,1.6,1.7,0.892,0.908,1.0,0.957,0.957,0.8,0.977,0.957,0.6,0.981,0.957,0.3,0.984,0.957,0.5,0.982,0.957,0,-1.0,-13.919
20211009_1058,-21.31,174.38,532.3,RO.IASR.,47.178,27.575,142.794,1662.808,1693.745,1703.497,723.0,1.438,-0.018,-0.023,-0.023,-0.022,-0.025,-0.1,-0.5,0.885,0.907,-0.1,0.346,0.346,-3.9,0.278,0.346,-4.1,0.305,0.346,-4.1,0.309,0.346,-4.1,0.298,0.346,0,-1.0,-37.897
20211009_1058,-21.31,174.38,532.3,GB.LBWR.,53.402,-1.725,147.77,1691.142,1727.26,1738.839,724.0,2.469,0.406,0.423,0.455,0.473,0.463,2.2,2.1,0.848,0.915,1.3,0.862,0.862,0.9,0.852,0.862,0.7,0.859,0.862,0.5,0.864,0.862,0.5,0.861,0.862,0,-1.0,-4.329
20211009_1058,-21.31,174.38,532.3,IV.FAGN.,42.266,13.584,153.572,1723.169,1765.759,1779.718,725.0,1.355,0.037,0.046,0.056,0.056,0.048,-1.5,-4.7,0.463,-0.768,3.7,0.5,0.5,3.9,0.525,0.5,3.8,0.557,0.5,3.7,0.57,0.5,3.8,0.559,0.5,0,-1.0,-32.915
20211009_1058,-21.31,174.38,532.3,DK.SCO.,70.486,-21.95,129.881,1585.491,1604.862,1610.705,726.0,0.622,0.066,0.063,0.075,0.077,0.073,-0.1,-4.8,0.531,0.271,0.3,0.481,0.481,0.7,0.439,0.481,0.4,0.406,0.481,0.4,0.4,0.481,0.5,0.414,0.481,0,-1.0,7.03
20211009_1058,-21.31,174.38,532.3,NO.ARA2.00,69.534,25.508,128.267,1575.446,1593.566,1599.01,727.0,0.952,0.311,0.305,0.309,0.307,0.306,0.9,1.4,0.679,0.64,0.7,0.845,0.845,0.5,0.853,0.845,0.2,0.861,0.845,0.3,0.867,0.845,0.4,0.862,0.845,0,-1.0,-13.315
20211009_1058,-21.31,174.38,532.3,NO.ARA3.00,69.535,25.502,128.267,1575.449,1593.57,1599.014,728.0,0.913,0.316,0.308,0.311,0.308,0.308,0.9,1.4,0.676,0.63,0.7,0.85,0.85,0.4,0.857,0.85,0.2,0.866,0.85,0.2,0.871,0.85,0.3,0.866,0.85,0,-1.0,-13.312
20211009_1058,-21.31,174.38,532.3,CH.PERON.,46.191,5.908,153.402,1722.25,1764.644,1778.53,729.0,5.221,0.478,0.458,0.469,0.463,0.466,2.6,-4.8,0.65,-0.609,2.5,0.475,0.475,2.4,0.468,0.475,2.3,0.459,0.475,2.2,0.441,0.475,2.2,0.448,0.475,0,-1.0,-17.841
20211009_1058,-21.31,174.38,532.3,RD.RJF.,45.304,1.516,155.3,1732.495,1777.106,1791.826,730.0,2.743,0.291,0.36,0.401,0.429,0.416,2.8,2.3,0.637,0.615,2.6,0.712,0.712,2.0,0.725,0.712,1.8,0.723,0.712,1.6,0.724,0.712,1.6,0.723,0.712,0,-1.0,-11.941
20211009_1058,-21.31,174.38,532.3,NO.ARC1.00,69.541,25.508,128.261,1575.41,1593.525,1598.968,731.0,0.954,0.314,0.302,0.309,0.305,0.307,0.9,1.4,0.669,0.63,0.7,0.836,0.836,0.5,0.844,0.836,0.2,0.853,0.836,0.3,0.858,0.836,0.3,0.854,0.836,0,-1.0,-13.309
20211009_1058,-21.31,174.38,532.3,IV.MOMA.,42.804,12.57,153.676,1723.732,1766.443,1780.447,732.0,3.684,0.26,0.317,0.355,0.373,0.35,-4.4,-4.1,0.839,0.847,-5.0,0.817,0.817,-4.8,0.812,0.817,-5.0,0.806,0.817,-5.1,0.804,0.817,-5.0,0.809,0.817,0,-1.0,-30.86
20211009_1058,-21.31,174.38,532.3,ZC.HMDR.,18.788,-69.381,120.463,1525.704,1538.398,1542.162,733.0,2.226,0.374,0.196,0.187,0.173,0.186,2.1,2.2,0.934,0.915,1.3,0.694,0.694,1.7,0.747,0.694,0.7,0.736,0.694,1.5,0.733,0.694,1.7,0.743,0.694,0,-1.0,80.245
20211009_1058,-21.31,174.38,532.3,KO.DARE.,38.571,37.483,139.322,1642.554,1670.113,1678.7,734.0,4.086,0.611,0.521,0.526,0.526,0.523,2.2,-3.3,0.604,0.452,-1.4,0.642,0.642,-1.9,0.749,0.642,-1.2,0.677,0.642,-1.3,0.685,0.642,-1.7,0.705,0.642,0,-1.0,-55.034
20211009_1058,-21.31,174.38,532.3,RO.ICOR.,44.117,27.801,144.216,1670.986,1703.364,1713.618,735.0,0.903,0.1,0.041,0.043,0.043,0.044,2.2,2.0,0.63,0.624,0.4,0.549,0.549,0.4,0.64,0.549,-0.3,0.714,0.549,-0.3,0.73,0.549,0.0,0.698,0.549,0,-1.0,-42.453
20211009_1058,-21.31,174.38,532.3,KV.SAKE.,-1.586,29.073,139.081,1641.132,1668.464,1676.973,736.0,2.634,0.592,0.552,0.558,0.557,0.554,0.3,0.5,0.94,0.929,0.0,0.941,0.941,0.4,0.913,0.941,-0.1,0.928,0.941,-0.1,0.925,0.941,0.1,0.918,0.941,0,-1.0,-119.964
20211009_1058,-21.31,174.38,532.3,BX.KHWEE.,-21.946,25.447,127.182,1568.654,1585.953,1591.139,737.0,6.725,0.551,0.541,0.551,0.559,0.545,1.6,1.6,0.872,0.865,1.2,0.969,0.969,1.2,0.971,0.969,1.2,0.974,0.969,1.1,0.979,0.969,1.2,0.976,0.969,0,-1.0,-143.216
20211009_1058,-21.31,174.38,532.3,IV.ROVR.,45.647,11.072,152.091,1715.104,1755.995,1769.32,738.0,1.819,0.445,0.443,0.442,0.437,0.437,4.5,4.6,0.657,0.586,4.4,0.674,0.674,3.8,0.753,0.674,3.6,0.763,0.674,3.3,0.763,0.674,3.5,0.764,0.674,0,-1.0,-25.219
20211009_1058,-21.31,174.38,532.3,CR.7502.,45.315,16.593,149.87,1702.865,1741.269,1753.677,739.0,1.503,0.241,0.192,0.186,0.191,0.189,2.1,-4.9,0.509,0.671,1.2,0.63,0.63,1.5,0.609,0.63,1.3,0.615,0.63,1.1,0.613,0.63,1.2,0.614,0.63,0,-1.0,-31.807
20211009_1058,-21.31,174.38,532.3,GT.LBTB.00,-25.015,25.597,124.634,1552.541,1567.995,1572.607,740.0,6.996,0.58,0.606,0.604,0.601,0.605,-0.4,-0.1,0.71,0.759,-0.9,0.741,0.741,-0.6,0.747,0.741,-0.7,0.74,0.741,-0.9,0.734,0.741,-0.7,0.738,0.741,0,-1.0,-145.313
