evtid,evla,evlo,evdp,station,stla,stlo,gcarc,s2ks,s3ks,s4ks,tridx,snr,ccf1,ccf2,ccf3,ccf4,ccf5,t32_cc,t32_pp,ccf_cc,ccf_pp,t32_fw1,ccf_fw1,ccf_sg1,t32_fw2,ccf_fw2,ccf_sg2,t32_fw3,ccf_fw3,ccf_sg3,t32_fw4,ccf_fw4,ccf_sg4,t32_fw5,ccf_fw5,ccf_sg5
20211009_1058,-21.310,174.380,532.300,CR.MORI.,43.866,15.707,151.343,1710.999,1751.044,1764.056,0.000,1.708,0.242,0.295,0.320,0.331,0.315,2.600,2.800,0.789,0.904,2.800,0.576,0.576,1.800,0.617,0.576,1.400,0.665,0.576,1.200,0.706,0.576,1.300,0.671,0.576
20211009_1058,-21.310,174.380,532.300,NO.ARD8.00,69.538,25.469,128.271,1575.475,1593.599,1599.044,1.000,0.941,0.346,0.324,0.330,0.324,0.328,0.800,1.300,0.671,0.628,0.700,0.865,0.865,0.500,0.867,0.865,0.200,0.877,0.865,0.300,0.882,0.865,0.300,0.877,0.865
20211009_1058,-21.310,174.380,532.300,NO.NC303.00,61.225,11.369,138.368,1636.915,1663.579,1671.861,2.000,2.678,0.354,0.341,0.344,0.345,0.345,0.600,1.100,0.815,0.761,0.100,0.730,0.730,-0.400,0.762,0.730,-0.600,0.783,0.730,-0.700,0.795,0.730,-0.600,0.784,0.730
20211009_1058,-21.310,174.380,532.300,IV.MA9.,41.770,12.659,154.403,1727.663,1771.221,1785.544,3.000,3.020,0.377,0.359,0.357,0.359,0.370,2.400,2.700,0.896,0.903,2.200,0.904,0.904,1.900,0.889,0.904,1.800,0.880,0.904,1.700,0.873,0.904,1.700,0.877,0.904
20211009_1058,-21.310,174.380,532.300,GB.BIGH.,58.493,-3.910,142.796,1662.822,1693.761,1703.513,4.000,1.033,0.173,0.150,0.153,0.155,0.149,3.800,-1.800,0.817,0.778,-2.200,0.646,0.646,-2.200,0.698,0.646,-2.300,0.708,0.646,-2.500,0.690,0.646,-2.400,0.696,0.646
20211009_1058,-21.310,174.380,532.300,OE.KBA.,47.078,13.345,150.011,1703.644,1742.203,1754.669,5.000,1.316,0.303,0.310,0.331,0.351,0.336,2.600,-1.600,0.641,-0.579,1.000,0.879,0.879,1.200,0.858,0.879,1.000,0.866,0.879,0.800,0.869,0.879,0.900,0.869,0.879
20211009_1058,-21.310,174.380,532.300,CZ.CKRC.,48.820,14.309,148.233,1693.736,1730.352,1742.111,6.000,2.599,0.265,0.271,0.283,0.284,0.279,-9.200,-4.400,0.615,-0.754,-9.000,0.654,0.654,-9.500,0.557,0.654,-9.800,0.535,0.654,-10.100,0.525,0.654,-10.000,0.535,0.654
20211009_1058,-21.310,174.380,532.300,IV.IFIL.,38.564,14.575,155.535,1733.756,1778.644,1793.468,7.000,4.079,0.214,0.185,0.193,0.199,0.187,8.800,4.200,0.592,-0.655,8.500,0.350,0.350,8.500,0.372,0.350,-0.600,0.373,0.350,-0.600,0.397,0.350,-0.600,0.359,0.350
20211009_1058,-21.310,174.380,532.300,GB.ELSH.,51.148,1.135,149.698,1701.907,1740.121,1752.461,8.000,1.636,0.416,0.427,0.413,0.398,0.399,0.200,1.300,0.803,0.663,-0.700,0.824,0.824,-1.100,0.831,0.824,-1.300,0.836,0.824,-1.600,0.838,0.824,-1.500,0.836,0.824
20211009_1058,-21.310,174.380,532.300,CH.PANIX.,46.826,9.112,151.825,1713.647,1754.236,1767.449,9.000,8.388,0.490,0.495,0.492,0.493,0.498,2.100,1.900,0.878,0.897,1.900,0.897,0.897,1.600,0.889,0.897,1.300,0.882,0.897,0.900,0.879,0.897,1.000,0.883,0.897
20211009_1058,-21.310,174.380,532.300,GE.KARP.,35.547,27.161,148.057,1692.747,1729.173,1740.863,10.000,1.549,0.270,0.339,0.338,0.336,0.337,-7.000,-2.300,0.729,-0.658,-6.000,0.618,0.618,1.500,0.807,0.618,1.200,0.793,0.618,1.300,0.786,0.618,1.400,0.789,0.618
20211009_1058,-21.310,174.380,532.300,IV.STAL.,46.260,12.710,150.926,1708.702,1748.278,1761.118,11.000,2.671,0.474,0.349,0.328,0.313,0.323,0.100,-4.100,0.372,-0.523,-0.900,0.515,0.515,-1.600,0.524,0.515,-1.900,0.564,0.515,-2.100,0.603,0.515,-2.000,0.576,0.515
20211009_1058,-21.310,174.380,532.300,MN.VSL.,39.496,9.378,157.753,1745.576,1793.125,1808.950,12.000,2.339,0.082,0.133,0.145,0.154,0.143,2.000,2.200,0.691,0.758,1.500,0.786,0.786,1.200,0.868,0.786,1.100,0.839,0.786,1.000,0.813,0.786,1.100,0.838,0.786
20211009_1058,-21.310,174.380,532.300,KO.SARI.,38.407,36.418,140.172,1647.546,1675.913,1684.777,13.000,1.984,0.406,0.332,0.324,0.324,0.326,1.300,1.100,0.889,0.909,1.200,0.925,0.925,1.500,0.840,0.925,0.800,0.644,0.925,1.100,0.705,0.925,1.300,0.756,0.925
20211009_1058,-21.310,174.380,532.300,CH.LIENZ.,47.294,9.492,151.290,1710.707,1750.692,1763.682,14.000,5.012,0.483,0.476,0.495,0.490,0.496,2.300,-1.300,0.481,-0.670,2.000,0.467,0.467,-6.400,0.454,0.467,-6.700,0.460,0.467,-6.900,0.485,0.467,-6.800,0.475,0.467
20211009_1058,-21.310,174.380,532.300,CH.MUO.,46.968,8.637,151.862,1713.849,1754.480,1767.709,15.000,1.450,0.499,0.510,0.514,0.503,0.510,6.700,3.500,0.593,-0.403,6.700,0.523,0.523,6.300,0.489,0.523,5.900,0.495,0.523,5.600,0.506,0.523,5.800,0.501,0.523
20211009_1058,-21.310,174.380,532.300,KO.SIMA.,39.083,28.983,145.523,1678.445,1712.179,1722.909,16.000,0.579,0.082,0.050,0.057,0.058,0.055,-6.900,-4.700,0.313,0.300,-8.900,0.401,0.401,-7.700,0.383,0.401,1.800,0.374,0.401,1.800,0.380,0.401,1.800,0.371,0.401
20211009_1058,-21.310,174.380,532.300,FR.SPIF.00,44.056,7.237,154.883,1730.253,1774.373,1788.908,17.000,1.761,0.469,0.478,0.492,0.504,0.497,1.800,1.600,0.805,0.808,1.300,0.813,0.813,0.700,0.876,0.813,0.500,0.902,0.813,0.300,0.920,0.813,0.400,0.907,0.813
20211009_1058,-21.310,174.380,532.300,NL.ARCN.,51.501,6.194,148.437,1694.879,1731.716,1743.555,18.000,1.136,0.170,0.212,0.208,0.212,0.211,2.900,3.200,0.711,0.680,2.700,0.598,0.598,2.300,0.568,0.598,2.000,0.572,0.598,1.700,0.583,0.598,1.800,0.577,0.598
20211009_1058,-21.310,174.380,532.300,IV.MURB.,43.263,12.525,153.349,1721.959,1764.292,1778.154,19.000,3.111,-0.034,0.090,0.117,0.124,0.108,-2.600,-2.300,0.573,0.685,-2.500,0.575,0.575,-2.400,0.597,0.575,-2.700,0.588,0.575,-3.000,0.582,0.575,-2.700,0.592,0.575
20211009_1058,-21.310,174.380,532.300,AF.WIN.,-22.567,17.100,130.850,1591.484,1611.626,1617.718,20.000,20.452,0.461,0.467,0.463,0.434,0.442,-1.200,-1.100,0.946,0.965,-2.000,0.911,0.911,-1.800,0.893,0.911,-1.800,0.898,0.911,-2.100,0.914,0.911,-2.000,0.904,0.911
20211009_1058,-21.310,174.380,532.300,WM.UCM.,40.307,-3.244,160.895,1762.051,1813.491,1830.791,21.000,3.510,0.280,0.312,0.327,0.333,0.340,2.200,2.300,0.934,0.921,2.200,0.934,0.934,2.000,0.956,0.934,1.800,0.957,0.934,1.700,0.953,0.934,1.600,0.955,0.934
20211009_1058,-21.310,174.380,532.300,IV.ASQU.,43.797,11.789,153.274,1721.550,1763.796,1777.626,22.000,1.781,0.013,-0.009,0.011,0.026,0.010,3.200,-4.300,0.456,0.432,3.300,0.578,0.578,3.200,0.575,0.578,2.800,0.565,0.578,2.500,0.578,0.578,2.800,0.574,0.578
20211009_1058,-21.310,174.380,532.300,KO.BNN.,38.852,35.847,140.501,1649.473,1678.157,1687.129,23.000,2.251,0.409,0.321,0.376,0.375,0.381,0.500,0.800,0.856,0.864,1.000,0.875,0.875,0.300,0.498,0.875,0.200,0.756,0.875,0.400,0.773,0.875,0.500,0.773,0.875
20211009_1058,-21.310,174.380,532.300,RD.FLAF.,43.383,6.255,155.814,1735.249,1780.468,1795.417,24.000,2.099,0.218,0.303,0.312,0.317,0.313,2.700,2.700,0.717,0.674,2.700,0.807,0.807,2.400,0.770,0.807,2.200,0.785,0.807,2.000,0.796,0.807,2.200,0.786,0.807
20211009_1058,-21.310,174.380,532.300,IV.TEOL.,45.362,11.674,152.078,1715.031,1755.906,1769.226,25.000,2.064,0.428,0.409,0.423,0.434,0.428,3.400,3.200,0.888,0.888,2.800,0.960,0.960,2.300,0.951,0.960,2.000,0.940,0.960,1.700,0.934,0.960,1.900,0.942,0.960
20211009_1058,-21.310,174.380,532.300,CH.LKBD2.,46.375,7.644,152.708,1718.473,1760.068,1773.656,26.000,1.253,0.247,0.321,0.333,0.335,0.341,3.000,2.900,0.756,0.890,2.600,0.741,0.741,2.300,0.700,0.741,1.900,0.680,0.741,1.700,0.679,0.741,1.800,0.682,0.741
20211009_1058,-21.310,174.380,532.300,CH.MMK.,46.051,7.964,152.889,1719.457,1761.260,1774.924,27.000,3.136,0.428,0.459,0.471,0.479,0.480,1.800,1.400,0.893,0.816,1.600,0.831,0.831,1.200,0.805,0.831,1.000,0.799,0.831,0.700,0.795,0.831,0.800,0.795,0.831
20211009_1058,-21.310,174.380,532.300,IV.ASSB.,43.043,12.659,153.453,1722.523,1764.975,1778.883,28.000,1.303,0.138,0.203,0.202,0.208,0.204,0.100,4.500,0.635,-0.540,0.200,0.569,0.569,0.200,0.560,0.569,0.000,0.573,0.569,-0.100,0.598,0.569,-0.100,0.585,0.569
20211009_1058,-21.310,174.380,532.300,OE.MOA.,47.849,14.266,149.020,1698.135,1735.606,1747.674,29.000,1.879,0.333,0.340,0.339,0.342,0.340,4.400,4.800,0.611,0.661,4.500,0.544,0.544,3.900,0.537,0.544,3.600,0.543,0.544,3.400,0.556,0.544,3.500,0.539,0.544
20211009_1058,-21.310,174.380,532.300,FR.SJAF.00,42.484,2.876,157.661,1745.090,1792.527,1808.310,30.000,2.897,0.401,0.417,0.419,0.433,0.434,1.400,1.900,0.822,0.829,1.300,0.893,0.893,1.100,0.896,0.893,0.900,0.906,0.893,0.600,0.915,0.893,0.700,0.908,0.893
20211009_1058,-21.310,174.380,532.300,CR.7493.,45.408,15.579,150.295,1705.218,1744.092,1756.673,31.000,2.507,0.328,0.303,0.323,0.331,0.316,2.000,2.000,0.761,0.722,0.800,0.766,0.766,0.800,0.763,0.766,0.600,0.768,0.766,0.400,0.774,0.766,0.500,0.771,0.766
20211009_1058,-21.310,174.380,532.300,OX.PLRO.,46.549,13.148,150.513,1706.423,1745.540,1758.210,32.000,1.037,0.015,0.003,0.000,0.004,0.001,-4.200,-4.100,0.817,0.533,-4.300,0.575,0.575,-4.500,0.540,0.575,-4.900,0.540,0.575,-5.100,0.538,0.575,-5.000,0.537,0.575
20211009_1058,-21.310,174.380,532.300,CZ.PVCC.,50.528,14.569,146.760,1685.450,1720.489,1731.682,33.000,1.162,0.095,0.101,0.113,0.126,0.115,3.400,-4.500,0.671,-0.267,2.700,0.457,0.457,-9.700,0.380,0.457,1.900,0.379,0.457,1.600,0.391,0.457,1.800,0.382,0.457
20211009_1058,-21.310,174.380,532.300,KO.SVRH.,39.447,31.523,143.549,1667.162,1698.860,1708.877,34.000,2.600,0.128,0.233,0.095,0.098,0.225,2.000,2.000,0.761,0.820,9.200,0.513,0.513,-0.100,0.739,0.513,9.800,0.405,0.513,9.900,0.419,0.513,-0.100,0.702,0.513
20211009_1058,-21.310,174.380,532.300,GR.LOCC.,52.410,9.139,146.879,1686.121,1721.286,1732.524,35.000,2.057,0.337,0.326,0.319,0.314,0.320,-0.800,4.800,0.649,-0.897,-2.300,0.637,0.637,-2.600,0.634,0.637,-2.800,0.643,0.637,-3.100,0.657,0.637,-3.000,0.650,0.637
20211009_1058,-21.310,174.380,532.300,SX.LANDS.,51.526,12.163,146.766,1685.486,1720.531,1731.726,36.000,3.516,0.500,0.521,0.521,0.525,0.525,-8.100,-3.500,0.683,-0.530,-8.500,0.638,0.638,-8.700,0.610,0.638,-9.100,0.605,0.638,-9.300,0.602,0.638,-9.200,0.605,0.638
20211009_1058,-21.310,174.380,532.300,CH.WIMIS.,46.665,7.624,152.457,1717.105,1758.413,1771.894,37.000,1.435,0.118,0.125,0.132,0.138,0.135,4.200,4.200,0.723,0.751,4.200,0.852,0.852,4.000,0.840,0.852,3.700,0.823,0.852,3.400,0.808,0.852,3.500,0.817,0.852
20211009_1058,-21.310,174.380,532.300,OE.ABTA.,46.747,12.512,150.616,1706.994,1746.225,1758.937,38.000,2.120,0.518,0.448,0.430,0.420,0.431,0.700,0.900,0.611,0.627,0.000,0.790,0.790,-0.300,0.763,0.790,-0.500,0.787,0.790,-0.700,0.807,0.790,-0.700,0.795,0.790
20211009_1058,-21.310,174.380,532.300,CH.FULLY.,46.156,7.136,153.064,1720.409,1762.413,1776.152,39.000,1.238,0.401,0.361,0.359,0.355,0.353,4.900,4.100,0.413,0.506,4.300,0.609,0.609,4.000,0.636,0.609,3.900,0.646,0.609,3.600,0.655,0.609,3.700,0.655,0.609
20211009_1058,-21.310,174.380,532.300,GU.RRL.,44.921,6.791,154.273,1726.962,1770.368,1784.633,40.000,1.346,0.221,0.201,0.204,0.208,0.204,1.200,-4.800,0.667,-0.644,2.700,0.622,0.622,2.600,0.634,0.622,2.400,0.636,0.622,2.300,0.627,0.622,2.400,0.630,0.622
20211009_1058,-21.310,174.380,532.300,IV.HAGA.,37.285,15.155,155.950,1735.977,1781.358,1796.367,41.000,3.432,0.242,0.338,0.324,0.322,0.330,1.600,1.800,0.797,0.864,1.400,0.658,0.658,0.600,0.448,0.658,0.300,0.532,0.658,0.200,0.556,0.658,0.300,0.510,0.658
20211009_1058,-21.310,174.380,532.300,GB.STNC.,53.091,-2.206,148.111,1693.052,1729.536,1741.248,42.000,2.057,0.473,0.404,0.409,0.404,0.405,0.700,0.500,0.900,0.823,-0.200,0.900,0.900,-0.400,0.907,0.900,-0.600,0.900,0.900,-0.800,0.900,0.900,-0.700,0.901,0.900
20211009_1058,-21.310,174.380,532.300,IV.GIB.,37.990,14.026,156.231,1737.484,1783.201,1798.336,43.000,1.499,0.140,0.140,0.109,0.101,0.117,-2.400,-2.500,0.768,0.756,-2.400,0.783,0.783,-2.600,0.663,0.783,-3.000,0.630,0.783,-3.200,0.633,0.783,-2.900,0.631,0.783
20211009_1058,-21.310,174.380,532.300,G.SSB.00,45.279,4.542,154.620,1728.832,1772.644,1787.062,44.000,2.519,0.463,0.509,0.527,0.532,0.526,0.400,0.800,0.926,0.893,0.700,0.738,0.738,0.200,0.744,0.738,-0.200,0.737,0.738,-0.600,0.738,0.738,-0.400,0.739,0.738
20211009_1058,-21.310,174.380,532.300,MD.KIS.,46.998,28.817,142.168,1659.187,1689.500,1699.035,45.000,2.371,0.314,0.285,0.320,0.324,0.306,-1.000,0.900,0.454,0.288,-9.700,0.626,0.626,-10.000,0.646,0.626,-10.300,0.637,0.626,-10.400,0.631,0.626,-10.300,0.636,0.626
20211009_1058,-21.310,174.380,532.300,GE.FLT1.,52.331,11.237,146.358,1683.181,1717.794,1728.836,46.000,3.496,0.556,0.601,0.597,0.594,0.594,1.000,0.900,0.680,0.705,0.400,0.880,0.880,0.200,0.880,0.880,0.000,0.879,0.880,-0.300,0.872,0.880,-0.300,0.875,0.880
20211009_1058,-21.310,174.380,532.300,RO.GZR.,45.393,22.777,146.536,1684.187,1718.989,1730.097,47.000,1.832,0.237,0.173,0.213,0.239,0.198,2.300,3.900,0.623,0.634,2.600,0.648,0.648,2.500,0.547,0.648,2.000,0.520,0.648,1.700,0.559,0.648,2.100,0.548,0.648
20211009_1058,-21.310,174.380,532.300,BX.BROLN.,-21.100,27.334,126.762,1566.015,1583.001,1588.090,48.000,7.535,0.644,0.661,0.671,0.671,0.665,1.400,1.700,0.907,0.961,1.200,0.829,0.829,1.300,0.846,0.829,1.200,0.849,0.829,1.100,0.853,0.829,1.200,0.850,0.829
20211009_1058,-21.310,174.380,532.300,CR.7441.,45.844,16.020,149.766,1702.286,1740.575,1752.942,49.000,1.910,0.242,0.260,0.260,0.258,0.260,3.200,4.100,0.513,0.473,4.100,0.130,0.130,10.500,0.077,0.130,-0.500,0.084,0.130,-1.100,0.101,0.130,-0.800,0.083,0.130
20211009_1058,-21.310,174.380,532.300,GE.MSBI.,31.313,35.358,142.164,1659.161,1689.469,1699.003,50.000,2.846,0.309,0.323,0.352,0.348,0.339,1.500,1.500,0.857,0.925,6.800,0.370,0.370,-6.300,0.554,0.370,-6.800,0.555,0.370,-6.600,0.561,0.370,-6.500,0.557,0.370
20211009_1058,-21.310,174.380,532.300,II.XBFO.55,48.330,8.330,150.760,1707.786,1747.177,1759.949,51.000,1.969,0.293,0.283,0.299,0.305,0.304,2.900,3.200,0.693,0.810,2.400,0.718,0.718,2.100,0.611,0.718,1.700,0.595,0.718,1.400,0.600,0.718,1.500,0.601,0.718
20211009_1058,-21.310,174.380,532.300,OE.WTTA.,47.264,11.636,150.539,1706.565,1745.710,1758.391,52.000,1.972,0.369,0.330,0.330,0.334,0.336,0.800,1.600,0.496,0.359,0.500,0.892,0.892,0.200,0.896,0.892,0.000,0.901,0.892,-0.200,0.909,0.892,-0.200,0.908,0.892
20211009_1058,-21.310,174.380,532.300,CR.7491.,45.507,15.845,150.096,1704.114,1742.767,1755.267,53.000,3.467,0.202,0.181,0.185,0.186,0.185,-8.200,0.200,0.778,-0.280,-9.200,0.514,0.514,-9.200,0.502,0.514,-9.400,0.500,0.514,-9.500,0.500,0.514,-9.500,0.502,0.514
20211009_1058,-21.310,174.380,532.300,IV.USI.,38.708,13.179,156.272,1737.704,1783.469,1798.623,54.000,1.254,0.160,0.206,0.205,0.195,0.198,-2.300,-2.600,0.667,0.770,-3.000,0.821,0.821,-3.000,0.826,0.821,-3.300,0.809,0.821,-3.500,0.799,0.821,-3.200,0.812,0.821
20211009_1058,-21.310,174.380,532.300,GR.MOX.,50.646,11.616,147.697,1690.728,1726.767,1738.318,55.000,3.849,0.381,0.444,0.468,0.484,0.475,3.200,2.200,0.656,0.582,2.100,0.719,0.719,1.700,0.729,0.719,1.400,0.739,0.719,1.200,0.746,0.719,1.300,0.739,0.719
20211009_1058,-21.310,174.380,532.300,PL.GKP.,53.270,17.237,143.579,1667.330,1699.058,1709.085,56.000,0.714,0.327,0.373,0.392,0.393,0.393,2.400,2.200,0.856,0.656,1.400,0.967,0.967,1.100,0.963,0.967,0.800,0.959,0.967,0.700,0.960,0.967,0.800,0.961,0.967
20211009_1058,-21.310,174.380,532.300,TH.CHRS.,51.610,10.819,147.113,1687.445,1722.860,1734.187,57.000,3.237,0.515,0.552,0.558,0.558,0.559,6.700,3.000,0.621,-0.649,6.300,0.624,0.624,6.000,0.642,0.624,5.800,0.656,0.624,5.500,0.666,0.624,5.500,0.659,0.624
20211009_1058,-21.310,174.380,532.300,RO.DEV.,45.887,22.898,146.173,1682.131,1716.549,1727.520,58.000,2.151,0.050,0.136,0.145,0.153,0.145,1.500,1.400,0.672,0.656,2.500,0.358,0.358,2.400,0.494,0.358,2.000,0.559,0.358,1.800,0.550,0.358,2.000,0.537,0.358
20211009_1058,-21.310,174.380,532.300,KV.KBTI.,-1.569,29.278,138.925,1640.212,1667.396,1675.855,59.000,5.775,0.693,0.666,0.665,0.665,0.666,0.700,0.700,0.967,0.970,0.100,0.926,0.926,0.400,0.909,0.926,0.100,0.905,0.926,0.000,0.900,0.926,0.200,0.900,0.926
20211009_1058,-21.310,174.380,532.300,IV.PTCC.,46.408,13.354,150.538,1706.562,1745.706,1758.387,60.000,0.830,0.092,0.089,0.089,0.089,0.090,8.900,-2.500,0.520,-0.547,-8.600,0.454,0.454,-8.700,0.462,0.454,-9.000,0.447,0.454,-9.100,0.438,0.454,-9.000,0.444,0.454
20211009_1058,-21.310,174.380,532.300,TH.POSS.,51.333,10.867,147.341,1688.726,1724.384,1735.798,61.000,2.502,0.187,0.198,0.217,0.232,0.219,2.300,3.800,0.447,0.406,3.500,0.728,0.728,3.100,0.733,0.728,2.700,0.729,0.728,2.500,0.724,0.728,2.600,0.729,0.728
20211009_1058,-21.310,174.380,532.300,TH.ZEU.,50.671,11.977,147.557,1689.940,1725.829,1737.326,62.000,0.518,0.069,0.068,0.072,0.071,0.071,2.500,2.300,0.724,0.635,1.700,0.484,0.484,1.200,0.461,0.484,0.700,0.472,0.484,0.300,0.487,0.484,0.500,0.475,0.484
20211009_1058,-21.310,174.380,532.300,CH.TORNY.,46.774,6.959,152.566,1717.698,1759.131,1772.658,63.000,1.198,0.221,0.219,0.217,0.226,0.226,3.600,2.700,0.702,0.491,2.500,0.937,0.937,2.200,0.933,0.937,1.900,0.935,0.937,1.600,0.940,0.937,1.800,0.937,0.937
20211009_1058,-21.310,174.380,532.300,GE.UJAP.,31.952,35.464,142.012,1658.281,1688.439,1697.921,64.000,2.250,0.255,0.253,0.278,0.270,0.265,1.200,1.200,0.818,0.831,6.000,0.521,0.521,-6.700,0.488,0.521,-7.100,0.467,0.521,-7.000,0.474,0.521,-6.900,0.482,0.521
20211009_1058,-21.310,174.380,532.300,FR.HELF.00,50.705,2.241,149.964,1703.384,1741.892,1754.339,65.000,2.072,0.404,0.415,0.391,0.381,0.390,1.400,1.600,0.745,0.808,0.700,0.660,0.660,0.300,0.619,0.660,0.100,0.620,0.660,-0.200,0.637,0.660,-0.100,0.632,0.660
20211009_1058,-21.310,174.380,532.300,NO.ARD7.00,69.529,25.471,128.278,1575.517,1593.646,1599.092,66.000,0.926,0.331,0.322,0.326,0.323,0.321,0.800,1.400,0.661,0.607,0.800,0.869,0.869,0.600,0.872,0.869,0.300,0.881,0.869,0.400,0.887,0.869,0.500,0.881,0.869
20211009_1058,-21.310,174.380,532.300,TH.CRUX.,50.602,10.792,148.000,1692.428,1728.793,1740.461,67.000,1.677,0.284,0.329,0.359,0.375,0.362,2.200,1.800,0.630,0.528,1.300,0.670,0.670,0.900,0.666,0.670,0.700,0.678,0.670,0.400,0.688,0.670,0.400,0.675,0.670
20211009_1058,-21.310,174.380,532.300,GE.VAL.,51.939,-10.244,149.161,1698.921,1736.545,1748.670,68.000,1.790,0.350,0.247,0.263,0.271,0.265,0.500,0.700,0.801,0.818,-0.100,0.819,0.819,0.000,0.744,0.819,-0.100,0.741,0.819,-0.400,0.740,0.819,-0.300,0.741,0.819
20211009_1058,-21.310,174.380,532.300,RO.TESR.,46.512,26.649,143.687,1667.951,1699.788,1709.854,69.000,0.828,0.242,0.234,0.216,0.209,0.228,2.300,-1.000,0.774,-0.607,0.500,0.502,0.502,0.600,0.740,0.502,0.300,0.784,0.502,0.300,0.786,0.502,0.300,0.780,0.502
20211009_1058,-21.310,174.380,532.300,GE.ZKR.,35.115,26.217,148.922,1697.587,1734.950,1746.980,70.000,3.264,0.223,0.192,0.205,0.203,0.198,-9.000,4.300,0.606,-0.545,4.500,0.390,0.390,4.500,0.500,0.390,4.000,0.505,0.390,4.200,0.497,0.390,4.300,0.503,0.390
20211009_1058,-21.310,174.380,532.300,LU.KIND.,49.694,5.864,150.194,1704.660,1743.422,1755.962,71.000,2.354,0.385,0.442,0.458,0.466,0.464,2.700,-0.900,0.532,-0.012,1.700,0.773,0.773,1.500,0.706,0.773,1.100,0.716,0.773,0.900,0.737,0.773,0.900,0.728,0.773
20211009_1058,-21.310,174.380,532.300,G.SOK.00,14.494,-16.456,167.647,1796.393,1856.611,1877.337,72.000,11.072,0.525,0.569,0.575,0.577,0.577,-0.100,3.700,0.784,-0.902,0.200,0.596,0.596,0.200,0.702,0.596,-0.200,0.701,0.596,-0.200,0.700,0.596,0.000,0.704,0.596
20211009_1058,-21.310,174.380,532.300,IV.ISTR.,38.787,15.192,155.020,1730.991,1775.272,1789.868,73.000,0.952,0.178,0.118,0.126,0.125,0.122,0.600,5.000,0.637,-0.775,8.200,0.340,0.340,8.000,0.412,0.340,7.800,0.437,0.340,7.700,0.448,0.340,7.800,0.439,0.340
20211009_1058,-21.310,174.380,532.300,GB.GAL1.,54.866,-4.711,146.437,1683.624,1718.321,1729.391,74.000,1.397,0.405,0.417,0.423,0.422,0.423,3.000,-3.900,0.613,-0.484,-0.100,0.587,0.587,0.500,0.624,0.587,0.600,0.609,0.587,0.600,0.588,0.587,0.500,0.601,0.587
20211009_1058,-21.310,174.380,532.300,IV.VITU.,41.183,14.630,153.781,1724.300,1767.133,1781.183,75.000,1.467,0.403,0.386,0.391,0.387,0.392,1.400,5.400,0.712,-0.713,1.500,0.762,0.762,1.800,0.712,0.762,1.800,0.679,0.762,1.700,0.657,0.762,1.700,0.681,0.762
20211009_1058,-21.310,174.380,532.300,RO.BMR.,47.673,23.497,144.758,1674.089,1707.026,1717.476,76.000,3.555,0.498,0.464,0.480,0.478,0.480,3.000,3.500,0.813,0.909,2.200,0.800,0.800,1.600,0.790,0.800,1.000,0.789,0.800,0.800,0.792,0.800,0.900,0.781,0.800
20211009_1058,-21.310,174.380,532.300,FR.ISO.01,44.184,7.050,154.836,1729.998,1774.063,1788.577,77.000,1.592,0.497,0.521,0.529,0.534,0.532,1.700,1.800,0.935,0.931,1.400,0.937,0.937,0.700,0.954,0.937,0.400,0.947,0.937,0.300,0.940,0.937,0.400,0.947,0.937
20211009_1058,-21.310,174.380,532.300,GR.GRB3.,49.343,11.805,148.741,1696.576,1733.742,1745.700,78.000,2.060,0.320,0.343,0.363,0.369,0.363,5.100,1.000,0.550,0.331,0.300,0.606,0.606,-0.200,0.674,0.606,-0.400,0.704,0.606,-0.600,0.729,0.606,-0.500,0.712,0.606
20211009_1058,-21.310,174.380,532.300,RD.MFF.,46.601,-0.141,154.319,1727.212,1770.672,1784.958,79.000,2.672,0.330,0.293,0.304,0.322,0.314,2.200,2.600,0.866,0.897,1.400,0.675,0.675,1.900,0.657,0.675,1.600,0.649,0.675,1.300,0.645,0.675,1.400,0.649,0.675
20211009_1058,-21.310,174.380,532.300,FN.RNF.,66.612,26.011,130.423,1588.851,1608.653,1614.634,80.000,2.570,0.412,0.430,0.443,0.441,0.437,2.000,1.900,0.929,0.916,0.900,0.869,0.869,0.600,0.836,0.869,0.400,0.840,0.869,0.400,0.840,0.869,0.400,0.839,0.869
20211009_1058,-21.310,174.380,532.300,TH.MEHR.,51.283,10.659,147.447,1689.326,1725.097,1736.552,81.000,3.045,0.307,0.344,0.366,0.378,0.364,-3.100,-3.400,0.481,0.420,-3.700,0.548,0.548,-4.000,0.558,0.548,-4.200,0.539,0.548,-4.500,0.532,0.548,-4.300,0.541,0.548
20211009_1058,-21.310,174.380,532.300,BW.MROB.,50.083,12.179,147.986,1692.353,1728.702,1740.365,82.000,2.133,0.415,0.394,0.401,0.404,0.401,2.300,1.600,0.807,0.738,1.200,0.472,0.472,0.300,0.492,0.472,-0.300,0.519,0.472,-0.500,0.547,0.472,-0.400,0.526,0.472
20211009_1058,-21.310,174.380,532.300,PL.KSP.,50.843,16.293,145.850,1680.301,1714.379,1725.230,83.000,2.406,0.357,0.369,0.366,0.363,0.367,7.900,4.000,0.591,-0.335,7.100,0.534,0.534,6.800,0.560,0.534,6.500,0.556,0.534,6.300,0.555,0.534,6.500,0.556,0.534
20211009_1058,-21.310,174.380,532.300,OE.VIE.,48.248,16.362,147.822,1691.430,1727.604,1739.203,84.000,3.306,0.224,0.257,0.275,0.285,0.276,2.600,2.500,0.809,0.881,2.300,0.883,0.883,1.600,0.838,0.883,1.200,0.821,0.883,1.000,0.821,0.883,1.100,0.821,0.883
20211009_1058,-21.310,174.380,532.300,GR.LUEB.,52.297,8.699,147.097,1687.350,1722.747,1734.068,85.000,2.162,0.454,0.475,0.467,0.454,0.457,-0.300,0.000,0.720,0.720,-1.200,0.825,0.825,-1.400,0.815,0.825,-1.600,0.817,0.825,-1.900,0.814,0.825,-1.900,0.814,0.825
20211009_1058,-21.310,174.380,532.300,FR.RUSF.07,43.941,5.484,155.567,1733.926,1778.852,1793.690,86.000,2.103,0.477,0.457,0.460,0.458,0.461,1.300,1.400,0.724,0.666,0.400,0.544,0.544,0.600,0.594,0.544,0.300,0.584,0.544,0.000,0.569,0.544,0.100,0.583,0.544
20211009_1058,-21.310,174.380,532.300,RO.HUMR.,44.528,24.980,145.743,1679.693,1713.657,1724.469,87.000,0.993,0.240,0.238,0.261,0.264,0.254,6.000,5.500,0.542,0.458,-4.500,0.380,0.380,-4.700,0.381,0.380,-5.200,0.387,0.380,-5.300,0.394,0.380,-5.100,0.390,0.380
20211009_1058,-21.310,174.380,532.300,FR.FILF.00,42.560,2.417,157.709,1745.341,1792.837,1808.642,88.000,1.594,0.288,0.320,0.326,0.335,0.330,1.600,2.000,0.784,0.868,1.300,0.641,0.641,1.000,0.665,0.641,0.800,0.672,0.641,0.600,0.673,0.641,0.700,0.673,0.641
20211009_1058,-21.310,174.380,532.300,CR.OZLJ.,45.615,15.467,150.196,1704.666,1743.430,1755.971,89.000,0.422,0.003,-0.005,-0.005,-0.005,-0.005,-6.500,-4.600,0.451,0.954,-6.400,0.495,0.495,-6.200,0.482,0.495,-6.500,0.482,0.495,-6.700,0.480,0.495,-6.600,0.483,0.495
20211009_1058,-21.310,174.380,532.300,GU.CIRO.,45.602,7.568,153.415,1722.317,1764.726,1778.617,90.000,1.665,0.380,0.403,0.426,0.435,0.430,1.800,1.900,0.788,0.788,1.100,0.775,0.775,1.100,0.732,0.775,1.000,0.716,0.775,0.700,0.699,0.775,0.800,0.704,0.775
20211009_1058,-21.310,174.380,532.300,EI.ILTH.,54.028,-6.336,147.278,1688.370,1723.960,1735.350,91.000,5.088,0.351,0.393,0.395,0.392,0.394,1.200,3.200,0.746,0.545,2.400,0.717,0.717,1.800,0.720,0.717,1.600,0.745,0.717,1.600,0.765,0.717,1.600,0.754,0.717
20211009_1058,-21.310,174.380,532.300,BX.PHPEN.,-25.476,22.857,125.660,1559.054,1575.235,1580.073,92.000,10.943,0.561,0.598,0.596,0.588,0.591,-0.200,-0.500,0.797,0.845,-0.100,0.783,0.783,-0.100,0.739,0.783,-0.200,0.748,0.783,-0.200,0.777,0.783,-0.200,0.759,0.783
20211009_1058,-21.310,174.380,532.300,CR.7440.,46.004,16.120,149.602,1701.372,1739.480,1751.781,93.000,2.176,0.254,0.226,0.228,0.234,0.232,-4.200,2.100,0.648,0.214,1.400,0.375,0.375,1.600,0.337,0.375,1.500,0.333,0.375,1.300,0.329,0.375,1.300,0.339,0.375
20211009_1058,-21.310,174.380,532.300,GR.UBR.,47.680,10.107,150.746,1707.710,1747.086,1759.852,94.000,2.159,0.470,0.414,0.432,0.430,0.434,3.900,-1.700,0.662,-0.834,2.100,0.653,0.653,1.700,0.554,0.653,1.300,0.553,0.653,1.100,0.567,0.653,1.200,0.560,0.653
20211009_1058,-21.310,174.380,532.300,PM.PFVI.,37.133,-8.827,163.935,1777.681,1833.010,1851.804,95.000,1.636,0.169,0.170,0.164,0.157,0.160,0.600,0.600,0.452,0.390,0.300,0.698,0.698,0.300,0.727,0.698,0.000,0.727,0.698,-0.300,0.723,0.698,-0.100,0.719,0.698
20211009_1058,-21.310,174.380,532.300,GR.CLL.,51.308,13.002,146.673,1684.961,1719.908,1731.068,96.000,3.999,0.454,0.504,0.503,0.504,0.503,5.200,0.400,0.648,-0.859,4.800,0.581,0.581,4.400,0.621,0.581,4.200,0.637,0.581,3.900,0.646,0.581,4.100,0.639,0.581
20211009_1058,-21.310,174.380,532.300,CH.WILA.,47.415,8.908,151.382,1711.213,1751.302,1764.331,97.000,2.172,0.269,0.269,0.293,0.305,0.286,2.500,-5.000,0.634,-0.640,-10.100,0.481,0.481,-10.400,0.506,0.481,-10.700,0.519,0.481,-10.900,0.533,0.481,-10.900,0.527,0.481
20211009_1058,-21.310,174.380,532.300,IV.GIUL.,41.558,13.255,154.252,1726.851,1770.234,1784.490,98.000,3.536,0.427,0.408,0.408,0.409,0.415,3.400,3.400,0.781,0.880,2.500,0.900,0.900,2.300,0.910,0.900,2.200,0.905,0.900,2.100,0.904,0.900,2.200,0.908,0.900
20211009_1058,-21.310,174.380,532.300,CH.AIGLE.,46.342,6.953,152.955,1719.818,1761.696,1775.389,99.000,1.178,0.134,0.196,0.224,0.243,0.243,3.100,2.500,0.769,0.734,2.500,0.801,0.801,2.200,0.780,0.801,1.900,0.773,0.801,1.600,0.775,0.801,1.700,0.772,0.801
20211009_1058,-21.310,174.380,532.300,BW.ALFT.,48.142,11.280,149.938,1703.240,1741.719,1754.156,100.000,3.923,0.278,0.324,0.340,0.348,0.344,-5.400,-5.000,0.697,0.790,0.800,0.759,0.759,1.000,0.714,0.759,0.800,0.716,0.759,0.700,0.709,0.759,0.700,0.714,0.759
20211009_1058,-21.310,174.380,532.300,TH.GEIDO.,50.735,12.200,147.427,1689.212,1724.963,1736.410,101.000,0.452,0.042,0.022,0.025,0.020,0.026,3.100,2.700,0.479,0.482,2.100,0.678,0.678,1.800,0.657,0.678,1.300,0.665,0.678,1.100,0.679,0.678,1.200,0.667,0.678
20211009_1058,-21.310,174.380,532.300,FR.PAND.00,42.524,1.546,157.953,1746.633,1794.426,1810.343,102.000,1.780,0.424,0.404,0.413,0.425,0.418,1.500,1.700,0.579,0.663,1.400,0.646,0.646,1.100,0.633,0.646,0.900,0.640,0.646,0.600,0.643,0.646,0.800,0.640,0.646
20211009_1058,-21.310,174.380,532.300,GE.LODK.,3.422,35.362,136.364,1624.993,1649.819,1657.480,103.000,3.546,0.472,0.452,0.476,0.473,0.473,1.000,1.100,0.880,0.870,0.800,0.845,0.845,1.000,0.895,0.845,0.500,0.945,0.845,0.600,0.931,0.845,0.600,0.930,0.845
20211009_1058,-21.310,174.380,532.300,GB.DYA.,50.435,-3.931,150.844,1708.252,1747.737,1760.543,104.000,2.332,0.389,0.336,0.354,0.372,0.367,2.100,2.000,0.818,0.758,1.300,0.768,0.768,1.000,0.712,0.768,0.700,0.730,0.768,0.400,0.761,0.768,0.500,0.748,0.768
20211009_1058,-21.310,174.380,532.300,KV.KALEH.,-2.107,28.921,138.896,1640.040,1667.198,1675.647,105.000,3.462,0.611,0.606,0.604,0.604,0.604,0.200,0.300,0.972,0.959,-0.400,0.935,0.935,-0.100,0.917,0.935,-0.400,0.926,0.935,-0.500,0.927,0.935,-0.300,0.918,0.935
20211009_1058,-21.310,174.380,532.300,IV.HMDC.,36.959,14.783,156.381,1738.282,1784.177,1799.380,106.000,1.854,0.398,0.432,0.420,0.409,0.426,2.900,2.900,0.611,0.822,-2.700,0.590,0.590,-2.600,0.645,0.590,-2.700,0.621,0.590,-2.700,0.610,0.590,-2.700,0.625,0.590
20211009_1058,-21.310,174.380,532.300,BW.TON.,48.174,11.289,149.908,1703.075,1741.520,1753.945,107.000,3.532,0.266,0.332,0.345,0.345,0.340,-5.800,-5.000,0.600,0.619,0.100,0.698,0.698,0.300,0.593,0.698,0.200,0.587,0.698,-0.100,0.579,0.698,0.000,0.589,0.698
20211009_1058,-21.310,174.380,532.300,IV.MRGE.,45.770,7.061,153.432,1722.408,1764.836,1778.734,108.000,1.758,0.309,0.275,0.269,0.263,0.270,3.900,4.200,0.646,0.717,3.300,0.741,0.741,3.500,0.727,0.741,3.200,0.731,0.741,3.100,0.723,0.741,3.200,0.728,0.741
20211009_1058,-21.310,174.380,532.300,CR.7500.,45.424,16.188,149.990,1703.527,1742.063,1754.520,109.000,1.766,0.369,0.389,0.400,0.408,0.406,3.000,3.300,0.651,0.597,1.600,0.635,0.635,1.700,0.724,0.635,1.500,0.739,0.635,1.400,0.750,0.635,1.400,0.738,0.635
20211009_1058,-21.310,174.380,532.300,GE.TIRR.,44.458,28.413,143.668,1667.843,1699.662,1709.720,110.000,0.911,0.140,0.076,0.064,0.060,0.065,8.200,3.900,0.342,-0.654,4.700,0.432,0.432,6.700,0.458,0.432,6.200,0.465,0.432,6.100,0.465,0.432,6.200,0.459,0.432
20211009_1058,-21.310,174.380,532.300,GR.GRA4.,49.564,11.435,148.681,1696.241,1733.342,1745.277,111.000,2.685,0.345,0.326,0.325,0.325,0.332,2.900,4.100,0.683,0.667,3.600,0.574,0.574,3.100,0.563,0.574,2.800,0.572,0.574,2.600,0.583,0.574,2.600,0.569,0.574
20211009_1058,-21.310,174.380,532.300,KO.SVSK.,39.916,36.993,139.381,1642.901,1670.515,1679.121,112.000,3.431,0.442,0.429,0.433,0.432,0.431,1.900,2.200,0.803,0.745,1.700,0.802,0.802,1.900,0.737,0.802,1.000,0.679,0.802,1.200,0.691,0.802,1.400,0.708,0.802
20211009_1058,-21.310,174.380,532.300,KO.ERZN.,39.587,39.722,137.411,1631.235,1657.014,1664.996,113.000,1.875,0.221,0.568,0.581,0.579,0.576,0.200,0.200,0.922,0.930,-6.600,0.558,0.558,-1.200,0.751,0.558,-1.100,0.786,0.558,-1.200,0.781,0.558,-1.200,0.772,0.558
20211009_1058,-21.310,174.380,532.300,OE.CSNA.,47.928,15.859,148.284,1694.019,1730.690,1742.469,114.000,2.110,0.344,0.306,0.310,0.304,0.306,0.600,0.800,0.722,0.788,0.400,0.725,0.725,-0.100,0.786,0.725,-0.300,0.755,0.725,-0.500,0.742,0.725,-0.400,0.757,0.725
20211009_1058,-21.310,174.380,532.300,PR.PCDR.,18.514,-68.381,121.315,1531.229,1544.461,1548.390,115.000,3.561,0.327,0.300,0.276,0.275,0.292,1.000,0.600,0.860,0.828,0.700,0.663,0.663,0.800,0.755,0.663,-0.100,0.706,0.663,0.700,0.717,0.663,0.800,0.750,0.663
20211009_1058,-21.310,174.380,532.300,KO.DALY.,36.816,28.653,146.522,1684.106,1718.893,1729.996,116.000,1.133,0.204,0.270,0.273,0.273,0.272,-2.300,-2.500,0.533,0.687,-1.500,0.698,0.698,-1.000,0.402,0.698,-0.700,0.460,0.698,-1.000,0.469,0.698,-1.000,0.445,0.698
20211009_1058,-21.310,174.380,532.300,CH.SENIN.,46.363,7.299,152.828,1719.126,1760.858,1774.496,117.000,1.570,0.248,0.274,0.283,0.290,0.287,3.600,3.600,0.706,0.600,3.600,0.934,0.934,3.300,0.934,0.934,3.000,0.928,0.934,2.700,0.924,0.934,2.900,0.927,0.934
20211009_1058,-21.310,174.380,532.300,IV.LAV9.,41.678,12.699,154.451,1727.921,1771.535,1785.879,118.000,1.389,0.360,0.418,0.420,0.426,0.427,1.100,1.200,0.848,0.916,0.800,0.906,0.906,0.500,0.923,0.906,0.400,0.917,0.906,0.300,0.916,0.906,0.400,0.920,0.906
20211009_1058,-21.310,174.380,532.300,FR.CLF.00,48.020,2.260,152.549,1717.607,1759.020,1772.540,119.000,1.387,0.290,0.319,0.336,0.343,0.341,1.400,0.700,0.704,0.622,0.600,0.926,0.926,0.500,0.917,0.926,0.300,0.925,0.926,0.000,0.931,0.926,0.100,0.929,0.926
20211009_1058,-21.310,174.380,532.300,IV.CRMI.,43.796,10.980,153.631,1723.488,1766.147,1780.132,120.000,1.788,0.234,0.192,0.211,0.215,0.207,1.500,-3.800,0.692,0.317,0.400,0.614,0.614,0.800,0.562,0.614,0.800,0.567,0.614,0.600,0.566,0.614,0.700,0.568,0.614
20211009_1058,-21.310,174.380,532.300,NO.ARD5.00,69.521,25.512,128.275,1575.501,1593.628,1599.074,121.000,0.922,0.308,0.297,0.307,0.302,0.304,1.000,1.500,0.658,0.607,0.800,0.853,0.853,0.600,0.860,0.853,0.300,0.870,0.853,0.400,0.875,0.853,0.400,0.870,0.853
20211009_1058,-21.310,174.380,532.300,MN.CLTB.,37.579,13.216,156.988,1741.515,1788.139,1803.615,122.000,4.505,0.084,0.126,0.149,0.153,0.141,2.100,2.400,0.577,0.548,1.700,0.541,0.541,1.900,0.632,0.541,1.800,0.579,0.541,1.700,0.562,0.541,1.800,0.587,0.541
20211009_1058,-21.310,174.380,532.300,NO.ARD1.00,69.548,25.509,128.255,1575.372,1593.483,1598.924,123.000,0.976,0.303,0.295,0.304,0.302,0.301,0.900,1.400,0.675,0.631,0.700,0.838,0.838,0.600,0.846,0.838,0.200,0.855,0.838,0.200,0.860,0.838,0.300,0.855,0.838
20211009_1058,-21.310,174.380,532.300,FR.LRVF.00,44.948,-0.310,155.961,1736.039,1781.433,1796.447,124.000,3.811,0.439,0.451,0.482,0.504,0.489,2.200,3.000,0.558,0.626,2.300,0.750,0.750,2.100,0.774,0.750,1.900,0.780,0.750,1.700,0.793,0.750,1.800,0.788,0.750
20211009_1058,-21.310,174.380,532.300,RO.ARR.,45.366,24.633,145.488,1678.245,1711.942,1722.659,125.000,2.646,0.374,0.268,0.247,0.248,0.258,2.900,3.000,0.851,0.833,2.900,0.776,0.776,11.200,0.435,0.776,10.500,0.466,0.776,10.400,0.465,0.776,10.600,0.453,0.776
20211009_1058,-21.310,174.380,532.300,CH.FIESA.,46.435,8.111,152.503,1717.353,1758.713,1772.213,126.000,2.185,0.269,0.279,0.275,0.269,0.266,1.400,-1.800,0.817,0.361,-1.000,0.753,0.753,-1.400,0.720,0.753,-1.600,0.718,0.753,-1.900,0.710,0.753,-1.800,0.708,0.753
20211009_1058,-21.310,174.380,532.300,BX.QNGWA.,-19.530,21.174,131.473,1595.325,1615.970,1622.227,127.000,,,,,,,-16.000,-8.000,0.000,0.000,-16.000,0.000,0.000,-16.000,0.000,0.000,-16.000,0.000,0.000,-16.000,0.000,0.000,-16.000,0.000,0.000
20211009_1058,-21.310,174.380,532.300,CR.7498.,45.748,16.613,149.551,1701.088,1739.140,1751.420,128.000,2.718,0.217,0.206,0.216,0.220,0.211,4.900,4.700,0.596,0.582,4.100,0.788,0.788,4.000,0.757,0.788,3.900,0.756,0.788,3.800,0.755,0.788,3.800,0.756,0.788
20211009_1058,-21.310,174.380,532.300,GE.BALJ.,32.087,35.640,141.850,1657.340,1687.338,1696.764,129.000,2.257,0.342,0.296,0.316,0.309,0.311,1.600,1.700,0.816,0.818,1.700,0.371,0.371,1.900,0.555,0.371,1.200,0.599,0.371,1.400,0.587,0.371,1.500,0.575,0.371
20211009_1058,-21.310,174.380,532.300,IV.CASP.,42.791,10.865,154.480,1728.081,1771.729,1786.086,130.000,0.735,-0.019,-0.073,-0.068,-0.061,-0.060,1.700,-1.000,0.429,-0.126,-5.500,0.659,0.659,-5.800,0.638,0.659,-5.900,0.628,0.659,-6.000,0.620,0.659,-6.000,0.624,0.659
20211009_1058,-21.310,174.380,532.300,EI.VAL.,51.939,-10.244,149.161,1698.921,1736.545,1748.670,131.000,1.790,0.350,0.247,0.263,0.271,0.265,0.500,0.700,0.801,0.818,-0.100,0.819,0.819,0.000,0.744,0.819,-0.100,0.741,0.819,-0.400,0.740,0.819,-0.300,0.741,0.819
20211009_1058,-21.310,174.380,532.300,FR.VIEF.00,42.882,0.023,157.918,1746.449,1794.198,1810.099,132.000,2.337,0.600,0.630,0.635,0.638,0.633,1.100,1.300,0.817,0.812,0.600,0.700,0.700,0.200,0.773,0.700,0.000,0.761,0.700,-0.400,0.744,0.700,-0.400,0.754,0.700
20211009_1058,-21.310,174.380,532.300,CR.HVAR.,43.178,16.449,151.435,1711.501,1751.649,1764.699,133.000,3.585,0.219,0.167,0.165,0.161,0.171,4.300,3.800,0.537,0.601,4.200,0.474,0.474,2.900,0.490,0.474,2.400,0.534,0.474,2.200,0.563,0.474,2.400,0.535,0.474
20211009_1058,-21.310,174.380,532.300,CH.EMBD.,46.217,7.832,152.787,1718.901,1760.586,1774.207,134.000,2.044,0.205,0.176,0.161,0.146,0.142,-1.300,-1.400,0.629,0.667,-1.700,0.741,0.741,-2.000,0.740,0.741,-2.200,0.734,0.741,-2.500,0.733,0.741,-2.400,0.739,0.741
20211009_1058,-21.310,174.380,532.300,KO.CHOM.,41.097,40.761,136.321,1624.731,1649.517,1657.165,135.000,1.480,0.129,0.137,0.120,0.121,0.122,2.600,3.500,0.807,0.794,-4.300,0.480,0.480,-3.300,0.432,0.480,-4.100,0.372,0.480,-3.800,0.388,0.480,-3.500,0.407,0.480
20211009_1058,-21.310,174.380,532.300,ZC.SADR.00,18.193,-68.780,120.869,1528.337,1541.285,1545.128,136.000,1.432,0.191,0.272,0.229,0.248,0.264,-1.500,-5.300,0.590,-0.199,4.000,0.522,0.522,3.900,0.545,0.522,3.300,0.639,0.522,3.700,0.570,0.522,3.900,0.537,0.522
20211009_1058,-21.310,174.380,532.300,HU.AMBH.,46.350,20.726,147.058,1687.131,1722.487,1733.793,137.000,2.878,0.202,0.257,0.254,0.250,0.257,-7.800,-4.000,0.738,-0.555,-8.500,0.661,0.661,-0.400,0.585,0.661,-0.500,0.680,0.661,-0.600,0.709,0.661,-0.600,0.670,0.661
20211009_1058,-21.310,174.380,532.300,GR.GRB4.,49.468,11.559,148.720,1696.460,1733.603,1745.553,138.000,1.587,0.354,0.383,0.399,0.410,0.398,2.700,-3.500,0.586,-0.825,1.500,0.527,0.527,0.900,0.584,0.527,0.700,0.615,0.527,0.500,0.636,0.527,0.500,0.614,0.527
20211009_1058,-21.310,174.380,532.300,KO.TAHT.,36.375,36.186,140.775,1651.075,1680.022,1689.085,139.000,3.335,0.114,0.271,0.083,0.082,0.265,6.300,5.600,0.578,0.492,6.700,0.623,0.623,-1.800,0.571,0.623,6.400,0.558,0.623,6.600,0.577,0.623,-2.000,0.540,0.623
20211009_1058,-21.310,174.380,532.300,CN.FRB.,63.747,-68.545,120.897,1528.520,1541.486,1545.334,140.000,2.706,0.269,0.105,0.109,0.114,0.108,-0.800,0.600,0.731,0.638,0.400,0.908,0.908,-0.100,0.910,0.908,-0.300,0.926,0.908,-0.200,0.936,0.908,-0.100,0.924,0.908
20211009_1058,-21.310,174.380,532.300,EI.IDGL.,55.073,-7.510,146.207,1682.325,1716.779,1727.763,141.000,2.606,0.369,0.343,0.336,0.349,0.334,-0.200,0.300,0.590,0.354,4.500,0.389,0.389,-0.400,0.361,0.389,-0.700,0.376,0.389,4.000,0.410,0.389,4.000,0.393,0.389
20211009_1058,-21.310,174.380,532.300,IV.IACL.,38.533,14.355,155.688,1734.577,1779.647,1794.540,142.000,0.747,0.151,0.179,0.195,0.206,0.188,-5.300,4.100,0.537,0.386,4.100,0.489,0.489,3.400,0.479,0.489,2.900,0.466,0.489,2.700,0.469,0.489,3.000,0.466,0.489
20211009_1058,-21.310,174.380,532.300,FR.ATE.01,43.086,-0.701,157.840,1746.039,1793.694,1809.560,143.000,1.391,0.208,0.328,0.352,0.388,0.374,3.200,2.800,0.827,0.804,2.600,0.869,0.869,2.200,0.898,0.869,2.100,0.902,0.869,1.700,0.911,0.869,1.900,0.907,0.869
20211009_1058,-21.310,174.380,532.300,BW.KW1.,48.122,12.597,149.465,1700.614,1738.572,1750.818,144.000,2.001,0.389,0.365,0.364,0.375,0.374,3.000,2.700,0.699,0.618,2.300,0.840,0.840,2.100,0.850,0.840,2.000,0.858,0.840,1.800,0.861,0.840,1.800,0.857,0.840
20211009_1058,-21.310,174.380,532.300,GR.GOLD.,52.922,9.425,146.342,1683.090,1717.686,1728.722,145.000,2.436,0.463,0.435,0.421,0.409,0.418,0.300,0.200,0.844,0.870,-0.300,0.874,0.874,-0.600,0.888,0.874,-0.800,0.896,0.874,-1.100,0.899,0.874,-1.000,0.896,0.874
20211009_1058,-21.310,174.380,532.300,WM.TIO.,30.927,-7.262,170.271,1809.349,1873.124,1895.291,146.000,6.740,0.190,0.139,0.151,0.162,0.159,1.700,2.500,0.919,0.855,1.100,0.835,0.835,0.500,0.809,0.835,0.500,0.825,0.835,0.600,0.849,0.835,0.500,0.832,0.835
20211009_1058,-21.310,174.380,532.300,IV.MTCE.,42.023,12.742,154.175,1726.432,1769.723,1783.946,147.000,1.719,0.181,0.165,0.191,0.194,0.186,4.300,4.300,0.693,0.888,2.900,0.694,0.694,2.900,0.750,0.694,2.800,0.771,0.694,2.700,0.787,0.694,2.700,0.777,0.694
20211009_1058,-21.310,174.380,532.300,PL.NIE.,49.419,20.313,145.188,1676.538,1709.922,1720.529,148.000,2.059,0.265,0.291,0.295,0.295,0.287,0.700,-3.600,0.593,-0.201,0.000,0.467,0.467,-0.600,0.373,0.467,-1.100,0.386,0.467,-1.300,0.396,0.467,-1.200,0.386,0.467
20211009_1058,-21.310,174.380,532.300,II.BFO.00,48.330,8.330,150.760,1707.786,1747.177,1759.949,149.000,1.964,0.292,0.284,0.300,0.305,0.304,2.800,3.300,0.701,0.822,2.500,0.735,0.735,2.200,0.635,0.735,1.800,0.615,0.735,1.500,0.618,0.735,1.600,0.621,0.735
20211009_1058,-21.310,174.380,532.300,FR.STR.00,48.580,7.763,150.706,1707.488,1746.819,1759.569,150.000,1.815,0.444,0.400,0.397,0.403,0.401,1.400,1.900,0.789,0.695,0.900,0.590,0.590,0.400,0.563,0.590,0.100,0.560,0.590,-0.100,0.576,0.590,0.000,0.574,0.590
20211009_1058,-21.310,174.380,532.300,GR.BFO.,48.330,8.330,150.760,1707.786,1747.177,1759.949,151.000,1.933,0.327,0.315,0.330,0.337,0.336,2.900,3.200,0.693,0.793,2.400,0.757,0.757,2.100,0.657,0.757,1.700,0.641,0.757,1.400,0.645,0.757,1.500,0.646,0.757
20211009_1058,-21.310,174.380,532.300,GE.KIBK.,-2.359,38.043,131.179,1593.515,1613.923,1620.102,152.000,4.625,0.801,0.796,0.754,0.763,0.768,-0.400,0.000,0.868,0.854,-0.800,0.907,0.907,-0.500,0.900,0.907,-1.200,0.919,0.907,-1.000,0.918,0.907,-0.900,0.914,0.907
20211009_1058,-21.310,174.380,532.300,FR.LABF.00,43.046,0.073,157.750,1745.563,1793.109,1808.933,153.000,2.799,0.523,0.551,0.576,0.591,0.585,2.100,1.400,0.808,0.744,1.300,0.681,0.681,0.900,0.755,0.681,0.700,0.747,0.681,0.500,0.729,0.681,0.500,0.741,0.681
20211009_1058,-21.310,174.380,532.300,IV.PARC.,43.649,12.239,153.186,1721.072,1763.216,1777.008,154.000,3.960,0.178,0.235,0.276,0.299,0.270,2.900,2.900,0.614,0.667,2.800,0.795,0.795,2.600,0.799,0.795,2.400,0.798,0.795,2.200,0.797,0.795,2.300,0.799,0.795
20211009_1058,-21.310,174.380,532.300,GT.BOSA.00,-28.614,25.256,121.864,1534.778,1548.363,1552.400,155.000,4.367,0.408,0.460,0.457,0.444,0.454,0.100,0.000,0.643,0.652,0.400,0.552,0.552,0.600,0.701,0.552,0.600,0.691,0.552,0.700,0.652,0.552,0.700,0.683,0.552
20211009_1058,-21.310,174.380,532.300,WM.AVE.,33.298,-7.413,167.907,1797.686,1858.252,1879.117,156.000,2.211,0.430,0.379,0.397,0.424,0.393,0.000,-1.600,0.736,0.600,-1.600,0.915,0.915,-1.800,0.884,0.915,-1.900,0.874,0.915,-2.000,0.860,0.915,-2.000,0.868,0.915
20211009_1058,-21.310,174.380,532.300,LU.FDGR.,49.534,5.864,150.343,1705.483,1744.410,1757.011,157.000,2.944,0.227,0.237,0.236,0.240,0.235,4.900,2.000,0.277,0.032,1.300,0.187,0.187,1.700,0.217,0.187,1.500,0.219,0.187,1.300,0.209,0.187,1.400,0.211,0.187
20211009_1058,-21.310,174.380,532.300,UD.MI28.,50.931,27.669,140.621,1650.178,1678.978,1687.990,158.000,1.319,0.075,0.110,0.112,0.113,0.109,-0.600,-3.900,0.889,0.798,-4.100,0.719,0.719,-4.300,0.770,0.719,-4.600,0.785,0.719,-4.800,0.778,0.719,-4.600,0.780,0.719
20211009_1058,-21.310,174.380,532.300,IV.BOB.,44.768,9.448,153.459,1722.555,1765.014,1778.924,159.000,4.069,0.184,0.144,0.148,0.149,0.144,5.100,4.700,0.315,0.672,4.300,0.603,0.603,4.400,0.649,0.603,4.200,0.657,0.603,4.000,0.670,0.603,4.200,0.664,0.603
20211009_1058,-21.310,174.380,532.300,KO.SVRC.,38.377,39.306,137.963,1634.517,1660.805,1668.959,160.000,1.037,0.198,0.382,0.373,0.378,0.382,-0.100,0.500,0.875,0.831,-2.700,0.746,0.746,-2.400,0.807,0.746,-2.600,0.816,0.746,-2.500,0.816,0.746,-2.400,0.816,0.746
20211009_1058,-21.310,174.380,532.300,GE.GHAJ.,31.303,35.566,141.987,1658.136,1688.270,1697.743,161.000,3.091,0.296,0.315,0.338,0.335,0.326,1.600,2.000,0.803,0.847,2.600,0.349,0.349,2.300,0.552,0.349,1.600,0.542,0.349,1.800,0.540,0.349,2.000,0.547,0.349
20211009_1058,-21.310,174.380,532.300,TH.MLFH.,50.790,12.081,147.421,1689.175,1724.919,1736.363,162.000,3.377,0.419,0.449,0.499,0.524,0.506,2.600,2.900,0.812,0.831,2.200,0.866,0.866,1.900,0.860,0.866,1.500,0.866,0.866,1.200,0.872,0.866,1.400,0.868,0.866
20211009_1058,-21.310,174.380,532.300,GB.CLGH.,55.083,-6.110,146.225,1682.427,1716.900,1727.891,163.000,1.478,0.223,0.172,0.183,0.184,0.179,-2.500,-2.600,0.832,0.621,-3.100,0.678,0.678,-2.900,0.629,0.678,-3.100,0.630,0.678,-3.400,0.642,0.678,-3.300,0.636,0.678
20211009_1058,-21.310,174.380,532.300,MN.BNI.,45.052,6.678,154.193,1726.530,1769.843,1784.073,164.000,2.584,0.458,0.465,0.478,0.479,0.476,2.100,-3.200,0.701,-0.437,2.000,0.555,0.555,1.700,0.515,0.555,1.600,0.495,0.555,1.500,0.480,0.555,1.500,0.490,0.555
20211009_1058,-21.310,174.380,532.300,NA.SABY.,17.645,-63.221,125.863,1560.342,1576.670,1581.554,165.000,2.888,0.248,0.356,0.356,0.356,0.357,8.100,-5.400,0.428,-0.232,7.900,0.415,0.415,7.700,0.450,0.415,7.300,0.446,0.415,7.700,0.450,0.415,7.800,0.449,0.415
20211009_1058,-21.310,174.380,532.300,MD.SORM.,48.135,28.351,141.838,1657.271,1687.258,1696.680,166.000,3.516,0.281,0.270,0.294,0.305,0.292,3.000,-3.200,0.733,-0.842,1.900,0.713,0.713,1.300,0.725,0.713,0.900,0.744,0.713,0.800,0.764,0.713,1.000,0.748,0.713
20211009_1058,-21.310,174.380,532.300,WI.CBE.00,16.067,-61.611,126.963,1567.280,1584.415,1589.550,167.000,2.698,0.550,0.434,0.386,0.411,0.432,-1.200,2.900,0.761,-0.658,-1.600,0.729,0.729,-2.200,0.692,0.729,-2.900,0.734,0.729,-2.600,0.709,0.729,-2.300,0.696,0.729
20211009_1058,-21.310,174.380,532.300,NO.ARC3.00,69.533,25.523,128.264,1575.429,1593.548,1598.990,168.000,0.952,0.290,0.291,0.298,0.296,0.294,1.000,1.500,0.670,0.622,0.800,0.832,0.832,0.500,0.841,0.832,0.300,0.850,0.832,0.300,0.855,0.832,0.400,0.850,0.832
20211009_1058,-21.310,174.380,532.300,KV.IDJ.,-2.064,29.061,138.810,1639.528,1666.604,1675.026,169.000,5.967,0.644,0.604,0.606,0.606,0.606,1.200,1.000,0.739,0.653,0.200,0.770,0.770,0.400,0.746,0.770,0.100,0.783,0.770,0.000,0.795,0.770,0.200,0.772,0.770
20211009_1058,-21.310,174.380,532.300,GB.MCH1.,51.997,-2.998,149.245,1699.391,1737.107,1749.266,170.000,0.880,0.137,0.177,0.173,0.163,0.167,1.600,0.600,0.864,0.719,0.500,0.919,0.919,0.200,0.879,0.919,-0.100,0.893,0.919,-0.300,0.898,0.919,-0.200,0.894,0.919
20211009_1058,-21.310,174.380,532.300,RO.SIRR.,46.265,21.663,146.615,1684.630,1719.515,1730.653,171.000,1.674,0.329,0.295,0.341,0.356,0.330,-8.000,-3.500,0.624,-0.830,2.800,0.650,0.650,2.600,0.668,0.650,1.900,0.736,0.650,1.700,0.774,0.650,2.000,0.735,0.650
20211009_1058,-21.310,174.380,532.300,IV.MONC.,45.074,7.927,153.755,1724.160,1766.962,1781.001,172.000,1.861,0.369,0.336,0.332,0.323,0.339,1.900,2.100,0.710,0.767,1.300,0.907,0.907,1.400,0.873,0.907,1.400,0.865,0.907,1.300,0.853,0.907,1.300,0.859,0.907
20211009_1058,-21.310,174.380,532.300,BX.SOOWA.,-20.563,26.218,127.835,1572.748,1590.539,1595.879,173.000,5.601,0.599,0.606,0.614,0.620,0.611,1.100,1.400,0.859,0.897,0.500,0.831,0.831,0.500,0.863,0.831,0.400,0.865,0.831,0.300,0.868,0.831,0.400,0.865,0.831
20211009_1058,-21.310,174.380,532.300,IV.MGAB.,42.913,12.112,153.811,1724.465,1767.333,1781.396,174.000,1.832,0.329,0.384,0.403,0.397,0.395,-2.200,2.200,0.853,-0.913,-2.800,0.825,0.825,-2.600,0.781,0.825,-2.800,0.741,0.825,-3.000,0.723,0.825,-2.900,0.747,0.825
20211009_1058,-21.310,174.380,532.300,GE.STU.,48.772,9.195,150.101,1704.143,1742.802,1755.305,175.000,3.208,0.329,0.346,0.380,0.398,0.387,3.300,3.600,0.884,0.786,2.400,0.925,0.925,2.200,0.934,0.925,2.000,0.932,0.925,1.900,0.932,0.925,1.900,0.934,0.925
20211009_1058,-21.310,174.380,532.300,MN.RTC.,33.988,-6.857,167.275,1794.536,1854.256,1874.782,176.000,0.586,0.134,0.134,0.133,0.133,0.132,0.600,0.000,0.826,0.671,0.400,0.810,0.810,-0.700,0.919,0.810,-0.800,0.907,0.810,-0.800,0.897,0.810,-0.800,0.907,0.810
20211009_1058,-21.310,174.380,532.300,WI.ABD.00,16.474,-61.488,127.181,1568.648,1585.946,1591.131,177.000,2.520,0.435,0.508,0.522,0.525,0.513,0.500,1.100,0.779,0.746,0.400,0.810,0.810,0.300,0.817,0.810,-0.400,0.810,0.810,0.000,0.827,0.810,0.300,0.821,0.810
20211009_1058,-21.310,174.380,532.300,GB.HMNX.,50.867,0.336,150.076,1704.004,1742.636,1755.128,178.000,1.083,0.332,0.288,0.265,0.256,0.250,-1.100,-1.300,0.609,0.636,-2.100,0.725,0.725,-2.600,0.688,0.725,-2.900,0.695,0.725,-3.100,0.711,0.725,-3.100,0.706,0.725
20211009_1058,-21.310,174.380,532.300,GB.KPL.,57.339,-5.653,143.971,1669.583,1701.710,1711.877,179.000,0.983,0.354,0.391,0.406,0.404,0.402,0.200,0.900,0.722,0.595,0.400,0.777,0.777,-0.200,0.827,0.777,-0.400,0.827,0.777,-0.500,0.815,0.777,-0.500,0.817,0.777
20211009_1058,-21.310,174.380,532.300,IV.ATFO.,43.367,12.571,153.248,1721.410,1763.626,1777.445,180.000,2.232,0.093,0.095,0.133,0.155,0.131,2.300,2.100,0.773,0.763,2.000,0.614,0.614,2.000,0.607,0.614,1.700,0.584,0.614,1.500,0.570,0.614,1.700,0.590,0.614
20211009_1058,-21.310,174.380,532.300,CZ.MORC.,49.777,17.542,146.160,1682.060,1716.464,1727.432,181.000,2.824,0.236,0.290,0.300,0.305,0.299,4.500,4.800,0.749,0.817,4.600,0.793,0.793,4.200,0.788,0.793,3.900,0.803,0.793,3.700,0.815,0.793,3.800,0.806,0.793
20211009_1058,-21.310,174.380,532.300,NO.ARB2.00,69.536,25.513,128.264,1575.429,1593.547,1598.990,182.000,0.922,0.293,0.291,0.296,0.295,0.293,0.900,1.400,0.683,0.648,0.800,0.837,0.837,0.500,0.845,0.837,0.300,0.853,0.837,0.300,0.858,0.837,0.400,0.854,0.837
20211009_1058,-21.310,174.380,532.300,NO.ARD2.00,69.545,25.531,128.253,1575.359,1593.468,1598.908,183.000,0.987,0.289,0.289,0.293,0.292,0.291,1.000,1.400,0.669,0.635,0.700,0.823,0.823,0.500,0.833,0.823,0.200,0.841,0.823,0.200,0.846,0.823,0.300,0.841,0.823
20211009_1058,-21.310,174.380,532.300,RO.BANR.,45.383,21.137,147.454,1689.365,1725.144,1736.602,184.000,2.795,0.083,0.228,0.221,0.211,0.221,0.400,0.500,0.850,0.924,0.000,0.665,0.665,6.500,0.639,0.665,6.300,0.620,0.665,6.200,0.592,0.665,6.200,0.624,0.665
20211009_1058,-21.310,174.380,532.300,GR.ZARR.,53.554,10.917,145.375,1677.605,1711.184,1721.860,185.000,1.157,0.253,0.253,0.226,0.205,0.215,-0.800,-4.100,0.465,-0.193,-1.200,0.624,0.624,-1.400,0.659,0.624,-1.700,0.654,0.624,-1.900,0.651,0.624,-1.800,0.651,0.624
20211009_1058,-21.310,174.380,532.300,FR.RUSF.05,43.936,5.483,155.572,1733.953,1778.885,1793.726,186.000,2.065,0.475,0.469,0.465,0.465,0.470,1.200,1.600,0.776,0.721,0.800,0.556,0.556,0.800,0.620,0.556,0.600,0.610,0.556,0.300,0.596,0.556,0.400,0.610,0.556
20211009_1058,-21.310,174.380,532.300,IV.ATVO.,43.382,12.407,153.313,1721.765,1764.056,1777.903,187.000,3.047,0.279,0.274,0.294,0.307,0.293,2.300,3.100,0.559,0.583,2.300,0.616,0.616,2.400,0.594,0.616,2.200,0.594,0.616,2.000,0.588,0.616,2.200,0.594,0.616
20211009_1058,-21.310,174.380,532.300,RD.ORIF.,44.918,5.880,154.563,1728.529,1772.275,1786.669,188.000,3.105,0.402,0.404,0.430,0.447,0.438,2.200,2.100,0.949,0.931,2.000,0.815,0.815,1.500,0.801,0.815,1.100,0.787,0.815,0.900,0.777,0.815,1.000,0.787,0.815
20211009_1058,-21.310,174.380,532.300,RO.SULR.,44.678,26.253,144.895,1674.867,1707.946,1718.446,189.000,1.495,0.243,0.378,0.297,0.294,0.393,-7.100,-2.700,0.609,-0.684,1.000,0.592,0.592,-10.900,0.517,0.592,-9.100,0.612,0.592,-9.200,0.623,0.592,0.100,0.471,0.592
20211009_1058,-21.310,174.380,532.300,CH.ACB.,47.588,8.255,151.441,1711.537,1751.691,1764.745,190.000,2.637,0.392,0.376,0.378,0.365,0.375,3.900,4.100,0.747,0.850,3.900,0.670,0.670,3.900,0.706,0.670,3.600,0.688,0.670,3.300,0.665,0.670,3.400,0.681,0.670
20211009_1058,-21.310,174.380,532.300,G.EDA.00,3.779,10.153,156.715,1740.063,1786.358,1801.711,191.000,3.611,0.494,0.521,0.561,0.584,0.555,1.200,1.100,0.924,0.895,0.800,0.894,0.894,0.700,0.882,0.894,0.500,0.887,0.894,0.200,0.895,0.894,0.400,0.885,0.894
20211009_1058,-21.310,174.380,532.300,GE.MATE.,40.649,16.704,152.948,1719.781,1761.651,1775.341,192.000,0.873,0.071,0.110,0.110,0.115,0.106,5.100,-4.600,0.594,-0.756,5.400,0.675,0.675,5.100,0.684,0.675,4.800,0.682,0.675,4.600,0.681,0.675,4.800,0.690,0.675
20211009_1058,-21.310,174.380,532.300,IV.SNTG.,43.255,12.941,153.158,1720.920,1763.031,1776.811,193.000,4.189,0.244,0.270,0.312,0.329,0.299,3.200,3.500,0.867,0.874,3.400,0.940,0.940,3.200,0.924,0.940,3.000,0.911,0.940,2.800,0.899,0.940,2.900,0.909,0.940
20211009_1058,-21.310,174.380,532.300,GE.KTHA.,36.257,23.062,150.925,1708.698,1748.274,1761.113,194.000,3.041,0.215,0.243,0.237,0.237,0.239,-1.000,5.400,0.602,-0.534,-0.500,0.414,0.414,7.400,0.502,0.414,6.500,0.469,0.414,6.800,0.488,0.414,6.900,0.499,0.414
20211009_1058,-21.310,174.380,532.300,OE.RETA.,47.487,10.762,150.677,1707.330,1746.629,1759.367,195.000,2.511,0.575,0.494,0.498,0.487,0.494,-0.300,-0.100,0.763,0.608,-0.500,0.857,0.857,-1.000,0.872,0.857,-1.300,0.885,0.857,-1.400,0.889,0.857,-1.400,0.886,0.857
20211009_1058,-21.310,174.380,532.300,EE.VSU.,58.462,26.735,136.169,1623.822,1648.473,1656.075,196.000,1.891,0.398,0.409,0.420,0.422,0.419,1.200,2.000,0.730,0.621,1.200,0.887,0.887,0.900,0.885,0.887,0.500,0.881,0.887,0.500,0.889,0.887,0.500,0.890,0.887
20211009_1058,-21.310,174.380,532.300,CZ.HSKC.,50.607,13.432,147.109,1687.420,1722.830,1734.156,197.000,0.345,-0.078,-0.108,-0.111,-0.114,-0.111,-0.100,3.800,0.915,1.000,3.900,0.060,0.060,3.500,0.046,0.060,3.000,0.046,0.060,-5.200,0.056,0.060,-5.100,0.046,0.060
20211009_1058,-21.310,174.380,532.300,KO.KMRS.,37.509,36.900,139.993,1646.498,1674.694,1683.499,198.000,2.307,0.388,0.331,0.302,0.302,0.317,1.100,1.500,0.744,0.855,1.600,0.832,0.832,1.500,0.838,0.832,0.700,0.818,0.832,0.900,0.838,0.832,1.100,0.848,0.832
20211009_1058,-21.310,174.380,532.300,NO.ARC2.00,69.538,25.523,128.260,1575.403,1593.518,1598.960,199.000,0.984,0.298,0.291,0.300,0.297,0.298,1.000,1.500,0.664,0.616,0.700,0.827,0.827,0.600,0.836,0.827,0.200,0.845,0.827,0.300,0.849,0.827,0.300,0.845,0.827
20211009_1058,-21.310,174.380,532.300,IV.FIAM.,42.268,13.117,153.806,1724.438,1767.300,1781.361,200.000,2.991,0.126,0.207,0.204,0.212,0.206,-5.200,-0.800,0.874,-0.755,-5.400,0.873,0.873,-5.300,0.835,0.873,-5.400,0.800,0.873,-5.500,0.781,0.873,-5.500,0.806,0.873
20211009_1058,-21.310,174.380,532.300,CR.7496.,45.270,16.909,149.746,1702.172,1740.439,1752.797,201.000,1.894,0.287,0.334,0.355,0.351,0.348,2.700,-3.600,0.590,-0.649,-0.600,0.639,0.639,-0.300,0.715,0.639,-0.500,0.752,0.639,-0.600,0.770,0.639,-0.500,0.749,0.639
20211009_1058,-21.310,174.380,532.300,CZ.OSTC.,50.556,16.216,146.105,1681.747,1716.093,1727.039,202.000,1.676,0.341,0.377,0.412,0.432,0.412,-5.500,-0.500,0.741,-0.746,-5.800,0.668,0.668,2.500,0.694,0.668,2.300,0.695,0.668,2.200,0.693,0.668,2.200,0.695,0.668
20211009_1058,-21.310,174.380,532.300,CH.MUGIO.,45.922,9.042,152.629,1718.040,1759.544,1773.098,203.000,1.433,0.430,0.432,0.435,0.439,0.437,2.200,2.600,0.754,0.743,2.500,0.815,0.815,2.200,0.806,0.815,2.000,0.786,0.815,1.700,0.762,0.815,1.800,0.773,0.815
20211009_1058,-21.310,174.380,532.300,RO.LOT.,45.446,23.770,145.941,1680.815,1714.988,1725.873,204.000,2.559,0.483,0.439,0.435,0.437,0.437,1.100,1.200,0.810,0.822,-0.600,0.820,0.820,-0.300,0.773,0.820,-0.500,0.725,0.820,-0.700,0.746,0.820,-0.500,0.753,0.820
20211009_1058,-21.310,174.380,532.300,MN.TIP.,39.179,16.758,153.815,1724.485,1767.357,1781.422,205.000,1.096,-0.038,-0.100,-0.079,-0.075,-0.088,2.500,3.000,0.880,0.834,3.000,0.758,0.758,2.900,0.716,0.758,2.900,0.672,0.758,2.800,0.663,0.758,2.800,0.681,0.758
20211009_1058,-21.310,174.380,532.300,CH.PLONS.,47.049,9.381,151.540,1712.080,1752.346,1765.440,206.000,4.290,0.467,0.438,0.443,0.433,0.442,2.800,2.900,0.704,0.861,2.600,0.721,0.721,2.500,0.661,0.721,2.100,0.628,0.721,1.700,0.609,0.721,1.900,0.624,0.721
20211009_1058,-21.310,174.380,532.300,TH.MENTE.,51.316,10.580,147.443,1689.301,1725.068,1736.522,207.000,2.314,0.289,0.353,0.391,0.405,0.393,-3.500,-3.500,0.756,0.726,-3.700,0.742,0.742,-4.100,0.747,0.742,-4.300,0.741,0.742,-4.600,0.734,0.742,-4.500,0.739,0.742
20211009_1058,-21.310,174.380,532.300,LD.UCCT.,41.794,-72.226,121.197,1530.467,1543.624,1547.530,208.000,0.351,-0.034,-0.076,0.005,0.005,-0.077,-11.200,-1.600,0.252,-0.993,5.000,0.342,0.342,-7.200,0.390,0.342,-2.900,0.539,0.342,-3.000,0.536,0.342,-7.200,0.391,0.342
20211009_1058,-21.310,174.380,532.300,GU.STV.,44.245,7.326,154.686,1729.192,1773.081,1787.530,209.000,1.896,0.369,0.376,0.368,0.357,0.368,8.300,4.400,0.694,-0.413,-0.900,0.640,0.640,-1.700,0.601,0.640,-1.900,0.577,0.640,-2.200,0.551,0.640,-2.100,0.566,0.640
20211009_1058,-21.310,174.380,532.300,GT.DBIC.00,6.670,-4.857,165.342,1784.823,1841.986,1861.496,210.000,1.946,-0.022,0.135,0.130,0.119,0.126,0.000,0.600,0.898,0.859,5.300,0.518,0.518,4.800,0.659,0.518,4.800,0.663,0.518,4.800,0.670,0.518,4.800,0.666,0.518
20211009_1058,-21.310,174.380,532.300,CH.HAUIG.,47.660,7.700,151.548,1712.124,1752.400,1765.497,211.000,4.090,0.331,0.323,0.329,0.338,0.340,2.100,3.300,0.902,0.916,2.500,0.781,0.781,2.500,0.822,0.781,2.300,0.812,0.781,1.900,0.787,0.781,2.000,0.801,0.781
20211009_1058,-21.310,174.380,532.300,SI.KOSI.,46.463,11.378,151.300,1710.759,1750.755,1763.750,212.000,0.351,0.059,0.058,0.055,0.050,0.055,-0.100,-4.100,0.985,0.963,2.300,0.343,0.343,1.600,0.442,0.343,1.300,0.469,0.343,1.200,0.469,0.343,1.300,0.463,0.343
20211009_1058,-21.310,174.380,532.300,KV.RGB.,-1.345,29.365,138.985,1640.564,1667.805,1676.283,213.000,7.929,0.512,0.495,0.498,0.495,0.495,0.200,0.600,0.865,0.838,0.100,0.831,0.831,0.400,0.814,0.831,0.000,0.836,0.831,0.100,0.828,0.831,0.200,0.826,0.831
20211009_1058,-21.310,174.380,532.300,CH.VDR.,46.206,9.166,152.340,1716.465,1757.640,1771.071,214.000,2.656,0.373,0.395,0.407,0.412,0.413,3.300,3.500,0.879,0.877,3.000,0.834,0.834,2.700,0.810,0.834,2.300,0.794,0.834,1.900,0.787,0.834,2.200,0.793,0.834
20211009_1058,-21.310,174.380,532.300,RO.LEOM.,46.473,28.247,142.773,1662.686,1693.602,1703.346,215.000,4.401,0.380,0.256,0.245,0.241,0.246,2.500,2.400,0.719,0.756,2.400,0.792,0.792,1.900,0.721,0.792,1.600,0.688,0.792,1.600,0.689,0.792,1.600,0.701,0.792
20211009_1058,-21.310,174.380,532.300,FR.RUSF.03,43.936,5.466,155.577,1733.980,1778.917,1793.761,216.000,2.156,0.481,0.481,0.476,0.473,0.482,1.300,1.400,0.833,0.781,1.000,0.673,0.673,1.000,0.730,0.673,0.800,0.716,0.673,0.600,0.694,0.673,0.600,0.713,0.673
20211009_1058,-21.310,174.380,532.300,NA.SEUH.,17.474,-62.952,126.070,1561.651,1578.130,1583.060,217.000,6.657,0.563,0.613,0.610,0.616,0.616,0.800,0.900,0.871,0.855,0.400,0.856,0.856,0.000,0.882,0.856,-0.500,0.906,0.856,0.000,0.894,0.856,0.100,0.889,0.856
20211009_1058,-21.310,174.380,532.300,BX.LPHEP.,-23.363,25.860,125.821,1560.077,1576.375,1581.249,218.000,4.760,0.505,0.515,0.518,0.521,0.517,0.600,0.800,0.699,0.858,0.500,0.801,0.801,0.500,0.828,0.801,0.400,0.819,0.801,0.200,0.793,0.801,0.400,0.813,0.801
20211009_1058,-21.310,174.380,532.300,G.FDFM.10,14.735,-61.160,127.031,1567.704,1584.889,1590.040,219.000,3.673,0.678,0.455,0.422,0.441,0.451,0.100,0.400,0.743,0.779,0.100,0.776,0.776,0.000,0.698,0.776,-0.900,0.629,0.776,-0.200,0.667,0.776,0.000,0.696,0.776
20211009_1058,-21.310,174.380,532.300,OX.PRED.,46.443,13.565,150.421,1705.912,1744.925,1757.557,220.000,3.839,0.343,0.350,0.340,0.339,0.348,1.700,1.500,0.824,0.847,0.700,0.850,0.850,0.600,0.823,0.850,0.400,0.828,0.850,0.200,0.833,0.850,0.200,0.830,0.850
20211009_1058,-21.310,174.380,532.300,FR.MON.00,43.730,7.425,155.099,1731.415,1775.789,1790.420,221.000,2.875,0.598,0.540,0.558,0.559,0.548,0.500,-0.100,0.477,0.426,0.200,0.722,0.722,-0.200,0.682,0.722,-0.400,0.671,0.722,-0.600,0.665,0.722,-0.600,0.670,0.722
20211009_1058,-21.310,174.380,532.300,LD.MCVT.,43.954,-72.992,120.683,1527.130,1539.960,1543.767,222.000,1.559,0.105,0.105,0.106,0.105,0.105,-1.500,-5.000,0.635,-0.559,-8.500,0.457,0.457,-8.800,0.509,0.457,-8.800,0.510,0.457,-8.800,0.511,0.457,-8.800,0.510,0.457
20211009_1058,-21.310,174.380,532.300,FN.OUL.,65.086,25.893,131.619,1596.219,1616.984,1623.279,223.000,3.316,0.491,0.490,0.495,0.487,0.488,3.600,3.600,0.594,0.527,2.700,0.550,0.550,2.400,0.577,0.550,1.900,0.584,0.550,2.000,0.586,0.550,2.100,0.584,0.550
20211009_1058,-21.310,174.380,532.300,OE.FETA.,47.021,10.729,151.082,1709.561,1749.312,1762.216,224.000,3.054,0.493,0.467,0.487,0.491,0.486,-4.800,-4.900,0.526,0.393,-5.900,0.538,0.538,-6.300,0.553,0.538,0.100,0.606,0.538,-0.100,0.650,0.538,0.000,0.620,0.538
20211009_1058,-21.310,174.380,532.300,TH.PLN.,50.485,12.157,147.654,1690.485,1726.478,1738.012,225.000,0.336,-0.004,-0.026,-0.032,-0.034,-0.029,2.500,2.500,0.921,0.719,1.500,0.550,0.550,1.100,0.527,0.550,0.800,0.529,0.550,0.500,0.530,0.550,0.600,0.527,0.550
20211009_1058,-21.310,174.380,532.300,IV.SOLUN.,38.092,13.533,156.466,1738.739,1784.736,1799.977,226.000,1.282,0.189,0.138,0.157,0.161,0.149,-4.500,-5.000,0.782,0.776,-5.700,0.793,0.793,-5.700,0.698,0.793,-5.900,0.672,0.793,-6.000,0.666,0.793,-5.900,0.675,0.793
20211009_1058,-21.310,174.380,532.300,CH.FUSIO.,46.455,8.663,152.300,1716.247,1757.376,1770.790,227.000,3.791,0.499,0.556,0.572,0.584,0.579,2.900,3.200,0.840,0.814,2.900,0.932,0.932,2.500,0.923,0.932,2.200,0.917,0.932,1.900,0.918,0.932,2.100,0.921,0.932
20211009_1058,-21.310,174.380,532.300,NA.SEUT.,17.471,-62.976,126.048,1561.510,1577.973,1582.898,228.000,6.315,0.530,0.613,0.617,0.613,0.607,1.100,1.100,0.940,0.918,0.800,0.862,0.862,0.400,0.916,0.862,-0.200,0.927,0.862,0.300,0.922,0.862,0.400,0.917,0.862
20211009_1058,-21.310,174.380,532.300,RO.DRGR.,46.792,22.711,145.723,1679.579,1713.523,1724.327,229.000,2.565,0.319,0.210,0.195,0.196,0.199,-4.100,-3.900,0.682,0.795,-4.100,0.757,0.757,-4.400,0.455,0.757,-4.700,0.476,0.757,-4.900,0.473,0.757,-4.700,0.469,0.757
20211009_1058,-21.310,174.380,532.300,UD.AKBB.,50.701,29.224,139.951,1646.252,1674.408,1683.199,230.000,2.560,0.471,0.438,0.428,0.427,0.430,1.400,1.100,0.729,0.640,0.300,0.918,0.918,-0.100,0.932,0.918,-0.300,0.919,0.918,-0.300,0.916,0.918,-0.300,0.922,0.918
20211009_1058,-21.310,174.380,532.300,CZ.TREC.,49.295,15.487,147.385,1688.973,1724.678,1736.109,231.000,1.650,0.385,0.435,0.442,0.440,0.443,3.300,-3.100,0.549,-0.869,0.900,0.489,0.489,0.000,0.563,0.489,-0.200,0.610,0.489,-0.400,0.638,0.489,-0.300,0.615,0.489
20211009_1058,-21.310,174.380,532.300,OE.DAVA.,47.287,9.880,151.162,1710.003,1749.844,1762.781,232.000,2.701,0.426,0.353,0.340,0.326,0.334,7.000,2.800,0.659,-0.331,-9.700,0.439,0.439,-10.100,0.459,0.439,-10.300,0.462,0.439,-10.500,0.462,0.439,-10.300,0.465,0.439
20211009_1058,-21.310,174.380,532.300,PL.BEL.,51.837,20.792,143.255,1665.466,1696.866,1706.779,233.000,1.776,0.249,0.231,0.207,0.214,0.199,-0.400,-0.400,0.886,0.899,-1.100,0.896,0.896,-1.400,0.885,0.896,-1.600,0.880,0.896,-1.600,0.877,0.896,-1.600,0.877,0.896
20211009_1058,-21.310,174.380,532.300,NL.VKB.,50.867,5.785,149.121,1698.700,1736.281,1748.390,234.000,2.303,0.283,0.288,0.309,0.313,0.305,1.800,-4.700,0.625,-0.246,3.100,0.493,0.493,2.800,0.452,0.493,2.600,0.435,0.493,2.400,0.426,0.493,2.500,0.434,0.493
20211009_1058,-21.310,174.380,532.300,OE.ARSA.,47.250,15.523,148.946,1697.720,1735.109,1747.149,235.000,2.307,0.360,0.359,0.351,0.354,0.353,2.000,2.100,0.600,0.607,1.300,0.874,0.874,1.000,0.905,0.874,0.800,0.905,0.874,0.600,0.901,0.874,0.600,0.910,0.874
20211009_1058,-21.310,174.380,532.300,NO.ARC5.00,69.530,25.498,128.272,1575.477,1593.601,1599.046,236.000,0.941,0.324,0.309,0.317,0.312,0.315,0.900,1.400,0.661,0.617,0.700,0.856,0.856,0.500,0.861,0.856,0.200,0.871,0.856,0.300,0.875,0.856,0.300,0.871,0.856
20211009_1058,-21.310,174.380,532.300,IV.GALF.,37.711,14.566,156.070,1736.619,1782.142,1797.205,237.000,1.528,0.027,-0.039,-0.073,-0.073,-0.060,0.100,0.200,0.914,0.930,0.100,0.813,0.813,-0.100,0.667,0.813,-0.500,0.630,0.813,-0.600,0.625,0.813,-0.500,0.630,0.813
20211009_1058,-21.310,174.380,532.300,RO.BZS.,45.619,21.640,147.032,1686.984,1722.311,1733.607,238.000,3.255,0.289,0.323,0.353,0.358,0.348,3.000,3.100,0.712,0.759,-8.500,0.482,0.482,2.100,0.484,0.482,1.400,0.570,0.482,1.200,0.622,0.482,1.400,0.552,0.482
20211009_1058,-21.310,174.380,532.300,MN.BZS.,45.619,21.640,147.032,1686.984,1722.311,1733.607,239.000,3.255,0.289,0.323,0.353,0.358,0.348,3.000,3.100,0.712,0.759,-8.500,0.482,0.482,2.100,0.484,0.482,1.400,0.570,0.482,1.200,0.622,0.482,1.400,0.552,0.482
20211009_1058,-21.310,174.380,532.300,IV.MSSA.,44.316,9.517,153.810,1724.458,1767.324,1781.387,240.000,1.947,0.342,0.357,0.353,0.350,0.354,-1.100,0.200,0.620,0.614,-0.100,0.709,0.709,-0.100,0.660,0.709,-0.100,0.667,0.709,-0.100,0.664,0.709,-0.100,0.659,0.709
20211009_1058,-21.310,174.380,532.300,TH.SPAHL.,50.653,9.910,148.227,1693.702,1730.312,1742.069,241.000,0.472,0.121,0.140,0.141,0.139,0.141,1.200,1.300,0.647,0.714,0.500,0.802,0.802,0.100,0.835,0.802,0.000,0.845,0.802,-0.200,0.854,0.802,-0.100,0.849,0.802
20211009_1058,-21.310,174.380,532.300,NO.ARB1.00,69.538,25.508,128.263,1575.425,1593.543,1598.986,242.000,0.966,0.306,0.303,0.307,0.305,0.304,0.900,1.400,0.668,0.625,0.700,0.840,0.840,0.500,0.850,0.840,0.300,0.858,0.840,0.300,0.863,0.840,0.400,0.858,0.840
20211009_1058,-21.310,174.380,532.300,OE.SQTA.,47.221,11.209,150.736,1707.656,1747.021,1759.783,243.000,3.126,0.473,0.454,0.444,0.428,0.444,0.300,0.900,0.632,0.606,0.000,0.731,0.731,-0.500,0.756,0.731,-0.800,0.754,0.731,-0.900,0.765,0.731,-0.800,0.763,0.731
20211009_1058,-21.310,174.380,532.300,FR.URDF.00,43.438,-0.593,157.479,1744.126,1791.343,1807.044,244.000,1.847,0.386,0.438,0.458,0.470,0.465,2.100,2.200,0.733,0.642,2.100,0.579,0.579,1.900,0.654,0.579,1.600,0.643,0.579,1.400,0.625,0.579,1.400,0.628,0.579
20211009_1058,-21.310,174.380,532.300,DK.NIAQ.00,70.789,-53.664,123.239,1543.624,1558.119,1562.436,245.000,1.370,0.144,0.170,0.156,0.153,0.162,-8.800,-5.200,0.668,-0.582,-2.000,0.456,0.456,-9.400,0.504,0.456,-2.600,0.516,0.456,-2.500,0.502,0.456,-2.500,0.496,0.456
20211009_1058,-21.310,174.380,532.300,KO.LADK.,38.200,32.365,143.301,1665.730,1697.177,1707.106,246.000,1.081,-0.062,-0.014,-0.015,-0.014,-0.014,1.600,1.100,0.804,0.504,7.400,0.795,0.795,9.000,0.619,0.795,8.100,0.645,0.795,8.100,0.660,0.795,8.500,0.656,0.795
20211009_1058,-21.310,174.380,532.300,PR.SMDR.,19.290,-69.188,120.762,1527.643,1540.524,1544.346,247.000,1.922,0.091,0.300,0.256,0.286,0.297,6.400,2.300,0.515,-0.683,5.500,0.426,0.426,-2.400,0.466,0.426,-3.200,0.476,0.426,-2.700,0.471,0.426,-2.400,0.466,0.426
20211009_1058,-21.310,174.380,532.300,LX.MORF.,37.304,-8.653,163.791,1776.950,1832.094,1850.816,248.000,1.222,0.107,0.031,0.040,0.054,0.044,-4.200,4.500,0.619,0.465,3.600,0.644,0.644,3.300,0.626,0.644,3.100,0.642,0.644,2.800,0.669,0.644,2.900,0.658,0.644
20211009_1058,-21.310,174.380,532.300,KO.LOD.,39.888,32.763,142.504,1661.131,1691.778,1701.429,249.000,1.793,0.116,0.140,0.127,0.125,0.142,1.800,5.200,0.619,-0.232,1.600,0.697,0.697,6.700,0.550,0.697,-3.500,0.493,0.697,-3.600,0.510,0.697,6.500,0.544,0.697
20211009_1058,-21.310,174.380,532.300,GE.SUMG.,72.574,-38.462,125.530,1558.235,1574.324,1579.133,250.000,1.470,0.100,0.124,0.090,0.066,0.089,-0.300,-2.700,0.576,-0.297,5.200,0.546,0.546,5.800,0.612,0.546,5.400,0.531,0.546,5.500,0.524,0.546,5.600,0.558,0.546
20211009_1058,-21.310,174.380,532.300,IV.ORI.,40.051,16.450,153.473,1722.633,1765.109,1779.025,251.000,1.185,0.227,0.185,0.170,0.168,0.180,-5.300,-1.000,0.673,-0.766,-6.200,0.585,0.585,-6.300,0.493,0.585,-6.600,0.477,0.585,-6.700,0.484,0.585,-6.600,0.484,0.585
20211009_1058,-21.310,174.380,532.300,FR.ESCA.01,43.831,7.374,155.030,1731.043,1775.335,1789.936,252.000,4.676,0.555,0.521,0.525,0.523,0.524,0.900,0.900,0.648,0.742,0.700,0.842,0.842,0.200,0.874,0.842,-0.100,0.889,0.842,-0.200,0.884,0.842,-0.100,0.888,0.842
20211009_1058,-21.310,174.380,532.300,CZ.NKC.,50.233,12.448,147.767,1691.121,1727.235,1738.813,253.000,2.239,0.500,0.523,0.537,0.544,0.538,1.200,-3.200,0.745,-0.930,0.700,0.699,0.699,0.000,0.738,0.699,-0.200,0.762,0.699,-0.500,0.779,0.699,-0.300,0.766,0.699
20211009_1058,-21.310,174.380,532.300,RO.MDVR.,44.782,21.713,147.504,1689.645,1725.478,1736.955,254.000,1.381,0.188,0.217,0.235,0.241,0.229,3.200,3.800,0.620,0.293,9.800,0.164,0.164,9.600,0.191,0.164,0.900,0.224,0.164,0.800,0.268,0.164,1.000,0.213,0.164
20211009_1058,-21.310,174.380,532.300,GE.ILTH.,54.028,-6.336,147.278,1688.370,1723.960,1735.350,255.000,5.088,0.351,0.393,0.395,0.392,0.394,1.200,3.200,0.746,0.545,2.400,0.717,0.717,1.800,0.720,0.717,1.600,0.745,0.717,1.600,0.765,0.717,1.600,0.754,0.717
20211009_1058,-21.310,174.380,532.300,CZ.STAC.,49.030,15.300,147.669,1690.571,1726.579,1738.120,256.000,4.141,0.276,0.348,0.364,0.368,0.363,2.200,1.900,0.775,0.757,1.500,0.856,0.856,0.900,0.881,0.856,0.600,0.892,0.856,0.300,0.901,0.856,0.500,0.895,0.856
20211009_1058,-21.310,174.380,532.300,GR.ASSE.,52.128,10.674,146.702,1685.123,1720.101,1731.271,257.000,3.258,0.501,0.499,0.490,0.481,0.483,0.100,4.400,0.781,-0.859,-0.300,0.765,0.765,-0.500,0.745,0.765,-0.800,0.751,0.765,-1.100,0.746,0.765,-1.000,0.746,0.765
20211009_1058,-21.310,174.380,532.300,DK.MUD.00,56.455,9.173,143.191,1665.097,1696.433,1706.323,258.000,1.574,0.183,0.178,0.173,0.169,0.171,3.700,-1.200,0.455,0.302,-1.700,0.703,0.703,-2.000,0.720,0.703,-2.200,0.718,0.703,-2.400,0.709,0.703,-2.300,0.715,0.703
20211009_1058,-21.310,174.380,532.300,CZ.CHVC.,50.588,16.055,146.144,1681.965,1716.352,1727.313,259.000,2.473,-0.035,-0.011,-0.009,-0.007,-0.010,-8.100,4.300,0.719,-0.635,-7.900,0.448,0.448,-8.300,0.386,0.448,-8.600,0.381,0.448,-8.700,0.391,0.448,-8.600,0.388,0.448
20211009_1058,-21.310,174.380,532.300,BX.KSANE.,-17.800,25.162,130.615,1590.034,1609.988,1616.019,260.000,5.221,0.465,0.463,0.465,0.473,0.466,1.600,1.700,0.938,0.938,0.800,0.796,0.796,0.700,0.781,0.796,0.700,0.787,0.796,0.500,0.793,0.796,0.600,0.788,0.796
20211009_1058,-21.310,174.380,532.300,GU.ENR.,44.227,7.420,154.670,1729.102,1772.972,1787.413,261.000,1.953,0.362,0.426,0.429,0.416,0.424,8.200,-2.300,0.479,0.550,-1.700,0.622,0.622,-2.500,0.576,0.622,-2.900,0.543,0.622,-3.200,0.518,0.622,-3.000,0.537,0.622
20211009_1058,-21.310,174.380,532.300,IV.HAVL.,36.960,15.122,156.160,1737.104,1782.735,1797.839,262.000,1.895,0.485,0.498,0.491,0.492,0.495,1.500,1.600,0.914,0.928,1.100,0.879,0.879,1.200,0.738,0.879,0.800,0.729,0.879,0.500,0.737,0.879,0.800,0.725,0.879
20211009_1058,-21.310,174.380,532.300,FR.CALF.00,43.753,6.922,155.258,1732.270,1776.831,1791.533,263.000,3.019,0.365,0.374,0.393,0.399,0.393,1.400,-3.700,0.558,-0.205,0.600,0.630,0.630,0.200,0.534,0.630,-0.300,0.513,0.630,-0.500,0.512,0.630,-0.400,0.518,0.630
20211009_1058,-21.310,174.380,532.300,RO.CJR.,46.713,23.598,145.289,1677.116,1710.606,1721.250,264.000,1.365,0.420,0.417,0.430,0.439,0.430,3.100,3.300,0.842,0.862,2.900,0.880,0.880,2.300,0.936,0.880,1.800,0.955,0.880,1.700,0.957,0.880,1.900,0.954,0.880
20211009_1058,-21.310,174.380,532.300,ZC.HMDR.00,18.788,-69.381,120.463,1525.704,1538.398,1542.162,265.000,2.226,0.374,0.196,0.187,0.173,0.186,2.100,2.200,0.934,0.915,1.300,0.694,0.694,1.700,0.747,0.694,0.700,0.736,0.694,1.500,0.733,0.694,1.700,0.743,0.694
20211009_1058,-21.310,174.380,532.300,IV.NOV.,38.029,15.136,155.520,1733.673,1778.543,1793.361,266.000,1.360,0.135,0.100,0.121,0.137,0.112,3.300,3.100,0.837,0.829,3.200,0.764,0.764,2.700,0.794,0.764,2.500,0.779,0.764,2.500,0.776,0.764,2.500,0.785,0.764
20211009_1058,-21.310,174.380,532.300,GR.GEC7.,48.835,13.714,148.455,1694.980,1731.836,1743.682,267.000,1.572,0.258,0.278,0.291,0.299,0.290,2.600,1.700,0.632,0.593,1.000,0.642,0.642,0.600,0.667,0.642,0.300,0.685,0.642,0.100,0.700,0.642,0.100,0.683,0.642
20211009_1058,-21.310,174.380,532.300,NO.ARC4.00,69.529,25.512,128.269,1575.462,1593.585,1599.029,268.000,0.932,0.308,0.302,0.306,0.304,0.303,0.900,1.400,0.670,0.638,0.700,0.842,0.842,0.500,0.850,0.842,0.200,0.858,0.842,0.300,0.864,0.842,0.400,0.859,0.842
20211009_1058,-21.310,174.380,532.300,GE.DSB.,53.245,-6.376,148.060,1692.764,1729.193,1740.885,269.000,2.252,0.460,0.404,0.417,0.426,0.420,0.700,1.400,0.853,0.842,0.700,0.793,0.793,0.500,0.695,0.793,0.200,0.705,0.793,0.000,0.721,0.793,0.000,0.714,0.793
20211009_1058,-21.310,174.380,532.300,KO.SENK.,40.561,42.350,135.249,1618.299,1642.135,1649.459,270.000,0.797,-0.051,0.075,0.075,0.073,0.074,-0.300,4.300,0.538,0.161,9.200,0.322,0.322,-6.100,0.299,0.322,9.300,0.351,0.322,9.300,0.318,0.322,-6.100,0.303,0.322
20211009_1058,-21.310,174.380,532.300,GB.DRUM.,56.913,-2.487,144.323,1671.598,1704.086,1714.379,271.000,1.495,0.422,0.439,0.420,0.403,0.414,0.300,1.000,0.850,0.797,0.400,0.780,0.780,-0.200,0.786,0.780,-0.500,0.758,0.780,-0.800,0.730,0.780,-0.700,0.743,0.780
20211009_1058,-21.310,174.380,532.300,NO.ARD4.00,69.527,25.536,128.266,1575.440,1593.560,1599.003,272.000,0.972,0.279,0.284,0.293,0.292,0.289,1.100,1.600,0.669,0.619,0.900,0.821,0.821,0.600,0.831,0.821,0.400,0.840,0.821,0.400,0.845,0.821,0.500,0.840,0.821
20211009_1058,-21.310,174.380,532.300,SK.SPC.,49.189,20.234,145.385,1677.662,1711.252,1721.931,273.000,2.553,0.186,0.179,0.205,0.207,0.198,2.300,-1.700,0.806,-0.480,2.000,0.866,0.866,1.700,0.850,0.866,1.300,0.822,0.866,1.100,0.815,0.866,1.200,0.824,0.866
20211009_1058,-21.310,174.380,532.300,TH.MORAS.,50.536,11.225,147.919,1691.973,1728.250,1739.887,274.000,1.808,0.344,0.390,0.415,0.428,0.416,2.100,-4.000,0.539,-0.814,-9.100,0.496,0.496,-9.500,0.464,0.496,-9.800,0.454,0.496,0.400,0.466,0.496,-10.000,0.452,0.496
20211009_1058,-21.310,174.380,532.300,BW.RTSA.,47.768,12.842,149.659,1701.690,1739.860,1752.184,275.000,0.916,0.112,0.106,0.108,0.114,0.109,-0.500,0.900,0.705,0.578,0.700,0.365,0.365,0.900,0.316,0.365,0.600,0.316,0.365,0.500,0.305,0.365,0.500,0.313,0.365
20211009_1058,-21.310,174.380,532.300,KO.CANT.,40.606,33.619,141.659,1656.232,1686.043,1695.404,276.000,0.458,-0.033,-0.070,-0.058,-0.058,-0.064,0.800,5.000,0.527,-0.329,0.600,0.704,0.704,1.000,0.716,0.704,0.600,0.743,0.704,0.700,0.740,0.704,0.700,0.739,0.704
20211009_1058,-21.310,174.380,532.300,IV.ATMI.,43.334,12.268,153.415,1722.315,1764.724,1778.615,277.000,1.649,0.236,0.194,0.208,0.220,0.208,2.300,2.300,0.765,0.617,1.900,0.884,0.884,1.900,0.861,0.884,1.700,0.861,0.884,1.500,0.860,0.884,1.600,0.859,0.884
20211009_1058,-21.310,174.380,532.300,II.XBFO.65,48.330,8.330,150.760,1707.786,1747.177,1759.949,278.000,1.924,0.310,0.302,0.319,0.325,0.324,2.900,3.300,0.689,0.791,2.500,0.756,0.756,2.200,0.656,0.756,1.800,0.640,0.756,1.500,0.645,0.756,1.600,0.646,0.756
20211009_1058,-21.310,174.380,532.300,CH.JAUN.,46.634,7.291,152.589,1717.826,1759.285,1772.821,279.000,1.979,0.269,0.287,0.289,0.292,0.290,4.700,4.400,0.817,0.664,4.500,0.786,0.786,4.200,0.761,0.786,3.900,0.746,0.786,3.600,0.743,0.786,3.800,0.749,0.786
20211009_1058,-21.310,174.380,532.300,BX.XAUDM.,-18.540,21.338,132.202,1599.797,1621.040,1627.493,280.000,5.163,0.433,0.474,0.474,0.476,0.475,1.100,1.200,0.932,0.947,0.700,0.675,0.675,1.000,0.640,0.675,0.900,0.644,0.675,0.500,0.657,0.675,0.800,0.646,0.675
20211009_1058,-21.310,174.380,532.300,CR.STON.,42.872,17.700,150.956,1708.867,1748.477,1761.330,281.000,2.296,0.120,0.030,0.045,0.048,0.044,2.500,2.600,0.774,0.724,1.800,0.669,0.669,1.600,0.745,0.669,1.300,0.763,0.669,1.200,0.779,0.669,1.300,0.766,0.669
20211009_1058,-21.310,174.380,532.300,RO.CVD1.,44.321,28.062,143.953,1669.483,1701.593,1711.753,282.000,1.026,0.185,0.182,0.180,0.176,0.178,8.500,-5.400,0.232,-0.476,7.000,0.439,0.439,6.900,0.490,0.439,6.400,0.509,0.439,6.300,0.508,0.439,6.500,0.502,0.439
20211009_1058,-21.310,174.380,532.300,CH.BERNI.,46.414,10.023,151.854,1713.805,1754.427,1767.653,283.000,2.211,0.617,0.596,0.598,0.603,0.600,2.600,2.900,0.687,0.719,2.600,0.772,0.772,2.100,0.852,0.772,1.700,0.882,0.772,1.500,0.900,0.772,1.600,0.889,0.772
20211009_1058,-21.310,174.380,532.300,KV.NYI.,-1.526,29.254,138.970,1640.477,1667.704,1676.178,284.000,0.655,0.134,0.110,0.103,0.098,0.105,-0.100,-0.600,0.925,0.696,-0.900,0.574,0.574,-0.600,0.556,0.574,-0.800,0.585,0.574,-0.700,0.566,0.574,-0.700,0.573,0.574
20211009_1058,-21.310,174.380,532.300,CH.BALST.,47.336,7.695,151.839,1713.720,1754.325,1767.544,285.000,2.139,0.122,0.112,0.104,0.094,0.106,3.600,4.100,0.691,0.784,4.000,0.721,0.721,3.900,0.703,0.721,3.600,0.685,0.721,3.300,0.668,0.721,3.400,0.679,0.721
20211009_1058,-21.310,174.380,532.300,NL.WTSB.01,51.966,6.799,147.866,1691.681,1727.902,1739.519,286.000,2.080,0.483,0.526,0.554,0.572,0.561,2.500,2.000,0.960,0.899,1.800,0.901,0.901,1.500,0.900,0.901,1.300,0.907,0.901,1.100,0.910,0.901,1.200,0.907,0.901
20211009_1058,-21.310,174.380,532.300,OE.MOTA.,47.345,11.104,150.672,1707.299,1746.592,1759.327,287.000,3.588,0.370,0.387,0.385,0.378,0.380,9.900,4.500,0.420,-0.501,0.000,0.696,0.696,-0.500,0.745,0.696,-0.600,0.746,0.696,-0.800,0.746,0.696,-0.800,0.747,0.696
20211009_1058,-21.310,174.380,532.300,GE.EIL.,29.670,34.951,142.634,1661.883,1692.660,1702.355,288.000,5.371,0.188,0.174,0.203,0.194,0.189,1.400,1.400,0.817,0.744,2.000,0.322,0.322,1.500,0.574,0.322,0.800,0.668,0.322,1.000,0.635,0.322,1.200,0.619,0.322
20211009_1058,-21.310,174.380,532.300,SI.ROSI.,46.928,11.412,150.902,1708.572,1748.122,1760.952,289.000,1.649,0.426,0.370,0.366,0.360,0.368,0.800,0.900,0.617,0.641,0.200,0.843,0.843,-0.300,0.833,0.843,-0.600,0.858,0.843,-0.800,0.884,0.843,-0.800,0.869,0.843
20211009_1058,-21.310,174.380,532.300,OE.CONA.,47.928,15.862,148.282,1694.012,1730.681,1742.460,290.000,2.116,0.340,0.302,0.306,0.300,0.302,0.600,0.800,0.709,0.771,0.400,0.717,0.717,-0.100,0.783,0.717,-0.300,0.753,0.717,-0.500,0.741,0.717,-0.400,0.756,0.717
20211009_1058,-21.310,174.380,532.300,FR.MLS.00,42.958,1.095,157.637,1744.963,1792.371,1808.144,291.000,2.902,0.348,0.447,0.448,0.460,0.457,2.400,3.600,0.770,0.542,3.200,0.864,0.864,2.800,0.867,0.864,2.600,0.876,0.864,2.300,0.880,0.864,2.400,0.877,0.864
20211009_1058,-21.310,174.380,532.300,NL.ROLD.,50.869,6.085,149.050,1698.304,1735.808,1747.888,292.000,2.081,0.416,0.399,0.383,0.390,0.377,-0.300,-4.200,0.628,-0.745,-0.700,0.758,0.758,-0.900,0.770,0.758,-1.200,0.777,0.758,-1.300,0.781,0.758,-1.300,0.777,0.758
20211009_1058,-21.310,174.380,532.300,LX.MESJ.,37.840,-8.220,163.319,1774.535,1829.068,1847.554,293.000,1.240,-0.082,-0.035,-0.029,-0.020,-0.030,-1.200,-1.300,0.423,0.442,5.800,0.444,0.444,5.300,0.493,0.444,5.100,0.486,0.444,4.900,0.474,0.444,5.000,0.481,0.444
20211009_1058,-21.310,174.380,532.300,GR.LNIZ.,53.493,14.210,144.438,1672.257,1704.863,1715.197,294.000,1.696,0.226,0.197,0.206,0.205,0.204,2.800,-4.800,0.584,0.375,-5.100,0.439,0.439,-5.400,0.442,0.439,1.800,0.440,0.439,1.500,0.443,0.439,1.700,0.443,0.439
20211009_1058,-21.310,174.380,532.300,FR.EILF.00,43.548,7.131,155.363,1732.833,1777.518,1792.266,295.000,2.362,0.296,0.331,0.359,0.376,0.357,-5.200,-4.800,0.829,0.887,-5.200,0.768,0.768,-5.700,0.752,0.768,-5.900,0.758,0.768,-6.200,0.766,0.768,-6.100,0.762,0.768
20211009_1058,-21.310,174.380,532.300,IV.MPNC.,38.146,15.353,155.312,1732.559,1777.184,1791.910,296.000,1.403,0.205,0.179,0.204,0.215,0.194,1.800,2.100,0.742,0.800,-3.900,0.454,0.454,-4.800,0.416,0.454,0.600,0.443,0.454,0.600,0.474,0.454,0.600,0.424,0.454
20211009_1058,-21.310,174.380,532.300,CH.MTI02.,47.379,7.165,151.960,1714.386,1755.128,1768.399,297.000,6.057,0.344,0.295,0.306,0.327,0.323,1.500,2.100,0.442,0.498,2.100,0.824,0.824,1.800,0.751,0.824,1.600,0.740,0.824,1.200,0.727,0.824,1.400,0.735,0.824
20211009_1058,-21.310,174.380,532.300,KO.CORM.,40.179,34.630,141.053,1652.702,1681.921,1691.077,298.000,2.249,0.374,0.348,0.356,0.355,0.353,0.200,0.400,0.822,0.810,0.700,0.892,0.892,0.000,0.717,0.892,-0.500,0.760,0.892,-0.400,0.755,0.892,-0.200,0.745,0.892
20211009_1058,-21.310,174.380,532.300,FR.TRBF.00,44.105,3.959,155.863,1735.512,1780.789,1795.759,299.000,5.743,0.372,0.400,0.418,0.427,0.421,2.600,3.500,0.653,0.606,3.000,0.551,0.551,2.900,0.543,0.551,2.600,0.553,0.551,2.500,0.553,0.551,2.500,0.549,0.551
20211009_1058,-21.310,174.380,532.300,IV.MTTG.,38.003,15.700,155.178,1731.840,1776.308,1790.974,300.000,1.222,0.161,0.118,0.137,0.147,0.127,0.800,0.100,0.654,0.532,0.300,0.771,0.771,0.100,0.776,0.771,-0.100,0.759,0.771,-0.100,0.760,0.771,-0.100,0.763,0.771
20211009_1058,-21.310,174.380,532.300,FR.SAOF.00,43.987,7.555,154.830,1729.966,1774.024,1788.535,301.000,2.339,0.462,0.469,0.480,0.492,0.483,2.000,2.800,0.943,0.878,2.300,0.901,0.901,1.500,0.851,0.901,1.200,0.818,0.901,1.000,0.794,0.901,1.100,0.813,0.901
20211009_1058,-21.310,174.380,532.300,TH.BBWF.,50.736,10.504,147.973,1692.278,1728.613,1740.271,302.000,2.216,0.280,0.302,0.316,0.319,0.314,-9.400,-4.200,0.558,-0.617,-8.800,0.619,0.619,-9.100,0.582,0.619,-9.500,0.571,0.619,-9.700,0.564,0.619,-9.600,0.569,0.619
20211009_1058,-21.310,174.380,532.300,GB.EDI.,55.923,-3.188,145.339,1677.400,1710.942,1721.604,303.000,0.978,0.426,0.380,0.360,0.347,0.355,0.400,0.700,0.843,0.833,-0.900,0.832,0.832,-0.800,0.847,0.832,-1.200,0.827,0.832,-1.600,0.811,0.832,-1.500,0.819,0.832
20211009_1058,-21.310,174.380,532.300,NO.ARC6.00,69.534,25.488,128.270,1575.470,1593.594,1599.038,304.000,0.933,0.329,0.312,0.319,0.316,0.317,0.900,1.400,0.671,0.621,0.700,0.859,0.859,0.500,0.863,0.859,0.200,0.874,0.859,0.200,0.879,0.859,0.300,0.873,0.859
20211009_1058,-21.310,174.380,532.300,CZ.DPC.,50.350,16.322,146.224,1682.420,1716.892,1727.883,305.000,1.528,0.358,0.319,0.328,0.330,0.329,-5.500,-4.100,0.432,-0.015,-4.700,0.706,0.706,-4.900,0.697,0.706,-5.200,0.689,0.706,-5.400,0.687,0.706,-5.300,0.690,0.706
20211009_1058,-21.310,174.380,532.300,IV.ALJA.,37.749,13.754,156.550,1739.186,1785.284,1800.563,306.000,0.403,0.033,0.014,0.014,0.015,0.014,-0.100,-4.500,0.547,0.642,-5.100,0.663,0.663,-4.900,0.722,0.663,-5.000,0.711,0.663,-5.000,0.701,0.663,-5.000,0.710,0.663
20211009_1058,-21.310,174.380,532.300,GE.APE.,37.073,25.523,148.789,1696.847,1734.067,1746.044,307.000,1.773,0.327,0.258,0.248,0.247,0.252,8.000,3.700,0.343,-0.755,11.400,0.546,0.546,11.500,0.553,0.546,10.900,0.609,0.546,11.000,0.598,0.546,11.200,0.588,0.546
20211009_1058,-21.310,174.380,532.300,G.FDFM.00,14.735,-61.160,127.031,1567.704,1584.889,1590.040,308.000,3.677,0.697,0.491,0.455,0.475,0.487,0.100,0.400,0.718,0.771,0.200,0.762,0.762,0.000,0.684,0.762,-0.900,0.612,0.762,-0.200,0.651,0.762,0.000,0.682,0.762
20211009_1058,-21.310,174.380,532.300,RD.LFF.,44.939,0.740,155.797,1735.160,1780.358,1795.300,309.000,2.856,0.433,0.462,0.480,0.497,0.487,2.500,3.100,0.882,0.759,2.100,0.758,0.758,2.000,0.786,0.758,1.800,0.788,0.758,1.500,0.782,0.758,1.600,0.783,0.758
20211009_1058,-21.310,174.380,532.300,NO.ARD6.00,69.523,25.490,128.279,1575.524,1593.654,1599.100,310.000,0.942,0.313,0.310,0.317,0.314,0.312,0.900,1.500,0.650,0.588,0.900,0.867,0.867,0.600,0.872,0.867,0.400,0.882,0.867,0.400,0.887,0.867,0.500,0.881,0.867
20211009_1058,-21.310,174.380,532.300,IV.PIPA.,39.485,16.816,153.596,1723.301,1765.920,1779.890,311.000,3.148,0.120,0.195,0.183,0.187,0.192,1.600,1.500,0.673,0.689,-6.600,0.558,0.558,-6.400,0.500,0.558,-6.600,0.482,0.558,-6.700,0.479,0.558,-6.600,0.492,0.558
20211009_1058,-21.310,174.380,532.300,CH.WGT.,47.098,8.925,151.652,1712.696,1753.089,1766.230,312.000,2.765,0.446,0.440,0.429,0.430,0.437,3.700,3.300,0.657,0.756,3.100,0.661,0.661,2.900,0.538,0.661,2.500,0.509,0.661,2.000,0.515,0.661,2.200,0.516,0.661
20211009_1058,-21.310,174.380,532.300,IV.FVI.,46.597,12.780,150.628,1707.058,1746.302,1759.020,313.000,3.330,0.301,0.280,0.273,0.269,0.270,-1.500,-0.500,0.589,0.468,-0.700,0.775,0.775,-0.900,0.765,0.775,-1.300,0.750,0.775,-1.400,0.728,0.775,-1.300,0.741,0.775
20211009_1058,-21.310,174.380,532.300,IV.CERT.,41.949,12.982,154.108,1726.073,1769.288,1783.481,314.000,0.355,0.026,0.034,0.033,0.033,0.034,-0.100,-4.000,0.661,0.999,0.400,0.577,0.577,-0.100,0.566,0.577,0.000,0.582,0.577,0.200,0.586,0.577,0.000,0.583,0.577
20211009_1058,-21.310,174.380,532.300,IV.SSY.,37.158,15.074,156.077,1736.656,1782.188,1797.254,315.000,2.477,0.192,0.284,0.255,0.259,0.265,1.700,1.600,0.856,0.825,1.500,0.783,0.783,1.500,0.779,0.783,1.300,0.715,0.783,1.100,0.700,0.783,1.300,0.730,0.783
20211009_1058,-21.310,174.380,532.300,TH.HKWD.,50.830,12.268,147.324,1688.633,1724.273,1735.681,316.000,2.821,0.419,0.444,0.476,0.481,0.480,2.800,-1.000,0.668,-0.544,2.700,0.579,0.579,2.400,0.582,0.579,2.000,0.596,0.579,1.800,0.609,0.579,1.800,0.598,0.579
20211009_1058,-21.310,174.380,532.300,GE.SALP.,32.069,35.191,142.230,1659.544,1689.919,1699.475,317.000,0.348,-0.207,-0.169,-0.157,-0.157,-0.163,1.900,4.300,0.738,0.867,-11.600,0.261,0.261,-11.700,0.391,0.261,-12.200,0.346,0.261,-12.000,0.366,0.261,-11.900,0.373,0.261
20211009_1058,-21.310,174.380,532.300,IV.ZCCA.,44.351,10.976,153.186,1721.072,1763.216,1777.008,318.000,0.769,0.286,0.289,0.293,0.300,0.293,3.300,3.300,0.776,0.621,3.100,0.789,0.789,3.000,0.784,0.789,2.800,0.781,0.789,2.600,0.771,0.789,2.700,0.777,0.789
20211009_1058,-21.310,174.380,532.300,CZ.KRLC.,50.097,16.834,146.213,1682.358,1716.818,1727.805,319.000,1.542,0.237,0.289,0.286,0.284,0.282,-7.300,-3.100,0.396,-0.773,-7.500,0.527,0.527,-7.800,0.493,0.527,-8.000,0.495,0.527,-8.200,0.489,0.527,-8.100,0.491,0.527
20211009_1058,-21.310,174.380,532.300,GR.BRG.,50.873,13.944,146.707,1685.151,1720.133,1731.306,320.000,3.268,0.533,0.577,0.598,0.614,0.603,3.000,2.600,0.720,0.728,2.300,0.650,0.650,1.900,0.671,0.650,1.600,0.695,0.650,1.400,0.710,0.650,1.500,0.697,0.650
20211009_1058,-21.310,174.380,532.300,YF.JIG3.,69.120,-49.645,125.331,1556.969,1572.914,1577.679,321.000,5.938,0.020,0.026,0.034,0.035,0.028,-5.300,-5.000,0.697,0.854,-5.900,0.732,0.732,-4.900,0.842,0.732,-5.400,0.760,0.732,-5.400,0.751,0.732,-5.100,0.803,0.732
20211009_1058,-21.310,174.380,532.300,GE.IBBN.,52.306,7.759,147.324,1688.634,1724.274,1735.682,322.000,2.066,0.368,0.389,0.385,0.381,0.384,-0.800,-0.500,0.910,0.945,-1.000,0.653,0.653,-1.200,0.639,0.653,-1.400,0.647,0.653,-1.700,0.656,0.653,-1.600,0.650,0.653
20211009_1058,-21.310,174.380,532.300,GR.BSEG.,53.936,10.316,145.198,1676.597,1709.991,1720.602,323.000,1.620,0.415,0.441,0.443,0.443,0.444,-8.600,-0.900,0.623,0.249,-9.400,0.631,0.631,-9.600,0.601,0.631,-9.900,0.592,0.631,-10.100,0.589,0.631,-10.000,0.593,0.631
20211009_1058,-21.310,174.380,532.300,GB.HTL.,50.994,-4.485,150.302,1705.257,1744.140,1756.724,324.000,1.068,0.340,0.301,0.299,0.288,0.288,0.100,0.000,0.740,0.664,-0.700,0.919,0.919,-1.000,0.916,0.919,-1.200,0.921,0.919,-1.600,0.923,0.919,-1.500,0.922,0.919
20211009_1058,-21.310,174.380,532.300,GR.TNS.,50.224,8.449,149.034,1698.212,1735.697,1747.771,325.000,1.768,0.292,0.291,0.297,0.303,0.294,3.200,-3.900,0.626,-0.833,-0.100,0.526,0.526,-0.400,0.564,0.526,-0.500,0.583,0.526,-0.800,0.599,0.526,-0.800,0.587,0.526
20211009_1058,-21.310,174.380,532.300,NL.MAME.,50.801,5.973,149.140,1698.802,1736.403,1748.519,326.000,2.518,0.390,0.409,0.421,0.421,0.416,2.700,-1.200,0.560,0.450,-0.400,0.472,0.472,-0.200,0.468,0.472,-0.400,0.459,0.472,-0.800,0.446,0.472,-0.700,0.447,0.472
20211009_1058,-21.310,174.380,532.300,RO.BUR31.,47.644,25.200,143.860,1668.949,1700.965,1711.092,327.000,2.040,0.371,0.275,0.228,0.213,0.241,1.100,-4.200,0.511,-0.775,-1.700,0.717,0.717,-2.200,0.781,0.717,-2.400,0.788,0.717,-2.600,0.791,0.717,-2.500,0.788,0.717
20211009_1058,-21.310,174.380,532.300,BW.RJOB.,47.737,12.796,149.702,1701.930,1740.149,1752.490,328.000,1.432,0.097,0.127,0.132,0.144,0.136,4.100,4.200,0.631,0.610,3.200,0.638,0.638,3.300,0.675,0.638,3.100,0.685,0.638,2.900,0.694,0.638,3.000,0.690,0.638
20211009_1058,-21.310,174.380,532.300,KO.KOZT.,37.479,35.826,140.832,1651.412,1680.415,1689.498,329.000,1.442,0.326,0.216,0.218,0.220,0.218,-1.000,-0.800,0.721,0.640,-0.700,0.829,0.829,-1.200,0.815,0.829,-1.600,0.832,0.829,-1.500,0.833,0.829,-1.400,0.829,0.829
20211009_1058,-21.310,174.380,532.300,GB.SWN1.,51.513,-1.800,149.650,1701.644,1739.805,1752.126,330.000,0.343,0.008,0.012,0.012,0.012,0.012,-0.100,0.500,0.986,0.996,0.000,0.182,0.182,-4.600,0.183,0.182,-4.700,0.189,0.182,-4.900,0.186,0.182,-4.900,0.187,0.182
20211009_1058,-21.310,174.380,532.300,KV.BUJA.,-3.396,29.396,137.742,1633.205,1659.289,1667.375,331.000,7.485,0.695,0.715,0.735,0.732,0.728,0.100,0.700,0.925,0.891,0.000,0.913,0.913,0.400,0.880,0.913,0.000,0.898,0.913,0.000,0.886,0.913,0.100,0.891,0.913
20211009_1058,-21.310,174.380,532.300,GB.CCA1.,50.187,-5.228,151.122,1709.780,1749.576,1762.497,332.000,1.703,0.405,0.376,0.366,0.367,0.363,1.500,1.100,0.792,0.783,0.300,0.937,0.937,0.000,0.878,0.937,-0.200,0.888,0.937,-0.400,0.898,0.937,-0.400,0.894,0.937
20211009_1058,-21.310,174.380,532.300,WI.SAM.00,14.841,-61.164,127.056,1567.861,1585.065,1590.222,333.000,2.015,0.540,0.411,0.402,0.419,0.412,-2.600,4.000,0.411,-0.687,0.200,0.696,0.696,-0.100,0.609,0.696,-0.900,0.562,0.696,-0.200,0.583,0.696,-0.100,0.603,0.696
20211009_1058,-21.310,174.380,532.300,MN.PDG.,42.430,19.261,150.343,1705.485,1744.412,1757.013,334.000,2.029,0.234,0.216,0.240,0.247,0.230,-4.700,2.900,0.509,0.352,1.100,0.603,0.603,-5.900,0.554,0.603,-6.100,0.554,0.603,-6.100,0.554,0.603,-6.100,0.553,0.603
20211009_1058,-21.310,174.380,532.300,GB.SOFL.,62.069,-6.966,139.231,1642.014,1669.487,1678.044,335.000,2.425,0.120,0.157,0.145,0.135,0.141,-1.500,1.400,0.870,-0.884,4.100,0.398,0.398,3.700,0.359,0.398,3.500,0.372,0.398,3.300,0.375,0.398,3.400,0.370,0.398
20211009_1058,-21.310,174.380,532.300,IV.OSSC.,43.524,11.246,153.731,1724.031,1766.805,1780.834,336.000,1.236,0.329,0.307,0.324,0.328,0.325,-5.000,-4.800,0.833,0.839,-6.000,0.900,0.900,-5.700,0.895,0.900,-5.800,0.883,0.900,-6.000,0.876,0.900,-6.000,0.882,0.900
20211009_1058,-21.310,174.380,532.300,FR.CHMF.00,47.248,6.652,152.229,1715.855,1756.902,1770.286,337.000,4.767,0.475,0.458,0.486,0.501,0.484,3.200,3.400,0.901,0.899,2.600,0.870,0.870,2.400,0.862,0.870,2.200,0.860,0.870,1.900,0.864,0.870,2.000,0.862,0.870
20211009_1058,-21.310,174.380,532.300,IV.CAMP.,42.536,13.409,153.463,1722.579,1765.044,1778.956,338.000,1.026,-0.089,-0.076,-0.051,-0.042,-0.058,0.800,-4.300,0.594,-0.881,3.700,0.697,0.697,3.800,0.683,0.697,3.700,0.680,0.697,3.600,0.668,0.697,3.600,0.675,0.697
20211009_1058,-21.310,174.380,532.300,LD.KSCT.,41.726,-73.484,120.256,1524.360,1536.924,1540.650,339.000,2.016,0.233,0.295,0.055,0.055,0.049,-0.100,0.300,0.639,0.692,4.400,0.648,0.648,0.500,0.533,0.648,-7.500,0.441,0.648,-7.700,0.449,0.648,-7.800,0.454,0.648
20211009_1058,-21.310,174.380,532.300,KO.YER.,37.134,28.284,146.702,1685.122,1720.099,1731.270,340.000,2.141,0.159,0.011,0.019,0.018,0.015,-0.100,2.500,0.468,-0.094,8.500,0.500,0.500,9.900,0.484,0.500,9.300,0.572,0.500,9.400,0.530,0.500,9.500,0.512,0.500
20211009_1058,-21.310,174.380,532.300,NO.ARB4.00,69.533,25.500,128.269,1575.461,1593.583,1599.027,341.000,0.950,0.318,0.311,0.314,0.312,0.311,0.900,1.400,0.662,0.621,0.700,0.850,0.850,0.500,0.857,0.850,0.300,0.865,0.850,0.300,0.871,0.850,0.400,0.866,0.850
20211009_1058,-21.310,174.380,532.300,GU.GORR.,44.607,9.293,153.654,1723.612,1766.297,1780.292,342.000,2.217,0.374,0.373,0.384,0.402,0.400,2.300,2.100,0.822,0.788,1.300,0.920,0.920,1.500,0.951,0.920,1.400,0.959,0.920,1.300,0.964,0.920,1.300,0.962,0.920
20211009_1058,-21.310,174.380,532.300,SX.TANN.,50.415,12.461,147.609,1690.236,1726.181,1737.698,343.000,2.331,0.382,0.446,0.467,0.480,0.471,2.600,2.300,0.753,0.821,2.200,0.688,0.688,1.700,0.683,0.688,1.400,0.697,0.688,1.100,0.706,0.688,1.200,0.695,0.688
20211009_1058,-21.310,174.380,532.300,IV.MSFR.,38.034,14.592,155.856,1735.474,1780.743,1795.711,344.000,2.431,-0.148,-0.123,-0.140,-0.145,-0.139,5.500,1.900,0.750,-0.825,5.600,0.400,0.400,6.000,0.495,0.400,5.600,0.388,0.400,5.300,0.359,0.400,5.600,0.413,0.400
20211009_1058,-21.310,174.380,532.300,BW.BE1.,47.911,11.221,150.154,1704.436,1743.153,1755.677,345.000,1.659,0.335,0.291,0.293,0.292,0.303,2.000,-1.600,0.494,-0.286,1.300,0.725,0.725,1.300,0.675,0.725,1.100,0.678,0.725,1.000,0.677,0.725,0.900,0.679,0.725
20211009_1058,-21.310,174.380,532.300,GR.GRC1.,48.995,11.520,149.134,1698.768,1736.363,1748.477,346.000,3.050,0.367,0.391,0.409,0.414,0.410,4.300,-3.000,0.562,-0.524,-7.200,0.342,0.342,0.400,0.380,0.342,0.300,0.396,0.342,0.100,0.400,0.342,0.200,0.391,0.342
20211009_1058,-21.310,174.380,532.300,BX.PHDHD.,-20.196,24.537,129.090,1580.583,1599.338,1604.983,347.000,2.933,-0.026,-0.050,-0.046,-0.034,-0.042,-16.000,-4.100,-0.000,-0.989,7.600,0.238,0.238,7.500,0.227,0.238,7.400,0.227,0.238,7.300,0.226,0.238,7.400,0.227,0.238
20211009_1058,-21.310,174.380,532.300,BW.MGBB.,49.972,12.215,148.067,1692.808,1729.245,1740.940,348.000,5.105,0.435,0.505,0.531,0.541,0.532,2.200,1.600,0.791,0.667,1.400,0.736,0.736,0.800,0.759,0.736,0.600,0.779,0.736,0.300,0.794,0.736,0.400,0.779,0.736
20211009_1058,-21.310,174.380,532.300,GE.ISP.10,37.843,30.509,144.803,1674.342,1707.325,1717.792,349.000,1.458,-0.032,-0.060,-0.061,-0.059,-0.055,-0.700,-1.100,0.654,0.479,-2.800,0.518,0.518,-4.200,0.623,0.518,-3.900,0.736,0.518,-3.900,0.728,0.518,-4.000,0.694,0.518
20211009_1058,-21.310,174.380,532.300,DK.ANGG.,65.616,-37.637,131.080,1592.903,1613.230,1619.383,350.000,1.196,0.236,0.195,0.163,0.142,0.159,-2.400,-5.100,0.696,-0.743,-10.000,0.716,0.716,-10.000,0.705,0.716,-10.200,0.687,0.716,-10.100,0.684,0.716,-10.000,0.696,0.716
20211009_1058,-21.310,174.380,532.300,TH.HWTS.,50.592,11.472,147.790,1691.251,1727.390,1738.977,351.000,0.482,0.096,0.086,0.075,0.071,0.075,3.200,3.500,0.747,0.950,3.400,0.719,0.719,3.000,0.698,0.719,2.700,0.685,0.719,2.500,0.677,0.719,2.600,0.682,0.719
20211009_1058,-21.310,174.380,532.300,GU.PZZ.,44.507,7.116,154.530,1728.349,1772.056,1786.435,352.000,1.581,0.277,0.284,0.322,0.339,0.322,-2.900,-3.000,0.583,0.572,3.000,0.594,0.594,2.500,0.639,0.594,2.200,0.668,0.594,2.000,0.687,0.594,2.100,0.675,0.594
20211009_1058,-21.310,174.380,532.300,GB.WACR.,52.724,0.628,148.219,1693.659,1730.260,1742.014,353.000,2.974,0.375,0.408,0.410,0.411,0.410,2.100,1.400,0.593,0.550,0.800,0.892,0.892,0.600,0.883,0.892,0.300,0.876,0.892,0.100,0.878,0.892,0.200,0.879,0.892
20211009_1058,-21.310,174.380,532.300,IV.ILOS.,38.446,14.948,155.381,1732.929,1777.635,1792.391,354.000,0.996,0.197,0.173,0.177,0.174,0.173,-0.800,-3.900,0.491,-0.586,0.300,0.596,0.596,0.100,0.500,0.596,-1.000,0.457,0.596,-1.200,0.468,0.596,-0.900,0.462,0.596
20211009_1058,-21.310,174.380,532.300,KV.KTSH.,-1.238,29.050,139.304,1642.444,1669.985,1678.566,355.000,1.175,0.087,0.088,0.084,0.083,0.086,11.700,-3.400,0.344,-0.817,7.600,0.344,0.344,7.900,0.332,0.344,7.600,0.340,0.344,7.600,0.334,0.344,7.700,0.333,0.344
20211009_1058,-21.310,174.380,532.300,OX.SABO.,45.987,13.634,150.747,1707.713,1747.089,1759.855,356.000,2.708,0.374,0.359,0.372,0.382,0.365,1.700,2.200,0.480,0.388,0.700,0.767,0.767,0.400,0.806,0.767,0.200,0.806,0.767,0.000,0.809,0.767,0.100,0.810,0.767
20211009_1058,-21.310,174.380,532.300,NA.SEUS.,17.493,-62.981,126.048,1561.510,1577.972,1582.897,357.000,7.351,0.502,0.604,0.614,0.605,0.604,1.200,1.200,0.959,0.932,0.900,0.822,0.822,0.500,0.906,0.822,0.000,0.918,0.822,0.400,0.912,0.822,0.600,0.909,0.822
20211009_1058,-21.310,174.380,532.300,G.ATD.00,11.531,42.847,132.680,1602.717,1624.355,1630.940,358.000,1.306,0.249,0.124,0.064,0.090,0.098,-5.700,0.000,0.442,0.327,-0.600,0.637,0.637,0.900,0.461,0.637,-3.100,0.416,0.637,7.000,0.244,0.637,7.000,0.270,0.637
20211009_1058,-21.310,174.380,532.300,CZ.UPC.,50.507,16.012,146.224,1682.419,1716.890,1727.881,359.000,1.429,0.188,0.245,0.259,0.262,0.257,4.300,-0.100,0.465,-0.577,-6.500,0.573,0.573,-6.700,0.536,0.573,-7.000,0.542,0.573,-7.200,0.543,0.573,-7.100,0.542,0.573
20211009_1058,-21.310,174.380,532.300,EE.ARBE.,59.437,25.984,135.757,1621.355,1645.639,1653.116,360.000,0.592,0.114,0.101,0.092,0.089,0.094,-8.300,-4.200,0.485,-0.126,-1.000,0.664,0.664,-1.200,0.659,0.664,-1.600,0.624,0.664,-1.700,0.628,0.664,-1.500,0.637,0.664
20211009_1058,-21.310,174.380,532.300,GU.RSP.,45.148,7.265,153.915,1725.029,1768.018,1782.127,361.000,1.652,0.394,0.359,0.356,0.356,0.357,3.600,3.600,0.812,0.788,2.600,0.882,0.882,2.500,0.885,0.882,2.400,0.884,0.882,2.100,0.881,0.882,2.200,0.886,0.882
20211009_1058,-21.310,174.380,532.300,CR.7433.,45.417,17.248,149.472,1700.652,1738.617,1750.866,362.000,1.699,0.147,0.180,0.190,0.193,0.187,-6.100,-4.700,0.648,0.770,2.000,0.371,0.371,2.000,0.344,0.371,1.900,0.338,0.371,1.700,0.334,0.371,1.800,0.338,0.371
20211009_1058,-21.310,174.380,532.300,WI.DSD.00,16.313,-61.066,127.532,1570.851,1588.412,1593.680,363.000,4.674,0.516,0.595,0.580,0.592,0.595,-0.600,3.700,0.493,-0.707,0.000,0.568,0.568,0.100,0.483,0.568,-1.000,0.415,0.568,-0.300,0.441,0.568,0.000,0.473,0.568
20211009_1058,-21.310,174.380,532.300,OX.FUSE.,46.414,13.001,150.682,1707.355,1746.659,1759.398,364.000,1.770,0.167,0.154,0.153,0.146,0.151,-0.800,-1.300,0.611,0.361,-2.400,0.865,0.865,-2.800,0.835,0.865,-3.000,0.842,0.865,-3.200,0.854,0.865,-3.100,0.847,0.865
20211009_1058,-21.310,174.380,532.300,GR.KAST.,51.203,8.416,148.161,1693.332,1729.870,1741.601,365.000,1.130,0.385,0.444,0.465,0.474,0.469,2.900,-2.900,0.745,-0.601,1.100,0.732,0.732,0.700,0.757,0.732,0.400,0.775,0.732,0.300,0.782,0.732,0.300,0.776,0.732
20211009_1058,-21.310,174.380,532.300,IV.PZUN.,40.646,15.807,153.475,1722.642,1765.120,1779.037,366.000,1.927,0.127,0.110,0.097,0.094,0.097,5.900,-0.200,0.494,0.327,-0.900,0.490,0.490,-0.700,0.439,0.490,-0.900,0.404,0.490,-1.200,0.398,0.490,-1.000,0.421,0.490
20211009_1058,-21.310,174.380,532.300,ZC.CADR.00,19.667,-69.940,120.164,1523.758,1536.265,1539.973,367.000,2.251,0.276,0.226,0.248,0.237,0.231,2.700,-3.100,0.487,-0.479,-8.600,0.459,0.459,8.200,0.404,0.459,7.600,0.445,0.459,8.100,0.413,0.459,8.200,0.406,0.459
20211009_1058,-21.310,174.380,532.300,GB.LRW.,60.136,-1.178,141.047,1652.665,1681.877,1691.031,368.000,1.582,0.346,0.367,0.377,0.384,0.377,1.700,1.600,0.569,0.409,1.200,0.785,0.785,0.800,0.801,0.785,0.600,0.797,0.785,0.500,0.793,0.785,0.500,0.797,0.785
20211009_1058,-21.310,174.380,532.300,GU.POPM.,44.045,10.757,153.525,1722.917,1765.454,1779.393,369.000,2.640,0.314,0.330,0.351,0.362,0.354,2.900,2.600,0.714,0.638,2.100,0.697,0.697,2.300,0.691,0.697,2.100,0.698,0.697,1.900,0.709,0.697,2.000,0.701,0.697
20211009_1058,-21.310,174.380,532.300,TH.FRAU.,50.695,12.317,147.422,1689.181,1724.925,1736.370,370.000,3.073,0.464,0.509,0.536,0.542,0.535,1.800,-3.300,0.721,-0.898,1.100,0.683,0.683,0.700,0.684,0.683,0.300,0.708,0.683,0.000,0.728,0.683,0.200,0.713,0.683
20211009_1058,-21.310,174.380,532.300,KO.VRTB.,39.160,41.456,136.174,1623.854,1648.509,1656.113,371.000,1.441,0.202,0.211,0.225,0.224,0.219,8.200,-0.900,0.458,0.350,-7.600,0.541,0.541,-7.000,0.518,0.541,-7.200,0.480,0.541,-7.200,0.494,0.541,-7.100,0.505,0.541
20211009_1058,-21.310,174.380,532.300,KQ.PEEM.,54.139,13.765,144.033,1669.940,1702.131,1712.320,372.000,0.682,0.003,0.037,0.023,0.031,0.025,3.800,4.500,0.459,0.368,4.100,0.778,0.778,3.700,0.767,0.778,3.400,0.781,0.778,3.300,0.785,0.778,3.300,0.780,0.778
20211009_1058,-21.310,174.380,532.300,IV.SACS.,42.849,11.910,153.955,1725.243,1768.279,1782.405,373.000,2.946,0.253,0.240,0.241,0.240,0.244,-4.300,-3.400,0.565,0.408,-4.100,0.630,0.630,-4.000,0.603,0.630,-4.200,0.566,0.630,-4.400,0.553,0.630,-4.400,0.569,0.630
20211009_1058,-21.310,174.380,532.300,LU.VIA.,49.935,6.202,149.889,1702.966,1741.390,1753.807,374.000,2.182,0.300,0.323,0.335,0.359,0.350,2.200,2.400,0.851,0.916,1.500,0.828,0.828,1.300,0.813,0.828,1.100,0.813,0.828,0.900,0.820,0.828,0.900,0.818,0.828
20211009_1058,-21.310,174.380,532.300,DK.SUMG.,72.574,-38.462,125.530,1558.235,1574.324,1579.133,375.000,1.470,0.100,0.124,0.090,0.066,0.089,-0.300,-2.700,0.576,-0.297,5.200,0.546,0.546,5.800,0.612,0.546,5.400,0.531,0.546,5.500,0.524,0.546,5.600,0.558,0.546
20211009_1058,-21.310,174.380,532.300,KV.NYAB.,-1.921,28.937,138.994,1640.618,1667.867,1676.348,376.000,3.328,0.653,0.656,0.650,0.650,0.653,0.200,0.100,0.899,0.844,-0.200,0.914,0.914,-0.100,0.898,0.914,-0.300,0.898,0.914,-0.300,0.892,0.914,-0.100,0.893,0.914
20211009_1058,-21.310,174.380,532.300,BW.RTBE.,47.745,12.824,149.685,1701.834,1740.033,1752.367,377.000,1.685,0.174,0.209,0.212,0.221,0.216,4.500,4.300,0.529,0.651,3.300,0.719,0.719,3.400,0.746,0.719,3.300,0.760,0.719,3.100,0.770,0.719,3.100,0.766,0.719
20211009_1058,-21.310,174.380,532.300,GR.GRC2.,48.867,11.374,149.294,1699.659,1737.428,1749.606,378.000,3.631,0.317,0.321,0.321,0.318,0.321,2.500,2.600,0.541,0.385,2.100,0.669,0.669,2.000,0.659,0.669,1.800,0.658,0.669,1.600,0.656,0.669,1.700,0.658,0.669
20211009_1058,-21.310,174.380,532.300,KO.MDUB.,40.471,31.198,143.441,1666.538,1698.127,1708.105,379.000,0.312,-0.064,-0.089,-0.040,-0.040,-0.040,1.100,-5.200,0.784,-0.713,-7.000,0.243,0.243,-5.700,0.392,0.243,-10.200,0.336,0.243,-9.500,0.303,0.243,-7.200,0.310,0.243
20211009_1058,-21.310,174.380,532.300,WI.SBLM.00,17.914,-62.850,126.271,1562.915,1579.539,1584.515,380.000,6.432,0.616,0.585,0.593,0.591,0.590,0.900,0.800,0.760,0.819,0.600,0.818,0.818,0.300,0.777,0.818,-0.300,0.768,0.818,0.100,0.777,0.818,0.300,0.774,0.818
20211009_1058,-21.310,174.380,532.300,IV.CSLB.,37.937,14.058,156.245,1737.557,1783.289,1798.431,381.000,1.653,0.138,0.198,0.199,0.200,0.201,3.600,-0.200,0.629,-0.599,3.500,0.679,0.679,3.300,0.706,0.679,2.900,0.675,0.679,2.800,0.668,0.679,2.900,0.680,0.679
20211009_1058,-21.310,174.380,532.300,LU.LILIE.,49.754,6.395,150.008,1703.627,1742.184,1754.648,382.000,1.340,0.096,0.110,0.117,0.115,0.107,-0.200,4.600,0.710,0.282,4.000,0.613,0.613,3.800,0.584,0.613,3.600,0.591,0.613,3.500,0.599,0.613,3.400,0.599,0.613
20211009_1058,-21.310,174.380,532.300,CH.HASLI.,46.757,8.151,152.207,1715.736,1756.759,1770.133,383.000,1.464,0.172,0.178,0.178,0.182,0.193,3.900,3.600,0.764,0.787,3.200,0.852,0.852,2.900,0.824,0.852,2.700,0.811,0.852,2.300,0.804,0.852,2.400,0.810,0.852
20211009_1058,-21.310,174.380,532.300,TH.LUHNE.,51.254,10.419,147.545,1689.877,1725.754,1737.247,384.000,1.127,0.195,0.250,0.278,0.295,0.292,9.100,-1.000,0.496,-0.613,1.900,0.443,0.443,1.500,0.463,0.443,1.300,0.458,0.443,1.100,0.454,0.443,1.100,0.458,0.443
20211009_1058,-21.310,174.380,532.300,FR.RUSF.04,43.940,5.475,155.570,1733.945,1778.875,1793.716,385.000,2.073,0.484,0.467,0.465,0.466,0.470,1.300,1.500,0.767,0.712,0.900,0.567,0.567,0.900,0.638,0.567,0.800,0.629,0.567,0.400,0.612,0.567,0.500,0.627,0.567
20211009_1058,-21.310,174.380,532.300,CR.7501.,45.427,16.271,149.948,1703.292,1741.782,1754.222,386.000,2.524,0.359,0.429,0.445,0.448,0.446,3.500,3.800,0.749,0.700,2.500,0.596,0.596,2.500,0.682,0.596,2.200,0.697,0.596,2.000,0.714,0.596,2.100,0.694,0.596
20211009_1058,-21.310,174.380,532.300,PM.PESTR.,38.867,-7.590,162.362,1769.626,1822.930,1840.942,387.000,3.476,0.227,0.124,0.153,0.183,0.165,2.600,2.200,0.868,0.850,2.000,0.966,0.966,1.800,0.964,0.966,1.600,0.963,0.966,1.300,0.957,0.966,1.500,0.960,0.966
20211009_1058,-21.310,174.380,532.300,TH.VITZ.,50.888,10.092,147.966,1692.237,1728.565,1740.220,388.000,2.698,0.370,0.388,0.409,0.420,0.410,2.500,0.200,0.653,0.362,1.000,0.507,0.507,0.500,0.536,0.507,0.300,0.552,0.507,0.100,0.557,0.507,0.200,0.554,0.507
20211009_1058,-21.310,174.380,532.300,GE.ACRG.,5.641,-0.207,163.477,1775.345,1830.083,1848.648,389.000,4.305,0.522,0.589,0.583,0.598,0.591,1.000,1.200,0.974,0.969,0.900,0.935,0.935,0.800,0.932,0.935,0.800,0.924,0.935,0.600,0.912,0.935,0.800,0.920,0.935
20211009_1058,-21.310,174.380,532.300,DK.COP.00,55.685,12.432,143.083,1664.475,1695.702,1705.554,390.000,1.013,-0.023,0.045,0.077,0.107,0.086,2.100,3.100,0.713,0.689,2.800,0.886,0.886,2.500,0.872,0.886,2.200,0.874,0.886,2.000,0.878,0.886,2.100,0.875,0.886
20211009_1058,-21.310,174.380,532.300,FR.FNEB.00,42.903,2.106,157.462,1744.035,1791.231,1806.923,391.000,1.655,0.451,0.494,0.514,0.529,0.522,2.300,2.600,0.898,0.854,2.200,0.850,0.850,1.900,0.859,0.850,1.700,0.864,0.850,1.500,0.861,0.850,1.600,0.861,0.850
20211009_1058,-21.310,174.380,532.300,GE.ARPR.,39.093,38.336,138.562,1638.066,1664.911,1673.254,392.000,0.372,-0.056,-0.037,-0.039,-0.039,-0.038,4.600,1.000,0.531,0.305,6.100,0.184,0.184,6.200,0.178,0.184,4.700,0.211,0.184,4.800,0.205,0.184,5.000,0.193,0.184
20211009_1058,-21.310,174.380,532.300,SX.GUNZ.,50.363,12.332,147.697,1690.730,1726.769,1738.320,393.000,2.444,0.237,0.248,0.281,0.290,0.279,3.300,3.300,0.817,0.814,2.900,0.675,0.675,2.600,0.675,0.675,2.300,0.649,0.675,2.000,0.636,0.675,2.200,0.647,0.675
20211009_1058,-21.310,174.380,532.300,KZ.ABKAR.,49.256,59.943,121.795,1534.334,1547.875,1551.898,394.000,1.897,-0.200,-0.070,-0.064,-0.063,-0.071,7.800,4.400,0.526,-0.897,7.400,0.623,0.623,7.000,0.684,0.623,7.000,0.728,0.623,7.200,0.710,0.623,7.200,0.705,0.623
20211009_1058,-21.310,174.380,532.300,TH.MODW.,50.943,12.468,147.161,1687.716,1723.182,1734.528,395.000,0.344,-0.065,-0.092,-0.098,-0.100,-0.097,-0.100,1.800,0.921,0.977,1.600,0.042,0.042,-4.500,0.045,0.042,-4.700,0.066,0.042,-5.000,0.076,0.042,-4.800,0.066,0.042
20211009_1058,-21.310,174.380,532.300,IV.SALO.,45.618,10.524,152.331,1716.415,1757.579,1771.006,396.000,2.973,0.524,0.523,0.532,0.533,0.537,3.700,4.000,0.815,0.749,3.400,0.775,0.775,2.800,0.743,0.775,2.400,0.740,0.775,2.100,0.751,0.775,2.200,0.749,0.775
20211009_1058,-21.310,174.380,532.300,BX.KDWAN.,-23.380,24.661,126.459,1564.104,1580.866,1585.885,397.000,5.594,0.652,0.668,0.669,0.664,0.664,0.400,0.700,0.856,0.833,0.400,0.957,0.957,0.400,0.963,0.957,0.300,0.962,0.957,0.300,0.957,0.957,0.300,0.961,0.957
20211009_1058,-21.310,174.380,532.300,IV.IVUG.,38.396,14.986,155.388,1732.969,1777.684,1792.443,398.000,1.138,0.201,0.189,0.216,0.224,0.202,-0.400,-0.300,0.846,0.798,-0.200,0.885,0.885,-0.600,0.842,0.885,-0.900,0.828,0.885,-1.000,0.823,0.885,-0.900,0.831,0.885
20211009_1058,-21.310,174.380,532.300,IV.MBFT.,37.946,12.953,156.908,1741.093,1787.620,1803.061,399.000,1.830,0.272,0.209,0.239,0.253,0.228,1.400,1.500,0.824,0.857,1.100,0.807,0.807,1.000,0.812,0.807,0.800,0.785,0.807,0.700,0.779,0.807,0.800,0.789,0.807
20211009_1058,-21.310,174.380,532.300,BW.UH3.,48.030,11.639,149.901,1703.035,1741.473,1753.894,400.000,1.880,0.234,0.239,0.248,0.262,0.253,2.400,2.500,0.855,0.863,1.400,0.943,0.943,1.500,0.937,0.943,1.300,0.943,0.943,1.100,0.949,0.943,1.200,0.946,0.943
20211009_1058,-21.310,174.380,532.300,IV.BULG.,40.078,15.378,154.091,1725.980,1769.175,1783.360,401.000,2.063,0.293,0.277,0.258,0.252,0.267,-2.300,-2.100,0.769,0.757,1.900,0.541,0.541,2.400,0.554,0.541,2.200,0.597,0.541,2.200,0.609,0.541,2.200,0.593,0.541
20211009_1058,-21.310,174.380,532.300,IV.LPEL.,42.047,14.183,153.419,1722.340,1764.754,1778.647,402.000,1.918,0.133,0.091,0.123,0.140,0.118,3.200,-1.400,0.694,-0.682,-7.500,0.577,0.577,-7.700,0.553,0.577,-8.000,0.551,0.577,-8.200,0.559,0.577,-8.000,0.556,0.577
20211009_1058,-21.310,174.380,532.300,CH.LAUCH.,46.416,7.772,152.631,1718.052,1759.558,1773.113,403.000,1.389,0.227,0.156,0.144,0.134,0.128,-1.100,-1.000,0.715,0.552,-1.100,0.731,0.731,-1.400,0.713,0.731,-1.700,0.699,0.731,-2.000,0.690,0.731,-1.900,0.700,0.731
20211009_1058,-21.310,174.380,532.300,UD.KPD.,48.563,26.460,142.641,1661.925,1692.709,1702.408,404.000,0.553,-0.039,0.110,0.154,0.156,0.144,7.000,1.800,0.587,0.540,1.400,0.559,0.559,1.100,0.610,0.559,0.800,0.613,0.559,0.700,0.593,0.559,0.900,0.602,0.559
20211009_1058,-21.310,174.380,532.300,GE.GVD.,34.839,24.087,150.663,1707.251,1746.534,1759.265,405.000,0.834,0.063,0.052,0.054,0.053,0.051,-3.100,-2.100,0.666,0.487,-3.900,0.689,0.689,6.300,0.626,0.689,6.500,0.647,0.689,6.500,0.637,0.689,6.500,0.631,0.689
20211009_1058,-21.310,174.380,532.300,GB.EDMD.,54.831,-1.962,146.366,1683.222,1717.843,1728.887,406.000,3.499,0.370,0.285,0.316,0.328,0.316,1.600,2.700,0.682,0.642,1.600,0.774,0.774,1.800,0.738,0.774,1.500,0.742,0.774,1.300,0.751,0.774,1.400,0.745,0.774
20211009_1058,-21.310,174.380,532.300,GB.CWF.,52.738,-1.308,148.396,1694.652,1731.445,1743.268,407.000,1.521,0.458,0.390,0.386,0.392,0.390,0.300,1.900,0.887,0.740,0.800,0.715,0.715,0.500,0.689,0.715,0.200,0.690,0.715,0.100,0.687,0.715,0.200,0.687,0.715
20211009_1058,-21.310,174.380,532.300,CH.SALAN.,46.144,6.973,153.126,1720.745,1762.820,1776.586,408.000,1.210,0.134,0.181,0.192,0.187,0.196,0.300,-2.900,0.494,-0.178,4.500,0.561,0.561,4.400,0.542,0.561,4.200,0.523,0.561,4.000,0.507,0.561,4.100,0.513,0.561
20211009_1058,-21.310,174.380,532.300,GE.IMMV.,35.461,23.981,150.531,1706.520,1745.656,1758.333,409.000,1.270,0.314,0.189,0.180,0.181,0.184,2.200,-1.900,0.718,-0.659,0.100,0.676,0.676,-1.900,0.261,0.676,-2.400,0.448,0.676,-2.200,0.395,0.676,-2.100,0.359,0.676
20211009_1058,-21.310,174.380,532.300,CH.SIMPL.,46.240,8.020,152.705,1718.454,1760.045,1773.630,410.000,1.900,0.300,0.302,0.316,0.332,0.329,2.800,3.000,0.901,0.930,3.100,0.918,0.918,2.700,0.912,0.918,2.600,0.905,0.918,2.300,0.896,0.918,2.400,0.900,0.918
20211009_1058,-21.310,174.380,532.300,IV.GUAR.,41.794,13.312,154.052,1725.769,1768.918,1783.086,411.000,2.713,0.316,0.359,0.364,0.361,0.368,3.900,3.800,0.802,0.803,3.000,0.680,0.680,3.000,0.737,0.680,2.800,0.748,0.680,2.600,0.764,0.680,2.700,0.756,0.680
20211009_1058,-21.310,174.380,532.300,CH.VANNI.,46.210,7.597,152.869,1719.349,1761.129,1774.785,412.000,1.255,0.158,0.131,0.132,0.132,0.123,-2.000,-2.200,0.703,0.690,-2.100,0.701,0.701,-2.400,0.708,0.701,-2.700,0.710,0.701,-3.000,0.713,0.701,-2.900,0.716,0.701
20211009_1058,-21.310,174.380,532.300,IV.MELA.,41.706,15.127,153.152,1720.887,1762.992,1776.769,413.000,1.782,0.259,0.286,0.310,0.317,0.305,3.100,2.700,0.669,0.645,3.100,0.799,0.799,3.000,0.790,0.799,2.700,0.767,0.799,2.600,0.754,0.799,2.700,0.773,0.799
20211009_1058,-21.310,174.380,532.300,G.MPG.00,5.110,-52.644,131.676,1596.572,1617.383,1623.694,414.000,4.277,0.611,0.553,0.589,0.578,0.557,0.500,1.000,0.898,0.868,0.500,0.817,0.817,0.700,0.761,0.817,0.100,0.806,0.817,0.400,0.785,0.817,0.700,0.763,0.817
20211009_1058,-21.310,174.380,532.300,OE.OBKA.,46.509,14.549,149.942,1703.260,1741.742,1754.180,415.000,1.374,0.284,0.303,0.308,0.314,0.316,2.300,2.600,0.802,0.831,2.100,0.849,0.849,2.200,0.825,0.849,2.000,0.811,0.849,1.800,0.800,0.849,1.900,0.811,0.849
20211009_1058,-21.310,174.380,532.300,DK.NRS.,61.160,-45.419,131.575,1595.951,1616.680,1622.964,416.000,0.452,-0.038,-0.064,-0.053,-0.042,-0.049,5.900,2.700,0.737,-0.159,4.800,0.598,0.598,4.600,0.566,0.598,4.200,0.643,0.598,4.300,0.654,0.598,4.400,0.610,0.598
20211009_1058,-21.310,174.380,532.300,CH.LLS.,46.847,9.008,151.843,1713.741,1754.349,1767.570,417.000,3.254,0.484,0.440,0.422,0.410,0.421,8.100,-0.800,0.380,0.321,-0.700,0.479,0.479,-1.000,0.441,0.479,-1.300,0.421,0.479,-1.600,0.414,0.479,-1.500,0.420,0.479
20211009_1058,-21.310,174.380,532.300,LU.WILW.,49.992,6.005,149.884,1702.938,1741.357,1753.771,418.000,1.137,0.288,0.293,0.302,0.312,0.301,0.800,0.900,0.528,0.512,0.500,0.636,0.636,0.400,0.677,0.636,0.200,0.668,0.636,0.000,0.652,0.636,0.000,0.657,0.636
20211009_1058,-21.310,174.380,532.300,BW.ROTZ.,49.767,12.207,148.243,1693.790,1730.416,1742.179,419.000,1.883,0.373,0.377,0.390,0.397,0.391,1.500,1.500,0.694,0.691,0.900,0.723,0.723,0.300,0.756,0.723,0.100,0.784,0.723,-0.200,0.803,0.723,-0.200,0.785,0.723
20211009_1058,-21.310,174.380,532.300,EE.MTSE.,58.714,23.815,137.047,1629.071,1654.517,1662.387,420.000,3.066,0.271,0.227,0.229,0.227,0.229,-0.100,-4.600,0.853,-0.402,1.600,0.448,0.448,1.300,0.440,0.448,0.900,0.427,0.448,1.000,0.411,0.448,1.100,0.422,0.448
20211009_1058,-21.310,174.380,532.300,DK.DAG.,76.771,-18.655,124.157,1549.503,1564.626,1569.135,421.000,4.238,0.230,0.270,0.260,0.255,0.260,0.000,-0.600,0.536,0.432,-0.100,0.498,0.498,-0.200,0.485,0.498,-0.200,0.499,0.498,-0.200,0.519,0.498,-0.200,0.508,0.498
20211009_1058,-21.310,174.380,532.300,IV.ARVD.,43.498,12.942,152.973,1719.918,1761.817,1775.518,422.000,3.311,0.487,0.450,0.461,0.463,0.453,0.400,-0.300,0.866,0.611,0.100,0.728,0.728,-0.400,0.744,0.728,-0.600,0.741,0.728,-0.800,0.739,0.728,-0.700,0.744,0.728
20211009_1058,-21.310,174.380,532.300,NO.NC405.00,61.113,11.715,138.401,1637.112,1663.806,1672.098,423.000,1.921,0.278,0.294,0.305,0.306,0.302,-2.200,3.200,0.576,0.413,2.500,0.679,0.679,2.300,0.713,0.679,2.100,0.743,0.679,1.900,0.761,0.679,2.000,0.747,0.679
20211009_1058,-21.310,174.380,532.300,IV.MGR.,40.138,15.554,153.950,1725.217,1768.247,1782.371,424.000,1.650,0.193,0.200,0.211,0.210,0.205,-3.500,-3.500,0.926,0.900,-3.400,0.806,0.806,-3.600,0.775,0.806,-3.800,0.720,0.806,-3.900,0.703,0.806,-3.800,0.734,0.806
20211009_1058,-21.310,174.380,532.300,FR.CIEL.00,48.833,7.364,150.593,1706.862,1746.066,1758.769,425.000,3.176,0.405,0.388,0.384,0.373,0.385,1.700,1.500,0.856,0.868,1.100,0.712,0.712,1.000,0.783,0.712,0.700,0.767,0.712,0.600,0.738,0.712,0.600,0.750,0.712
20211009_1058,-21.310,174.380,532.300,GR.GRB2.,49.270,11.668,148.850,1697.185,1734.471,1746.472,426.000,1.910,0.324,0.363,0.375,0.378,0.372,3.500,-3.300,0.583,-0.810,-8.000,0.487,0.487,-8.400,0.440,0.487,-8.700,0.429,0.487,-8.900,0.417,0.487,-8.700,0.427,0.487
20211009_1058,-21.310,174.380,532.300,NA.SMRT.,18.050,-63.075,126.095,1561.806,1578.302,1583.238,427.000,2.566,0.419,0.378,0.398,0.387,0.384,1.300,4.600,0.612,-0.573,1.400,0.629,0.629,1.100,0.494,0.629,0.500,0.484,0.629,0.900,0.495,0.629,1.100,0.494,0.629
20211009_1058,-21.310,174.380,532.300,KV.GOM.,-1.681,29.227,138.901,1640.071,1667.233,1675.685,428.000,4.953,0.635,0.590,0.589,0.588,0.589,0.600,0.400,0.862,0.823,-0.100,0.809,0.809,0.300,0.774,0.809,-0.100,0.796,0.809,-0.100,0.794,0.809,0.000,0.780,0.809
20211009_1058,-21.310,174.380,532.300,GE.PABE.,55.505,23.968,139.317,1642.521,1670.074,1678.659,429.000,2.227,0.461,0.489,0.479,0.475,0.482,0.100,3.700,0.637,-0.336,-0.700,0.790,0.790,-0.900,0.759,0.790,-1.300,0.752,0.790,-1.500,0.754,0.790,-1.300,0.751,0.790
20211009_1058,-21.310,174.380,532.300,CH.DIX.,46.081,7.408,153.044,1720.302,1762.282,1776.013,430.000,1.319,0.234,0.204,0.201,0.204,0.196,-1.700,-1.600,0.728,0.875,-1.600,0.529,0.529,-1.900,0.559,0.529,-2.100,0.572,0.529,-2.300,0.580,0.529,-2.200,0.579,0.529
20211009_1058,-21.310,174.380,532.300,GR.GRA1.,49.691,11.220,148.645,1696.043,1733.106,1745.026,431.000,2.738,0.387,0.417,0.428,0.434,0.429,2.100,2.500,0.842,0.830,1.400,0.645,0.645,0.900,0.665,0.645,0.600,0.684,0.645,0.400,0.700,0.645,0.500,0.682,0.645
20211009_1058,-21.310,174.380,532.300,CZ.ZVC.,49.439,14.193,147.782,1691.207,1727.338,1738.922,432.000,3.022,0.187,0.176,0.171,0.165,0.172,0.600,4.800,0.471,0.420,4.500,0.423,0.423,-0.500,0.381,0.423,-0.800,0.395,0.423,-1.000,0.412,0.423,-0.900,0.400,0.423
20211009_1058,-21.310,174.380,532.300,MN.TUE.,46.472,9.347,152.048,1714.866,1755.707,1769.014,433.000,2.701,0.458,0.500,0.502,0.510,0.516,3.200,3.300,0.729,0.656,2.900,0.932,0.932,2.400,0.947,0.932,2.100,0.954,0.932,1.800,0.967,0.932,1.900,0.962,0.932
20211009_1058,-21.310,174.380,532.300,SX.WERN.,50.287,12.376,147.746,1691.004,1727.096,1738.666,434.000,2.376,0.267,0.304,0.321,0.327,0.317,1.400,1.700,0.670,0.660,0.600,0.882,0.882,0.200,0.871,0.882,-0.100,0.876,0.882,-0.300,0.873,0.882,-0.300,0.873,0.882
20211009_1058,-21.310,174.380,532.300,G.TAM.00,22.791,5.528,169.564,1805.879,1868.687,1890.459,435.000,4.000,0.191,0.166,0.180,0.181,0.182,1.000,-2.300,0.546,-0.625,-6.300,0.460,0.460,8.800,0.507,0.460,8.900,0.470,0.460,8.900,0.483,0.460,8.900,0.491,0.460
20211009_1058,-21.310,174.380,532.300,CR.7445.,45.729,15.472,150.109,1704.190,1742.858,1755.364,436.000,3.283,0.373,0.411,0.438,0.453,0.437,1.900,2.300,0.872,0.835,0.800,0.677,0.677,0.700,0.766,0.677,0.500,0.768,0.677,0.500,0.775,0.677,0.500,0.769,0.677
20211009_1058,-21.310,174.380,532.300,HU.CSKK.,47.363,18.260,147.604,1690.207,1726.146,1737.661,437.000,0.461,-0.013,-0.011,-0.012,-0.012,-0.009,2.200,2.700,0.506,0.462,2.200,0.718,0.718,1.800,0.638,0.718,1.300,0.568,0.718,1.100,0.536,0.718,1.300,0.572,0.718
20211009_1058,-21.310,174.380,532.300,BX.KGCAE.,-22.854,22.207,128.176,1574.879,1592.930,1598.352,438.000,9.033,0.466,0.510,0.503,0.480,0.494,0.200,0.400,0.969,0.939,-0.800,0.857,0.857,-0.500,0.869,0.857,-0.600,0.870,0.857,-0.800,0.882,0.857,-0.600,0.872,0.857
20211009_1058,-21.310,174.380,532.300,SS.COI.,40.208,-8.412,160.953,1762.351,1813.864,1831.192,439.000,0.522,0.029,0.111,0.100,0.072,0.098,0.600,4.200,0.653,-0.791,-0.300,0.342,0.342,-0.400,0.260,0.342,-0.600,0.283,0.342,-0.800,0.318,0.342,-0.700,0.289,0.342
20211009_1058,-21.310,174.380,532.300,G.SSB.10,45.279,4.542,154.620,1728.832,1772.644,1787.062,440.000,2.415,0.490,0.537,0.554,0.559,0.554,0.400,0.800,0.926,0.891,0.700,0.791,0.791,0.200,0.799,0.791,-0.200,0.795,0.791,-0.600,0.795,0.791,-0.400,0.797,0.791
20211009_1058,-21.310,174.380,532.300,CH.SAVIG.,46.066,5.973,153.497,1722.764,1765.268,1779.194,441.000,1.777,0.275,0.309,0.326,0.337,0.337,2.600,2.700,0.773,0.852,1.900,0.794,0.794,1.800,0.803,0.794,1.600,0.805,0.794,1.500,0.811,0.794,1.500,0.808,0.794
20211009_1058,-21.310,174.380,532.300,GU.PCP.,44.541,8.545,153.992,1725.442,1768.520,1782.662,442.000,2.124,0.506,0.495,0.521,0.539,0.536,2.600,2.600,0.760,0.679,1.600,0.723,0.723,1.400,0.785,0.723,1.300,0.791,0.723,1.000,0.801,0.723,1.100,0.801,0.723
20211009_1058,-21.310,174.380,532.300,GB.KESW.,54.589,-3.105,146.667,1684.926,1719.867,1731.025,443.000,1.787,0.458,0.450,0.474,0.493,0.482,1.600,2.200,0.808,0.682,1.400,0.840,0.840,1.400,0.794,0.840,1.200,0.805,0.840,0.900,0.824,0.840,1.000,0.815,0.840
20211009_1058,-21.310,174.380,532.300,KO.KDZE.,41.313,31.443,142.968,1663.816,1694.928,1704.740,444.000,0.910,0.136,0.187,0.185,0.185,0.187,0.400,-3.400,0.668,-0.876,-1.700,0.413,0.413,-0.800,0.642,0.413,-1.000,0.486,0.413,-1.000,0.513,0.413,-0.900,0.568,0.413
20211009_1058,-21.310,174.380,532.300,TH.LEIB1.,50.576,11.198,147.893,1691.829,1728.078,1739.705,445.000,0.865,0.103,0.135,0.140,0.144,0.142,5.300,3.700,0.469,0.708,3.500,0.694,0.694,3.200,0.694,0.694,2.800,0.691,0.694,2.600,0.689,0.694,2.700,0.690,0.694
20211009_1058,-21.310,174.380,532.300,LX.GGNV.,38.718,-9.151,162.329,1769.459,1822.722,1840.719,446.000,1.976,0.215,0.238,0.222,0.204,0.215,8.200,3.000,0.524,-0.244,7.600,0.447,0.447,7.300,0.478,0.447,7.100,0.440,0.447,6.800,0.393,0.447,7.000,0.423,0.447
20211009_1058,-21.310,174.380,532.300,RD.LOR.,47.268,3.859,152.934,1719.702,1761.556,1775.240,447.000,2.602,0.332,0.365,0.370,0.377,0.386,1.700,1.900,0.809,0.814,2.000,0.753,0.753,1.700,0.786,0.753,1.600,0.781,0.753,1.400,0.770,0.753,1.400,0.774,0.753
20211009_1058,-21.310,174.380,532.300,TH.GRZ1.,50.691,12.220,147.458,1689.387,1725.171,1736.630,448.000,0.615,0.169,0.165,0.164,0.162,0.165,2.300,1.600,0.670,0.580,0.700,0.595,0.595,0.300,0.591,0.595,-0.300,0.617,0.595,-0.500,0.641,0.595,-0.400,0.625,0.595
20211009_1058,-21.310,174.380,532.300,IV.AOI.,43.550,13.602,152.618,1717.983,1759.475,1773.024,449.000,2.571,0.335,0.268,0.259,0.261,0.264,2.200,2.500,0.679,0.051,2.800,0.740,0.740,2.700,0.717,0.740,2.500,0.661,0.740,2.300,0.607,0.740,2.500,0.657,0.740
20211009_1058,-21.310,174.380,532.300,ZC.MIDR.00,18.983,-69.050,120.815,1527.988,1540.902,1544.734,450.000,3.060,0.468,0.430,0.430,0.433,0.434,1.400,0.600,0.770,0.669,-0.100,0.596,0.596,-0.100,0.660,0.596,-0.100,0.685,0.596,-0.100,0.666,0.596,-0.100,0.657,0.596
20211009_1058,-21.310,174.380,532.300,CR.ZAG.,45.829,15.994,149.789,1702.411,1740.725,1753.101,451.000,1.195,0.217,0.246,0.251,0.254,0.250,-0.100,4.100,0.528,0.343,3.300,0.522,0.522,3.000,0.504,0.522,2.600,0.490,0.522,2.500,0.497,0.522,2.600,0.493,0.522
20211009_1058,-21.310,174.380,532.300,RD.ETSF.,42.899,-0.559,158.001,1746.888,1794.739,1810.678,452.000,2.561,0.460,0.454,0.473,0.487,0.482,2.300,2.300,0.902,0.912,2.000,0.796,0.796,1.800,0.866,0.796,1.600,0.855,0.796,1.300,0.834,0.796,1.400,0.843,0.796
20211009_1058,-21.310,174.380,532.300,TH.ZEITZ.,51.051,12.126,147.184,1687.841,1723.331,1734.685,453.000,0.481,0.052,0.029,0.030,0.026,0.031,1.700,2.000,0.723,0.901,1.400,0.828,0.828,1.100,0.835,0.828,0.700,0.845,0.828,0.500,0.855,0.828,0.500,0.850,0.828
20211009_1058,-21.310,174.380,532.300,EI.IWEX.,52.374,-6.774,148.923,1697.593,1734.958,1746.988,454.000,4.328,0.285,0.175,0.184,0.185,0.180,-0.200,-0.300,0.847,0.885,-0.800,0.852,0.852,-0.700,0.823,0.852,-1.000,0.819,0.852,-1.300,0.819,0.852,-1.200,0.818,0.852
20211009_1058,-21.310,174.380,532.300,MN.KEK.,39.713,19.796,151.582,1712.311,1752.624,1765.736,455.000,2.374,0.251,0.278,0.290,0.295,0.285,1.100,-4.000,0.791,-0.881,3.400,0.548,0.548,3.000,0.519,0.548,3.500,0.432,0.548,-10.200,0.422,0.548,3.300,0.443,0.548
20211009_1058,-21.310,174.380,532.300,FR.TURF.00,43.975,7.392,154.899,1730.336,1774.475,1789.017,456.000,2.567,0.506,0.527,0.562,0.577,0.557,1.300,1.000,0.770,0.722,0.700,0.776,0.776,0.100,0.835,0.776,-0.100,0.869,0.776,-0.200,0.885,0.776,-0.200,0.874,0.776
20211009_1058,-21.310,174.380,532.300,FR.ARTF.00,43.587,5.805,155.782,1735.078,1780.259,1795.193,457.000,1.988,0.302,0.304,0.329,0.343,0.321,1.600,-3.900,0.569,-0.687,-8.500,0.535,0.535,0.800,0.512,0.535,0.700,0.489,0.535,-9.300,0.490,0.535,0.400,0.486,0.535
20211009_1058,-21.310,174.380,532.300,FR.LEMB.00,49.035,7.759,150.298,1705.234,1744.112,1756.694,458.000,4.240,0.499,0.524,0.518,0.520,0.520,2.800,3.300,0.911,0.911,2.200,0.818,0.818,2.000,0.874,0.818,1.700,0.872,0.818,1.600,0.865,0.818,1.600,0.869,0.818
20211009_1058,-21.310,174.380,532.300,MN.ARPR.,39.093,38.336,138.562,1638.066,1664.911,1673.254,459.000,0.372,-0.056,-0.037,-0.039,-0.039,-0.038,4.600,1.000,0.531,0.305,6.100,0.184,0.184,6.200,0.178,0.184,4.700,0.211,0.184,4.800,0.205,0.184,5.000,0.193,0.184
20211009_1058,-21.310,174.380,532.300,IV.MTRZ.,44.313,11.425,153.025,1720.199,1762.158,1775.881,460.000,0.615,0.147,0.141,0.146,0.139,0.150,-0.200,0.200,0.876,0.720,0.500,0.794,0.794,0.200,0.760,0.794,-0.300,0.731,0.794,-0.600,0.720,0.794,-0.400,0.730,0.794
20211009_1058,-21.310,174.380,532.300,EI.IGLA.,53.419,-9.375,147.762,1691.096,1727.205,1738.781,461.000,2.250,0.334,0.321,0.298,0.284,0.291,-0.100,0.100,0.886,0.854,-0.300,0.685,0.685,-0.600,0.631,0.685,-0.800,0.630,0.685,-1.000,0.640,0.685,-1.000,0.634,0.685
20211009_1058,-21.310,174.380,532.300,HU.BEHE.,46.471,16.776,148.951,1697.748,1735.143,1747.185,462.000,1.246,0.244,0.265,0.259,0.257,0.261,-0.200,4.600,0.588,-0.378,-8.400,0.617,0.617,-1.000,0.602,0.617,-1.200,0.618,0.617,-1.300,0.614,0.617,-1.300,0.613,0.617
20211009_1058,-21.310,174.380,532.300,GR.RETHO.,52.738,9.361,146.525,1684.122,1718.911,1730.015,463.000,3.618,0.122,0.118,0.105,0.097,0.101,-6.600,3.900,0.813,-0.943,-8.500,0.367,0.367,-8.800,0.345,0.367,-9.000,0.341,0.367,-9.300,0.349,0.367,-9.200,0.348,0.367
20211009_1058,-21.310,174.380,532.300,GR.GRA2.,49.654,11.358,148.630,1695.959,1733.005,1744.920,464.000,2.714,0.198,0.171,0.164,0.160,0.162,0.100,-0.300,0.819,0.445,-0.300,0.520,0.520,-0.800,0.448,0.520,-1.100,0.432,0.520,-1.400,0.428,0.520,-1.200,0.431,0.520
20211009_1058,-21.310,174.380,532.300,FR.SMPL.00,42.095,9.285,155.736,1734.834,1779.961,1794.875,465.000,1.772,0.145,0.152,0.163,0.175,0.166,2.700,3.200,0.654,0.400,2.700,0.688,0.688,2.500,0.603,0.688,2.100,0.595,0.688,1.700,0.610,0.688,1.900,0.595,0.688
20211009_1058,-21.310,174.380,532.300,NO.NBO00.00,61.031,10.778,138.661,1638.650,1665.587,1673.962,466.000,1.970,0.306,0.342,0.367,0.381,0.368,-4.700,-4.000,0.573,0.590,-5.200,0.474,0.474,-5.500,0.494,0.474,-5.600,0.526,0.474,-5.800,0.544,0.474,-5.700,0.530,0.474
20211009_1058,-21.310,174.380,532.300,CH.NALPS.,46.595,8.748,152.149,1715.422,1756.379,1769.729,467.000,2.641,0.480,0.507,0.525,0.533,0.528,1.800,1.700,0.790,0.783,1.500,0.873,0.873,1.100,0.847,0.873,0.800,0.833,0.873,0.500,0.832,0.873,0.600,0.837,0.873
20211009_1058,-21.310,174.380,532.300,FR.MONQ.00,44.367,1.194,156.264,1737.659,1783.414,1798.564,468.000,3.209,0.454,0.482,0.495,0.511,0.502,2.200,-3.500,0.801,-0.775,1.800,0.552,0.552,1.700,0.632,0.552,1.600,0.640,0.552,1.200,0.644,0.552,1.400,0.642,0.552
20211009_1058,-21.310,174.380,532.300,GE.PSZ.,47.918,19.894,146.429,1683.579,1718.267,1729.335,469.000,2.316,0.466,0.439,0.439,0.437,0.440,3.500,4.300,0.771,0.811,3.800,0.544,0.544,3.000,0.461,0.544,2.600,0.500,0.544,2.300,0.529,0.544,2.500,0.499,0.544
20211009_1058,-21.310,174.380,532.300,IV.BDI.,44.062,10.597,153.579,1723.207,1765.806,1779.768,470.000,1.563,0.188,0.190,0.225,0.233,0.225,2.300,1.900,0.823,0.701,1.200,0.946,0.946,1.500,0.940,0.946,1.200,0.941,0.946,1.100,0.942,0.946,1.200,0.941,0.946
20211009_1058,-21.310,174.380,532.300,BW.PART.,47.496,11.116,150.540,1706.573,1745.720,1758.401,471.000,1.369,0.089,0.073,0.074,0.076,0.076,-7.500,-4.800,0.706,0.628,-6.300,0.615,0.615,-6.500,0.620,0.615,-6.700,0.607,0.615,-7.000,0.591,0.615,-6.900,0.600,0.615
20211009_1058,-21.310,174.380,532.300,GU.RORO.,44.112,8.066,154.536,1728.382,1772.096,1786.477,472.000,1.394,0.048,0.033,0.021,0.010,0.020,11.000,1.700,0.712,-0.914,8.100,0.471,0.471,7.500,0.472,0.471,7.200,0.463,0.471,7.000,0.450,0.471,7.200,0.458,0.471
20211009_1058,-21.310,174.380,532.300,GU.IMI.,43.910,7.893,154.773,1729.659,1773.650,1788.137,473.000,1.212,0.501,0.447,0.432,0.424,0.432,-2.900,-2.300,0.565,0.533,-3.000,0.551,0.551,3.000,0.628,0.551,2.800,0.677,0.551,2.600,0.708,0.551,2.600,0.686,0.551
20211009_1058,-21.310,174.380,532.300,GR.FBRG.,52.906,10.198,146.149,1681.996,1716.389,1727.352,474.000,2.455,0.356,0.357,0.347,0.337,0.341,0.600,4.000,0.773,-0.918,-0.200,0.548,0.548,-0.200,0.541,0.548,6.800,0.546,0.548,6.500,0.547,0.548,6.500,0.548,0.548
20211009_1058,-21.310,174.380,532.300,NL.HRKB.,51.188,6.168,148.735,1696.544,1733.704,1745.660,475.000,2.141,0.356,0.402,0.413,0.411,0.415,1.600,2.000,0.834,0.802,0.600,0.706,0.706,0.100,0.692,0.706,-0.100,0.704,0.706,-0.300,0.708,0.706,-0.200,0.702,0.706
20211009_1058,-21.310,174.380,532.300,CH.ZUR.,47.369,8.581,151.529,1712.021,1752.275,1765.365,476.000,3.269,0.122,0.180,0.187,0.199,0.187,5.400,4.500,0.449,0.452,4.000,0.786,0.786,4.000,0.715,0.786,3.600,0.677,0.786,3.200,0.649,0.786,3.400,0.671,0.786
20211009_1058,-21.310,174.380,532.300,BW.RNON.,47.741,12.867,149.671,1701.760,1739.945,1752.273,477.000,1.503,0.009,0.042,0.060,0.076,0.064,2.700,-2.000,0.538,-0.828,-6.800,0.692,0.692,-7.000,0.707,0.692,-7.200,0.689,0.692,-7.400,0.677,0.692,-7.200,0.688,0.692
20211009_1058,-21.310,174.380,532.300,KO.KIZT.,38.881,31.883,143.461,1666.656,1698.265,1708.251,478.000,2.351,0.070,0.065,0.061,0.060,0.061,9.100,4.200,0.490,-0.608,6.400,0.677,0.677,7.800,0.513,0.677,7.300,0.488,0.677,7.200,0.511,0.677,7.400,0.524,0.677
20211009_1058,-21.310,174.380,532.300,NO.ARB5.00,69.536,25.498,128.267,1575.446,1593.566,1599.009,479.000,0.939,0.319,0.310,0.312,0.309,0.309,0.900,1.400,0.676,0.630,0.700,0.849,0.849,0.400,0.856,0.849,0.200,0.865,0.849,0.200,0.871,0.849,0.300,0.866,0.849
20211009_1058,-21.310,174.380,532.300,IV.PESA.,43.941,12.840,152.683,1718.338,1759.904,1773.481,480.000,2.963,0.404,0.385,0.382,0.384,0.377,1.500,0.900,0.958,0.882,1.100,0.890,0.890,0.500,0.839,0.890,0.200,0.806,0.890,-0.100,0.797,0.890,0.000,0.809,0.890
20211009_1058,-21.310,174.380,532.300,SX.SCHF.,50.677,12.403,147.408,1689.104,1724.833,1736.273,481.000,3.939,0.250,0.291,0.336,0.351,0.340,2.200,2.200,0.799,0.829,1.700,0.581,0.581,1.500,0.589,0.581,1.100,0.563,0.581,0.900,0.549,0.581,1.000,0.562,0.581
20211009_1058,-21.310,174.380,532.300,GB.LMK.,53.457,-0.326,147.599,1690.180,1726.114,1737.628,482.000,2.171,0.258,0.302,0.301,0.295,0.299,-0.500,-4.500,0.610,-0.684,-1.000,0.526,0.526,-1.400,0.546,0.526,-1.500,0.531,0.526,-1.800,0.525,0.526,-1.700,0.531,0.526
20211009_1058,-21.310,174.380,532.300,GR.GRB5.,49.111,11.675,148.981,1697.919,1735.347,1747.400,483.000,2.350,0.415,0.428,0.421,0.426,0.424,1.600,-2.300,0.334,-0.786,-6.600,0.543,0.543,-7.000,0.513,0.543,-7.300,0.502,0.543,-7.400,0.496,0.543,-7.400,0.504,0.543
20211009_1058,-21.310,174.380,532.300,KO.BAYT.,40.394,40.141,136.930,1628.369,1653.707,1661.541,484.000,1.031,0.038,0.066,0.069,0.071,0.069,-5.200,-4.800,0.699,0.298,-11.800,0.472,0.472,-10.900,0.556,0.472,-11.300,0.533,0.472,-11.300,0.528,0.472,-11.100,0.541,0.472
20211009_1058,-21.310,174.380,532.300,OE.WATA.,47.336,11.576,150.502,1706.362,1745.466,1758.132,485.000,3.476,0.423,0.469,0.490,0.497,0.486,0.700,1.200,0.554,0.542,0.500,0.909,0.909,0.200,0.930,0.909,0.000,0.936,0.909,-0.100,0.935,0.909,-0.100,0.937,0.909
20211009_1058,-21.310,174.380,532.300,SX.NEUB.,51.194,11.772,147.176,1687.800,1723.282,1734.633,486.000,2.211,0.467,0.509,0.540,0.548,0.544,2.600,-2.300,0.796,-0.937,2.200,0.610,0.610,1.800,0.612,0.610,1.400,0.636,0.610,1.200,0.653,0.610,1.300,0.639,0.610
20211009_1058,-21.310,174.380,532.300,KV.BULE.,-1.633,29.140,139.000,1640.650,1667.904,1676.387,487.000,5.039,0.436,0.394,0.372,0.365,0.375,-0.900,-0.800,0.616,0.658,4.300,0.342,0.342,4.600,0.291,0.342,4.100,0.310,0.342,4.000,0.309,0.342,4.200,0.291,0.342
20211009_1058,-21.310,174.380,532.300,RO.MLR.,45.491,25.945,144.650,1673.469,1706.294,1716.705,488.000,1.586,0.043,0.106,0.132,0.139,0.120,2.600,-2.100,0.331,-0.441,2.200,0.732,0.732,2.200,0.676,0.732,-8.600,0.588,0.732,-8.700,0.599,0.732,1.800,0.605,0.732
20211009_1058,-21.310,174.380,532.300,OE.MYKA.,46.630,13.642,150.241,1704.919,1743.733,1756.292,489.000,2.179,0.235,0.255,0.265,0.271,0.264,4.300,-3.100,0.353,0.108,2.900,0.696,0.696,2.900,0.630,0.696,2.800,0.634,0.696,2.600,0.637,0.696,2.600,0.638,0.696
20211009_1058,-21.310,174.380,532.300,IV.NRCA.,42.834,13.114,153.389,1722.178,1764.557,1778.437,490.000,4.981,0.261,0.258,0.289,0.304,0.285,2.300,2.400,0.840,0.739,2.100,0.681,0.681,2.100,0.672,0.681,1.700,0.647,0.681,1.500,0.648,0.681,1.700,0.656,0.681
20211009_1058,-21.310,174.380,532.300,G.IVI.00,61.206,-48.171,130.470,1589.139,1608.977,1614.970,491.000,1.788,0.044,0.078,0.089,0.078,0.078,2.900,3.100,0.864,0.872,2.400,0.822,0.822,2.100,0.798,0.822,2.100,0.838,0.822,2.100,0.846,0.822,2.100,0.827,0.822
20211009_1058,-21.310,174.380,532.300,NO.NC602.00,60.735,11.541,138.779,1639.349,1666.397,1674.809,492.000,2.028,0.354,0.336,0.339,0.333,0.335,2.200,0.800,0.682,0.357,1.100,0.661,0.661,1.000,0.642,0.661,0.600,0.628,0.661,0.500,0.612,0.661,0.700,0.622,0.661
20211009_1058,-21.310,174.380,532.300,CH.MFERR.,45.951,7.112,153.254,1721.443,1763.666,1777.488,493.000,1.625,0.132,0.149,0.158,0.160,0.157,0.000,-4.500,0.755,-0.507,6.100,0.470,0.470,5.900,0.501,0.470,5.800,0.512,0.470,5.600,0.519,0.470,5.700,0.516,0.470
20211009_1058,-21.310,174.380,532.300,GU.TRAV.,45.513,7.747,153.433,1722.418,1764.848,1778.747,494.000,1.743,0.197,0.187,0.204,0.210,0.209,3.400,3.300,0.864,0.804,2.600,0.938,0.938,2.700,0.931,0.938,2.400,0.935,0.938,2.300,0.937,0.938,2.400,0.936,0.938
20211009_1058,-21.310,174.380,532.300,GU.ROTM.,44.849,8.353,153.798,1724.394,1767.247,1781.304,495.000,2.596,0.314,0.294,0.298,0.289,0.300,-5.200,-4.900,0.555,0.710,-6.000,0.524,0.524,-6.000,0.543,0.524,-6.100,0.541,0.524,-6.200,0.539,0.524,-6.200,0.543,0.524
20211009_1058,-21.310,174.380,532.300,GE.RUE.,52.476,13.780,145.432,1677.928,1711.567,1722.263,496.000,2.294,0.470,0.489,0.521,0.531,0.520,2.400,2.400,0.781,0.778,1.800,0.853,0.853,1.600,0.892,0.853,1.300,0.893,0.853,1.100,0.891,0.853,1.200,0.891,0.853
20211009_1058,-21.310,174.380,532.300,CH.VDL.,46.483,9.449,152.002,1714.617,1755.406,1768.695,497.000,3.788,0.429,0.386,0.382,0.366,0.382,1.600,2.200,0.857,0.828,2.300,0.837,0.837,2.100,0.909,0.837,1.800,0.913,0.837,1.600,0.897,0.837,1.700,0.904,0.837
20211009_1058,-21.310,174.380,532.300,GE.PBUR.,56.024,21.929,139.727,1644.935,1672.878,1681.596,498.000,2.154,0.448,0.500,0.510,0.508,0.507,0.700,0.900,0.931,0.923,0.200,0.647,0.647,0.000,0.631,0.647,-0.600,0.652,0.647,-0.800,0.656,0.647,-0.700,0.645,0.647
20211009_1058,-21.310,174.380,532.300,RD.PGF.,42.548,8.999,155.486,1733.494,1778.324,1793.127,499.000,2.088,0.297,0.329,0.353,0.360,0.346,1.600,0.100,0.549,0.369,0.400,0.790,0.790,-0.100,0.833,0.790,-0.200,0.855,0.790,-0.400,0.863,0.790,-0.300,0.855,0.790
20211009_1058,-21.310,174.380,532.300,KO.BNGB.,38.991,40.679,136.797,1627.579,1652.797,1660.591,500.000,1.084,0.044,0.022,0.044,0.040,0.033,1.800,-4.400,0.569,0.255,9.200,0.489,0.489,9.400,0.448,0.489,9.300,0.458,0.489,9.300,0.453,0.489,9.300,0.455,0.489
20211009_1058,-21.310,174.380,532.300,IV.TERO.,42.623,13.604,153.302,1721.703,1763.981,1777.823,501.000,4.152,0.210,0.203,0.198,0.193,0.203,-10.300,-4.500,0.521,-0.720,-9.200,0.553,0.553,-9.400,0.490,0.553,-9.700,0.471,0.553,-10.000,0.473,0.553,-9.800,0.474,0.553
20211009_1058,-21.310,174.380,532.300,KO.BODT.,37.062,27.310,147.458,1689.388,1725.171,1736.631,502.000,0.580,-0.069,-0.027,-0.034,-0.033,-0.031,-5.600,-5.000,0.708,0.591,-0.900,0.512,0.512,-6.700,0.365,0.512,-7.100,0.500,0.512,-7.000,0.475,0.512,-6.900,0.442,0.512
20211009_1058,-21.310,174.380,532.300,CZ.PRU.,49.988,14.542,147.206,1687.968,1723.482,1734.844,503.000,1.083,0.193,0.214,0.211,0.204,0.208,5.300,5.000,0.816,0.877,5.000,0.696,0.696,4.600,0.687,0.696,4.100,0.694,0.696,3.900,0.706,0.696,4.000,0.697,0.696
20211009_1058,-21.310,174.380,532.300,IV.ATPC.,43.481,12.457,153.214,1721.227,1763.404,1777.208,504.000,1.796,0.102,0.177,0.226,0.250,0.218,3.100,3.000,0.698,0.602,3.000,0.813,0.813,2.800,0.826,0.813,2.500,0.827,0.813,2.300,0.832,0.813,2.500,0.832,0.813
20211009_1058,-21.310,174.380,532.300,RD.EPF.,43.031,0.340,157.716,1745.382,1792.887,1808.696,505.000,3.604,0.600,0.619,0.630,0.639,0.635,0.800,0.800,0.965,0.944,0.600,0.886,0.886,0.300,0.939,0.886,0.000,0.935,0.886,-0.200,0.927,0.886,0.000,0.930,0.886
20211009_1058,-21.310,174.380,532.300,IV.MESG.,40.589,17.850,152.299,1716.241,1757.368,1770.782,506.000,2.257,0.396,0.339,0.362,0.370,0.347,-0.400,-4.500,0.751,-0.973,1.800,0.316,0.316,2.700,0.346,0.316,3.100,0.374,0.316,3.200,0.377,0.316,3.000,0.360,0.316
20211009_1058,-21.310,174.380,532.300,GE.MARCO.,40.297,15.806,153.700,1723.861,1766.600,1780.614,507.000,0.821,0.245,0.268,0.258,0.250,0.257,-1.600,-1.400,0.690,0.689,-2.000,0.691,0.691,-1.700,0.706,0.691,-1.900,0.692,0.691,-2.100,0.686,0.691,-1.900,0.700,0.691
20211009_1058,-21.310,174.380,532.300,SX.MEINS.,50.732,12.881,147.198,1687.921,1723.426,1734.785,508.000,3.367,0.481,0.517,0.528,0.529,0.527,3.300,-2.000,0.398,-0.889,-6.700,0.642,0.642,-7.100,0.616,0.642,-7.400,0.605,0.642,-7.700,0.591,0.642,-7.600,0.600,0.642
20211009_1058,-21.310,174.380,532.300,CH.BNALP.,46.870,8.425,152.018,1714.700,1755.507,1768.801,509.000,3.527,0.394,0.414,0.414,0.413,0.418,2.400,2.400,0.540,0.590,2.300,0.498,0.498,2.300,0.470,0.498,2.000,0.444,0.498,1.600,0.412,0.498,1.800,0.427,0.498
20211009_1058,-21.310,174.380,532.300,KO.YEDI.,39.438,40.544,136.818,1627.703,1652.939,1660.739,510.000,1.791,0.111,0.212,0.244,0.240,0.222,2.000,-2.600,0.406,0.129,-9.200,0.616,0.616,-8.400,0.552,0.616,-8.900,0.571,0.616,-8.800,0.567,0.616,-8.700,0.566,0.616
20211009_1058,-21.310,174.380,532.300,IV.SSFR.,43.436,12.782,153.096,1720.582,1762.622,1776.376,511.000,2.871,0.368,0.343,0.337,0.346,0.344,2.900,2.500,0.868,0.794,3.500,0.810,0.810,3.200,0.814,0.810,2.900,0.810,0.810,2.700,0.808,0.810,2.900,0.810,0.810
20211009_1058,-21.310,174.380,532.300,GR.WET.,49.145,12.880,148.518,1695.331,1732.256,1744.126,512.000,1.348,0.359,0.400,0.428,0.442,0.433,2.200,1.800,0.637,0.663,1.500,0.703,0.703,1.100,0.752,0.703,0.800,0.761,0.703,0.700,0.774,0.703,0.700,0.762,0.703
20211009_1058,-21.310,174.380,532.300,NO.NC204.00,61.276,10.763,138.439,1637.336,1664.065,1672.369,513.000,1.957,0.389,0.411,0.417,0.408,0.405,5.000,2.300,0.596,0.019,4.600,0.466,0.466,4.300,0.469,0.466,4.100,0.491,0.466,4.000,0.497,0.466,4.100,0.488,0.466
20211009_1058,-21.310,174.380,532.300,RO.VOIR.,45.437,25.049,145.205,1676.638,1710.039,1720.653,514.000,1.912,0.344,0.408,0.288,0.291,0.398,3.400,4.200,0.715,0.738,3.600,0.586,0.586,-0.100,0.801,0.586,2.200,0.818,0.586,2.100,0.828,0.586,-0.500,0.688,0.586
20211009_1058,-21.310,174.380,532.300,FR.ISO.00,44.184,7.050,154.836,1729.998,1774.063,1788.577,515.000,1.589,0.496,0.521,0.530,0.534,0.532,1.700,1.900,0.935,0.924,1.400,0.937,0.937,0.700,0.954,0.937,0.400,0.947,0.937,0.300,0.940,0.937,0.400,0.947,0.937
20211009_1058,-21.310,174.380,532.300,GB.IOMK.,54.261,-4.566,147.040,1687.030,1722.367,1733.666,516.000,2.339,0.368,0.358,0.368,0.374,0.371,1.600,1.600,0.867,0.884,1.500,0.737,0.737,1.600,0.781,0.737,1.400,0.762,0.737,1.300,0.740,0.737,1.300,0.753,0.737
20211009_1058,-21.310,174.380,532.300,II.XBFO.50,48.330,8.330,150.760,1707.786,1747.177,1759.949,517.000,1.978,0.294,0.284,0.299,0.306,0.305,2.900,3.200,0.692,0.809,2.400,0.718,0.718,2.100,0.612,0.718,1.700,0.595,0.718,1.400,0.600,0.718,1.500,0.601,0.718
20211009_1058,-21.310,174.380,532.300,IV.MRLC.,40.756,15.489,153.585,1723.243,1765.849,1779.814,518.000,2.260,0.201,0.296,0.294,0.298,0.297,-3.500,3.000,0.765,-0.076,1.600,0.678,0.678,1.500,0.686,0.678,1.300,0.731,0.678,1.100,0.763,0.678,1.300,0.729,0.678
20211009_1058,-21.310,174.380,532.300,FR.ATE.00,43.086,-0.701,157.840,1746.039,1793.694,1809.560,519.000,1.389,0.209,0.329,0.353,0.389,0.375,3.200,2.800,0.827,0.805,2.600,0.869,0.869,2.200,0.898,0.869,2.100,0.902,0.869,1.700,0.911,0.869,1.900,0.907,0.869
20211009_1058,-21.310,174.380,532.300,OX.DRE.,46.173,13.645,150.597,1706.886,1746.096,1758.800,520.000,1.367,0.481,0.475,0.483,0.475,0.483,1.300,5.400,0.742,-0.712,0.400,0.746,0.746,0.200,0.750,0.746,-0.100,0.744,0.746,-0.100,0.745,0.746,-0.100,0.746,0.746
20211009_1058,-21.310,174.380,532.300,FR.BSTF.00,43.801,5.643,155.642,1734.332,1779.348,1794.220,521.000,0.350,0.027,0.029,0.028,0.028,0.029,-0.100,-4.000,0.584,0.996,-0.100,0.404,0.404,-3.900,0.456,0.404,-0.100,0.462,0.404,-0.100,0.468,0.404,-0.200,0.462,0.404
20211009_1058,-21.310,174.380,532.300,CH.GRYON.,46.251,7.111,152.988,1719.995,1761.910,1775.617,522.000,2.585,0.244,0.291,0.304,0.304,0.309,3.900,4.000,0.701,0.541,4.000,0.878,0.878,3.700,0.879,0.878,3.500,0.874,0.878,3.300,0.868,0.878,3.400,0.870,0.878
20211009_1058,-21.310,174.380,532.300,OE.RONA.,47.700,16.296,148.264,1693.909,1730.558,1742.329,523.000,2.181,0.355,0.363,0.359,0.359,0.359,-1.000,-1.100,0.590,0.356,-1.400,0.648,0.648,-2.000,0.700,0.648,-2.400,0.722,0.648,-2.600,0.735,0.648,-2.400,0.723,0.648
20211009_1058,-21.310,174.380,532.300,KO.URFA.,37.441,38.821,138.508,1637.747,1664.542,1672.868,524.000,0.853,0.242,0.256,0.248,0.251,0.254,1.300,1.300,0.880,0.860,-1.400,0.780,0.780,-1.600,0.705,0.780,-1.900,0.836,0.780,-1.800,0.812,0.780,-1.700,0.778,0.780
20211009_1058,-21.310,174.380,532.300,NL.HGN.02,50.764,5.932,149.184,1699.048,1736.697,1748.831,525.000,2.843,0.326,0.313,0.308,0.306,0.307,1.700,-4.100,0.807,-0.551,-0.300,0.586,0.586,-0.400,0.581,0.586,-0.700,0.585,0.586,-0.900,0.588,0.586,-0.800,0.583,0.586
20211009_1058,-21.310,174.380,532.300,GB.HPK.,53.958,-1.624,147.211,1687.993,1723.511,1734.876,526.000,2.918,0.154,0.121,0.132,0.139,0.133,2.500,3.000,0.475,0.475,1.700,0.640,0.640,1.500,0.614,0.640,1.200,0.629,0.640,1.100,0.640,0.640,1.200,0.632,0.640
20211009_1058,-21.310,174.380,532.300,MN.WDD.,35.837,14.524,157.195,1742.617,1789.490,1805.061,527.000,0.352,0.010,0.005,0.007,0.008,0.008,-5.600,-4.400,0.298,0.981,-5.400,0.347,0.347,-5.600,0.298,0.347,-5.800,0.330,0.347,-5.800,0.344,0.347,-5.700,0.329,0.347
20211009_1058,-21.310,174.380,532.300,IV.CRE.,43.619,11.952,153.340,1721.908,1764.230,1778.088,528.000,4.695,0.302,0.307,0.329,0.339,0.325,-2.200,-1.900,0.512,0.530,2.500,0.722,0.722,2.600,0.700,0.722,2.400,0.717,0.722,2.100,0.721,0.722,2.300,0.715,0.722
20211009_1058,-21.310,174.380,532.300,KV.BUTK.,-1.539,29.392,138.850,1639.769,1666.884,1675.319,529.000,3.545,0.577,0.549,0.549,0.546,0.549,0.400,-2.900,0.783,-0.641,-0.100,0.713,0.713,0.200,0.709,0.713,-0.100,0.695,0.713,-0.100,0.702,0.713,-0.100,0.701,0.713
20211009_1058,-21.310,174.380,532.300,OE.SOKA.,46.678,15.033,149.598,1701.353,1739.457,1751.757,530.000,3.199,0.262,0.294,0.308,0.309,0.305,-4.900,0.100,0.822,-0.578,-5.000,0.802,0.802,-5.100,0.834,0.802,-5.200,0.815,0.802,-5.300,0.805,0.802,-5.300,0.812,0.802
20211009_1058,-21.310,174.380,532.300,BW.GRMB.,48.141,11.264,149.945,1703.281,1741.767,1754.207,531.000,3.096,0.200,0.247,0.252,0.252,0.249,-5.400,-4.900,0.603,0.645,0.500,0.684,0.684,0.800,0.614,0.684,0.600,0.613,0.684,0.400,0.608,0.684,0.400,0.614,0.684
20211009_1058,-21.310,174.380,532.300,IV.BRMO.,46.476,10.372,151.672,1712.808,1753.224,1766.373,532.000,0.345,0.063,0.076,0.075,0.072,0.075,-0.100,0.000,0.992,0.997,1.500,0.415,0.415,1.300,0.533,0.415,1.000,0.556,0.415,1.000,0.538,0.415,1.000,0.545,0.415
20211009_1058,-21.310,174.380,532.300,CH.SALEV.,46.060,6.097,153.466,1722.596,1765.064,1778.977,533.000,1.884,0.329,0.312,0.332,0.342,0.345,2.700,3.200,0.728,0.802,2.400,0.777,0.777,2.300,0.796,0.777,2.200,0.797,0.777,2.100,0.791,0.777,2.000,0.795,0.777
20211009_1058,-21.310,174.380,532.300,FR.CALF.01,43.753,6.922,155.258,1732.270,1776.831,1791.533,534.000,3.017,0.364,0.373,0.392,0.398,0.392,1.400,-3.700,0.557,-0.204,0.600,0.630,0.630,0.200,0.534,0.630,-0.300,0.513,0.630,-0.500,0.512,0.630,-0.400,0.517,0.630
20211009_1058,-21.310,174.380,532.300,GE.MTE.,40.400,-7.544,160.840,1761.766,1813.136,1830.410,535.000,1.758,0.211,0.269,0.281,0.286,0.293,2.900,3.100,0.761,0.858,2.900,0.920,0.920,3.000,0.896,0.920,2.700,0.894,0.920,2.500,0.893,0.920,2.500,0.891,0.920
20211009_1058,-21.310,174.380,532.300,GR.GTTG.,51.546,9.964,147.422,1689.181,1724.925,1736.370,536.000,1.976,0.433,0.479,0.493,0.495,0.494,6.500,-1.900,0.342,-0.714,0.600,0.531,0.531,0.300,0.555,0.531,0.000,0.552,0.531,-0.200,0.554,0.531,-0.100,0.558,0.531
20211009_1058,-21.310,174.380,532.300,GE.ISP.00,37.843,30.509,144.803,1674.342,1707.325,1717.792,537.000,1.410,-0.013,-0.047,-0.047,-0.045,-0.042,-0.500,-1.100,0.644,0.468,8.400,0.523,0.523,-4.200,0.601,0.523,-3.800,0.704,0.523,-3.900,0.698,0.523,-3.900,0.665,0.523
20211009_1058,-21.310,174.380,532.300,FR.CLEV.00,48.549,1.389,152.190,1715.641,1756.643,1770.011,538.000,2.123,0.380,0.345,0.381,0.401,0.389,2.600,2.800,0.931,0.850,1.600,0.740,0.740,1.900,0.739,0.740,1.700,0.732,0.740,1.400,0.727,0.740,1.500,0.727,0.740
20211009_1058,-21.310,174.380,532.300,WM.SFS.,36.466,-6.206,164.836,1782.263,1838.764,1858.014,539.000,3.766,0.452,0.327,0.346,0.357,0.339,1.400,0.800,0.872,0.814,1.300,0.930,0.930,1.400,0.877,0.930,1.300,0.879,0.930,1.000,0.885,0.930,1.100,0.877,0.930
20211009_1058,-21.310,174.380,532.300,GR.FUR.,48.164,11.277,149.921,1703.145,1741.605,1754.034,540.000,4.576,0.292,0.352,0.358,0.367,0.361,-5.700,-5.000,0.702,0.699,0.300,0.692,0.692,0.500,0.595,0.692,0.200,0.598,0.692,0.100,0.590,0.692,0.100,0.596,0.692
20211009_1058,-21.310,174.380,532.300,NL.TERZ.00,50.757,5.906,149.196,1699.118,1736.781,1748.920,541.000,2.826,0.309,0.284,0.302,0.305,0.300,2.000,-4.300,0.661,-0.587,3.400,0.554,0.554,3.100,0.524,0.554,2.900,0.507,0.554,2.600,0.498,0.554,2.800,0.504,0.554
20211009_1058,-21.310,174.380,532.300,EI.DSB.,53.245,-6.376,148.060,1692.764,1729.193,1740.885,542.000,2.252,0.460,0.404,0.417,0.426,0.420,0.700,1.400,0.853,0.842,0.700,0.793,0.793,0.500,0.695,0.793,0.200,0.705,0.793,0.000,0.721,0.793,0.000,0.714,0.793
20211009_1058,-21.310,174.380,532.300,LU.ARSD.,49.864,5.857,150.038,1703.793,1742.382,1754.859,543.000,1.356,0.252,0.266,0.272,0.278,0.274,3.200,2.100,0.560,0.541,1.200,0.928,0.928,1.100,0.929,0.928,0.900,0.931,0.928,0.600,0.931,0.928,0.700,0.931,0.928
20211009_1058,-21.310,174.380,532.300,TA.M65A.,41.562,-70.647,122.371,1538.051,1551.969,1556.108,544.000,1.495,-0.017,0.140,0.124,0.128,0.136,4.400,-4.600,0.467,-0.592,-4.300,0.821,0.821,5.900,0.436,0.821,6.500,0.437,0.821,6.300,0.439,0.821,6.100,0.441,0.821
20211009_1058,-21.310,174.380,532.300,LU.KLB.,50.100,6.109,149.759,1702.245,1740.526,1752.890,545.000,4.997,0.611,0.598,0.595,0.589,0.580,0.900,0.800,0.800,0.841,-0.100,0.914,0.914,-0.100,0.914,0.914,-0.400,0.914,0.914,-0.700,0.919,0.914,-0.600,0.918,0.914
20211009_1058,-21.310,174.380,532.300,GE.SUMG.10,72.574,-38.462,125.530,1558.235,1574.324,1579.133,546.000,1.463,0.100,0.123,0.089,0.065,0.088,-0.300,-2.700,0.590,-0.316,5.300,0.538,0.538,5.800,0.608,0.538,5.500,0.526,0.538,5.500,0.519,0.538,5.700,0.553,0.538
20211009_1058,-21.310,174.380,532.300,CH.GIMEL.,46.534,6.265,152.988,1719.997,1761.913,1775.620,547.000,1.857,0.412,0.416,0.418,0.432,0.433,2.100,2.100,0.970,0.914,1.900,0.922,0.922,1.600,0.910,0.922,1.500,0.906,0.922,1.200,0.906,0.922,1.300,0.905,0.922
20211009_1058,-21.310,174.380,532.300,MN.ISP.00,37.843,30.509,144.803,1674.342,1707.325,1717.792,548.000,1.410,-0.013,-0.047,-0.047,-0.045,-0.042,-0.500,-1.100,0.644,0.468,8.400,0.523,0.523,-4.200,0.601,0.523,-3.800,0.704,0.523,-3.900,0.698,0.523,-3.900,0.665,0.523
20211009_1058,-21.310,174.380,532.300,GE.PUL.,59.767,30.317,133.931,1610.333,1633.027,1639.965,549.000,1.131,0.202,0.188,0.172,0.168,0.175,-1.100,-0.800,0.474,0.465,-1.400,0.732,0.732,-1.100,0.739,0.732,-1.500,0.730,0.732,-1.500,0.725,0.732,-1.300,0.730,0.732
20211009_1058,-21.310,174.380,532.300,SL.ZAVS.,46.434,15.025,149.787,1702.401,1740.713,1753.088,550.000,2.107,0.266,0.272,0.275,0.270,0.269,5.000,-3.600,0.410,-0.464,4.900,0.714,0.714,5.000,0.616,0.714,4.800,0.592,0.714,4.600,0.575,0.714,4.700,0.593,0.714
20211009_1058,-21.310,174.380,532.300,BW.BGDS.,47.635,13.028,149.693,1701.880,1740.089,1752.426,551.000,2.248,0.289,0.322,0.336,0.336,0.333,3.800,4.100,0.706,0.612,3.300,0.857,0.857,3.300,0.881,0.857,3.100,0.880,0.857,3.000,0.885,0.857,3.000,0.882,0.857
20211009_1058,-21.310,174.380,532.300,GE.WLF.,49.665,6.153,150.151,1704.420,1743.135,1755.657,552.000,3.201,0.393,0.421,0.442,0.459,0.444,2.000,2.100,0.875,0.819,1.100,0.916,0.916,0.900,0.925,0.916,0.700,0.931,0.916,0.500,0.938,0.916,0.400,0.936,0.916
20211009_1058,-21.310,174.380,532.300,GR.MILB.,49.828,9.292,149.140,1698.804,1736.406,1748.522,553.000,1.774,0.275,0.302,0.328,0.343,0.332,3.900,-3.300,0.724,-0.674,1.400,0.571,0.571,1.100,0.615,0.571,0.900,0.628,0.571,0.700,0.636,0.571,0.800,0.625,0.571
20211009_1058,-21.310,174.380,532.300,TH.NEUST.,51.578,10.864,147.127,1687.523,1722.953,1734.286,554.000,1.944,0.486,0.515,0.524,0.521,0.522,7.400,3.600,0.526,-0.706,7.000,0.569,0.569,6.700,0.596,0.569,6.400,0.615,0.569,6.200,0.625,0.569,6.300,0.618,0.569
20211009_1058,-21.310,174.380,532.300,GB.JSA.,49.188,-2.172,151.987,1714.534,1755.307,1768.589,555.000,2.661,0.422,0.400,0.409,0.409,0.409,3.400,-4.000,0.643,-0.810,-0.400,0.603,0.603,-0.100,0.550,0.603,-0.400,0.560,0.603,-0.800,0.567,0.603,-0.700,0.563,0.603
20211009_1058,-21.310,174.380,532.300,IV.CMDO.,37.464,13.823,156.686,1739.909,1786.169,1801.510,556.000,0.883,-0.078,-0.197,-0.169,-0.164,-0.183,-3.200,-3.400,0.774,0.824,-3.800,0.808,0.808,-3.900,0.852,0.808,-4.000,0.869,0.808,-4.100,0.874,0.808,-4.100,0.865,0.808
20211009_1058,-21.310,174.380,532.300,CR.MOSL.,45.613,16.754,149.578,1701.240,1739.322,1751.613,557.000,1.154,0.131,0.131,0.131,0.134,0.142,3.300,-0.700,0.808,-0.431,2.400,0.634,0.634,2.500,0.729,0.634,2.300,0.770,0.634,2.200,0.794,0.634,2.200,0.768,0.634
20211009_1058,-21.310,174.380,532.300,GE.WIN.,-22.569,17.091,130.851,1591.494,1611.637,1617.729,558.000,20.452,0.460,0.466,0.462,0.433,0.441,-1.200,-1.100,0.946,0.965,-2.000,0.911,0.911,-1.800,0.893,0.911,-1.900,0.898,0.911,-2.100,0.914,0.911,-2.100,0.904,0.911
20211009_1058,-21.310,174.380,532.300,IU.MACI.,28.250,-16.508,167.932,1797.808,1858.406,1879.286,559.000,2.466,0.368,0.338,0.338,0.340,0.339,0.300,0.000,0.671,0.658,-0.400,0.908,0.908,-0.400,0.840,0.908,-0.300,0.860,0.908,-0.300,0.860,0.908,-0.300,0.852,0.908
20211009_1058,-21.310,174.380,532.300,GR.GRB1.,49.390,11.651,148.754,1696.651,1733.832,1745.795,560.000,1.878,0.259,0.304,0.339,0.358,0.349,3.400,3.300,0.754,0.878,2.700,0.781,0.781,2.200,0.790,0.781,2.000,0.801,0.781,1.800,0.811,0.781,1.800,0.798,0.781
20211009_1058,-21.310,174.380,532.300,FR.WLS.00,48.413,7.354,150.975,1708.971,1748.603,1761.463,561.000,1.149,0.249,0.270,0.270,0.269,0.270,-2.000,1.700,0.473,0.244,0.900,0.746,0.746,0.700,0.771,0.746,0.400,0.769,0.746,0.100,0.767,0.746,0.300,0.771,0.746
20211009_1058,-21.310,174.380,532.300,GE.MORC.,49.777,17.543,146.160,1682.060,1716.465,1727.432,562.000,2.824,0.236,0.290,0.300,0.305,0.299,4.500,4.800,0.749,0.817,4.600,0.793,0.793,4.200,0.788,0.793,3.900,0.803,0.793,3.700,0.815,0.793,3.800,0.806,0.793
20211009_1058,-21.310,174.380,532.300,CR.DBRK.,42.669,18.147,150.835,1708.202,1747.677,1760.480,563.000,2.161,0.302,0.223,0.215,0.204,0.226,-8.800,3.200,0.606,0.546,2.800,0.560,0.560,2.600,0.579,0.560,2.300,0.567,0.560,2.300,0.563,0.560,2.300,0.565,0.560
20211009_1058,-21.310,174.380,532.300,CH.SULZ.,47.528,8.112,151.539,1712.076,1752.341,1765.435,564.000,3.181,0.410,0.402,0.405,0.417,0.421,2.700,2.900,0.824,0.802,2.200,0.927,0.927,2.000,0.921,0.927,1.700,0.904,0.927,1.400,0.890,0.927,1.500,0.902,0.927
20211009_1058,-21.310,174.380,532.300,OX.MLN.,46.150,12.615,151.054,1709.407,1749.126,1762.019,565.000,3.018,0.327,0.285,0.296,0.294,0.295,1.800,-2.900,0.486,-0.696,-8.600,0.461,0.461,-8.700,0.491,0.461,-9.000,0.476,0.461,-9.200,0.466,0.461,-9.000,0.476,0.461
20211009_1058,-21.310,174.380,532.300,FR.ARBF.00,43.492,5.332,156.019,1736.349,1781.812,1796.852,566.000,2.556,0.361,0.363,0.391,0.413,0.394,3.000,3.300,0.773,0.780,2.700,0.839,0.839,2.600,0.826,0.839,2.300,0.838,0.839,2.100,0.853,0.839,2.200,0.842,0.839
20211009_1058,-21.310,174.380,532.300,NO.ARA0.00,69.535,25.506,128.266,1575.443,1593.563,1599.006,567.000,0.947,0.314,0.306,0.308,0.306,0.306,0.900,1.400,0.668,0.629,0.700,0.832,0.832,0.400,0.839,0.832,0.200,0.847,0.832,0.200,0.853,0.832,0.300,0.848,0.832
20211009_1058,-21.310,174.380,532.300,OX.BALD.,45.683,10.819,152.162,1715.491,1756.463,1769.818,568.000,2.480,0.429,0.346,0.336,0.331,0.338,-3.500,-3.200,0.523,0.464,-4.000,0.535,0.535,-4.100,0.511,0.535,-4.400,0.488,0.535,2.400,0.471,0.535,-4.500,0.481,0.535
20211009_1058,-21.310,174.380,532.300,KO.GAZ.,37.172,37.210,139.818,1645.469,1673.498,1682.245,569.000,3.117,0.534,0.421,0.410,0.411,0.414,1.600,1.800,0.769,0.744,1.900,0.621,0.621,-2.400,0.600,0.621,-2.100,0.725,0.621,-2.000,0.701,0.621,-2.200,0.671,0.621
20211009_1058,-21.310,174.380,532.300,CZ.OKC.,49.835,18.140,145.861,1680.365,1714.454,1725.310,570.000,2.086,0.493,0.469,0.478,0.476,0.483,2.700,2.900,0.807,0.612,2.400,0.717,0.717,2.000,0.676,0.717,1.700,0.696,0.717,1.500,0.710,0.717,1.600,0.698,0.717
20211009_1058,-21.310,174.380,532.300,IV.CESX.,42.608,12.587,153.815,1724.485,1767.358,1781.422,571.000,2.636,0.301,0.249,0.278,0.283,0.271,-3.700,-3.700,0.713,0.626,-4.200,0.679,0.679,-4.100,0.688,0.679,-4.200,0.676,0.679,-4.400,0.668,0.679,-4.300,0.675,0.679
20211009_1058,-21.310,174.380,532.300,CH.DAGMA.,47.231,8.012,151.833,1713.689,1754.287,1767.504,572.000,1.726,0.219,0.198,0.193,0.200,0.209,1.900,-1.400,0.533,-0.616,-5.800,0.432,0.432,-6.000,0.422,0.432,-6.300,0.419,0.432,-6.700,0.438,0.432,-6.500,0.432,0.432
20211009_1058,-21.310,174.380,532.300,FR.DOU.00,50.096,4.595,150.106,1704.173,1742.838,1755.342,573.000,2.963,0.206,0.278,0.282,0.281,0.281,-1.400,-2.300,0.620,0.429,2.300,0.492,0.492,2.000,0.472,0.492,1.700,0.483,0.492,1.400,0.503,0.492,1.500,0.496,0.492
20211009_1058,-21.310,174.380,532.300,CH.FUORN.,46.620,10.264,151.591,1712.362,1752.686,1765.802,574.000,2.518,0.591,0.544,0.535,0.533,0.533,0.700,0.900,0.895,0.902,0.600,0.959,0.959,0.200,0.943,0.959,-0.100,0.936,0.959,-0.400,0.930,0.959,-0.200,0.937,0.959
20211009_1058,-21.310,174.380,532.300,GE.FALKS.,51.682,11.266,146.915,1686.324,1721.528,1732.779,575.000,1.454,0.407,0.445,0.449,0.449,0.450,-5.500,4.100,0.624,-0.301,-5.900,0.565,0.565,-6.100,0.549,0.565,-6.400,0.542,0.565,-6.700,0.545,0.565,-6.500,0.546,0.565
20211009_1058,-21.310,174.380,532.300,CH.METMA.,47.712,8.253,151.332,1710.935,1750.967,1763.974,576.000,2.231,0.404,0.418,0.435,0.457,0.451,2.700,2.500,0.750,0.769,2.300,0.927,0.927,2.000,0.857,0.927,1.700,0.838,0.927,1.300,0.836,0.927,1.400,0.841,0.927
20211009_1058,-21.310,174.380,532.300,NL.OPLO.01,51.589,5.812,148.441,1694.899,1731.740,1743.580,577.000,2.283,0.474,0.500,0.505,0.510,0.506,0.800,0.700,0.821,0.794,0.400,0.924,0.924,0.100,0.939,0.924,-0.100,0.938,0.924,-0.300,0.937,0.924,-0.300,0.938,0.924
20211009_1058,-21.310,174.380,532.300,CH.BERGE.,47.872,8.178,151.214,1710.286,1750.185,1763.143,578.000,1.719,0.336,0.366,0.378,0.393,0.391,3.300,2.900,0.696,0.760,2.600,0.890,0.890,2.200,0.826,0.890,2.000,0.807,0.890,1.600,0.801,0.890,1.700,0.808,0.890
20211009_1058,-21.310,174.380,532.300,CZ.JAVC.,48.859,17.671,146.790,1685.620,1720.691,1731.895,579.000,2.316,0.435,0.431,0.413,0.404,0.416,-7.900,-4.200,0.635,-0.709,-8.600,0.624,0.624,-9.000,0.559,0.624,-9.300,0.546,0.624,-9.500,0.536,0.624,-9.400,0.545,0.624
20211009_1058,-21.310,174.380,532.300,TH.KAMM.,51.048,12.431,147.085,1687.285,1722.670,1733.986,580.000,3.630,0.550,0.567,0.589,0.596,0.595,-8.600,-2.600,0.641,-0.546,-7.800,0.645,0.645,-8.200,0.615,0.645,0.300,0.617,0.645,0.000,0.625,0.645,0.100,0.619,0.645
20211009_1058,-21.310,174.380,532.300,WI.ILAM.00,14.774,-60.875,127.306,1569.434,1586.825,1592.040,581.000,1.406,0.296,0.337,0.347,0.345,0.334,0.700,4.600,0.885,-0.586,0.300,0.811,0.811,0.100,0.766,0.811,-0.800,0.814,0.811,-0.300,0.774,0.811,0.000,0.759,0.811
20211009_1058,-21.310,174.380,532.300,BW.HROE.,50.537,10.157,148.254,1693.853,1730.492,1742.259,582.000,2.384,0.372,0.356,0.360,0.359,0.354,-0.200,-3.900,0.563,-0.918,-0.400,0.551,0.551,-0.700,0.610,0.551,-1.000,0.620,0.551,-1.100,0.627,0.551,-1.100,0.622,0.551
20211009_1058,-21.310,174.380,532.300,FR.SALF.00,42.759,1.188,157.807,1745.865,1793.481,1809.331,583.000,3.238,0.510,0.557,0.566,0.579,0.575,1.300,1.600,0.822,0.838,1.200,0.854,0.854,0.900,0.848,0.854,0.700,0.860,0.854,0.500,0.870,0.854,0.600,0.865,0.854
20211009_1058,-21.310,174.380,532.300,IV.TOLF.,42.064,12.000,154.510,1728.242,1771.925,1786.296,584.000,2.500,0.349,0.379,0.389,0.392,0.391,2.800,2.700,0.869,0.914,2.800,0.836,0.836,2.400,0.822,0.836,2.200,0.804,0.836,2.100,0.798,0.836,2.200,0.807,0.836
20211009_1058,-21.310,174.380,532.300,NA.SABQ.01,17.627,-63.249,125.833,1560.150,1576.457,1581.334,585.000,4.153,0.475,0.530,0.546,0.540,0.537,1.200,1.500,0.631,0.648,1.100,0.577,0.577,0.700,0.482,0.577,0.200,0.501,0.577,0.600,0.499,0.577,0.700,0.491,0.577
20211009_1058,-21.310,174.380,532.300,PR.OBIP.,18.043,-66.606,122.833,1541.023,1555.247,1559.480,586.000,1.191,0.124,0.092,0.114,0.104,0.097,-3.700,-3.800,0.776,0.674,-3.500,0.710,0.710,-4.100,0.627,0.710,-4.800,0.678,0.710,-4.300,0.634,0.710,-4.100,0.622,0.710
20211009_1058,-21.310,174.380,532.300,RO.GHRR.,46.061,27.408,143.483,1666.778,1698.408,1708.401,587.000,2.233,0.257,0.111,0.095,0.105,0.094,-7.500,-3.700,0.698,-0.706,-0.400,0.420,0.420,-2.000,0.466,0.420,-2.200,0.508,0.420,-2.200,0.517,0.420,-2.300,0.501,0.420
20211009_1058,-21.310,174.380,532.300,GR.GEC2.,48.844,13.701,148.452,1694.964,1731.818,1743.662,588.000,1.666,0.263,0.276,0.281,0.293,0.285,2.300,1.500,0.670,0.636,1.000,0.784,0.784,0.500,0.801,0.784,0.200,0.807,0.784,0.000,0.822,0.784,0.100,0.809,0.784
20211009_1058,-21.310,174.380,532.300,MD.PURM.,46.529,29.872,141.775,1656.907,1686.833,1696.233,589.000,1.360,0.126,0.105,0.110,0.108,0.106,-0.500,-0.400,0.441,0.955,-0.300,0.890,0.890,-0.400,0.894,0.890,-0.700,0.829,0.890,-0.800,0.818,0.890,-0.700,0.844,0.890
20211009_1058,-21.310,174.380,532.300,NO.NB201.00,61.049,11.294,138.543,1637.952,1664.778,1673.115,590.000,1.849,0.296,0.340,0.358,0.359,0.350,3.600,3.600,0.710,0.409,2.900,0.873,0.873,2.700,0.886,0.873,2.400,0.899,0.873,2.400,0.906,0.873,2.500,0.900,0.873
20211009_1058,-21.310,174.380,532.300,CH.MUTEZ.,47.506,7.649,151.701,1712.964,1753.412,1766.574,591.000,1.861,0.207,0.220,0.237,0.251,0.251,4.100,3.600,0.662,0.697,2.500,0.847,0.847,2.300,0.793,0.847,2.000,0.786,0.847,1.600,0.783,0.847,1.700,0.787,0.847
20211009_1058,-21.310,174.380,532.300,CH.TRULL.,47.649,8.682,151.251,1710.493,1750.434,1763.408,592.000,2.427,0.499,0.559,0.566,0.569,0.570,1.400,1.600,0.779,0.768,1.000,0.827,0.827,0.900,0.802,0.827,0.700,0.772,0.827,0.300,0.739,0.827,0.400,0.759,0.827
20211009_1058,-21.310,174.380,532.300,RO.BURAR.,47.644,25.200,143.860,1668.949,1700.965,1711.092,593.000,2.040,0.371,0.275,0.228,0.213,0.241,1.100,-4.200,0.511,-0.775,-1.700,0.717,0.717,-2.200,0.781,0.717,-2.400,0.788,0.717,-2.600,0.791,0.717,-2.500,0.788,0.717
20211009_1058,-21.310,174.380,532.300,DK.SUMG.10,72.574,-38.462,125.530,1558.235,1574.324,1579.133,594.000,1.463,0.100,0.123,0.089,0.065,0.088,-0.300,-2.700,0.590,-0.316,5.300,0.538,0.538,5.800,0.608,0.538,5.500,0.526,0.538,5.500,0.519,0.538,5.700,0.553,0.538
20211009_1058,-21.310,174.380,532.300,CH.SLE.,47.764,8.492,151.210,1710.265,1750.160,1763.117,595.000,1.716,0.331,0.318,0.337,0.333,0.340,2.700,3.300,0.757,0.780,2.400,0.826,0.826,2.300,0.770,0.826,1.900,0.740,0.826,1.700,0.720,0.826,1.800,0.736,0.826
20211009_1058,-21.310,174.380,532.300,BW.BIB.,48.152,11.247,149.942,1703.259,1741.741,1754.179,596.000,0.341,-0.018,-0.029,-0.030,-0.026,-0.028,-5.100,-4.600,0.554,0.867,-6.200,0.729,0.729,-6.100,0.733,0.729,-6.400,0.743,0.729,-6.500,0.754,0.729,-6.500,0.751,0.729
20211009_1058,-21.310,174.380,532.300,IV.HVZN.,37.178,14.715,156.295,1737.825,1783.618,1798.782,597.000,4.823,0.315,0.335,0.332,0.324,0.334,2.400,2.300,0.711,0.826,2.400,0.761,0.761,2.500,0.485,0.761,2.200,0.450,0.761,2.100,0.451,0.761,2.200,0.448,0.761
20211009_1058,-21.310,174.380,532.300,CH.VINZL.,46.452,6.278,153.058,1720.381,1762.378,1776.115,598.000,2.936,0.419,0.443,0.453,0.467,0.462,2.600,3.000,0.876,0.843,2.600,0.886,0.886,2.300,0.872,0.886,2.200,0.863,0.886,1.900,0.854,0.886,2.000,0.856,0.886
20211009_1058,-21.310,174.380,532.300,MN.BLY.,44.749,17.184,149.971,1703.420,1741.935,1754.385,599.000,2.795,0.354,0.326,0.340,0.344,0.339,0.100,2.200,0.771,0.574,8.100,0.336,0.336,0.300,0.468,0.336,-0.600,0.485,0.336,-0.600,0.500,0.336,-0.600,0.482,0.336
20211009_1058,-21.310,174.380,532.300,GE.VSU.,58.462,26.735,136.169,1623.822,1648.473,1656.075,600.000,1.891,0.398,0.409,0.420,0.422,0.419,1.200,2.000,0.730,0.621,1.200,0.887,0.887,0.900,0.885,0.887,0.500,0.881,0.887,0.500,0.889,0.887,0.500,0.890,0.887
20211009_1058,-21.310,174.380,532.300,PL.KWP.,49.631,22.708,143.905,1669.205,1701.265,1711.408,601.000,0.576,0.020,0.046,0.043,0.044,0.043,3.300,4.100,0.511,0.742,-0.800,0.217,0.217,-0.900,0.228,0.217,-1.100,0.233,0.217,-1.200,0.229,0.217,-1.200,0.229,0.217
20211009_1058,-21.310,174.380,532.300,KO.KONT.,37.957,32.356,143.375,1666.158,1697.680,1707.635,602.000,1.042,0.117,0.142,0.123,0.125,0.130,0.500,-5.200,0.761,-0.792,7.000,0.544,0.544,8.500,0.442,0.544,7.400,0.470,0.544,7.600,0.477,0.544,7.900,0.469,0.544
20211009_1058,-21.310,174.380,532.300,CH.CHASS.,47.161,7.121,152.170,1715.532,1756.512,1769.870,603.000,2.336,0.277,0.278,0.281,0.281,0.285,-5.300,-2.100,0.427,-0.554,-6.700,0.365,0.365,-6.900,0.387,0.365,5.900,0.391,0.365,5.600,0.391,0.365,5.700,0.390,0.365
20211009_1058,-21.310,174.380,532.300,PM.ROSA.,38.721,-28.247,153.927,1725.094,1768.097,1782.211,604.000,1.716,0.154,0.312,0.305,0.305,0.308,-1.800,-1.600,0.672,0.655,-2.700,0.393,0.393,7.300,0.339,0.393,7.100,0.378,0.393,7.000,0.387,0.393,7.100,0.373,0.393
20211009_1058,-21.310,174.380,532.300,HU.PSZ.,47.918,19.894,146.429,1683.579,1718.267,1729.335,605.000,2.316,0.466,0.439,0.439,0.437,0.440,3.500,4.300,0.771,0.811,3.800,0.544,0.544,3.000,0.461,0.544,2.600,0.500,0.544,2.300,0.529,0.544,2.500,0.499,0.544
20211009_1058,-21.310,174.380,532.300,IV.QLNO.,44.324,8.346,154.251,1726.844,1770.224,1784.480,606.000,2.271,0.532,0.507,0.523,0.525,0.519,1.200,1.800,0.836,0.770,0.300,0.878,0.878,0.200,0.885,0.878,0.200,0.886,0.878,0.000,0.881,0.878,0.000,0.883,0.878
20211009_1058,-21.310,174.380,532.300,KO.KULA.,38.514,28.661,145.958,1680.913,1715.105,1725.996,607.000,2.114,0.326,0.290,0.282,0.286,0.286,0.800,1.100,0.930,0.888,-1.100,0.701,0.701,-0.100,0.479,0.701,10.200,0.574,0.701,10.200,0.558,0.701,10.300,0.520,0.701
20211009_1058,-21.310,174.380,532.300,SI.MOSI.,46.616,10.550,151.488,1711.798,1752.006,1765.079,608.000,2.360,0.654,0.620,0.619,0.615,0.616,0.900,1.200,0.890,0.784,0.600,0.881,0.881,0.300,0.800,0.881,-0.200,0.778,0.881,-0.500,0.778,0.881,-0.300,0.785,0.881
20211009_1058,-21.310,174.380,532.300,CR.7499.,45.819,15.698,149.937,1703.233,1741.710,1754.146,609.000,6.200,0.300,0.303,0.313,0.313,0.313,3.400,-4.200,0.610,-0.595,-9.800,0.481,0.481,2.200,0.501,0.481,1.900,0.516,0.481,1.800,0.539,0.481,1.900,0.520,0.481
20211009_1058,-21.310,174.380,532.300,KV.LWI.,-2.239,28.802,138.912,1640.136,1667.308,1675.763,610.000,8.787,0.723,0.699,0.690,0.690,0.693,0.400,0.300,0.815,0.794,-0.100,0.807,0.807,0.000,0.788,0.807,-0.100,0.809,0.807,-0.200,0.809,0.807,-0.100,0.802,0.807
20211009_1058,-21.310,174.380,532.300,CH.DAVOX.,46.780,9.880,151.595,1712.382,1752.710,1765.827,611.000,7.277,0.692,0.640,0.654,0.655,0.652,2.100,2.600,0.833,0.792,1.800,0.788,0.788,1.500,0.882,0.788,1.200,0.898,0.788,1.000,0.900,0.788,1.100,0.902,0.788
20211009_1058,-21.310,174.380,532.300,IV.RMP.,41.812,12.705,154.349,1727.373,1770.868,1785.167,612.000,2.317,0.372,0.301,0.305,0.311,0.312,3.000,3.100,0.854,0.882,2.300,0.913,0.913,2.200,0.919,0.913,2.100,0.917,0.913,2.000,0.914,0.913,2.000,0.917,0.913
20211009_1058,-21.310,174.380,532.300,IV.CSNT.,43.473,11.290,153.751,1724.140,1766.939,1780.976,613.000,1.700,0.327,0.257,0.289,0.313,0.300,2.600,-1.100,0.802,-0.873,-5.500,0.575,0.575,2.000,0.640,0.575,1.900,0.658,0.575,1.700,0.676,0.575,1.800,0.668,0.575
20211009_1058,-21.310,174.380,532.300,PM.PMOZ.,32.823,-17.197,164.569,1780.909,1837.062,1856.177,614.000,0.954,0.075,-0.023,-0.056,-0.080,-0.049,-7.500,-3.900,0.654,-0.554,-3.100,0.641,0.641,-4.100,0.684,0.641,-4.200,0.709,0.641,-4.300,0.718,0.641,-4.100,0.707,0.641
20211009_1058,-21.310,174.380,532.300,BW.SCE.,47.038,11.709,150.697,1707.441,1746.763,1759.509,615.000,2.667,0.404,0.310,0.307,0.297,0.303,-0.500,0.700,0.896,0.822,-0.400,0.918,0.918,-0.700,0.929,0.918,-1.000,0.913,0.918,-1.200,0.896,0.918,-1.100,0.908,0.918
20211009_1058,-21.310,174.380,532.300,IV.PIEI.,43.536,12.535,153.136,1720.800,1762.887,1776.657,616.000,3.450,0.311,0.347,0.374,0.395,0.375,2.100,2.100,0.915,0.971,2.200,0.730,0.730,2.000,0.716,0.730,1.800,0.683,0.730,1.500,0.655,0.730,1.700,0.682,0.730
20211009_1058,-21.310,174.380,532.300,IV.POFI.,41.717,13.712,153.900,1724.946,1767.917,1782.020,617.000,1.986,0.292,0.272,0.261,0.260,0.263,9.500,5.600,0.297,-0.750,-8.500,0.248,0.248,-1.700,0.261,0.248,-1.800,0.304,0.248,-1.800,0.328,0.248,-1.800,0.301,0.248
20211009_1058,-21.310,174.380,532.300,CZ.VRAC.,49.308,16.593,146.917,1686.337,1721.543,1732.796,618.000,3.443,0.473,0.422,0.438,0.439,0.436,3.500,3.700,0.873,0.936,3.100,0.794,0.794,2.600,0.812,0.794,2.300,0.836,0.794,2.100,0.851,0.794,2.200,0.838,0.794
20211009_1058,-21.310,174.380,532.300,PM.MTE.,40.400,-7.544,160.840,1761.766,1813.136,1830.410,619.000,1.758,0.211,0.269,0.281,0.286,0.293,2.900,3.100,0.761,0.858,2.900,0.920,0.920,3.000,0.896,0.920,2.700,0.894,0.920,2.500,0.893,0.920,2.500,0.891,0.920
20211009_1058,-21.310,174.380,532.300,DK.ISOG.,65.548,-38.976,130.762,1590.945,1611.018,1617.087,620.000,1.296,0.090,0.082,0.063,0.059,0.070,-1.100,-0.800,0.962,0.900,-1.700,0.899,0.899,-1.600,0.876,0.899,-1.800,0.900,0.899,-1.700,0.906,0.899,-1.700,0.896,0.899
20211009_1058,-21.310,174.380,532.300,FN.MSF.,65.911,29.040,130.131,1587.040,1606.609,1612.515,621.000,0.383,0.062,0.065,0.065,0.065,0.066,6.600,-1.400,0.552,-0.842,-9.100,0.581,0.581,-9.300,0.562,0.581,-9.600,0.560,0.581,-9.600,0.561,0.581,-9.400,0.561,0.581
20211009_1058,-21.310,174.380,532.300,GR.KHUS.,54.196,11.055,144.769,1674.150,1707.099,1717.553,622.000,1.705,0.268,0.242,0.237,0.230,0.236,-0.900,-2.400,0.658,0.315,-2.800,0.566,0.566,-3.000,0.593,0.566,-3.200,0.598,0.566,-3.500,0.600,0.566,-3.300,0.597,0.566
20211009_1058,-21.310,174.380,532.300,FN.SGF.,67.442,26.526,129.658,1584.113,1603.310,1609.096,623.000,2.532,0.303,0.315,0.334,0.329,0.325,2.800,2.700,0.721,0.712,2.300,0.790,0.790,2.100,0.773,0.790,1.900,0.773,0.790,1.900,0.778,0.790,2.000,0.775,0.790
20211009_1058,-21.310,174.380,532.300,GR.GRC3.,48.889,11.584,149.200,1699.140,1736.808,1748.948,624.000,2.308,0.253,0.284,0.280,0.273,0.279,0.100,0.500,0.288,0.291,6.100,0.550,0.550,6.000,0.481,0.550,5.800,0.457,0.550,5.600,0.437,0.550,5.600,0.455,0.550
20211009_1058,-21.310,174.380,532.300,RD.ROSF.,48.336,-3.274,152.908,1719.563,1761.387,1775.060,625.000,1.517,0.381,0.411,0.412,0.407,0.416,1.900,1.700,0.911,0.870,1.700,0.768,0.768,0.400,0.710,0.768,0.200,0.708,0.768,0.100,0.710,0.768,0.100,0.709,0.768
20211009_1058,-21.310,174.380,532.300,NA.SABW.,17.628,-63.231,125.849,1560.253,1576.571,1581.452,626.000,3.438,0.368,0.394,0.420,0.408,0.401,1.700,4.800,0.561,-0.604,-9.800,0.441,0.441,-10.000,0.476,0.441,-10.500,0.487,0.441,-10.000,0.480,0.441,-9.900,0.476,0.441
20211009_1058,-21.310,174.380,532.300,GR.BUG.,51.441,7.271,148.238,1693.765,1730.387,1742.148,627.000,6.197,0.549,0.605,0.623,0.632,0.629,2.300,1.200,0.865,0.618,1.200,0.885,0.885,0.800,0.900,0.885,0.700,0.909,0.885,0.400,0.915,0.885,0.500,0.910,0.885
20211009_1058,-21.310,174.380,532.300,FR.SMPL.01,42.095,9.285,155.736,1734.834,1779.961,1794.875,628.000,1.781,0.142,0.153,0.165,0.177,0.168,2.600,3.100,0.642,0.420,2.600,0.680,0.680,2.400,0.592,0.680,2.000,0.585,0.680,1.600,0.602,0.680,1.800,0.586,0.680
20211009_1058,-21.310,174.380,532.300,IV.GUMA.,43.063,13.335,153.111,1720.665,1762.722,1776.482,629.000,2.059,0.156,0.221,0.231,0.221,0.228,-7.800,-4.200,0.744,-0.762,-8.500,0.553,0.553,4.400,0.545,0.553,4.300,0.558,0.553,4.100,0.559,0.553,4.200,0.559,0.553
20211009_1058,-21.310,174.380,532.300,CH.MESRY.,46.347,6.308,153.145,1720.850,1762.947,1776.722,630.000,1.579,0.221,0.271,0.299,0.308,0.301,3.300,4.000,0.742,0.601,3.700,0.869,0.869,3.400,0.865,0.869,3.300,0.860,0.869,3.100,0.855,0.869,3.200,0.857,0.869
20211009_1058,-21.310,174.380,532.300,TH.TAUT.,50.982,11.711,147.378,1688.938,1724.636,1736.064,631.000,1.713,0.361,0.369,0.397,0.415,0.402,2.200,-2.400,0.613,-0.772,1.900,0.581,0.581,1.500,0.575,0.581,1.200,0.595,0.581,0.900,0.609,0.581,1.100,0.598,0.581
20211009_1058,-21.310,174.380,532.300,BX.MAKGR.,-25.812,24.801,124.401,1551.056,1566.347,1570.909,632.000,11.487,0.524,0.557,0.554,0.547,0.548,-0.200,0.000,0.883,0.874,-1.000,0.774,0.774,-0.800,0.734,0.774,-0.900,0.742,0.774,-1.000,0.764,0.774,-0.900,0.747,0.774
20211009_1058,-21.310,174.380,532.300,IV.MUCR.,38.043,14.874,155.675,1734.504,1779.558,1794.445,633.000,1.288,-0.036,0.013,0.001,-0.006,0.005,-7.500,-3.100,0.499,-0.571,7.500,0.392,0.392,7.600,0.433,0.392,-9.600,0.438,0.392,-9.600,0.450,0.392,-9.600,0.434,0.392
20211009_1058,-21.310,174.380,532.300,IV.MILZ.,38.271,15.231,155.313,1732.562,1777.188,1791.913,634.000,0.974,0.108,0.105,0.118,0.124,0.111,3.400,-0.600,0.530,0.252,-3.500,0.500,0.500,-3.800,0.465,0.500,-3.600,0.437,0.500,-3.400,0.422,0.500,-3.700,0.442,0.500
20211009_1058,-21.310,174.380,532.300,NO.ARB3.00,69.532,25.511,128.267,1575.448,1593.569,1599.013,635.000,0.900,0.325,0.321,0.330,0.326,0.325,1.300,1.600,0.676,0.699,1.000,0.823,0.823,0.700,0.829,0.823,0.500,0.840,0.823,0.500,0.847,0.823,0.600,0.840,0.823
20211009_1058,-21.310,174.380,532.300,NO.NAO01.00,60.844,10.887,138.811,1639.535,1666.612,1675.035,636.000,2.042,0.395,0.426,0.440,0.438,0.438,5.000,-4.600,0.668,0.742,4.100,0.482,0.482,3.900,0.486,0.482,3.800,0.500,0.482,3.600,0.506,0.482,3.700,0.501,0.482
20211009_1058,-21.310,174.380,532.300,OX.MARN.,45.638,11.210,152.043,1714.842,1755.678,1768.983,637.000,1.492,0.160,0.118,0.104,0.094,0.106,-13.400,-4.900,0.447,-0.579,-9.900,0.560,0.560,-10.400,0.616,0.560,-10.600,0.631,0.560,-10.800,0.644,0.560,-10.800,0.637,0.560
20211009_1058,-21.310,174.380,532.300,IV.INTR.,42.012,13.905,153.590,1723.265,1765.876,1779.843,638.000,1.081,0.086,0.174,0.178,0.183,0.178,1.400,-5.100,0.689,-0.757,0.400,0.529,0.529,0.700,0.489,0.529,0.700,0.434,0.529,-1.100,0.418,0.529,-0.900,0.438,0.529
20211009_1058,-21.310,174.380,532.300,DK.ILULI.,69.212,-51.105,124.860,1553.977,1569.589,1574.251,639.000,2.935,0.221,0.142,0.158,0.174,0.167,3.800,3.900,0.811,0.948,3.200,0.815,0.815,3.800,0.660,0.815,3.100,0.691,0.815,3.200,0.687,0.815,3.500,0.649,0.815
20211009_1058,-21.310,174.380,532.300,G.ECH.00,48.216,7.159,151.208,1710.254,1750.147,1763.103,640.000,3.318,0.530,0.501,0.497,0.499,0.498,2.900,0.900,0.698,0.551,0.400,0.895,0.895,0.300,0.879,0.895,0.000,0.863,0.895,-0.400,0.857,0.895,-0.300,0.863,0.895
20211009_1058,-21.310,174.380,532.300,KV.RSY.,-1.577,29.180,139.001,1640.656,1667.911,1676.394,641.000,4.600,0.645,0.599,0.589,0.591,0.593,0.800,0.700,0.951,0.930,0.100,0.760,0.760,0.400,0.716,0.760,0.000,0.724,0.760,-0.100,0.730,0.760,0.100,0.714,0.760
20211009_1058,-21.310,174.380,532.300,OE.BIOA.,47.691,13.638,149.403,1700.266,1738.155,1750.376,642.000,2.312,0.324,0.386,0.404,0.409,0.403,-7.700,-3.100,0.547,-0.492,-7.600,0.646,0.646,-7.900,0.640,0.646,-8.100,0.634,0.646,-8.200,0.632,0.646,-8.100,0.636,0.646
20211009_1058,-21.310,174.380,532.300,PL.SUW.,54.013,23.181,140.694,1650.602,1679.471,1688.507,643.000,2.164,0.408,0.375,0.394,0.403,0.397,3.000,0.800,0.764,0.587,0.900,0.805,0.805,0.700,0.839,0.805,0.400,0.853,0.805,0.300,0.861,0.805,0.500,0.856,0.805
20211009_1058,-21.310,174.380,532.300,GR.SKMB.,54.718,9.439,144.716,1673.846,1706.739,1717.174,644.000,3.141,0.152,0.139,0.160,0.157,0.163,3.300,3.400,0.486,0.360,-4.100,0.628,0.628,-4.400,0.620,0.628,-4.800,0.631,0.628,-5.000,0.630,0.628,-4.900,0.625,0.628
20211009_1058,-21.310,174.380,532.300,BW.RTSH.,47.754,12.850,149.667,1701.735,1739.914,1752.241,645.000,1.237,0.047,0.028,0.025,0.026,0.027,1.800,0.700,0.767,0.738,-0.100,0.423,0.423,-0.100,0.441,0.423,-0.200,0.457,0.423,-0.400,0.465,0.423,-0.300,0.457,0.423
20211009_1058,-21.310,174.380,532.300,GR.GRA3.,49.761,11.317,148.553,1695.525,1732.488,1744.372,646.000,2.051,0.300,0.345,0.373,0.388,0.376,2.500,2.300,0.811,0.846,2.000,0.668,0.668,1.600,0.640,0.668,1.300,0.641,0.668,1.000,0.647,0.668,1.100,0.637,0.668
20211009_1058,-21.310,174.380,532.300,IV.SGG.,41.387,14.379,153.777,1724.283,1767.112,1781.160,647.000,2.183,0.260,0.297,0.288,0.280,0.295,1.100,1.200,0.819,0.867,0.600,0.746,0.746,0.700,0.703,0.746,0.600,0.651,0.746,0.400,0.629,0.746,0.500,0.660,0.746
20211009_1058,-21.310,174.380,532.300,GB.ESK.,55.317,-3.205,145.945,1680.841,1715.019,1725.906,648.000,1.292,0.312,0.276,0.287,0.295,0.291,1.200,-3.100,0.837,-0.474,0.800,0.563,0.563,1.300,0.602,0.563,0.900,0.565,0.563,0.500,0.541,0.563,0.600,0.554,0.563
20211009_1058,-21.310,174.380,532.300,LD.ACCN.,43.384,-73.668,120.181,1523.870,1536.388,1540.100,649.000,1.020,-0.086,0.066,0.071,0.071,0.068,5.700,0.300,0.597,0.446,4.600,0.732,0.732,0.200,0.703,0.732,0.200,0.702,0.732,0.200,0.701,0.732,0.200,0.702,0.732
20211009_1058,-21.310,174.380,532.300,FR.RUSF.06,43.929,5.482,155.578,1733.986,1778.925,1793.769,650.000,1.863,0.445,0.460,0.455,0.449,0.461,1.200,1.600,0.802,0.732,1.000,0.600,0.600,1.000,0.674,0.600,0.800,0.665,0.600,0.700,0.647,0.600,0.600,0.663,0.600
20211009_1058,-21.310,174.380,532.300,TH.SONN.,51.532,10.426,147.299,1688.490,1724.103,1735.501,651.000,0.633,0.086,0.086,0.086,0.085,0.087,-8.800,3.500,0.406,0.416,3.100,0.746,0.746,2.800,0.744,0.746,2.500,0.738,0.746,2.300,0.736,0.746,2.400,0.738,0.746
20211009_1058,-21.310,174.380,532.300,WI.BIM.00,14.518,-61.066,127.059,1567.879,1585.085,1590.242,652.000,1.548,0.434,0.391,0.386,0.380,0.388,1.900,2.100,0.620,0.718,2.400,0.521,0.521,2.100,0.509,0.521,1.600,0.496,0.521,2.000,0.509,0.521,2.100,0.513,0.521
20211009_1058,-21.310,174.380,532.300,SX.FBE.,50.921,13.354,146.876,1686.105,1721.268,1732.504,653.000,1.327,0.278,0.274,0.290,0.287,0.293,-6.100,-2.700,0.684,-0.506,-6.600,0.654,0.654,-6.900,0.639,0.654,-7.200,0.627,0.654,-7.400,0.620,0.654,-7.400,0.626,0.654
20211009_1058,-21.310,174.380,532.300,CZ.PRA.,50.070,14.433,147.181,1687.827,1723.315,1734.668,654.000,1.779,0.124,0.151,0.156,0.159,0.158,-4.200,-4.500,0.693,0.509,-5.300,0.876,0.876,-5.800,0.860,0.876,-6.100,0.858,0.876,-6.400,0.854,0.876,-6.200,0.856,0.876
20211009_1058,-21.310,174.380,532.300,IV.CELB.,42.747,10.211,154.806,1729.839,1773.869,1788.370,655.000,2.017,0.200,0.246,0.259,0.262,0.261,1.800,5.400,0.722,-0.689,1.200,0.667,0.667,0.700,0.765,0.667,0.600,0.769,0.667,0.500,0.766,0.667,0.500,0.773,0.667
20211009_1058,-21.310,174.380,532.300,LU.DUDEL.,49.473,6.081,150.346,1705.496,1744.426,1757.028,656.000,1.332,0.294,0.291,0.284,0.275,0.279,3.800,4.200,0.529,0.443,3.400,0.587,0.587,3.000,0.552,0.587,2.800,0.564,0.587,2.600,0.587,0.587,2.600,0.580,0.587
20211009_1058,-21.310,174.380,532.300,KO.IKL.,36.237,33.685,142.776,1662.704,1693.622,1703.367,657.000,8.772,0.219,0.158,0.143,0.143,0.150,-6.100,-1.900,0.511,-0.505,0.900,0.487,0.487,-1.000,0.648,0.487,-0.700,0.782,0.487,-0.800,0.748,0.487,-0.900,0.721,0.487
20211009_1058,-21.310,174.380,532.300,IV.TRTR.,42.808,13.914,153.011,1720.121,1762.064,1775.780,658.000,1.085,0.145,0.146,0.148,0.143,0.148,5.200,4.900,0.619,0.787,5.200,0.601,0.601,5.000,0.533,0.601,4.700,0.485,0.601,4.500,0.458,0.601,4.700,0.486,0.601
20211009_1058,-21.310,174.380,532.300,NO.ARC7.00,69.540,25.494,128.265,1575.436,1593.555,1598.998,659.000,0.989,0.323,0.316,0.319,0.317,0.317,0.900,1.400,0.650,0.606,0.700,0.846,0.846,0.500,0.854,0.846,0.200,0.863,0.846,0.300,0.868,0.846,0.400,0.863,0.846
20211009_1058,-21.310,174.380,532.300,GR.IGAD.,53.258,8.690,146.226,1682.433,1716.907,1727.899,660.000,1.152,0.205,0.207,0.208,0.214,0.212,2.200,2.400,0.773,0.603,1.800,0.595,0.595,1.700,0.626,0.595,1.400,0.622,0.595,1.200,0.618,0.595,1.300,0.621,0.595
20211009_1058,-21.310,174.380,532.300,CR.7422.,45.361,16.287,149.987,1703.513,1742.046,1754.502,661.000,4.858,0.445,0.469,0.487,0.490,0.487,3.700,4.000,0.759,0.678,2.600,0.529,0.529,2.400,0.644,0.529,2.200,0.651,0.529,2.000,0.662,0.529,2.100,0.648,0.529
20211009_1058,-21.310,174.380,532.300,FR.CFF.00,45.763,3.111,154.525,1728.320,1772.020,1786.396,662.000,3.160,0.221,0.223,0.267,0.288,0.270,4.400,4.900,0.688,0.686,4.900,0.771,0.771,4.700,0.771,0.771,4.400,0.772,0.771,4.100,0.771,0.771,4.200,0.770,0.771
20211009_1058,-21.310,174.380,532.300,NA.SABA.,17.621,-63.243,125.837,1560.177,1576.486,1581.364,663.000,3.927,0.497,0.541,0.548,0.540,0.536,1.300,4.700,0.700,-0.532,0.800,0.640,0.640,0.700,0.607,0.640,0.200,0.620,0.640,0.600,0.615,0.640,0.700,0.610,0.640
20211009_1058,-21.310,174.380,532.300,CH.LADOL.,46.432,6.132,153.119,1720.709,1762.776,1776.540,664.000,2.502,0.355,0.386,0.385,0.395,0.397,2.700,2.600,0.848,0.603,2.500,0.935,0.935,2.200,0.941,0.935,2.000,0.947,0.935,1.800,0.956,0.935,1.800,0.953,0.935
20211009_1058,-21.310,174.380,532.300,BW.GELB.,48.163,11.251,149.931,1703.201,1741.672,1754.105,665.000,6.301,0.384,0.417,0.426,0.429,0.424,-5.600,-2.200,0.771,-0.623,0.400,0.723,0.723,0.600,0.634,0.723,0.400,0.636,0.723,0.100,0.636,0.723,0.200,0.640,0.723
20211009_1058,-21.310,174.380,532.300,KQ.MRLW.,54.144,12.572,144.387,1671.967,1704.521,1714.837,666.000,0.349,0.029,0.035,0.037,0.039,0.037,-0.100,4.300,0.804,0.960,5.100,0.162,0.162,5.000,0.131,0.162,4.600,0.135,0.162,4.400,0.136,0.162,4.500,0.135,0.162
20211009_1058,-21.310,174.380,532.300,GE.DAG.,76.771,-18.655,124.157,1549.503,1564.626,1569.135,667.000,4.238,0.230,0.270,0.260,0.255,0.260,0.000,-0.600,0.536,0.432,-0.100,0.498,0.498,-0.200,0.485,0.498,-0.200,0.499,0.498,-0.200,0.519,0.498,-0.200,0.508,0.498
20211009_1058,-21.310,174.380,532.300,CR.RIY.,45.325,14.483,150.872,1708.404,1747.920,1760.737,668.000,0.428,0.127,0.193,0.189,0.188,0.188,7.000,-1.600,0.168,-0.289,7.600,0.302,0.302,7.300,0.341,0.302,7.100,0.328,0.302,6.900,0.314,0.302,7.000,0.327,0.302
20211009_1058,-21.310,174.380,532.300,NL.DBN.01,52.102,5.177,148.093,1692.950,1729.415,1741.119,669.000,0.344,0.009,0.011,0.011,0.010,0.011,-0.100,0.200,0.984,0.978,-0.100,0.258,0.258,-0.100,0.254,0.258,-0.100,0.250,0.258,-0.300,0.246,0.258,-0.100,0.246,0.258
20211009_1058,-21.310,174.380,532.300,RD.MTLF.,43.341,2.218,157.021,1741.695,1788.359,1803.851,670.000,1.765,0.404,0.462,0.490,0.519,0.502,2.700,2.600,0.907,0.902,2.300,0.912,0.912,2.200,0.948,0.912,2.000,0.948,0.912,1.700,0.945,0.912,1.900,0.948,0.912
20211009_1058,-21.310,174.380,532.300,UD.MI29.,50.746,28.189,140.464,1649.255,1677.903,1686.863,671.000,1.023,0.226,0.274,0.289,0.290,0.283,-8.600,-1.200,0.857,-0.396,-8.300,0.722,0.722,-8.700,0.769,0.722,-9.100,0.783,0.722,-9.100,0.782,0.722,-9.000,0.780,0.722
20211009_1058,-21.310,174.380,532.300,NO.ARD3.00,69.537,25.548,128.256,1575.378,1593.490,1598.930,672.000,0.986,0.268,0.270,0.282,0.280,0.279,1.100,1.500,0.660,0.629,0.800,0.803,0.803,0.600,0.815,0.803,0.300,0.823,0.803,0.400,0.827,0.803,0.400,0.823,0.803
20211009_1058,-21.310,174.380,532.300,TH.BONN.,51.307,11.002,147.322,1688.618,1724.256,1735.663,673.000,1.553,0.295,0.294,0.307,0.308,0.308,4.400,4.100,0.761,0.786,4.100,0.832,0.832,3.800,0.833,0.832,3.400,0.842,0.832,3.200,0.847,0.832,3.300,0.843,0.832
20211009_1058,-21.310,174.380,532.300,BX.KOOLE.,-22.993,20.196,129.055,1580.363,1599.090,1604.726,674.000,8.991,0.526,0.581,0.582,0.566,0.571,-0.100,-0.100,0.899,0.882,-0.700,0.830,0.830,-0.600,0.886,0.830,-0.600,0.889,0.830,-0.900,0.895,0.830,-0.700,0.894,0.830
20211009_1058,-21.310,174.380,532.300,CZ.SKAC.,50.568,14.136,146.888,1686.172,1721.347,1732.588,675.000,3.717,0.333,0.324,0.346,0.365,0.353,-6.200,-1.700,0.636,-0.804,2.400,0.547,0.547,2.000,0.606,0.547,1.700,0.632,0.547,1.600,0.642,0.547,1.600,0.633,0.547
20211009_1058,-21.310,174.380,532.300,CH.BRANT.,46.938,6.473,152.561,1717.672,1759.099,1772.624,676.000,1.744,0.276,0.283,0.297,0.318,0.316,2.400,2.300,0.647,0.672,2.100,0.952,0.952,1.800,0.963,0.952,1.700,0.962,0.952,1.400,0.962,0.952,1.400,0.964,0.952
20211009_1058,-21.310,174.380,532.300,NO.ARD9.00,69.545,25.486,128.262,1575.418,1593.535,1598.977,677.000,0.935,0.320,0.313,0.316,0.314,0.313,0.800,1.400,0.697,0.641,0.800,0.858,0.858,0.500,0.865,0.858,0.300,0.874,0.858,0.300,0.880,0.858,0.400,0.874,0.858
20211009_1058,-21.310,174.380,532.300,NR.NE05.,52.087,5.171,148.107,1693.032,1729.512,1741.222,678.000,3.470,0.235,0.224,0.232,0.247,0.238,3.000,4.300,0.803,0.396,3.200,0.853,0.853,2.900,0.850,0.853,2.700,0.857,0.853,2.500,0.863,0.853,2.600,0.860,0.853
20211009_1058,-21.310,174.380,532.300,GB.FOEL.,52.889,-3.200,148.366,1694.479,1731.239,1743.050,679.000,1.741,0.267,0.281,0.275,0.263,0.270,-0.900,-0.600,0.759,0.745,-1.100,0.665,0.665,-1.200,0.672,0.665,-1.400,0.652,0.665,-1.700,0.650,0.665,-1.600,0.654,0.665
20211009_1058,-21.310,174.380,532.300,HU.BSZH.,47.300,20.267,146.666,1684.918,1719.857,1731.014,680.000,3.227,0.160,0.100,0.082,0.080,0.086,4.900,4.700,0.868,0.837,4.600,0.680,0.680,4.200,0.722,0.680,3.900,0.739,0.680,3.700,0.753,0.680,3.800,0.739,0.680
20211009_1058,-21.310,174.380,532.300,GE.SLIT.,57.629,22.291,138.393,1637.063,1663.750,1672.039,681.000,1.921,0.485,0.486,0.497,0.501,0.496,1.600,1.400,0.840,0.807,0.600,0.875,0.875,0.700,0.923,0.875,0.300,0.947,0.875,0.300,0.951,0.875,0.300,0.946,0.875
20211009_1058,-21.310,174.380,532.300,IV.MABI.,46.055,10.514,151.972,1714.449,1755.204,1768.480,682.000,1.403,0.238,0.223,0.199,0.202,0.201,6.000,5.600,0.652,0.813,6.100,0.570,0.570,5.800,0.456,0.570,5.300,0.412,0.570,5.000,0.404,0.570,5.200,0.414,0.570
20211009_1058,-21.310,174.380,532.300,CH.ILLEZ.,46.219,6.940,153.068,1720.435,1762.444,1776.186,683.000,1.660,0.187,0.169,0.169,0.164,0.170,3.500,3.500,0.380,0.600,4.200,0.491,0.491,3.900,0.492,0.491,3.600,0.498,0.491,3.400,0.502,0.491,3.500,0.500,0.491
20211009_1058,-21.310,174.380,532.300,IV.FNVD.,44.168,11.123,153.271,1721.535,1763.777,1777.606,684.000,1.623,0.192,0.211,0.214,0.214,0.213,-11.500,-2.000,0.117,-0.043,0.700,0.611,0.611,0.300,0.613,0.611,-0.100,0.643,0.611,-0.100,0.659,0.611,-0.100,0.640,0.611
20211009_1058,-21.310,174.380,532.300,LU.KLAUS.,49.705,5.982,150.155,1704.445,1743.164,1755.688,685.000,1.859,0.369,0.395,0.379,0.371,0.376,0.800,5.400,0.547,-0.591,0.000,0.475,0.475,-0.100,0.539,0.475,-0.300,0.535,0.475,-0.400,0.524,0.475,-0.400,0.526,0.475
20211009_1058,-21.310,174.380,532.300,ES.ESBB.,39.674,-3.963,161.581,1765.603,1817.911,1835.542,686.000,2.636,0.482,0.483,0.491,0.505,0.504,1.600,1.400,0.894,0.871,1.600,0.880,0.880,1.000,0.841,0.880,0.900,0.864,0.880,0.700,0.893,0.880,0.700,0.879,0.880
20211009_1058,-21.310,174.380,532.300,BW.MANZ.,49.986,12.108,148.092,1692.948,1729.412,1741.116,687.000,3.804,0.413,0.477,0.512,0.525,0.512,2.700,2.700,0.846,0.861,1.800,0.717,0.717,1.200,0.719,0.717,0.800,0.744,0.717,0.600,0.762,0.717,0.700,0.746,0.717
20211009_1058,-21.310,174.380,532.300,IV.PTQR.,42.022,13.401,153.842,1724.633,1767.537,1781.614,688.000,1.412,-0.007,0.029,0.029,0.026,0.024,-1.800,-1.600,0.679,0.714,4.000,0.583,0.583,4.100,0.632,0.583,4.000,0.658,0.583,3.900,0.674,0.583,3.900,0.667,0.583
20211009_1058,-21.310,174.380,532.300,KO.KTUT.,40.987,39.767,137.076,1629.243,1654.716,1662.595,689.000,1.678,-0.019,0.294,-0.049,-0.053,0.300,1.400,1.200,0.879,0.916,9.400,0.479,0.479,10.200,0.410,0.479,-5.100,0.475,0.479,-5.000,0.482,0.479,10.200,0.428,0.479
20211009_1058,-21.310,174.380,532.300,WI.DHS.00,16.289,-61.765,126.877,1566.736,1583.807,1588.922,690.000,3.435,0.508,0.418,0.377,0.407,0.416,-0.300,-0.300,0.745,0.898,-0.300,0.803,0.803,-0.700,0.759,0.803,-1.400,0.755,0.803,-0.900,0.758,0.803,-0.700,0.760,0.803
20211009_1058,-21.310,174.380,532.300,CN.DRLN.,49.256,-57.503,130.592,1589.892,1609.828,1615.852,691.000,0.938,-0.199,0.014,0.002,0.004,0.008,0.000,-3.200,0.824,-0.964,-10.400,0.560,0.560,1.200,0.509,0.560,1.200,0.460,0.560,1.200,0.462,0.560,1.200,0.479,0.560
20211009_1058,-21.310,174.380,532.300,IV.LNSS.,42.603,13.040,153.597,1723.305,1765.925,1779.895,692.000,1.180,0.052,0.108,0.116,0.123,0.106,-8.500,-4.600,0.584,-0.669,-9.700,0.560,0.560,-9.500,0.509,0.560,-9.600,0.506,0.560,-9.700,0.511,0.560,-9.700,0.510,0.560
20211009_1058,-21.310,174.380,532.300,CZ.KHC.,49.131,13.578,148.267,1693.927,1730.580,1742.353,693.000,3.152,0.268,0.263,0.281,0.288,0.286,2.800,2.100,0.718,0.544,1.600,0.668,0.668,1.200,0.715,0.668,0.900,0.731,0.668,0.700,0.742,0.668,0.700,0.729,0.668
20211009_1058,-21.310,174.380,532.300,HU.TIH.,46.900,17.888,148.111,1693.055,1729.540,1741.252,694.000,0.348,-0.018,-0.046,-0.053,-0.060,-0.053,-0.100,2.800,0.944,1.000,-13.100,0.146,0.146,-5.300,0.058,0.146,-5.700,0.117,0.146,-5.800,0.140,0.146,-5.600,0.114,0.146
20211009_1058,-21.310,174.380,532.300,BX.GRTLG.,-21.362,21.216,129.927,1585.777,1605.185,1611.039,695.000,9.381,0.497,0.530,0.531,0.530,0.528,0.600,0.700,0.958,0.970,0.100,0.960,0.960,0.100,0.930,0.960,0.000,0.933,0.960,-0.100,0.939,0.960,-0.100,0.935,0.960
20211009_1058,-21.310,174.380,532.300,GE.CSS.,34.961,33.331,143.323,1665.857,1697.326,1707.262,696.000,3.775,0.288,0.226,0.220,0.223,0.224,0.200,0.700,0.640,0.670,11.300,0.490,0.490,12.000,0.446,0.490,-7.700,0.465,0.490,11.400,0.440,0.490,11.600,0.451,0.490
20211009_1058,-21.310,174.380,532.300,GR.HAM4.,53.479,10.239,145.626,1679.033,1712.875,1723.643,697.000,2.089,0.225,0.239,0.254,0.259,0.255,1.800,4.900,0.811,-0.275,0.900,0.763,0.763,0.700,0.732,0.763,0.400,0.727,0.763,0.200,0.718,0.763,0.300,0.721,0.763
20211009_1058,-21.310,174.380,532.300,FR.STR.10,48.580,7.763,150.706,1707.488,1746.819,1759.569,698.000,1.511,0.379,0.357,0.366,0.378,0.370,1.300,1.800,0.725,0.642,0.900,0.620,0.620,0.500,0.554,0.620,0.100,0.557,0.620,-0.100,0.584,0.620,0.000,0.577,0.620
20211009_1058,-21.310,174.380,532.300,GB.WLF1.,53.289,-4.397,148.007,1692.469,1728.842,1740.513,699.000,3.386,0.365,0.358,0.367,0.371,0.372,1.400,1.700,0.899,0.857,0.900,0.811,0.811,0.500,0.768,0.811,0.300,0.779,0.811,0.000,0.790,0.811,0.100,0.785,0.811
20211009_1058,-21.310,174.380,532.300,II.XBFO.60,48.330,8.330,150.760,1707.786,1747.177,1759.949,700.000,1.982,0.296,0.285,0.301,0.307,0.306,2.900,3.200,0.693,0.808,2.400,0.717,0.717,2.100,0.610,0.717,1.700,0.594,0.717,1.400,0.600,0.717,1.500,0.600,0.717
20211009_1058,-21.310,174.380,532.300,GR.GRC4.,49.086,11.525,149.055,1698.332,1735.841,1747.924,701.000,2.944,0.218,0.229,0.252,0.262,0.256,2.900,-2.100,0.433,-0.685,-6.200,0.290,0.290,-6.600,0.270,0.290,1.500,0.271,0.290,1.400,0.286,0.290,1.400,0.278,0.290
20211009_1058,-21.310,174.380,532.300,IV.RSM2.,43.938,12.445,152.867,1719.341,1761.119,1774.774,702.000,7.708,0.364,0.359,0.378,0.388,0.374,2.000,2.000,0.884,0.871,1.800,0.644,0.644,1.300,0.539,0.644,1.000,0.484,0.644,0.600,0.469,0.644,0.900,0.485,0.644
20211009_1058,-21.310,174.380,532.300,IV.CESI.,43.005,12.905,153.363,1722.036,1764.385,1778.254,703.000,2.866,0.316,0.354,0.367,0.375,0.367,2.900,3.200,0.785,0.756,2.800,0.829,0.829,2.700,0.816,0.829,2.600,0.807,0.829,2.400,0.802,0.829,2.500,0.811,0.829
20211009_1058,-21.310,174.380,532.300,FR.PYLO.00,43.097,-0.049,157.722,1745.415,1792.927,1808.738,704.000,2.526,0.547,0.607,0.622,0.628,0.628,1.700,1.600,0.840,0.830,1.600,0.707,0.707,1.200,0.772,0.707,1.000,0.768,0.707,0.800,0.750,0.707,0.800,0.758,0.707
20211009_1058,-21.310,174.380,532.300,OX.BAD.,46.234,13.244,150.722,1707.576,1746.924,1759.680,705.000,2.819,0.269,0.279,0.316,0.322,0.309,2.500,3.300,0.413,0.091,1.800,0.471,0.471,1.500,0.469,0.471,1.200,0.455,0.471,0.900,0.461,0.471,1.100,0.464,0.471
20211009_1058,-21.310,174.380,532.300,OE.LESA.,47.424,12.677,150.003,1703.599,1742.150,1754.612,706.000,1.898,0.233,0.274,0.308,0.336,0.321,2.800,2.600,0.604,0.566,1.400,0.910,0.910,1.500,0.944,0.910,1.300,0.947,0.910,1.200,0.949,0.910,1.200,0.946,0.910
20211009_1058,-21.310,174.380,532.300,NO.ARA1.00,69.536,25.507,128.265,1575.434,1593.553,1598.996,707.000,0.974,0.314,0.309,0.312,0.310,0.310,0.900,1.400,0.672,0.632,0.700,0.842,0.842,0.500,0.850,0.842,0.200,0.859,0.842,0.300,0.864,0.842,0.400,0.859,0.842
20211009_1058,-21.310,174.380,532.300,CH.COLLE.,46.292,6.121,153.249,1721.415,1763.632,1777.451,708.000,3.348,0.366,0.421,0.433,0.445,0.439,2.800,3.600,0.767,0.613,3.200,0.831,0.831,3.000,0.821,0.831,2.800,0.807,0.831,2.600,0.800,0.831,2.600,0.803,0.831
20211009_1058,-21.310,174.380,532.300,KO.BLCB.,38.385,27.042,147.187,1687.859,1723.353,1734.708,709.000,0.396,-0.148,-0.127,-0.128,-0.128,-0.128,-0.100,-1.000,0.875,0.916,3.300,0.793,0.793,4.100,0.556,0.793,3.500,0.561,0.793,3.600,0.584,0.793,3.800,0.585,0.793
20211009_1058,-21.310,174.380,532.300,DK.BSD.00,55.114,14.915,142.853,1663.150,1694.146,1703.918,710.000,2.075,0.469,0.459,0.469,0.468,0.468,1.300,0.700,0.768,0.722,0.400,0.909,0.909,0.100,0.910,0.909,-0.100,0.913,0.909,-0.300,0.910,0.909,-0.100,0.914,0.909
20211009_1058,-21.310,174.380,532.300,LU.WMG.,49.611,6.391,150.141,1704.367,1743.070,1755.589,711.000,1.952,0.395,0.418,0.418,0.428,0.424,1.700,1.600,0.834,0.880,0.800,0.820,0.820,0.600,0.822,0.820,0.300,0.826,0.820,0.100,0.828,0.820,0.200,0.827,0.820
20211009_1058,-21.310,174.380,532.300,WM.CART.,37.587,-1.001,163.240,1774.133,1828.565,1847.012,712.000,3.241,0.197,0.255,0.256,0.258,0.259,9.100,3.700,0.478,-0.500,7.700,0.652,0.652,7.600,0.673,0.652,7.500,0.672,0.652,7.300,0.666,0.652,7.300,0.670,0.652
20211009_1058,-21.310,174.380,532.300,SI.ABSI.,46.729,11.321,151.103,1709.676,1749.450,1762.363,713.000,4.243,0.613,0.610,0.610,0.602,0.609,1.000,0.900,0.877,0.862,0.300,0.814,0.814,-0.300,0.806,0.814,-0.600,0.827,0.814,-0.800,0.852,0.814,-0.700,0.839,0.814
20211009_1058,-21.310,174.380,532.300,IV.PLMA.,44.050,9.854,153.896,1724.926,1767.893,1781.994,714.000,1.891,0.203,0.133,0.128,0.123,0.128,2.300,5.600,0.501,-0.461,1.400,0.554,0.554,1.600,0.554,0.554,1.500,0.525,0.554,1.400,0.498,0.554,1.400,0.523,0.554
20211009_1058,-21.310,174.380,532.300,CR.7443.,46.167,16.244,149.423,1700.380,1738.291,1750.521,715.000,4.196,0.308,0.316,0.307,0.302,0.317,4.300,-0.100,0.689,-0.655,-6.300,0.622,0.622,-6.400,0.618,0.622,-6.700,0.608,0.622,-6.800,0.602,0.622,-6.800,0.604,0.622
20211009_1058,-21.310,174.380,532.300,MN.AQU.,42.354,13.405,153.598,1723.312,1765.933,1779.903,716.000,2.511,0.085,0.141,0.176,0.199,0.166,3.300,3.300,0.851,0.792,2.600,0.813,0.813,2.700,0.812,0.813,2.500,0.797,0.813,2.400,0.794,0.813,2.400,0.798,0.813
20211009_1058,-21.310,174.380,532.300,RO.HERR.,44.881,22.416,147.045,1687.061,1722.404,1733.705,717.000,1.326,0.402,0.403,0.424,0.425,0.422,2.200,2.300,0.889,0.918,5.700,0.565,0.565,0.900,0.870,0.565,0.600,0.892,0.565,0.500,0.903,0.565,0.600,0.893,0.565
20211009_1058,-21.310,174.380,532.300,KO.DKL.,39.071,26.905,147.023,1686.937,1722.256,1733.549,718.000,2.729,0.298,0.275,0.275,0.275,0.277,0.300,1.700,0.788,0.733,0.000,0.706,0.706,6.900,0.583,0.706,0.100,0.563,0.706,0.200,0.565,0.706,6.700,0.553,0.706
20211009_1058,-21.310,174.380,532.300,TH.MUEN.,51.422,10.667,147.323,1688.627,1724.267,1735.674,719.000,0.882,0.220,0.242,0.257,0.263,0.257,-7.500,-1.500,0.465,-0.525,-6.700,0.582,0.582,-7.100,0.569,0.582,-7.400,0.563,0.582,-7.700,0.557,0.582,-7.600,0.561,0.582
20211009_1058,-21.310,174.380,532.300,GE.RGN.,54.548,13.321,143.818,1668.704,1700.676,1710.788,720.000,3.218,0.191,0.176,0.169,0.176,0.176,-0.800,-2.600,0.412,0.269,-3.200,0.564,0.564,-3.500,0.574,0.564,-3.700,0.570,0.564,-4.000,0.558,0.564,-3.800,0.562,0.564
20211009_1058,-21.310,174.380,532.300,CZ.KRUC.,49.062,16.395,147.189,1687.870,1723.366,1734.722,721.000,2.306,0.376,0.437,0.460,0.469,0.462,3.000,-0.800,0.789,-0.831,2.300,0.779,0.779,1.900,0.837,0.779,1.600,0.851,0.779,1.300,0.857,0.779,1.500,0.851,0.779
20211009_1058,-21.310,174.380,532.300,GE.HLG.,54.183,7.883,145.569,1678.704,1712.486,1723.233,722.000,2.932,0.536,0.574,0.588,0.603,0.597,1.600,1.700,0.892,0.908,1.000,0.957,0.957,0.800,0.977,0.957,0.600,0.981,0.957,0.300,0.984,0.957,0.500,0.982,0.957
20211009_1058,-21.310,174.380,532.300,RO.IASR.,47.178,27.575,142.794,1662.808,1693.745,1703.497,723.000,1.438,-0.018,-0.023,-0.023,-0.022,-0.025,-0.100,-0.500,0.885,0.907,-0.100,0.346,0.346,-3.900,0.278,0.346,-4.100,0.305,0.346,-4.100,0.309,0.346,-4.100,0.298,0.346
20211009_1058,-21.310,174.380,532.300,GB.LBWR.,53.402,-1.725,147.770,1691.142,1727.260,1738.839,724.000,2.469,0.406,0.423,0.455,0.473,0.463,2.200,2.100,0.848,0.915,1.300,0.862,0.862,0.900,0.852,0.862,0.700,0.859,0.862,0.500,0.864,0.862,0.500,0.861,0.862
20211009_1058,-21.310,174.380,532.300,IV.FAGN.,42.266,13.584,153.572,1723.169,1765.759,1779.718,725.000,1.355,0.037,0.046,0.056,0.056,0.048,-1.500,-4.700,0.463,-0.768,3.700,0.500,0.500,3.900,0.525,0.500,3.800,0.557,0.500,3.700,0.570,0.500,3.800,0.559,0.500
20211009_1058,-21.310,174.380,532.300,DK.SCO.,70.486,-21.950,129.881,1585.491,1604.862,1610.705,726.000,0.622,0.066,0.063,0.075,0.077,0.073,-0.100,-4.800,0.531,0.271,0.300,0.481,0.481,0.700,0.439,0.481,0.400,0.406,0.481,0.400,0.400,0.481,0.500,0.414,0.481
20211009_1058,-21.310,174.380,532.300,NO.ARA2.00,69.534,25.508,128.267,1575.446,1593.566,1599.010,727.000,0.952,0.311,0.305,0.309,0.307,0.306,0.900,1.400,0.679,0.640,0.700,0.845,0.845,0.500,0.853,0.845,0.200,0.861,0.845,0.300,0.867,0.845,0.400,0.862,0.845
20211009_1058,-21.310,174.380,532.300,NO.ARA3.00,69.535,25.502,128.267,1575.449,1593.570,1599.014,728.000,0.913,0.316,0.308,0.311,0.308,0.308,0.900,1.400,0.676,0.630,0.700,0.850,0.850,0.400,0.857,0.850,0.200,0.866,0.850,0.200,0.871,0.850,0.300,0.866,0.850
20211009_1058,-21.310,174.380,532.300,CH.PERON.,46.191,5.908,153.402,1722.250,1764.644,1778.530,729.000,5.221,0.478,0.458,0.469,0.463,0.466,2.600,-4.800,0.650,-0.609,2.500,0.475,0.475,2.400,0.468,0.475,2.300,0.459,0.475,2.200,0.441,0.475,2.200,0.448,0.475
20211009_1058,-21.310,174.380,532.300,RD.RJF.,45.304,1.516,155.300,1732.495,1777.106,1791.826,730.000,2.743,0.291,0.360,0.401,0.429,0.416,2.800,2.300,0.637,0.615,2.600,0.712,0.712,2.000,0.725,0.712,1.800,0.723,0.712,1.600,0.724,0.712,1.600,0.723,0.712
20211009_1058,-21.310,174.380,532.300,NO.ARC1.00,69.541,25.508,128.261,1575.410,1593.525,1598.968,731.000,0.954,0.314,0.302,0.309,0.305,0.307,0.900,1.400,0.669,0.630,0.700,0.836,0.836,0.500,0.844,0.836,0.200,0.853,0.836,0.300,0.858,0.836,0.300,0.854,0.836
20211009_1058,-21.310,174.380,532.300,IV.MOMA.,42.804,12.570,153.676,1723.732,1766.443,1780.447,732.000,3.684,0.260,0.317,0.355,0.373,0.350,-4.400,-4.100,0.839,0.847,-5.000,0.817,0.817,-4.800,0.812,0.817,-5.000,0.806,0.817,-5.100,0.804,0.817,-5.000,0.809,0.817
20211009_1058,-21.310,174.380,532.300,ZC.HMDR.,18.788,-69.381,120.463,1525.704,1538.398,1542.162,733.000,2.226,0.374,0.196,0.187,0.173,0.186,2.100,2.200,0.934,0.915,1.300,0.694,0.694,1.700,0.747,0.694,0.700,0.736,0.694,1.500,0.733,0.694,1.700,0.743,0.694
20211009_1058,-21.310,174.380,532.300,KO.DARE.,38.571,37.483,139.322,1642.554,1670.113,1678.700,734.000,4.086,0.611,0.521,0.526,0.526,0.523,2.200,-3.300,0.604,0.452,-1.400,0.642,0.642,-1.900,0.749,0.642,-1.200,0.677,0.642,-1.300,0.685,0.642,-1.700,0.705,0.642
20211009_1058,-21.310,174.380,532.300,RO.ICOR.,44.117,27.801,144.216,1670.986,1703.364,1713.618,735.000,0.903,0.100,0.041,0.043,0.043,0.044,2.200,2.000,0.630,0.624,0.400,0.549,0.549,0.400,0.640,0.549,-0.300,0.714,0.549,-0.300,0.730,0.549,0.000,0.698,0.549
20211009_1058,-21.310,174.380,532.300,KV.SAKE.,-1.586,29.073,139.081,1641.132,1668.464,1676.973,736.000,2.634,0.592,0.552,0.558,0.557,0.554,0.300,0.500,0.940,0.929,0.000,0.941,0.941,0.400,0.913,0.941,-0.100,0.928,0.941,-0.100,0.925,0.941,0.100,0.918,0.941
20211009_1058,-21.310,174.380,532.300,BX.KHWEE.,-21.946,25.447,127.182,1568.654,1585.953,1591.139,737.000,6.725,0.551,0.541,0.551,0.559,0.545,1.600,1.600,0.872,0.865,1.200,0.969,0.969,1.200,0.971,0.969,1.200,0.974,0.969,1.100,0.979,0.969,1.200,0.976,0.969
20211009_1058,-21.310,174.380,532.300,IV.ROVR.,45.647,11.072,152.091,1715.104,1755.995,1769.320,738.000,1.819,0.445,0.443,0.442,0.437,0.437,4.500,4.600,0.657,0.586,4.400,0.674,0.674,3.800,0.753,0.674,3.600,0.763,0.674,3.300,0.763,0.674,3.500,0.764,0.674
20211009_1058,-21.310,174.380,532.300,CR.7502.,45.315,16.593,149.870,1702.865,1741.269,1753.677,739.000,1.503,0.241,0.192,0.186,0.191,0.189,2.100,-4.900,0.509,0.671,1.200,0.630,0.630,1.500,0.609,0.630,1.300,0.615,0.630,1.100,0.613,0.630,1.200,0.614,0.630
20211009_1058,-21.310,174.380,532.300,GT.LBTB.00,-25.015,25.597,124.634,1552.541,1567.995,1572.607,740.000,6.996,0.580,0.606,0.604,0.601,0.605,-0.400,-0.100,0.710,0.759,-0.900,0.741,0.741,-0.600,0.747,0.741,-0.700,0.740,0.741,-0.900,0.734,0.741,-0.700,0.738,0.741
