evtid,evla,evlo,evdp,station,stla,stlo,gcarc,s2ks,s3ks,s4ks,tridx,snr,ccf1,ccf2,ccf3,ccf4,ccf5,t32_cc,t32_pp,ccf_cc,ccf_pp,t32_fw1,ccf_fw1,ccf_sg1,t32_fw2,ccf_fw2,ccf_sg2,t32_fw3,ccf_fw3,ccf_sg3,t32_fw4,ccf_fw4,ccf_sg4,t32_fw5,ccf_fw5,ccf_sg5,auto_selected,group,az
20200706_2254,-5.69,110.55,535.0,LD.PAL.,41.006,-73.908,144.46,1671.9,1704.538,1714.884,0.0,4.037,0.747,0.767,0.774,0.756,0.75,0.4,0.2,0.926,0.928,-0.6,0.936,0.936,-0.5,0.931,0.936,-0.6,0.93,0.936,-0.9,0.932,0.936,-0.9,0.932,0.936,1,0.0,5.748
20200706_2254,-5.69,110.55,535.0,CC.ASBU.,43.821,-121.368,120.762,1527.168,1540.055,1543.879,1.0,3.391,0.508,0.36,0.381,0.399,0.401,1.1,-4.1,0.689,-0.377,-0.1,0.423,0.423,2.5,0.476,0.423,3.1,0.455,0.423,3.0,0.49,0.423,2.9,0.497,0.423,0,-1.0,41.371
20200706_2254,-5.69,110.55,535.0,CI.FOX2.,34.734,-118.24,126.53,1564.072,1580.893,1585.931,2.0,4.767,0.522,0.57,0.56,0.561,0.562,-0.2,0.2,0.823,0.933,-0.1,0.662,0.662,0.1,0.675,0.662,-0.1,0.659,0.662,0.0,0.663,0.662,0.0,0.659,0.662,1,1.0,50.272
20200706_2254,-5.69,110.55,535.0,CI.BRE.,33.808,-117.981,127.063,1567.427,1584.644,1589.805,3.0,1.337,0.192,0.204,0.197,0.189,0.192,1.3,4.6,0.46,-0.676,1.0,0.393,0.393,1.2,0.449,0.393,0.9,0.437,0.393,1.2,0.448,0.393,1.1,0.45,0.393,0,-1.0,51.252
20200706_2254,-5.69,110.55,535.0,CI.BC3.,33.655,-115.454,129.071,1579.983,1598.73,1604.373,4.0,2.681,0.549,0.582,0.577,0.578,0.581,-0.8,-1.0,0.872,0.847,-0.9,0.598,0.598,-0.5,0.594,0.598,-0.8,0.585,0.598,-0.7,0.59,0.598,-0.6,0.586,0.598,1,1.0,50.425
20200706_2254,-5.69,110.55,535.0,BK.BONV.00,38.987,-123.349,121.206,1530.044,1543.213,1547.122,5.0,1.857,0.446,0.395,0.389,0.406,0.402,-0.1,-0.7,0.569,0.377,-0.8,0.585,0.585,-0.1,0.677,0.585,-0.5,0.636,0.585,-0.1,0.67,0.585,-0.2,0.662,0.585,0,-1.0,47.248
20200706_2254,-5.69,110.55,535.0,CI.CTW.,33.677,-115.872,128.741,1577.927,1596.42,1601.981,6.0,4.735,0.422,0.473,0.453,0.459,0.459,-1.8,-2.7,0.826,0.811,-2.7,0.473,0.473,-2.3,0.491,0.473,-2.6,0.504,0.473,-2.4,0.502,0.473,-2.5,0.495,0.473,0,-1.0,50.574
20200706_2254,-5.69,110.55,535.0,BK.RBOW.00,40.335,-124.111,120.193,1523.467,1535.998,1539.713,7.0,1.373,0.144,0.183,0.181,0.18,0.18,8.4,4.1,0.573,-0.533,-8.6,0.37,0.37,-7.6,0.365,0.37,-8.1,0.343,0.37,-7.7,0.344,0.37,-7.8,0.346,0.37,0,-1.0,46.013
20200706_2254,-5.69,110.55,535.0,BK.KARE.00,36.597,-119.504,124.893,1553.713,1569.356,1574.026,8.0,3.668,0.508,0.502,0.489,0.49,0.49,-1.0,-1.5,0.799,0.769,-0.7,0.48,0.48,-0.1,0.473,0.48,-0.9,0.459,0.48,-0.6,0.471,0.48,-0.6,0.463,0.48,0,-1.0,48.607
20200706_2254,-5.69,110.55,535.0,MX.HPIG.,26.937,-105.664,139.522,1643.244,1671.0,1679.655,9.0,6.261,0.612,0.571,0.613,0.607,0.596,1.4,0.7,0.747,0.551,0.5,0.822,0.822,0.3,0.833,0.822,0.0,0.836,0.822,0.0,0.833,0.822,0.1,0.832,0.822,1,1.0,54.097
20200706_2254,-5.69,110.55,535.0,PY.BPH05.,33.612,-116.455,128.316,1575.276,1593.442,1598.9,10.0,5.345,0.462,0.499,0.492,0.492,0.495,-1.0,-1.1,0.87,0.847,-1.6,0.354,0.354,-1.2,0.392,0.354,-1.5,0.392,0.354,-1.3,0.396,0.354,-1.3,0.388,0.354,0,-1.0,50.888
20200706_2254,-5.69,110.55,535.0,PR.EMPR.,18.477,-66.529,166.899,1792.169,1851.399,1871.73,11.0,1.363,0.168,0.168,0.162,0.163,0.165,-6.1,-2.4,0.83,-0.794,-6.0,0.571,0.571,1.6,0.535,0.571,-7.2,0.516,0.571,-7.3,0.549,0.571,-7.3,0.543,0.571,0,-1.0,-11.882
20200706_2254,-5.69,110.55,535.0,CX.PB11.,-19.761,-69.656,154.548,1727.961,1771.699,1786.09,12.0,2.924,0.296,0.268,0.271,0.272,0.269,2.0,1.4,0.822,0.764,1.4,0.585,0.585,1.4,0.76,0.585,1.3,0.754,0.585,1.0,0.729,0.585,1.0,0.738,0.585,0,-1.0,179.556
20200706_2254,-5.69,110.55,535.0,BK.BABI.00,36.516,-120.853,123.911,1547.449,1562.409,1566.868,13.0,0.347,0.021,-0.007,-0.005,-0.004,-0.004,10.6,-2.0,0.35,-1.0,-8.6,0.515,0.515,-8.4,0.596,0.515,-8.7,0.578,0.515,-8.5,0.584,0.515,-8.4,0.584,0.515,0,-1.0,49.176
20200706_2254,-5.69,110.55,535.0,C1.MT18.,-33.463,-70.664,140.83,1650.916,1679.926,1689.011,14.0,1.182,0.069,0.095,0.089,0.069,0.075,7.0,3.7,0.724,-0.594,6.6,0.58,0.58,6.1,0.658,0.58,6.1,0.652,0.58,5.6,0.612,0.58,5.6,0.619,0.58,0,-1.0,178.408
20200706_2254,-5.69,110.55,535.0,YB.MOJO.00,34.756,-115.833,128.352,1575.498,1593.69,1599.157,15.0,0.498,0.113,0.163,0.165,0.162,0.162,9.4,-1.2,0.494,-0.054,0.1,0.609,0.609,0.5,0.578,0.609,0.2,0.605,0.609,0.3,0.598,0.609,0.3,0.593,0.609,0,-1.0,49.288
20200706_2254,-5.69,110.55,535.0,C1.VA01.,-33.023,-71.648,141.231,1653.256,1682.656,1691.876,16.0,1.317,0.195,0.291,0.296,0.297,0.29,2.9,-3.9,0.438,-0.788,-0.6,0.822,0.822,-1.0,0.582,0.822,-1.0,0.579,0.822,-1.4,0.546,0.822,-1.4,0.552,0.822,0,-1.0,177.079
20200706_2254,-5.69,110.55,535.0,C1.AC01.,-26.148,-70.599,148.143,1692.745,1729.273,1741.001,17.0,1.221,0.149,0.148,0.15,0.172,0.165,-2.6,-3.0,0.537,0.643,-4.1,0.639,0.639,3.4,0.628,0.639,-3.8,0.624,0.639,-4.2,0.628,0.639,-4.2,0.63,0.639,0,-1.0,178.068
20200706_2254,-5.69,110.55,535.0,GE.BOAB.,12.449,-85.666,162.629,1770.512,1824.17,1842.319,18.0,4.497,0.693,0.654,0.63,0.637,0.647,0.4,0.4,0.957,0.956,0.0,0.82,0.82,0.1,0.795,0.82,-0.5,0.762,0.82,-0.4,0.772,0.82,-0.1,0.785,0.82,1,2.0,65.44
20200706_2254,-5.69,110.55,535.0,C1.BO01.,-34.392,-71.085,139.889,1645.401,1673.506,1682.28,19.0,0.364,-0.042,0.021,0.02,0.017,0.018,2.5,2.7,0.737,0.379,-4.3,0.369,0.369,-2.4,0.207,0.369,-2.5,0.206,0.369,-2.8,0.19,0.369,-2.8,0.192,0.369,0,-1.0,177.92
20200706_2254,-5.69,110.55,535.0,CX.PB18.,-17.59,-69.48,156.72,1739.606,1785.918,1801.279,20.0,1.628,0.387,0.207,0.216,0.24,0.229,1.4,-3.8,0.662,-0.462,-0.1,0.619,0.619,-7.8,0.457,0.619,-7.8,0.457,0.619,-8.2,0.443,0.619,-8.2,0.446,0.619,0,-1.0,179.929
20200706_2254,-5.69,110.55,535.0,CM.HEL.00,6.191,-75.529,173.933,1826.588,1895.471,1919.732,21.0,2.837,0.484,0.438,0.379,0.415,0.438,-0.7,-0.7,0.847,0.633,-0.1,0.787,0.787,-0.5,0.83,0.787,-1.1,0.855,0.787,-0.9,0.852,0.787,-0.4,0.83,0.787,1,3.0,84.504
20200706_2254,-5.69,110.55,535.0,CI.CLT.,34.093,-117.317,127.473,1570.004,1587.528,1592.785,22.0,3.077,0.373,0.318,0.33,0.328,0.33,-1.2,-1.7,0.492,0.448,2.8,0.311,0.311,2.7,0.316,0.311,2.4,0.336,0.311,2.6,0.336,0.311,2.7,0.328,0.311,0,-1.0,50.664
20200706_2254,-5.69,110.55,535.0,Y4.VB04.,-39.378,-71.935,134.873,1615.553,1639.068,1646.284,23.0,1.58,0.32,0.339,0.34,0.343,0.342,2.5,2.5,0.973,0.955,2.2,0.375,0.375,2.0,0.427,0.375,1.9,0.428,0.375,1.7,0.427,0.375,1.7,0.43,0.375,0,-1.0,177.303
20200706_2254,-5.69,110.55,535.0,LD.FOR.,40.86,-73.885,144.606,1672.736,1705.526,1715.924,24.0,4.279,0.683,0.71,0.715,0.701,0.697,0.6,0.6,0.951,0.936,-0.4,0.881,0.881,-0.4,0.871,0.881,-0.4,0.868,0.881,-0.7,0.866,0.881,-0.8,0.866,0.881,1,0.0,5.752
20200706_2254,-5.69,110.55,535.0,CI.FMP.,33.713,-118.294,126.854,1566.11,1583.171,1588.283,25.0,3.07,0.385,0.446,0.446,0.439,0.435,-0.7,4.8,0.644,-0.655,1.1,0.614,0.614,1.3,0.664,0.614,1.0,0.657,0.614,1.2,0.66,0.614,1.3,0.661,0.614,1,1.0,51.48
20200706_2254,-5.69,110.55,535.0,OH.O53A.,40.249,-81.213,143.861,1668.469,1700.494,1710.626,26.0,6.525,0.763,0.755,0.763,0.782,0.782,1.0,1.0,0.964,0.96,0.4,0.874,0.874,0.5,0.883,0.874,0.5,0.881,0.874,0.1,0.881,0.874,0.1,0.882,0.874,1,0.0,15.193
20200706_2254,-5.69,110.55,535.0,CX.PSGCX.,-19.597,-70.123,154.704,1728.801,1772.722,1787.182,27.0,1.583,0.371,0.335,0.342,0.348,0.345,1.0,0.2,0.81,0.689,-0.6,0.47,0.47,0.4,0.593,0.47,0.4,0.587,0.47,-0.1,0.545,0.47,-0.1,0.562,0.47,0,-1.0,178.54
20200706_2254,-5.69,110.55,535.0,C.GO06.,-39.584,-71.472,134.688,1614.432,1637.786,1644.947,28.0,1.696,0.236,0.319,0.313,0.321,0.316,2.2,2.2,0.653,0.642,1.5,0.557,0.557,1.7,0.555,0.557,1.6,0.551,0.557,1.1,0.574,0.557,1.2,0.568,0.557,0,-1.0,177.819
20200706_2254,-5.69,110.55,535.0,CI.ALP.,34.687,-118.299,126.502,1563.894,1580.695,1585.726,29.0,4.423,0.489,0.554,0.532,0.533,0.538,-0.7,-0.4,0.877,0.936,-0.3,0.68,0.68,-0.1,0.693,0.68,-0.4,0.673,0.68,-0.2,0.684,0.68,-0.2,0.678,0.68,1,1.0,50.348
20200706_2254,-5.69,110.55,535.0,CM.URI.00,11.702,-71.993,173.484,1824.437,1892.685,1916.687,30.0,7.073,0.445,0.466,0.446,0.414,0.413,-0.8,-0.6,0.768,0.699,0.5,0.566,0.566,0.3,0.844,0.566,0.2,0.803,0.566,-0.2,0.742,0.566,-0.1,0.751,0.566,1,-1.0,20.913
20200706_2254,-5.69,110.55,535.0,CI.BLY.,33.75,-114.524,129.745,1584.169,1603.441,1609.252,31.0,11.493,0.596,0.611,0.593,0.594,0.601,-1.2,-0.5,0.853,0.817,-1.1,0.691,0.691,-0.7,0.644,0.691,-1.0,0.638,0.691,-0.9,0.637,0.691,-0.9,0.637,0.691,1,1.0,49.913
20200706_2254,-5.69,110.55,535.0,BK.BJES.00,40.544,-123.88,120.285,1524.071,1536.66,1540.393,32.0,0.0,,,,,,-16.0,-8.0,0.0,0.0,-16.0,0.0,0.0,-16.0,0.0,0.0,-16.0,0.0,0.0,-16.0,0.0,0.0,-16.0,0.0,0.0,0,-1.0,45.715
20200706_2254,-5.69,110.55,535.0,NM.PBMO.,36.778,-90.43,143.469,1666.216,1697.842,1707.834,33.0,7.143,0.712,0.687,0.694,0.696,0.698,0.7,0.7,0.932,0.935,0.2,0.861,0.861,0.1,0.867,0.861,-0.1,0.865,0.861,-0.3,0.863,0.861,-0.2,0.866,0.861,1,0.0,28.633
20200706_2254,-5.69,110.55,535.0,LD.PTNY.,44.558,-74.951,140.835,1650.945,1679.96,1689.047,34.0,0.348,-0.008,-0.003,-0.004,-0.007,-0.005,3.0,-4.7,0.728,-0.671,6.6,0.142,0.142,6.8,0.136,0.142,6.7,0.139,0.142,6.3,0.146,0.142,6.3,0.145,0.142,0,-1.0,6.173
20200706_2254,-5.69,110.55,535.0,CX.PB09.,-21.796,-69.242,152.513,1716.921,1758.303,1771.811,35.0,2.36,0.371,0.29,0.294,0.308,0.308,0.8,2.2,0.6,0.484,-0.1,0.605,0.605,8.7,0.537,0.605,8.7,0.54,0.605,8.3,0.53,0.605,8.4,0.535,0.605,0,-1.0,-179.588
20200706_2254,-5.69,110.55,535.0,C1.MT01.,-33.864,-71.251,140.409,1648.454,1677.058,1686.004,36.0,3.111,0.242,0.426,0.412,0.366,0.376,0.4,-1.0,0.854,0.585,-2.8,0.841,0.841,-1.9,0.833,0.841,-2.0,0.833,0.841,-2.6,0.829,0.841,-2.5,0.83,0.841,1,4.0,177.67
20200706_2254,-5.69,110.55,535.0,1P.BONA.,-50.289,-72.027,123.976,1547.867,1562.872,1567.345,37.0,0.832,0.205,0.127,0.131,0.154,0.146,-0.7,-0.8,0.812,0.841,-1.4,0.753,0.753,-1.3,0.758,0.753,-1.4,0.76,0.753,-1.5,0.765,0.753,-1.5,0.766,0.753,0,-1.0,178.019
20200706_2254,-5.69,110.55,535.0,1P.ESCR.,-49.959,-73.132,124.26,1549.676,1564.876,1569.41,38.0,0.345,0.022,0.016,0.017,0.02,0.019,10.7,-2.1,0.356,-0.999,-8.8,0.539,0.539,-8.4,0.552,0.539,-8.5,0.552,0.539,-8.6,0.551,0.539,-8.6,0.55,0.539,0,-1.0,177.141
20200706_2254,-5.69,110.55,535.0,ZC.REDR.,19.271,-71.712,166.241,1788.87,1847.228,1867.212,39.0,1.17,0.14,0.156,0.153,0.146,0.144,-2.1,3.2,0.787,-0.041,-4.0,0.556,0.556,-3.8,0.543,0.556,-3.9,0.538,0.556,-4.2,0.538,0.556,-4.2,0.539,0.556,0,-1.0,8.712
20200706_2254,-5.69,110.55,535.0,CI.AVM.,35.066,-116.615,127.64,1571.048,1588.698,1593.995,40.0,5.963,0.596,0.644,0.617,0.629,0.624,-1.5,-1.1,0.877,0.771,-1.6,0.808,0.808,-1.1,0.824,0.808,-1.5,0.837,0.808,-1.4,0.837,0.808,-1.4,0.834,0.808,1,1.0,49.25
20200706_2254,-5.69,110.55,535.0,BK.PETY.00,40.177,-122.788,121.193,1529.964,1543.125,1547.032,41.0,3.791,0.558,0.569,0.56,0.552,0.558,0.2,0.5,0.776,0.932,-0.1,0.807,0.807,0.3,0.833,0.807,0.0,0.856,0.807,0.2,0.843,0.807,0.2,0.844,0.807,1,1.0,45.767
20200706_2254,-5.69,110.55,535.0,UW.DAVN.,47.801,-118.274,120.898,1528.049,1541.022,1544.872,42.0,7.219,0.593,0.572,0.575,0.574,0.575,1.5,1.4,0.666,0.785,0.8,0.597,0.597,1.5,0.641,0.597,1.3,0.645,0.597,1.5,0.65,0.597,1.4,0.649,0.597,1,1.0,36.1
20200706_2254,-5.69,110.55,535.0,CX.PB16.,-18.335,-69.508,155.975,1735.625,1781.046,1796.071,43.0,0.968,0.138,0.066,0.076,0.102,0.095,-0.1,-4.4,0.875,-0.522,-1.2,0.571,0.571,5.4,0.494,0.571,5.4,0.487,0.571,5.1,0.493,0.571,5.1,0.503,0.571,0,-1.0,179.867
20200706_2254,-5.69,110.55,535.0,CI.CSH.,33.644,-116.596,128.196,1574.524,1592.598,1598.027,44.0,5.563,0.61,0.627,0.613,0.618,0.617,-0.8,-0.6,0.871,0.807,-0.7,0.671,0.671,-0.3,0.683,0.671,-0.7,0.69,0.671,-0.5,0.691,0.671,-0.5,0.684,0.671,1,1.0,50.907
20200706_2254,-5.69,110.55,535.0,BK.YBH.50,41.732,-122.71,120.677,1526.617,1539.45,1543.258,45.0,2.354,0.377,0.303,0.31,0.323,0.319,-1.1,-0.4,0.723,0.656,-0.1,0.544,0.544,0.1,0.66,0.544,-0.1,0.643,0.544,0.1,0.668,0.544,0.1,0.666,0.544,1,1.0,44.058
20200706_2254,-5.69,110.55,535.0,BK.SAO.00,36.764,-121.447,123.377,1544.037,1558.633,1562.98,46.0,4.52,0.598,0.655,0.648,0.649,0.655,-0.3,-0.1,0.946,0.97,-0.4,0.825,0.825,-0.3,0.85,0.825,-0.6,0.828,0.825,-0.5,0.836,0.825,-0.4,0.836,0.825,1,1.0,49.098
20200706_2254,-5.69,110.55,535.0,1P.PTTY.,-50.424,-74.273,123.732,1546.303,1561.14,1565.562,47.0,2.749,-0.055,0.138,0.116,0.047,0.051,-0.4,0.0,0.783,0.744,-0.5,0.617,0.617,-0.5,0.692,0.617,-0.5,0.687,0.617,-0.6,0.664,0.617,-0.5,0.667,0.617,0,-1.0,176.315
20200706_2254,-5.69,110.55,535.0,CI.HEC.,34.829,-116.335,127.944,1572.949,1590.83,1596.199,48.0,6.648,0.589,0.566,0.56,0.558,0.561,-0.2,0.2,0.929,0.931,-0.3,0.775,0.775,0.1,0.794,0.775,-0.1,0.801,0.775,-0.1,0.803,0.775,0.0,0.797,0.775,1,1.0,49.411
20200706_2254,-5.69,110.55,535.0,PY.BPH11.,33.605,-116.452,128.321,1575.308,1593.478,1598.937,49.0,5.214,0.454,0.497,0.486,0.49,0.488,-0.9,-1.0,0.865,0.834,-1.4,0.344,0.344,-0.9,0.38,0.344,-1.3,0.381,0.344,-1.1,0.384,0.344,-1.1,0.376,0.344,0,-1.0,50.895
20200706_2254,-5.69,110.55,535.0,BK.HOPS.00,38.993,-123.072,121.405,1531.336,1544.632,1548.581,50.0,1.492,0.365,0.412,0.405,0.414,0.416,-0.2,-0.5,0.652,0.609,4.6,0.714,0.714,5.1,0.635,0.714,4.9,0.666,0.714,5.0,0.651,0.714,5.1,0.641,0.714,0,-1.0,47.154
20200706_2254,-5.69,110.55,535.0,BK.HULI.00,36.021,-121.236,123.791,1546.685,1561.563,1565.997,51.0,6.37,0.489,0.52,0.509,0.502,0.506,0.7,0.3,0.793,0.771,0.2,0.672,0.672,0.5,0.777,0.672,0.2,0.724,0.672,0.3,0.741,0.672,0.4,0.742,0.672,1,1.0,49.865
20200706_2254,-5.69,110.55,535.0,LD.NPNY.,41.755,-74.144,143.694,1667.509,1699.363,1709.435,52.0,3.817,0.757,0.778,0.782,0.783,0.785,0.5,0.0,0.868,0.846,-0.3,0.836,0.836,-0.2,0.845,0.836,-0.3,0.841,0.836,-0.6,0.839,0.836,-0.5,0.841,0.836,1,0.0,5.876
20200706_2254,-5.69,110.55,535.0,YB.MOJD.00,34.693,-116.115,128.164,1574.323,1592.372,1597.793,53.0,2.96,0.437,0.497,0.472,0.472,0.478,-1.2,-0.7,0.82,0.874,-1.4,0.483,0.483,-1.0,0.508,0.483,-1.3,0.515,0.483,-1.2,0.519,0.483,-1.2,0.513,0.483,1,1.0,49.479
20200706_2254,-5.69,110.55,535.0,BK.BRIC.00,40.112,-123.896,120.423,1524.966,1537.641,1541.4,54.0,3.337,0.495,0.445,0.467,0.466,0.467,0.7,1.0,0.879,0.896,0.6,0.761,0.761,1.1,0.844,0.761,0.7,0.822,0.761,0.9,0.812,0.761,0.9,0.819,0.761,1,1.0,46.189
20200706_2254,-5.69,110.55,535.0,BK.HATC.00,40.816,-121.461,121.893,1534.489,1548.1,1552.145,55.0,3.857,0.493,0.477,0.492,0.5,0.491,-0.9,-0.8,0.863,0.972,-1.1,0.719,0.719,-0.9,0.758,0.719,-1.0,0.749,0.719,-0.8,0.756,0.719,-0.9,0.753,0.719,1,1.0,44.627
20200706_2254,-5.69,110.55,535.0,CX.PB03.,-22.048,-69.753,152.26,1715.54,1756.632,1770.034,56.0,1.41,0.141,0.159,0.157,0.119,0.116,-8.6,-0.5,0.584,0.454,-1.5,0.774,0.774,-1.1,0.78,0.774,-1.2,0.776,0.774,-1.9,0.784,0.774,-1.8,0.788,0.774,0,-1.0,179.405
20200706_2254,-5.69,110.55,535.0,ZC.SODR.00,19.752,-70.576,165.895,1787.127,1845.027,1864.83,57.0,1.208,0.3,0.308,0.309,0.306,0.305,0.7,0.4,0.824,0.58,0.7,0.622,0.622,0.8,0.599,0.622,0.7,0.6,0.622,0.5,0.605,0.622,0.5,0.603,0.622,0,-1.0,4.21
20200706_2254,-5.69,110.55,535.0,PY.BPH02.,33.611,-116.455,128.317,1575.281,1593.448,1598.906,58.0,5.139,0.461,0.503,0.491,0.491,0.494,-1.0,-1.0,0.881,0.869,-1.5,0.367,0.367,-1.0,0.405,0.367,-1.4,0.405,0.367,-1.3,0.409,0.367,-1.2,0.401,0.367,0,-1.0,50.889
20200706_2254,-5.69,110.55,535.0,C.GO04.,-30.173,-70.799,144.114,1669.919,1702.203,1712.424,59.0,0.916,0.195,0.144,0.141,0.141,0.14,3.8,1.9,0.68,0.511,2.4,0.511,0.511,0.6,0.87,0.511,0.6,0.868,0.511,0.1,0.865,0.511,0.1,0.865,0.511,0,-1.0,178.028
20200706_2254,-5.69,110.55,535.0,BK.KCC.00,37.324,-119.319,124.76,1552.866,1568.415,1573.057,60.0,4.585,0.508,0.45,0.45,0.449,0.45,-0.7,0.4,0.719,0.873,0.2,0.564,0.564,0.5,0.589,0.564,0.3,0.582,0.564,0.4,0.587,0.564,0.4,0.585,0.564,1,1.0,47.719
20200706_2254,-5.69,110.55,535.0,CM.LCBC.00,8.857,-76.368,172.443,1819.423,1886.212,1909.614,61.0,0.337,0.003,0.011,0.01,0.011,0.011,14.0,1.6,0.232,0.111,1.1,0.801,0.801,1.8,0.845,0.801,1.5,0.837,0.801,1.6,0.836,0.801,1.6,0.836,0.801,0,-1.0,63.196
20200706_2254,-5.69,110.55,535.0,NU.CNGN.,12.5,-86.699,161.669,1765.568,1817.998,1835.677,62.0,5.927,0.675,0.657,0.608,0.618,0.643,-1.1,-1.3,0.941,0.902,-1.4,0.907,0.907,-1.8,0.82,0.907,-2.3,0.833,0.907,-2.2,0.834,0.907,-2.0,0.826,0.907,1,2.0,66.514
20200706_2254,-5.69,110.55,535.0,C1.CO04.,-32.043,-70.975,142.239,1659.113,1689.505,1699.068,63.0,1.414,0.25,0.272,0.272,0.264,0.269,1.5,0.4,0.539,0.322,-0.5,0.857,0.857,0.0,0.877,0.857,-0.1,0.88,0.857,-0.4,0.868,0.857,-0.5,0.87,0.857,0,-1.0,177.906
20200706_2254,-5.69,110.55,535.0,BK.WENL.00,37.622,-121.757,122.849,1540.645,1554.885,1559.123,64.0,3.615,0.623,0.541,0.558,0.559,0.562,0.6,0.7,0.727,0.812,0.6,0.837,0.837,0.5,0.872,0.837,0.2,0.865,0.837,0.4,0.87,0.837,0.4,0.865,0.837,1,1.0,48.242
20200706_2254,-5.69,110.55,535.0,CX.PB07.,-21.727,-69.886,152.58,1717.288,1758.746,1772.283,65.0,2.775,0.254,0.192,0.196,0.189,0.183,9.1,2.0,0.604,0.552,8.6,0.588,0.588,8.7,0.62,0.588,8.6,0.624,0.588,8.2,0.607,0.588,8.2,0.609,0.588,0,-1.0,179.133
20200706_2254,-5.69,110.55,535.0,NM.USIN.,37.965,-87.666,143.724,1667.684,1699.569,1709.652,66.0,5.05,0.733,0.66,0.673,0.682,0.679,-0.4,4.5,0.776,-0.308,0.0,0.579,0.579,0.0,0.58,0.579,-0.1,0.579,0.579,-0.4,0.582,0.579,-0.5,0.582,0.579,1,0.0,24.462
20200706_2254,-5.69,110.55,535.0,BK.SUTB.00,39.229,-121.786,122.255,1536.823,1550.671,1554.788,67.0,4.164,0.58,0.515,0.536,0.536,0.532,0.7,1.0,0.79,0.785,0.9,0.762,0.762,1.0,0.843,0.762,0.9,0.825,0.762,1.1,0.833,0.762,1.0,0.83,0.762,1,1.0,46.472
20200706_2254,-5.69,110.55,535.0,CI.CJM.,34.271,-117.424,127.325,1569.072,1586.485,1591.707,68.0,2.977,0.423,0.383,0.396,0.391,0.39,0.7,1.3,0.7,0.764,0.8,0.621,0.621,1.3,0.659,0.621,0.9,0.66,0.621,1.1,0.661,0.621,1.1,0.658,0.621,1,1.0,50.498
20200706_2254,-5.69,110.55,535.0,CI.IKP.,32.65,-116.109,128.941,1579.174,1597.821,1603.431,69.0,2.571,0.52,0.52,0.522,0.527,0.524,-0.6,0.1,0.925,0.901,-0.6,0.568,0.568,0.0,0.569,0.568,-0.5,0.577,0.568,-0.3,0.574,0.568,-0.2,0.57,0.568,1,1.0,51.892
20200706_2254,-5.69,110.55,535.0,PR.PCDR.,18.514,-68.381,167.133,1793.338,1852.88,1873.336,70.0,1.946,0.463,0.517,0.514,0.486,0.499,-0.9,3.0,0.784,-0.782,-1.5,0.603,0.603,-0.7,0.538,0.603,-0.9,0.529,0.603,-1.5,0.52,0.603,-1.4,0.516,0.603,0,-1.0,-4.39
20200706_2254,-5.69,110.55,535.0,Y4.VB05.,-39.379,-71.903,134.874,1615.555,1639.071,1646.287,71.0,2.124,0.359,0.349,0.344,0.326,0.328,0.7,0.5,0.688,0.605,-0.6,0.4,0.4,0.3,0.51,0.4,0.3,0.497,0.4,-0.7,0.492,0.4,-0.7,0.502,0.4,1,4.0,177.338
20200706_2254,-5.69,110.55,535.0,CX.PB14.,-24.626,-70.404,149.67,1701.266,1739.458,1751.79,72.0,2.473,0.049,-0.049,-0.046,-0.039,-0.044,-6.4,2.7,0.623,-0.923,6.6,0.362,0.362,5.9,0.396,0.362,5.9,0.395,0.362,5.7,0.383,0.362,5.7,0.382,0.362,0,-1.0,178.303
20200706_2254,-5.69,110.55,535.0,BK.DCMP.00,39.469,-123.338,121.048,1529.024,1542.093,1545.972,73.0,0.347,0.022,0.023,0.025,0.026,0.025,-11.6,-0.1,0.233,-1.0,-8.7,0.448,0.448,-8.2,0.47,0.448,-8.5,0.461,0.448,-8.3,0.46,0.448,-8.2,0.465,0.448,0,-1.0,46.716
20200706_2254,-5.69,110.55,535.0,C1.LR04.,-39.88,-73.426,134.283,1611.983,1634.987,1642.03,74.0,1.001,0.135,0.06,0.062,0.067,0.063,-0.5,-0.2,0.853,0.849,-1.6,0.245,0.245,0.7,0.252,0.245,0.7,0.241,0.245,-1.8,0.267,0.245,-1.9,0.274,0.245,0,-1.0,175.759
20200706_2254,-5.69,110.55,535.0,GE.SALTA.,-24.224,-66.34,149.933,1702.724,1741.207,1753.645,75.0,1.653,0.006,0.015,0.014,0.015,0.015,8.9,4.3,0.549,-0.512,8.3,0.697,0.697,10.1,0.604,0.697,10.0,0.614,0.697,9.1,0.649,0.697,9.3,0.645,0.697,0,-1.0,-174.403
20200706_2254,-5.69,110.55,535.0,BK.LEGD.00,37.214,-120.149,124.187,1549.214,1564.365,1568.883,76.0,3.597,0.572,0.509,0.526,0.532,0.533,0.2,0.6,0.898,0.784,0.7,0.597,0.597,0.8,0.665,0.597,0.5,0.661,0.597,0.7,0.669,0.597,0.7,0.66,0.597,1,1.0,48.144
20200706_2254,-5.69,110.55,535.0,CC.CLCV.,42.976,-122.089,120.623,1526.264,1539.064,1542.861,77.0,1.396,0.235,0.208,0.204,0.203,0.204,0.7,0.2,0.838,0.718,-0.1,0.788,0.788,0.2,0.846,0.788,0.0,0.854,0.788,0.1,0.835,0.788,0.2,0.835,0.788,0,-1.0,42.517
20200706_2254,-5.69,110.55,535.0,1P.GRAF.,-49.77,-74.922,124.336,1550.166,1565.419,1569.969,78.0,0.954,0.165,0.075,0.075,0.087,0.085,0.1,1.3,0.418,0.308,0.4,0.851,0.851,0.8,0.851,0.851,0.7,0.855,0.851,0.6,0.865,0.851,0.6,0.866,0.851,0,-1.0,175.732
20200706_2254,-5.69,110.55,535.0,1P.OHRS.,-48.708,-73.981,125.458,1557.295,1573.339,1578.134,79.0,0.683,-0.013,0.062,0.055,0.033,0.04,0.8,4.6,0.705,-0.456,1.0,0.805,0.805,1.0,0.859,0.805,1.0,0.857,0.805,0.9,0.852,0.805,0.9,0.853,0.805,0,-1.0,176.34
20200706_2254,-5.69,110.55,535.0,BK.MNDO.00,39.314,-123.745,120.805,1527.449,1540.363,1544.195,80.0,3.772,0.378,0.39,0.392,0.399,0.396,0.8,-4.9,0.384,-0.622,4.7,0.497,0.497,4.7,0.49,0.497,4.5,0.524,0.497,4.6,0.515,0.497,4.6,0.518,0.497,0,-1.0,47.013
20200706_2254,-5.69,110.55,535.0,C1.BO02.,-34.792,-70.781,139.498,1643.105,1670.839,1679.486,81.0,1.777,0.216,0.359,0.357,0.298,0.313,2.1,2.9,0.751,0.622,2.5,0.308,0.308,-1.3,0.832,0.308,-1.3,0.828,0.308,-1.7,0.786,0.308,-1.6,0.794,0.308,0,-1.0,178.329
20200706_2254,-5.69,110.55,535.0,BK.BRK.00,37.874,-122.261,122.388,1537.68,1551.615,1555.759,82.0,5.403,0.597,0.516,0.511,0.513,0.516,0.0,0.3,0.849,0.932,0.2,0.765,0.765,0.3,0.777,0.765,0.1,0.758,0.765,0.3,0.767,0.765,0.3,0.763,0.765,1,1.0,48.128
20200706_2254,-5.69,110.55,535.0,CN.FRB.,63.747,-68.545,121.939,1534.789,1548.43,1552.484,83.0,4.299,0.567,0.568,0.579,0.591,0.585,-0.1,0.2,0.747,0.817,-0.5,0.615,0.615,-0.1,0.675,0.615,-0.1,0.669,0.615,-0.1,0.656,0.615,-0.1,0.656,0.615,1,-1.0,-0.472
20200706_2254,-5.69,110.55,535.0,LD.WADE.,38.679,-75.25,146.594,1684.032,1718.905,1730.039,84.0,3.49,0.116,0.12,0.119,0.113,0.116,-0.1,0.1,0.838,0.901,-0.6,0.597,0.597,-0.6,0.614,0.597,-0.7,0.607,0.597,-1.1,0.589,0.597,-1.0,0.592,0.597,0,-1.0,8.168
20200706_2254,-5.69,110.55,535.0,CI.DSC.,35.143,-116.104,127.995,1573.269,1591.189,1596.569,85.0,4.32,0.604,0.629,0.616,0.617,0.622,-0.2,0.1,0.908,0.896,-0.4,0.747,0.747,0.1,0.768,0.747,-0.3,0.78,0.747,-0.1,0.783,0.747,-0.1,0.777,0.747,1,1.0,48.95
20200706_2254,-5.69,110.55,535.0,C1.AP02.,-18.854,-69.143,155.454,1732.835,1777.638,1792.431,86.0,2.081,0.201,0.117,0.119,0.11,0.105,-1.2,-1.6,0.732,0.716,-2.2,0.843,0.843,-1.9,0.71,0.843,-2.0,0.717,0.843,-2.6,0.798,0.843,-2.6,0.79,0.843,0,-1.0,-179.313
20200706_2254,-5.69,110.55,535.0,C1.CO02.,-31.204,-71.0,143.077,1663.956,1695.186,1705.04,87.0,1.833,0.363,0.321,0.327,0.338,0.334,2.8,-4.1,0.701,-0.706,-0.2,0.655,0.655,0.2,0.627,0.655,0.1,0.626,0.655,-0.2,0.628,0.655,-0.2,0.624,0.655,0,-1.0,177.812
20200706_2254,-5.69,110.55,535.0,1P.EHEL.,-49.669,-72.886,124.561,1551.597,1567.006,1571.605,88.0,1.496,0.274,0.407,0.4,0.363,0.372,-0.9,-0.5,0.602,0.567,-1.0,0.657,0.657,-0.6,0.632,0.657,-0.7,0.633,0.657,-0.8,0.637,0.657,-0.8,0.633,0.657,0,-1.0,177.307
20200706_2254,-5.69,110.55,535.0,CI.ARV.,35.127,-118.83,125.937,1560.329,1576.718,1581.62,89.0,4.289,0.63,0.643,0.646,0.648,0.649,-0.1,0.3,0.857,0.879,-0.1,0.853,0.853,0.2,0.856,0.853,-0.1,0.855,0.853,0.0,0.857,0.853,0.0,0.852,0.853,1,1.0,50.038
20200706_2254,-5.69,110.55,535.0,C1.MG03.,-53.848,-70.463,120.456,1525.18,1537.875,1541.641,90.0,1.788,0.21,0.25,0.247,0.219,0.226,1.4,-1.5,0.62,0.028,-1.4,0.483,0.483,-0.8,0.522,0.483,-1.0,0.512,0.483,-1.3,0.494,0.483,-1.3,0.494,0.483,0,-1.0,179.308
20200706_2254,-5.69,110.55,535.0,C1.LL04.,-40.91,-72.408,133.321,1606.148,1628.333,1635.1,91.0,0.364,-0.03,-0.002,-0.003,-0.004,-0.003,2.6,-5.2,0.6,-0.81,-12.5,0.152,0.152,-12.7,0.207,0.152,-12.7,0.204,0.152,-12.9,0.167,0.152,-13.0,0.165,0.152,0,-1.0,176.942
20200706_2254,-5.69,110.55,535.0,BK.CMB.00,38.035,-120.387,123.711,1546.169,1560.992,1565.409,92.0,3.456,0.577,0.568,0.582,0.585,0.582,-0.7,0.4,0.656,0.723,0.1,0.653,0.653,0.3,0.633,0.653,0.0,0.628,0.653,0.2,0.63,0.653,0.1,0.631,0.653,1,1.0,47.31
20200706_2254,-5.69,110.55,535.0,CI.CDM.,34.369,-119.341,125.811,1559.535,1575.833,1580.707,93.0,3.71,0.535,0.54,0.522,0.526,0.533,-1.3,-0.7,0.904,0.884,-1.3,0.78,0.78,-1.0,0.787,0.78,-1.3,0.774,0.78,-1.2,0.776,0.78,-1.1,0.778,0.78,1,1.0,51.098
20200706_2254,-5.69,110.55,535.0,NA.SABY.,17.645,-63.221,166.584,1790.591,1849.404,1869.568,94.0,1.104,-0.007,0.107,0.118,0.138,0.124,-0.7,3.6,0.603,0.171,2.6,0.496,0.496,12.3,0.495,0.496,12.3,0.46,0.496,12.3,0.416,0.496,12.3,0.446,0.496,0,-1.0,-25.657
20200706_2254,-5.69,110.55,535.0,1P.LEST.,-49.788,-72.091,124.475,1551.049,1566.399,1570.979,95.0,1.149,0.185,0.051,0.06,0.1,0.092,1.3,4.4,0.736,-0.56,0.7,0.623,0.623,1.2,0.527,0.623,1.1,0.528,0.623,0.9,0.545,0.623,0.9,0.54,0.623,0,-1.0,177.937
20200706_2254,-5.69,110.55,535.0,PY.TPFO.,33.606,-116.454,128.319,1575.295,1593.463,1598.922,96.0,4.691,0.459,0.505,0.493,0.497,0.496,-0.9,-0.9,0.867,0.834,-1.2,0.357,0.357,-0.7,0.392,0.357,-1.1,0.395,0.357,-0.9,0.397,0.357,-0.9,0.389,0.357,0,-1.0,50.895
20200706_2254,-5.69,110.55,535.0,CI.CRR.,32.887,-115.969,128.964,1579.313,1597.977,1603.593,97.0,2.61,0.493,0.509,0.492,0.496,0.498,-0.7,-0.3,0.954,0.949,-1.0,0.597,0.597,-0.5,0.595,0.597,-1.0,0.599,0.597,-0.7,0.601,0.597,-0.7,0.595,0.597,1,1.0,51.552
20200706_2254,-5.69,110.55,535.0,CI.FUR.,36.467,-116.863,126.902,1566.417,1583.514,1588.637,98.0,4.183,0.572,0.567,0.553,0.564,0.557,-0.8,-0.7,0.903,0.946,-1.2,0.762,0.762,-0.9,0.804,0.762,-1.2,0.797,0.762,-1.0,0.802,0.762,-1.0,0.8,0.762,1,1.0,47.736
20200706_2254,-5.69,110.55,535.0,YB.MOJK.00,34.747,-115.919,128.291,1575.118,1593.264,1598.716,99.0,4.289,0.498,0.515,0.51,0.51,0.514,-0.8,-0.5,0.847,0.861,-0.8,0.546,0.546,-0.3,0.545,0.546,-0.7,0.547,0.546,-0.6,0.554,0.546,-0.5,0.547,0.546,1,1.0,49.334
20200706_2254,-5.69,110.55,535.0,BK.FARB.00,37.698,-123.001,121.897,1534.516,1548.13,1552.175,100.0,4.204,0.513,0.499,0.51,0.509,0.509,0.0,0.3,0.842,0.813,0.3,0.737,0.737,0.5,0.741,0.737,0.3,0.751,0.737,0.5,0.762,0.737,0.5,0.752,0.737,1,1.0,48.561
20200706_2254,-5.69,110.55,535.0,CI.FHO.,34.094,-116.936,127.766,1571.838,1589.584,1594.91,101.0,4.216,0.462,0.446,0.426,0.442,0.438,-1.1,-1.3,0.849,0.843,-1.8,0.603,0.603,-1.3,0.649,0.603,-1.8,0.636,0.603,-1.6,0.642,0.603,-1.6,0.639,0.603,1,1.0,50.513
20200706_2254,-5.69,110.55,535.0,ZC.SDD.00,18.463,-69.917,167.219,1793.765,1853.421,1873.922,102.0,1.92,0.525,0.538,0.547,0.565,0.566,1.0,1.0,0.824,0.822,0.4,0.893,0.893,0.4,0.802,0.893,0.3,0.819,0.893,0.1,0.851,0.893,0.1,0.845,0.893,0,-1.0,1.929
20200706_2254,-5.69,110.55,535.0,BK.BL67.00,37.875,-122.243,122.401,1537.762,1551.705,1555.852,103.0,1.289,0.135,0.054,0.064,0.065,0.064,0.7,3.9,0.358,-0.449,0.6,0.407,0.407,0.4,0.42,0.407,0.3,0.425,0.407,0.4,0.434,0.407,0.5,0.425,0.407,0,-1.0,48.121
20200706_2254,-5.69,110.55,535.0,SC.121A.,32.532,-107.785,135.347,1618.407,1642.336,1649.693,104.0,10.74,0.724,0.722,0.721,0.722,0.719,0.5,0.7,0.961,0.94,-0.1,0.84,0.84,0.0,0.856,0.84,-0.3,0.852,0.84,-0.2,0.843,0.84,-0.2,0.845,0.84,1,1.0,47.979
20200706_2254,-5.69,110.55,535.0,BK.CVS.00,38.345,-122.458,122.079,1535.69,1549.422,1553.504,105.0,8.27,0.571,0.492,0.49,0.495,0.493,-0.3,-0.1,0.62,0.618,2.1,0.484,0.484,-0.1,0.422,0.484,-0.1,0.416,0.484,-0.1,0.435,0.484,-0.1,0.427,0.484,0,-1.0,47.67
20200706_2254,-5.69,110.55,535.0,NM.SLM.00,38.636,-90.236,142.054,1658.041,1688.25,1697.749,106.0,6.795,0.785,0.8,0.801,0.798,0.797,0.5,0.6,0.968,0.971,-0.2,0.982,0.982,0.2,0.977,0.982,0.1,0.981,0.982,-0.3,0.983,0.982,-0.3,0.983,0.982,1,0.0,26.65
20200706_2254,-5.69,110.55,535.0,CC.WIZ.,42.934,-122.149,120.599,1526.108,1538.892,1542.685,107.0,2.236,0.494,0.388,0.393,0.405,0.398,0.3,0.1,0.793,0.739,-0.1,0.821,0.821,-0.1,0.826,0.821,-0.1,0.831,0.821,-0.1,0.827,0.821,-0.1,0.831,0.821,1,1.0,42.582
20200706_2254,-5.69,110.55,535.0,LD.KSPA.,41.557,-75.768,143.693,1667.504,1699.358,1709.429,108.0,4.491,0.767,0.767,0.771,0.773,0.776,0.4,0.4,0.91,0.931,-0.2,0.834,0.834,-0.1,0.836,0.834,-0.2,0.835,0.834,-0.5,0.834,0.834,-0.5,0.836,0.834,1,0.0,7.938
20200706_2254,-5.69,110.55,535.0,C1.AF01.,-22.952,-68.179,151.331,1710.447,1750.488,1763.499,109.0,2.237,0.109,0.193,0.197,0.215,0.212,-4.9,-4.6,0.688,0.865,-2.6,0.808,0.808,-6.1,0.648,0.808,-6.1,0.662,0.808,-6.4,0.717,0.808,-6.4,0.713,0.808,0,-1.0,-177.593
20200706_2254,-5.69,110.55,535.0,CI.CKP.,33.555,-114.89,129.542,1582.911,1602.025,1607.785,110.0,5.097,0.596,0.545,0.541,0.553,0.549,-0.5,-1.0,0.634,0.683,-1.0,0.772,0.772,-0.7,0.723,0.772,-1.0,0.73,0.772,-0.9,0.725,0.772,-0.9,0.724,0.772,1,1.0,50.304
20200706_2254,-5.69,110.55,535.0,PY.BPH04.,33.611,-116.456,128.316,1575.276,1593.442,1598.9,111.0,5.17,0.461,0.502,0.49,0.491,0.493,-1.0,-1.0,0.869,0.844,-1.5,0.354,0.354,-0.9,0.392,0.354,-1.3,0.392,0.354,-1.2,0.396,0.354,-1.1,0.388,0.354,0,-1.0,50.89
20200706_2254,-5.69,110.55,535.0,BK.RAMR.00,35.636,-120.87,124.201,1549.302,1564.462,1568.983,112.0,4.514,0.563,0.499,0.508,0.521,0.516,-0.1,-1.0,0.858,0.683,-0.6,0.828,0.828,-0.3,0.878,0.828,-0.6,0.863,0.828,-0.4,0.874,0.828,-0.4,0.87,0.828,1,1.0,50.178
20200706_2254,-5.69,110.55,535.0,LM.L48A.,41.944,-84.433,141.375,1654.092,1683.633,1692.9,113.0,0.364,0.07,0.077,0.074,0.071,0.071,4.9,-4.3,0.424,-0.95,-10.9,0.199,0.199,-10.2,0.239,0.199,-10.3,0.227,0.199,-10.7,0.232,0.199,-10.6,0.231,0.199,0,-1.0,17.84
20200706_2254,-5.69,110.55,535.0,YN.TFRD.,33.495,-116.602,128.246,1574.839,1592.951,1598.392,114.0,0.275,0.069,0.07,0.073,0.073,0.073,8.9,-4.4,0.801,-0.864,7.5,0.362,0.362,8.1,0.394,0.362,7.7,0.388,0.362,7.8,0.391,0.362,7.9,0.389,0.362,0,-1.0,51.085
20200706_2254,-5.69,110.55,535.0,C1.AC05.,-28.836,-70.274,145.465,1677.628,1711.31,1722.022,115.0,2.271,0.401,0.368,0.38,0.417,0.414,-5.4,5.3,0.474,-0.342,-6.5,0.578,0.578,-5.5,0.585,0.578,-5.7,0.582,0.578,-6.4,0.582,0.578,-6.4,0.581,0.578,0,-1.0,178.739
20200706_2254,-5.69,110.55,535.0,BK.BUCR.00,37.673,-120.15,124.018,1548.135,1563.168,1567.65,116.0,0.58,0.133,0.119,0.124,0.125,0.125,-5.4,4.7,0.308,-0.564,-5.4,0.322,0.322,-5.4,0.449,0.322,-5.6,0.425,0.322,-5.6,0.434,0.322,-5.5,0.431,0.322,0,-1.0,47.63
20200706_2254,-5.69,110.55,535.0,BK.PACP.00,37.008,-121.287,123.413,1544.266,1558.886,1563.241,117.0,7.555,0.577,0.566,0.583,0.582,0.582,0.2,0.6,0.897,0.938,0.2,0.699,0.699,0.3,0.717,0.699,0.0,0.699,0.699,0.1,0.709,0.699,0.2,0.705,0.699,1,1.0,48.77
20200706_2254,-5.69,110.55,535.0,BK.PINL.00,38.01,-122.366,122.263,1536.876,1550.729,1554.848,118.0,3.425,0.6,0.607,0.61,0.608,0.608,0.5,0.7,0.849,0.926,0.6,0.774,0.774,0.9,0.786,0.774,0.6,0.769,0.774,0.8,0.78,0.774,0.8,0.777,0.774,1,1.0,48.011
20200706_2254,-5.69,110.55,535.0,CI.DNR.,33.567,-116.631,128.198,1574.535,1592.61,1598.04,119.0,3.533,0.529,0.508,0.513,0.511,0.512,-0.8,-1.0,0.747,0.753,2.1,0.397,0.397,2.4,0.376,0.397,2.0,0.395,0.397,2.2,0.395,0.397,2.3,0.388,0.397,0,-1.0,51.012
20200706_2254,-5.69,110.55,535.0,CI.BBR.,34.262,-116.921,127.715,1571.516,1589.222,1594.536,120.0,5.054,0.404,0.333,0.342,0.35,0.346,-0.4,-0.1,0.823,0.883,-0.4,0.462,0.462,-0.1,0.495,0.462,-0.4,0.489,0.462,-0.2,0.496,0.462,-0.2,0.49,0.462,0,-1.0,50.31
20200706_2254,-5.69,110.55,535.0,C1.AC07.,-27.13,-70.86,147.152,1687.178,1722.643,1733.989,121.0,2.766,0.136,0.093,0.092,0.109,0.109,-5.0,-4.5,0.507,0.489,3.3,0.602,0.602,1.5,0.696,0.602,1.5,0.697,0.602,1.1,0.698,0.602,1.1,0.697,0.602,0,-1.0,177.711
20200706_2254,-5.69,110.55,535.0,LD.UCCT.,41.794,-72.226,143.811,1668.182,1700.156,1710.27,122.0,15.795,0.745,0.744,0.747,0.747,0.748,0.5,0.8,0.982,0.979,0.3,0.914,0.914,0.2,0.906,0.914,0.1,0.903,0.914,-0.2,0.901,0.914,-0.1,0.901,0.914,1,0.0,3.481
20200706_2254,-5.69,110.55,535.0,CI.HIW.,35.04,-115.384,128.576,1576.896,1595.26,1600.781,123.0,6.229,0.57,0.578,0.57,0.577,0.573,-1.1,-0.9,0.886,0.901,-1.2,0.461,0.461,-0.8,0.456,0.461,-1.2,0.465,0.461,-1.0,0.468,0.461,-1.0,0.461,0.461,0,-1.0,48.765
20200706_2254,-5.69,110.55,535.0,CI.BOR.,33.268,-116.417,128.474,1576.259,1594.545,1600.041,124.0,9.146,0.526,0.553,0.553,0.55,0.552,-0.3,0.4,0.916,0.883,0.0,0.651,0.651,0.4,0.656,0.651,0.1,0.67,0.651,0.2,0.668,0.651,0.3,0.661,0.651,1,1.0,51.28
20200706_2254,-5.69,110.55,535.0,CX.PB10.,-23.513,-70.554,150.777,1707.393,1746.813,1759.595,125.0,1.451,0.06,0.242,0.235,0.217,0.22,-0.6,-1.0,0.775,0.711,0.6,0.854,0.854,-1.7,0.725,0.854,-1.8,0.73,0.854,-2.1,0.76,0.854,-2.0,0.76,0.854,0,-1.0,177.953
20200706_2254,-5.69,110.55,535.0,CI.DZA.,32.607,-116.775,128.435,1576.015,1594.272,1599.759,126.0,3.95,0.466,0.478,0.486,0.483,0.481,-2.4,1.1,0.566,0.422,0.8,0.6,0.6,1.4,0.574,0.6,1.0,0.589,0.6,1.2,0.585,0.6,1.3,0.579,0.6,1,1.0,52.207
20200706_2254,-5.69,110.55,535.0,CI.CCA.,35.153,-118.016,126.547,1564.179,1581.013,1586.054,127.0,3.647,0.603,0.578,0.583,0.579,0.58,-0.5,0.2,0.694,0.827,0.1,0.665,0.665,0.4,0.685,0.665,0.2,0.678,0.665,0.3,0.683,0.665,0.3,0.676,0.665,1,1.0,49.702
20200706_2254,-5.69,110.55,535.0,AZ.FRD.,33.495,-116.602,128.246,1574.839,1592.951,1598.392,128.0,2.557,0.511,0.539,0.524,0.523,0.528,-0.4,0.1,0.851,0.858,-0.5,0.512,0.512,0.0,0.545,0.512,-0.4,0.552,0.512,-0.3,0.553,0.512,-0.2,0.547,0.512,1,1.0,51.085
20200706_2254,-5.69,110.55,535.0,TX.435B.,30.783,-97.585,143.573,1666.811,1698.543,1708.571,129.0,6.642,0.608,0.606,0.608,0.605,0.605,1.1,1.0,0.83,0.884,0.4,0.911,0.911,-0.1,0.919,0.911,-0.3,0.915,0.911,-0.5,0.912,0.911,-0.6,0.916,0.911,1,1.0,42.822
20200706_2254,-5.69,110.55,535.0,CI.FIG.,34.728,-119.988,125.188,1555.582,1571.433,1576.169,130.0,3.073,0.504,0.471,0.493,0.481,0.481,1.0,1.6,0.775,0.792,1.3,0.781,0.781,1.8,0.798,0.781,1.4,0.772,0.781,1.6,0.785,0.781,1.6,0.784,0.781,1,1.0,50.912
20200706_2254,-5.69,110.55,535.0,BK.WSRE.00,36.335,-120.117,124.528,1551.389,1566.777,1571.368,131.0,0.96,0.153,0.248,0.214,0.209,0.217,6.7,3.3,0.602,-0.675,-0.9,0.732,0.732,-0.4,0.644,0.732,-0.7,0.66,0.732,-0.5,0.649,0.732,-0.6,0.655,0.732,0,-1.0,49.124
20200706_2254,-5.69,110.55,535.0,1P.PMOR.,-50.49,-73.043,123.734,1546.318,1561.157,1565.579,132.0,1.957,0.114,0.084,0.093,0.121,0.117,1.6,1.4,0.543,0.667,0.9,0.865,0.865,1.1,0.882,0.865,1.1,0.882,0.865,1.0,0.879,0.865,1.0,0.879,0.865,0,-1.0,177.258
20200706_2254,-5.69,110.55,535.0,AZ.BZN.,33.492,-116.667,128.197,1574.533,1592.608,1598.037,133.0,2.979,0.369,0.38,0.375,0.371,0.373,0.5,0.6,0.905,0.938,0.2,0.595,0.595,0.6,0.625,0.595,0.2,0.628,0.595,0.4,0.629,0.595,0.5,0.624,0.595,1,1.0,51.115
20200706_2254,-5.69,110.55,535.0,LD.CFNY.,44.165,-75.051,141.212,1653.145,1682.527,1691.74,134.0,5.99,0.641,0.667,0.658,0.647,0.651,0.6,1.1,0.917,0.917,-0.3,0.903,0.903,0.0,0.912,0.903,-0.1,0.909,0.903,-0.4,0.905,0.903,-0.5,0.907,0.903,1,0.0,6.379
20200706_2254,-5.69,110.55,535.0,CI.CWC.,36.44,-118.08,126.013,1560.808,1577.252,1582.172,135.0,3.054,0.578,0.53,0.529,0.539,0.534,-1.4,-0.8,0.802,0.886,-0.7,0.473,0.473,-0.3,0.492,0.473,-0.6,0.469,0.473,-0.5,0.482,0.473,-0.5,0.476,0.473,0,-1.0,48.251
20200706_2254,-5.69,110.55,535.0,BK.MHC.00,37.342,-121.643,123.032,1541.818,1556.181,1560.456,136.0,5.13,0.498,0.516,0.506,0.515,0.519,-0.2,0.0,0.81,0.882,-0.2,0.552,0.552,-0.4,0.588,0.552,-0.7,0.572,0.552,-0.5,0.58,0.552,-0.5,0.579,0.552,1,1.0,48.516
20200706_2254,-5.69,110.55,535.0,NA.SEUT.,17.471,-62.976,166.626,1790.799,1849.666,1869.853,137.0,2.142,0.388,0.529,0.539,0.536,0.536,0.6,-4.2,0.607,-0.605,0.4,0.769,0.769,-0.4,0.902,0.769,-0.3,0.9,0.769,-0.4,0.895,0.769,-0.4,0.901,0.769,1,5.0,-26.872
20200706_2254,-5.69,110.55,535.0,BK.TRAM.00,35.677,-120.271,124.644,1552.125,1567.593,1572.21,138.0,0.349,0.018,-0.005,-0.006,-0.006,-0.006,10.4,-3.3,0.425,-0.999,-8.7,0.559,0.559,-8.4,0.579,0.559,-8.8,0.581,0.559,-8.6,0.584,0.559,-8.5,0.582,0.559,0,-1.0,49.925
20200706_2254,-5.69,110.55,535.0,NM.OLIL.,38.734,-88.099,142.892,1662.89,1693.934,1703.724,139.0,4.171,0.723,0.749,0.746,0.74,0.738,-0.5,-0.5,0.974,0.96,-1.2,0.845,0.845,-0.8,0.859,0.845,-1.0,0.862,0.845,-1.3,0.877,0.845,-1.3,0.877,0.845,1,0.0,24.277
20200706_2254,-5.69,110.55,535.0,CI.DJJ.,34.106,-118.455,126.59,1564.448,1581.314,1586.365,140.0,2.078,0.421,0.354,0.349,0.36,0.358,-2.8,2.4,0.404,-0.236,5.3,0.646,0.646,5.5,0.613,0.646,5.1,0.627,0.646,5.3,0.625,0.646,5.3,0.626,0.646,0,-1.0,51.081
20200706_2254,-5.69,110.55,535.0,BK.DANT.00,40.295,-121.802,121.851,1534.215,1547.798,1551.835,141.0,5.831,0.592,0.586,0.599,0.598,0.598,0.5,0.8,0.888,0.945,0.1,0.865,0.865,0.8,0.816,0.865,0.6,0.804,0.865,0.9,0.803,0.865,0.8,0.803,0.865,1,1.0,45.311
20200706_2254,-5.69,110.55,535.0,PR.SMDR.,19.29,-69.188,166.398,1789.655,1848.22,1868.286,142.0,1.145,0.423,0.419,0.425,0.437,0.437,0.0,-0.1,0.839,0.733,0.0,0.933,0.933,0.0,0.921,0.933,0.0,0.926,0.933,-0.3,0.936,0.933,-0.2,0.934,0.933,0,-1.0,-1.015
20200706_2254,-5.69,110.55,535.0,CM.SJC.00,9.897,-75.179,172.936,1821.799,1889.277,1912.962,143.0,4.045,0.526,0.344,0.326,0.326,0.343,-1.6,-1.4,0.982,0.976,-1.4,0.711,0.711,-1.9,0.884,0.711,-2.1,0.863,0.711,-2.1,0.86,0.711,-2.0,0.867,0.711,1,-1.0,50.955
20200706_2254,-5.69,110.55,535.0,PR.AUA1.,12.506,-70.011,173.162,1822.889,1890.684,1914.5,144.0,0.976,0.129,0.152,0.156,0.14,0.137,9.1,5.6,0.496,-0.141,3.4,0.393,0.393,3.3,0.41,0.393,3.4,0.43,0.393,3.4,0.43,0.393,3.3,0.43,0.393,0,-1.0,4.267
20200706_2254,-5.69,110.55,535.0,MX.ZAIG.,22.769,-102.567,143.79,1668.058,1700.01,1710.116,145.0,2.91,0.671,0.649,0.621,0.628,0.643,0.3,0.6,0.828,0.903,-0.3,0.762,0.762,-0.8,0.755,0.762,-1.2,0.725,0.762,-1.2,0.733,0.762,-1.0,0.749,0.762,1,1.0,58.347
20200706_2254,-5.69,110.55,535.0,1P.LACD.,-49.015,-71.06,125.277,1556.147,1572.062,1576.817,146.0,1.701,0.18,0.3,0.291,0.248,0.263,0.7,0.8,0.862,0.913,0.5,0.723,0.723,0.5,0.829,0.723,0.5,0.827,0.723,0.5,0.815,0.723,0.5,0.817,0.723,0,-1.0,178.71
20200706_2254,-5.69,110.55,535.0,C1.CO03.,-30.839,-70.689,143.452,1666.118,1697.727,1707.712,147.0,,,,,,,-16.0,-8.0,0.0,0.0,-16.0,0.0,0.0,-16.0,0.0,0.0,-16.0,0.0,0.0,-16.0,0.0,0.0,-16.0,0.0,0.0,0,-1.0,178.229
20200706_2254,-5.69,110.55,535.0,C1.LR03.,-39.632,-72.346,134.599,1613.897,1637.174,1644.31,148.0,1.928,0.154,0.226,0.222,0.216,0.219,-0.8,4.1,0.644,0.467,3.0,0.386,0.386,3.1,0.391,0.386,3.0,0.392,0.386,2.7,0.406,0.386,2.7,0.408,0.386,0,-1.0,176.883
20200706_2254,-5.69,110.55,535.0,C1.ML02.,-35.763,-71.418,138.506,1637.252,1664.053,1672.382,149.0,1.268,0.27,0.13,0.141,0.175,0.169,0.2,0.8,0.751,0.687,0.6,0.778,0.778,-6.4,0.49,0.778,-6.6,0.478,0.778,-7.3,0.457,0.778,-7.2,0.457,0.778,0,-1.0,177.605
20200706_2254,-5.69,110.55,535.0,C1.MG05.,-51.678,-72.503,122.572,1538.865,1552.922,1557.103,150.0,1.481,0.366,0.33,0.346,0.4,0.391,-0.7,0.1,0.531,0.362,-0.1,0.831,0.831,-0.1,0.893,0.831,-0.1,0.888,0.831,-0.1,0.874,0.831,-0.2,0.873,0.831,0,-1.0,177.758
20200706_2254,-5.69,110.55,535.0,C1.VA04.,-33.643,-78.83,139.676,1644.154,1672.058,1680.763,151.0,0.742,0.266,0.213,0.23,0.259,0.257,0.4,0.7,0.901,0.944,0.0,0.769,0.769,6.9,0.395,0.769,6.9,0.398,0.769,6.3,0.418,0.769,6.4,0.412,0.769,0,-1.0,167.979
20200706_2254,-5.69,110.55,535.0,C1.VA03.,-32.764,-70.551,141.532,1655.009,1684.704,1694.025,152.0,2.458,0.386,0.425,0.429,0.403,0.411,0.4,0.3,0.65,0.637,-1.0,0.693,0.693,-0.5,0.743,0.693,-0.5,0.74,0.693,-1.0,0.71,0.693,-0.9,0.717,0.693,1,4.0,178.523
20200706_2254,-5.69,110.55,535.0,ZC.HMDR.00,18.788,-69.381,166.902,1792.182,1851.416,1871.748,153.0,5.68,0.691,0.698,0.707,0.73,0.731,0.5,0.5,0.962,0.953,0.8,0.926,0.926,0.7,0.954,0.926,0.7,0.952,0.926,0.6,0.95,0.926,0.6,0.951,0.926,1,-1.0,-0.278
20200706_2254,-5.69,110.55,535.0,CI.CDD.,32.584,-114.356,130.334,1587.817,1607.555,1613.515,154.0,3.719,0.433,0.453,0.418,0.428,0.431,-1.7,-1.0,0.844,0.699,-1.8,0.51,0.51,-1.3,0.467,0.51,-1.8,0.472,0.51,-1.6,0.471,0.51,-1.6,0.468,0.51,0,-1.0,51.237
20200706_2254,-5.69,110.55,535.0,CI.ELS2.,33.649,-117.426,127.551,1570.489,1588.072,1593.347,155.0,5.436,0.587,0.648,0.625,0.634,0.634,-0.8,-0.5,0.918,0.927,-1.0,0.699,0.699,-0.5,0.739,0.699,-1.0,0.729,0.699,-0.8,0.734,0.699,-0.8,0.73,0.699,1,1.0,51.227
20200706_2254,-5.69,110.55,535.0,CI.ACP.,32.955,-116.303,128.678,1577.533,1595.976,1601.522,156.0,3.706,0.428,0.475,0.459,0.46,0.463,-1.4,0.2,0.789,0.65,-0.7,0.402,0.402,-0.2,0.408,0.402,-0.7,0.422,0.402,-0.5,0.422,0.402,-0.4,0.415,0.402,0,-1.0,51.606
20200706_2254,-5.69,110.55,535.0,CI.CRG.,35.242,-119.725,125.212,1555.739,1571.608,1576.349,157.0,3.258,0.591,0.617,0.603,0.6,0.607,-0.2,0.1,0.917,0.871,-0.3,0.952,0.952,0.1,0.933,0.952,-0.1,0.939,0.952,0.0,0.938,0.952,0.0,0.936,0.952,1,1.0,50.23
20200706_2254,-5.69,110.55,535.0,CC.TCBU.,44.241,-121.664,120.395,1524.785,1537.442,1541.197,158.0,1.871,0.217,0.27,0.263,0.263,0.263,8.0,-4.2,0.094,-0.176,5.9,0.483,0.483,6.1,0.444,0.483,5.9,0.483,0.483,5.8,0.492,0.483,5.8,0.482,0.483,0,-1.0,41.03
20200706_2254,-5.69,110.55,535.0,BK.WELL.00,38.438,-120.724,123.315,1543.634,1558.188,1562.522,159.0,2.14,0.342,0.358,0.354,0.351,0.354,-5.6,-4.9,0.374,0.767,-5.6,0.545,0.545,-5.4,0.577,0.545,-5.7,0.554,0.545,-5.5,0.557,0.545,-5.6,0.558,0.545,0,-1.0,46.981
20200706_2254,-5.69,110.55,535.0,BK.OVRO.00,37.231,-118.283,125.557,1557.924,1574.038,1578.856,160.0,5.848,0.418,0.403,0.403,0.393,0.393,0.1,1.4,0.696,0.595,1.4,0.67,0.67,1.8,0.725,0.67,1.5,0.701,0.67,1.6,0.708,0.67,1.7,0.709,0.67,1,1.0,47.432
20200706_2254,-5.69,110.55,535.0,CI.HDH.,34.775,-118.64,126.209,1562.046,1578.633,1583.597,161.0,3.838,0.553,0.481,0.464,0.476,0.474,-0.8,-0.9,0.888,0.939,-1.1,0.724,0.724,-0.7,0.737,0.724,-1.1,0.715,0.724,-0.9,0.721,0.724,-0.9,0.719,0.724,1,1.0,50.374
20200706_2254,-5.69,110.55,535.0,1P.GUMN.,-50.32,-75.364,123.757,1546.464,1561.319,1565.745,162.0,1.198,0.183,0.138,0.145,0.169,0.163,-2.1,4.1,0.538,-0.642,-2.6,0.639,0.639,-2.2,0.691,0.639,-2.2,0.685,0.639,-2.4,0.664,0.639,-2.4,0.664,0.639,0,-1.0,175.471
20200706_2254,-5.69,110.55,535.0,1P.CURI.,-51.613,-74.556,122.53,1538.596,1552.625,1556.798,163.0,0.761,0.249,0.268,0.27,0.269,0.273,1.0,4.4,0.598,-0.72,1.1,0.485,0.485,1.0,0.608,0.485,1.0,0.598,0.485,1.0,0.565,0.485,1.0,0.566,0.485,0,-1.0,176.249
20200706_2254,-5.69,110.55,535.0,CI.DRE.,32.805,-115.447,129.401,1582.035,1601.039,1606.763,164.0,3.312,0.443,0.413,0.437,0.435,0.432,1.4,4.6,0.565,-0.624,0.2,0.472,0.472,0.9,0.412,0.472,0.3,0.421,0.472,0.5,0.414,0.472,0.7,0.416,0.472,0,-1.0,51.435
20200706_2254,-5.69,110.55,535.0,YB.MOJQ.00,34.761,-115.795,128.378,1575.664,1593.878,1599.351,165.0,2.758,0.428,0.568,0.556,0.559,0.563,-1.3,-0.9,0.841,0.799,-1.3,0.538,0.538,-0.9,0.542,0.538,-1.3,0.552,0.538,-1.2,0.555,0.538,-1.1,0.549,0.538,1,1.0,49.266
20200706_2254,-5.69,110.55,535.0,C1.LL05.,-41.405,-73.474,132.761,1602.732,1624.446,1631.057,166.0,3.805,0.032,-0.023,-0.022,-0.004,-0.008,-2.7,-2.9,0.782,0.851,-3.7,0.687,0.687,-3.9,0.752,0.687,-3.9,0.751,0.687,-4.1,0.743,0.687,-4.0,0.744,0.687,0,-1.0,175.908
20200706_2254,-5.69,110.55,535.0,C1.AC02.,-26.836,-69.129,147.473,1688.985,1724.794,1736.263,167.0,1.279,-0.015,0.125,0.135,0.172,0.171,1.8,5.1,0.787,-0.779,10.8,0.57,0.57,1.5,0.581,0.57,1.4,0.58,0.57,1.0,0.596,0.57,1.0,0.598,0.57,0,-1.0,-179.473
20200706_2254,-5.69,110.55,535.0,ZC.ABDR.00,18.812,-70.627,166.828,1791.811,1850.946,1871.24,168.0,0.348,0.023,0.016,0.017,0.019,0.018,-11.0,-5.2,0.219,0.568,-8.0,0.362,0.362,-8.1,0.361,0.362,-8.1,0.365,0.362,-8.2,0.377,0.362,-8.3,0.375,0.362,0,-1.0,4.721
20200706_2254,-5.69,110.55,535.0,GT.PLCA.00,-40.733,-70.551,133.566,1607.638,1630.03,1636.867,169.0,3.115,0.3,0.363,0.358,0.342,0.344,0.3,-1.2,0.757,0.579,-10.7,0.284,0.284,-11.0,0.332,0.284,-11.0,0.33,0.284,-11.2,0.292,0.284,-11.1,0.303,0.284,0,-1.0,178.854
20200706_2254,-5.69,110.55,535.0,BK.MNRC.00,38.879,-122.443,121.904,1534.561,1548.18,1552.227,170.0,4.697,0.403,0.478,0.488,0.474,0.472,1.3,1.5,0.839,0.897,1.7,0.723,0.723,2.0,0.733,0.723,1.8,0.721,0.723,1.9,0.736,0.723,2.0,0.733,0.723,1,1.0,47.076
20200706_2254,-5.69,110.55,535.0,CI.CTC.,33.655,-115.99,128.659,1577.414,1595.843,1601.384,171.0,3.448,0.483,0.46,0.472,0.471,0.472,-0.6,0.0,0.826,0.843,-0.1,0.646,0.646,0.3,0.623,0.646,-0.1,0.63,0.646,0.0,0.633,0.646,0.1,0.627,0.646,1,1.0,50.648
20200706_2254,-5.69,110.55,535.0,BK.WEAV.00,40.746,-122.984,120.849,1527.733,1540.675,1544.516,172.0,3.377,0.352,0.406,0.401,0.386,0.393,1.1,1.1,0.534,0.719,0.5,0.741,0.741,1.0,0.76,0.741,0.6,0.795,0.741,0.9,0.773,0.741,0.8,0.776,0.741,1,1.0,45.212
20200706_2254,-5.69,110.55,535.0,C1.LR05.,-40.23,-72.004,134.02,1610.391,1633.17,1640.137,173.0,2.2,0.16,0.147,0.146,0.145,0.144,-2.0,-2.6,0.629,0.685,3.2,0.421,0.421,3.1,0.425,0.421,3.1,0.424,0.421,2.8,0.432,0.421,2.9,0.429,0.421,0,-1.0,177.302
20200706_2254,-5.69,110.55,535.0,NU.MGAN.,12.149,-86.248,162.202,1768.318,1821.429,1839.368,174.0,4.123,0.509,0.488,0.508,0.5,0.491,0.3,-3.2,0.56,0.367,-3.0,0.52,0.52,1.1,0.363,0.52,-3.9,0.398,0.52,-3.9,0.39,0.52,-3.5,0.369,0.52,0,-1.0,67.08
20200706_2254,-5.69,110.55,535.0,LD.UNH.,43.093,-70.865,142.576,1661.068,1691.796,1701.476,175.0,0.413,0.12,0.114,0.115,0.117,0.116,1.4,-4.6,0.646,-0.798,-1.0,0.543,0.543,-0.7,0.556,0.543,-0.8,0.554,0.543,-1.2,0.562,0.543,-1.2,0.563,0.543,0,-1.0,1.689
20200706_2254,-5.69,110.55,535.0,CI.ERR.,33.117,-115.823,128.992,1579.489,1598.174,1603.797,176.0,2.037,0.529,0.56,0.555,0.554,0.55,-0.1,0.8,0.848,0.719,-0.1,0.941,0.941,0.4,0.923,0.941,0.0,0.929,0.941,0.1,0.926,0.941,0.3,0.926,0.941,1,1.0,51.218
20200706_2254,-5.69,110.55,535.0,BK.SCZ.00,36.598,-121.403,123.468,1544.615,1559.273,1563.639,177.0,4.823,0.46,0.511,0.515,0.511,0.512,0.3,0.9,0.862,0.922,0.3,0.745,0.745,0.4,0.751,0.745,0.1,0.74,0.745,0.2,0.748,0.745,0.3,0.744,0.745,1,1.0,49.27
20200706_2254,-5.69,110.55,535.0,NA.SABQ.,17.627,-63.249,166.613,1790.734,1849.584,1869.763,178.0,1.279,0.481,0.444,0.444,0.437,0.433,0.7,0.5,0.86,0.814,-0.1,0.91,0.91,-0.7,0.631,0.91,-0.8,0.664,0.91,-0.9,0.704,0.91,-0.9,0.678,0.91,0,-1.0,-25.591
20200706_2254,-5.69,110.55,535.0,TX.833A.,28.324,-99.394,143.713,1667.617,1699.49,1709.569,179.0,0.366,0.039,0.025,0.028,0.029,0.028,-0.1,2.4,0.741,0.926,1.5,0.179,0.179,1.0,0.195,0.179,0.7,0.202,0.179,0.6,0.2,0.179,0.6,0.197,0.179,0,-1.0,47.743
20200706_2254,-5.69,110.55,535.0,LD.KSCT.,41.726,-73.484,143.785,1668.032,1699.98,1710.084,180.0,4.38,0.742,0.702,0.705,0.718,0.721,1.1,1.2,0.946,0.957,0.6,0.873,0.873,0.6,0.871,0.873,0.6,0.867,0.873,0.3,0.861,0.873,0.3,0.862,0.873,1,0.0,5.062
20200706_2254,-5.69,110.55,535.0,NM.UALR.,34.775,-92.343,144.049,1669.547,1701.764,1711.962,181.0,5.498,0.722,0.687,0.677,0.659,0.665,-0.4,-0.4,0.962,0.924,-1.1,0.833,0.833,-1.3,0.84,0.833,-1.5,0.831,0.833,-1.8,0.827,0.833,-1.7,0.83,0.833,1,0.0,32.786
20200706_2254,-5.69,110.55,535.0,CI.CAR.,35.308,-119.846,125.097,1555.005,1570.792,1575.507,182.0,4.276,0.458,0.472,0.455,0.457,0.461,-0.2,0.0,0.827,0.852,-0.3,0.635,0.635,-0.1,0.683,0.635,-0.3,0.665,0.635,-0.1,0.683,0.635,-0.1,0.675,0.635,1,1.0,50.197
20200706_2254,-5.69,110.55,535.0,CM.SMAR.00,11.164,-74.225,172.772,1821.008,1888.256,1911.846,183.0,1.86,0.378,0.377,0.378,0.375,0.377,-0.5,-0.8,0.855,0.892,-1.1,0.7,0.7,0.3,0.65,0.7,0.2,0.614,0.7,0.2,0.591,0.7,0.2,0.601,0.7,0,-1.0,38.388
20200706_2254,-5.69,110.55,535.0,LD.GCMD.,39.562,-79.338,144.973,1674.832,1708.001,1718.534,184.0,5.308,0.652,0.69,0.681,0.657,0.654,0.5,0.5,0.904,0.946,-0.7,0.874,0.874,-0.4,0.876,0.874,-0.6,0.876,0.874,-1.0,0.875,0.874,-1.0,0.876,0.874,1,0.0,13.236
20200706_2254,-5.69,110.55,535.0,PY.BPH09.,33.613,-116.46,128.312,1575.253,1593.416,1598.873,185.0,5.313,0.47,0.51,0.501,0.502,0.505,-1.0,-1.0,0.894,0.878,-1.6,0.432,0.432,-1.1,0.47,0.432,-1.4,0.469,0.432,-1.3,0.473,0.432,-1.2,0.465,0.432,0,-1.0,50.889
20200706_2254,-5.69,110.55,535.0,CI.EML.,32.891,-116.846,128.277,1575.031,1593.167,1598.616,186.0,3.854,0.46,0.447,0.444,0.452,0.448,-0.1,0.3,0.75,0.807,-0.2,0.331,0.331,0.2,0.346,0.331,-0.2,0.345,0.331,-0.1,0.352,0.331,0.0,0.346,0.331,0,-1.0,51.897
20200706_2254,-5.69,110.55,535.0,BK.TULE.00,41.965,-121.467,121.443,1531.578,1544.899,1548.855,187.0,2.025,0.218,0.134,0.152,0.141,0.145,0.3,-4.8,0.49,0.496,0.4,0.646,0.646,-4.9,0.641,0.646,-5.1,0.627,0.646,-4.9,0.632,0.646,-5.0,0.631,0.646,0,-1.0,43.387
20200706_2254,-5.69,110.55,535.0,1P.PEMO.,-47.851,-72.032,126.411,1563.322,1580.056,1585.066,188.0,2.953,0.248,0.351,0.345,0.314,0.325,0.9,1.2,0.786,0.723,0.6,0.797,0.797,0.4,0.801,0.797,0.4,0.802,0.797,0.4,0.805,0.797,0.3,0.804,0.797,1,-1.0,177.853
20200706_2254,-5.69,110.55,535.0,BK.LCUV.00,35.652,-120.732,124.301,1549.939,1565.167,1569.71,189.0,2.738,0.485,0.412,0.439,0.438,0.437,0.1,0.8,0.511,0.233,0.6,0.458,0.458,0.9,0.555,0.458,0.6,0.524,0.458,0.7,0.542,0.458,0.8,0.533,0.458,1,1.0,50.113
20200706_2254,-5.69,110.55,535.0,C1.MT09.,-33.776,-70.989,140.507,1649.026,1677.725,1686.702,190.0,2.657,0.342,0.328,0.331,0.348,0.344,2.1,2.1,0.981,0.946,-0.4,0.67,0.67,0.2,0.594,0.67,0.1,0.597,0.67,-0.5,0.63,0.67,-0.5,0.622,0.67,1,4.0,178.003
20200706_2254,-5.69,110.55,535.0,NM.BLO.,39.172,-86.522,143.137,1664.302,1695.592,1705.467,191.0,5.476,0.706,0.723,0.718,0.708,0.707,-0.3,0.0,0.992,0.985,-0.8,0.895,0.895,-0.5,0.911,0.895,-0.6,0.914,0.895,-1.0,0.919,0.895,-1.0,0.92,0.895,1,0.0,22.158
20200706_2254,-5.69,110.55,535.0,OH.M53A.,41.439,-80.675,142.874,1662.788,1693.814,1703.597,192.0,3.952,0.786,0.805,0.808,0.794,0.8,0.0,0.1,0.846,0.886,-0.7,0.89,0.89,-0.4,0.889,0.89,-0.4,0.893,0.89,-0.9,0.89,0.89,-0.8,0.892,0.89,1,0.0,13.901
20200706_2254,-5.69,110.55,535.0,1P.LPRF.,-50.279,-70.81,124.019,1548.138,1563.171,1567.654,193.0,1.182,0.012,0.022,0.015,0.002,0.007,1.0,4.2,0.694,-0.833,0.7,0.726,0.726,0.8,0.708,0.726,0.8,0.71,0.726,0.7,0.72,0.726,0.6,0.716,0.726,0,-1.0,178.954
20200706_2254,-5.69,110.55,535.0,CC.SVIC.,43.643,-121.253,120.911,1528.133,1541.115,1544.967,194.0,3.45,0.237,0.135,0.133,0.131,0.132,1.2,-3.3,0.727,-0.301,5.8,0.353,0.353,1.2,0.408,0.353,-8.4,0.401,0.353,-8.3,0.401,0.353,-8.3,0.392,0.353,0,-1.0,41.52
20200706_2254,-5.69,110.55,535.0,NU.BOAB.,12.449,-85.666,162.629,1770.512,1824.17,1842.319,195.0,4.497,0.693,0.654,0.63,0.637,0.647,0.4,0.4,0.957,0.956,0.0,0.82,0.82,0.1,0.795,0.82,-0.5,0.762,0.82,-0.4,0.772,0.82,-0.1,0.785,0.82,1,2.0,65.44
20200706_2254,-5.69,110.55,535.0,1P.BRMY.,-52.143,-73.153,122.081,1535.704,1549.438,1553.52,196.0,1.97,0.274,0.219,0.222,0.236,0.241,-1.7,-1.7,0.75,0.733,-1.9,0.717,0.717,-2.0,0.729,0.717,-2.0,0.735,0.717,-2.0,0.753,0.717,-2.0,0.755,0.717,0,-1.0,177.324
20200706_2254,-5.69,110.55,535.0,CI.GMA.,34.291,-116.383,128.115,1574.021,1592.033,1597.442,197.0,5.685,0.349,0.344,0.33,0.33,0.331,-1.3,-0.3,0.748,0.713,1.8,0.272,0.272,-0.1,0.278,0.272,-0.1,0.288,0.272,-0.1,0.291,0.272,-0.1,0.281,0.272,0,-1.0,50.06
20200706_2254,-5.69,110.55,535.0,CX.PB02.,-21.32,-69.896,152.987,1719.504,1761.429,1775.14,198.0,4.379,0.037,0.204,0.188,0.154,0.168,0.8,-0.9,0.508,0.422,8.5,0.387,0.387,8.5,0.328,0.387,8.5,0.33,0.387,8.1,0.344,0.387,8.1,0.34,0.387,0,-1.0,179.099
20200706_2254,-5.69,110.55,535.0,CI.DTP.,35.267,-117.846,126.633,1564.724,1581.622,1586.684,199.0,8.136,0.478,0.501,0.483,0.487,0.488,-1.2,-0.7,0.842,0.932,-0.7,0.594,0.594,-0.3,0.635,0.594,-0.7,0.612,0.594,-0.5,0.619,0.594,-0.5,0.615,0.594,1,1.0,49.505
20200706_2254,-5.69,110.55,535.0,NA.SEUS.,17.493,-62.981,166.61,1790.718,1849.564,1869.742,200.0,1.332,0.303,0.366,0.376,0.384,0.372,0.2,0.4,0.912,0.875,0.3,0.672,0.672,-0.6,0.577,0.672,-0.6,0.608,0.672,-0.7,0.647,0.672,-0.7,0.615,0.672,0,-1.0,-26.81
20200706_2254,-5.69,110.55,535.0,1P.ES3R.,-50.773,-72.426,123.478,1544.682,1559.346,1563.715,201.0,4.344,0.165,-0.018,-0.006,0.055,0.04,-1.0,-1.0,0.812,0.805,-1.3,0.712,0.712,-1.3,0.631,0.712,-1.3,0.643,0.712,-1.4,0.68,0.712,-1.4,0.676,0.712,0,-1.0,177.749
20200706_2254,-5.69,110.55,535.0,CC.CLBH.,42.908,-122.143,120.613,1526.2,1538.994,1542.789,202.0,2.218,0.457,0.336,0.342,0.341,0.342,1.2,1.7,0.749,0.855,1.4,0.624,0.624,1.9,0.758,0.624,1.6,0.754,0.624,1.8,0.763,0.624,1.8,0.766,0.624,1,1.0,42.608
20200706_2254,-5.69,110.55,535.0,DR.SC01.,19.427,-70.728,166.206,1788.693,1847.005,1866.97,203.0,1.544,0.411,0.406,0.406,0.403,0.401,-0.6,-4.2,0.963,-0.579,-0.3,0.886,0.886,-0.2,0.881,0.886,-0.3,0.88,0.886,-0.4,0.868,0.886,-0.4,0.869,0.886,0,-1.0,4.891
20200706_2254,-5.69,110.55,535.0,C.GO03.,-27.594,-70.235,146.708,1684.671,1719.664,1730.841,204.0,1.577,0.34,0.206,0.207,0.211,0.215,1.0,-4.7,0.69,-0.422,-0.4,0.7,0.7,0.1,0.629,0.7,0.0,0.635,0.7,-0.4,0.663,0.7,-0.3,0.662,0.7,0,-1.0,178.746
20200706_2254,-5.69,110.55,535.0,CX.PB12.,-18.614,-70.328,155.681,1734.049,1779.12,1794.014,205.0,1.391,0.306,0.212,0.221,0.251,0.249,-4.2,-4.1,0.566,0.544,8.2,0.372,0.372,1.7,0.632,0.372,1.7,0.62,0.372,1.3,0.592,0.372,1.4,0.598,0.372,0,-1.0,178.014
20200706_2254,-5.69,110.55,535.0,UU.SRU.01,39.111,-110.524,130.136,1586.594,1606.175,1612.085,206.0,8.323,0.588,0.623,0.619,0.614,0.618,-0.5,0.2,0.835,0.84,-0.3,0.578,0.578,0.1,0.537,0.578,-0.2,0.531,0.578,-0.1,0.524,0.578,-0.1,0.526,0.578,1,1.0,41.765
20200706_2254,-5.69,110.55,535.0,C1.BI02.,-36.663,-71.273,137.612,1631.95,1657.923,1665.971,207.0,1.832,0.336,0.366,0.364,0.372,0.381,1.5,1.4,0.911,0.848,-7.3,0.564,0.564,-7.3,0.588,0.564,-7.3,0.588,0.564,-7.4,0.582,0.564,-7.5,0.581,0.564,0,-1.0,177.844
20200706_2254,-5.69,110.55,535.0,BK.WINE.00,36.67,-119.908,124.565,1551.623,1567.036,1571.635,208.0,2.183,0.474,0.44,0.468,0.47,0.469,1.2,0.8,0.942,0.867,1.2,0.832,0.832,1.6,0.819,0.832,1.1,0.808,0.832,1.3,0.814,0.832,1.4,0.814,0.832,1,1.0,48.671
20200706_2254,-5.69,110.55,535.0,ZC.CADR.00,19.667,-69.94,166.015,1787.73,1845.789,1865.654,209.0,1.957,0.057,0.07,0.068,0.053,0.056,-2.0,1.7,0.228,-0.53,-2.5,0.833,0.833,-2.4,0.859,0.833,-2.4,0.86,0.833,-2.6,0.858,0.833,-2.6,0.859,0.833,0,-1.0,1.846
20200706_2254,-5.69,110.55,535.0,Y4.VB07.,-39.448,-71.939,134.804,1615.134,1638.589,1645.784,210.0,2.19,0.078,0.246,0.234,0.202,0.213,-8.6,-4.8,0.429,-0.482,-10.3,0.697,0.697,-10.4,0.651,0.697,-10.4,0.659,0.697,-10.6,0.69,0.697,-10.6,0.686,0.697,0,-1.0,177.305
20200706_2254,-5.69,110.55,535.0,CI.GMR.,34.785,-115.66,128.471,1576.243,1594.527,1600.023,211.0,5.081,0.561,0.626,0.614,0.622,0.62,-1.0,-0.4,0.866,0.838,-0.8,0.577,0.577,-0.3,0.562,0.577,-0.7,0.565,0.577,-0.5,0.57,0.577,-0.5,0.564,0.577,1,1.0,49.181
20200706_2254,-5.69,110.55,535.0,SB.CPSLO.01,35.302,-120.667,124.47,1551.015,1566.361,1570.94,212.0,3.53,0.549,0.496,0.505,0.509,0.507,0.1,0.3,0.748,0.829,-0.1,0.727,0.727,0.2,0.778,0.727,-0.1,0.761,0.727,0.1,0.767,0.727,0.1,0.765,0.727,1,1.0,50.489
20200706_2254,-5.69,110.55,535.0,CI.CYP.,32.906,-116.627,128.442,1576.065,1594.327,1599.816,213.0,2.417,0.409,0.416,0.422,0.425,0.421,0.4,0.3,0.909,0.914,1.7,0.354,0.354,1.7,0.34,0.354,1.5,0.354,0.354,1.5,0.353,0.354,1.7,0.344,0.354,0,-1.0,51.793
20200706_2254,-5.69,110.55,535.0,YB.MOJI.00,34.738,-115.955,128.267,1574.966,1593.094,1598.54,214.0,5.878,0.529,0.573,0.563,0.566,0.568,-0.8,-0.6,0.87,0.874,-0.6,0.562,0.562,-0.1,0.554,0.562,-0.5,0.556,0.562,-0.4,0.562,0.562,-0.3,0.556,0.562,1,1.0,49.36
20200706_2254,-5.69,110.55,535.0,CI.DLA.,33.848,-118.096,126.959,1566.775,1583.915,1589.051,215.0,1.749,0.337,0.266,0.299,0.281,0.28,1.8,2.0,0.671,0.688,1.7,0.927,0.927,2.1,0.903,0.927,1.7,0.919,0.927,1.9,0.916,0.927,1.9,0.915,0.927,0,-1.0,51.248
20200706_2254,-5.69,110.55,535.0,CC.KWBU.,43.752,-121.312,120.827,1527.591,1540.52,1544.356,216.0,3.151,0.15,0.148,0.147,0.144,0.146,0.9,-3.6,0.666,-0.636,6.8,0.43,0.43,-7.7,0.441,0.43,-8.0,0.459,0.43,-7.9,0.45,0.43,-7.9,0.448,0.43,0,-1.0,41.425
20200706_2254,-5.69,110.55,535.0,BK.YUBA.00,39.338,-120.537,123.112,1542.332,1556.748,1561.04,217.0,10.512,0.497,0.445,0.444,0.445,0.446,0.6,0.9,0.726,0.902,0.7,0.546,0.546,1.0,0.582,0.546,0.7,0.549,0.546,0.9,0.561,0.546,0.9,0.558,0.546,1,1.0,45.919
20200706_2254,-5.69,110.55,535.0,CN.GAC.,45.703,-75.478,139.646,1643.973,1671.847,1680.542,218.0,5.312,0.599,0.644,0.633,0.609,0.616,0.1,0.3,0.938,0.904,-0.8,0.896,0.896,-0.5,0.895,0.896,-0.7,0.892,0.896,-1.0,0.889,0.896,-0.9,0.889,0.896,1,0.0,6.469
20200706_2254,-5.69,110.55,535.0,CI.HYS.,34.865,-117.57,126.993,1566.99,1584.154,1589.299,219.0,3.876,0.633,0.6,0.595,0.597,0.602,-0.7,-0.4,0.88,0.921,-0.6,0.743,0.743,-0.4,0.784,0.743,-0.7,0.769,0.743,-0.6,0.775,0.743,-0.5,0.772,0.743,1,1.0,49.863
20200706_2254,-5.69,110.55,535.0,CI.GLA.,33.051,-114.827,129.788,1584.434,1603.741,1609.562,220.0,4.074,0.525,0.509,0.487,0.492,0.502,-1.2,-1.2,0.73,0.725,-1.5,0.81,0.81,-1.2,0.778,0.81,-1.6,0.777,0.81,-1.5,0.775,0.81,-1.4,0.774,0.81,1,1.0,50.879
20200706_2254,-5.69,110.55,535.0,PY.BPH13.,33.609,-116.46,128.314,1575.26,1593.424,1598.882,221.0,5.051,0.468,0.505,0.497,0.498,0.5,-0.9,-0.9,0.885,0.867,-1.3,0.382,0.382,-0.9,0.42,0.382,-1.2,0.42,0.382,-1.1,0.424,0.382,-1.0,0.416,0.382,0,-1.0,50.894
20200706_2254,-5.69,110.55,535.0,C1.MT02.,-33.259,-71.138,141.018,1652.013,1681.206,1690.354,222.0,2.087,0.417,0.443,0.447,0.455,0.456,2.2,1.8,0.821,0.778,0.9,0.56,0.56,0.7,0.958,0.56,0.7,0.955,0.56,0.1,0.936,0.56,0.2,0.939,0.56,1,4.0,177.773
20200706_2254,-5.69,110.55,535.0,CC.CIHL.,43.751,-121.149,120.935,1528.292,1541.289,1545.146,223.0,4.698,0.404,0.296,0.296,0.292,0.291,1.6,1.5,0.915,0.913,0.6,0.541,0.541,1.5,0.617,0.541,1.4,0.62,0.541,1.5,0.618,0.541,1.6,0.626,0.541,0,-1.0,41.369
20200706_2254,-5.69,110.55,535.0,AZ.KNW.,33.714,-116.712,128.08,1573.801,1591.786,1597.187,224.0,5.511,0.556,0.555,0.552,0.551,0.556,0.2,0.1,0.952,0.956,-0.4,0.741,0.741,0.1,0.772,0.741,-0.2,0.77,0.741,-0.1,0.773,0.741,0.0,0.768,0.741,1,1.0,50.871
20200706_2254,-5.69,110.55,535.0,CC.WIFE.,44.06,-121.817,120.369,1524.615,1537.256,1541.005,225.0,4.515,0.418,0.391,0.386,0.39,0.392,0.2,-0.1,0.558,0.572,-0.1,0.783,0.783,-0.1,0.769,0.783,-0.1,0.767,0.783,-0.1,0.773,0.783,-0.1,0.774,0.783,1,1.0,41.274
20200706_2254,-5.69,110.55,535.0,DK.NRS.,61.16,-45.419,121.684,1533.142,1546.618,1550.621,226.0,2.628,0.351,0.375,0.373,0.372,0.373,-2.2,-2.2,0.695,0.649,3.2,0.43,0.43,-1.6,0.44,0.43,-1.8,0.442,0.43,-1.8,0.45,0.43,-1.8,0.451,0.43,0,-1.0,-13.342
20200706_2254,-5.69,110.55,535.0,NA.SMRT.,18.05,-63.075,166.161,1788.464,1846.716,1866.657,227.0,1.046,0.005,0.015,0.016,0.017,0.017,-11.3,2.9,0.215,-0.857,8.3,0.758,0.758,7.5,0.676,0.758,7.6,0.695,0.758,7.5,0.718,0.758,7.4,0.702,0.758,0,-1.0,-25.419
20200706_2254,-5.69,110.55,535.0,C1.MT14.,-33.396,-70.536,140.901,1651.329,1680.408,1689.516,228.0,2.039,0.298,0.311,0.31,0.323,0.324,2.6,2.5,0.58,0.593,-1.9,0.825,0.825,1.3,0.624,0.825,1.2,0.626,0.825,0.7,0.645,0.825,0.7,0.643,0.825,1,4.0,178.573
20200706_2254,-5.69,110.55,535.0,GT.LPAZ.00,-16.288,-68.131,157.983,1746.308,1794.148,1810.084,229.0,2.948,0.237,0.289,0.291,0.305,0.305,1.4,1.3,0.941,0.852,0.7,0.717,0.717,0.8,0.73,0.717,0.8,0.734,0.717,0.5,0.737,0.717,0.5,0.738,0.717,0,-1.0,-176.688
20200706_2254,-5.69,110.55,535.0,IM.TKL.,35.658,-83.774,147.264,1687.808,1723.393,1734.782,230.0,3.191,0.674,0.659,0.642,0.612,0.607,-0.9,-0.7,0.956,0.965,-1.3,0.933,0.933,-1.4,0.936,0.933,-1.5,0.933,0.933,-1.8,0.928,0.933,-1.8,0.928,0.933,1,0.0,21.644
20200706_2254,-5.69,110.55,535.0,CI.CGO.,36.55,-117.803,126.176,1561.837,1578.399,1583.355,231.0,3.499,0.444,0.456,0.442,0.44,0.441,-1.2,-1.5,0.631,0.649,2.8,0.486,0.486,3.0,0.518,0.486,2.7,0.53,0.486,2.9,0.53,0.486,2.9,0.523,0.486,1,1.0,48.017
20200706_2254,-5.69,110.55,535.0,1P.TRLG.,-49.476,-71.573,124.803,1553.141,1568.72,1573.372,232.0,1.279,0.3,0.501,0.494,0.457,0.458,0.6,0.6,0.521,0.455,-0.2,0.836,0.836,0.1,0.852,0.836,0.1,0.852,0.836,-0.1,0.85,0.836,0.0,0.85,0.836,0,-1.0,178.324
20200706_2254,-5.69,110.55,535.0,LD.FRNY.,44.835,-73.588,140.688,1650.088,1678.961,1687.999,233.0,6.72,0.67,0.735,0.737,0.734,0.728,0.7,0.7,0.981,0.982,-0.5,0.924,0.924,-0.3,0.934,0.924,-0.4,0.938,0.924,-0.7,0.943,0.924,-0.7,0.943,0.924,1,0.0,4.606
20200706_2254,-5.69,110.55,535.0,C.GO01.,-19.669,-69.194,154.64,1728.457,1772.303,1786.735,234.0,0.338,-0.015,-0.016,-0.016,-0.014,-0.015,-0.1,-4.0,0.631,0.988,2.6,0.459,0.459,2.6,0.586,0.459,2.6,0.581,0.459,2.3,0.571,0.459,2.3,0.576,0.459,0,-1.0,-179.446
20200706_2254,-5.69,110.55,535.0,CI.GSC.,35.302,-116.806,127.405,1569.575,1587.048,1592.289,235.0,7.12,0.665,0.641,0.634,0.639,0.639,-0.4,-0.2,0.931,0.955,-0.6,0.785,0.785,-0.2,0.825,0.785,-0.5,0.816,0.785,-0.3,0.82,0.785,-0.3,0.816,0.785,1,1.0,49.053
20200706_2254,-5.69,110.55,535.0,Y4.VB01.,-39.407,-71.968,134.843,1615.371,1638.86,1646.067,236.0,1.506,0.219,0.244,0.242,0.251,0.248,2.8,-1.1,0.604,-0.154,-10.6,0.437,0.437,-10.6,0.412,0.437,-10.7,0.417,0.437,-11.0,0.459,0.437,-10.9,0.451,0.437,0,-1.0,177.27
20200706_2254,-5.69,110.55,535.0,CX.PB06.,-22.706,-69.572,151.604,1711.946,1752.295,1765.42,237.0,2.011,0.227,0.244,0.241,0.229,0.233,-0.2,0.2,0.67,0.73,-1.1,0.784,0.784,-1.1,0.712,0.784,-1.1,0.72,0.784,-1.6,0.779,0.784,-1.5,0.777,0.784,0,-1.0,179.767
20200706_2254,-5.69,110.55,535.0,C.GO05.,-35.01,-71.93,139.233,1641.544,1669.027,1677.589,238.0,2.282,0.173,0.238,-0.066,0.011,-0.004,0.9,1.6,0.811,0.834,-10.6,0.366,0.366,-3.0,0.623,0.366,-4.6,0.525,0.366,-5.1,0.377,0.366,-5.0,0.399,0.366,0,-1.0,176.91
20200706_2254,-5.69,110.55,535.0,Y4.VB08.,-39.469,-71.862,134.786,1615.03,1638.469,1645.66,239.0,1.559,0.061,0.075,0.074,0.072,0.072,-0.1,-2.9,0.917,0.928,2.8,0.322,0.322,2.5,0.363,0.322,2.5,0.362,0.322,2.3,0.357,0.322,2.3,0.36,0.322,0,-1.0,177.39
20200706_2254,-5.69,110.55,535.0,CI.DGR.,33.65,-117.009,127.874,1572.51,1590.337,1595.689,240.0,4.758,0.607,0.553,0.55,0.556,0.564,-0.4,-0.5,0.849,0.789,-1.0,0.805,0.805,-0.6,0.825,0.805,-0.9,0.813,0.805,-0.8,0.819,0.805,-0.7,0.817,0.805,1,1.0,51.064
20200706_2254,-5.69,110.55,535.0,CC.CPCO.,43.722,-121.233,120.892,1528.008,1540.977,1544.826,241.0,4.105,0.412,0.432,0.427,0.42,0.42,1.1,-3.1,0.844,-0.369,0.0,0.7,0.7,0.7,0.694,0.7,0.5,0.687,0.7,0.6,0.673,0.7,0.7,0.678,0.7,1,1.0,41.429
20200706_2254,-5.69,110.55,535.0,CC.TMBU.,43.602,-121.145,121.0,1528.709,1541.746,1545.616,242.0,3.383,0.339,0.23,0.232,0.227,0.228,1.5,-4.1,0.424,-0.538,7.5,0.555,0.555,8.1,0.488,0.555,8.0,0.497,0.555,8.1,0.488,0.555,8.1,0.482,0.555,0,-1.0,41.525
20200706_2254,-5.69,110.55,535.0,BK.VAK.00,37.878,-122.249,122.395,1537.729,1551.669,1555.814,243.0,5.737,0.582,0.501,0.498,0.499,0.498,0.0,0.5,0.835,0.902,0.3,0.746,0.746,0.4,0.773,0.746,0.3,0.753,0.746,0.5,0.763,0.746,0.4,0.759,0.746,1,1.0,48.119
20200706_2254,-5.69,110.55,535.0,PY.BPH01.,33.611,-116.455,128.316,1575.278,1593.444,1598.902,244.0,4.98,0.455,0.495,0.483,0.483,0.486,-1.0,-1.0,0.868,0.858,-1.5,0.343,0.343,-0.9,0.381,0.343,-1.3,0.381,0.343,-1.2,0.385,0.343,-1.1,0.377,0.343,0,-1.0,50.889
20200706_2254,-5.69,110.55,535.0,C1.AY05.,-45.151,-73.512,129.029,1579.72,1598.435,1604.067,245.0,1.598,0.108,0.153,0.15,0.133,0.137,0.2,0.5,0.952,0.959,-0.3,0.908,0.908,-0.1,0.873,0.908,-0.2,0.875,0.908,-0.4,0.877,0.908,-0.4,0.875,0.908,0,-1.0,176.326
20200706_2254,-5.69,110.55,535.0,IM.TX31.,29.334,-103.668,139.987,1645.979,1674.178,1682.984,246.0,4.189,0.443,0.376,0.335,0.341,0.337,-0.3,-4.3,0.878,-0.757,-1.3,0.727,0.727,-1.3,0.772,0.727,-1.7,0.778,0.727,-1.7,0.775,0.727,-1.7,0.772,0.727,1,1.0,49.537
20200706_2254,-5.69,110.55,535.0,BK.SHEP.00,41.783,-121.839,121.259,1530.387,1543.59,1547.51,247.0,4.335,0.35,0.492,0.476,0.465,0.467,-5.6,-1.4,0.641,-0.682,-5.9,0.626,0.626,-5.3,0.658,0.626,-5.5,0.655,0.626,-5.3,0.646,0.626,-5.3,0.65,0.626,1,1.0,43.711
20200706_2254,-5.69,110.55,535.0,BK.RUSS.00,38.545,-121.867,122.442,1538.03,1552.001,1556.156,248.0,2.82,0.568,0.554,0.562,0.562,0.56,0.1,0.5,0.898,0.899,0.1,0.792,0.792,0.1,0.891,0.792,0.0,0.872,0.792,0.2,0.872,0.792,0.1,0.872,0.792,1,1.0,47.254
20200706_2254,-5.69,110.55,535.0,NA.SEUG.,17.478,-62.974,166.619,1790.765,1849.623,1869.805,249.0,2.296,0.441,0.592,0.604,0.597,0.589,0.2,0.5,0.858,0.838,0.3,0.84,0.84,-0.5,0.908,0.84,-0.5,0.925,0.84,-0.6,0.934,0.84,-0.6,0.922,0.84,1,5.0,-26.865
20200706_2254,-5.69,110.55,535.0,CI.BAK.,35.344,-119.104,125.65,1558.511,1574.692,1579.531,250.0,2.659,0.364,0.369,0.367,0.38,0.375,-1.6,2.5,0.418,-0.067,4.9,0.613,0.613,5.3,0.64,0.613,5.0,0.645,0.613,5.2,0.647,0.613,5.2,0.647,0.613,0,-1.0,49.89
20200706_2254,-5.69,110.55,535.0,BK.BDM.00,37.954,-121.866,122.652,1539.382,1553.492,1557.69,251.0,6.404,0.595,0.543,0.576,0.581,0.574,0.2,0.3,0.977,0.991,0.3,0.807,0.807,0.2,0.893,0.807,0.0,0.868,0.807,0.2,0.872,0.807,0.2,0.872,0.807,1,1.0,47.909
20200706_2254,-5.69,110.55,535.0,SC.Y22A.,33.937,-106.965,135.25,1617.822,1641.666,1648.994,252.0,3.081,0.564,0.566,0.574,0.578,0.573,0.1,0.5,0.924,0.932,-0.6,0.735,0.735,-0.4,0.754,0.735,-0.7,0.754,0.735,-0.7,0.744,0.735,-0.8,0.749,0.735,1,1.0,45.76
20200706_2254,-5.69,110.55,535.0,CI.CWP.,33.558,-117.558,127.481,1570.053,1587.584,1592.842,253.0,3.491,0.489,0.495,0.501,0.502,0.502,-1.5,0.3,0.763,0.509,-0.1,0.604,0.604,0.1,0.635,0.604,-0.3,0.644,0.604,-0.1,0.647,0.604,0.0,0.641,0.604,1,1.0,51.384
20200706_2254,-5.69,110.55,535.0,MX.HSIG.,29.02,-110.949,134.411,1612.762,1635.876,1642.957,254.0,7.394,0.597,0.628,0.594,0.603,0.616,0.2,0.3,0.74,0.821,-0.7,0.951,0.951,-0.5,0.939,0.951,-0.9,0.941,0.951,-0.8,0.943,0.951,-0.6,0.943,0.951,1,1.0,54.124
20200706_2254,-5.69,110.55,535.0,CI.BEL.,34.001,-115.998,128.521,1576.552,1594.874,1600.382,255.0,8.334,0.507,0.581,0.568,0.569,0.572,-0.9,-0.2,0.859,0.874,-0.8,0.517,0.517,-0.3,0.521,0.517,-0.6,0.529,0.517,-0.5,0.531,0.517,-0.4,0.525,0.517,1,1.0,50.243
20200706_2254,-5.69,110.55,535.0,C1.VA05.,-33.657,-71.614,140.6,1649.568,1678.356,1687.364,256.0,0.351,-0.028,0.001,0.001,-0.024,-0.024,1.6,-5.0,0.771,-0.588,-5.0,0.298,0.298,5.9,0.201,0.298,5.8,0.2,0.298,-4.9,0.294,0.298,-4.8,0.291,0.298,0,-1.0,177.183
20200706_2254,-5.69,110.55,535.0,CX.PB05.,-22.853,-70.202,151.448,1711.088,1751.26,1764.32,257.0,1.386,0.125,0.038,0.045,0.072,0.07,3.1,-2.2,0.748,-0.719,1.3,0.741,0.741,1.3,0.772,0.741,1.3,0.772,0.741,1.0,0.746,0.741,1.0,0.746,0.741,0,-1.0,178.57
20200706_2254,-5.69,110.55,535.0,CI.HAY.,33.707,-115.639,128.909,1578.972,1597.594,1603.196,258.0,4.143,0.575,0.625,0.62,0.616,0.618,0.1,0.2,0.978,0.977,-0.1,0.798,0.798,0.3,0.784,0.798,-0.1,0.796,0.798,0.0,0.793,0.798,0.1,0.789,0.798,1,1.0,50.441
20200706_2254,-5.69,110.55,535.0,AZ.SMER.,33.458,-117.171,127.818,1572.165,1589.951,1595.289,259.0,4.53,0.572,0.559,0.562,0.567,0.564,0.6,0.4,0.799,0.721,-0.1,0.449,0.449,0.4,0.476,0.449,-0.1,0.464,0.449,0.1,0.471,0.449,0.1,0.466,0.449,0,-1.0,51.353
20200706_2254,-5.69,110.55,535.0,MX.MOIG.,19.647,-101.227,146.099,1681.227,1715.577,1726.525,260.0,2.503,0.341,0.319,0.38,0.365,0.333,-2.9,-3.2,0.475,0.366,2.5,0.67,0.67,2.3,0.653,0.67,1.6,0.656,0.67,1.7,0.664,0.67,2.2,0.653,0.67,0,-1.0,62.596
20200706_2254,-5.69,110.55,535.0,CC.PRLK.,44.21,-121.963,120.213,1523.599,1536.143,1539.862,261.0,4.535,0.481,0.426,0.428,0.436,0.432,0.5,-4.1,0.682,-0.151,4.9,0.669,0.669,4.8,0.749,0.669,4.6,0.771,0.669,4.7,0.769,0.669,4.7,0.771,0.669,1,1.0,41.165
20200706_2254,-5.69,110.55,535.0,BK.PKD.00,35.945,-120.542,124.345,1550.22,1565.48,1570.032,262.0,4.149,0.582,0.537,0.541,0.56,0.554,-1.2,-0.6,0.749,0.741,-1.3,0.684,0.684,-0.9,0.656,0.684,-1.3,0.653,0.684,-1.1,0.655,0.684,-1.1,0.653,0.684,1,1.0,49.715
20200706_2254,-5.69,110.55,535.0,PY.BPH07.,33.608,-116.455,128.318,1575.286,1593.452,1598.911,263.0,5.006,0.442,0.487,0.474,0.474,0.477,-0.9,-1.0,0.86,0.834,-1.6,0.312,0.312,-1.1,0.35,0.312,-1.5,0.35,0.312,-1.3,0.354,0.312,-1.3,0.346,0.312,0,-1.0,50.893
20200706_2254,-5.69,110.55,535.0,CI.HOL.,34.458,-117.845,126.933,1566.61,1583.73,1588.861,264.0,3.675,0.536,0.525,0.519,0.526,0.526,-0.3,-0.3,0.853,0.914,-0.5,0.721,0.721,-0.2,0.757,0.721,-0.5,0.74,0.721,-0.3,0.746,0.721,-0.3,0.743,0.721,1,1.0,50.442
20200706_2254,-5.69,110.55,535.0,LD.CCNY.,42.927,-78.855,141.845,1656.828,1686.831,1696.258,265.0,5.123,0.705,0.719,0.716,0.704,0.703,0.2,0.1,0.923,0.937,-0.8,0.959,0.959,-0.5,0.969,0.959,-0.7,0.968,0.959,-1.0,0.968,0.959,-1.0,0.969,0.959,1,0.0,11.099
20200706_2254,-5.69,110.55,535.0,GT.CPUP.00,-26.331,-57.331,145.892,1680.054,1714.185,1725.056,266.0,3.073,0.272,0.151,0.155,0.15,0.155,-1.1,-1.6,0.631,0.634,-2.1,0.79,0.79,-0.4,0.411,0.79,-0.6,0.403,0.79,11.8,0.389,0.79,-1.0,0.389,0.79,0,-1.0,-160.575
20200706_2254,-5.69,110.55,535.0,BK.FORD.00,36.688,-121.781,123.152,1542.594,1557.038,1561.338,267.0,3.136,0.34,0.284,0.301,0.307,0.307,-1.1,-3.8,0.637,-0.57,-0.5,0.683,0.683,-0.3,0.67,0.683,-0.6,0.653,0.683,-0.5,0.661,0.683,-0.4,0.664,0.683,0,-1.0,49.294
20200706_2254,-5.69,110.55,535.0,NM.FFIL.00,38.381,-88.39,143.069,1663.914,1695.136,1704.987,268.0,5.718,0.731,0.725,0.723,0.725,0.721,0.4,0.5,0.958,0.966,-0.6,0.84,0.84,-0.2,0.844,0.84,-0.4,0.845,0.84,-0.7,0.859,0.84,-0.7,0.858,0.84,1,0.0,24.904
20200706_2254,-5.69,110.55,535.0,CX.PB01.,-21.043,-69.487,153.267,1721.026,1763.274,1777.105,269.0,2.372,0.278,0.216,0.218,0.221,0.219,-4.5,0.7,0.449,0.202,-5.6,0.475,0.475,-5.4,0.455,0.475,-5.5,0.467,0.475,-5.8,0.505,0.475,-5.8,0.501,0.475,0,-1.0,179.924
20200706_2254,-5.69,110.55,535.0,BK.INGL.00,39.529,-123.698,120.766,1527.194,1540.084,1543.909,270.0,4.537,0.505,0.481,0.478,0.48,0.484,0.1,0.3,0.837,0.832,-0.2,0.762,0.762,-0.1,0.769,0.762,-0.1,0.76,0.762,-0.1,0.765,0.762,-0.1,0.767,0.762,1,1.0,46.763
20200706_2254,-5.69,110.55,535.0,AZ.CRY.,33.565,-116.737,128.115,1574.022,1592.034,1597.444,271.0,3.632,0.468,0.479,0.46,0.466,0.466,-0.7,-0.6,0.818,0.826,-1.1,0.405,0.405,-0.7,0.445,0.405,-1.1,0.446,0.405,-0.9,0.448,0.405,-0.9,0.443,0.405,0,-1.0,51.056
20200706_2254,-5.69,110.55,535.0,C1.MG02.,-52.781,-69.224,121.529,1532.136,1545.512,1549.485,272.0,2.736,0.172,0.175,0.179,0.181,0.176,-1.4,-4.6,0.859,-0.879,4.5,0.561,0.561,5.1,0.64,0.561,5.0,0.638,0.561,4.9,0.63,0.561,4.8,0.639,0.561,0,-1.0,-179.84
20200706_2254,-5.69,110.55,535.0,C1.BO03.,-34.496,-71.961,139.744,1644.552,1672.52,1681.246,273.0,1.46,0.048,0.291,0.287,0.262,0.268,1.8,2.1,0.888,0.934,1.9,0.508,0.508,8.4,0.507,0.508,8.4,0.509,0.508,7.8,0.532,0.508,7.9,0.53,0.508,0,-1.0,176.819
20200706_2254,-5.69,110.55,535.0,C1.MT12.,-33.733,-70.549,140.564,1649.358,1678.111,1687.107,274.0,1.631,0.361,0.383,0.38,0.376,0.371,2.2,2.5,0.753,0.674,-1.8,0.833,0.833,-1.1,0.85,0.833,-1.3,0.854,0.833,-1.6,0.867,0.833,-1.6,0.867,0.833,0,-1.0,178.572
20200706_2254,-5.69,110.55,535.0,C1.MT10.,-33.273,-70.537,141.024,1652.046,1681.244,1690.394,275.0,0.347,-0.015,-0.009,-0.008,-0.006,-0.007,2.9,-4.8,0.733,-0.671,-4.3,0.132,0.132,6.2,0.159,0.132,6.2,0.159,0.132,5.7,0.161,0.132,5.7,0.16,0.132,0,-1.0,178.566
20200706_2254,-5.69,110.55,535.0,BK.BKS.00,37.876,-122.236,122.406,1537.795,1551.742,1555.889,276.0,5.731,0.58,0.506,0.504,0.505,0.504,0.0,0.6,0.835,0.881,0.4,0.726,0.726,0.5,0.773,0.726,0.3,0.753,0.726,0.5,0.764,0.726,0.4,0.759,0.726,1,1.0,48.117
20200706_2254,-5.69,110.55,535.0,CI.DEC.,34.254,-118.334,126.631,1564.709,1581.605,1586.666,277.0,3.373,0.443,0.466,0.467,0.462,0.461,0.0,1.3,0.76,0.739,0.9,0.54,0.54,1.1,0.581,0.54,0.9,0.569,0.54,1.0,0.575,0.54,1.1,0.57,0.54,1,1.0,50.864
20200706_2254,-5.69,110.55,535.0,YB.MOJP.00,34.757,-115.817,128.364,1575.573,1593.775,1599.245,278.0,5.509,0.428,0.516,0.505,0.509,0.513,-1.7,-1.0,0.792,0.793,-1.8,0.434,0.434,-1.4,0.441,0.434,-1.7,0.456,0.434,-1.6,0.457,0.434,-1.6,0.451,0.434,0,-1.0,49.28
20200706_2254,-5.69,110.55,535.0,CC.SWNB.,43.673,-121.355,120.831,1527.618,1540.549,1544.386,279.0,2.587,0.352,0.406,0.39,0.376,0.383,1.0,-4.1,0.77,-0.404,1.7,0.332,0.332,2.0,0.496,0.332,1.5,0.47,0.332,2.0,0.5,0.332,2.0,0.493,0.332,0,-1.0,41.523
20200706_2254,-5.69,110.55,535.0,AZ.SIO5.,32.841,-117.25,127.978,1573.162,1591.069,1596.446,280.0,3.473,0.44,0.421,0.426,0.426,0.425,0.5,0.6,0.556,0.729,-0.1,0.665,0.665,0.3,0.645,0.665,-0.1,0.648,0.665,0.1,0.647,0.665,0.1,0.647,0.665,1,1.0,52.113
20200706_2254,-5.69,110.55,535.0,ZC.ABDR.,18.812,-70.627,166.828,1791.811,1850.946,1871.24,281.0,0.348,0.023,0.016,0.017,0.019,0.018,-11.0,-5.2,0.219,0.568,-8.0,0.362,0.362,-8.1,0.361,0.362,-8.1,0.365,0.362,-8.2,0.377,0.362,-8.3,0.375,0.362,0,-1.0,4.721
20200706_2254,-5.69,110.55,535.0,AZ.LVA2.,33.352,-116.562,128.331,1575.367,1593.543,1599.005,282.0,4.165,0.404,0.443,0.433,0.432,0.432,0.0,0.0,0.66,0.712,0.3,0.347,0.347,0.5,0.355,0.347,0.2,0.365,0.347,0.3,0.366,0.347,0.4,0.359,0.347,0,-1.0,51.238
20200706_2254,-5.69,110.55,535.0,YB.MOJR.00,34.76,-115.774,128.395,1575.768,1593.994,1599.471,283.0,5.386,0.487,0.583,0.577,0.579,0.583,-1.1,-0.9,0.827,0.85,-1.2,0.458,0.458,-0.7,0.456,0.458,-1.1,0.463,0.458,-1.0,0.468,0.458,-0.9,0.461,0.458,0,-1.0,49.258
20200706_2254,-5.69,110.55,535.0,YB.MOJM.00,34.752,-115.879,128.319,1575.291,1593.459,1598.917,284.0,4.636,0.456,0.5,0.479,0.493,0.499,-0.9,-0.9,0.876,0.899,-1.4,0.5,0.5,-1.0,0.516,0.5,-1.4,0.523,0.5,-1.3,0.527,0.5,-1.2,0.521,0.5,1,1.0,49.312
20200706_2254,-5.69,110.55,535.0,MX.SRIG.,27.32,-112.241,133.969,1610.085,1632.821,1639.773,285.0,4.235,0.531,0.524,0.493,0.506,0.516,-1.3,-0.3,0.76,0.773,-1.4,0.745,0.745,-1.2,0.733,0.745,-1.7,0.743,0.745,-1.5,0.737,0.745,-1.3,0.737,0.745,1,1.0,56.92
20200706_2254,-5.69,110.55,535.0,CI.BLA2.,34.069,-116.39,128.194,1574.515,1592.587,1598.016,286.0,3.8,0.426,0.387,0.387,0.39,0.392,-0.3,-0.3,0.864,0.895,-0.9,0.382,0.382,-0.5,0.414,0.382,-0.8,0.413,0.382,-0.7,0.417,0.382,-0.6,0.411,0.382,0,-1.0,50.323
20200706_2254,-5.69,110.55,535.0,CI.BFS.,34.239,-117.659,127.157,1568.017,1585.304,1590.486,287.0,3.046,0.493,0.496,0.498,0.499,0.498,-2.0,0.2,0.821,0.596,0.3,0.384,0.384,0.5,0.419,0.384,0.2,0.427,0.384,0.3,0.43,0.384,0.4,0.421,0.384,0,-1.0,50.626
20200706_2254,-5.69,110.55,535.0,PY.BPH03.,33.61,-116.455,128.317,1575.28,1593.446,1598.904,288.0,5.168,0.462,0.504,0.492,0.492,0.495,-0.9,-1.0,0.868,0.851,-1.5,0.358,0.358,-0.9,0.396,0.358,-1.3,0.396,0.358,-1.2,0.4,0.358,-1.1,0.392,0.358,0,-1.0,50.891
20200706_2254,-5.69,110.55,535.0,1P.TDPA.,-51.132,-73.118,123.09,1542.195,1556.598,1560.885,289.0,2.222,0.141,0.19,0.187,0.174,0.178,0.8,-5.2,0.473,-0.333,-2.1,0.438,0.438,-9.8,0.371,0.438,-9.8,0.368,0.438,-2.2,0.373,0.438,-2.3,0.37,0.438,0,-1.0,177.259
20200706_2254,-5.69,110.55,535.0,YB.MOJN.00,34.755,-115.86,128.332,1575.373,1593.551,1599.012,290.0,4.894,0.407,0.486,0.464,0.477,0.482,-1.4,-1.4,0.897,0.906,-2.1,0.504,0.504,-1.6,0.523,0.504,-2.0,0.532,0.504,-1.8,0.534,0.504,-1.7,0.527,0.504,1,1.0,49.3
20200706_2254,-5.69,110.55,535.0,CI.BBS.,33.921,-116.981,127.796,1572.023,1589.792,1595.125,291.0,3.526,0.475,0.44,0.419,0.434,0.431,-0.6,-0.5,0.872,0.889,-1.1,0.765,0.765,-0.7,0.788,0.765,-1.1,0.784,0.765,-0.9,0.784,0.765,-0.9,0.785,0.765,1,1.0,50.734
20200706_2254,-5.69,110.55,535.0,CI.FDR.,35.643,-118.934,125.671,1558.646,1574.842,1579.685,292.0,2.204,0.3,0.407,0.423,0.422,0.42,-0.1,0.6,0.927,0.918,1.3,0.491,0.491,1.7,0.476,0.491,1.4,0.474,0.491,1.6,0.475,0.491,1.6,0.47,0.491,0,-1.0,49.484
20200706_2254,-5.69,110.55,535.0,CI.COA.,32.863,-115.123,129.63,1583.46,1602.643,1608.424,293.0,2.419,0.42,0.495,0.47,0.474,0.468,-0.9,3.1,0.858,-0.808,-2.0,0.926,0.926,-1.6,0.912,0.926,-1.9,0.915,0.926,-1.8,0.911,0.926,-1.8,0.912,0.926,1,1.0,51.23
20200706_2254,-5.69,110.55,535.0,ZC.SC01.00,19.427,-70.728,166.206,1788.693,1847.005,1866.97,294.0,1.544,0.411,0.406,0.406,0.403,0.401,-0.6,-4.2,0.963,-0.579,-0.3,0.886,0.886,-0.2,0.881,0.886,-0.3,0.88,0.886,-0.4,0.868,0.886,-0.4,0.869,0.886,0,-1.0,4.891
20200706_2254,-5.69,110.55,535.0,OH.P52A.,39.634,-82.132,144.183,1670.314,1702.668,1712.915,295.0,6.653,0.755,0.767,0.772,0.776,0.778,0.7,0.8,0.958,0.951,0.0,0.928,0.928,0.2,0.933,0.928,0.0,0.931,0.928,-0.3,0.931,0.928,-0.2,0.933,0.928,1,0.0,16.677
20200706_2254,-5.69,110.55,535.0,PR.HUMP.,18.142,-65.849,167.061,1792.978,1852.424,1872.841,296.0,1.349,0.356,0.289,0.309,0.352,0.344,2.3,2.4,0.699,0.904,1.7,0.672,0.672,1.4,0.607,0.672,1.3,0.624,0.672,1.1,0.662,0.672,1.1,0.649,0.672,0,-1.0,-14.921
20200706_2254,-5.69,110.55,535.0,LD.MMNY.,42.732,-77.907,142.209,1658.94,1689.303,1698.855,297.0,3.26,0.71,0.725,0.725,0.722,0.726,0.3,0.4,0.974,0.979,-0.5,0.917,0.917,-0.2,0.919,0.917,-0.4,0.918,0.917,-0.7,0.925,0.917,-0.7,0.923,0.917,1,0.0,10.09
20200706_2254,-5.69,110.55,535.0,AZ.RDM.,33.63,-116.848,128.006,1573.338,1591.267,1596.65,298.0,4.1,0.504,0.47,0.478,0.483,0.479,0.4,0.7,0.808,0.883,0.0,0.741,0.741,0.5,0.806,0.741,0.1,0.794,0.741,0.3,0.802,0.741,0.3,0.799,0.741,1,1.0,51.024
20200706_2254,-5.69,110.55,535.0,BK.MTOS.00,37.505,-121.328,123.208,1542.954,1557.436,1561.748,299.0,5.012,0.598,0.653,0.64,0.646,0.651,-0.4,0.0,0.892,0.952,-0.1,0.79,0.79,-0.1,0.833,0.79,-0.4,0.809,0.79,-0.2,0.821,0.79,-0.2,0.821,0.79,1,1.0,48.228
20200706_2254,-5.69,110.55,535.0,CI.GOR.,33.154,-117.229,127.882,1572.565,1590.4,1595.754,300.0,3.976,0.37,0.384,0.377,0.381,0.381,-0.4,-0.5,0.739,0.794,4.1,0.442,0.442,4.5,0.422,0.442,4.1,0.443,0.442,4.2,0.443,0.442,4.3,0.436,0.442,0,-1.0,51.734
20200706_2254,-5.69,110.55,535.0,CC.HUSB.,44.119,-121.849,120.324,1524.321,1536.934,1540.674,301.0,3.272,0.46,0.584,0.569,0.559,0.562,0.8,0.8,0.79,0.899,-0.1,0.677,0.677,0.4,0.707,0.677,0.0,0.713,0.677,0.3,0.688,0.677,0.4,0.69,0.677,1,1.0,41.222
20200706_2254,-5.69,110.55,535.0,C1.CO10.,-29.241,-71.461,145.016,1675.075,1708.289,1718.837,302.0,2.128,0.076,0.23,0.226,0.201,0.207,-2.1,-1.6,0.742,0.767,-3.3,0.751,0.751,-2.3,0.828,0.751,-2.4,0.815,0.751,-3.0,0.762,0.751,-3.0,0.766,0.751,0,-1.0,176.968
20200706_2254,-5.69,110.55,535.0,CX.PX06.,-23.512,-70.25,150.788,1707.456,1746.888,1759.675,303.0,1.187,0.013,0.228,0.214,0.18,0.191,-5.6,-2.3,0.571,-0.571,2.9,0.591,0.591,0.8,0.541,0.591,0.7,0.541,0.591,0.4,0.535,0.591,0.4,0.535,0.591,0,-1.0,178.516
20200706_2254,-5.69,110.55,535.0,PY.BPH10.,33.612,-116.452,128.319,1575.291,1593.459,1598.917,304.0,5.153,0.46,0.505,0.493,0.498,0.496,-0.9,-1.0,0.876,0.865,-1.5,0.352,0.352,-1.0,0.389,0.352,-1.4,0.39,0.352,-1.1,0.393,0.352,-1.2,0.385,0.352,0,-1.0,50.887
20200706_2254,-5.69,110.55,535.0,C.GO10.,-53.155,-71.05,121.14,1529.618,1542.745,1546.642,305.0,1.073,0.122,0.119,0.117,0.106,0.105,-1.2,3.2,0.551,-0.546,-1.1,0.622,0.622,6.1,0.513,0.622,6.0,0.51,0.622,-1.2,0.556,0.622,-1.3,0.55,0.622,0,-1.0,178.881
20200706_2254,-5.69,110.55,535.0,CI.BCW.,34.94,-119.413,125.557,1557.925,1574.04,1578.858,306.0,3.171,0.578,0.645,0.634,0.644,0.642,-0.1,-0.3,0.889,0.873,-0.6,0.916,0.916,-0.3,0.904,0.916,-0.6,0.901,0.916,-0.4,0.903,0.916,-0.4,0.902,0.916,1,1.0,50.465
20200706_2254,-5.69,110.55,535.0,BK.DLIK.00,40.455,-122.894,121.018,1528.826,1541.875,1545.748,307.0,3.629,0.498,0.493,0.475,0.47,0.471,1.1,0.9,0.705,0.818,-0.1,0.732,0.732,0.5,0.697,0.732,0.2,0.714,0.732,0.4,0.7,0.732,0.5,0.695,0.732,1,1.0,45.499
20200706_2254,-5.69,110.55,535.0,BK.MCCM.00,38.145,-122.88,121.837,1534.125,1547.7,1551.733,308.0,4.101,0.526,0.539,0.57,0.577,0.57,0.1,0.0,0.894,0.923,-0.2,0.733,0.733,0.1,0.757,0.733,-0.1,0.757,0.733,0.1,0.764,0.733,0.0,0.757,0.733,1,1.0,48.027
20200706_2254,-5.69,110.55,535.0,BK.AONC.00,39.94,-122.061,121.798,1533.877,1547.426,1551.452,309.0,3.264,0.461,0.493,0.528,0.53,0.533,0.8,1.0,0.862,0.905,-0.1,0.744,0.744,0.6,0.651,0.744,0.3,0.639,0.744,0.6,0.623,0.744,0.7,0.628,0.744,1,1.0,45.785
20200706_2254,-5.69,110.55,535.0,YB.MOJJ.00,34.744,-115.934,128.28,1575.053,1593.191,1598.64,310.0,2.8,0.462,0.499,0.49,0.495,0.494,-0.6,-0.6,0.868,0.9,-0.7,0.475,0.475,-0.2,0.475,0.475,-0.7,0.476,0.475,-0.5,0.482,0.475,-0.5,0.476,0.475,0,-1.0,49.344
20200706_2254,-5.69,110.55,535.0,BK.BARR.00,39.305,-123.197,121.207,1530.05,1543.22,1547.129,311.0,4.933,0.415,0.46,0.464,0.45,0.455,1.4,1.2,0.8,0.781,0.2,0.526,0.526,1.4,0.61,0.526,0.9,0.57,0.526,1.4,0.593,0.526,1.3,0.587,0.526,1,1.0,46.851
20200706_2254,-5.69,110.55,535.0,TA.M65A.,41.562,-70.647,144.112,1669.909,1702.19,1712.411,312.0,3.108,0.611,0.64,0.638,0.631,0.633,0.5,0.4,0.855,0.867,-0.3,0.709,0.709,-0.5,0.702,0.709,-0.5,0.697,0.709,-0.8,0.692,0.709,-0.8,0.693,0.709,1,0.0,1.517
20200706_2254,-5.69,110.55,535.0,AZ.SND.,33.552,-116.613,128.217,1574.655,1592.745,1598.179,313.0,3.245,0.467,0.419,0.43,0.424,0.425,0.9,1.8,0.6,0.741,0.7,0.379,0.379,1.3,0.393,0.379,0.8,0.398,0.379,1.0,0.397,0.379,1.1,0.395,0.379,0,-1.0,51.022
20200706_2254,-5.69,110.55,535.0,CI.BAR.,32.68,-116.672,128.489,1576.355,1594.653,1600.153,314.0,5.79,0.38,0.453,0.42,0.436,0.437,-1.3,-1.3,0.824,0.795,-2.3,0.593,0.593,-1.7,0.619,0.593,-2.2,0.615,0.593,-2.0,0.617,0.593,-2.0,0.615,0.593,1,1.0,52.08
20200706_2254,-5.69,110.55,535.0,CC.NORM.,43.739,-121.253,120.872,1527.88,1540.836,1544.681,315.0,2.92,0.038,0.098,0.088,0.081,0.081,-12.2,-0.8,0.11,-0.999,7.9,0.564,0.564,8.6,0.628,0.564,8.4,0.626,0.564,8.5,0.637,0.564,8.6,0.639,0.564,0,-1.0,41.418
20200706_2254,-5.69,110.55,535.0,BK.RVIT.00,39.906,-123.379,120.867,1527.846,1540.8,1544.644,316.0,3.131,0.499,0.352,0.368,0.381,0.374,-0.1,-0.3,0.68,0.611,4.8,0.516,0.516,-0.4,0.574,0.516,-0.7,0.556,0.516,-0.5,0.574,0.516,-0.5,0.566,0.516,1,1.0,46.252
20200706_2254,-5.69,110.55,535.0,C1.LL02.,-43.191,-71.848,131.071,1592.368,1612.696,1618.849,317.0,4.056,0.31,0.111,0.119,0.144,0.133,0.6,1.5,0.693,0.56,0.0,0.846,0.846,0.3,0.749,0.846,0.2,0.749,0.846,-0.1,0.766,0.846,-0.1,0.764,0.846,0,-1.0,177.69
20200706_2254,-5.69,110.55,535.0,NU.CRIN.,12.697,-87.021,161.306,1763.69,1815.658,1833.161,318.0,2.446,0.229,0.234,0.165,0.174,0.211,-1.1,-4.8,0.659,-0.893,-9.2,0.546,0.546,-1.7,0.701,0.546,-2.2,0.692,0.546,-2.1,0.689,0.546,-1.9,0.696,0.546,0,-1.0,66.286
20200706_2254,-5.69,110.55,535.0,MX.TLIG.,17.563,-98.566,149.174,1698.505,1736.153,1748.287,319.0,5.684,0.621,0.576,0.588,0.592,0.584,1.1,1.1,0.784,0.665,0.7,0.73,0.73,0.4,0.782,0.73,-0.2,0.75,0.73,0.0,0.747,0.73,0.4,0.774,0.73,1,-1.0,64.656
20200706_2254,-5.69,110.55,535.0,CI.HAR.,35.011,-117.299,127.144,1567.936,1585.213,1590.393,320.0,3.087,0.627,0.594,0.6,0.601,0.6,0.0,0.2,0.852,0.92,-0.1,0.698,0.698,0.2,0.731,0.698,-0.1,0.724,0.698,0.1,0.729,0.698,0.0,0.725,0.698,1,1.0,49.588
20200706_2254,-5.69,110.55,535.0,ZC.CADR.,19.667,-69.94,166.015,1787.73,1845.789,1865.654,321.0,1.957,0.057,0.07,0.068,0.053,0.056,-2.0,1.7,0.228,-0.53,-2.5,0.833,0.833,-2.4,0.859,0.833,-2.4,0.86,0.833,-2.6,0.858,0.833,-2.6,0.859,0.833,0,-1.0,1.846
20200706_2254,-5.69,110.55,535.0,C1.AC04.,-28.205,-71.074,146.069,1681.059,1715.377,1726.314,322.0,1.218,0.298,0.244,0.249,0.275,0.273,0.3,1.3,0.746,0.653,0.1,0.55,0.55,-2.7,0.514,0.55,-2.7,0.52,0.55,-2.8,0.542,0.55,-2.8,0.535,0.55,0,-1.0,177.461
20200706_2254,-5.69,110.55,535.0,BK.SCOT.00,41.392,-122.854,120.704,1526.791,1539.642,1543.455,323.0,2.961,0.439,0.371,0.367,0.359,0.36,1.2,-2.9,0.589,-0.581,0.3,0.449,0.449,0.8,0.454,0.449,0.5,0.469,0.449,0.7,0.439,0.449,0.7,0.441,0.449,0,-1.0,44.471
20200706_2254,-5.69,110.55,535.0,BK.TWIT.00,38.097,-121.683,122.736,1539.922,1554.088,1558.303,324.0,0.772,0.24,0.205,0.217,0.221,0.218,1.2,-4.1,0.635,-0.673,5.3,0.44,0.44,-8.7,0.401,0.44,-8.7,0.394,0.44,-8.6,0.386,0.44,-8.6,0.389,0.44,0,-1.0,47.689
20200706_2254,-5.69,110.55,535.0,CI.BHP.,33.991,-118.362,126.703,1565.162,1582.111,1587.188,325.0,1.733,0.374,0.4,0.403,0.401,0.404,0.0,-0.1,0.724,0.784,-0.1,0.763,0.763,0.1,0.785,0.763,-0.1,0.796,0.763,-0.1,0.797,0.763,0.0,0.792,0.763,0,-1.0,51.181
20200706_2254,-5.69,110.55,535.0,C1.BI05.,-36.748,-73.191,137.418,1630.796,1656.59,1664.578,326.0,2.359,0.44,0.436,0.441,0.471,0.473,1.6,1.5,0.948,0.93,1.5,0.653,0.653,1.6,0.594,0.653,1.6,0.602,0.653,1.3,0.634,0.653,1.3,0.632,0.653,1,4.0,175.596
20200706_2254,-5.69,110.55,535.0,C1.MT05.,-33.392,-70.738,140.899,1651.319,1680.396,1689.504,327.0,1.985,0.319,0.435,0.427,0.404,0.412,1.0,0.9,0.85,0.812,-1.9,0.789,0.789,-0.5,0.93,0.789,-0.6,0.931,0.789,-1.1,0.926,0.789,-1.0,0.926,0.789,0,-1.0,178.308
20200706_2254,-5.69,110.55,535.0,C1.MT07.,-32.976,-71.016,141.305,1653.69,1683.163,1692.407,328.0,2.755,0.297,0.359,0.358,0.364,0.363,2.5,3.0,0.869,0.859,-0.6,0.774,0.774,1.6,0.749,0.774,1.5,0.753,0.774,1.0,0.769,0.774,1.1,0.767,0.774,1,4.0,177.914
20200706_2254,-5.69,110.55,535.0,YB.MOJS.00,34.773,-115.744,128.412,1575.876,1594.116,1599.597,329.0,0.331,0.037,0.031,0.032,0.033,0.033,10.1,-4.1,0.591,-0.99,-8.9,0.494,0.494,-8.4,0.483,0.494,-8.8,0.489,0.494,-8.7,0.49,0.494,-8.6,0.487,0.494,0,-1.0,49.231
20200706_2254,-5.69,110.55,535.0,CI.GRA.,36.996,-117.366,126.321,1562.756,1579.424,1584.414,330.0,3.115,0.539,0.514,0.502,0.507,0.514,-0.2,-0.1,0.969,0.976,-0.6,0.804,0.804,-0.3,0.825,0.804,-0.6,0.803,0.804,-0.5,0.808,0.804,-0.4,0.808,0.804,1,1.0,47.336
20200706_2254,-5.69,110.55,535.0,CX.PB08.,-20.141,-69.153,154.167,1725.904,1769.197,1783.421,331.0,6.259,0.351,0.355,0.354,0.339,0.345,0.1,0.7,0.863,0.714,-0.4,0.785,0.785,0.0,0.746,0.785,0.0,0.741,0.785,-0.6,0.716,0.785,-0.5,0.73,0.785,1,-1.0,-179.37
20200706_2254,-5.69,110.55,535.0,C1.TA02.,-20.271,-70.131,154.031,1725.167,1768.301,1782.465,332.0,1.9,0.204,0.221,0.22,0.222,0.223,-8.4,-4.2,0.585,-0.91,-1.1,0.734,0.734,-0.5,0.588,0.734,-0.5,0.591,0.734,-1.1,0.609,0.734,-1.1,0.612,0.734,0,-1.0,178.564
20200706_2254,-5.69,110.55,535.0,PR.OBIP.,18.043,-66.606,167.339,1794.365,1854.182,1874.747,333.0,1.06,0.315,0.256,0.261,0.268,0.265,-8.6,-4.1,0.555,-0.849,-0.2,0.737,0.737,-1.0,0.731,0.737,-1.0,0.745,0.737,-1.1,0.757,0.737,-1.1,0.755,0.737,0,-1.0,-11.978
20200706_2254,-5.69,110.55,535.0,BK.LIND.00,36.353,-119.057,125.318,1556.407,1572.351,1577.115,334.0,0.755,0.222,0.103,0.139,0.134,0.132,-3.7,5.3,0.229,0.047,1.3,0.555,0.555,1.9,0.576,0.555,1.6,0.567,0.555,1.7,0.564,0.555,1.8,0.568,0.555,0,-1.0,48.72
20200706_2254,-5.69,110.55,535.0,CI.CIA.,33.402,-118.415,126.867,1566.196,1583.267,1588.382,335.0,3.548,0.496,0.497,0.5,0.501,0.504,-2.2,-1.4,0.846,0.799,-0.7,0.578,0.578,-0.4,0.618,0.578,-0.7,0.605,0.578,-0.6,0.61,0.578,-0.5,0.608,0.578,1,1.0,51.888
20200706_2254,-5.69,110.55,535.0,BK.YBH.00,41.732,-122.71,120.677,1526.616,1539.45,1543.258,336.0,0.32,0.014,0.024,0.026,0.026,0.027,-13.2,3.1,0.077,-0.98,-8.4,0.451,0.451,-7.9,0.391,0.451,-8.3,0.384,0.451,-8.1,0.384,0.451,-8.1,0.388,0.451,0,-1.0,44.058
20200706_2254,-5.69,110.55,535.0,CI.ADO.,34.55,-117.434,127.214,1568.378,1585.708,1590.904,337.0,3.695,0.447,0.448,0.429,0.441,0.439,-0.4,-0.5,0.73,0.731,-0.9,0.683,0.683,-0.6,0.695,0.683,-0.9,0.679,0.683,-0.7,0.685,0.683,-0.8,0.683,0.683,1,1.0,50.176
20200706_2254,-5.69,110.55,535.0,CM.PRV.00,13.376,-81.364,165.969,1787.498,1845.496,1865.336,338.0,6.255,0.618,0.619,0.631,0.631,0.633,1.4,1.0,0.891,0.861,1.6,0.765,0.765,0.5,0.866,0.765,0.3,0.898,0.765,0.3,0.905,0.765,0.3,0.891,0.765,1,-1.0,55.024
20200706_2254,-5.69,110.55,535.0,1P.LSMN.,-49.039,-72.223,125.218,1555.774,1571.647,1576.389,339.0,1.342,0.166,0.17,0.171,0.18,0.176,0.2,-0.4,0.37,0.336,-0.7,0.98,0.98,-0.6,0.979,0.98,-0.6,0.98,0.98,-0.7,0.983,0.98,-0.7,0.982,0.98,0,-1.0,177.781
20200706_2254,-5.69,110.55,535.0,BK.MOGU.00,41.831,-122.421,120.84,1527.674,1540.611,1544.45,340.0,3.326,0.409,0.397,0.405,0.402,0.403,2.1,1.9,0.845,0.91,1.2,0.683,0.683,2.0,0.719,0.683,1.6,0.709,0.683,1.9,0.704,0.683,1.8,0.704,0.683,1,1.0,43.855
20200706_2254,-5.69,110.55,535.0,C.GO07.,-43.114,-73.664,131.046,1592.216,1612.524,1618.671,341.0,1.437,0.276,0.271,0.279,0.28,0.271,-1.7,-1.4,0.857,0.862,-2.4,0.832,0.832,-2.2,0.882,0.832,-2.2,0.882,0.832,-2.5,0.883,0.832,-2.5,0.885,0.832,0,-1.0,175.938
20200706_2254,-5.69,110.55,535.0,LD.NCB.,43.973,-74.223,141.487,1654.749,1684.401,1693.707,342.0,9.149,0.746,0.74,0.743,0.745,0.746,1.0,1.1,0.913,0.852,0.0,0.859,0.859,0.3,0.858,0.859,0.2,0.859,0.859,-0.2,0.861,0.859,-0.2,0.863,0.859,1,0.0,5.485
20200706_2254,-5.69,110.55,535.0,CI.DPP.,32.999,-116.942,128.163,1574.318,1592.366,1597.787,343.0,2.593,0.342,0.357,0.349,0.355,0.359,-0.6,-1.0,0.506,0.237,4.4,0.589,0.589,4.8,0.564,0.589,4.4,0.578,0.589,4.6,0.579,0.589,4.7,0.575,0.589,1,1.0,51.806
20200706_2254,-5.69,110.55,535.0,PY.BPH06.,33.611,-116.452,128.319,1575.293,1593.461,1598.92,344.0,5.335,0.465,0.508,0.496,0.501,0.499,-0.9,-1.0,0.878,0.856,-1.5,0.36,0.36,-0.9,0.398,0.36,-1.3,0.398,0.36,-1.1,0.401,0.36,-1.1,0.394,0.36,0,-1.0,50.888
20200706_2254,-5.69,110.55,535.0,ZC.SODR.,19.752,-70.576,165.895,1787.127,1845.027,1864.83,345.0,1.208,0.3,0.308,0.309,0.306,0.305,0.7,0.4,0.824,0.58,0.7,0.622,0.622,0.8,0.599,0.622,0.7,0.6,0.622,0.5,0.605,0.622,0.5,0.603,0.622,0,-1.0,4.21
20200706_2254,-5.69,110.55,535.0,BK.LCOW.00,40.643,-122.185,121.45,1531.628,1544.954,1548.911,346.0,6.529,0.589,0.61,0.609,0.607,0.61,0.2,0.3,0.814,0.925,-0.2,0.721,0.721,0.2,0.766,0.721,0.1,0.77,0.721,0.2,0.77,0.721,0.3,0.77,0.721,1,1.0,45.061
20200706_2254,-5.69,110.55,535.0,C1.AY03.,-47.253,-72.591,126.984,1566.931,1584.089,1589.232,347.0,4.289,0.275,0.287,0.288,0.281,0.283,0.5,0.8,0.858,0.845,0.5,0.625,0.625,0.3,0.617,0.625,0.3,0.616,0.625,0.2,0.618,0.625,0.2,0.616,0.625,0,-1.0,177.339
20200706_2254,-5.69,110.55,535.0,BK.BRIB.01,37.919,-122.153,122.452,1538.094,1552.072,1556.229,348.0,7.384,0.543,0.433,0.459,0.458,0.458,1.1,1.8,0.639,0.76,1.7,0.763,0.763,1.7,0.76,0.763,1.6,0.756,0.763,1.6,0.766,0.763,1.7,0.759,0.763,1,1.0,48.042
20200706_2254,-5.69,110.55,535.0,C1.VA02.,-27.16,-109.435,129.28,1581.282,1600.192,1605.886,349.0,1.798,0.189,0.167,0.165,0.161,0.162,-0.7,-0.6,0.848,0.909,-7.7,0.236,0.236,-1.6,0.274,0.236,-1.7,0.291,0.236,-1.7,0.303,0.236,-1.6,0.292,0.236,0,-1.0,132.499
20200706_2254,-5.69,110.55,535.0,BK.ORV.00,39.555,-121.5,122.341,1537.377,1551.281,1555.415,350.0,3.584,0.591,0.524,0.526,0.529,0.528,-0.8,-0.1,0.868,0.893,-0.1,0.73,0.73,0.1,0.738,0.73,0.0,0.702,0.73,0.2,0.713,0.73,0.1,0.713,0.73,1,1.0,46.017
20200706_2254,-5.69,110.55,535.0,IM.PD31.,42.767,-109.558,128.758,1578.033,1596.538,1602.103,351.0,4.397,0.608,0.631,0.637,0.639,0.635,0.5,0.4,0.779,0.822,-0.1,0.846,0.846,0.3,0.863,0.846,0.0,0.863,0.846,0.1,0.858,0.846,0.1,0.858,0.846,1,1.0,37.288
20200706_2254,-5.69,110.55,535.0,PM.ROSA.,38.721,-28.247,130.251,1587.304,1606.976,1612.916,352.0,1.466,0.047,0.08,0.109,0.111,0.104,2.3,5.0,0.497,-0.766,0.6,0.566,0.566,0.8,0.491,0.566,8.1,0.492,0.566,8.1,0.496,0.566,8.1,0.494,0.566,0,-1.0,-42.269
20200706_2254,-5.69,110.55,535.0,CI.EDW2.,34.881,-117.994,126.664,1564.919,1581.84,1586.909,353.0,4.53,0.665,0.647,0.642,0.652,0.656,-0.8,-0.2,0.829,0.851,-0.4,0.835,0.835,-0.1,0.87,0.835,-0.5,0.855,0.835,-0.3,0.862,0.835,-0.3,0.86,0.835,1,1.0,50.008
20200706_2254,-5.69,110.55,535.0,CI.DAW.,36.271,-117.592,126.44,1563.508,1580.264,1585.28,354.0,3.363,0.587,0.58,0.571,0.574,0.574,-0.2,-0.2,0.909,0.901,-0.5,0.672,0.672,-0.2,0.672,0.672,-0.5,0.649,0.672,-0.3,0.656,0.672,-0.4,0.652,0.672,1,1.0,48.253
20200706_2254,-5.69,110.55,535.0,CI.CLC.,35.816,-117.598,126.612,1564.592,1581.475,1586.531,355.0,3.464,0.48,0.477,0.489,0.484,0.485,-1.1,0.3,0.712,0.784,0.7,0.577,0.577,1.0,0.607,0.577,0.7,0.613,0.577,0.8,0.613,0.577,0.8,0.611,0.577,1,1.0,48.776
20200706_2254,-5.69,110.55,535.0,CI.CHN.,33.999,-117.68,127.227,1568.459,1585.799,1590.998,356.0,3.065,0.358,0.388,0.364,0.378,0.377,-1.4,-1.5,0.845,0.931,-1.8,0.523,0.523,-1.5,0.592,0.523,-1.9,0.583,0.523,-1.6,0.585,0.523,-1.7,0.583,0.523,1,1.0,50.914
20200706_2254,-5.69,110.55,535.0,C1.AP01.,-18.371,-70.342,155.923,1735.348,1780.707,1795.71,357.0,0.736,-0.005,0.037,0.033,0.027,0.03,1.1,1.0,0.884,0.807,7.6,0.476,0.476,1.3,0.59,0.476,1.3,0.568,0.476,0.8,0.478,0.476,0.8,0.5,0.476,0,-1.0,177.961
20200706_2254,-5.69,110.55,535.0,BK.TCHL.00,35.688,-120.401,124.541,1551.47,1566.866,1571.46,358.0,2.793,0.52,0.424,0.464,0.456,0.454,0.9,4.4,0.693,-0.784,0.5,0.695,0.695,0.9,0.652,0.695,0.5,0.642,0.695,0.8,0.643,0.695,0.8,0.647,0.695,1,1.0,49.958
20200706_2254,-5.69,110.55,535.0,YB.MOJE.00,34.7,-116.082,128.185,1574.459,1592.524,1597.951,359.0,3.876,0.415,0.496,0.463,0.47,0.467,-1.2,-0.6,0.728,0.784,-1.5,0.4,0.4,-1.0,0.42,0.4,-1.4,0.427,0.4,-1.2,0.431,0.4,-1.2,0.425,0.4,0,-1.0,49.457
20200706_2254,-5.69,110.55,535.0,PM.PMOZ.,32.823,-17.197,124.447,1550.874,1566.205,1570.779,360.0,1.339,0.246,0.233,0.205,0.214,0.22,-3.0,-3.3,0.499,0.392,0.9,0.45,0.45,0.1,0.486,0.45,0.4,0.479,0.45,0.3,0.479,0.45,0.2,0.483,0.45,0,-1.0,-53.673
20200706_2254,-5.69,110.55,535.0,YB.MOJH.00,34.716,-115.986,128.252,1574.873,1592.989,1598.432,361.0,4.109,0.477,0.501,0.493,0.49,0.49,-0.1,0.6,0.64,0.644,0.1,0.464,0.464,0.6,0.44,0.464,0.3,0.446,0.464,0.4,0.453,0.464,0.4,0.444,0.464,0,-1.0,49.399
20200706_2254,-5.69,110.55,535.0,1P.ELCH.,-49.339,-72.883,124.89,1553.69,1569.33,1574.0,362.0,2.22,0.234,0.299,0.299,0.294,0.297,0.6,0.7,0.541,0.634,0.2,0.757,0.757,0.6,0.757,0.757,0.6,0.753,0.757,0.5,0.746,0.757,0.4,0.747,0.757,0,-1.0,177.28
20200706_2254,-5.69,110.55,535.0,NM.UTMT.01,36.35,-88.864,144.552,1672.428,1705.161,1715.541,363.0,5.228,0.732,0.81,0.8,0.793,0.789,1.0,1.1,0.942,0.894,0.0,0.87,0.87,0.2,0.9,0.87,0.0,0.896,0.87,-0.4,0.895,0.87,-0.4,0.897,0.87,1,0.0,27.315
20200706_2254,-5.69,110.55,535.0,CI.BOM.,33.365,-115.73,128.97,1579.354,1598.023,1603.64,364.0,2.422,0.351,0.438,0.429,0.428,0.432,-1.1,0.2,0.798,0.58,-0.6,0.627,0.627,-0.1,0.621,0.627,-0.4,0.603,0.627,-0.3,0.61,0.627,-0.2,0.614,0.627,1,1.0,50.885
20200706_2254,-5.69,110.55,535.0,CI.DAN.,34.637,-115.381,128.74,1577.919,1596.411,1601.972,365.0,3.606,0.661,0.687,0.67,0.675,0.679,-0.5,-0.4,0.968,0.901,-0.9,0.787,0.787,-0.3,0.772,0.787,-0.7,0.779,0.787,-0.6,0.781,0.787,-0.5,0.776,0.787,1,1.0,49.236
20200706_2254,-5.69,110.55,535.0,BK.DMOR.00,40.71,-123.703,120.353,1524.51,1537.14,1540.886,366.0,3.44,0.547,0.439,0.476,0.484,0.476,0.0,0.3,0.759,0.821,-0.1,0.86,0.86,0.0,0.927,0.86,-0.1,0.936,0.86,-0.1,0.918,0.86,-0.1,0.926,0.86,1,1.0,45.48
20200706_2254,-5.69,110.55,535.0,CI.HMT2.,33.708,-117.002,127.858,1572.415,1590.23,1595.578,367.0,5.576,0.64,0.591,0.589,0.596,0.604,-1.0,-0.6,0.852,0.835,-1.2,0.805,0.805,-0.8,0.833,0.805,-1.1,0.83,0.805,-1.0,0.833,0.805,-0.9,0.83,0.805,1,1.0,50.993
20200706_2254,-5.69,110.55,535.0,NA.SABW.,17.628,-63.231,166.604,1790.689,1849.528,1869.702,368.0,0.929,0.343,0.303,0.308,0.305,0.302,0.7,0.6,0.386,0.462,0.1,0.903,0.903,-0.6,0.669,0.903,-0.6,0.696,0.903,-0.7,0.739,0.903,-0.7,0.712,0.903,0,-1.0,-25.654
20200706_2254,-5.69,110.55,535.0,1P.PEN2.,-49.23,-74.106,124.93,1553.943,1569.611,1574.29,369.0,2.56,0.037,0.151,0.149,0.115,0.117,0.5,0.0,0.898,0.816,-0.1,0.676,0.676,0.0,0.622,0.676,-0.1,0.624,0.676,-0.2,0.642,0.676,-0.1,0.64,0.676,0,-1.0,176.302
20200706_2254,-5.69,110.55,535.0,BK.HAYF.00,40.523,-123.232,120.754,1527.114,1539.996,1543.818,370.0,5.422,0.416,0.438,0.432,0.424,0.425,1.3,-3.4,0.715,-0.416,6.3,0.49,0.49,0.9,0.486,0.49,6.1,0.468,0.49,0.8,0.464,0.49,0.9,0.469,0.49,0,-1.0,45.534
20200706_2254,-5.69,110.55,535.0,ZC.REDR.00,19.271,-71.712,166.241,1788.87,1847.228,1867.212,371.0,1.17,0.14,0.156,0.153,0.146,0.144,-2.1,3.2,0.787,-0.041,-4.0,0.556,0.556,-3.8,0.543,0.556,-3.9,0.538,0.556,-4.2,0.538,0.556,-4.2,0.539,0.556,0,-1.0,8.712
20200706_2254,-5.69,110.55,535.0,1P.RPTE.,-52.115,-71.377,122.171,1536.285,1550.078,1554.179,372.0,1.682,0.026,0.186,0.188,0.127,0.128,-5.2,-4.8,0.659,0.364,-5.4,0.825,0.825,-5.4,0.785,0.825,-5.5,0.78,0.825,-5.5,0.793,0.825,-5.5,0.796,0.825,0,-1.0,178.605
20200706_2254,-5.69,110.55,535.0,LD.BMNY.,44.84,-74.507,140.602,1649.58,1678.37,1687.379,373.0,5.882,0.743,0.766,0.767,0.765,0.764,0.9,1.0,0.946,0.92,-0.2,0.934,0.934,0.0,0.928,0.934,-0.1,0.929,0.934,-0.4,0.932,0.934,-0.4,0.932,0.934,1,0.0,5.619
20200706_2254,-5.69,110.55,535.0,ZC.BADR.00,18.39,-70.356,167.27,1794.019,1853.743,1874.272,374.0,1.158,0.105,0.102,0.103,0.102,0.103,8.9,-4.8,0.072,-0.913,7.6,0.288,0.288,7.4,0.344,0.288,7.4,0.341,0.288,7.3,0.338,0.288,7.3,0.341,0.288,0,-1.0,3.76
20200706_2254,-5.69,110.55,535.0,PY.BPH12.,33.606,-116.46,128.315,1575.269,1593.434,1598.891,375.0,5.331,0.459,0.495,0.487,0.487,0.49,-0.9,-1.0,0.879,0.867,-1.5,0.363,0.363,-1.1,0.402,0.363,-1.4,0.401,0.363,-1.3,0.405,0.363,-1.2,0.398,0.363,0,-1.0,50.897
20200706_2254,-5.69,110.55,535.0,CC.CLMS.,42.923,-122.016,120.693,1526.718,1539.561,1543.372,376.0,0.562,0.001,-0.002,-0.013,-0.018,-0.016,-16.0,-3.2,-0.003,-0.667,8.0,0.613,0.613,8.5,0.647,0.613,8.2,0.647,0.613,8.5,0.651,0.613,8.4,0.654,0.613,0,-1.0,42.549
20200706_2254,-5.69,110.55,535.0,CI.BLC.,34.244,-118.673,126.372,1563.079,1579.785,1584.786,377.0,3.593,0.584,0.544,0.547,0.544,0.545,-0.3,0.0,0.883,0.866,0.1,0.71,0.71,0.4,0.733,0.71,0.1,0.712,0.71,0.3,0.718,0.71,0.3,0.717,0.71,1,1.0,51.001
20200706_2254,-5.69,110.55,535.0,C1.LL07.,-42.832,-73.478,131.34,1594.024,1614.569,1620.793,378.0,0.682,0.139,0.039,0.043,0.062,0.061,1.9,-1.1,0.709,-0.356,1.3,0.719,0.719,1.7,0.772,0.719,1.6,0.77,0.719,1.4,0.757,0.719,1.4,0.76,0.719,0,-1.0,176.082
20200706_2254,-5.69,110.55,535.0,LD.ACCN.,43.384,-73.668,142.123,1658.439,1688.716,1698.239,379.0,4.937,0.811,0.795,0.8,0.802,0.804,1.0,0.9,0.918,0.896,0.0,0.952,0.952,0.2,0.953,0.952,0.1,0.953,0.952,-0.3,0.955,0.952,-0.3,0.956,0.952,1,0.0,4.963
20200706_2254,-5.69,110.55,535.0,NM.MPH.,35.123,-89.932,145.033,1675.17,1708.401,1718.955,380.0,7.269,0.741,0.726,0.741,0.747,0.744,0.6,0.8,0.98,0.978,0.0,0.87,0.87,0.5,0.897,0.87,0.2,0.896,0.87,-0.1,0.888,0.87,-0.1,0.889,0.87,1,0.0,29.768
20200706_2254,-5.69,110.55,535.0,CI.DEV.,33.936,-116.578,128.1,1573.928,1591.928,1597.334,381.0,2.192,0.277,0.365,0.338,0.34,0.344,-0.6,-1.3,0.763,0.725,-1.9,0.319,0.319,-1.4,0.359,0.319,-1.8,0.342,0.319,-1.7,0.348,0.319,-1.6,0.346,0.319,0,-1.0,50.556
20200706_2254,-5.69,110.55,535.0,CX.PB19.,-23.905,-69.291,150.405,1705.339,1744.344,1756.974,382.0,0.491,0.039,0.142,0.135,0.104,0.111,0.2,-3.7,0.653,-0.748,1.2,0.704,0.704,-0.8,0.855,0.704,-0.8,0.853,0.704,-1.1,0.852,0.704,-1.1,0.85,0.704,0,-1.0,-179.709
20200706_2254,-5.69,110.55,535.0,BK.JRSC.00,37.404,-122.239,122.565,1538.822,1552.874,1557.054,383.0,2.302,0.467,0.534,0.516,0.504,0.513,0.4,1.3,0.868,0.858,1.3,0.767,0.767,1.1,0.78,0.767,0.9,0.763,0.767,1.1,0.776,0.767,1.1,0.771,0.767,1,1.0,48.643
20200706_2254,-5.69,110.55,535.0,LD.CPNY.,40.791,-73.96,144.667,1673.084,1705.937,1716.358,384.0,4.533,0.706,0.755,0.747,0.719,0.712,0.1,0.2,0.944,0.962,-1.0,0.908,0.908,-0.7,0.912,0.908,-0.8,0.909,0.908,-1.2,0.903,0.908,-1.2,0.903,0.908,1,0.0,5.864
20200706_2254,-5.69,110.55,535.0,NA.SABA.,17.621,-63.243,166.616,1790.747,1849.601,1869.782,385.0,1.085,0.285,0.448,0.441,0.435,0.446,0.9,-3.7,0.644,-0.949,0.9,0.762,0.762,0.1,0.872,0.762,0.1,0.864,0.762,0.0,0.852,0.762,-0.1,0.864,0.762,0,-1.0,-25.624
20200706_2254,-5.69,110.55,535.0,BK.TSCN.00,35.544,-120.348,124.631,1552.044,1567.503,1572.117,386.0,2.001,0.452,0.451,0.465,0.461,0.458,0.9,1.1,0.601,0.607,0.6,0.729,0.729,1.1,0.731,0.729,0.8,0.704,0.729,0.9,0.712,0.729,1.0,0.715,0.729,1,1.0,50.104
20200706_2254,-5.69,110.55,535.0,C1.MT03.,-33.494,-70.51,140.804,1650.761,1679.746,1688.822,387.0,3.251,0.388,0.458,0.458,0.468,0.469,1.3,2.0,0.837,0.826,-1.6,0.859,0.859,0.4,0.793,0.859,0.3,0.796,0.859,-0.1,0.803,0.859,-0.1,0.803,0.859,1,4.0,178.612
20200706_2254,-5.69,110.55,535.0,Y4.VB03.,-39.458,-71.854,134.798,1615.097,1638.546,1645.74,388.0,0.774,-0.047,0.046,0.038,0.017,0.024,2.8,2.8,0.388,0.831,-13.5,0.277,0.277,-13.8,0.217,0.277,-13.9,0.219,0.277,-14.0,0.208,0.277,-14.0,0.202,0.277,0,-1.0,177.398
20200706_2254,-5.69,110.55,535.0,1P.EIDA.,-49.539,-70.88,124.757,1552.843,1568.39,1573.031,389.0,1.974,0.022,0.023,0.023,0.026,0.025,-3.6,-3.8,0.537,0.086,-4.3,0.803,0.803,-3.9,0.82,0.803,-4.0,0.819,0.803,-4.0,0.814,0.803,-4.1,0.814,0.803,0,-1.0,178.873
20200706_2254,-5.69,110.55,535.0,C1.MT16.,-33.428,-70.523,140.868,1651.139,1680.187,1689.285,390.0,1.891,0.147,0.171,0.159,0.163,0.161,3.1,-3.4,0.71,0.734,3.2,0.53,0.53,2.9,0.69,0.53,2.9,0.682,0.53,2.4,0.623,0.53,2.5,0.634,0.53,0,-1.0,178.592
20200706_2254,-5.69,110.55,535.0,C.GO08.,-48.465,-72.557,125.777,1559.315,1575.588,1580.455,391.0,1.185,0.172,0.195,0.197,0.211,0.209,0.9,0.9,0.691,0.658,1.2,0.365,0.365,1.0,0.419,0.365,1.0,0.416,0.365,1.0,0.41,0.365,1.0,0.41,0.365,0,-1.0,177.468
20200706_2254,-5.69,110.55,535.0,CI.CHR.,34.729,-119.393,125.647,1558.492,1574.672,1579.509,392.0,2.641,0.601,0.607,0.621,0.616,0.614,0.6,0.6,0.849,0.825,0.3,0.822,0.822,0.7,0.796,0.822,0.4,0.797,0.822,0.6,0.793,0.822,0.6,0.791,0.822,1,1.0,50.701
20200706_2254,-5.69,110.55,535.0,IM.NV31.,38.433,-118.155,125.172,1555.482,1571.322,1576.054,393.0,6.748,0.506,0.578,0.567,0.564,0.566,-0.2,0.3,0.818,0.901,-0.1,0.592,0.592,0.2,0.624,0.592,-0.1,0.61,0.592,0.0,0.617,0.592,0.1,0.614,0.592,1,1.0,46.031
20200706_2254,-5.69,110.55,535.0,1P.WIND.,-48.027,-71.455,126.254,1562.332,1578.952,1583.926,394.0,1.901,0.108,-0.018,-0.011,0.021,0.012,-1.0,-4.5,0.452,-0.635,3.7,0.24,0.24,3.3,0.267,0.24,3.3,0.265,0.24,3.3,0.263,0.24,3.3,0.263,0.24,0,-1.0,178.342
20200706_2254,-5.69,110.55,535.0,BK.JEPS.00,38.258,-121.825,122.575,1538.885,1552.944,1557.126,395.0,2.397,0.379,0.418,0.417,0.412,0.416,0.1,0.3,0.863,0.86,0.1,0.797,0.797,0.0,0.82,0.797,-0.1,0.813,0.797,0.0,0.821,0.797,0.0,0.816,0.797,1,1.0,47.558
20200706_2254,-5.69,110.55,535.0,CI.IDO.,33.797,-116.222,128.427,1575.968,1594.218,1599.703,396.0,3.838,0.482,0.51,0.507,0.506,0.506,-1.3,-1.5,0.536,0.55,3.7,0.437,0.437,4.2,0.396,0.437,3.9,0.409,0.437,4.0,0.409,0.437,4.1,0.404,0.437,0,-1.0,50.575
20200706_2254,-5.69,110.55,535.0,BK.THIS.00,35.724,-120.228,124.66,1552.227,1567.706,1572.326,397.0,0.955,0.115,0.145,0.141,0.135,0.136,1.3,0.9,0.524,0.537,0.2,0.727,0.727,0.8,0.728,0.727,0.4,0.717,0.727,0.6,0.72,0.727,0.6,0.718,0.727,0,-1.0,49.857
20200706_2254,-5.69,110.55,535.0,CI.BTP.,34.682,-118.574,126.293,1562.577,1579.224,1584.208,398.0,4.389,0.603,0.586,0.586,0.589,0.591,-1.2,-0.5,0.869,0.907,-0.6,0.597,0.597,-0.2,0.622,0.597,-0.5,0.598,0.597,-0.4,0.607,0.597,-0.3,0.604,0.597,1,1.0,50.457
20200706_2254,-5.69,110.55,535.0,BK.TRIN.00,40.974,-122.705,120.962,1528.467,1541.481,1545.343,399.0,4.481,0.511,0.458,0.464,0.463,0.464,0.4,0.6,0.869,0.903,-0.1,0.899,0.899,0.5,0.89,0.899,0.2,0.893,0.899,0.4,0.887,0.899,0.5,0.885,0.899,1,1.0,44.874
20200706_2254,-5.69,110.55,535.0,CI.CCC.,35.525,-117.365,126.899,1566.395,1583.489,1588.612,400.0,4.344,0.508,0.537,0.539,0.536,0.538,-1.3,-0.7,0.655,0.673,-0.5,0.502,0.502,-0.4,0.56,0.502,-0.6,0.559,0.502,-0.5,0.564,0.502,-0.4,0.561,0.502,1,1.0,49.019
20200706_2254,-5.69,110.55,535.0,CN.DRLN.,49.256,-57.503,135.277,1617.983,1641.851,1649.187,401.0,3.998,0.47,0.609,0.617,0.624,0.628,1.5,1.8,0.872,0.882,0.9,0.769,0.769,1.2,0.806,0.769,1.0,0.81,0.769,0.8,0.817,0.769,0.7,0.818,0.769,1,-1.0,-11.029
20200706_2254,-5.69,110.55,535.0,CM.RUS.00,5.892,-73.083,176.38,1838.205,1910.586,1936.291,402.0,4.029,0.46,0.409,0.389,0.393,0.403,0.0,-0.1,0.887,0.891,-0.2,0.778,0.778,0.5,0.885,0.778,0.3,0.826,0.778,0.4,0.85,0.778,0.6,0.883,0.778,1,3.0,86.044
20200706_2254,-5.69,110.55,535.0,YB.MOJG.00,34.708,-116.023,128.227,1574.717,1592.815,1598.251,403.0,4.665,0.465,0.52,0.501,0.501,0.501,-0.3,0.3,0.643,0.67,-0.2,0.313,0.313,0.0,0.306,0.313,-0.1,0.314,0.313,-0.1,0.321,0.313,-0.1,0.314,0.313,0,-1.0,49.423
20200706_2254,-5.69,110.55,535.0,CI.CHF.,34.333,-118.026,126.84,1566.024,1583.074,1588.183,404.0,3.556,0.448,0.42,0.435,0.438,0.434,-0.7,0.3,0.736,0.853,0.0,0.545,0.545,0.3,0.583,0.545,-0.1,0.58,0.545,0.1,0.583,0.545,0.1,0.581,0.545,1,1.0,50.656
20200706_2254,-5.69,110.55,535.0,C1.BO04.,-33.989,-70.609,140.306,1647.85,1676.355,1685.266,405.0,0.397,0.034,0.048,0.049,0.047,0.048,3.1,2.7,0.703,0.383,-0.5,0.716,0.716,0.0,0.627,0.716,-0.1,0.636,0.716,-0.5,0.671,0.716,-0.4,0.665,0.716,0,-1.0,178.506
20200706_2254,-5.69,110.55,535.0,CI.CJV2.,34.53,-118.145,126.677,1565.002,1581.932,1587.004,406.0,5.195,0.472,0.466,0.473,0.473,0.473,-1.0,-0.3,0.764,0.844,-0.1,0.54,0.54,0.1,0.567,0.54,-0.1,0.557,0.54,0.0,0.563,0.54,0.0,0.555,0.54,1,1.0,50.472
20200706_2254,-5.69,110.55,535.0,C1.CO01.,-29.977,-70.094,144.327,1671.142,1703.644,1713.942,407.0,1.096,0.144,0.365,0.361,0.362,0.364,1.4,-2.5,0.777,-0.618,-5.3,0.531,0.531,0.2,0.818,0.531,0.2,0.818,0.531,-0.5,0.827,0.531,-0.4,0.824,0.531,0,-1.0,179.052
20200706_2254,-5.69,110.55,535.0,PY.BPH08.,33.611,-116.458,128.315,1575.267,1593.432,1598.89,408.0,5.104,0.464,0.501,0.493,0.494,0.497,-0.9,-0.9,0.865,0.853,-1.4,0.348,0.348,-1.0,0.386,0.348,-1.3,0.386,0.348,-1.1,0.39,0.348,-1.1,0.382,0.348,0,-1.0,50.891
20200706_2254,-5.69,110.55,535.0,DR.SDD.,18.463,-69.917,167.219,1793.765,1853.421,1873.922,409.0,1.92,0.525,0.538,0.547,0.565,0.566,1.0,1.0,0.824,0.822,0.4,0.893,0.893,0.4,0.802,0.893,0.3,0.819,0.893,0.1,0.851,0.893,0.1,0.845,0.893,0,-1.0,1.929
20200706_2254,-5.69,110.55,535.0,C1.MT08.,-33.405,-70.133,140.899,1651.321,1680.399,1689.507,410.0,1.504,0.178,0.34,0.335,0.326,0.328,0.1,1.1,0.558,0.539,-3.1,0.559,0.559,-0.3,0.803,0.559,-0.3,0.8,0.559,-1.0,0.794,0.559,-0.8,0.792,0.559,0,-1.0,179.103
20200706_2254,-5.69,110.55,535.0,CI.HLL.,34.176,-118.36,126.639,1564.756,1581.658,1586.721,411.0,2.029,0.446,0.381,0.382,0.384,0.383,-0.1,0.2,0.325,0.409,5.6,0.4,0.4,0.1,0.402,0.4,5.5,0.42,0.4,5.7,0.418,0.4,5.6,0.416,0.4,0,-1.0,50.964
20200706_2254,-5.69,110.55,535.0,YB.MOJL.00,34.748,-115.898,128.306,1575.212,1593.37,1598.826,412.0,4.42,0.459,0.48,0.474,0.476,0.48,-1.0,-0.8,0.896,0.897,-1.1,0.507,0.507,-0.7,0.515,0.507,-1.1,0.522,0.507,-1.0,0.528,0.507,-0.9,0.52,0.507,1,1.0,49.325
20200706_2254,-5.69,110.55,535.0,CI.FRK.,33.402,-115.638,129.026,1579.704,1598.416,1604.048,413.0,2.146,0.554,0.597,0.593,0.596,0.597,-0.3,-0.2,0.919,0.867,-0.4,0.823,0.823,0.0,0.826,0.823,-0.3,0.832,0.823,-0.2,0.832,0.823,-0.2,0.828,0.823,1,1.0,50.803
20200706_2254,-5.69,110.55,535.0,C1.AY04.,-46.583,-71.691,127.69,1571.358,1589.045,1594.353,414.0,0.347,0.012,0.019,0.02,0.022,0.022,9.4,-4.1,0.623,-0.997,-9.3,0.449,0.449,-8.9,0.497,0.449,-9.0,0.497,0.449,-9.3,0.487,0.449,-9.3,0.488,0.449,0,-1.0,178.06
20200706_2254,-5.69,110.55,535.0,1P.TAPA.,-51.049,-71.786,123.226,1543.063,1557.557,1561.872,415.0,1.761,0.083,0.128,0.127,0.124,0.122,2.4,-4.2,0.848,0.523,2.0,0.74,0.74,2.0,0.718,0.74,1.9,0.726,0.74,1.8,0.746,0.74,1.9,0.746,0.74,0,-1.0,178.248
20200706_2254,-5.69,110.55,535.0,IU.MACI.,28.25,-16.508,125.111,1555.094,1570.891,1575.609,416.0,0.606,-0.229,-0.163,-0.123,-0.136,-0.149,-1.4,-1.3,0.342,0.317,1.5,0.481,0.481,0.7,0.621,0.481,1.0,0.586,0.481,0.9,0.595,0.481,0.7,0.607,0.481,0,-1.0,-59.232
20200706_2254,-5.69,110.55,535.0,LD.ASNY.,44.398,-73.81,141.104,1652.514,1681.79,1690.967,417.0,5.693,0.763,0.78,0.783,0.781,0.783,1.0,0.9,0.948,0.965,0.0,0.969,0.969,0.2,0.972,0.969,0.1,0.972,0.969,-0.3,0.966,0.969,-0.3,0.968,0.969,1,0.0,4.933
