evtid,evla,evlo,evdp,station,stla,stlo,gcarc,s2ks,s3ks,s4ks,tridx,snr,ccf1,ccf2,ccf3,ccf4,ccf5,t32_cc,t32_pp,ccf_cc,ccf_pp,t32_fw1,ccf_fw1,ccf_sg1,t32_fw2,ccf_fw2,ccf_sg2,t32_fw3,ccf_fw3,ccf_sg3,t32_fw4,ccf_fw4,ccf_sg4,t32_fw5,ccf_fw5,ccf_sg5
20200706_2254,-5.690,110.550,535.000,LD.PAL.,41.006,-73.908,144.460,1671.900,1704.538,1714.884,0.000,4.037,0.747,0.767,0.774,0.756,0.750,0.400,0.200,0.926,0.928,-0.600,0.936,0.936,-0.500,0.931,0.936,-0.600,0.930,0.936,-0.900,0.932,0.936,-0.900,0.932,0.936
20200706_2254,-5.690,110.550,535.000,CC.ASBU.,43.821,-121.368,120.762,1527.168,1540.055,1543.879,1.000,3.391,0.508,0.360,0.381,0.399,0.401,1.100,-4.100,0.689,-0.377,-0.100,0.423,0.423,2.500,0.476,0.423,3.100,0.455,0.423,3.000,0.490,0.423,2.900,0.497,0.423
20200706_2254,-5.690,110.550,535.000,CI.FOX2.,34.734,-118.240,126.530,1564.072,1580.893,1585.931,2.000,4.767,0.522,0.570,0.560,0.561,0.562,-0.200,0.200,0.823,0.933,-0.100,0.662,0.662,0.100,0.675,0.662,-0.100,0.659,0.662,0.000,0.663,0.662,0.000,0.659,0.662
20200706_2254,-5.690,110.550,535.000,CI.BRE.,33.808,-117.981,127.063,1567.427,1584.644,1589.805,3.000,1.337,0.192,0.204,0.197,0.189,0.192,1.300,4.600,0.460,-0.676,1.000,0.393,0.393,1.200,0.449,0.393,0.900,0.437,0.393,1.200,0.448,0.393,1.100,0.450,0.393
20200706_2254,-5.690,110.550,535.000,CI.BC3.,33.655,-115.454,129.071,1579.983,1598.730,1604.373,4.000,2.681,0.549,0.582,0.577,0.578,0.581,-0.800,-1.000,0.872,0.847,-0.900,0.598,0.598,-0.500,0.594,0.598,-0.800,0.585,0.598,-0.700,0.590,0.598,-0.600,0.586,0.598
20200706_2254,-5.690,110.550,535.000,BK.BONV.00,38.987,-123.349,121.206,1530.044,1543.213,1547.122,5.000,1.857,0.446,0.395,0.389,0.406,0.402,-0.100,-0.700,0.569,0.377,-0.800,0.585,0.585,-0.100,0.677,0.585,-0.500,0.636,0.585,-0.100,0.670,0.585,-0.200,0.662,0.585
20200706_2254,-5.690,110.550,535.000,CI.CTW.,33.677,-115.872,128.741,1577.927,1596.420,1601.981,6.000,4.735,0.422,0.473,0.453,0.459,0.459,-1.800,-2.700,0.826,0.811,-2.700,0.473,0.473,-2.300,0.491,0.473,-2.600,0.504,0.473,-2.400,0.502,0.473,-2.500,0.495,0.473
20200706_2254,-5.690,110.550,535.000,BK.RBOW.00,40.335,-124.111,120.193,1523.467,1535.998,1539.713,7.000,1.373,0.144,0.183,0.181,0.180,0.180,8.400,4.100,0.573,-0.533,-8.600,0.370,0.370,-7.600,0.365,0.370,-8.100,0.343,0.370,-7.700,0.344,0.370,-7.800,0.346,0.370
20200706_2254,-5.690,110.550,535.000,BK.KARE.00,36.597,-119.504,124.893,1553.713,1569.356,1574.026,8.000,3.668,0.508,0.502,0.489,0.490,0.490,-1.000,-1.500,0.799,0.769,-0.700,0.480,0.480,-0.100,0.473,0.480,-0.900,0.459,0.480,-0.600,0.471,0.480,-0.600,0.463,0.480
20200706_2254,-5.690,110.550,535.000,MX.HPIG.,26.937,-105.664,139.522,1643.244,1671.000,1679.655,9.000,6.261,0.612,0.571,0.613,0.607,0.596,1.400,0.700,0.747,0.551,0.500,0.822,0.822,0.300,0.833,0.822,0.000,0.836,0.822,0.000,0.833,0.822,0.100,0.832,0.822
20200706_2254,-5.690,110.550,535.000,PY.BPH05.,33.612,-116.455,128.316,1575.276,1593.442,1598.900,10.000,5.345,0.462,0.499,0.492,0.492,0.495,-1.000,-1.100,0.870,0.847,-1.600,0.354,0.354,-1.200,0.392,0.354,-1.500,0.392,0.354,-1.300,0.396,0.354,-1.300,0.388,0.354
20200706_2254,-5.690,110.550,535.000,PR.EMPR.,18.477,-66.529,166.899,1792.169,1851.399,1871.730,11.000,1.363,0.168,0.168,0.162,0.163,0.165,-6.100,-2.400,0.830,-0.794,-6.000,0.571,0.571,1.600,0.535,0.571,-7.200,0.516,0.571,-7.300,0.549,0.571,-7.300,0.543,0.571
20200706_2254,-5.690,110.550,535.000,CX.PB11.,-19.761,-69.656,154.548,1727.961,1771.699,1786.090,12.000,2.924,0.296,0.268,0.271,0.272,0.269,2.000,1.400,0.822,0.764,1.400,0.585,0.585,1.400,0.760,0.585,1.300,0.754,0.585,1.000,0.729,0.585,1.000,0.738,0.585
20200706_2254,-5.690,110.550,535.000,BK.BABI.00,36.516,-120.853,123.911,1547.449,1562.409,1566.868,13.000,0.347,0.021,-0.007,-0.005,-0.004,-0.004,10.600,-2.000,0.350,-1.000,-8.600,0.515,0.515,-8.400,0.596,0.515,-8.700,0.578,0.515,-8.500,0.584,0.515,-8.400,0.584,0.515
20200706_2254,-5.690,110.550,535.000,C1.MT18.,-33.463,-70.664,140.830,1650.916,1679.926,1689.011,14.000,1.182,0.069,0.095,0.089,0.069,0.075,7.000,3.700,0.724,-0.594,6.600,0.580,0.580,6.100,0.658,0.580,6.100,0.652,0.580,5.600,0.612,0.580,5.600,0.619,0.580
20200706_2254,-5.690,110.550,535.000,YB.MOJO.00,34.756,-115.833,128.352,1575.498,1593.690,1599.157,15.000,0.498,0.113,0.163,0.165,0.162,0.162,9.400,-1.200,0.494,-0.054,0.100,0.609,0.609,0.500,0.578,0.609,0.200,0.605,0.609,0.300,0.598,0.609,0.300,0.593,0.609
20200706_2254,-5.690,110.550,535.000,C1.VA01.,-33.023,-71.648,141.231,1653.256,1682.656,1691.876,16.000,1.317,0.195,0.291,0.296,0.297,0.290,2.900,-3.900,0.438,-0.788,-0.600,0.822,0.822,-1.000,0.582,0.822,-1.000,0.579,0.822,-1.400,0.546,0.822,-1.400,0.552,0.822
20200706_2254,-5.690,110.550,535.000,C1.AC01.,-26.148,-70.599,148.143,1692.745,1729.273,1741.001,17.000,1.221,0.149,0.148,0.150,0.172,0.165,-2.600,-3.000,0.537,0.643,-4.100,0.639,0.639,3.400,0.628,0.639,-3.800,0.624,0.639,-4.200,0.628,0.639,-4.200,0.630,0.639
20200706_2254,-5.690,110.550,535.000,GE.BOAB.,12.449,-85.666,162.629,1770.512,1824.170,1842.319,18.000,4.497,0.693,0.654,0.630,0.637,0.647,0.400,0.400,0.957,0.956,0.000,0.820,0.820,0.100,0.795,0.820,-0.500,0.762,0.820,-0.400,0.772,0.820,-0.100,0.785,0.820
20200706_2254,-5.690,110.550,535.000,C1.BO01.,-34.392,-71.085,139.889,1645.401,1673.506,1682.280,19.000,0.364,-0.042,0.021,0.020,0.017,0.018,2.500,2.700,0.737,0.379,-4.300,0.369,0.369,-2.400,0.207,0.369,-2.500,0.206,0.369,-2.800,0.190,0.369,-2.800,0.192,0.369
20200706_2254,-5.690,110.550,535.000,CX.PB18.,-17.590,-69.480,156.720,1739.606,1785.918,1801.279,20.000,1.628,0.387,0.207,0.216,0.240,0.229,1.400,-3.800,0.662,-0.462,-0.100,0.619,0.619,-7.800,0.457,0.619,-7.800,0.457,0.619,-8.200,0.443,0.619,-8.200,0.446,0.619
20200706_2254,-5.690,110.550,535.000,CM.HEL.00,6.191,-75.529,173.933,1826.588,1895.471,1919.732,21.000,2.837,0.484,0.438,0.379,0.415,0.438,-0.700,-0.700,0.847,0.633,-0.100,0.787,0.787,-0.500,0.830,0.787,-1.100,0.855,0.787,-0.900,0.852,0.787,-0.400,0.830,0.787
20200706_2254,-5.690,110.550,535.000,CI.CLT.,34.093,-117.317,127.473,1570.004,1587.528,1592.785,22.000,3.077,0.373,0.318,0.330,0.328,0.330,-1.200,-1.700,0.492,0.448,2.800,0.311,0.311,2.700,0.316,0.311,2.400,0.336,0.311,2.600,0.336,0.311,2.700,0.328,0.311
20200706_2254,-5.690,110.550,535.000,Y4.VB04.,-39.378,-71.935,134.873,1615.553,1639.068,1646.284,23.000,1.580,0.320,0.339,0.340,0.343,0.342,2.500,2.500,0.973,0.955,2.200,0.375,0.375,2.000,0.427,0.375,1.900,0.428,0.375,1.700,0.427,0.375,1.700,0.430,0.375
20200706_2254,-5.690,110.550,535.000,LD.FOR.,40.860,-73.885,144.606,1672.736,1705.526,1715.924,24.000,4.279,0.683,0.710,0.715,0.701,0.697,0.600,0.600,0.951,0.936,-0.400,0.881,0.881,-0.400,0.871,0.881,-0.400,0.868,0.881,-0.700,0.866,0.881,-0.800,0.866,0.881
20200706_2254,-5.690,110.550,535.000,CI.FMP.,33.713,-118.294,126.854,1566.110,1583.171,1588.283,25.000,3.070,0.385,0.446,0.446,0.439,0.435,-0.700,4.800,0.644,-0.655,1.100,0.614,0.614,1.300,0.664,0.614,1.000,0.657,0.614,1.200,0.660,0.614,1.300,0.661,0.614
20200706_2254,-5.690,110.550,535.000,OH.O53A.,40.249,-81.213,143.861,1668.469,1700.494,1710.626,26.000,6.525,0.763,0.755,0.763,0.782,0.782,1.000,1.000,0.964,0.960,0.400,0.874,0.874,0.500,0.883,0.874,0.500,0.881,0.874,0.100,0.881,0.874,0.100,0.882,0.874
20200706_2254,-5.690,110.550,535.000,CX.PSGCX.,-19.597,-70.123,154.704,1728.801,1772.722,1787.182,27.000,1.583,0.371,0.335,0.342,0.348,0.345,1.000,0.200,0.810,0.689,-0.600,0.470,0.470,0.400,0.593,0.470,0.400,0.587,0.470,-0.100,0.545,0.470,-0.100,0.562,0.470
20200706_2254,-5.690,110.550,535.000,C.GO06.,-39.584,-71.472,134.688,1614.432,1637.786,1644.947,28.000,1.696,0.236,0.319,0.313,0.321,0.316,2.200,2.200,0.653,0.642,1.500,0.557,0.557,1.700,0.555,0.557,1.600,0.551,0.557,1.100,0.574,0.557,1.200,0.568,0.557
20200706_2254,-5.690,110.550,535.000,CI.ALP.,34.687,-118.299,126.502,1563.894,1580.695,1585.726,29.000,4.423,0.489,0.554,0.532,0.533,0.538,-0.700,-0.400,0.877,0.936,-0.300,0.680,0.680,-0.100,0.693,0.680,-0.400,0.673,0.680,-0.200,0.684,0.680,-0.200,0.678,0.680
20200706_2254,-5.690,110.550,535.000,CM.URI.00,11.702,-71.993,173.484,1824.437,1892.685,1916.687,30.000,7.073,0.445,0.466,0.446,0.414,0.413,-0.800,-0.600,0.768,0.699,0.500,0.566,0.566,0.300,0.844,0.566,0.200,0.803,0.566,-0.200,0.742,0.566,-0.100,0.751,0.566
20200706_2254,-5.690,110.550,535.000,CI.BLY.,33.750,-114.524,129.745,1584.169,1603.441,1609.252,31.000,11.493,0.596,0.611,0.593,0.594,0.601,-1.200,-0.500,0.853,0.817,-1.100,0.691,0.691,-0.700,0.644,0.691,-1.000,0.638,0.691,-0.900,0.637,0.691,-0.900,0.637,0.691
20200706_2254,-5.690,110.550,535.000,BK.BJES.00,40.544,-123.880,120.285,1524.071,1536.660,1540.393,32.000,0.000,,,,,,-16.000,-8.000,0.000,0.000,-16.000,0.000,0.000,-16.000,0.000,0.000,-16.000,0.000,0.000,-16.000,0.000,0.000,-16.000,0.000,0.000
20200706_2254,-5.690,110.550,535.000,NM.PBMO.,36.778,-90.430,143.469,1666.216,1697.842,1707.834,33.000,7.143,0.712,0.687,0.694,0.696,0.698,0.700,0.700,0.932,0.935,0.200,0.861,0.861,0.100,0.867,0.861,-0.100,0.865,0.861,-0.300,0.863,0.861,-0.200,0.866,0.861
20200706_2254,-5.690,110.550,535.000,LD.PTNY.,44.558,-74.951,140.835,1650.945,1679.960,1689.047,34.000,0.348,-0.008,-0.003,-0.004,-0.007,-0.005,3.000,-4.700,0.728,-0.671,6.600,0.142,0.142,6.800,0.136,0.142,6.700,0.139,0.142,6.300,0.146,0.142,6.300,0.145,0.142
20200706_2254,-5.690,110.550,535.000,CX.PB09.,-21.796,-69.242,152.513,1716.921,1758.303,1771.811,35.000,2.360,0.371,0.290,0.294,0.308,0.308,0.800,2.200,0.600,0.484,-0.100,0.605,0.605,8.700,0.537,0.605,8.700,0.540,0.605,8.300,0.530,0.605,8.400,0.535,0.605
20200706_2254,-5.690,110.550,535.000,C1.MT01.,-33.864,-71.251,140.409,1648.454,1677.058,1686.004,36.000,3.111,0.242,0.426,0.412,0.366,0.376,0.400,-1.000,0.854,0.585,-2.800,0.841,0.841,-1.900,0.833,0.841,-2.000,0.833,0.841,-2.600,0.829,0.841,-2.500,0.830,0.841
20200706_2254,-5.690,110.550,535.000,1P.BONA.,-50.289,-72.027,123.976,1547.867,1562.872,1567.345,37.000,0.832,0.205,0.127,0.131,0.154,0.146,-0.700,-0.800,0.812,0.841,-1.400,0.753,0.753,-1.300,0.758,0.753,-1.400,0.760,0.753,-1.500,0.765,0.753,-1.500,0.766,0.753
20200706_2254,-5.690,110.550,535.000,1P.ESCR.,-49.959,-73.132,124.260,1549.676,1564.876,1569.410,38.000,0.345,0.022,0.016,0.017,0.020,0.019,10.700,-2.100,0.356,-0.999,-8.800,0.539,0.539,-8.400,0.552,0.539,-8.500,0.552,0.539,-8.600,0.551,0.539,-8.600,0.550,0.539
20200706_2254,-5.690,110.550,535.000,ZC.REDR.,19.271,-71.712,166.241,1788.870,1847.228,1867.212,39.000,1.170,0.140,0.156,0.153,0.146,0.144,-2.100,3.200,0.787,-0.041,-4.000,0.556,0.556,-3.800,0.543,0.556,-3.900,0.538,0.556,-4.200,0.538,0.556,-4.200,0.539,0.556
20200706_2254,-5.690,110.550,535.000,CI.AVM.,35.066,-116.615,127.640,1571.048,1588.698,1593.995,40.000,5.963,0.596,0.644,0.617,0.629,0.624,-1.500,-1.100,0.877,0.771,-1.600,0.808,0.808,-1.100,0.824,0.808,-1.500,0.837,0.808,-1.400,0.837,0.808,-1.400,0.834,0.808
20200706_2254,-5.690,110.550,535.000,BK.PETY.00,40.177,-122.788,121.193,1529.964,1543.125,1547.032,41.000,3.791,0.558,0.569,0.560,0.552,0.558,0.200,0.500,0.776,0.932,-0.100,0.807,0.807,0.300,0.833,0.807,0.000,0.856,0.807,0.200,0.843,0.807,0.200,0.844,0.807
20200706_2254,-5.690,110.550,535.000,UW.DAVN.,47.801,-118.274,120.898,1528.049,1541.022,1544.872,42.000,7.219,0.593,0.572,0.575,0.574,0.575,1.500,1.400,0.666,0.785,0.800,0.597,0.597,1.500,0.641,0.597,1.300,0.645,0.597,1.500,0.650,0.597,1.400,0.649,0.597
20200706_2254,-5.690,110.550,535.000,CX.PB16.,-18.335,-69.508,155.975,1735.625,1781.046,1796.071,43.000,0.968,0.138,0.066,0.076,0.102,0.095,-0.100,-4.400,0.875,-0.522,-1.200,0.571,0.571,5.400,0.494,0.571,5.400,0.487,0.571,5.100,0.493,0.571,5.100,0.503,0.571
20200706_2254,-5.690,110.550,535.000,CI.CSH.,33.644,-116.596,128.196,1574.524,1592.598,1598.027,44.000,5.563,0.610,0.627,0.613,0.618,0.617,-0.800,-0.600,0.871,0.807,-0.700,0.671,0.671,-0.300,0.683,0.671,-0.700,0.690,0.671,-0.500,0.691,0.671,-0.500,0.684,0.671
20200706_2254,-5.690,110.550,535.000,BK.YBH.50,41.732,-122.710,120.677,1526.617,1539.450,1543.258,45.000,2.354,0.377,0.303,0.310,0.323,0.319,-1.100,-0.400,0.723,0.656,-0.100,0.544,0.544,0.100,0.660,0.544,-0.100,0.643,0.544,0.100,0.668,0.544,0.100,0.666,0.544
20200706_2254,-5.690,110.550,535.000,BK.SAO.00,36.764,-121.447,123.377,1544.037,1558.633,1562.980,46.000,4.520,0.598,0.655,0.648,0.649,0.655,-0.300,-0.100,0.946,0.970,-0.400,0.825,0.825,-0.300,0.850,0.825,-0.600,0.828,0.825,-0.500,0.836,0.825,-0.400,0.836,0.825
20200706_2254,-5.690,110.550,535.000,1P.PTTY.,-50.424,-74.273,123.732,1546.303,1561.140,1565.562,47.000,2.749,-0.055,0.138,0.116,0.047,0.051,-0.400,0.000,0.783,0.744,-0.500,0.617,0.617,-0.500,0.692,0.617,-0.500,0.687,0.617,-0.600,0.664,0.617,-0.500,0.667,0.617
20200706_2254,-5.690,110.550,535.000,CI.HEC.,34.829,-116.335,127.944,1572.949,1590.830,1596.199,48.000,6.648,0.589,0.566,0.560,0.558,0.561,-0.200,0.200,0.929,0.931,-0.300,0.775,0.775,0.100,0.794,0.775,-0.100,0.801,0.775,-0.100,0.803,0.775,0.000,0.797,0.775
20200706_2254,-5.690,110.550,535.000,PY.BPH11.,33.605,-116.452,128.321,1575.308,1593.478,1598.937,49.000,5.214,0.454,0.497,0.486,0.490,0.488,-0.900,-1.000,0.865,0.834,-1.400,0.344,0.344,-0.900,0.380,0.344,-1.300,0.381,0.344,-1.100,0.384,0.344,-1.100,0.376,0.344
20200706_2254,-5.690,110.550,535.000,BK.HOPS.00,38.993,-123.072,121.405,1531.336,1544.632,1548.581,50.000,1.492,0.365,0.412,0.405,0.414,0.416,-0.200,-0.500,0.652,0.609,4.600,0.714,0.714,5.100,0.635,0.714,4.900,0.666,0.714,5.000,0.651,0.714,5.100,0.641,0.714
20200706_2254,-5.690,110.550,535.000,BK.HULI.00,36.021,-121.236,123.791,1546.685,1561.563,1565.997,51.000,6.370,0.489,0.520,0.509,0.502,0.506,0.700,0.300,0.793,0.771,0.200,0.672,0.672,0.500,0.777,0.672,0.200,0.724,0.672,0.300,0.741,0.672,0.400,0.742,0.672
20200706_2254,-5.690,110.550,535.000,LD.NPNY.,41.755,-74.144,143.694,1667.509,1699.363,1709.435,52.000,3.817,0.757,0.778,0.782,0.783,0.785,0.500,0.000,0.868,0.846,-0.300,0.836,0.836,-0.200,0.845,0.836,-0.300,0.841,0.836,-0.600,0.839,0.836,-0.500,0.841,0.836
20200706_2254,-5.690,110.550,535.000,YB.MOJD.00,34.693,-116.115,128.164,1574.323,1592.372,1597.793,53.000,2.960,0.437,0.497,0.472,0.472,0.478,-1.200,-0.700,0.820,0.874,-1.400,0.483,0.483,-1.000,0.508,0.483,-1.300,0.515,0.483,-1.200,0.519,0.483,-1.200,0.513,0.483
20200706_2254,-5.690,110.550,535.000,BK.BRIC.00,40.112,-123.896,120.423,1524.966,1537.641,1541.400,54.000,3.337,0.495,0.445,0.467,0.466,0.467,0.700,1.000,0.879,0.896,0.600,0.761,0.761,1.100,0.844,0.761,0.700,0.822,0.761,0.900,0.812,0.761,0.900,0.819,0.761
20200706_2254,-5.690,110.550,535.000,BK.HATC.00,40.816,-121.461,121.893,1534.489,1548.100,1552.145,55.000,3.857,0.493,0.477,0.492,0.500,0.491,-0.900,-0.800,0.863,0.972,-1.100,0.719,0.719,-0.900,0.758,0.719,-1.000,0.749,0.719,-0.800,0.756,0.719,-0.900,0.753,0.719
20200706_2254,-5.690,110.550,535.000,CX.PB03.,-22.048,-69.753,152.260,1715.540,1756.632,1770.034,56.000,1.410,0.141,0.159,0.157,0.119,0.116,-8.600,-0.500,0.584,0.454,-1.500,0.774,0.774,-1.100,0.780,0.774,-1.200,0.776,0.774,-1.900,0.784,0.774,-1.800,0.788,0.774
20200706_2254,-5.690,110.550,535.000,ZC.SODR.00,19.752,-70.576,165.895,1787.127,1845.027,1864.830,57.000,1.208,0.300,0.308,0.309,0.306,0.305,0.700,0.400,0.824,0.580,0.700,0.622,0.622,0.800,0.599,0.622,0.700,0.600,0.622,0.500,0.605,0.622,0.500,0.603,0.622
20200706_2254,-5.690,110.550,535.000,PY.BPH02.,33.611,-116.455,128.317,1575.281,1593.448,1598.906,58.000,5.139,0.461,0.503,0.491,0.491,0.494,-1.000,-1.000,0.881,0.869,-1.500,0.367,0.367,-1.000,0.405,0.367,-1.400,0.405,0.367,-1.300,0.409,0.367,-1.200,0.401,0.367
20200706_2254,-5.690,110.550,535.000,C.GO04.,-30.173,-70.799,144.114,1669.919,1702.203,1712.424,59.000,0.916,0.195,0.144,0.141,0.141,0.140,3.800,1.900,0.680,0.511,2.400,0.511,0.511,0.600,0.870,0.511,0.600,0.868,0.511,0.100,0.865,0.511,0.100,0.865,0.511
20200706_2254,-5.690,110.550,535.000,BK.KCC.00,37.324,-119.319,124.760,1552.866,1568.415,1573.057,60.000,4.585,0.508,0.450,0.450,0.449,0.450,-0.700,0.400,0.719,0.873,0.200,0.564,0.564,0.500,0.589,0.564,0.300,0.582,0.564,0.400,0.587,0.564,0.400,0.585,0.564
20200706_2254,-5.690,110.550,535.000,CM.LCBC.00,8.857,-76.368,172.443,1819.423,1886.212,1909.614,61.000,0.337,0.003,0.011,0.010,0.011,0.011,14.000,1.600,0.232,0.111,1.100,0.801,0.801,1.800,0.845,0.801,1.500,0.837,0.801,1.600,0.836,0.801,1.600,0.836,0.801
20200706_2254,-5.690,110.550,535.000,NU.CNGN.,12.500,-86.699,161.669,1765.568,1817.998,1835.677,62.000,5.927,0.675,0.657,0.608,0.618,0.643,-1.100,-1.300,0.941,0.902,-1.400,0.907,0.907,-1.800,0.820,0.907,-2.300,0.833,0.907,-2.200,0.834,0.907,-2.000,0.826,0.907
20200706_2254,-5.690,110.550,535.000,C1.CO04.,-32.043,-70.975,142.239,1659.113,1689.505,1699.068,63.000,1.414,0.250,0.272,0.272,0.264,0.269,1.500,0.400,0.539,0.322,-0.500,0.857,0.857,0.000,0.877,0.857,-0.100,0.880,0.857,-0.400,0.868,0.857,-0.500,0.870,0.857
20200706_2254,-5.690,110.550,535.000,BK.WENL.00,37.622,-121.757,122.849,1540.645,1554.885,1559.123,64.000,3.615,0.623,0.541,0.558,0.559,0.562,0.600,0.700,0.727,0.812,0.600,0.837,0.837,0.500,0.872,0.837,0.200,0.865,0.837,0.400,0.870,0.837,0.400,0.865,0.837
20200706_2254,-5.690,110.550,535.000,CX.PB07.,-21.727,-69.886,152.580,1717.288,1758.746,1772.283,65.000,2.775,0.254,0.192,0.196,0.189,0.183,9.100,2.000,0.604,0.552,8.600,0.588,0.588,8.700,0.620,0.588,8.600,0.624,0.588,8.200,0.607,0.588,8.200,0.609,0.588
20200706_2254,-5.690,110.550,535.000,NM.USIN.,37.965,-87.666,143.724,1667.684,1699.569,1709.652,66.000,5.050,0.733,0.660,0.673,0.682,0.679,-0.400,4.500,0.776,-0.308,0.000,0.579,0.579,0.000,0.580,0.579,-0.100,0.579,0.579,-0.400,0.582,0.579,-0.500,0.582,0.579
20200706_2254,-5.690,110.550,535.000,BK.SUTB.00,39.229,-121.786,122.255,1536.823,1550.671,1554.788,67.000,4.164,0.580,0.515,0.536,0.536,0.532,0.700,1.000,0.790,0.785,0.900,0.762,0.762,1.000,0.843,0.762,0.900,0.825,0.762,1.100,0.833,0.762,1.000,0.830,0.762
20200706_2254,-5.690,110.550,535.000,CI.CJM.,34.271,-117.424,127.325,1569.072,1586.485,1591.707,68.000,2.977,0.423,0.383,0.396,0.391,0.390,0.700,1.300,0.700,0.764,0.800,0.621,0.621,1.300,0.659,0.621,0.900,0.660,0.621,1.100,0.661,0.621,1.100,0.658,0.621
20200706_2254,-5.690,110.550,535.000,CI.IKP.,32.650,-116.109,128.941,1579.174,1597.821,1603.431,69.000,2.571,0.520,0.520,0.522,0.527,0.524,-0.600,0.100,0.925,0.901,-0.600,0.568,0.568,0.000,0.569,0.568,-0.500,0.577,0.568,-0.300,0.574,0.568,-0.200,0.570,0.568
20200706_2254,-5.690,110.550,535.000,PR.PCDR.,18.514,-68.381,167.133,1793.338,1852.880,1873.336,70.000,1.946,0.463,0.517,0.514,0.486,0.499,-0.900,3.000,0.784,-0.782,-1.500,0.603,0.603,-0.700,0.538,0.603,-0.900,0.529,0.603,-1.500,0.520,0.603,-1.400,0.516,0.603
20200706_2254,-5.690,110.550,535.000,Y4.VB05.,-39.379,-71.903,134.874,1615.555,1639.071,1646.287,71.000,2.124,0.359,0.349,0.344,0.326,0.328,0.700,0.500,0.688,0.605,-0.600,0.400,0.400,0.300,0.510,0.400,0.300,0.497,0.400,-0.700,0.492,0.400,-0.700,0.502,0.400
20200706_2254,-5.690,110.550,535.000,CX.PB14.,-24.626,-70.404,149.670,1701.266,1739.458,1751.790,72.000,2.473,0.049,-0.049,-0.046,-0.039,-0.044,-6.400,2.700,0.623,-0.923,6.600,0.362,0.362,5.900,0.396,0.362,5.900,0.395,0.362,5.700,0.383,0.362,5.700,0.382,0.362
20200706_2254,-5.690,110.550,535.000,BK.DCMP.00,39.469,-123.338,121.048,1529.024,1542.093,1545.972,73.000,0.347,0.022,0.023,0.025,0.026,0.025,-11.600,-0.100,0.233,-1.000,-8.700,0.448,0.448,-8.200,0.470,0.448,-8.500,0.461,0.448,-8.300,0.460,0.448,-8.200,0.465,0.448
20200706_2254,-5.690,110.550,535.000,C1.LR04.,-39.880,-73.426,134.283,1611.983,1634.987,1642.030,74.000,1.001,0.135,0.060,0.062,0.067,0.063,-0.500,-0.200,0.853,0.849,-1.600,0.245,0.245,0.700,0.252,0.245,0.700,0.241,0.245,-1.800,0.267,0.245,-1.900,0.274,0.245
20200706_2254,-5.690,110.550,535.000,GE.SALTA.,-24.224,-66.340,149.933,1702.724,1741.207,1753.645,75.000,1.653,0.006,0.015,0.014,0.015,0.015,8.900,4.300,0.549,-0.512,8.300,0.697,0.697,10.100,0.604,0.697,10.000,0.614,0.697,9.100,0.649,0.697,9.300,0.645,0.697
20200706_2254,-5.690,110.550,535.000,BK.LEGD.00,37.214,-120.149,124.187,1549.214,1564.365,1568.883,76.000,3.597,0.572,0.509,0.526,0.532,0.533,0.200,0.600,0.898,0.784,0.700,0.597,0.597,0.800,0.665,0.597,0.500,0.661,0.597,0.700,0.669,0.597,0.700,0.660,0.597
20200706_2254,-5.690,110.550,535.000,CC.CLCV.,42.976,-122.089,120.623,1526.264,1539.064,1542.861,77.000,1.396,0.235,0.208,0.204,0.203,0.204,0.700,0.200,0.838,0.718,-0.100,0.788,0.788,0.200,0.846,0.788,0.000,0.854,0.788,0.100,0.835,0.788,0.200,0.835,0.788
20200706_2254,-5.690,110.550,535.000,1P.GRAF.,-49.770,-74.922,124.336,1550.166,1565.419,1569.969,78.000,0.954,0.165,0.075,0.075,0.087,0.085,0.100,1.300,0.418,0.308,0.400,0.851,0.851,0.800,0.851,0.851,0.700,0.855,0.851,0.600,0.865,0.851,0.600,0.866,0.851
20200706_2254,-5.690,110.550,535.000,1P.OHRS.,-48.708,-73.981,125.458,1557.295,1573.339,1578.134,79.000,0.683,-0.013,0.062,0.055,0.033,0.040,0.800,4.600,0.705,-0.456,1.000,0.805,0.805,1.000,0.859,0.805,1.000,0.857,0.805,0.900,0.852,0.805,0.900,0.853,0.805
20200706_2254,-5.690,110.550,535.000,BK.MNDO.00,39.314,-123.745,120.805,1527.449,1540.363,1544.195,80.000,3.772,0.378,0.390,0.392,0.399,0.396,0.800,-4.900,0.384,-0.622,4.700,0.497,0.497,4.700,0.490,0.497,4.500,0.524,0.497,4.600,0.515,0.497,4.600,0.518,0.497
20200706_2254,-5.690,110.550,535.000,C1.BO02.,-34.792,-70.781,139.498,1643.105,1670.839,1679.486,81.000,1.777,0.216,0.359,0.357,0.298,0.313,2.100,2.900,0.751,0.622,2.500,0.308,0.308,-1.300,0.832,0.308,-1.300,0.828,0.308,-1.700,0.786,0.308,-1.600,0.794,0.308
20200706_2254,-5.690,110.550,535.000,BK.BRK.00,37.874,-122.261,122.388,1537.680,1551.615,1555.759,82.000,5.403,0.597,0.516,0.511,0.513,0.516,0.000,0.300,0.849,0.932,0.200,0.765,0.765,0.300,0.777,0.765,0.100,0.758,0.765,0.300,0.767,0.765,0.300,0.763,0.765
20200706_2254,-5.690,110.550,535.000,CN.FRB.,63.747,-68.545,121.939,1534.789,1548.430,1552.484,83.000,4.299,0.567,0.568,0.579,0.591,0.585,-0.100,0.200,0.747,0.817,-0.500,0.615,0.615,-0.100,0.675,0.615,-0.100,0.669,0.615,-0.100,0.656,0.615,-0.100,0.656,0.615
20200706_2254,-5.690,110.550,535.000,LD.WADE.,38.679,-75.250,146.594,1684.032,1718.905,1730.039,84.000,3.490,0.116,0.120,0.119,0.113,0.116,-0.100,0.100,0.838,0.901,-0.600,0.597,0.597,-0.600,0.614,0.597,-0.700,0.607,0.597,-1.100,0.589,0.597,-1.000,0.592,0.597
20200706_2254,-5.690,110.550,535.000,CI.DSC.,35.143,-116.104,127.995,1573.269,1591.189,1596.569,85.000,4.320,0.604,0.629,0.616,0.617,0.622,-0.200,0.100,0.908,0.896,-0.400,0.747,0.747,0.100,0.768,0.747,-0.300,0.780,0.747,-0.100,0.783,0.747,-0.100,0.777,0.747
20200706_2254,-5.690,110.550,535.000,C1.AP02.,-18.854,-69.143,155.454,1732.835,1777.638,1792.431,86.000,2.081,0.201,0.117,0.119,0.110,0.105,-1.200,-1.600,0.732,0.716,-2.200,0.843,0.843,-1.900,0.710,0.843,-2.000,0.717,0.843,-2.600,0.798,0.843,-2.600,0.790,0.843
20200706_2254,-5.690,110.550,535.000,C1.CO02.,-31.204,-71.000,143.077,1663.956,1695.186,1705.040,87.000,1.833,0.363,0.321,0.327,0.338,0.334,2.800,-4.100,0.701,-0.706,-0.200,0.655,0.655,0.200,0.627,0.655,0.100,0.626,0.655,-0.200,0.628,0.655,-0.200,0.624,0.655
20200706_2254,-5.690,110.550,535.000,1P.EHEL.,-49.669,-72.886,124.561,1551.597,1567.006,1571.605,88.000,1.496,0.274,0.407,0.400,0.363,0.372,-0.900,-0.500,0.602,0.567,-1.000,0.657,0.657,-0.600,0.632,0.657,-0.700,0.633,0.657,-0.800,0.637,0.657,-0.800,0.633,0.657
20200706_2254,-5.690,110.550,535.000,CI.ARV.,35.127,-118.830,125.937,1560.329,1576.718,1581.620,89.000,4.289,0.630,0.643,0.646,0.648,0.649,-0.100,0.300,0.857,0.879,-0.100,0.853,0.853,0.200,0.856,0.853,-0.100,0.855,0.853,0.000,0.857,0.853,0.000,0.852,0.853
20200706_2254,-5.690,110.550,535.000,C1.MG03.,-53.848,-70.463,120.456,1525.180,1537.875,1541.641,90.000,1.788,0.210,0.250,0.247,0.219,0.226,1.400,-1.500,0.620,0.028,-1.400,0.483,0.483,-0.800,0.522,0.483,-1.000,0.512,0.483,-1.300,0.494,0.483,-1.300,0.494,0.483
20200706_2254,-5.690,110.550,535.000,C1.LL04.,-40.910,-72.408,133.321,1606.148,1628.333,1635.100,91.000,0.364,-0.030,-0.002,-0.003,-0.004,-0.003,2.600,-5.200,0.600,-0.810,-12.500,0.152,0.152,-12.700,0.207,0.152,-12.700,0.204,0.152,-12.900,0.167,0.152,-13.000,0.165,0.152
20200706_2254,-5.690,110.550,535.000,BK.CMB.00,38.035,-120.387,123.711,1546.169,1560.992,1565.409,92.000,3.456,0.577,0.568,0.582,0.585,0.582,-0.700,0.400,0.656,0.723,0.100,0.653,0.653,0.300,0.633,0.653,0.000,0.628,0.653,0.200,0.630,0.653,0.100,0.631,0.653
20200706_2254,-5.690,110.550,535.000,CI.CDM.,34.369,-119.341,125.811,1559.535,1575.833,1580.707,93.000,3.710,0.535,0.540,0.522,0.526,0.533,-1.300,-0.700,0.904,0.884,-1.300,0.780,0.780,-1.000,0.787,0.780,-1.300,0.774,0.780,-1.200,0.776,0.780,-1.100,0.778,0.780
20200706_2254,-5.690,110.550,535.000,NA.SABY.,17.645,-63.221,166.584,1790.591,1849.404,1869.568,94.000,1.104,-0.007,0.107,0.118,0.138,0.124,-0.700,3.600,0.603,0.171,2.600,0.496,0.496,12.300,0.495,0.496,12.300,0.460,0.496,12.300,0.416,0.496,12.300,0.446,0.496
20200706_2254,-5.690,110.550,535.000,1P.LEST.,-49.788,-72.091,124.475,1551.049,1566.399,1570.979,95.000,1.149,0.185,0.051,0.060,0.100,0.092,1.300,4.400,0.736,-0.560,0.700,0.623,0.623,1.200,0.527,0.623,1.100,0.528,0.623,0.900,0.545,0.623,0.900,0.540,0.623
20200706_2254,-5.690,110.550,535.000,PY.TPFO.,33.606,-116.454,128.319,1575.295,1593.463,1598.922,96.000,4.691,0.459,0.505,0.493,0.497,0.496,-0.900,-0.900,0.867,0.834,-1.200,0.357,0.357,-0.700,0.392,0.357,-1.100,0.395,0.357,-0.900,0.397,0.357,-0.900,0.389,0.357
20200706_2254,-5.690,110.550,535.000,CI.CRR.,32.887,-115.969,128.964,1579.313,1597.977,1603.593,97.000,2.610,0.493,0.509,0.492,0.496,0.498,-0.700,-0.300,0.954,0.949,-1.000,0.597,0.597,-0.500,0.595,0.597,-1.000,0.599,0.597,-0.700,0.601,0.597,-0.700,0.595,0.597
20200706_2254,-5.690,110.550,535.000,CI.FUR.,36.467,-116.863,126.902,1566.417,1583.514,1588.637,98.000,4.183,0.572,0.567,0.553,0.564,0.557,-0.800,-0.700,0.903,0.946,-1.200,0.762,0.762,-0.900,0.804,0.762,-1.200,0.797,0.762,-1.000,0.802,0.762,-1.000,0.800,0.762
20200706_2254,-5.690,110.550,535.000,YB.MOJK.00,34.747,-115.919,128.291,1575.118,1593.264,1598.716,99.000,4.289,0.498,0.515,0.510,0.510,0.514,-0.800,-0.500,0.847,0.861,-0.800,0.546,0.546,-0.300,0.545,0.546,-0.700,0.547,0.546,-0.600,0.554,0.546,-0.500,0.547,0.546
20200706_2254,-5.690,110.550,535.000,BK.FARB.00,37.698,-123.001,121.897,1534.516,1548.130,1552.175,100.000,4.204,0.513,0.499,0.510,0.509,0.509,0.000,0.300,0.842,0.813,0.300,0.737,0.737,0.500,0.741,0.737,0.300,0.751,0.737,0.500,0.762,0.737,0.500,0.752,0.737
20200706_2254,-5.690,110.550,535.000,CI.FHO.,34.094,-116.936,127.766,1571.838,1589.584,1594.910,101.000,4.216,0.462,0.446,0.426,0.442,0.438,-1.100,-1.300,0.849,0.843,-1.800,0.603,0.603,-1.300,0.649,0.603,-1.800,0.636,0.603,-1.600,0.642,0.603,-1.600,0.639,0.603
20200706_2254,-5.690,110.550,535.000,ZC.SDD.00,18.463,-69.917,167.219,1793.765,1853.421,1873.922,102.000,1.920,0.525,0.538,0.547,0.565,0.566,1.000,1.000,0.824,0.822,0.400,0.893,0.893,0.400,0.802,0.893,0.300,0.819,0.893,0.100,0.851,0.893,0.100,0.845,0.893
20200706_2254,-5.690,110.550,535.000,BK.BL67.00,37.875,-122.243,122.401,1537.762,1551.705,1555.852,103.000,1.289,0.135,0.054,0.064,0.065,0.064,0.700,3.900,0.358,-0.449,0.600,0.407,0.407,0.400,0.420,0.407,0.300,0.425,0.407,0.400,0.434,0.407,0.500,0.425,0.407
20200706_2254,-5.690,110.550,535.000,SC.121A.,32.532,-107.785,135.347,1618.407,1642.336,1649.693,104.000,10.740,0.724,0.722,0.721,0.722,0.719,0.500,0.700,0.961,0.940,-0.100,0.840,0.840,0.000,0.856,0.840,-0.300,0.852,0.840,-0.200,0.843,0.840,-0.200,0.845,0.840
20200706_2254,-5.690,110.550,535.000,BK.CVS.00,38.345,-122.458,122.079,1535.690,1549.422,1553.504,105.000,8.270,0.571,0.492,0.490,0.495,0.493,-0.300,-0.100,0.620,0.618,2.100,0.484,0.484,-0.100,0.422,0.484,-0.100,0.416,0.484,-0.100,0.435,0.484,-0.100,0.427,0.484
20200706_2254,-5.690,110.550,535.000,NM.SLM.00,38.636,-90.236,142.054,1658.041,1688.250,1697.749,106.000,6.795,0.785,0.800,0.801,0.798,0.797,0.500,0.600,0.968,0.971,-0.200,0.982,0.982,0.200,0.977,0.982,0.100,0.981,0.982,-0.300,0.983,0.982,-0.300,0.983,0.982
20200706_2254,-5.690,110.550,535.000,CC.WIZ.,42.934,-122.149,120.599,1526.108,1538.892,1542.685,107.000,2.236,0.494,0.388,0.393,0.405,0.398,0.300,0.100,0.793,0.739,-0.100,0.821,0.821,-0.100,0.826,0.821,-0.100,0.831,0.821,-0.100,0.827,0.821,-0.100,0.831,0.821
20200706_2254,-5.690,110.550,535.000,LD.KSPA.,41.557,-75.768,143.693,1667.504,1699.358,1709.429,108.000,4.491,0.767,0.767,0.771,0.773,0.776,0.400,0.400,0.910,0.931,-0.200,0.834,0.834,-0.100,0.836,0.834,-0.200,0.835,0.834,-0.500,0.834,0.834,-0.500,0.836,0.834
20200706_2254,-5.690,110.550,535.000,C1.AF01.,-22.952,-68.179,151.331,1710.447,1750.488,1763.499,109.000,2.237,0.109,0.193,0.197,0.215,0.212,-4.900,-4.600,0.688,0.865,-2.600,0.808,0.808,-6.100,0.648,0.808,-6.100,0.662,0.808,-6.400,0.717,0.808,-6.400,0.713,0.808
20200706_2254,-5.690,110.550,535.000,CI.CKP.,33.555,-114.890,129.542,1582.911,1602.025,1607.785,110.000,5.097,0.596,0.545,0.541,0.553,0.549,-0.500,-1.000,0.634,0.683,-1.000,0.772,0.772,-0.700,0.723,0.772,-1.000,0.730,0.772,-0.900,0.725,0.772,-0.900,0.724,0.772
20200706_2254,-5.690,110.550,535.000,PY.BPH04.,33.611,-116.456,128.316,1575.276,1593.442,1598.900,111.000,5.170,0.461,0.502,0.490,0.491,0.493,-1.000,-1.000,0.869,0.844,-1.500,0.354,0.354,-0.900,0.392,0.354,-1.300,0.392,0.354,-1.200,0.396,0.354,-1.100,0.388,0.354
20200706_2254,-5.690,110.550,535.000,BK.RAMR.00,35.636,-120.870,124.201,1549.302,1564.462,1568.983,112.000,4.514,0.563,0.499,0.508,0.521,0.516,-0.100,-1.000,0.858,0.683,-0.600,0.828,0.828,-0.300,0.878,0.828,-0.600,0.863,0.828,-0.400,0.874,0.828,-0.400,0.870,0.828
20200706_2254,-5.690,110.550,535.000,LM.L48A.,41.944,-84.433,141.375,1654.092,1683.633,1692.900,113.000,0.364,0.070,0.077,0.074,0.071,0.071,4.900,-4.300,0.424,-0.950,-10.900,0.199,0.199,-10.200,0.239,0.199,-10.300,0.227,0.199,-10.700,0.232,0.199,-10.600,0.231,0.199
20200706_2254,-5.690,110.550,535.000,YN.TFRD.,33.495,-116.602,128.246,1574.839,1592.951,1598.392,114.000,0.275,0.069,0.070,0.073,0.073,0.073,8.900,-4.400,0.801,-0.864,7.500,0.362,0.362,8.100,0.394,0.362,7.700,0.388,0.362,7.800,0.391,0.362,7.900,0.389,0.362
20200706_2254,-5.690,110.550,535.000,C1.AC05.,-28.836,-70.274,145.465,1677.628,1711.310,1722.022,115.000,2.271,0.401,0.368,0.380,0.417,0.414,-5.400,5.300,0.474,-0.342,-6.500,0.578,0.578,-5.500,0.585,0.578,-5.700,0.582,0.578,-6.400,0.582,0.578,-6.400,0.581,0.578
20200706_2254,-5.690,110.550,535.000,BK.BUCR.00,37.673,-120.150,124.018,1548.135,1563.168,1567.650,116.000,0.580,0.133,0.119,0.124,0.125,0.125,-5.400,4.700,0.308,-0.564,-5.400,0.322,0.322,-5.400,0.449,0.322,-5.600,0.425,0.322,-5.600,0.434,0.322,-5.500,0.431,0.322
20200706_2254,-5.690,110.550,535.000,BK.PACP.00,37.008,-121.287,123.413,1544.266,1558.886,1563.241,117.000,7.555,0.577,0.566,0.583,0.582,0.582,0.200,0.600,0.897,0.938,0.200,0.699,0.699,0.300,0.717,0.699,0.000,0.699,0.699,0.100,0.709,0.699,0.200,0.705,0.699
20200706_2254,-5.690,110.550,535.000,BK.PINL.00,38.010,-122.366,122.263,1536.876,1550.729,1554.848,118.000,3.425,0.600,0.607,0.610,0.608,0.608,0.500,0.700,0.849,0.926,0.600,0.774,0.774,0.900,0.786,0.774,0.600,0.769,0.774,0.800,0.780,0.774,0.800,0.777,0.774
20200706_2254,-5.690,110.550,535.000,CI.DNR.,33.567,-116.631,128.198,1574.535,1592.610,1598.040,119.000,3.533,0.529,0.508,0.513,0.511,0.512,-0.800,-1.000,0.747,0.753,2.100,0.397,0.397,2.400,0.376,0.397,2.000,0.395,0.397,2.200,0.395,0.397,2.300,0.388,0.397
20200706_2254,-5.690,110.550,535.000,CI.BBR.,34.262,-116.921,127.715,1571.516,1589.222,1594.536,120.000,5.054,0.404,0.333,0.342,0.350,0.346,-0.400,-0.100,0.823,0.883,-0.400,0.462,0.462,-0.100,0.495,0.462,-0.400,0.489,0.462,-0.200,0.496,0.462,-0.200,0.490,0.462
20200706_2254,-5.690,110.550,535.000,C1.AC07.,-27.130,-70.860,147.152,1687.178,1722.643,1733.989,121.000,2.766,0.136,0.093,0.092,0.109,0.109,-5.000,-4.500,0.507,0.489,3.300,0.602,0.602,1.500,0.696,0.602,1.500,0.697,0.602,1.100,0.698,0.602,1.100,0.697,0.602
20200706_2254,-5.690,110.550,535.000,LD.UCCT.,41.794,-72.226,143.811,1668.182,1700.156,1710.270,122.000,15.795,0.745,0.744,0.747,0.747,0.748,0.500,0.800,0.982,0.979,0.300,0.914,0.914,0.200,0.906,0.914,0.100,0.903,0.914,-0.200,0.901,0.914,-0.100,0.901,0.914
20200706_2254,-5.690,110.550,535.000,CI.HIW.,35.040,-115.384,128.576,1576.896,1595.260,1600.781,123.000,6.229,0.570,0.578,0.570,0.577,0.573,-1.100,-0.900,0.886,0.901,-1.200,0.461,0.461,-0.800,0.456,0.461,-1.200,0.465,0.461,-1.000,0.468,0.461,-1.000,0.461,0.461
20200706_2254,-5.690,110.550,535.000,CI.BOR.,33.268,-116.417,128.474,1576.259,1594.545,1600.041,124.000,9.146,0.526,0.553,0.553,0.550,0.552,-0.300,0.400,0.916,0.883,0.000,0.651,0.651,0.400,0.656,0.651,0.100,0.670,0.651,0.200,0.668,0.651,0.300,0.661,0.651
20200706_2254,-5.690,110.550,535.000,CX.PB10.,-23.513,-70.554,150.777,1707.393,1746.813,1759.595,125.000,1.451,0.060,0.242,0.235,0.217,0.220,-0.600,-1.000,0.775,0.711,0.600,0.854,0.854,-1.700,0.725,0.854,-1.800,0.730,0.854,-2.100,0.760,0.854,-2.000,0.760,0.854
20200706_2254,-5.690,110.550,535.000,CI.DZA.,32.607,-116.775,128.435,1576.015,1594.272,1599.759,126.000,3.950,0.466,0.478,0.486,0.483,0.481,-2.400,1.100,0.566,0.422,0.800,0.600,0.600,1.400,0.574,0.600,1.000,0.589,0.600,1.200,0.585,0.600,1.300,0.579,0.600
20200706_2254,-5.690,110.550,535.000,CI.CCA.,35.153,-118.016,126.547,1564.179,1581.013,1586.054,127.000,3.647,0.603,0.578,0.583,0.579,0.580,-0.500,0.200,0.694,0.827,0.100,0.665,0.665,0.400,0.685,0.665,0.200,0.678,0.665,0.300,0.683,0.665,0.300,0.676,0.665
20200706_2254,-5.690,110.550,535.000,AZ.FRD.,33.495,-116.602,128.246,1574.839,1592.951,1598.392,128.000,2.557,0.511,0.539,0.524,0.523,0.528,-0.400,0.100,0.851,0.858,-0.500,0.512,0.512,0.000,0.545,0.512,-0.400,0.552,0.512,-0.300,0.553,0.512,-0.200,0.547,0.512
20200706_2254,-5.690,110.550,535.000,TX.435B.,30.783,-97.585,143.573,1666.811,1698.543,1708.571,129.000,6.642,0.608,0.606,0.608,0.605,0.605,1.100,1.000,0.830,0.884,0.400,0.911,0.911,-0.100,0.919,0.911,-0.300,0.915,0.911,-0.500,0.912,0.911,-0.600,0.916,0.911
20200706_2254,-5.690,110.550,535.000,CI.FIG.,34.728,-119.988,125.188,1555.582,1571.433,1576.169,130.000,3.073,0.504,0.471,0.493,0.481,0.481,1.000,1.600,0.775,0.792,1.300,0.781,0.781,1.800,0.798,0.781,1.400,0.772,0.781,1.600,0.785,0.781,1.600,0.784,0.781
20200706_2254,-5.690,110.550,535.000,BK.WSRE.00,36.335,-120.117,124.528,1551.389,1566.777,1571.368,131.000,0.960,0.153,0.248,0.214,0.209,0.217,6.700,3.300,0.602,-0.675,-0.900,0.732,0.732,-0.400,0.644,0.732,-0.700,0.660,0.732,-0.500,0.649,0.732,-0.600,0.655,0.732
20200706_2254,-5.690,110.550,535.000,1P.PMOR.,-50.490,-73.043,123.734,1546.318,1561.157,1565.579,132.000,1.957,0.114,0.084,0.093,0.121,0.117,1.600,1.400,0.543,0.667,0.900,0.865,0.865,1.100,0.882,0.865,1.100,0.882,0.865,1.000,0.879,0.865,1.000,0.879,0.865
20200706_2254,-5.690,110.550,535.000,AZ.BZN.,33.492,-116.667,128.197,1574.533,1592.608,1598.037,133.000,2.979,0.369,0.380,0.375,0.371,0.373,0.500,0.600,0.905,0.938,0.200,0.595,0.595,0.600,0.625,0.595,0.200,0.628,0.595,0.400,0.629,0.595,0.500,0.624,0.595
20200706_2254,-5.690,110.550,535.000,LD.CFNY.,44.165,-75.051,141.212,1653.145,1682.527,1691.740,134.000,5.990,0.641,0.667,0.658,0.647,0.651,0.600,1.100,0.917,0.917,-0.300,0.903,0.903,0.000,0.912,0.903,-0.100,0.909,0.903,-0.400,0.905,0.903,-0.500,0.907,0.903
20200706_2254,-5.690,110.550,535.000,CI.CWC.,36.440,-118.080,126.013,1560.808,1577.252,1582.172,135.000,3.054,0.578,0.530,0.529,0.539,0.534,-1.400,-0.800,0.802,0.886,-0.700,0.473,0.473,-0.300,0.492,0.473,-0.600,0.469,0.473,-0.500,0.482,0.473,-0.500,0.476,0.473
20200706_2254,-5.690,110.550,535.000,BK.MHC.00,37.342,-121.643,123.032,1541.818,1556.181,1560.456,136.000,5.130,0.498,0.516,0.506,0.515,0.519,-0.200,0.000,0.810,0.882,-0.200,0.552,0.552,-0.400,0.588,0.552,-0.700,0.572,0.552,-0.500,0.580,0.552,-0.500,0.579,0.552
20200706_2254,-5.690,110.550,535.000,NA.SEUT.,17.471,-62.976,166.626,1790.799,1849.666,1869.853,137.000,2.142,0.388,0.529,0.539,0.536,0.536,0.600,-4.200,0.607,-0.605,0.400,0.769,0.769,-0.400,0.902,0.769,-0.300,0.900,0.769,-0.400,0.895,0.769,-0.400,0.901,0.769
20200706_2254,-5.690,110.550,535.000,BK.TRAM.00,35.677,-120.271,124.644,1552.125,1567.593,1572.210,138.000,0.349,0.018,-0.005,-0.006,-0.006,-0.006,10.400,-3.300,0.425,-0.999,-8.700,0.559,0.559,-8.400,0.579,0.559,-8.800,0.581,0.559,-8.600,0.584,0.559,-8.500,0.582,0.559
20200706_2254,-5.690,110.550,535.000,NM.OLIL.,38.734,-88.099,142.892,1662.890,1693.934,1703.724,139.000,4.171,0.723,0.749,0.746,0.740,0.738,-0.500,-0.500,0.974,0.960,-1.200,0.845,0.845,-0.800,0.859,0.845,-1.000,0.862,0.845,-1.300,0.877,0.845,-1.300,0.877,0.845
20200706_2254,-5.690,110.550,535.000,CI.DJJ.,34.106,-118.455,126.590,1564.448,1581.314,1586.365,140.000,2.078,0.421,0.354,0.349,0.360,0.358,-2.800,2.400,0.404,-0.236,5.300,0.646,0.646,5.500,0.613,0.646,5.100,0.627,0.646,5.300,0.625,0.646,5.300,0.626,0.646
20200706_2254,-5.690,110.550,535.000,BK.DANT.00,40.295,-121.802,121.851,1534.215,1547.798,1551.835,141.000,5.831,0.592,0.586,0.599,0.598,0.598,0.500,0.800,0.888,0.945,0.100,0.865,0.865,0.800,0.816,0.865,0.600,0.804,0.865,0.900,0.803,0.865,0.800,0.803,0.865
20200706_2254,-5.690,110.550,535.000,PR.SMDR.,19.290,-69.188,166.398,1789.655,1848.220,1868.286,142.000,1.145,0.423,0.419,0.425,0.437,0.437,0.000,-0.100,0.839,0.733,0.000,0.933,0.933,0.000,0.921,0.933,0.000,0.926,0.933,-0.300,0.936,0.933,-0.200,0.934,0.933
20200706_2254,-5.690,110.550,535.000,CM.SJC.00,9.897,-75.179,172.936,1821.799,1889.277,1912.962,143.000,4.045,0.526,0.344,0.326,0.326,0.343,-1.600,-1.400,0.982,0.976,-1.400,0.711,0.711,-1.900,0.884,0.711,-2.100,0.863,0.711,-2.100,0.860,0.711,-2.000,0.867,0.711
20200706_2254,-5.690,110.550,535.000,PR.AUA1.,12.506,-70.011,173.162,1822.889,1890.684,1914.500,144.000,0.976,0.129,0.152,0.156,0.140,0.137,9.100,5.600,0.496,-0.141,3.400,0.393,0.393,3.300,0.410,0.393,3.400,0.430,0.393,3.400,0.430,0.393,3.300,0.430,0.393
20200706_2254,-5.690,110.550,535.000,MX.ZAIG.,22.769,-102.567,143.790,1668.058,1700.010,1710.116,145.000,2.910,0.671,0.649,0.621,0.628,0.643,0.300,0.600,0.828,0.903,-0.300,0.762,0.762,-0.800,0.755,0.762,-1.200,0.725,0.762,-1.200,0.733,0.762,-1.000,0.749,0.762
20200706_2254,-5.690,110.550,535.000,1P.LACD.,-49.015,-71.060,125.277,1556.147,1572.062,1576.817,146.000,1.701,0.180,0.300,0.291,0.248,0.263,0.700,0.800,0.862,0.913,0.500,0.723,0.723,0.500,0.829,0.723,0.500,0.827,0.723,0.500,0.815,0.723,0.500,0.817,0.723
20200706_2254,-5.690,110.550,535.000,C1.CO03.,-30.839,-70.689,143.452,1666.118,1697.727,1707.712,147.000,,,,,,,-16.000,-8.000,0.000,0.000,-16.000,0.000,0.000,-16.000,0.000,0.000,-16.000,0.000,0.000,-16.000,0.000,0.000,-16.000,0.000,0.000
20200706_2254,-5.690,110.550,535.000,C1.LR03.,-39.632,-72.346,134.599,1613.897,1637.174,1644.310,148.000,1.928,0.154,0.226,0.222,0.216,0.219,-0.800,4.100,0.644,0.467,3.000,0.386,0.386,3.100,0.391,0.386,3.000,0.392,0.386,2.700,0.406,0.386,2.700,0.408,0.386
20200706_2254,-5.690,110.550,535.000,C1.ML02.,-35.763,-71.418,138.506,1637.252,1664.053,1672.382,149.000,1.268,0.270,0.130,0.141,0.175,0.169,0.200,0.800,0.751,0.687,0.600,0.778,0.778,-6.400,0.490,0.778,-6.600,0.478,0.778,-7.300,0.457,0.778,-7.200,0.457,0.778
20200706_2254,-5.690,110.550,535.000,C1.MG05.,-51.678,-72.503,122.572,1538.865,1552.922,1557.103,150.000,1.481,0.366,0.330,0.346,0.400,0.391,-0.700,0.100,0.531,0.362,-0.100,0.831,0.831,-0.100,0.893,0.831,-0.100,0.888,0.831,-0.100,0.874,0.831,-0.200,0.873,0.831
20200706_2254,-5.690,110.550,535.000,C1.VA04.,-33.643,-78.830,139.676,1644.154,1672.058,1680.763,151.000,0.742,0.266,0.213,0.230,0.259,0.257,0.400,0.700,0.901,0.944,0.000,0.769,0.769,6.900,0.395,0.769,6.900,0.398,0.769,6.300,0.418,0.769,6.400,0.412,0.769
20200706_2254,-5.690,110.550,535.000,C1.VA03.,-32.764,-70.551,141.532,1655.009,1684.704,1694.025,152.000,2.458,0.386,0.425,0.429,0.403,0.411,0.400,0.300,0.650,0.637,-1.000,0.693,0.693,-0.500,0.743,0.693,-0.500,0.740,0.693,-1.000,0.710,0.693,-0.900,0.717,0.693
20200706_2254,-5.690,110.550,535.000,ZC.HMDR.00,18.788,-69.381,166.902,1792.182,1851.416,1871.748,153.000,5.680,0.691,0.698,0.707,0.730,0.731,0.500,0.500,0.962,0.953,0.800,0.926,0.926,0.700,0.954,0.926,0.700,0.952,0.926,0.600,0.950,0.926,0.600,0.951,0.926
20200706_2254,-5.690,110.550,535.000,CI.CDD.,32.584,-114.356,130.334,1587.817,1607.555,1613.515,154.000,3.719,0.433,0.453,0.418,0.428,0.431,-1.700,-1.000,0.844,0.699,-1.800,0.510,0.510,-1.300,0.467,0.510,-1.800,0.472,0.510,-1.600,0.471,0.510,-1.600,0.468,0.510
20200706_2254,-5.690,110.550,535.000,CI.ELS2.,33.649,-117.426,127.551,1570.489,1588.072,1593.347,155.000,5.436,0.587,0.648,0.625,0.634,0.634,-0.800,-0.500,0.918,0.927,-1.000,0.699,0.699,-0.500,0.739,0.699,-1.000,0.729,0.699,-0.800,0.734,0.699,-0.800,0.730,0.699
20200706_2254,-5.690,110.550,535.000,CI.ACP.,32.955,-116.303,128.678,1577.533,1595.976,1601.522,156.000,3.706,0.428,0.475,0.459,0.460,0.463,-1.400,0.200,0.789,0.650,-0.700,0.402,0.402,-0.200,0.408,0.402,-0.700,0.422,0.402,-0.500,0.422,0.402,-0.400,0.415,0.402
20200706_2254,-5.690,110.550,535.000,CI.CRG.,35.242,-119.725,125.212,1555.739,1571.608,1576.349,157.000,3.258,0.591,0.617,0.603,0.600,0.607,-0.200,0.100,0.917,0.871,-0.300,0.952,0.952,0.100,0.933,0.952,-0.100,0.939,0.952,0.000,0.938,0.952,0.000,0.936,0.952
20200706_2254,-5.690,110.550,535.000,CC.TCBU.,44.241,-121.664,120.395,1524.785,1537.442,1541.197,158.000,1.871,0.217,0.270,0.263,0.263,0.263,8.000,-4.200,0.094,-0.176,5.900,0.483,0.483,6.100,0.444,0.483,5.900,0.483,0.483,5.800,0.492,0.483,5.800,0.482,0.483
20200706_2254,-5.690,110.550,535.000,BK.WELL.00,38.438,-120.724,123.315,1543.634,1558.188,1562.522,159.000,2.140,0.342,0.358,0.354,0.351,0.354,-5.600,-4.900,0.374,0.767,-5.600,0.545,0.545,-5.400,0.577,0.545,-5.700,0.554,0.545,-5.500,0.557,0.545,-5.600,0.558,0.545
20200706_2254,-5.690,110.550,535.000,BK.OVRO.00,37.231,-118.283,125.557,1557.924,1574.038,1578.856,160.000,5.848,0.418,0.403,0.403,0.393,0.393,0.100,1.400,0.696,0.595,1.400,0.670,0.670,1.800,0.725,0.670,1.500,0.701,0.670,1.600,0.708,0.670,1.700,0.709,0.670
20200706_2254,-5.690,110.550,535.000,CI.HDH.,34.775,-118.640,126.209,1562.046,1578.633,1583.597,161.000,3.838,0.553,0.481,0.464,0.476,0.474,-0.800,-0.900,0.888,0.939,-1.100,0.724,0.724,-0.700,0.737,0.724,-1.100,0.715,0.724,-0.900,0.721,0.724,-0.900,0.719,0.724
20200706_2254,-5.690,110.550,535.000,1P.GUMN.,-50.320,-75.364,123.757,1546.464,1561.319,1565.745,162.000,1.198,0.183,0.138,0.145,0.169,0.163,-2.100,4.100,0.538,-0.642,-2.600,0.639,0.639,-2.200,0.691,0.639,-2.200,0.685,0.639,-2.400,0.664,0.639,-2.400,0.664,0.639
20200706_2254,-5.690,110.550,535.000,1P.CURI.,-51.613,-74.556,122.530,1538.596,1552.625,1556.798,163.000,0.761,0.249,0.268,0.270,0.269,0.273,1.000,4.400,0.598,-0.720,1.100,0.485,0.485,1.000,0.608,0.485,1.000,0.598,0.485,1.000,0.565,0.485,1.000,0.566,0.485
20200706_2254,-5.690,110.550,535.000,CI.DRE.,32.805,-115.447,129.401,1582.035,1601.039,1606.763,164.000,3.312,0.443,0.413,0.437,0.435,0.432,1.400,4.600,0.565,-0.624,0.200,0.472,0.472,0.900,0.412,0.472,0.300,0.421,0.472,0.500,0.414,0.472,0.700,0.416,0.472
20200706_2254,-5.690,110.550,535.000,YB.MOJQ.00,34.761,-115.795,128.378,1575.664,1593.878,1599.351,165.000,2.758,0.428,0.568,0.556,0.559,0.563,-1.300,-0.900,0.841,0.799,-1.300,0.538,0.538,-0.900,0.542,0.538,-1.300,0.552,0.538,-1.200,0.555,0.538,-1.100,0.549,0.538
20200706_2254,-5.690,110.550,535.000,C1.LL05.,-41.405,-73.474,132.761,1602.732,1624.446,1631.057,166.000,3.805,0.032,-0.023,-0.022,-0.004,-0.008,-2.700,-2.900,0.782,0.851,-3.700,0.687,0.687,-3.900,0.752,0.687,-3.900,0.751,0.687,-4.100,0.743,0.687,-4.000,0.744,0.687
20200706_2254,-5.690,110.550,535.000,C1.AC02.,-26.836,-69.129,147.473,1688.985,1724.794,1736.263,167.000,1.279,-0.015,0.125,0.135,0.172,0.171,1.800,5.100,0.787,-0.779,10.800,0.570,0.570,1.500,0.581,0.570,1.400,0.580,0.570,1.000,0.596,0.570,1.000,0.598,0.570
20200706_2254,-5.690,110.550,535.000,ZC.ABDR.00,18.812,-70.627,166.828,1791.811,1850.946,1871.240,168.000,0.348,0.023,0.016,0.017,0.019,0.018,-11.000,-5.200,0.219,0.568,-8.000,0.362,0.362,-8.100,0.361,0.362,-8.100,0.365,0.362,-8.200,0.377,0.362,-8.300,0.375,0.362
20200706_2254,-5.690,110.550,535.000,GT.PLCA.00,-40.733,-70.551,133.566,1607.638,1630.030,1636.867,169.000,3.115,0.300,0.363,0.358,0.342,0.344,0.300,-1.200,0.757,0.579,-10.700,0.284,0.284,-11.000,0.332,0.284,-11.000,0.330,0.284,-11.200,0.292,0.284,-11.100,0.303,0.284
20200706_2254,-5.690,110.550,535.000,BK.MNRC.00,38.879,-122.443,121.904,1534.561,1548.180,1552.227,170.000,4.697,0.403,0.478,0.488,0.474,0.472,1.300,1.500,0.839,0.897,1.700,0.723,0.723,2.000,0.733,0.723,1.800,0.721,0.723,1.900,0.736,0.723,2.000,0.733,0.723
20200706_2254,-5.690,110.550,535.000,CI.CTC.,33.655,-115.990,128.659,1577.414,1595.843,1601.384,171.000,3.448,0.483,0.460,0.472,0.471,0.472,-0.600,0.000,0.826,0.843,-0.100,0.646,0.646,0.300,0.623,0.646,-0.100,0.630,0.646,0.000,0.633,0.646,0.100,0.627,0.646
20200706_2254,-5.690,110.550,535.000,BK.WEAV.00,40.746,-122.984,120.849,1527.733,1540.675,1544.516,172.000,3.377,0.352,0.406,0.401,0.386,0.393,1.100,1.100,0.534,0.719,0.500,0.741,0.741,1.000,0.760,0.741,0.600,0.795,0.741,0.900,0.773,0.741,0.800,0.776,0.741
20200706_2254,-5.690,110.550,535.000,C1.LR05.,-40.230,-72.004,134.020,1610.391,1633.170,1640.137,173.000,2.200,0.160,0.147,0.146,0.145,0.144,-2.000,-2.600,0.629,0.685,3.200,0.421,0.421,3.100,0.425,0.421,3.100,0.424,0.421,2.800,0.432,0.421,2.900,0.429,0.421
20200706_2254,-5.690,110.550,535.000,NU.MGAN.,12.149,-86.248,162.202,1768.318,1821.429,1839.368,174.000,4.123,0.509,0.488,0.508,0.500,0.491,0.300,-3.200,0.560,0.367,-3.000,0.520,0.520,1.100,0.363,0.520,-3.900,0.398,0.520,-3.900,0.390,0.520,-3.500,0.369,0.520
20200706_2254,-5.690,110.550,535.000,LD.UNH.,43.093,-70.865,142.576,1661.068,1691.796,1701.476,175.000,0.413,0.120,0.114,0.115,0.117,0.116,1.400,-4.600,0.646,-0.798,-1.000,0.543,0.543,-0.700,0.556,0.543,-0.800,0.554,0.543,-1.200,0.562,0.543,-1.200,0.563,0.543
20200706_2254,-5.690,110.550,535.000,CI.ERR.,33.117,-115.823,128.992,1579.489,1598.174,1603.797,176.000,2.037,0.529,0.560,0.555,0.554,0.550,-0.100,0.800,0.848,0.719,-0.100,0.941,0.941,0.400,0.923,0.941,0.000,0.929,0.941,0.100,0.926,0.941,0.300,0.926,0.941
20200706_2254,-5.690,110.550,535.000,BK.SCZ.00,36.598,-121.403,123.468,1544.615,1559.273,1563.639,177.000,4.823,0.460,0.511,0.515,0.511,0.512,0.300,0.900,0.862,0.922,0.300,0.745,0.745,0.400,0.751,0.745,0.100,0.740,0.745,0.200,0.748,0.745,0.300,0.744,0.745
20200706_2254,-5.690,110.550,535.000,NA.SABQ.,17.627,-63.249,166.613,1790.734,1849.584,1869.763,178.000,1.279,0.481,0.444,0.444,0.437,0.433,0.700,0.500,0.860,0.814,-0.100,0.910,0.910,-0.700,0.631,0.910,-0.800,0.664,0.910,-0.900,0.704,0.910,-0.900,0.678,0.910
20200706_2254,-5.690,110.550,535.000,TX.833A.,28.324,-99.394,143.713,1667.617,1699.490,1709.569,179.000,0.366,0.039,0.025,0.028,0.029,0.028,-0.100,2.400,0.741,0.926,1.500,0.179,0.179,1.000,0.195,0.179,0.700,0.202,0.179,0.600,0.200,0.179,0.600,0.197,0.179
20200706_2254,-5.690,110.550,535.000,LD.KSCT.,41.726,-73.484,143.785,1668.032,1699.980,1710.084,180.000,4.380,0.742,0.702,0.705,0.718,0.721,1.100,1.200,0.946,0.957,0.600,0.873,0.873,0.600,0.871,0.873,0.600,0.867,0.873,0.300,0.861,0.873,0.300,0.862,0.873
20200706_2254,-5.690,110.550,535.000,NM.UALR.,34.775,-92.343,144.049,1669.547,1701.764,1711.962,181.000,5.498,0.722,0.687,0.677,0.659,0.665,-0.400,-0.400,0.962,0.924,-1.100,0.833,0.833,-1.300,0.840,0.833,-1.500,0.831,0.833,-1.800,0.827,0.833,-1.700,0.830,0.833
20200706_2254,-5.690,110.550,535.000,CI.CAR.,35.308,-119.846,125.097,1555.005,1570.792,1575.507,182.000,4.276,0.458,0.472,0.455,0.457,0.461,-0.200,0.000,0.827,0.852,-0.300,0.635,0.635,-0.100,0.683,0.635,-0.300,0.665,0.635,-0.100,0.683,0.635,-0.100,0.675,0.635
20200706_2254,-5.690,110.550,535.000,CM.SMAR.00,11.164,-74.225,172.772,1821.008,1888.256,1911.846,183.000,1.860,0.378,0.377,0.378,0.375,0.377,-0.500,-0.800,0.855,0.892,-1.100,0.700,0.700,0.300,0.650,0.700,0.200,0.614,0.700,0.200,0.591,0.700,0.200,0.601,0.700
20200706_2254,-5.690,110.550,535.000,LD.GCMD.,39.562,-79.338,144.973,1674.832,1708.001,1718.534,184.000,5.308,0.652,0.690,0.681,0.657,0.654,0.500,0.500,0.904,0.946,-0.700,0.874,0.874,-0.400,0.876,0.874,-0.600,0.876,0.874,-1.000,0.875,0.874,-1.000,0.876,0.874
20200706_2254,-5.690,110.550,535.000,PY.BPH09.,33.613,-116.460,128.312,1575.253,1593.416,1598.873,185.000,5.313,0.470,0.510,0.501,0.502,0.505,-1.000,-1.000,0.894,0.878,-1.600,0.432,0.432,-1.100,0.470,0.432,-1.400,0.469,0.432,-1.300,0.473,0.432,-1.200,0.465,0.432
20200706_2254,-5.690,110.550,535.000,CI.EML.,32.891,-116.846,128.277,1575.031,1593.167,1598.616,186.000,3.854,0.460,0.447,0.444,0.452,0.448,-0.100,0.300,0.750,0.807,-0.200,0.331,0.331,0.200,0.346,0.331,-0.200,0.345,0.331,-0.100,0.352,0.331,0.000,0.346,0.331
20200706_2254,-5.690,110.550,535.000,BK.TULE.00,41.965,-121.467,121.443,1531.578,1544.899,1548.855,187.000,2.025,0.218,0.134,0.152,0.141,0.145,0.300,-4.800,0.490,0.496,0.400,0.646,0.646,-4.900,0.641,0.646,-5.100,0.627,0.646,-4.900,0.632,0.646,-5.000,0.631,0.646
20200706_2254,-5.690,110.550,535.000,1P.PEMO.,-47.851,-72.032,126.411,1563.322,1580.056,1585.066,188.000,2.953,0.248,0.351,0.345,0.314,0.325,0.900,1.200,0.786,0.723,0.600,0.797,0.797,0.400,0.801,0.797,0.400,0.802,0.797,0.400,0.805,0.797,0.300,0.804,0.797
20200706_2254,-5.690,110.550,535.000,BK.LCUV.00,35.652,-120.732,124.301,1549.939,1565.167,1569.710,189.000,2.738,0.485,0.412,0.439,0.438,0.437,0.100,0.800,0.511,0.233,0.600,0.458,0.458,0.900,0.555,0.458,0.600,0.524,0.458,0.700,0.542,0.458,0.800,0.533,0.458
20200706_2254,-5.690,110.550,535.000,C1.MT09.,-33.776,-70.989,140.507,1649.026,1677.725,1686.702,190.000,2.657,0.342,0.328,0.331,0.348,0.344,2.100,2.100,0.981,0.946,-0.400,0.670,0.670,0.200,0.594,0.670,0.100,0.597,0.670,-0.500,0.630,0.670,-0.500,0.622,0.670
20200706_2254,-5.690,110.550,535.000,NM.BLO.,39.172,-86.522,143.137,1664.302,1695.592,1705.467,191.000,5.476,0.706,0.723,0.718,0.708,0.707,-0.300,0.000,0.992,0.985,-0.800,0.895,0.895,-0.500,0.911,0.895,-0.600,0.914,0.895,-1.000,0.919,0.895,-1.000,0.920,0.895
20200706_2254,-5.690,110.550,535.000,OH.M53A.,41.439,-80.675,142.874,1662.788,1693.814,1703.597,192.000,3.952,0.786,0.805,0.808,0.794,0.800,0.000,0.100,0.846,0.886,-0.700,0.890,0.890,-0.400,0.889,0.890,-0.400,0.893,0.890,-0.900,0.890,0.890,-0.800,0.892,0.890
20200706_2254,-5.690,110.550,535.000,1P.LPRF.,-50.279,-70.810,124.019,1548.138,1563.171,1567.654,193.000,1.182,0.012,0.022,0.015,0.002,0.007,1.000,4.200,0.694,-0.833,0.700,0.726,0.726,0.800,0.708,0.726,0.800,0.710,0.726,0.700,0.720,0.726,0.600,0.716,0.726
20200706_2254,-5.690,110.550,535.000,CC.SVIC.,43.643,-121.253,120.911,1528.133,1541.115,1544.967,194.000,3.450,0.237,0.135,0.133,0.131,0.132,1.200,-3.300,0.727,-0.301,5.800,0.353,0.353,1.200,0.408,0.353,-8.400,0.401,0.353,-8.300,0.401,0.353,-8.300,0.392,0.353
20200706_2254,-5.690,110.550,535.000,NU.BOAB.,12.449,-85.666,162.629,1770.512,1824.170,1842.319,195.000,4.497,0.693,0.654,0.630,0.637,0.647,0.400,0.400,0.957,0.956,0.000,0.820,0.820,0.100,0.795,0.820,-0.500,0.762,0.820,-0.400,0.772,0.820,-0.100,0.785,0.820
20200706_2254,-5.690,110.550,535.000,1P.BRMY.,-52.143,-73.153,122.081,1535.704,1549.438,1553.520,196.000,1.970,0.274,0.219,0.222,0.236,0.241,-1.700,-1.700,0.750,0.733,-1.900,0.717,0.717,-2.000,0.729,0.717,-2.000,0.735,0.717,-2.000,0.753,0.717,-2.000,0.755,0.717
20200706_2254,-5.690,110.550,535.000,CI.GMA.,34.291,-116.383,128.115,1574.021,1592.033,1597.442,197.000,5.685,0.349,0.344,0.330,0.330,0.331,-1.300,-0.300,0.748,0.713,1.800,0.272,0.272,-0.100,0.278,0.272,-0.100,0.288,0.272,-0.100,0.291,0.272,-0.100,0.281,0.272
20200706_2254,-5.690,110.550,535.000,CX.PB02.,-21.320,-69.896,152.987,1719.504,1761.429,1775.140,198.000,4.379,0.037,0.204,0.188,0.154,0.168,0.800,-0.900,0.508,0.422,8.500,0.387,0.387,8.500,0.328,0.387,8.500,0.330,0.387,8.100,0.344,0.387,8.100,0.340,0.387
20200706_2254,-5.690,110.550,535.000,CI.DTP.,35.267,-117.846,126.633,1564.724,1581.622,1586.684,199.000,8.136,0.478,0.501,0.483,0.487,0.488,-1.200,-0.700,0.842,0.932,-0.700,0.594,0.594,-0.300,0.635,0.594,-0.700,0.612,0.594,-0.500,0.619,0.594,-0.500,0.615,0.594
20200706_2254,-5.690,110.550,535.000,NA.SEUS.,17.493,-62.981,166.610,1790.718,1849.564,1869.742,200.000,1.332,0.303,0.366,0.376,0.384,0.372,0.200,0.400,0.912,0.875,0.300,0.672,0.672,-0.600,0.577,0.672,-0.600,0.608,0.672,-0.700,0.647,0.672,-0.700,0.615,0.672
20200706_2254,-5.690,110.550,535.000,1P.ES3R.,-50.773,-72.426,123.478,1544.682,1559.346,1563.715,201.000,4.344,0.165,-0.018,-0.006,0.055,0.040,-1.000,-1.000,0.812,0.805,-1.300,0.712,0.712,-1.300,0.631,0.712,-1.300,0.643,0.712,-1.400,0.680,0.712,-1.400,0.676,0.712
20200706_2254,-5.690,110.550,535.000,CC.CLBH.,42.908,-122.143,120.613,1526.200,1538.994,1542.789,202.000,2.218,0.457,0.336,0.342,0.341,0.342,1.200,1.700,0.749,0.855,1.400,0.624,0.624,1.900,0.758,0.624,1.600,0.754,0.624,1.800,0.763,0.624,1.800,0.766,0.624
20200706_2254,-5.690,110.550,535.000,DR.SC01.,19.427,-70.728,166.206,1788.693,1847.005,1866.970,203.000,1.544,0.411,0.406,0.406,0.403,0.401,-0.600,-4.200,0.963,-0.579,-0.300,0.886,0.886,-0.200,0.881,0.886,-0.300,0.880,0.886,-0.400,0.868,0.886,-0.400,0.869,0.886
20200706_2254,-5.690,110.550,535.000,C.GO03.,-27.594,-70.235,146.708,1684.671,1719.664,1730.841,204.000,1.577,0.340,0.206,0.207,0.211,0.215,1.000,-4.700,0.690,-0.422,-0.400,0.700,0.700,0.100,0.629,0.700,0.000,0.635,0.700,-0.400,0.663,0.700,-0.300,0.662,0.700
20200706_2254,-5.690,110.550,535.000,CX.PB12.,-18.614,-70.328,155.681,1734.049,1779.120,1794.014,205.000,1.391,0.306,0.212,0.221,0.251,0.249,-4.200,-4.100,0.566,0.544,8.200,0.372,0.372,1.700,0.632,0.372,1.700,0.620,0.372,1.300,0.592,0.372,1.400,0.598,0.372
20200706_2254,-5.690,110.550,535.000,UU.SRU.01,39.111,-110.524,130.136,1586.594,1606.175,1612.085,206.000,8.323,0.588,0.623,0.619,0.614,0.618,-0.500,0.200,0.835,0.840,-0.300,0.578,0.578,0.100,0.537,0.578,-0.200,0.531,0.578,-0.100,0.524,0.578,-0.100,0.526,0.578
20200706_2254,-5.690,110.550,535.000,C1.BI02.,-36.663,-71.273,137.612,1631.950,1657.923,1665.971,207.000,1.832,0.336,0.366,0.364,0.372,0.381,1.500,1.400,0.911,0.848,-7.300,0.564,0.564,-7.300,0.588,0.564,-7.300,0.588,0.564,-7.400,0.582,0.564,-7.500,0.581,0.564
20200706_2254,-5.690,110.550,535.000,BK.WINE.00,36.670,-119.908,124.565,1551.623,1567.036,1571.635,208.000,2.183,0.474,0.440,0.468,0.470,0.469,1.200,0.800,0.942,0.867,1.200,0.832,0.832,1.600,0.819,0.832,1.100,0.808,0.832,1.300,0.814,0.832,1.400,0.814,0.832
20200706_2254,-5.690,110.550,535.000,ZC.CADR.00,19.667,-69.940,166.015,1787.730,1845.789,1865.654,209.000,1.957,0.057,0.070,0.068,0.053,0.056,-2.000,1.700,0.228,-0.530,-2.500,0.833,0.833,-2.400,0.859,0.833,-2.400,0.860,0.833,-2.600,0.858,0.833,-2.600,0.859,0.833
20200706_2254,-5.690,110.550,535.000,Y4.VB07.,-39.448,-71.939,134.804,1615.134,1638.589,1645.784,210.000,2.190,0.078,0.246,0.234,0.202,0.213,-8.600,-4.800,0.429,-0.482,-10.300,0.697,0.697,-10.400,0.651,0.697,-10.400,0.659,0.697,-10.600,0.690,0.697,-10.600,0.686,0.697
20200706_2254,-5.690,110.550,535.000,CI.GMR.,34.785,-115.660,128.471,1576.243,1594.527,1600.023,211.000,5.081,0.561,0.626,0.614,0.622,0.620,-1.000,-0.400,0.866,0.838,-0.800,0.577,0.577,-0.300,0.562,0.577,-0.700,0.565,0.577,-0.500,0.570,0.577,-0.500,0.564,0.577
20200706_2254,-5.690,110.550,535.000,SB.CPSLO.01,35.302,-120.667,124.470,1551.015,1566.361,1570.940,212.000,3.530,0.549,0.496,0.505,0.509,0.507,0.100,0.300,0.748,0.829,-0.100,0.727,0.727,0.200,0.778,0.727,-0.100,0.761,0.727,0.100,0.767,0.727,0.100,0.765,0.727
20200706_2254,-5.690,110.550,535.000,CI.CYP.,32.906,-116.627,128.442,1576.065,1594.327,1599.816,213.000,2.417,0.409,0.416,0.422,0.425,0.421,0.400,0.300,0.909,0.914,1.700,0.354,0.354,1.700,0.340,0.354,1.500,0.354,0.354,1.500,0.353,0.354,1.700,0.344,0.354
20200706_2254,-5.690,110.550,535.000,YB.MOJI.00,34.738,-115.955,128.267,1574.966,1593.094,1598.540,214.000,5.878,0.529,0.573,0.563,0.566,0.568,-0.800,-0.600,0.870,0.874,-0.600,0.562,0.562,-0.100,0.554,0.562,-0.500,0.556,0.562,-0.400,0.562,0.562,-0.300,0.556,0.562
20200706_2254,-5.690,110.550,535.000,CI.DLA.,33.848,-118.096,126.959,1566.775,1583.915,1589.051,215.000,1.749,0.337,0.266,0.299,0.281,0.280,1.800,2.000,0.671,0.688,1.700,0.927,0.927,2.100,0.903,0.927,1.700,0.919,0.927,1.900,0.916,0.927,1.900,0.915,0.927
20200706_2254,-5.690,110.550,535.000,CC.KWBU.,43.752,-121.312,120.827,1527.591,1540.520,1544.356,216.000,3.151,0.150,0.148,0.147,0.144,0.146,0.900,-3.600,0.666,-0.636,6.800,0.430,0.430,-7.700,0.441,0.430,-8.000,0.459,0.430,-7.900,0.450,0.430,-7.900,0.448,0.430
20200706_2254,-5.690,110.550,535.000,BK.YUBA.00,39.338,-120.537,123.112,1542.332,1556.748,1561.040,217.000,10.512,0.497,0.445,0.444,0.445,0.446,0.600,0.900,0.726,0.902,0.700,0.546,0.546,1.000,0.582,0.546,0.700,0.549,0.546,0.900,0.561,0.546,0.900,0.558,0.546
20200706_2254,-5.690,110.550,535.000,CN.GAC.,45.703,-75.478,139.646,1643.973,1671.847,1680.542,218.000,5.312,0.599,0.644,0.633,0.609,0.616,0.100,0.300,0.938,0.904,-0.800,0.896,0.896,-0.500,0.895,0.896,-0.700,0.892,0.896,-1.000,0.889,0.896,-0.900,0.889,0.896
20200706_2254,-5.690,110.550,535.000,CI.HYS.,34.865,-117.570,126.993,1566.990,1584.154,1589.299,219.000,3.876,0.633,0.600,0.595,0.597,0.602,-0.700,-0.400,0.880,0.921,-0.600,0.743,0.743,-0.400,0.784,0.743,-0.700,0.769,0.743,-0.600,0.775,0.743,-0.500,0.772,0.743
20200706_2254,-5.690,110.550,535.000,CI.GLA.,33.051,-114.827,129.788,1584.434,1603.741,1609.562,220.000,4.074,0.525,0.509,0.487,0.492,0.502,-1.200,-1.200,0.730,0.725,-1.500,0.810,0.810,-1.200,0.778,0.810,-1.600,0.777,0.810,-1.500,0.775,0.810,-1.400,0.774,0.810
20200706_2254,-5.690,110.550,535.000,PY.BPH13.,33.609,-116.460,128.314,1575.260,1593.424,1598.882,221.000,5.051,0.468,0.505,0.497,0.498,0.500,-0.900,-0.900,0.885,0.867,-1.300,0.382,0.382,-0.900,0.420,0.382,-1.200,0.420,0.382,-1.100,0.424,0.382,-1.000,0.416,0.382
20200706_2254,-5.690,110.550,535.000,C1.MT02.,-33.259,-71.138,141.018,1652.013,1681.206,1690.354,222.000,2.087,0.417,0.443,0.447,0.455,0.456,2.200,1.800,0.821,0.778,0.900,0.560,0.560,0.700,0.958,0.560,0.700,0.955,0.560,0.100,0.936,0.560,0.200,0.939,0.560
20200706_2254,-5.690,110.550,535.000,CC.CIHL.,43.751,-121.149,120.935,1528.292,1541.289,1545.146,223.000,4.698,0.404,0.296,0.296,0.292,0.291,1.600,1.500,0.915,0.913,0.600,0.541,0.541,1.500,0.617,0.541,1.400,0.620,0.541,1.500,0.618,0.541,1.600,0.626,0.541
20200706_2254,-5.690,110.550,535.000,AZ.KNW.,33.714,-116.712,128.080,1573.801,1591.786,1597.187,224.000,5.511,0.556,0.555,0.552,0.551,0.556,0.200,0.100,0.952,0.956,-0.400,0.741,0.741,0.100,0.772,0.741,-0.200,0.770,0.741,-0.100,0.773,0.741,0.000,0.768,0.741
20200706_2254,-5.690,110.550,535.000,CC.WIFE.,44.060,-121.817,120.369,1524.615,1537.256,1541.005,225.000,4.515,0.418,0.391,0.386,0.390,0.392,0.200,-0.100,0.558,0.572,-0.100,0.783,0.783,-0.100,0.769,0.783,-0.100,0.767,0.783,-0.100,0.773,0.783,-0.100,0.774,0.783
20200706_2254,-5.690,110.550,535.000,DK.NRS.,61.160,-45.419,121.684,1533.142,1546.618,1550.621,226.000,2.628,0.351,0.375,0.373,0.372,0.373,-2.200,-2.200,0.695,0.649,3.200,0.430,0.430,-1.600,0.440,0.430,-1.800,0.442,0.430,-1.800,0.450,0.430,-1.800,0.451,0.430
20200706_2254,-5.690,110.550,535.000,NA.SMRT.,18.050,-63.075,166.161,1788.464,1846.716,1866.657,227.000,1.046,0.005,0.015,0.016,0.017,0.017,-11.300,2.900,0.215,-0.857,8.300,0.758,0.758,7.500,0.676,0.758,7.600,0.695,0.758,7.500,0.718,0.758,7.400,0.702,0.758
20200706_2254,-5.690,110.550,535.000,C1.MT14.,-33.396,-70.536,140.901,1651.329,1680.408,1689.516,228.000,2.039,0.298,0.311,0.310,0.323,0.324,2.600,2.500,0.580,0.593,-1.900,0.825,0.825,1.300,0.624,0.825,1.200,0.626,0.825,0.700,0.645,0.825,0.700,0.643,0.825
20200706_2254,-5.690,110.550,535.000,GT.LPAZ.00,-16.288,-68.131,157.983,1746.308,1794.148,1810.084,229.000,2.948,0.237,0.289,0.291,0.305,0.305,1.400,1.300,0.941,0.852,0.700,0.717,0.717,0.800,0.730,0.717,0.800,0.734,0.717,0.500,0.737,0.717,0.500,0.738,0.717
20200706_2254,-5.690,110.550,535.000,IM.TKL.,35.658,-83.774,147.264,1687.808,1723.393,1734.782,230.000,3.191,0.674,0.659,0.642,0.612,0.607,-0.900,-0.700,0.956,0.965,-1.300,0.933,0.933,-1.400,0.936,0.933,-1.500,0.933,0.933,-1.800,0.928,0.933,-1.800,0.928,0.933
20200706_2254,-5.690,110.550,535.000,CI.CGO.,36.550,-117.803,126.176,1561.837,1578.399,1583.355,231.000,3.499,0.444,0.456,0.442,0.440,0.441,-1.200,-1.500,0.631,0.649,2.800,0.486,0.486,3.000,0.518,0.486,2.700,0.530,0.486,2.900,0.530,0.486,2.900,0.523,0.486
20200706_2254,-5.690,110.550,535.000,1P.TRLG.,-49.476,-71.573,124.803,1553.141,1568.720,1573.372,232.000,1.279,0.300,0.501,0.494,0.457,0.458,0.600,0.600,0.521,0.455,-0.200,0.836,0.836,0.100,0.852,0.836,0.100,0.852,0.836,-0.100,0.850,0.836,0.000,0.850,0.836
20200706_2254,-5.690,110.550,535.000,LD.FRNY.,44.835,-73.588,140.688,1650.088,1678.961,1687.999,233.000,6.720,0.670,0.735,0.737,0.734,0.728,0.700,0.700,0.981,0.982,-0.500,0.924,0.924,-0.300,0.934,0.924,-0.400,0.938,0.924,-0.700,0.943,0.924,-0.700,0.943,0.924
20200706_2254,-5.690,110.550,535.000,C.GO01.,-19.669,-69.194,154.640,1728.457,1772.303,1786.735,234.000,0.338,-0.015,-0.016,-0.016,-0.014,-0.015,-0.100,-4.000,0.631,0.988,2.600,0.459,0.459,2.600,0.586,0.459,2.600,0.581,0.459,2.300,0.571,0.459,2.300,0.576,0.459
20200706_2254,-5.690,110.550,535.000,CI.GSC.,35.302,-116.806,127.405,1569.575,1587.048,1592.289,235.000,7.120,0.665,0.641,0.634,0.639,0.639,-0.400,-0.200,0.931,0.955,-0.600,0.785,0.785,-0.200,0.825,0.785,-0.500,0.816,0.785,-0.300,0.820,0.785,-0.300,0.816,0.785
20200706_2254,-5.690,110.550,535.000,Y4.VB01.,-39.407,-71.968,134.843,1615.371,1638.860,1646.067,236.000,1.506,0.219,0.244,0.242,0.251,0.248,2.800,-1.100,0.604,-0.154,-10.600,0.437,0.437,-10.600,0.412,0.437,-10.700,0.417,0.437,-11.000,0.459,0.437,-10.900,0.451,0.437
20200706_2254,-5.690,110.550,535.000,CX.PB06.,-22.706,-69.572,151.604,1711.946,1752.295,1765.420,237.000,2.011,0.227,0.244,0.241,0.229,0.233,-0.200,0.200,0.670,0.730,-1.100,0.784,0.784,-1.100,0.712,0.784,-1.100,0.720,0.784,-1.600,0.779,0.784,-1.500,0.777,0.784
20200706_2254,-5.690,110.550,535.000,C.GO05.,-35.010,-71.930,139.233,1641.544,1669.027,1677.589,238.000,2.282,0.173,0.238,-0.066,0.011,-0.004,0.900,1.600,0.811,0.834,-10.600,0.366,0.366,-3.000,0.623,0.366,-4.600,0.525,0.366,-5.100,0.377,0.366,-5.000,0.399,0.366
20200706_2254,-5.690,110.550,535.000,Y4.VB08.,-39.469,-71.862,134.786,1615.030,1638.469,1645.660,239.000,1.559,0.061,0.075,0.074,0.072,0.072,-0.100,-2.900,0.917,0.928,2.800,0.322,0.322,2.500,0.363,0.322,2.500,0.362,0.322,2.300,0.357,0.322,2.300,0.360,0.322
20200706_2254,-5.690,110.550,535.000,CI.DGR.,33.650,-117.009,127.874,1572.510,1590.337,1595.689,240.000,4.758,0.607,0.553,0.550,0.556,0.564,-0.400,-0.500,0.849,0.789,-1.000,0.805,0.805,-0.600,0.825,0.805,-0.900,0.813,0.805,-0.800,0.819,0.805,-0.700,0.817,0.805
20200706_2254,-5.690,110.550,535.000,CC.CPCO.,43.722,-121.233,120.892,1528.008,1540.977,1544.826,241.000,4.105,0.412,0.432,0.427,0.420,0.420,1.100,-3.100,0.844,-0.369,0.000,0.700,0.700,0.700,0.694,0.700,0.500,0.687,0.700,0.600,0.673,0.700,0.700,0.678,0.700
20200706_2254,-5.690,110.550,535.000,CC.TMBU.,43.602,-121.145,121.000,1528.709,1541.746,1545.616,242.000,3.383,0.339,0.230,0.232,0.227,0.228,1.500,-4.100,0.424,-0.538,7.500,0.555,0.555,8.100,0.488,0.555,8.000,0.497,0.555,8.100,0.488,0.555,8.100,0.482,0.555
20200706_2254,-5.690,110.550,535.000,BK.VAK.00,37.878,-122.249,122.395,1537.729,1551.669,1555.814,243.000,5.737,0.582,0.501,0.498,0.499,0.498,0.000,0.500,0.835,0.902,0.300,0.746,0.746,0.400,0.773,0.746,0.300,0.753,0.746,0.500,0.763,0.746,0.400,0.759,0.746
20200706_2254,-5.690,110.550,535.000,PY.BPH01.,33.611,-116.455,128.316,1575.278,1593.444,1598.902,244.000,4.980,0.455,0.495,0.483,0.483,0.486,-1.000,-1.000,0.868,0.858,-1.500,0.343,0.343,-0.900,0.381,0.343,-1.300,0.381,0.343,-1.200,0.385,0.343,-1.100,0.377,0.343
20200706_2254,-5.690,110.550,535.000,C1.AY05.,-45.151,-73.512,129.029,1579.720,1598.435,1604.067,245.000,1.598,0.108,0.153,0.150,0.133,0.137,0.200,0.500,0.952,0.959,-0.300,0.908,0.908,-0.100,0.873,0.908,-0.200,0.875,0.908,-0.400,0.877,0.908,-0.400,0.875,0.908
20200706_2254,-5.690,110.550,535.000,IM.TX31.,29.334,-103.668,139.987,1645.979,1674.178,1682.984,246.000,4.189,0.443,0.376,0.335,0.341,0.337,-0.300,-4.300,0.878,-0.757,-1.300,0.727,0.727,-1.300,0.772,0.727,-1.700,0.778,0.727,-1.700,0.775,0.727,-1.700,0.772,0.727
20200706_2254,-5.690,110.550,535.000,BK.SHEP.00,41.783,-121.839,121.259,1530.387,1543.590,1547.510,247.000,4.335,0.350,0.492,0.476,0.465,0.467,-5.600,-1.400,0.641,-0.682,-5.900,0.626,0.626,-5.300,0.658,0.626,-5.500,0.655,0.626,-5.300,0.646,0.626,-5.300,0.650,0.626
20200706_2254,-5.690,110.550,535.000,BK.RUSS.00,38.545,-121.867,122.442,1538.030,1552.001,1556.156,248.000,2.820,0.568,0.554,0.562,0.562,0.560,0.100,0.500,0.898,0.899,0.100,0.792,0.792,0.100,0.891,0.792,0.000,0.872,0.792,0.200,0.872,0.792,0.100,0.872,0.792
20200706_2254,-5.690,110.550,535.000,NA.SEUG.,17.478,-62.974,166.619,1790.765,1849.623,1869.805,249.000,2.296,0.441,0.592,0.604,0.597,0.589,0.200,0.500,0.858,0.838,0.300,0.840,0.840,-0.500,0.908,0.840,-0.500,0.925,0.840,-0.600,0.934,0.840,-0.600,0.922,0.840
20200706_2254,-5.690,110.550,535.000,CI.BAK.,35.344,-119.104,125.650,1558.511,1574.692,1579.531,250.000,2.659,0.364,0.369,0.367,0.380,0.375,-1.600,2.500,0.418,-0.067,4.900,0.613,0.613,5.300,0.640,0.613,5.000,0.645,0.613,5.200,0.647,0.613,5.200,0.647,0.613
20200706_2254,-5.690,110.550,535.000,BK.BDM.00,37.954,-121.866,122.652,1539.382,1553.492,1557.690,251.000,6.404,0.595,0.543,0.576,0.581,0.574,0.200,0.300,0.977,0.991,0.300,0.807,0.807,0.200,0.893,0.807,0.000,0.868,0.807,0.200,0.872,0.807,0.200,0.872,0.807
20200706_2254,-5.690,110.550,535.000,SC.Y22A.,33.937,-106.965,135.250,1617.822,1641.666,1648.994,252.000,3.081,0.564,0.566,0.574,0.578,0.573,0.100,0.500,0.924,0.932,-0.600,0.735,0.735,-0.400,0.754,0.735,-0.700,0.754,0.735,-0.700,0.744,0.735,-0.800,0.749,0.735
20200706_2254,-5.690,110.550,535.000,CI.CWP.,33.558,-117.558,127.481,1570.053,1587.584,1592.842,253.000,3.491,0.489,0.495,0.501,0.502,0.502,-1.500,0.300,0.763,0.509,-0.100,0.604,0.604,0.100,0.635,0.604,-0.300,0.644,0.604,-0.100,0.647,0.604,0.000,0.641,0.604
20200706_2254,-5.690,110.550,535.000,MX.HSIG.,29.020,-110.949,134.411,1612.762,1635.876,1642.957,254.000,7.394,0.597,0.628,0.594,0.603,0.616,0.200,0.300,0.740,0.821,-0.700,0.951,0.951,-0.500,0.939,0.951,-0.900,0.941,0.951,-0.800,0.943,0.951,-0.600,0.943,0.951
20200706_2254,-5.690,110.550,535.000,CI.BEL.,34.001,-115.998,128.521,1576.552,1594.874,1600.382,255.000,8.334,0.507,0.581,0.568,0.569,0.572,-0.900,-0.200,0.859,0.874,-0.800,0.517,0.517,-0.300,0.521,0.517,-0.600,0.529,0.517,-0.500,0.531,0.517,-0.400,0.525,0.517
20200706_2254,-5.690,110.550,535.000,C1.VA05.,-33.657,-71.614,140.600,1649.568,1678.356,1687.364,256.000,0.351,-0.028,0.001,0.001,-0.024,-0.024,1.600,-5.000,0.771,-0.588,-5.000,0.298,0.298,5.900,0.201,0.298,5.800,0.200,0.298,-4.900,0.294,0.298,-4.800,0.291,0.298
20200706_2254,-5.690,110.550,535.000,CX.PB05.,-22.853,-70.202,151.448,1711.088,1751.260,1764.320,257.000,1.386,0.125,0.038,0.045,0.072,0.070,3.100,-2.200,0.748,-0.719,1.300,0.741,0.741,1.300,0.772,0.741,1.300,0.772,0.741,1.000,0.746,0.741,1.000,0.746,0.741
20200706_2254,-5.690,110.550,535.000,CI.HAY.,33.707,-115.639,128.909,1578.972,1597.594,1603.196,258.000,4.143,0.575,0.625,0.620,0.616,0.618,0.100,0.200,0.978,0.977,-0.100,0.798,0.798,0.300,0.784,0.798,-0.100,0.796,0.798,0.000,0.793,0.798,0.100,0.789,0.798
20200706_2254,-5.690,110.550,535.000,AZ.SMER.,33.458,-117.171,127.818,1572.165,1589.951,1595.289,259.000,4.530,0.572,0.559,0.562,0.567,0.564,0.600,0.400,0.799,0.721,-0.100,0.449,0.449,0.400,0.476,0.449,-0.100,0.464,0.449,0.100,0.471,0.449,0.100,0.466,0.449
20200706_2254,-5.690,110.550,535.000,MX.MOIG.,19.647,-101.227,146.099,1681.227,1715.577,1726.525,260.000,2.503,0.341,0.319,0.380,0.365,0.333,-2.900,-3.200,0.475,0.366,2.500,0.670,0.670,2.300,0.653,0.670,1.600,0.656,0.670,1.700,0.664,0.670,2.200,0.653,0.670
20200706_2254,-5.690,110.550,535.000,CC.PRLK.,44.210,-121.963,120.213,1523.599,1536.143,1539.862,261.000,4.535,0.481,0.426,0.428,0.436,0.432,0.500,-4.100,0.682,-0.151,4.900,0.669,0.669,4.800,0.749,0.669,4.600,0.771,0.669,4.700,0.769,0.669,4.700,0.771,0.669
20200706_2254,-5.690,110.550,535.000,BK.PKD.00,35.945,-120.542,124.345,1550.220,1565.480,1570.032,262.000,4.149,0.582,0.537,0.541,0.560,0.554,-1.200,-0.600,0.749,0.741,-1.300,0.684,0.684,-0.900,0.656,0.684,-1.300,0.653,0.684,-1.100,0.655,0.684,-1.100,0.653,0.684
20200706_2254,-5.690,110.550,535.000,PY.BPH07.,33.608,-116.455,128.318,1575.286,1593.452,1598.911,263.000,5.006,0.442,0.487,0.474,0.474,0.477,-0.900,-1.000,0.860,0.834,-1.600,0.312,0.312,-1.100,0.350,0.312,-1.500,0.350,0.312,-1.300,0.354,0.312,-1.300,0.346,0.312
20200706_2254,-5.690,110.550,535.000,CI.HOL.,34.458,-117.845,126.933,1566.610,1583.730,1588.861,264.000,3.675,0.536,0.525,0.519,0.526,0.526,-0.300,-0.300,0.853,0.914,-0.500,0.721,0.721,-0.200,0.757,0.721,-0.500,0.740,0.721,-0.300,0.746,0.721,-0.300,0.743,0.721
20200706_2254,-5.690,110.550,535.000,LD.CCNY.,42.927,-78.855,141.845,1656.828,1686.831,1696.258,265.000,5.123,0.705,0.719,0.716,0.704,0.703,0.200,0.100,0.923,0.937,-0.800,0.959,0.959,-0.500,0.969,0.959,-0.700,0.968,0.959,-1.000,0.968,0.959,-1.000,0.969,0.959
20200706_2254,-5.690,110.550,535.000,GT.CPUP.00,-26.331,-57.331,145.892,1680.054,1714.185,1725.056,266.000,3.073,0.272,0.151,0.155,0.150,0.155,-1.100,-1.600,0.631,0.634,-2.100,0.790,0.790,-0.400,0.411,0.790,-0.600,0.403,0.790,11.800,0.389,0.790,-1.000,0.389,0.790
20200706_2254,-5.690,110.550,535.000,BK.FORD.00,36.688,-121.781,123.152,1542.594,1557.038,1561.338,267.000,3.136,0.340,0.284,0.301,0.307,0.307,-1.100,-3.800,0.637,-0.570,-0.500,0.683,0.683,-0.300,0.670,0.683,-0.600,0.653,0.683,-0.500,0.661,0.683,-0.400,0.664,0.683
20200706_2254,-5.690,110.550,535.000,NM.FFIL.00,38.381,-88.390,143.069,1663.914,1695.136,1704.987,268.000,5.718,0.731,0.725,0.723,0.725,0.721,0.400,0.500,0.958,0.966,-0.600,0.840,0.840,-0.200,0.844,0.840,-0.400,0.845,0.840,-0.700,0.859,0.840,-0.700,0.858,0.840
20200706_2254,-5.690,110.550,535.000,CX.PB01.,-21.043,-69.487,153.267,1721.026,1763.274,1777.105,269.000,2.372,0.278,0.216,0.218,0.221,0.219,-4.500,0.700,0.449,0.202,-5.600,0.475,0.475,-5.400,0.455,0.475,-5.500,0.467,0.475,-5.800,0.505,0.475,-5.800,0.501,0.475
20200706_2254,-5.690,110.550,535.000,BK.INGL.00,39.529,-123.698,120.766,1527.194,1540.084,1543.909,270.000,4.537,0.505,0.481,0.478,0.480,0.484,0.100,0.300,0.837,0.832,-0.200,0.762,0.762,-0.100,0.769,0.762,-0.100,0.760,0.762,-0.100,0.765,0.762,-0.100,0.767,0.762
20200706_2254,-5.690,110.550,535.000,AZ.CRY.,33.565,-116.737,128.115,1574.022,1592.034,1597.444,271.000,3.632,0.468,0.479,0.460,0.466,0.466,-0.700,-0.600,0.818,0.826,-1.100,0.405,0.405,-0.700,0.445,0.405,-1.100,0.446,0.405,-0.900,0.448,0.405,-0.900,0.443,0.405
20200706_2254,-5.690,110.550,535.000,C1.MG02.,-52.781,-69.224,121.529,1532.136,1545.512,1549.485,272.000,2.736,0.172,0.175,0.179,0.181,0.176,-1.400,-4.600,0.859,-0.879,4.500,0.561,0.561,5.100,0.640,0.561,5.000,0.638,0.561,4.900,0.630,0.561,4.800,0.639,0.561
20200706_2254,-5.690,110.550,535.000,C1.BO03.,-34.496,-71.961,139.744,1644.552,1672.520,1681.246,273.000,1.460,0.048,0.291,0.287,0.262,0.268,1.800,2.100,0.888,0.934,1.900,0.508,0.508,8.400,0.507,0.508,8.400,0.509,0.508,7.800,0.532,0.508,7.900,0.530,0.508
20200706_2254,-5.690,110.550,535.000,C1.MT12.,-33.733,-70.549,140.564,1649.358,1678.111,1687.107,274.000,1.631,0.361,0.383,0.380,0.376,0.371,2.200,2.500,0.753,0.674,-1.800,0.833,0.833,-1.100,0.850,0.833,-1.300,0.854,0.833,-1.600,0.867,0.833,-1.600,0.867,0.833
20200706_2254,-5.690,110.550,535.000,C1.MT10.,-33.273,-70.537,141.024,1652.046,1681.244,1690.394,275.000,0.347,-0.015,-0.009,-0.008,-0.006,-0.007,2.900,-4.800,0.733,-0.671,-4.300,0.132,0.132,6.200,0.159,0.132,6.200,0.159,0.132,5.700,0.161,0.132,5.700,0.160,0.132
20200706_2254,-5.690,110.550,535.000,BK.BKS.00,37.876,-122.236,122.406,1537.795,1551.742,1555.889,276.000,5.731,0.580,0.506,0.504,0.505,0.504,0.000,0.600,0.835,0.881,0.400,0.726,0.726,0.500,0.773,0.726,0.300,0.753,0.726,0.500,0.764,0.726,0.400,0.759,0.726
20200706_2254,-5.690,110.550,535.000,CI.DEC.,34.254,-118.334,126.631,1564.709,1581.605,1586.666,277.000,3.373,0.443,0.466,0.467,0.462,0.461,0.000,1.300,0.760,0.739,0.900,0.540,0.540,1.100,0.581,0.540,0.900,0.569,0.540,1.000,0.575,0.540,1.100,0.570,0.540
20200706_2254,-5.690,110.550,535.000,YB.MOJP.00,34.757,-115.817,128.364,1575.573,1593.775,1599.245,278.000,5.509,0.428,0.516,0.505,0.509,0.513,-1.700,-1.000,0.792,0.793,-1.800,0.434,0.434,-1.400,0.441,0.434,-1.700,0.456,0.434,-1.600,0.457,0.434,-1.600,0.451,0.434
20200706_2254,-5.690,110.550,535.000,CC.SWNB.,43.673,-121.355,120.831,1527.618,1540.549,1544.386,279.000,2.587,0.352,0.406,0.390,0.376,0.383,1.000,-4.100,0.770,-0.404,1.700,0.332,0.332,2.000,0.496,0.332,1.500,0.470,0.332,2.000,0.500,0.332,2.000,0.493,0.332
20200706_2254,-5.690,110.550,535.000,AZ.SIO5.,32.841,-117.250,127.978,1573.162,1591.069,1596.446,280.000,3.473,0.440,0.421,0.426,0.426,0.425,0.500,0.600,0.556,0.729,-0.100,0.665,0.665,0.300,0.645,0.665,-0.100,0.648,0.665,0.100,0.647,0.665,0.100,0.647,0.665
20200706_2254,-5.690,110.550,535.000,ZC.ABDR.,18.812,-70.627,166.828,1791.811,1850.946,1871.240,281.000,0.348,0.023,0.016,0.017,0.019,0.018,-11.000,-5.200,0.219,0.568,-8.000,0.362,0.362,-8.100,0.361,0.362,-8.100,0.365,0.362,-8.200,0.377,0.362,-8.300,0.375,0.362
20200706_2254,-5.690,110.550,535.000,AZ.LVA2.,33.352,-116.562,128.331,1575.367,1593.543,1599.005,282.000,4.165,0.404,0.443,0.433,0.432,0.432,0.000,0.000,0.660,0.712,0.300,0.347,0.347,0.500,0.355,0.347,0.200,0.365,0.347,0.300,0.366,0.347,0.400,0.359,0.347
20200706_2254,-5.690,110.550,535.000,YB.MOJR.00,34.760,-115.774,128.395,1575.768,1593.994,1599.471,283.000,5.386,0.487,0.583,0.577,0.579,0.583,-1.100,-0.900,0.827,0.850,-1.200,0.458,0.458,-0.700,0.456,0.458,-1.100,0.463,0.458,-1.000,0.468,0.458,-0.900,0.461,0.458
20200706_2254,-5.690,110.550,535.000,YB.MOJM.00,34.752,-115.879,128.319,1575.291,1593.459,1598.917,284.000,4.636,0.456,0.500,0.479,0.493,0.499,-0.900,-0.900,0.876,0.899,-1.400,0.500,0.500,-1.000,0.516,0.500,-1.400,0.523,0.500,-1.300,0.527,0.500,-1.200,0.521,0.500
20200706_2254,-5.690,110.550,535.000,MX.SRIG.,27.320,-112.241,133.969,1610.085,1632.821,1639.773,285.000,4.235,0.531,0.524,0.493,0.506,0.516,-1.300,-0.300,0.760,0.773,-1.400,0.745,0.745,-1.200,0.733,0.745,-1.700,0.743,0.745,-1.500,0.737,0.745,-1.300,0.737,0.745
20200706_2254,-5.690,110.550,535.000,CI.BLA2.,34.069,-116.390,128.194,1574.515,1592.587,1598.016,286.000,3.800,0.426,0.387,0.387,0.390,0.392,-0.300,-0.300,0.864,0.895,-0.900,0.382,0.382,-0.500,0.414,0.382,-0.800,0.413,0.382,-0.700,0.417,0.382,-0.600,0.411,0.382
20200706_2254,-5.690,110.550,535.000,CI.BFS.,34.239,-117.659,127.157,1568.017,1585.304,1590.486,287.000,3.046,0.493,0.496,0.498,0.499,0.498,-2.000,0.200,0.821,0.596,0.300,0.384,0.384,0.500,0.419,0.384,0.200,0.427,0.384,0.300,0.430,0.384,0.400,0.421,0.384
20200706_2254,-5.690,110.550,535.000,PY.BPH03.,33.610,-116.455,128.317,1575.280,1593.446,1598.904,288.000,5.168,0.462,0.504,0.492,0.492,0.495,-0.900,-1.000,0.868,0.851,-1.500,0.358,0.358,-0.900,0.396,0.358,-1.300,0.396,0.358,-1.200,0.400,0.358,-1.100,0.392,0.358
20200706_2254,-5.690,110.550,535.000,1P.TDPA.,-51.132,-73.118,123.090,1542.195,1556.598,1560.885,289.000,2.222,0.141,0.190,0.187,0.174,0.178,0.800,-5.200,0.473,-0.333,-2.100,0.438,0.438,-9.800,0.371,0.438,-9.800,0.368,0.438,-2.200,0.373,0.438,-2.300,0.370,0.438
20200706_2254,-5.690,110.550,535.000,YB.MOJN.00,34.755,-115.860,128.332,1575.373,1593.551,1599.012,290.000,4.894,0.407,0.486,0.464,0.477,0.482,-1.400,-1.400,0.897,0.906,-2.100,0.504,0.504,-1.600,0.523,0.504,-2.000,0.532,0.504,-1.800,0.534,0.504,-1.700,0.527,0.504
20200706_2254,-5.690,110.550,535.000,CI.BBS.,33.921,-116.981,127.796,1572.023,1589.792,1595.125,291.000,3.526,0.475,0.440,0.419,0.434,0.431,-0.600,-0.500,0.872,0.889,-1.100,0.765,0.765,-0.700,0.788,0.765,-1.100,0.784,0.765,-0.900,0.784,0.765,-0.900,0.785,0.765
20200706_2254,-5.690,110.550,535.000,CI.FDR.,35.643,-118.934,125.671,1558.646,1574.842,1579.685,292.000,2.204,0.300,0.407,0.423,0.422,0.420,-0.100,0.600,0.927,0.918,1.300,0.491,0.491,1.700,0.476,0.491,1.400,0.474,0.491,1.600,0.475,0.491,1.600,0.470,0.491
20200706_2254,-5.690,110.550,535.000,CI.COA.,32.863,-115.123,129.630,1583.460,1602.643,1608.424,293.000,2.419,0.420,0.495,0.470,0.474,0.468,-0.900,3.100,0.858,-0.808,-2.000,0.926,0.926,-1.600,0.912,0.926,-1.900,0.915,0.926,-1.800,0.911,0.926,-1.800,0.912,0.926
20200706_2254,-5.690,110.550,535.000,ZC.SC01.00,19.427,-70.728,166.206,1788.693,1847.005,1866.970,294.000,1.544,0.411,0.406,0.406,0.403,0.401,-0.600,-4.200,0.963,-0.579,-0.300,0.886,0.886,-0.200,0.881,0.886,-0.300,0.880,0.886,-0.400,0.868,0.886,-0.400,0.869,0.886
20200706_2254,-5.690,110.550,535.000,OH.P52A.,39.634,-82.132,144.183,1670.314,1702.668,1712.915,295.000,6.653,0.755,0.767,0.772,0.776,0.778,0.700,0.800,0.958,0.951,0.000,0.928,0.928,0.200,0.933,0.928,0.000,0.931,0.928,-0.300,0.931,0.928,-0.200,0.933,0.928
20200706_2254,-5.690,110.550,535.000,PR.HUMP.,18.142,-65.849,167.061,1792.978,1852.424,1872.841,296.000,1.349,0.356,0.289,0.309,0.352,0.344,2.300,2.400,0.699,0.904,1.700,0.672,0.672,1.400,0.607,0.672,1.300,0.624,0.672,1.100,0.662,0.672,1.100,0.649,0.672
20200706_2254,-5.690,110.550,535.000,LD.MMNY.,42.732,-77.907,142.209,1658.940,1689.303,1698.855,297.000,3.260,0.710,0.725,0.725,0.722,0.726,0.300,0.400,0.974,0.979,-0.500,0.917,0.917,-0.200,0.919,0.917,-0.400,0.918,0.917,-0.700,0.925,0.917,-0.700,0.923,0.917
20200706_2254,-5.690,110.550,535.000,AZ.RDM.,33.630,-116.848,128.006,1573.338,1591.267,1596.650,298.000,4.100,0.504,0.470,0.478,0.483,0.479,0.400,0.700,0.808,0.883,0.000,0.741,0.741,0.500,0.806,0.741,0.100,0.794,0.741,0.300,0.802,0.741,0.300,0.799,0.741
20200706_2254,-5.690,110.550,535.000,BK.MTOS.00,37.505,-121.328,123.208,1542.954,1557.436,1561.748,299.000,5.012,0.598,0.653,0.640,0.646,0.651,-0.400,0.000,0.892,0.952,-0.100,0.790,0.790,-0.100,0.833,0.790,-0.400,0.809,0.790,-0.200,0.821,0.790,-0.200,0.821,0.790
20200706_2254,-5.690,110.550,535.000,CI.GOR.,33.154,-117.229,127.882,1572.565,1590.400,1595.754,300.000,3.976,0.370,0.384,0.377,0.381,0.381,-0.400,-0.500,0.739,0.794,4.100,0.442,0.442,4.500,0.422,0.442,4.100,0.443,0.442,4.200,0.443,0.442,4.300,0.436,0.442
20200706_2254,-5.690,110.550,535.000,CC.HUSB.,44.119,-121.849,120.324,1524.321,1536.934,1540.674,301.000,3.272,0.460,0.584,0.569,0.559,0.562,0.800,0.800,0.790,0.899,-0.100,0.677,0.677,0.400,0.707,0.677,0.000,0.713,0.677,0.300,0.688,0.677,0.400,0.690,0.677
20200706_2254,-5.690,110.550,535.000,C1.CO10.,-29.241,-71.461,145.016,1675.075,1708.289,1718.837,302.000,2.128,0.076,0.230,0.226,0.201,0.207,-2.100,-1.600,0.742,0.767,-3.300,0.751,0.751,-2.300,0.828,0.751,-2.400,0.815,0.751,-3.000,0.762,0.751,-3.000,0.766,0.751
20200706_2254,-5.690,110.550,535.000,CX.PX06.,-23.512,-70.250,150.788,1707.456,1746.888,1759.675,303.000,1.187,0.013,0.228,0.214,0.180,0.191,-5.600,-2.300,0.571,-0.571,2.900,0.591,0.591,0.800,0.541,0.591,0.700,0.541,0.591,0.400,0.535,0.591,0.400,0.535,0.591
20200706_2254,-5.690,110.550,535.000,PY.BPH10.,33.612,-116.452,128.319,1575.291,1593.459,1598.917,304.000,5.153,0.460,0.505,0.493,0.498,0.496,-0.900,-1.000,0.876,0.865,-1.500,0.352,0.352,-1.000,0.389,0.352,-1.400,0.390,0.352,-1.100,0.393,0.352,-1.200,0.385,0.352
20200706_2254,-5.690,110.550,535.000,C.GO10.,-53.155,-71.050,121.140,1529.618,1542.745,1546.642,305.000,1.073,0.122,0.119,0.117,0.106,0.105,-1.200,3.200,0.551,-0.546,-1.100,0.622,0.622,6.100,0.513,0.622,6.000,0.510,0.622,-1.200,0.556,0.622,-1.300,0.550,0.622
20200706_2254,-5.690,110.550,535.000,CI.BCW.,34.940,-119.413,125.557,1557.925,1574.040,1578.858,306.000,3.171,0.578,0.645,0.634,0.644,0.642,-0.100,-0.300,0.889,0.873,-0.600,0.916,0.916,-0.300,0.904,0.916,-0.600,0.901,0.916,-0.400,0.903,0.916,-0.400,0.902,0.916
20200706_2254,-5.690,110.550,535.000,BK.DLIK.00,40.455,-122.894,121.018,1528.826,1541.875,1545.748,307.000,3.629,0.498,0.493,0.475,0.470,0.471,1.100,0.900,0.705,0.818,-0.100,0.732,0.732,0.500,0.697,0.732,0.200,0.714,0.732,0.400,0.700,0.732,0.500,0.695,0.732
20200706_2254,-5.690,110.550,535.000,BK.MCCM.00,38.145,-122.880,121.837,1534.125,1547.700,1551.733,308.000,4.101,0.526,0.539,0.570,0.577,0.570,0.100,0.000,0.894,0.923,-0.200,0.733,0.733,0.100,0.757,0.733,-0.100,0.757,0.733,0.100,0.764,0.733,0.000,0.757,0.733
20200706_2254,-5.690,110.550,535.000,BK.AONC.00,39.940,-122.061,121.798,1533.877,1547.426,1551.452,309.000,3.264,0.461,0.493,0.528,0.530,0.533,0.800,1.000,0.862,0.905,-0.100,0.744,0.744,0.600,0.651,0.744,0.300,0.639,0.744,0.600,0.623,0.744,0.700,0.628,0.744
20200706_2254,-5.690,110.550,535.000,YB.MOJJ.00,34.744,-115.934,128.280,1575.053,1593.191,1598.640,310.000,2.800,0.462,0.499,0.490,0.495,0.494,-0.600,-0.600,0.868,0.900,-0.700,0.475,0.475,-0.200,0.475,0.475,-0.700,0.476,0.475,-0.500,0.482,0.475,-0.500,0.476,0.475
20200706_2254,-5.690,110.550,535.000,BK.BARR.00,39.305,-123.197,121.207,1530.050,1543.220,1547.129,311.000,4.933,0.415,0.460,0.464,0.450,0.455,1.400,1.200,0.800,0.781,0.200,0.526,0.526,1.400,0.610,0.526,0.900,0.570,0.526,1.400,0.593,0.526,1.300,0.587,0.526
20200706_2254,-5.690,110.550,535.000,TA.M65A.,41.562,-70.647,144.112,1669.909,1702.190,1712.411,312.000,3.108,0.611,0.640,0.638,0.631,0.633,0.500,0.400,0.855,0.867,-0.300,0.709,0.709,-0.500,0.702,0.709,-0.500,0.697,0.709,-0.800,0.692,0.709,-0.800,0.693,0.709
20200706_2254,-5.690,110.550,535.000,AZ.SND.,33.552,-116.613,128.217,1574.655,1592.745,1598.179,313.000,3.245,0.467,0.419,0.430,0.424,0.425,0.900,1.800,0.600,0.741,0.700,0.379,0.379,1.300,0.393,0.379,0.800,0.398,0.379,1.000,0.397,0.379,1.100,0.395,0.379
20200706_2254,-5.690,110.550,535.000,CI.BAR.,32.680,-116.672,128.489,1576.355,1594.653,1600.153,314.000,5.790,0.380,0.453,0.420,0.436,0.437,-1.300,-1.300,0.824,0.795,-2.300,0.593,0.593,-1.700,0.619,0.593,-2.200,0.615,0.593,-2.000,0.617,0.593,-2.000,0.615,0.593
20200706_2254,-5.690,110.550,535.000,CC.NORM.,43.739,-121.253,120.872,1527.880,1540.836,1544.681,315.000,2.920,0.038,0.098,0.088,0.081,0.081,-12.200,-0.800,0.110,-0.999,7.900,0.564,0.564,8.600,0.628,0.564,8.400,0.626,0.564,8.500,0.637,0.564,8.600,0.639,0.564
20200706_2254,-5.690,110.550,535.000,BK.RVIT.00,39.906,-123.379,120.867,1527.846,1540.800,1544.644,316.000,3.131,0.499,0.352,0.368,0.381,0.374,-0.100,-0.300,0.680,0.611,4.800,0.516,0.516,-0.400,0.574,0.516,-0.700,0.556,0.516,-0.500,0.574,0.516,-0.500,0.566,0.516
20200706_2254,-5.690,110.550,535.000,C1.LL02.,-43.191,-71.848,131.071,1592.368,1612.696,1618.849,317.000,4.056,0.310,0.111,0.119,0.144,0.133,0.600,1.500,0.693,0.560,0.000,0.846,0.846,0.300,0.749,0.846,0.200,0.749,0.846,-0.100,0.766,0.846,-0.100,0.764,0.846
20200706_2254,-5.690,110.550,535.000,NU.CRIN.,12.697,-87.021,161.306,1763.690,1815.658,1833.161,318.000,2.446,0.229,0.234,0.165,0.174,0.211,-1.100,-4.800,0.659,-0.893,-9.200,0.546,0.546,-1.700,0.701,0.546,-2.200,0.692,0.546,-2.100,0.689,0.546,-1.900,0.696,0.546
20200706_2254,-5.690,110.550,535.000,MX.TLIG.,17.563,-98.566,149.174,1698.505,1736.153,1748.287,319.000,5.684,0.621,0.576,0.588,0.592,0.584,1.100,1.100,0.784,0.665,0.700,0.730,0.730,0.400,0.782,0.730,-0.200,0.750,0.730,0.000,0.747,0.730,0.400,0.774,0.730
20200706_2254,-5.690,110.550,535.000,CI.HAR.,35.011,-117.299,127.144,1567.936,1585.213,1590.393,320.000,3.087,0.627,0.594,0.600,0.601,0.600,0.000,0.200,0.852,0.920,-0.100,0.698,0.698,0.200,0.731,0.698,-0.100,0.724,0.698,0.100,0.729,0.698,0.000,0.725,0.698
20200706_2254,-5.690,110.550,535.000,ZC.CADR.,19.667,-69.940,166.015,1787.730,1845.789,1865.654,321.000,1.957,0.057,0.070,0.068,0.053,0.056,-2.000,1.700,0.228,-0.530,-2.500,0.833,0.833,-2.400,0.859,0.833,-2.400,0.860,0.833,-2.600,0.858,0.833,-2.600,0.859,0.833
20200706_2254,-5.690,110.550,535.000,C1.AC04.,-28.205,-71.074,146.069,1681.059,1715.377,1726.314,322.000,1.218,0.298,0.244,0.249,0.275,0.273,0.300,1.300,0.746,0.653,0.100,0.550,0.550,-2.700,0.514,0.550,-2.700,0.520,0.550,-2.800,0.542,0.550,-2.800,0.535,0.550
20200706_2254,-5.690,110.550,535.000,BK.SCOT.00,41.392,-122.854,120.704,1526.791,1539.642,1543.455,323.000,2.961,0.439,0.371,0.367,0.359,0.360,1.200,-2.900,0.589,-0.581,0.300,0.449,0.449,0.800,0.454,0.449,0.500,0.469,0.449,0.700,0.439,0.449,0.700,0.441,0.449
20200706_2254,-5.690,110.550,535.000,BK.TWIT.00,38.097,-121.683,122.736,1539.922,1554.088,1558.303,324.000,0.772,0.240,0.205,0.217,0.221,0.218,1.200,-4.100,0.635,-0.673,5.300,0.440,0.440,-8.700,0.401,0.440,-8.700,0.394,0.440,-8.600,0.386,0.440,-8.600,0.389,0.440
20200706_2254,-5.690,110.550,535.000,CI.BHP.,33.991,-118.362,126.703,1565.162,1582.111,1587.188,325.000,1.733,0.374,0.400,0.403,0.401,0.404,0.000,-0.100,0.724,0.784,-0.100,0.763,0.763,0.100,0.785,0.763,-0.100,0.796,0.763,-0.100,0.797,0.763,0.000,0.792,0.763
20200706_2254,-5.690,110.550,535.000,C1.BI05.,-36.748,-73.191,137.418,1630.796,1656.590,1664.578,326.000,2.359,0.440,0.436,0.441,0.471,0.473,1.600,1.500,0.948,0.930,1.500,0.653,0.653,1.600,0.594,0.653,1.600,0.602,0.653,1.300,0.634,0.653,1.300,0.632,0.653
20200706_2254,-5.690,110.550,535.000,C1.MT05.,-33.392,-70.738,140.899,1651.319,1680.396,1689.504,327.000,1.985,0.319,0.435,0.427,0.404,0.412,1.000,0.900,0.850,0.812,-1.900,0.789,0.789,-0.500,0.930,0.789,-0.600,0.931,0.789,-1.100,0.926,0.789,-1.000,0.926,0.789
20200706_2254,-5.690,110.550,535.000,C1.MT07.,-32.976,-71.016,141.305,1653.690,1683.163,1692.407,328.000,2.755,0.297,0.359,0.358,0.364,0.363,2.500,3.000,0.869,0.859,-0.600,0.774,0.774,1.600,0.749,0.774,1.500,0.753,0.774,1.000,0.769,0.774,1.100,0.767,0.774
20200706_2254,-5.690,110.550,535.000,YB.MOJS.00,34.773,-115.744,128.412,1575.876,1594.116,1599.597,329.000,0.331,0.037,0.031,0.032,0.033,0.033,10.100,-4.100,0.591,-0.990,-8.900,0.494,0.494,-8.400,0.483,0.494,-8.800,0.489,0.494,-8.700,0.490,0.494,-8.600,0.487,0.494
20200706_2254,-5.690,110.550,535.000,CI.GRA.,36.996,-117.366,126.321,1562.756,1579.424,1584.414,330.000,3.115,0.539,0.514,0.502,0.507,0.514,-0.200,-0.100,0.969,0.976,-0.600,0.804,0.804,-0.300,0.825,0.804,-0.600,0.803,0.804,-0.500,0.808,0.804,-0.400,0.808,0.804
20200706_2254,-5.690,110.550,535.000,CX.PB08.,-20.141,-69.153,154.167,1725.904,1769.197,1783.421,331.000,6.259,0.351,0.355,0.354,0.339,0.345,0.100,0.700,0.863,0.714,-0.400,0.785,0.785,0.000,0.746,0.785,0.000,0.741,0.785,-0.600,0.716,0.785,-0.500,0.730,0.785
20200706_2254,-5.690,110.550,535.000,C1.TA02.,-20.271,-70.131,154.031,1725.167,1768.301,1782.465,332.000,1.900,0.204,0.221,0.220,0.222,0.223,-8.400,-4.200,0.585,-0.910,-1.100,0.734,0.734,-0.500,0.588,0.734,-0.500,0.591,0.734,-1.100,0.609,0.734,-1.100,0.612,0.734
20200706_2254,-5.690,110.550,535.000,PR.OBIP.,18.043,-66.606,167.339,1794.365,1854.182,1874.747,333.000,1.060,0.315,0.256,0.261,0.268,0.265,-8.600,-4.100,0.555,-0.849,-0.200,0.737,0.737,-1.000,0.731,0.737,-1.000,0.745,0.737,-1.100,0.757,0.737,-1.100,0.755,0.737
20200706_2254,-5.690,110.550,535.000,BK.LIND.00,36.353,-119.057,125.318,1556.407,1572.351,1577.115,334.000,0.755,0.222,0.103,0.139,0.134,0.132,-3.700,5.300,0.229,0.047,1.300,0.555,0.555,1.900,0.576,0.555,1.600,0.567,0.555,1.700,0.564,0.555,1.800,0.568,0.555
20200706_2254,-5.690,110.550,535.000,CI.CIA.,33.402,-118.415,126.867,1566.196,1583.267,1588.382,335.000,3.548,0.496,0.497,0.500,0.501,0.504,-2.200,-1.400,0.846,0.799,-0.700,0.578,0.578,-0.400,0.618,0.578,-0.700,0.605,0.578,-0.600,0.610,0.578,-0.500,0.608,0.578
20200706_2254,-5.690,110.550,535.000,BK.YBH.00,41.732,-122.710,120.677,1526.616,1539.450,1543.258,336.000,0.320,0.014,0.024,0.026,0.026,0.027,-13.200,3.100,0.077,-0.980,-8.400,0.451,0.451,-7.900,0.391,0.451,-8.300,0.384,0.451,-8.100,0.384,0.451,-8.100,0.388,0.451
20200706_2254,-5.690,110.550,535.000,CI.ADO.,34.550,-117.434,127.214,1568.378,1585.708,1590.904,337.000,3.695,0.447,0.448,0.429,0.441,0.439,-0.400,-0.500,0.730,0.731,-0.900,0.683,0.683,-0.600,0.695,0.683,-0.900,0.679,0.683,-0.700,0.685,0.683,-0.800,0.683,0.683
20200706_2254,-5.690,110.550,535.000,CM.PRV.00,13.376,-81.364,165.969,1787.498,1845.496,1865.336,338.000,6.255,0.618,0.619,0.631,0.631,0.633,1.400,1.000,0.891,0.861,1.600,0.765,0.765,0.500,0.866,0.765,0.300,0.898,0.765,0.300,0.905,0.765,0.300,0.891,0.765
20200706_2254,-5.690,110.550,535.000,1P.LSMN.,-49.039,-72.223,125.218,1555.774,1571.647,1576.389,339.000,1.342,0.166,0.170,0.171,0.180,0.176,0.200,-0.400,0.370,0.336,-0.700,0.980,0.980,-0.600,0.979,0.980,-0.600,0.980,0.980,-0.700,0.983,0.980,-0.700,0.982,0.980
20200706_2254,-5.690,110.550,535.000,BK.MOGU.00,41.831,-122.421,120.840,1527.674,1540.611,1544.450,340.000,3.326,0.409,0.397,0.405,0.402,0.403,2.100,1.900,0.845,0.910,1.200,0.683,0.683,2.000,0.719,0.683,1.600,0.709,0.683,1.900,0.704,0.683,1.800,0.704,0.683
20200706_2254,-5.690,110.550,535.000,C.GO07.,-43.114,-73.664,131.046,1592.216,1612.524,1618.671,341.000,1.437,0.276,0.271,0.279,0.280,0.271,-1.700,-1.400,0.857,0.862,-2.400,0.832,0.832,-2.200,0.882,0.832,-2.200,0.882,0.832,-2.500,0.883,0.832,-2.500,0.885,0.832
20200706_2254,-5.690,110.550,535.000,LD.NCB.,43.973,-74.223,141.487,1654.749,1684.401,1693.707,342.000,9.149,0.746,0.740,0.743,0.745,0.746,1.000,1.100,0.913,0.852,0.000,0.859,0.859,0.300,0.858,0.859,0.200,0.859,0.859,-0.200,0.861,0.859,-0.200,0.863,0.859
20200706_2254,-5.690,110.550,535.000,CI.DPP.,32.999,-116.942,128.163,1574.318,1592.366,1597.787,343.000,2.593,0.342,0.357,0.349,0.355,0.359,-0.600,-1.000,0.506,0.237,4.400,0.589,0.589,4.800,0.564,0.589,4.400,0.578,0.589,4.600,0.579,0.589,4.700,0.575,0.589
20200706_2254,-5.690,110.550,535.000,PY.BPH06.,33.611,-116.452,128.319,1575.293,1593.461,1598.920,344.000,5.335,0.465,0.508,0.496,0.501,0.499,-0.900,-1.000,0.878,0.856,-1.500,0.360,0.360,-0.900,0.398,0.360,-1.300,0.398,0.360,-1.100,0.401,0.360,-1.100,0.394,0.360
20200706_2254,-5.690,110.550,535.000,ZC.SODR.,19.752,-70.576,165.895,1787.127,1845.027,1864.830,345.000,1.208,0.300,0.308,0.309,0.306,0.305,0.700,0.400,0.824,0.580,0.700,0.622,0.622,0.800,0.599,0.622,0.700,0.600,0.622,0.500,0.605,0.622,0.500,0.603,0.622
20200706_2254,-5.690,110.550,535.000,BK.LCOW.00,40.643,-122.185,121.450,1531.628,1544.954,1548.911,346.000,6.529,0.589,0.610,0.609,0.607,0.610,0.200,0.300,0.814,0.925,-0.200,0.721,0.721,0.200,0.766,0.721,0.100,0.770,0.721,0.200,0.770,0.721,0.300,0.770,0.721
20200706_2254,-5.690,110.550,535.000,C1.AY03.,-47.253,-72.591,126.984,1566.931,1584.089,1589.232,347.000,4.289,0.275,0.287,0.288,0.281,0.283,0.500,0.800,0.858,0.845,0.500,0.625,0.625,0.300,0.617,0.625,0.300,0.616,0.625,0.200,0.618,0.625,0.200,0.616,0.625
20200706_2254,-5.690,110.550,535.000,BK.BRIB.01,37.919,-122.153,122.452,1538.094,1552.072,1556.229,348.000,7.384,0.543,0.433,0.459,0.458,0.458,1.100,1.800,0.639,0.760,1.700,0.763,0.763,1.700,0.760,0.763,1.600,0.756,0.763,1.600,0.766,0.763,1.700,0.759,0.763
20200706_2254,-5.690,110.550,535.000,C1.VA02.,-27.160,-109.435,129.280,1581.282,1600.192,1605.886,349.000,1.798,0.189,0.167,0.165,0.161,0.162,-0.700,-0.600,0.848,0.909,-7.700,0.236,0.236,-1.600,0.274,0.236,-1.700,0.291,0.236,-1.700,0.303,0.236,-1.600,0.292,0.236
20200706_2254,-5.690,110.550,535.000,BK.ORV.00,39.555,-121.500,122.341,1537.377,1551.281,1555.415,350.000,3.584,0.591,0.524,0.526,0.529,0.528,-0.800,-0.100,0.868,0.893,-0.100,0.730,0.730,0.100,0.738,0.730,0.000,0.702,0.730,0.200,0.713,0.730,0.100,0.713,0.730
20200706_2254,-5.690,110.550,535.000,IM.PD31.,42.767,-109.558,128.758,1578.033,1596.538,1602.103,351.000,4.397,0.608,0.631,0.637,0.639,0.635,0.500,0.400,0.779,0.822,-0.100,0.846,0.846,0.300,0.863,0.846,0.000,0.863,0.846,0.100,0.858,0.846,0.100,0.858,0.846
20200706_2254,-5.690,110.550,535.000,PM.ROSA.,38.721,-28.247,130.251,1587.304,1606.976,1612.916,352.000,1.466,0.047,0.080,0.109,0.111,0.104,2.300,5.000,0.497,-0.766,0.600,0.566,0.566,0.800,0.491,0.566,8.100,0.492,0.566,8.100,0.496,0.566,8.100,0.494,0.566
20200706_2254,-5.690,110.550,535.000,CI.EDW2.,34.881,-117.994,126.664,1564.919,1581.840,1586.909,353.000,4.530,0.665,0.647,0.642,0.652,0.656,-0.800,-0.200,0.829,0.851,-0.400,0.835,0.835,-0.100,0.870,0.835,-0.500,0.855,0.835,-0.300,0.862,0.835,-0.300,0.860,0.835
20200706_2254,-5.690,110.550,535.000,CI.DAW.,36.271,-117.592,126.440,1563.508,1580.264,1585.280,354.000,3.363,0.587,0.580,0.571,0.574,0.574,-0.200,-0.200,0.909,0.901,-0.500,0.672,0.672,-0.200,0.672,0.672,-0.500,0.649,0.672,-0.300,0.656,0.672,-0.400,0.652,0.672
20200706_2254,-5.690,110.550,535.000,CI.CLC.,35.816,-117.598,126.612,1564.592,1581.475,1586.531,355.000,3.464,0.480,0.477,0.489,0.484,0.485,-1.100,0.300,0.712,0.784,0.700,0.577,0.577,1.000,0.607,0.577,0.700,0.613,0.577,0.800,0.613,0.577,0.800,0.611,0.577
20200706_2254,-5.690,110.550,535.000,CI.CHN.,33.999,-117.680,127.227,1568.459,1585.799,1590.998,356.000,3.065,0.358,0.388,0.364,0.378,0.377,-1.400,-1.500,0.845,0.931,-1.800,0.523,0.523,-1.500,0.592,0.523,-1.900,0.583,0.523,-1.600,0.585,0.523,-1.700,0.583,0.523
20200706_2254,-5.690,110.550,535.000,C1.AP01.,-18.371,-70.342,155.923,1735.348,1780.707,1795.710,357.000,0.736,-0.005,0.037,0.033,0.027,0.030,1.100,1.000,0.884,0.807,7.600,0.476,0.476,1.300,0.590,0.476,1.300,0.568,0.476,0.800,0.478,0.476,0.800,0.500,0.476
20200706_2254,-5.690,110.550,535.000,BK.TCHL.00,35.688,-120.401,124.541,1551.470,1566.866,1571.460,358.000,2.793,0.520,0.424,0.464,0.456,0.454,0.900,4.400,0.693,-0.784,0.500,0.695,0.695,0.900,0.652,0.695,0.500,0.642,0.695,0.800,0.643,0.695,0.800,0.647,0.695
20200706_2254,-5.690,110.550,535.000,YB.MOJE.00,34.700,-116.082,128.185,1574.459,1592.524,1597.951,359.000,3.876,0.415,0.496,0.463,0.470,0.467,-1.200,-0.600,0.728,0.784,-1.500,0.400,0.400,-1.000,0.420,0.400,-1.400,0.427,0.400,-1.200,0.431,0.400,-1.200,0.425,0.400
20200706_2254,-5.690,110.550,535.000,PM.PMOZ.,32.823,-17.197,124.447,1550.874,1566.205,1570.779,360.000,1.339,0.246,0.233,0.205,0.214,0.220,-3.000,-3.300,0.499,0.392,0.900,0.450,0.450,0.100,0.486,0.450,0.400,0.479,0.450,0.300,0.479,0.450,0.200,0.483,0.450
20200706_2254,-5.690,110.550,535.000,YB.MOJH.00,34.716,-115.986,128.252,1574.873,1592.989,1598.432,361.000,4.109,0.477,0.501,0.493,0.490,0.490,-0.100,0.600,0.640,0.644,0.100,0.464,0.464,0.600,0.440,0.464,0.300,0.446,0.464,0.400,0.453,0.464,0.400,0.444,0.464
20200706_2254,-5.690,110.550,535.000,1P.ELCH.,-49.339,-72.883,124.890,1553.690,1569.330,1574.000,362.000,2.220,0.234,0.299,0.299,0.294,0.297,0.600,0.700,0.541,0.634,0.200,0.757,0.757,0.600,0.757,0.757,0.600,0.753,0.757,0.500,0.746,0.757,0.400,0.747,0.757
20200706_2254,-5.690,110.550,535.000,NM.UTMT.01,36.350,-88.864,144.552,1672.428,1705.161,1715.541,363.000,5.228,0.732,0.810,0.800,0.793,0.789,1.000,1.100,0.942,0.894,0.000,0.870,0.870,0.200,0.900,0.870,0.000,0.896,0.870,-0.400,0.895,0.870,-0.400,0.897,0.870
20200706_2254,-5.690,110.550,535.000,CI.BOM.,33.365,-115.730,128.970,1579.354,1598.023,1603.640,364.000,2.422,0.351,0.438,0.429,0.428,0.432,-1.100,0.200,0.798,0.580,-0.600,0.627,0.627,-0.100,0.621,0.627,-0.400,0.603,0.627,-0.300,0.610,0.627,-0.200,0.614,0.627
20200706_2254,-5.690,110.550,535.000,CI.DAN.,34.637,-115.381,128.740,1577.919,1596.411,1601.972,365.000,3.606,0.661,0.687,0.670,0.675,0.679,-0.500,-0.400,0.968,0.901,-0.900,0.787,0.787,-0.300,0.772,0.787,-0.700,0.779,0.787,-0.600,0.781,0.787,-0.500,0.776,0.787
20200706_2254,-5.690,110.550,535.000,BK.DMOR.00,40.710,-123.703,120.353,1524.510,1537.140,1540.886,366.000,3.440,0.547,0.439,0.476,0.484,0.476,0.000,0.300,0.759,0.821,-0.100,0.860,0.860,0.000,0.927,0.860,-0.100,0.936,0.860,-0.100,0.918,0.860,-0.100,0.926,0.860
20200706_2254,-5.690,110.550,535.000,CI.HMT2.,33.708,-117.002,127.858,1572.415,1590.230,1595.578,367.000,5.576,0.640,0.591,0.589,0.596,0.604,-1.000,-0.600,0.852,0.835,-1.200,0.805,0.805,-0.800,0.833,0.805,-1.100,0.830,0.805,-1.000,0.833,0.805,-0.900,0.830,0.805
20200706_2254,-5.690,110.550,535.000,NA.SABW.,17.628,-63.231,166.604,1790.689,1849.528,1869.702,368.000,0.929,0.343,0.303,0.308,0.305,0.302,0.700,0.600,0.386,0.462,0.100,0.903,0.903,-0.600,0.669,0.903,-0.600,0.696,0.903,-0.700,0.739,0.903,-0.700,0.712,0.903
20200706_2254,-5.690,110.550,535.000,1P.PEN2.,-49.230,-74.106,124.930,1553.943,1569.611,1574.290,369.000,2.560,0.037,0.151,0.149,0.115,0.117,0.500,0.000,0.898,0.816,-0.100,0.676,0.676,0.000,0.622,0.676,-0.100,0.624,0.676,-0.200,0.642,0.676,-0.100,0.640,0.676
20200706_2254,-5.690,110.550,535.000,BK.HAYF.00,40.523,-123.232,120.754,1527.114,1539.996,1543.818,370.000,5.422,0.416,0.438,0.432,0.424,0.425,1.300,-3.400,0.715,-0.416,6.300,0.490,0.490,0.900,0.486,0.490,6.100,0.468,0.490,0.800,0.464,0.490,0.900,0.469,0.490
20200706_2254,-5.690,110.550,535.000,ZC.REDR.00,19.271,-71.712,166.241,1788.870,1847.228,1867.212,371.000,1.170,0.140,0.156,0.153,0.146,0.144,-2.100,3.200,0.787,-0.041,-4.000,0.556,0.556,-3.800,0.543,0.556,-3.900,0.538,0.556,-4.200,0.538,0.556,-4.200,0.539,0.556
20200706_2254,-5.690,110.550,535.000,1P.RPTE.,-52.115,-71.377,122.171,1536.285,1550.078,1554.179,372.000,1.682,0.026,0.186,0.188,0.127,0.128,-5.200,-4.800,0.659,0.364,-5.400,0.825,0.825,-5.400,0.785,0.825,-5.500,0.780,0.825,-5.500,0.793,0.825,-5.500,0.796,0.825
20200706_2254,-5.690,110.550,535.000,LD.BMNY.,44.840,-74.507,140.602,1649.580,1678.370,1687.379,373.000,5.882,0.743,0.766,0.767,0.765,0.764,0.900,1.000,0.946,0.920,-0.200,0.934,0.934,0.000,0.928,0.934,-0.100,0.929,0.934,-0.400,0.932,0.934,-0.400,0.932,0.934
20200706_2254,-5.690,110.550,535.000,ZC.BADR.00,18.390,-70.356,167.270,1794.019,1853.743,1874.272,374.000,1.158,0.105,0.102,0.103,0.102,0.103,8.900,-4.800,0.072,-0.913,7.600,0.288,0.288,7.400,0.344,0.288,7.400,0.341,0.288,7.300,0.338,0.288,7.300,0.341,0.288
20200706_2254,-5.690,110.550,535.000,PY.BPH12.,33.606,-116.460,128.315,1575.269,1593.434,1598.891,375.000,5.331,0.459,0.495,0.487,0.487,0.490,-0.900,-1.000,0.879,0.867,-1.500,0.363,0.363,-1.100,0.402,0.363,-1.400,0.401,0.363,-1.300,0.405,0.363,-1.200,0.398,0.363
20200706_2254,-5.690,110.550,535.000,CC.CLMS.,42.923,-122.016,120.693,1526.718,1539.561,1543.372,376.000,0.562,0.001,-0.002,-0.013,-0.018,-0.016,-16.000,-3.200,-0.003,-0.667,8.000,0.613,0.613,8.500,0.647,0.613,8.200,0.647,0.613,8.500,0.651,0.613,8.400,0.654,0.613
20200706_2254,-5.690,110.550,535.000,CI.BLC.,34.244,-118.673,126.372,1563.079,1579.785,1584.786,377.000,3.593,0.584,0.544,0.547,0.544,0.545,-0.300,0.000,0.883,0.866,0.100,0.710,0.710,0.400,0.733,0.710,0.100,0.712,0.710,0.300,0.718,0.710,0.300,0.717,0.710
20200706_2254,-5.690,110.550,535.000,C1.LL07.,-42.832,-73.478,131.340,1594.024,1614.569,1620.793,378.000,0.682,0.139,0.039,0.043,0.062,0.061,1.900,-1.100,0.709,-0.356,1.300,0.719,0.719,1.700,0.772,0.719,1.600,0.770,0.719,1.400,0.757,0.719,1.400,0.760,0.719
20200706_2254,-5.690,110.550,535.000,LD.ACCN.,43.384,-73.668,142.123,1658.439,1688.716,1698.239,379.000,4.937,0.811,0.795,0.800,0.802,0.804,1.000,0.900,0.918,0.896,0.000,0.952,0.952,0.200,0.953,0.952,0.100,0.953,0.952,-0.300,0.955,0.952,-0.300,0.956,0.952
20200706_2254,-5.690,110.550,535.000,NM.MPH.,35.123,-89.932,145.033,1675.170,1708.401,1718.955,380.000,7.269,0.741,0.726,0.741,0.747,0.744,0.600,0.800,0.980,0.978,0.000,0.870,0.870,0.500,0.897,0.870,0.200,0.896,0.870,-0.100,0.888,0.870,-0.100,0.889,0.870
20200706_2254,-5.690,110.550,535.000,CI.DEV.,33.936,-116.578,128.100,1573.928,1591.928,1597.334,381.000,2.192,0.277,0.365,0.338,0.340,0.344,-0.600,-1.300,0.763,0.725,-1.900,0.319,0.319,-1.400,0.359,0.319,-1.800,0.342,0.319,-1.700,0.348,0.319,-1.600,0.346,0.319
20200706_2254,-5.690,110.550,535.000,CX.PB19.,-23.905,-69.291,150.405,1705.339,1744.344,1756.974,382.000,0.491,0.039,0.142,0.135,0.104,0.111,0.200,-3.700,0.653,-0.748,1.200,0.704,0.704,-0.800,0.855,0.704,-0.800,0.853,0.704,-1.100,0.852,0.704,-1.100,0.850,0.704
20200706_2254,-5.690,110.550,535.000,BK.JRSC.00,37.404,-122.239,122.565,1538.822,1552.874,1557.054,383.000,2.302,0.467,0.534,0.516,0.504,0.513,0.400,1.300,0.868,0.858,1.300,0.767,0.767,1.100,0.780,0.767,0.900,0.763,0.767,1.100,0.776,0.767,1.100,0.771,0.767
20200706_2254,-5.690,110.550,535.000,LD.CPNY.,40.791,-73.960,144.667,1673.084,1705.937,1716.358,384.000,4.533,0.706,0.755,0.747,0.719,0.712,0.100,0.200,0.944,0.962,-1.000,0.908,0.908,-0.700,0.912,0.908,-0.800,0.909,0.908,-1.200,0.903,0.908,-1.200,0.903,0.908
20200706_2254,-5.690,110.550,535.000,NA.SABA.,17.621,-63.243,166.616,1790.747,1849.601,1869.782,385.000,1.085,0.285,0.448,0.441,0.435,0.446,0.900,-3.700,0.644,-0.949,0.900,0.762,0.762,0.100,0.872,0.762,0.100,0.864,0.762,0.000,0.852,0.762,-0.100,0.864,0.762
20200706_2254,-5.690,110.550,535.000,BK.TSCN.00,35.544,-120.348,124.631,1552.044,1567.503,1572.117,386.000,2.001,0.452,0.451,0.465,0.461,0.458,0.900,1.100,0.601,0.607,0.600,0.729,0.729,1.100,0.731,0.729,0.800,0.704,0.729,0.900,0.712,0.729,1.000,0.715,0.729
20200706_2254,-5.690,110.550,535.000,C1.MT03.,-33.494,-70.510,140.804,1650.761,1679.746,1688.822,387.000,3.251,0.388,0.458,0.458,0.468,0.469,1.300,2.000,0.837,0.826,-1.600,0.859,0.859,0.400,0.793,0.859,0.300,0.796,0.859,-0.100,0.803,0.859,-0.100,0.803,0.859
20200706_2254,-5.690,110.550,535.000,Y4.VB03.,-39.458,-71.854,134.798,1615.097,1638.546,1645.740,388.000,0.774,-0.047,0.046,0.038,0.017,0.024,2.800,2.800,0.388,0.831,-13.500,0.277,0.277,-13.800,0.217,0.277,-13.900,0.219,0.277,-14.000,0.208,0.277,-14.000,0.202,0.277
20200706_2254,-5.690,110.550,535.000,1P.EIDA.,-49.539,-70.880,124.757,1552.843,1568.390,1573.031,389.000,1.974,0.022,0.023,0.023,0.026,0.025,-3.600,-3.800,0.537,0.086,-4.300,0.803,0.803,-3.900,0.820,0.803,-4.000,0.819,0.803,-4.000,0.814,0.803,-4.100,0.814,0.803
20200706_2254,-5.690,110.550,535.000,C1.MT16.,-33.428,-70.523,140.868,1651.139,1680.187,1689.285,390.000,1.891,0.147,0.171,0.159,0.163,0.161,3.100,-3.400,0.710,0.734,3.200,0.530,0.530,2.900,0.690,0.530,2.900,0.682,0.530,2.400,0.623,0.530,2.500,0.634,0.530
20200706_2254,-5.690,110.550,535.000,C.GO08.,-48.465,-72.557,125.777,1559.315,1575.588,1580.455,391.000,1.185,0.172,0.195,0.197,0.211,0.209,0.900,0.900,0.691,0.658,1.200,0.365,0.365,1.000,0.419,0.365,1.000,0.416,0.365,1.000,0.410,0.365,1.000,0.410,0.365
20200706_2254,-5.690,110.550,535.000,CI.CHR.,34.729,-119.393,125.647,1558.492,1574.672,1579.509,392.000,2.641,0.601,0.607,0.621,0.616,0.614,0.600,0.600,0.849,0.825,0.300,0.822,0.822,0.700,0.796,0.822,0.400,0.797,0.822,0.600,0.793,0.822,0.600,0.791,0.822
20200706_2254,-5.690,110.550,535.000,IM.NV31.,38.433,-118.155,125.172,1555.482,1571.322,1576.054,393.000,6.748,0.506,0.578,0.567,0.564,0.566,-0.200,0.300,0.818,0.901,-0.100,0.592,0.592,0.200,0.624,0.592,-0.100,0.610,0.592,0.000,0.617,0.592,0.100,0.614,0.592
20200706_2254,-5.690,110.550,535.000,1P.WIND.,-48.027,-71.455,126.254,1562.332,1578.952,1583.926,394.000,1.901,0.108,-0.018,-0.011,0.021,0.012,-1.000,-4.500,0.452,-0.635,3.700,0.240,0.240,3.300,0.267,0.240,3.300,0.265,0.240,3.300,0.263,0.240,3.300,0.263,0.240
20200706_2254,-5.690,110.550,535.000,BK.JEPS.00,38.258,-121.825,122.575,1538.885,1552.944,1557.126,395.000,2.397,0.379,0.418,0.417,0.412,0.416,0.100,0.300,0.863,0.860,0.100,0.797,0.797,0.000,0.820,0.797,-0.100,0.813,0.797,0.000,0.821,0.797,0.000,0.816,0.797
20200706_2254,-5.690,110.550,535.000,CI.IDO.,33.797,-116.222,128.427,1575.968,1594.218,1599.703,396.000,3.838,0.482,0.510,0.507,0.506,0.506,-1.300,-1.500,0.536,0.550,3.700,0.437,0.437,4.200,0.396,0.437,3.900,0.409,0.437,4.000,0.409,0.437,4.100,0.404,0.437
20200706_2254,-5.690,110.550,535.000,BK.THIS.00,35.724,-120.228,124.660,1552.227,1567.706,1572.326,397.000,0.955,0.115,0.145,0.141,0.135,0.136,1.300,0.900,0.524,0.537,0.200,0.727,0.727,0.800,0.728,0.727,0.400,0.717,0.727,0.600,0.720,0.727,0.600,0.718,0.727
20200706_2254,-5.690,110.550,535.000,CI.BTP.,34.682,-118.574,126.293,1562.577,1579.224,1584.208,398.000,4.389,0.603,0.586,0.586,0.589,0.591,-1.200,-0.500,0.869,0.907,-0.600,0.597,0.597,-0.200,0.622,0.597,-0.500,0.598,0.597,-0.400,0.607,0.597,-0.300,0.604,0.597
20200706_2254,-5.690,110.550,535.000,BK.TRIN.00,40.974,-122.705,120.962,1528.467,1541.481,1545.343,399.000,4.481,0.511,0.458,0.464,0.463,0.464,0.400,0.600,0.869,0.903,-0.100,0.899,0.899,0.500,0.890,0.899,0.200,0.893,0.899,0.400,0.887,0.899,0.500,0.885,0.899
20200706_2254,-5.690,110.550,535.000,CI.CCC.,35.525,-117.365,126.899,1566.395,1583.489,1588.612,400.000,4.344,0.508,0.537,0.539,0.536,0.538,-1.300,-0.700,0.655,0.673,-0.500,0.502,0.502,-0.400,0.560,0.502,-0.600,0.559,0.502,-0.500,0.564,0.502,-0.400,0.561,0.502
20200706_2254,-5.690,110.550,535.000,CN.DRLN.,49.256,-57.503,135.277,1617.983,1641.851,1649.187,401.000,3.998,0.470,0.609,0.617,0.624,0.628,1.500,1.800,0.872,0.882,0.900,0.769,0.769,1.200,0.806,0.769,1.000,0.810,0.769,0.800,0.817,0.769,0.700,0.818,0.769
20200706_2254,-5.690,110.550,535.000,CM.RUS.00,5.892,-73.083,176.380,1838.205,1910.586,1936.291,402.000,4.029,0.460,0.409,0.389,0.393,0.403,0.000,-0.100,0.887,0.891,-0.200,0.778,0.778,0.500,0.885,0.778,0.300,0.826,0.778,0.400,0.850,0.778,0.600,0.883,0.778
20200706_2254,-5.690,110.550,535.000,YB.MOJG.00,34.708,-116.023,128.227,1574.717,1592.815,1598.251,403.000,4.665,0.465,0.520,0.501,0.501,0.501,-0.300,0.300,0.643,0.670,-0.200,0.313,0.313,0.000,0.306,0.313,-0.100,0.314,0.313,-0.100,0.321,0.313,-0.100,0.314,0.313
20200706_2254,-5.690,110.550,535.000,CI.CHF.,34.333,-118.026,126.840,1566.024,1583.074,1588.183,404.000,3.556,0.448,0.420,0.435,0.438,0.434,-0.700,0.300,0.736,0.853,0.000,0.545,0.545,0.300,0.583,0.545,-0.100,0.580,0.545,0.100,0.583,0.545,0.100,0.581,0.545
20200706_2254,-5.690,110.550,535.000,C1.BO04.,-33.989,-70.609,140.306,1647.850,1676.355,1685.266,405.000,0.397,0.034,0.048,0.049,0.047,0.048,3.100,2.700,0.703,0.383,-0.500,0.716,0.716,0.000,0.627,0.716,-0.100,0.636,0.716,-0.500,0.671,0.716,-0.400,0.665,0.716
20200706_2254,-5.690,110.550,535.000,CI.CJV2.,34.530,-118.145,126.677,1565.002,1581.932,1587.004,406.000,5.195,0.472,0.466,0.473,0.473,0.473,-1.000,-0.300,0.764,0.844,-0.100,0.540,0.540,0.100,0.567,0.540,-0.100,0.557,0.540,0.000,0.563,0.540,0.000,0.555,0.540
20200706_2254,-5.690,110.550,535.000,C1.CO01.,-29.977,-70.094,144.327,1671.142,1703.644,1713.942,407.000,1.096,0.144,0.365,0.361,0.362,0.364,1.400,-2.500,0.777,-0.618,-5.300,0.531,0.531,0.200,0.818,0.531,0.200,0.818,0.531,-0.500,0.827,0.531,-0.400,0.824,0.531
20200706_2254,-5.690,110.550,535.000,PY.BPH08.,33.611,-116.458,128.315,1575.267,1593.432,1598.890,408.000,5.104,0.464,0.501,0.493,0.494,0.497,-0.900,-0.900,0.865,0.853,-1.400,0.348,0.348,-1.000,0.386,0.348,-1.300,0.386,0.348,-1.100,0.390,0.348,-1.100,0.382,0.348
20200706_2254,-5.690,110.550,535.000,DR.SDD.,18.463,-69.917,167.219,1793.765,1853.421,1873.922,409.000,1.920,0.525,0.538,0.547,0.565,0.566,1.000,1.000,0.824,0.822,0.400,0.893,0.893,0.400,0.802,0.893,0.300,0.819,0.893,0.100,0.851,0.893,0.100,0.845,0.893
20200706_2254,-5.690,110.550,535.000,C1.MT08.,-33.405,-70.133,140.899,1651.321,1680.399,1689.507,410.000,1.504,0.178,0.340,0.335,0.326,0.328,0.100,1.100,0.558,0.539,-3.100,0.559,0.559,-0.300,0.803,0.559,-0.300,0.800,0.559,-1.000,0.794,0.559,-0.800,0.792,0.559
20200706_2254,-5.690,110.550,535.000,CI.HLL.,34.176,-118.360,126.639,1564.756,1581.658,1586.721,411.000,2.029,0.446,0.381,0.382,0.384,0.383,-0.100,0.200,0.325,0.409,5.600,0.400,0.400,0.100,0.402,0.400,5.500,0.420,0.400,5.700,0.418,0.400,5.600,0.416,0.400
20200706_2254,-5.690,110.550,535.000,YB.MOJL.00,34.748,-115.898,128.306,1575.212,1593.370,1598.826,412.000,4.420,0.459,0.480,0.474,0.476,0.480,-1.000,-0.800,0.896,0.897,-1.100,0.507,0.507,-0.700,0.515,0.507,-1.100,0.522,0.507,-1.000,0.528,0.507,-0.900,0.520,0.507
20200706_2254,-5.690,110.550,535.000,CI.FRK.,33.402,-115.638,129.026,1579.704,1598.416,1604.048,413.000,2.146,0.554,0.597,0.593,0.596,0.597,-0.300,-0.200,0.919,0.867,-0.400,0.823,0.823,0.000,0.826,0.823,-0.300,0.832,0.823,-0.200,0.832,0.823,-0.200,0.828,0.823
20200706_2254,-5.690,110.550,535.000,C1.AY04.,-46.583,-71.691,127.690,1571.358,1589.045,1594.353,414.000,0.347,0.012,0.019,0.020,0.022,0.022,9.400,-4.100,0.623,-0.997,-9.300,0.449,0.449,-8.900,0.497,0.449,-9.000,0.497,0.449,-9.300,0.487,0.449,-9.300,0.488,0.449
20200706_2254,-5.690,110.550,535.000,1P.TAPA.,-51.049,-71.786,123.226,1543.063,1557.557,1561.872,415.000,1.761,0.083,0.128,0.127,0.124,0.122,2.400,-4.200,0.848,0.523,2.000,0.740,0.740,2.000,0.718,0.740,1.900,0.726,0.740,1.800,0.746,0.740,1.900,0.746,0.740
20200706_2254,-5.690,110.550,535.000,IU.MACI.,28.250,-16.508,125.111,1555.094,1570.891,1575.609,416.000,0.606,-0.229,-0.163,-0.123,-0.136,-0.149,-1.400,-1.300,0.342,0.317,1.500,0.481,0.481,0.700,0.621,0.481,1.000,0.586,0.481,0.900,0.595,0.481,0.700,0.607,0.481
20200706_2254,-5.690,110.550,535.000,LD.ASNY.,44.398,-73.810,141.104,1652.514,1681.790,1690.967,417.000,5.693,0.763,0.780,0.783,0.781,0.783,1.000,0.900,0.948,0.965,0.000,0.969,0.969,0.200,0.972,0.969,0.100,0.972,0.969,-0.300,0.966,0.969,-0.300,0.968,0.969
