station,stla,stlo,gcarc,s2ks,s3ks,s4ks,tridx,ccf1,ccf2,ccf3,ccf4,ccf5
PS.PATS.,6.837,158.315,136.580,1621.324,1646.435,1654.196,0.000,0.186,0.156,0.122,0.139,0.176
SC.BYD.,27.810,103.188,163.480,1770.327,1825.182,1843.800,1.000,0.263,0.263,0.261,0.259,0.261
GD.ZHH.,22.271,113.566,172.935,1817.232,1884.815,1908.551,2.000,0.548,0.527,0.530,0.529,0.526
PS.TSK.,36.211,140.110,149.283,1694.605,1732.466,1744.682,3.000,0.181,0.153,0.148,0.155,0.134
QH.LJX.,35.993,101.839,156.283,1732.748,1778.635,1793.841,4.000,0.718,0.748,0.729,0.730,0.744
KN.CHM.,42.999,74.751,136.035,1618.061,1642.681,1650.275,5.000,0.474,0.335,0.364,0.369,0.329
JL.SYZT.,43.539,125.674,150.294,1700.215,1739.191,1751.815,6.000,0.361,0.334,0.348,0.367,0.359
GE.MNAI.,-4.360,102.956,157.080,1736.993,1783.837,1799.403,7.000,0.161,0.177,0.162,0.138,0.176
SC.JLI.,28.179,104.516,163.970,1772.830,1828.320,1847.183,8.000,0.302,0.342,0.327,0.312,0.338
BJ.MIY.,40.467,116.833,154.782,1724.696,1768.804,1783.341,9.000,0.405,0.353,0.361,0.364,0.356
GD.PUN.,23.288,116.136,171.926,1812.362,1878.536,1901.696,10.000,0.272,0.368,0.379,0.391,0.383
FJ.MQDQ.,26.381,118.908,168.295,1794.568,1855.770,1876.901,11.000,0.447,0.445,0.463,0.487,0.468
AH.JIX.,30.699,118.378,164.271,1774.360,1830.239,1849.255,12.000,0.494,0.525,0.527,0.527,0.529
GE.FAKI.,-2.919,132.249,154.915,1725.415,1769.680,1784.276,13.000,0.458,0.507,0.515,0.534,0.496
NX.ZHW.,37.586,105.244,156.159,1732.086,1777.824,1792.975,14.000,0.636,0.573,0.573,0.574,0.574
HN.HEY.,26.920,112.519,168.189,1794.045,1855.106,1876.180,15.000,0.712,0.693,0.693,0.684,0.693
SX.LIC.,35.691,113.291,159.571,1750.126,1800.019,1816.738,16.000,0.593,0.613,0.629,0.645,0.629
TW.YHNB.,24.670,121.376,168.807,1797.105,1859.000,1880.411,17.000,0.049,0.035,0.035,0.028,0.026
GD.NAO.,23.429,117.007,171.626,1810.904,1876.662,1899.651,18.000,0.167,0.225,0.217,0.207,0.220
NX.HYU.,36.501,105.601,157.267,1737.986,1785.056,1800.707,19.000,0.637,0.652,0.657,0.652,0.654
GD.SHG.,24.857,113.584,170.380,1804.830,1868.870,1891.154,20.000,0.581,0.563,0.543,0.500,0.554
AH.FZL.,31.349,116.270,163.906,1772.504,1827.910,1846.741,21.000,0.478,0.435,0.454,0.476,0.450
QH.DAT.,36.944,101.697,155.418,1728.117,1772.974,1787.794,22.000,0.746,0.742,0.743,0.732,0.742
N.TSKF.,36.214,140.090,149.294,1694.666,1732.539,1744.759,23.000,0.137,0.130,0.112,0.119,0.104
KN.KBK.,42.656,74.948,136.316,1619.747,1644.619,1652.299,24.000,0.442,0.501,0.314,0.319,0.500
BU.XUH.,40.478,115.043,154.829,1724.953,1769.117,1783.675,25.000,0.247,0.219,0.222,0.212,0.218
HL.WUC.,45.125,127.080,148.446,1689.935,1726.883,1738.767,26.000,0.321,0.327,0.344,0.364,0.354
JX.ANY.,25.143,115.394,170.151,1803.714,1867.441,1889.597,27.000,0.361,0.353,0.339,0.319,0.338
SC.BTA.,30.010,99.117,159.394,1749.200,1798.873,1815.510,28.000,0.153,0.171,0.157,0.158,0.172
LN.DDO.,40.146,124.390,153.803,1719.411,1762.376,1776.482,29.000,0.491,0.468,0.485,0.502,0.492
SC.HYU.,32.813,102.524,159.236,1748.371,1797.848,1814.410,30.000,0.448,0.409,0.417,0.420,0.409
IC.MDJ.10,44.618,129.593,148.140,1688.226,1724.844,1736.609,31.000,0.380,0.494,0.482,0.467,0.481
JL.FST.,42.258,127.381,150.970,1703.946,1743.676,1756.578,32.000,0.277,0.276,0.284,0.283,0.283
NM.RLT.,43.686,111.923,151.514,1706.936,1747.277,1760.405,33.000,0.324,0.295,0.303,0.315,0.301
N.KGMF.,26.757,128.215,163.084,1768.302,1822.647,1841.067,34.000,0.081,0.026,0.019,0.017,0.022
HB.ZUX.,32.324,109.711,162.357,1764.575,1817.987,1836.048,35.000,0.497,0.458,0.464,0.488,0.460
HI.QXL.,20.087,110.599,173.745,1821.126,1889.850,1914.055,36.000,0.342,0.575,0.575,0.573,0.578
HA.LYN.,34.550,112.470,160.641,1755.705,1806.936,1824.164,37.000,0.630,0.562,0.572,0.577,0.568
XJ.KOL.,41.888,85.805,143.523,1662.030,1693.799,1703.845,38.000,0.422,0.558,0.606,0.611,0.555
SX.HSH.,39.668,113.721,155.620,1729.202,1774.299,1789.209,39.000,0.175,0.193,0.188,0.179,0.192
N.WJMF.,37.402,137.026,150.438,1701.012,1740.149,1752.832,40.000,0.013,0.144,0.125,0.118,0.094
IC.SSE.00,31.095,121.191,163.178,1768.784,1823.250,1841.717,41.000,0.462,0.463,0.463,0.459,0.458
HN.JIS.,28.148,109.747,166.322,1784.727,1843.296,1863.370,42.000,0.161,0.265,0.250,0.242,0.261
JS.XIY.,34.498,119.542,160.349,1754.184,1805.048,1822.136,43.000,0.441,0.428,0.429,0.447,0.447
GS.HJT.,37.831,102.011,154.786,1724.717,1768.830,1783.369,44.000,0.680,0.671,0.674,0.669,0.670
XJ.HTA.,37.100,79.900,142.177,1654.261,1684.678,1694.253,45.000,0.513,0.494,0.486,0.486,0.497
AH.SIX.,33.558,117.859,161.547,1760.401,1812.778,1830.443,46.000,0.331,0.281,0.289,0.294,0.288
GZ.DJT.,28.220,108.130,165.673,1781.461,1839.174,1858.909,47.000,0.616,0.712,0.690,0.661,0.706
HE.KAB.,41.854,114.589,153.454,1717.522,1760.082,1774.035,48.000,0.583,0.522,0.553,0.590,0.540
GZ.AST.,26.152,106.055,166.409,1785.160,1843.843,1863.963,49.000,0.280,0.259,0.255,0.241,0.261
N.ADMF.,37.905,138.430,149.274,1694.553,1732.404,1744.616,50.000,0.210,0.123,0.113,0.111,0.097
YN.HLT.,25.148,102.747,165.000,1778.061,1834.890,1854.277,51.000,0.296,0.182,0.172,0.171,0.184
NM.ARS.,47.174,119.952,147.852,1686.608,1722.915,1734.568,52.000,0.099,0.120,0.128,0.129,0.128
AH.JAS.,32.811,118.262,162.224,1763.888,1817.129,1835.124,53.000,0.366,0.427,0.437,0.443,0.436
N.OOWF.,40.469,140.510,146.375,1678.290,1713.022,1724.110,54.000,0.190,0.024,0.030,0.033,0.027
GS.QTS.,39.700,97.741,151.396,1706.291,1746.500,1759.579,55.000,0.653,0.648,0.636,0.620,0.636
XJ.KMY.,45.657,84.815,140.581,1644.973,1673.828,1682.863,56.000,0.560,0.694,0.727,0.740,0.691
GS.AXX.,40.517,95.800,149.844,1697.724,1736.202,1748.644,57.000,0.668,0.666,0.653,0.647,0.664
YN.JIG.,23.502,100.735,164.395,1774.990,1831.030,1850.108,58.000,0.413,0.391,0.371,0.379,0.393
MY.KOM.,1.792,103.847,162.674,1766.200,1820.018,1838.235,59.000,0.498,0.505,0.509,0.513,0.507
MM.NAM.,20.896,97.771,162.857,1767.141,1821.195,1839.502,60.000,0.476,0.472,0.459,0.464,0.475
YN.GOS.,27.745,98.671,160.524,1755.098,1806.182,1823.355,61.000,0.254,0.289,0.281,0.282,-0.011
SC.GZA.,30.117,102.173,161.171,1758.455,1810.356,1827.839,62.000,0.363,0.433,0.419,0.405,0.429
XJ.BPM.,39.883,76.836,138.809,1634.558,1661.726,1670.183,63.000,0.315,0.253,0.232,0.237,0.257
XJ.SCH.,43.917,85.687,142.177,1654.265,1684.683,1694.259,64.000,0.696,0.602,0.537,0.498,0.616
HI.SAJ.,19.889,110.641,173.921,1821.964,1890.936,1915.243,65.000,0.051,0.042,0.048,0.051,0.045
HI.LSH.,18.500,109.996,174.376,1824.140,1893.757,1918.330,66.000,0.236,0.163,0.134,0.146,0.161
GD.DNB.,21.650,111.213,172.788,1816.525,1883.902,1907.555,67.000,0.532,0.483,0.489,0.491,0.472
AH.BEB.,32.905,117.297,162.262,1764.084,1817.373,1835.387,68.000,0.219,0.223,0.227,0.229,0.227
YN.QIJ.,26.910,102.943,163.968,1772.819,1828.305,1847.168,69.000,0.310,0.409,0.410,0.408,0.408
SC.YGD.,30.201,104.103,162.143,1763.471,1816.608,1834.563,70.000,0.528,0.571,0.550,0.524,0.566
JX.GAA.,28.563,115.332,166.737,1786.806,1845.924,1866.218,71.000,0.352,0.290,0.288,0.288,0.289
SX.DAX.,39.052,113.056,156.205,1732.330,1778.124,1793.295,72.000,0.609,0.608,0.615,0.629,0.613
JX.HUC.,25.606,115.774,169.665,1801.328,1864.389,1886.273,73.000,0.297,0.296,0.310,0.314,0.309
NM.MZL.,49.555,117.440,145.688,1674.397,1708.404,1719.236,74.000,0.476,0.509,0.504,0.503,0.507
JS.PX.,34.800,116.900,160.420,1754.558,1805.512,1822.634,75.000,0.420,0.457,0.459,0.455,0.460
XJ.BKO.,43.820,93.069,146.006,1676.200,1710.542,1721.492,76.000,0.725,0.692,0.686,0.672,0.693
SC.BZH.,31.841,106.744,161.897,1762.206,1815.029,1832.865,77.000,0.715,0.627,0.635,0.632,0.630
N.KNPF.,43.763,143.708,142.430,1655.731,1686.401,1696.064,78.000,0.129,0.171,0.170,0.168,0.163
TM.PRAC.,12.473,99.793,165.128,1778.706,1835.702,1855.155,79.000,0.305,0.346,0.399,0.380,0.353
QH.MAD.,34.920,98.208,155.356,1727.784,1772.568,1787.360,80.000,0.505,0.580,0.600,0.601,0.595
SD.CSH.,34.853,118.049,160.243,1753.637,1804.369,1821.408,81.000,0.591,0.584,0.594,0.601,0.601
AH.JZA.,31.689,115.884,163.592,1770.899,1825.897,1844.571,82.000,0.617,0.639,0.643,0.637,0.641
NM.XIQ.,48.652,116.786,146.618,1679.662,1714.651,1725.831,83.000,0.568,0.513,0.523,0.548,0.520
HL.XUK.,49.081,128.916,144.318,1666.592,1699.174,1709.504,84.000,0.479,0.471,0.504,0.528,0.523
IU.YAK.00,62.031,129.680,132.101,1594.229,1615.471,1621.928,85.000,0.453,0.463,0.464,0.466,0.467
BU.SZL.,40.307,117.217,154.915,1725.415,1769.680,1784.276,86.000,0.484,0.460,0.461,0.458,0.464
LW.LAK.,18.192,104.978,170.131,1803.616,1867.316,1889.460,87.000,0.023,0.195,0.212,0.215,0.199
BJ.NKY.,39.692,115.973,155.596,1729.073,1774.142,1789.041,88.000,0.565,0.500,0.487,0.466,0.494
GD.XFJ.,23.739,114.657,171.568,1810.623,1876.300,1899.256,89.000,0.532,0.490,0.491,0.488,0.492
SN.MEIX.,34.128,107.817,160.144,1753.121,1803.729,1820.721,90.000,0.577,0.606,0.595,0.576,0.601
YN.JIH.,22.019,100.738,165.064,1778.385,1835.298,1854.718,91.000,0.355,0.179,0.206,0.212,0.190
N.ISIF.,34.061,134.455,154.228,1721.710,1765.170,1779.463,92.000,0.112,0.037,0.055,0.053,0.053
HB.JME.,31.119,112.169,164.002,1772.992,1828.522,1847.402,93.000,0.723,0.591,0.614,0.628,0.605
SX.SHZ.,40.142,113.237,155.128,1726.557,1771.072,1785.762,94.000,0.466,0.480,0.477,0.466,0.480
XJ.ALT.,47.855,88.135,140.708,1645.718,1674.696,1683.773,95.000,0.592,0.595,0.630,0.652,0.595
GX.DHX.,23.749,107.988,169.380,1799.925,1862.598,1884.324,96.000,0.458,0.425,0.409,0.392,0.422
GD.NAP.,23.260,117.283,171.721,1811.364,1877.253,1900.296,97.000,0.266,0.378,0.384,0.388,0.380
NX.XJI.,36.088,105.758,157.697,1740.263,1787.854,1803.701,98.000,0.734,0.732,0.727,0.708,0.733
HN.YOZ.,26.222,111.617,168.680,1796.475,1858.198,1879.539,99.000,0.536,0.598,0.605,0.607,0.602
TJ.SJT.,39.243,118.002,155.905,1730.724,1776.159,1791.195,100.000,0.264,0.268,0.269,0.268,0.270
YN.QKT.,25.217,98.335,161.648,1760.924,1813.429,1831.144,101.000,0.321,0.168,0.145,0.151,0.176
SC.RTA.,32.269,100.980,158.871,1746.456,1795.484,1811.875,102.000,0.458,0.436,0.435,0.425,0.447
SD.LSH.,35.807,116.081,159.471,1749.604,1799.373,1816.046,103.000,0.471,0.452,0.444,0.436,0.441
SC.GZI.,31.610,100.019,158.824,1746.211,1795.181,1811.551,104.000,0.293,0.295,0.322,0.336,0.298
IC.ENH.10,30.276,109.495,164.250,1774.252,1830.103,1849.108,105.000,0.645,0.567,0.598,0.630,0.582
NX.NSS.,37.696,106.083,156.311,1732.894,1778.813,1794.031,106.000,0.749,0.679,0.681,0.673,0.679
NX.TXN.,37.303,106.283,156.734,1735.152,1781.580,1796.989,107.000,0.596,0.658,0.647,0.642,0.662
JS.RD.,32.401,121.135,161.973,1762.599,1815.519,1833.392,108.000,0.040,0.030,0.031,0.032,0.032
HL.YAS.,45.338,128.404,147.871,1686.714,1723.042,1734.701,109.000,0.548,0.525,0.549,0.582,0.574
GX.CZS.,22.373,107.354,170.001,1802.979,1866.500,1888.572,110.000,0.213,0.042,0.018,0.014,0.036
JL.CBS.,42.070,128.070,150.912,1703.626,1743.291,1756.169,111.000,0.306,0.388,0.387,0.383,0.382
CQ.WUX.,31.401,109.611,163.214,1768.971,1823.484,1841.969,112.000,0.622,0.599,0.619,0.642,0.610
XZ.RKZ.,29.223,88.870,152.335,1711.434,1752.708,1766.181,113.000,0.226,0.363,0.385,0.392,0.355
JS.SQ.,34.050,118.307,160.999,1757.562,1809.245,1826.644,114.000,0.295,0.350,0.362,0.379,0.368
CQ.SHZ.,30.244,108.385,163.933,1772.638,1828.078,1846.923,115.000,0.662,0.587,0.593,0.607,0.594
HE.LIC.,37.453,114.392,157.852,1741.084,1788.864,1804.783,116.000,0.713,0.753,0.757,0.750,0.757
LN.BXI.,41.267,123.780,152.911,1714.570,1756.504,1770.223,117.000,0.453,0.400,0.396,0.393,0.402
IC.WMQ.00,43.814,87.705,143.339,1660.975,1692.558,1702.539,118.000,0.412,0.497,0.522,0.523,0.507
SD.DSD.,35.101,116.747,160.133,1753.062,1803.656,1820.642,119.000,0.455,0.503,0.495,0.485,0.500
FJ.WYXF.,27.748,118.011,167.217,1789.205,1848.962,1869.512,120.000,0.279,0.277,0.290,0.313,0.290
N.YMZF.,36.927,140.245,148.769,1691.739,1729.038,1741.049,121.000,0.089,0.181,0.172,0.175,0.164
GZ.LDT.,25.425,106.749,167.366,1789.951,1849.907,1870.537,122.000,0.341,0.388,0.385,0.370,0.392
FJ.YAXT.,25.723,117.125,169.368,1799.866,1862.522,1884.242,123.000,0.286,0.292,0.302,0.315,0.303
HA.LZH.,36.061,113.835,159.228,1748.328,1797.795,1814.354,124.000,0.622,0.586,0.610,0.630,0.602
SD.TCH.,34.703,118.457,160.334,1754.110,1804.955,1822.037,125.000,0.558,0.595,0.599,0.595,0.592
GS.HNT.,35.691,105.070,157.825,1740.939,1788.686,1804.592,126.000,0.690,0.675,0.659,0.645,0.670
GE.CISI.,-7.556,107.815,156.101,1731.773,1777.442,1792.566,127.000,0.241,0.227,0.227,0.214,0.223
CB.GYA.00,26.460,106.664,166.495,1785.593,1844.391,1864.557,128.000,0.459,0.481,0.481,0.482,0.484
SD.YSH.,35.788,118.627,159.242,1748.403,1797.889,1814.454,129.000,0.483,0.500,0.529,0.559,0.535
SN.JYAT.,34.709,108.753,159.843,1751.550,1801.782,1818.630,130.000,0.487,0.496,0.489,0.479,0.492
SC.EMS.,29.577,103.454,162.298,1764.272,1817.609,1835.641,131.000,0.306,0.338,0.341,0.333,0.337
NX.YCH.,38.609,105.933,155.417,1728.113,1772.970,1787.789,132.000,0.699,0.687,0.674,0.659,0.684
XZ.DXI.,30.534,91.065,153.434,1717.413,1759.949,1773.894,133.000,0.256,0.276,0.298,0.302,0.278
HN.LOD.,27.729,112.005,167.305,1789.643,1849.518,1870.114,134.000,0.579,0.654,0.649,0.630,0.654
XJ.TCH.,43.889,88.082,143.488,1661.829,1693.562,1703.596,135.000,0.318,0.330,0.329,0.338,0.330
KR.BTK.,40.057,70.818,134.490,1608.769,1632.030,1639.163,136.000,0.432,0.411,0.421,0.420,0.407
AU.BLDU.,-30.615,116.709,134.042,1606.054,1628.929,1635.931,137.000,0.243,0.359,0.214,0.224,0.223
HL.SHZ.,44.062,128.956,148.843,1692.157,1729.537,1741.578,138.000,0.530,0.578,0.582,0.587,0.584
GZ.LBT.,25.323,108.027,168.129,1793.748,1854.728,1875.769,139.000,0.522,0.542,0.527,0.509,0.543
LN.JCA.,40.829,119.877,154.107,1721.057,1764.376,1778.615,140.000,0.492,0.504,0.520,0.535,0.519
SN.HZHG.,33.253,107.433,160.844,1756.759,1808.246,1825.571,141.000,0.760,0.691,0.696,0.695,0.691
HI.BSH.,19.248,109.181,173.317,1819.068,1887.188,1911.145,142.000,-0.078,0.113,0.099,0.108,0.117
LN.LHT.,41.830,123.950,152.337,1711.443,1752.719,1766.194,143.000,0.227,0.258,0.251,0.238,0.242
YN.CAY.,23.136,99.258,163.355,1769.691,1824.385,1842.941,144.000,0.342,0.334,0.319,0.324,0.336
N.HROF.,37.225,140.878,148.186,1688.479,1725.146,1736.929,145.000,0.102,0.123,0.101,0.090,0.097
HI.WET.,19.958,110.870,174.009,1822.387,1891.483,1915.842,146.000,0.048,0.084,0.059,0.050,0.264
GE.SOEI.,-9.755,124.267,153.252,1716.424,1758.750,1772.617,147.000,0.175,0.246,0.255,0.274,0.267
HI.QSL.,19.666,110.754,174.157,1823.096,1892.403,1916.849,148.000,-0.143,-0.071,-0.075,-0.079,-0.071
FJ.NDZW.,26.678,119.562,167.808,1792.152,1852.700,1873.568,149.000,0.512,0.499,0.490,0.487,0.488
HL.NEH.,48.484,124.564,145.874,1675.449,1709.652,1720.552,150.000,-0.032,-0.022,-0.022,-0.017,-0.027
HE.ZJK.,40.831,114.902,154.478,1723.058,1766.811,1781.213,151.000,0.339,0.315,0.325,0.341,0.319
FJ.FQDZ.,25.703,119.285,168.805,1797.090,1858.981,1880.391,152.000,0.131,0.148,0.163,0.172,0.170
GS.YMG.,40.521,93.661,148.785,1691.830,1729.146,1741.164,153.000,0.584,0.612,0.600,0.588,0.606
SC.XCO.,31.018,105.902,162.291,1764.234,1817.561,1835.589,154.000,0.621,0.680,0.672,0.667,0.676
NM.WLH.,41.519,111.706,153.650,1718.584,1761.371,1775.410,155.000,0.709,0.726,0.722,0.721,0.726
SX.ZOQ.,37.099,113.350,158.169,1742.759,1790.925,1806.990,156.000,0.615,0.590,0.606,0.618,0.597
YN.WES.,23.408,104.252,167.152,1788.882,1848.553,1869.068,157.000,0.147,0.183,0.175,0.184,0.187
SD.WED.,37.178,121.923,157.244,1737.864,1784.906,1800.547,158.000,0.336,0.314,0.331,0.354,0.339
JS.NT.,31.952,120.891,162.467,1765.136,1818.688,1836.803,159.000,0.470,0.505,0.503,0.489,0.492
GE.JAGI.,-8.470,114.152,156.212,1732.366,1778.168,1793.342,160.000,0.104,0.088,0.089,0.125,0.105
HE.CLI.,39.758,119.096,155.268,1727.313,1771.994,1786.747,161.000,0.147,0.126,0.122,0.116,0.121
GE.BNDI.,-4.522,129.904,155.181,1726.846,1771.424,1786.138,162.000,0.379,0.508,0.523,0.539,0.514
KR.SFK.,40.017,73.508,136.424,1620.392,1645.362,1653.075,163.000,,,,,
HB.YNX.,30.023,115.112,165.283,1779.494,1836.694,1856.227,164.000,0.558,0.615,0.617,0.618,0.621
JS.LAS.,33.772,119.283,161.105,1758.112,1809.928,1827.380,165.000,0.212,0.212,0.217,0.223,0.217
JP.JOW.,26.836,128.273,162.994,1767.841,1822.069,1840.445,166.000,0.053,0.089,0.077,0.086,0.077
YN.MEL.,22.337,99.580,163.954,1772.750,1828.218,1847.074,167.000,0.456,0.451,0.407,0.413,0.447
AH.HNA.,32.633,116.804,162.583,1765.734,1819.435,1837.607,168.000,0.413,0.332,0.332,0.345,0.339
HI.DOF.,19.066,108.729,173.062,1817.843,1885.604,1909.414,169.000,-0.035,0.288,0.314,0.326,0.277
HE.CHC.,40.914,115.837,154.379,1722.527,1766.165,1780.524,170.000,0.430,0.364,0.383,0.409,0.377
II.ARU.00,56.429,58.562,121.071,1524.736,1537.880,1541.783,171.000,0.523,0.569,0.535,0.536,0.572
NM.BHS.,40.965,112.026,154.228,1721.709,1765.169,1779.461,172.000,0.606,0.619,0.622,0.614,0.620
YN.YUL.,25.885,99.372,162.099,1763.248,1816.330,1834.264,173.000,0.259,0.150,0.133,0.139,0.152
GD.HYJ.,23.724,114.588,171.581,1810.684,1876.378,1899.342,174.000,0.507,0.456,0.453,0.446,0.453
LN.MQI.,41.768,124.589,152.233,1710.878,1752.036,1765.466,175.000,0.684,0.740,0.754,0.766,0.757
FJ.YAYX.,25.990,117.358,169.062,1798.363,1860.604,1882.155,176.000,-0.046,-0.048,-0.047,-0.044,-0.046
IU.TIXI.00,71.634,128.867,123.052,1537.513,1551.953,1556.254,177.000,0.524,0.515,0.528,0.506,0.525
GE.MALK.,8.397,80.543,145.777,1674.902,1709.003,1719.867,178.000,0.511,0.528,0.504,0.522,0.535
GD.GZH.,23.653,113.652,171.582,1810.689,1876.384,1899.348,179.000,0.264,0.238,0.233,0.220,0.218
FJ.SNQY.,27.403,119.483,167.158,1788.911,1848.590,1869.109,180.000,0.408,0.454,0.448,0.450,0.456
KR.PRZ.,42.500,78.400,138.631,1633.508,1660.509,1668.909,181.000,0.527,0.355,0.342,0.339,0.352
IC.XAN.00,34.031,108.924,160.532,1755.140,1806.234,1823.410,182.000,0.555,0.599,0.592,0.576,0.593
GE.UGM.,-7.912,110.523,156.389,1733.312,1779.326,1794.580,183.000,0.116,0.095,0.103,0.118,0.104
SX.ANZ.,36.160,112.250,159.021,1747.243,1796.455,1812.917,184.000,0.608,0.593,0.603,0.605,0.599
JL.HST.,42.949,127.140,150.419,1700.905,1740.020,1752.695,185.000,0.366,0.290,0.313,0.331,0.336
JX.SHC.,26.299,116.331,168.922,1797.668,1859.718,1881.192,186.000,0.108,0.069,0.071,0.079,0.075
YN.YIM.,24.700,102.144,164.836,1777.230,1833.845,1853.148,187.000,0.193,0.241,0.232,0.230,0.243
YN.MIZ.,25.132,98.420,161.757,1761.485,1814.129,1831.897,188.000,0.256,0.261,0.235,0.233,0.267
NM.NJT.,48.184,123.386,146.378,1678.303,1713.037,1724.126,189.000,0.409,0.396,0.393,0.388,0.399
CB.HEH.00,50.253,127.410,143.602,1662.486,1694.336,1704.410,190.000,0.473,0.465,0.463,0.462,0.463
LN.WFD.,39.630,121.987,154.887,1725.262,1769.494,1784.077,191.000,0.079,0.067,0.072,0.078,0.069
AU.YNG.,-34.298,148.396,121.012,1524.356,1537.463,1541.355,192.000,0.293,0.251,0.257,0.276,0.260
SD.DSH.,38.000,117.667,157.171,1737.475,1784.428,1800.036,193.000,0.421,0.421,0.426,0.435,0.427
JS.GY.,32.745,119.448,162.068,1763.085,1816.126,1834.045,194.000,0.342,0.403,0.398,0.383,0.390
SX.SZZ.,40.084,113.713,155.204,1726.970,1771.576,1786.300,195.000,0.393,0.388,0.393,0.390,0.391
HB.XNI.,29.716,114.411,165.587,1781.028,1838.627,1858.317,196.000,0.626,0.638,0.636,0.631,0.640
JX.LEA.,27.410,115.848,167.862,1792.418,1853.038,1873.934,197.000,0.369,0.396,0.407,0.423,0.407
YN.GEJ.,23.354,103.160,166.369,1784.959,1843.589,1863.688,198.000,0.164,0.266,0.289,0.293,0.266
YN.MAS.,24.424,98.592,162.234,1763.940,1817.194,1835.194,199.000,0.381,0.350,0.333,0.336,0.348
LN.DL2.,38.906,121.628,155.659,1729.410,1774.554,1789.481,200.000,0.258,0.240,0.247,0.255,0.251
XJ.AKS.,41.145,80.109,140.413,1643.991,1672.683,1681.663,201.000,0.426,0.469,0.480,0.481,0.465
CB.CN2.00,43.480,125.260,150.457,1701.116,1740.274,1752.964,202.000,0.379,0.358,0.352,0.358,0.364
GZ.WNT.,26.907,104.303,164.815,1777.122,1833.709,1853.001,203.000,0.118,0.059,0.065,0.057,0.059
XJ.SHZ.,44.214,85.863,142.083,1653.717,1684.042,1693.585,204.000,0.490,0.434,0.387,0.362,0.441
SN.LINT.,34.352,109.212,160.294,1753.900,1804.695,1821.758,205.000,0.456,0.396,0.399,0.402,0.395
N.JIZF.,34.917,138.994,150.779,1702.895,1742.412,1755.235,206.000,0.364,0.272,0.259,0.255,0.276
CB.KSH.00,39.517,75.923,138.326,1631.707,1658.423,1666.727,207.000,0.376,0.300,0.290,0.293,0.307
JL.BCT.,45.554,122.207,149.125,1693.727,1731.415,1743.568,208.000,0.223,0.192,0.185,0.176,0.190
HE.JNX.,38.027,114.151,157.273,1738.015,1785.092,1800.746,209.000,0.651,0.699,0.689,0.671,0.696
N.TKOF.,31.893,131.232,157.683,1740.190,1787.764,1803.606,210.000,0.090,0.319,0.288,0.278,0.282
SC.MLI.,27.932,101.272,162.186,1763.694,1816.886,1834.863,211.000,0.207,0.084,0.094,0.096,0.084
GX.GGS.,23.055,109.618,170.821,1806.985,1871.631,1894.164,212.000,0.616,0.532,0.522,0.520,0.532
SD.RSH.,36.920,121.599,157.568,1739.582,1787.017,1802.805,213.000,0.313,0.258,0.260,0.276,0.275
GS.HZT.,35.010,102.911,157.580,1739.643,1787.091,1802.885,214.000,0.667,0.719,0.716,0.707,0.720
MY.LDM.,5.178,118.498,169.249,1799.285,1861.780,1883.434,215.000,0.134,0.194,0.204,0.215,0.205
SC.YJI.,30.034,101.012,160.555,1755.259,1806.382,1823.570,216.000,0.154,0.218,0.212,0.206,0.216
SX.LIS.,37.529,111.242,157.552,1739.498,1786.913,1802.694,217.000,0.711,0.701,0.705,0.699,0.702
JX.JGS.,26.562,114.161,168.729,1796.716,1858.505,1879.873,218.000,0.629,0.652,0.662,0.669,0.660
MI.ANSW.,16.342,145.673,150.342,1700.478,1739.508,1752.151,219.000,0.129,0.174,0.176,0.188,0.147
TM.NAYO.,14.315,101.321,166.898,1787.611,1846.944,1867.324,220.000,0.373,0.343,0.291,0.306,0.351
NX.SZS.,39.283,106.660,154.977,1725.746,1770.083,1784.706,221.000,0.518,0.648,0.640,0.613,0.649
KR.FRU1.,42.812,74.628,136.037,1618.074,1642.696,1650.291,222.000,0.444,0.312,0.347,0.344,0.304
QH.QSS.,36.268,101.975,156.109,1731.819,1777.498,1792.626,223.000,0.704,0.695,0.683,0.667,0.690
SD.XIT.,35.947,117.763,159.196,1748.162,1797.590,1814.134,224.000,0.535,0.553,0.567,0.589,0.572
HN.YIY.,28.577,112.323,166.529,1785.765,1844.608,1864.792,225.000,0.500,0.468,0.469,0.477,0.469
JS.XH.,32.889,119.847,161.842,1761.922,1814.674,1832.483,226.000,0.415,0.406,0.400,0.380,0.398
CB.WHN.00,30.543,114.354,164.759,1776.839,1833.354,1852.617,227.000,0.353,0.246,0.272,0.306,0.269
XJ.WSC.,43.457,87.685,143.569,1662.297,1694.114,1704.176,228.000,0.363,0.424,0.479,0.492,0.434
SX.BOD.,38.955,111.001,156.115,1731.847,1777.532,1792.662,229.000,0.312,0.248,0.258,0.265,0.252
GX.TE.,24.982,107.168,167.949,1792.850,1853.587,1874.530,230.000,0.374,0.344,0.320,0.296,0.343
SX.XAY.,36.668,112.946,158.574,1744.896,1793.558,1809.811,231.000,0.603,0.600,0.603,0.592,0.600
JP.ASAJ.,44.119,142.593,142.801,1657.875,1688.916,1698.708,232.000,0.160,0.126,0.145,0.145,0.156
JX.JIX.,28.212,116.247,167.030,1788.273,1847.781,1868.231,233.000,0.437,0.410,0.403,0.395,0.411
GD.SHT.,23.416,116.626,171.719,1811.356,1877.242,1900.284,234.000,0.113,0.153,0.136,0.112,0.131
SN.LOXT.,34.969,106.700,159.026,1747.270,1796.489,1812.953,235.000,0.755,0.773,0.769,0.750,0.768
XJ.ALS.,45.153,82.119,139.417,1638.142,1665.883,1674.536,236.000,0.710,0.675,0.674,0.666,0.681
HL.FUY.,48.355,134.275,143.292,1660.703,1692.239,1702.203,237.000,0.259,0.274,0.306,0.326,0.316
QH.DAW.,34.478,100.248,156.768,1735.333,1781.801,1797.225,238.000,0.564,0.578,0.598,0.615,0.581
AU.RABL.,-4.191,152.164,138.213,1631.034,1657.645,1665.913,239.000,0.408,0.367,0.371,0.364,0.378
HA.JS.,34.610,113.240,160.645,1755.726,1806.962,1824.192,240.000,0.450,0.441,0.444,0.444,0.442
XJ.AHQ.,40.934,78.459,139.432,1638.233,1665.988,1674.646,241.000,0.571,0.568,0.549,0.547,0.568
JP.JHJ2.,33.115,139.814,151.228,1705.363,1745.382,1758.391,242.000,0.091,0.060,0.092,0.092,0.074
GE.HMDM.,6.773,73.182,138.311,1631.614,1658.316,1666.615,243.000,0.450,0.253,0.289,0.278,0.245
SC.HLI.,26.653,102.253,163.690,1771.399,1826.524,1845.247,244.000,0.258,0.293,0.289,0.284,0.292
HL.HEG.,47.353,130.236,145.505,1673.357,1707.172,1717.936,245.000,0.535,0.462,0.477,0.501,0.506
HE.HNS.,37.401,114.710,157.907,1741.374,1789.221,1805.165,246.000,0.621,0.623,0.632,0.638,0.629
JS.SY.,33.767,120.250,160.905,1757.076,1808.640,1825.995,247.000,0.017,0.060,0.069,0.081,0.075
CQ.YUB.,29.858,106.827,163.693,1771.414,1826.544,1845.268,248.000,0.632,0.689,0.688,0.690,0.688
YN.YOD.,24.036,99.245,162.942,1767.576,1821.738,1840.088,249.000,0.451,0.372,0.351,0.357,0.371
II.DGAR.00,-7.412,72.452,132.254,1595.171,1616.540,1623.038,250.000,0.130,0.259,0.252,0.257,0.266
GX.LNS.,22.420,109.281,171.159,1808.632,1873.744,1896.468,251.000,0.429,0.218,0.232,0.239,0.221
GX.DXS.,21.672,107.497,170.572,1805.773,1870.078,1892.470,252.000,0.130,0.081,0.088,0.082,0.083
HB.FXI.,31.938,110.724,162.953,1767.634,1821.810,1840.166,253.000,0.635,0.464,0.486,0.510,0.476
N.TASF.,31.195,130.909,158.366,1743.796,1792.203,1808.359,254.000,0.357,0.222,0.225,0.231,0.221
XJ.WUS.,41.200,79.220,139.806,1640.430,1668.541,1677.320,255.000,0.284,0.364,0.369,0.365,0.363
SC.JLO.,28.996,101.512,161.603,1760.689,1813.137,1830.829,256.000,0.317,0.195,0.210,0.210,0.195
XJ.LSG.,45.564,84.275,140.352,1643.633,1672.267,1681.226,257.000,0.586,0.618,0.628,0.636,0.617
N.HJOF.,33.105,139.802,151.241,1705.438,1745.473,1758.487,258.000,0.146,0.231,0.208,0.213,0.220
GS.YJZ.,40.391,98.641,151.228,1705.368,1745.388,1758.397,259.000,0.539,0.526,0.517,0.509,0.524
KR.ARK.,41.800,71.967,134.664,1609.818,1633.230,1640.414,260.000,0.476,0.347,0.334,0.334,0.346
AU.MORW.,-29.068,116.040,135.609,1615.506,1639.746,1647.212,261.000,0.453,0.513,0.509,0.513,0.520
LN.LYA.,41.219,119.382,153.792,1719.354,1762.306,1776.407,262.000,0.586,0.618,0.629,0.632,0.627
JS.NJ2.,32.052,118.854,162.862,1767.163,1821.222,1839.532,263.000,0.531,0.567,0.578,0.588,0.581
SC.LTA.,30.000,100.269,160.127,1753.032,1803.619,1820.602,264.000,0.139,0.249,0.274,0.264,0.232
SD.JUX.,35.543,118.895,159.441,1749.447,1799.179,1815.838,265.000,0.469,0.494,0.510,0.526,0.512
SN.QLIT.,34.570,108.217,159.839,1751.528,1801.755,1818.602,266.000,0.614,0.628,0.621,0.615,0.623
N.KSNF.,38.976,141.530,146.717,1680.222,1715.317,1726.534,267.000,0.264,0.220,0.224,0.229,0.214
FJ.LJTL.,26.353,119.920,167.981,1793.011,1853.792,1874.752,268.000,0.489,0.480,0.483,0.477,0.488
AH.HUS.,29.706,118.378,165.238,1779.265,1836.406,1855.915,269.000,0.464,0.493,0.503,0.513,0.504
SX.TAG.,37.367,112.578,157.851,1741.076,1788.853,1804.772,270.000,0.598,0.561,0.577,0.593,0.570
BU.LQS.,40.102,116.082,155.183,1726.854,1771.434,1786.149,271.000,0.424,0.474,0.463,0.444,0.467
N.SBRF.,33.505,130.253,157.080,1736.993,1783.837,1799.403,272.000,0.152,0.251,0.232,0.213,0.233
HI.NAD.,19.534,109.619,173.471,1819.812,1888.150,1912.196,273.000,0.341,0.182,0.183,0.190,0.182
GE.SAUI.,-7.983,131.299,151.564,1707.214,1747.613,1760.762,274.000,0.241,0.360,0.362,0.342,0.368
LW.LAP.,19.898,102.165,167.085,1788.549,1848.131,1868.611,275.000,0.423,0.289,0.291,0.299,0.301
SX.YAY.,39.955,114.158,155.346,1727.731,1772.504,1787.292,276.000,0.412,0.374,0.374,0.371,0.374
HA.LS.,34.018,111.040,160.979,1757.461,1809.118,1826.508,277.000,0.474,0.554,0.563,0.573,0.564
IM.MK31.,46.794,82.291,138.510,1632.794,1659.682,1668.044,278.000,0.341,0.241,0.242,0.253,0.232
XJ.XNY.,43.564,83.303,141.045,1647.683,1676.988,1686.178,279.000,0.165,0.428,0.503,0.526,0.418
HE.GAN.,38.368,114.024,156.929,1736.188,1782.849,1798.347,280.000,0.660,0.638,0.632,0.606,0.635
N.SBTF.,37.968,139.450,148.618,1690.900,1728.036,1739.988,281.000,0.217,0.229,0.225,0.218,0.226
HL.MDJ.,44.616,129.589,148.143,1688.242,1724.864,1736.629,282.000,0.377,0.491,0.479,0.465,0.477
QH.HUL.,36.074,102.248,156.391,1733.322,1779.338,1794.592,283.000,0.679,0.680,0.682,0.679,0.678
SC.JJS.,31.004,104.546,161.697,1761.176,1813.744,1831.482,284.000,0.595,0.604,0.584,0.556,0.598
N.NKGF.,44.802,142.085,142.605,1656.740,1687.585,1697.308,285.000,0.017,0.087,0.089,0.082,0.094
BU.ZHL.,40.157,115.133,155.150,1726.676,1771.217,1785.918,286.000,0.247,0.247,0.242,0.234,0.249
HE.YAY.,40.161,114.169,155.140,1726.626,1771.157,1785.853,287.000,0.438,0.491,0.468,0.435,0.479
XZ.SQHE.,32.521,80.011,144.052,1665.067,1697.376,1707.611,288.000,0.382,0.362,0.353,0.354,0.361
SC.PGE.,27.384,102.542,163.382,1769.827,1824.555,1843.124,289.000,0.335,0.268,0.269,0.268,0.266
QH.LEH.,38.819,93.414,149.891,1697.980,1736.510,1748.970,290.000,0.422,0.438,0.439,0.435,0.436
LN.NAP.,41.089,120.758,153.713,1718.926,1761.787,1775.853,291.000,0.668,0.630,0.613,0.586,0.615
N.ABUF.,34.863,135.571,153.007,1715.096,1757.141,1770.902,292.000,0.263,0.125,0.127,0.130,0.126
JL.LYT.,42.948,125.149,150.984,1704.020,1743.766,1756.673,293.000,0.674,0.656,0.650,0.636,0.642
HB.SZH.,31.630,113.386,163.624,1771.066,1826.108,1844.798,294.000,0.605,0.546,0.549,0.549,0.545
N.INNF.,33.470,131.306,156.516,1733.987,1780.152,1795.463,295.000,0.063,0.067,0.082,0.085,0.093
SH.DYS.,30.583,122.067,163.349,1769.661,1824.348,1842.901,296.000,0.294,0.227,0.228,0.227,0.234
HB.SSH.,29.646,112.690,165.527,1780.722,1838.241,1857.900,297.000,0.492,0.508,0.509,0.508,0.510
GS.GTA.,39.400,99.817,152.552,1712.618,1754.140,1767.706,298.000,0.689,0.701,0.697,0.689,0.698
FJ.TNSC.,26.908,117.181,168.197,1794.083,1855.154,1876.232,299.000,0.525,0.463,0.469,0.477,0.475
XJ.LTA.,42.022,84.167,142.470,1655.962,1686.671,1696.348,300.000,0.414,0.357,0.309,0.287,0.363
GS.ZHQ.,33.811,104.381,159.228,1748.330,1797.797,1814.356,301.000,0.707,0.685,0.670,0.647,0.680
SC.YYU.,27.467,101.678,162.765,1766.668,1820.602,1838.864,302.000,0.288,0.232,0.227,0.225,0.230
JX.XIS.,29.040,114.563,166.266,1784.446,1842.940,1862.986,303.000,0.466,0.419,0.420,0.411,0.420
GD.MEZ.,24.317,116.137,170.909,1807.415,1872.183,1894.766,304.000,0.339,0.395,0.396,0.390,0.396
GX.WZS.,23.481,111.234,171.151,1808.593,1873.693,1896.413,305.000,0.549,0.552,0.573,0.593,0.561
GX.BSS.,23.895,106.557,168.407,1795.122,1856.475,1877.667,306.000,-0.004,0.234,0.234,0.238,0.235
GD.XNH.,22.570,113.034,172.541,1815.336,1882.367,1905.879,307.000,0.298,0.551,0.526,0.498,0.531
XZ.MZG.,29.847,91.748,154.285,1722.020,1765.548,1779.865,308.000,0.315,0.424,0.428,0.432,0.421
AH.ANQ.,30.580,117.020,164.598,1776.021,1832.325,1851.506,309.000,0.405,0.472,0.473,0.468,0.470
GS.SNT.,38.841,99.611,152.931,1714.682,1756.639,1770.368,310.000,0.598,0.610,0.591,0.570,0.607
SC.LBO.,28.272,103.570,163.364,1769.735,1824.440,1843.000,311.000,0.166,0.218,0.208,0.202,0.213
SD.JIX.,35.400,116.350,159.863,1751.651,1801.907,1818.764,312.000,0.450,0.521,0.527,0.526,0.526
HI.QZN.,19.029,109.844,173.951,1822.112,1891.127,1915.452,313.000,0.077,0.122,0.125,0.135,0.126
JL.CBT.,41.420,128.174,151.454,1706.605,1746.879,1759.981,314.000,0.142,0.129,0.113,0.104,0.125
GS.ZHY.,39.091,100.531,153.109,1715.647,1757.808,1771.613,315.000,0.486,0.458,0.461,0.454,0.457
MY.KUM.,5.290,100.649,162.835,1767.028,1821.053,1839.350,316.000,0.594,0.607,0.603,0.602,0.610
XJ.KUC.,41.853,82.857,141.772,1651.914,1681.932,1691.368,317.000,0.224,0.173,0.184,0.193,0.172
QH.DLH.,37.381,97.378,153.050,1715.329,1757.422,1771.201,318.000,0.487,0.513,0.527,0.525,0.515
ZJ.WXJ.,28.696,118.826,166.114,1783.681,1841.974,1861.940,319.000,0.383,0.538,0.534,0.516,0.522
HB.SYA.,32.597,110.719,162.312,1764.339,1817.692,1835.731,320.000,0.402,0.382,0.396,0.415,0.390
SN.YAAN.,36.872,109.325,157.887,1741.268,1789.090,1805.025,321.000,0.715,0.684,0.693,0.693,0.687
HE.TLK.,40.139,119.045,154.899,1725.330,1769.577,1784.166,322.000,0.480,0.493,0.480,0.474,0.475
BJ.SSL.,40.251,116.225,155.028,1726.022,1770.419,1785.065,323.000,0.140,0.123,0.113,0.105,0.119
LN.GAX.,40.413,122.366,154.053,1720.766,1764.022,1778.238,324.000,0.233,0.206,0.197,0.180,0.186
XJ.ZSU.,42.676,80.367,139.780,1640.280,1668.366,1677.137,325.000,0.623,0.593,0.587,0.580,0.593
AU.WRKA.,-25.038,128.296,137.574,1627.243,1653.264,1661.331,326.000,0.322,0.496,0.498,0.502,0.502
HL.BAQ.,46.330,132.149,145.772,1674.872,1708.967,1719.829,327.000,0.188,0.228,0.210,0.186,0.195
N.FUKF.,32.718,128.757,158.491,1744.454,1793.014,1809.228,328.000,0.091,0.142,0.138,0.134,0.141
HI.SAY.,18.204,109.493,174.122,1822.927,1892.184,1916.608,329.000,0.184,0.164,0.166,0.171,0.156
BU.BJT.,40.018,116.168,155.263,1727.283,1771.957,1786.708,330.000,0.530,0.534,0.535,0.527,0.535
AU.XMIS.,-10.481,105.652,152.653,1713.169,1754.807,1768.416,331.000,-0.026,0.004,0.035,0.098,0.007
HA.DA.,34.800,111.320,160.254,1753.691,1804.436,1821.479,332.000,0.501,0.434,0.434,0.439,0.434
GS.NXT.,35.561,107.922,158.823,1746.202,1795.170,1811.539,333.000,0.559,0.538,0.540,0.529,0.537
YN.YUM.,25.689,101.861,164.036,1773.166,1828.741,1847.638,334.000,0.136,0.377,0.382,0.382,0.377
HB.NZH.,31.392,111.616,163.650,1771.195,1826.269,1844.972,335.000,0.624,0.514,0.527,0.538,0.522
SX.JIC.,37.712,112.436,157.496,1739.196,1786.543,1802.298,336.000,0.550,0.546,0.540,0.550,0.546
XJ.RUQ.,38.974,88.838,147.143,1682.622,1718.169,1729.549,337.000,0.397,0.379,0.411,0.411,0.379
N.IMGF.,42.393,140.141,145.284,1672.104,1705.688,1716.370,338.000,0.034,0.117,0.101,0.096,0.090
GX.PNX.,23.614,110.435,170.718,1806.482,1870.987,1893.462,339.000,0.611,0.514,0.523,0.534,0.523
JX.JDZ.,29.275,117.261,165.855,1782.378,1840.330,1860.160,340.000,0.493,0.461,0.468,0.480,0.472
AH.HSH.,31.770,118.058,163.279,1769.300,1823.895,1842.413,341.000,0.364,0.396,0.396,0.391,0.398
SD.LOK.,37.552,120.508,157.197,1737.611,1784.596,1800.215,342.000,0.434,0.363,0.370,0.413,0.395
YN.DOC.,26.092,103.187,164.686,1776.471,1832.891,1852.118,343.000,0.239,0.235,0.231,0.233,0.236
MY.SBM.,2.453,112.214,166.887,1787.558,1846.876,1867.250,344.000,0.304,0.274,0.279,0.290,0.281
PS.PSI.,2.694,98.924,159.875,1751.713,1801.984,1818.847,345.000,0.285,0.277,0.288,0.289,0.274
SH.TPS.,31.289,120.494,163.204,1768.916,1823.415,1841.895,346.000,0.469,0.492,0.492,0.487,0.482
SX.KEL.,38.778,111.720,156.370,1733.213,1779.204,1794.449,347.000,0.563,0.563,0.559,0.574,0.559
LN.XYN.,40.275,123.259,153.977,1720.356,1763.524,1777.706,348.000,0.524,0.548,0.558,0.564,0.558
MI.HTSP.,15.232,145.799,150.157,1699.456,1738.280,1750.849,349.000,0.338,0.378,0.389,0.396,0.343
GE.GENI.,-2.593,140.168,149.198,1694.134,1731.903,1744.085,350.000,0.271,0.212,0.220,0.199,0.238
GS.JTA.,37.190,104.090,156.132,1731.938,1777.644,1792.782,351.000,0.728,0.759,0.759,0.737,0.754
JS.XZ.,34.231,117.166,160.961,1757.366,1809.000,1826.382,352.000,0.513,0.585,0.595,0.589,0.589
BU.BDH.,39.825,119.474,155.150,1726.679,1771.221,1785.921,353.000,0.463,0.457,0.455,0.439,0.448
QH.DCD.,37.932,95.376,151.593,1707.368,1747.799,1760.960,354.000,0.448,0.447,0.460,0.465,0.447
N.KYKF.,30.378,130.410,159.238,1748.383,1797.863,1814.426,355.000,0.209,0.136,0.117,0.103,0.122
TJ.YGZ.,39.910,117.248,155.308,1727.528,1772.256,1787.027,356.000,0.480,0.447,0.437,0.433,0.444
HN.CNS.,28.182,112.930,167.006,1788.152,1847.628,1868.065,357.000,0.635,0.663,0.653,0.651,0.661
YN.LUS.,25.832,98.852,161.734,1761.367,1813.982,1831.738,358.000,0.167,0.091,0.077,0.083,0.092
AH.LAN.,31.715,116.501,163.523,1770.550,1825.460,1844.100,359.000,0.589,0.516,0.532,0.552,0.538
TW.KMNB.,24.464,118.388,170.256,1804.226,1868.097,1890.311,360.000,0.273,0.237,0.257,0.283,0.271
AU.CMSA.,-31.538,145.692,124.584,1547.302,1562.794,1567.420,361.000,0.508,0.524,0.522,0.506,0.525
FJ.FDQY.,27.118,120.259,167.159,1788.915,1848.595,1869.114,362.000,0.256,0.154,0.158,0.170,0.156
XZ.GZE.,32.290,84.070,147.314,1683.586,1719.316,1730.761,363.000,0.435,0.422,0.414,0.414,0.426
LN.FKU.,42.508,123.347,151.834,1708.695,1749.399,1762.661,364.000,0.437,0.421,0.420,0.408,0.414
SX.XIY.,37.569,113.721,157.717,1740.371,1787.987,1803.844,365.000,0.665,0.662,0.666,0.657,0.666
HI.QIH.,19.222,110.476,174.287,1823.714,1893.204,1917.725,366.000,0.026,-0.074,-0.073,-0.073,-0.073
XZ.NMU.,29.430,90.150,153.253,1716.433,1758.761,1772.628,367.000,0.213,0.152,0.112,0.114,0.165
IU.ULN.00,47.865,107.053,146.814,1680.768,1715.965,1727.219,368.000,0.612,0.597,0.617,0.623,0.590
MY.KSM.,1.473,110.308,165.461,1780.393,1837.827,1857.451,369.000,0.189,0.072,0.069,0.071,0.069
XJ.SMY.,41.638,79.731,139.919,1641.092,1669.311,1678.127,370.000,0.493,0.578,0.586,0.583,0.575
KR.ARLS.,41.854,74.329,136.252,1619.361,1644.175,1651.835,371.000,0.504,0.157,0.175,0.176,0.152
N.KMUF.,42.239,142.962,143.826,1663.774,1695.852,1706.006,372.000,0.081,0.137,0.130,0.136,0.133
IC.SSE.10,31.095,121.189,163.179,1768.789,1823.256,1841.723,373.000,0.465,0.467,0.467,0.465,0.463
JS.TZ.,32.409,119.919,162.286,1764.208,1817.528,1835.554,374.000,0.449,0.395,0.385,0.367,0.383
SN.HEYT.,35.407,110.063,159.452,1749.502,1799.248,1815.911,375.000,0.731,0.614,0.628,0.644,0.618
XJ.YUT.,36.429,81.997,143.979,1664.649,1696.884,1707.092,376.000,0.346,0.449,0.451,0.452,0.451
FJ.PTLC.,25.447,119.014,169.134,1798.714,1861.052,1882.643,377.000,0.430,0.366,0.376,0.402,0.394
GE.HALK.,6.088,80.681,145.250,1671.909,1705.458,1716.127,378.000,0.519,0.562,0.574,0.569,0.561
SD.LAY.,36.988,120.721,157.699,1740.276,1787.870,1803.719,379.000,0.374,0.341,0.370,0.391,0.380
LN.HSH.,39.537,121.274,155.124,1726.540,1771.051,1785.740,380.000,0.066,0.116,0.121,0.126,0.121
GX.YTT.,24.029,107.518,168.890,1797.515,1859.522,1880.979,381.000,0.222,0.272,0.259,0.291,0.269
FJ.QZH.,24.942,118.595,169.742,1801.707,1864.874,1886.801,382.000,0.056,0.154,0.173,0.194,0.185
SD.YTA.,37.520,121.387,157.043,1736.794,1783.593,1799.142,383.000,0.292,0.296,0.323,0.343,0.333
SC.XHA.,31.374,107.717,162.669,1766.173,1819.984,1838.199,384.000,0.749,0.690,0.705,0.712,0.694
KZ.MAKZ.,46.808,81.977,138.333,1631.744,1658.467,1666.772,385.000,0.582,0.562,0.550,0.551,0.556
HB.LCH.,30.372,108.882,163.977,1772.862,1828.359,1847.226,386.000,0.662,0.609,0.619,0.627,0.612
SC.XSB.,27.862,102.448,162.987,1767.804,1822.023,1840.395,387.000,0.255,0.308,0.304,0.295,0.306
JX.NNC.,28.770,115.800,166.509,1785.663,1844.479,1864.653,388.000,0.358,0.331,0.337,0.330,0.338
N.SGNF.,35.510,138.944,150.459,1701.127,1740.287,1752.979,389.000,0.341,0.218,0.223,0.228,0.223
N.TGAF.,35.185,136.338,152.321,1711.359,1752.617,1766.085,390.000,0.103,0.140,0.165,0.168,0.171
TW.SSLB.,23.788,120.954,169.751,1801.750,1864.929,1886.861,391.000,0.265,0.260,0.273,0.289,0.278
N.KNMF.,35.717,137.178,151.455,1706.616,1746.892,1759.995,392.000,0.073,0.104,0.091,0.092,0.077
GS.HXP.,38.391,102.110,154.339,1722.308,1765.898,1780.239,393.000,0.565,0.638,0.615,0.576,0.632
JL.FMT.,43.728,126.664,149.847,1697.740,1736.221,1748.664,394.000,0.484,0.505,0.532,0.560,0.551
SC.CD2.,30.910,103.758,161.394,1759.607,1811.789,1829.379,395.000,0.574,0.535,0.528,0.520,0.532
SC.QCH.,32.593,105.228,160.637,1755.686,1806.912,1824.139,396.000,0.643,0.701,0.690,0.665,0.702
JS.QD.,31.836,121.685,162.332,1764.447,1817.827,1835.876,397.000,-0.055,0.026,0.026,0.026,0.030
N.GJMF.,39.956,140.111,146.942,1681.489,1716.822,1728.125,398.000,0.158,0.150,0.162,0.172,0.147
QH.GOM.,36.198,94.814,152.526,1712.477,1753.970,1767.525,399.000,0.329,0.368,0.405,0.414,0.367
JL.MJT.,41.948,127.594,151.180,1705.100,1745.066,1758.054,400.000,0.204,0.210,0.217,0.224,0.210
NX.YCI.,37.778,107.437,156.596,1734.418,1780.680,1796.027,401.000,0.604,0.600,0.583,0.545,0.591
QH.BAM.,32.949,100.727,158.211,1742.982,1791.200,1807.285,402.000,0.576,0.631,0.618,0.613,0.633
N.OSWF.,27.098,142.196,151.989,1709.540,1750.419,1763.747,403.000,0.246,0.091,0.107,0.099,0.094
AU.FORT.,-30.779,128.059,132.190,1594.778,1616.094,1622.575,404.000,0.178,0.210,0.210,0.208,0.209
CQ.CHS.,29.905,107.232,163.816,1772.043,1827.332,1846.119,405.000,0.630,0.686,0.684,0.683,0.683
JX.DUC.,29.256,116.193,165.996,1783.088,1841.225,1861.129,406.000,0.314,0.273,0.296,0.332,0.309
QH.XIH.,35.507,99.809,155.734,1729.812,1775.044,1790.005,407.000,0.551,0.584,0.606,0.618,0.589
JX.FEC.,27.933,115.728,167.349,1789.864,1849.797,1870.418,408.000,0.395,0.328,0.335,0.341,0.336
LN.XMN.,42.071,122.868,152.357,1711.554,1752.854,1766.337,409.000,0.531,0.473,0.487,0.489,0.495
N.ONSF.,36.156,138.982,150.043,1698.822,1737.520,1750.041,410.000,0.164,0.099,0.105,0.114,0.110
GD.JIX.,23.427,115.705,171.840,1811.944,1877.998,1901.109,411.000,0.190,0.190,0.183,0.173,0.178
AU.HTT.,-33.431,138.922,126.115,1557.009,1573.596,1578.562,412.000,0.318,0.240,0.252,0.303,0.272
JX.GAZ.,25.790,114.980,169.517,1800.603,1863.463,1885.266,413.000,0.343,0.392,0.397,0.395,0.389
SD.RCH.,37.171,122.420,157.126,1737.234,1784.132,1799.719,414.000,0.383,0.401,0.432,0.455,0.448
LN.CHY.,41.573,120.485,153.285,1716.605,1758.970,1772.851,415.000,0.485,0.562,0.545,0.513,0.552
JL.JCT.,42.352,126.393,151.189,1705.150,1745.125,1758.118,416.000,0.423,0.311,0.295,0.280,0.306
SC.PZH.,26.503,101.743,163.442,1770.132,1824.937,1843.536,417.000,0.315,0.002,0.171,-0.005,0.004
YN.FUN.,23.625,105.620,167.980,1793.007,1853.786,1874.747,418.000,0.041,0.024,0.010,0.016,0.031
BU.NSC.,40.140,117.254,155.079,1726.297,1770.755,1785.424,419.000,0.519,0.534,0.530,0.520,0.529
TM.SRDT.,14.395,99.121,164.786,1776.974,1833.523,1852.800,420.000,0.534,0.403,0.397,0.398,0.407
BJ.LBP.,40.571,116.205,154.709,1724.304,1768.327,1782.832,421.000,0.332,0.353,0.357,0.349,0.355
XZ.LSA.,29.710,91.120,153.874,1719.797,1762.845,1776.981,422.000,0.264,0.324,0.315,0.320,0.324
NM.DSM.,41.095,107.054,153.345,1716.934,1759.368,1773.275,423.000,0.668,0.660,0.662,0.664,0.658
YN.CUX.,25.029,101.536,164.196,1773.978,1829.760,1848.737,424.000,0.149,0.329,0.349,0.351,0.326
KZ.MKAR.,46.794,82.290,138.510,1632.793,1659.681,1668.043,425.000,0.338,0.242,0.244,0.254,0.234
SD.WUL.,35.751,119.202,159.188,1748.122,1797.541,1814.081,426.000,0.467,0.564,0.587,0.607,0.590
CQ.CHK.,31.963,108.646,162.417,1764.880,1818.369,1836.459,427.000,0.691,0.634,0.650,0.664,0.643
ZJ.YOK.,28.962,120.201,165.476,1780.468,1837.922,1857.554,428.000,0.514,0.471,0.494,0.494,0.476
YN.YUX.,24.435,100.147,163.464,1770.246,1825.079,1843.689,429.000,0.414,0.420,0.412,0.418,0.420
GS.LTT.,34.671,103.361,158.061,1742.186,1790.220,1806.235,430.000,0.773,0.754,0.763,0.768,0.758
HB.HME.,30.135,115.894,165.142,1778.776,1835.791,1855.251,431.000,0.549,0.286,0.300,0.319,0.309
JS.LIS.,31.646,119.114,163.202,1768.909,1823.407,1841.886,432.000,0.358,0.379,0.379,0.376,0.381
QH.TIJ.,37.249,98.895,153.902,1719.951,1763.032,1777.181,433.000,0.712,0.724,0.727,0.718,0.723
KN.AAK.,42.633,74.494,136.027,1618.016,1642.629,1650.221,434.000,0.448,0.215,0.250,0.252,0.211
CB.GOM.00,36.198,94.814,152.526,1712.477,1753.970,1767.525,435.000,0.331,0.370,0.408,0.417,0.369
HE.ZAH.,37.655,114.404,157.650,1740.012,1787.545,1803.371,436.000,0.681,0.710,0.704,0.694,0.707
SN.LIYO.,34.677,107.806,159.626,1750.416,1800.378,1817.125,437.000,0.625,0.637,0.636,0.632,0.635
YN.XUW.,26.088,104.136,165.305,1779.602,1836.830,1856.374,438.000,0.317,0.202,0.194,0.206,0.201
N.TMCF.,32.606,130.915,157.367,1738.515,1785.705,1801.402,439.000,0.124,0.163,0.150,0.150,0.150
XZ.LKZ.,28.968,90.394,153.648,1718.576,1761.362,1775.400,440.000,0.408,0.397,0.361,0.366,0.400
GZ.BJT.,27.243,105.350,165.162,1778.880,1835.922,1855.392,441.000,0.397,0.397,0.391,0.381,0.397
GS.HXT.,36.590,107.271,157.678,1740.165,1787.734,1803.573,442.000,0.664,0.570,0.581,0.596,0.571
LN.XFN.,42.742,124.712,151.288,1705.698,1745.785,1758.819,443.000,0.717,0.746,0.741,0.735,0.740
HB.ZSH.,32.250,110.217,162.545,1765.539,1819.192,1837.345,444.000,0.569,0.466,0.487,0.515,0.482
JS.XW.,34.498,119.542,160.349,1754.184,1805.048,1822.136,445.000,0.246,0.193,0.189,0.195,0.193
GE.SANI.,-2.050,125.988,159.433,1749.403,1799.124,1815.779,446.000,0.582,0.606,0.604,0.600,0.602
KR.TOKL.,41.983,72.868,135.208,1613.100,1636.988,1644.333,447.000,0.462,0.324,0.336,0.325,0.317
NX.GYU.,35.964,106.170,157.942,1741.559,1789.448,1805.409,448.000,0.662,0.669,0.670,0.667,0.668
HE.SHX.,38.015,115.561,157.284,1738.077,1785.168,1800.827,449.000,0.400,0.429,0.412,0.376,0.418
AH.CHZ.,32.285,118.280,162.736,1766.521,1820.419,1838.667,450.000,0.446,0.410,0.408,0.404,0.411
N.ZMMF.,26.233,127.304,164.045,1773.209,1828.795,1847.696,451.000,0.194,0.277,0.263,0.262,0.255
BJ.XBZ.,40.343,115.969,154.946,1725.581,1769.882,1784.492,452.000,0.507,0.468,0.471,0.473,0.469
HL.DNI.,44.057,131.091,148.106,1688.035,1724.616,1736.367,453.000,0.364,0.459,0.464,0.457,0.464
HL.HEH.,50.253,127.410,143.602,1662.486,1694.336,1704.410,454.000,0.480,0.472,0.470,0.468,0.470
HL.WDL.,48.672,126.136,145.371,1672.598,1706.273,1716.987,455.000,0.242,0.210,0.217,0.228,0.224
JL.JYT.,42.372,126.810,151.045,1704.356,1744.170,1757.102,456.000,0.172,0.161,0.172,0.189,0.176
YN.TUS.,25.609,100.254,162.914,1767.430,1821.556,1839.892,457.000,0.286,0.242,0.216,0.219,0.244
FJ.PCNP.,27.905,118.518,166.949,1787.866,1847.267,1867.673,458.000,0.624,0.659,0.659,0.662,0.658
HA.JZ.,35.268,113.213,159.988,1752.304,1802.716,1819.633,459.000,0.591,0.631,0.638,0.642,0.636
SH.NAH.,31.048,121.756,163.036,1768.058,1822.340,1840.737,460.000,-0.034,-0.046,-0.052,-0.056,-0.049
YN.JIP.,22.782,103.223,166.730,1786.771,1845.881,1866.171,461.000,0.202,0.148,0.106,0.110,0.152
SD.LZH.,37.224,121.001,157.413,1738.758,1786.004,1801.721,462.000,0.382,0.368,0.383,0.414,0.405
YN.KMI.,25.148,102.747,165.000,1778.061,1834.890,1854.277,463.000,0.259,0.220,0.207,0.206,0.221
HE.CHD.,41.016,117.918,154.153,1721.308,1764.682,1778.942,464.000,0.487,0.436,0.439,0.454,0.446
YN.EYA.,26.109,99.948,162.403,1764.809,1818.280,1836.363,465.000,0.149,0.071,0.065,0.074,0.074
XJ.YMS.,41.944,94.002,147.883,1686.784,1723.125,1734.789,466.000,0.660,0.666,0.643,0.625,0.662
GD.SHD.,21.441,111.003,172.871,1816.923,1884.416,1908.115,467.000,0.591,0.438,0.443,0.448,0.431
SC.WCH.,31.479,103.588,160.845,1756.764,1808.252,1825.578,468.000,0.538,0.563,0.559,0.554,0.560
NM.WJH.,41.304,108.078,153.354,1716.978,1759.422,1773.333,469.000,0.730,0.694,0.696,0.692,0.697
JS.BY.,33.263,119.267,161.603,1760.690,1813.138,1830.831,470.000,0.131,0.147,0.156,0.145,0.146
HI.HSK.,19.928,110.215,173.618,1820.514,1889.057,1913.189,471.000,0.239,0.169,0.177,0.183,0.185
GD.XIG.,23.788,114.635,171.518,1810.379,1875.986,1898.914,472.000,0.436,0.410,0.403,0.388,0.403
SD.JIN.,36.639,117.040,158.579,1744.921,1793.589,1809.845,473.000,0.476,0.429,0.430,0.432,0.433
JX.DAY.,25.391,114.364,169.908,1802.520,1865.914,1887.933,474.000,0.219,0.203,0.184,0.161,0.190
HL.BNX.,45.739,127.403,147.792,1686.271,1722.514,1734.143,475.000,0.631,0.627,0.648,0.674,0.663
GE.PMBI.,-2.902,104.699,159.208,1748.225,1797.668,1814.218,476.000,0.177,0.135,0.146,0.163,0.134
ZJ.CHA.,29.469,118.413,165.461,1780.390,1837.823,1857.447,477.000,0.417,0.496,0.495,0.496,0.492
HE.WAT.,36.805,114.046,158.492,1744.460,1793.022,1809.236,478.000,0.618,0.604,0.618,0.624,0.612
N.TTOF.,35.836,138.121,150.788,1702.940,1742.466,1755.293,479.000,0.147,0.131,0.111,0.105,0.110
SD.CHD.,37.913,120.742,156.801,1735.508,1782.015,1797.455,480.000,0.356,0.371,0.394,0.409,0.395
N.URHF.,42.930,143.671,142.984,1658.931,1690.155,1700.011,481.000,0.002,0.038,0.022,0.024,0.012
YN.LIC.,23.878,100.069,163.679,1771.343,1826.454,1845.172,482.000,0.501,0.430,0.405,0.411,0.437
AU.BBOO.,-32.810,136.059,127.779,1567.465,1585.291,1590.645,483.000,0.152,0.289,0.282,0.285,0.281
NX.JYU.,35.486,106.339,158.436,1744.164,1792.656,1808.845,484.000,0.747,0.686,0.680,0.664,0.685
N.KMTF.,33.678,135.490,153.826,1719.537,1762.529,1776.645,485.000,-0.104,0.005,-0.023,-0.020,-0.027
XZ.CHY.,28.662,97.465,159.125,1747.791,1797.132,1813.643,486.000,-0.160,0.088,0.085,0.087,0.086
TW.YULB.,23.392,121.297,169.880,1802.382,1865.737,1887.741,487.000,0.096,0.054,0.055,0.052,0.077
JS.LYG.,34.641,119.243,160.265,1753.750,1804.509,1821.558,488.000,0.420,0.310,0.320,0.335,0.337
CQ.WAS.,28.875,106.917,164.588,1775.973,1832.265,1851.442,489.000,0.662,0.664,0.662,0.661,0.662
TW.NACB.,24.174,121.595,169.094,1798.519,1860.802,1882.371,490.000,0.225,0.122,0.165,0.194,0.181
SN.FUPI.,34.974,109.145,159.681,1750.704,1800.734,1817.506,491.000,0.569,0.522,0.529,0.536,0.527
AU.GIRL.,-22.643,114.234,142.044,1653.493,1683.779,1693.309,492.000,0.036,0.017,0.011,0.003,0.010
YN.DAY.,25.727,101.316,163.624,1771.066,1826.107,1844.797,493.000,0.159,0.026,0.017,0.303,0.028
SD.HAY.,36.820,121.324,157.729,1740.432,1788.062,1803.924,494.000,0.334,0.217,0.239,0.264,0.258
GS.CXT.,33.731,105.761,159.836,1751.510,1801.733,1818.578,495.000,0.776,0.720,0.718,0.703,0.722
GS.HCH.,36.250,108.461,158.300,1743.448,1791.774,1807.900,496.000,0.609,0.497,0.524,0.558,0.506
BU.CDT.,41.015,117.916,154.155,1721.314,1764.689,1778.949,497.000,0.358,0.304,0.317,0.341,0.325
JS.GUY.,34.309,119.238,160.590,1755.439,1806.606,1823.809,498.000,0.496,0.443,0.441,0.449,0.447
KN.TKM2.,42.921,75.597,136.621,1621.570,1646.719,1654.492,499.000,0.387,0.414,0.419,0.417,0.415
SN.HZHT.,33.018,107.010,160.922,1757.164,1808.749,1826.112,500.000,0.542,0.551,0.564,0.575,0.552
LN.ANS.,41.105,123.013,153.247,1716.398,1758.718,1772.582,501.000,0.564,0.559,0.563,0.547,0.572
XJ.KMS.,42.268,88.173,144.629,1668.370,1701.273,1711.715,502.000,0.378,0.373,0.285,0.293,0.373
GD.HEJ.,21.930,110.551,172.234,1813.850,1880.452,1903.787,503.000,0.585,0.478,0.486,0.490,0.483
QH.MIH.,36.369,102.784,156.360,1733.157,1779.135,1794.376,504.000,0.671,0.729,0.709,0.696,0.725
SH.HUH.,30.448,119.798,164.192,1773.957,1829.733,1848.708,505.000,0.621,0.722,0.727,0.720,0.726
AU.XMI.,-10.450,105.688,152.694,1713.392,1755.076,1768.703,506.000,0.077,0.052,0.070,0.105,0.055
HE.XTT.,37.122,114.313,158.181,1742.823,1791.005,1807.076,507.000,0.749,0.728,0.737,0.746,0.736
N.YSIF.,35.194,132.886,154.367,1722.461,1766.084,1780.437,508.000,0.138,0.062,0.074,0.080,0.086
YN.TOH.,24.113,102.788,165.655,1781.372,1839.060,1858.786,509.000,0.263,0.289,0.282,0.280,0.288
SN.HUYT.,34.520,110.167,160.334,1754.109,1804.955,1822.036,510.000,0.468,0.514,0.512,0.508,0.515
SD.LQU.,36.409,118.485,158.651,1745.296,1794.052,1810.341,511.000,0.176,0.172,0.180,0.187,0.181
QH.DUL.,36.282,98.119,154.274,1721.961,1765.476,1779.789,512.000,0.465,0.475,0.504,0.514,0.478
FJ.HAHF.,25.012,117.521,169.975,1802.850,1866.336,1888.394,513.000,0.411,0.339,0.338,0.347,0.347
HI.SHP.,19.950,110.315,173.668,1820.753,1889.367,1913.528,514.000,0.187,0.519,0.529,0.534,0.525
GX.NNS.,22.891,108.151,170.135,1803.632,1867.336,1889.483,515.000,0.242,0.247,0.259,0.257,0.244
ZJ.LIA.,30.143,118.958,164.690,1776.488,1832.912,1852.140,516.000,0.436,0.586,0.591,0.604,0.589
AU.COEN.,-13.957,143.175,139.481,1638.519,1666.320,1674.994,517.000,0.479,0.526,0.539,0.540,0.526
AU.KNRA.,-15.677,128.763,146.099,1676.727,1711.168,1722.152,518.000,0.441,0.298,0.296,0.296,0.298
HB.HFE.,29.904,110.021,164.748,1776.784,1833.284,1852.542,519.000,0.587,0.508,0.518,0.539,0.510
BJ.ZHT.,39.962,115.680,155.336,1727.674,1772.434,1787.217,520.000,0.419,0.423,0.429,0.433,0.426
NM.QSH.,39.900,111.673,155.254,1727.235,1771.899,1786.645,521.000,0.555,0.525,0.535,0.545,0.527
HN.NIX.,27.992,112.345,167.108,1788.663,1848.276,1868.768,522.000,0.694,0.699,0.696,0.690,0.700
HE.LOH.,41.320,117.713,153.870,1719.775,1762.818,1776.953,523.000,0.465,0.500,0.509,0.524,0.507
XJ.WUQ.,39.740,75.238,137.754,1628.311,1654.497,1662.621,524.000,0.381,0.362,0.357,0.361,0.361
HB.JYU.,29.816,113.839,165.463,1780.403,1837.839,1857.465,525.000,0.514,0.479,0.483,0.487,0.481
XJ.YJS.,38.521,76.486,139.132,1636.467,1663.939,1672.500,526.000,0.355,0.320,0.308,0.312,0.318
YN.MLA.,21.426,101.528,165.975,1782.983,1841.093,1860.985,527.000,0.300,0.288,0.262,0.262,0.293
SC.BAX.,30.372,102.813,161.331,1759.284,1811.386,1828.947,528.000,0.477,0.469,0.461,0.449,0.468
HE.KUC.,40.592,118.474,154.519,1723.283,1767.085,1781.506,529.000,0.359,0.356,0.355,0.333,0.358
XJ.BCH.,39.793,78.783,140.185,1642.657,1671.132,1680.035,530.000,0.483,0.547,0.559,0.557,0.540
GZ.ZYT.,27.766,106.851,165.507,1780.623,1838.117,1857.766,531.000,0.607,0.678,0.647,0.619,0.667
N.KZKF.,37.298,138.514,149.617,1696.462,1734.690,1747.039,532.000,0.300,0.105,0.130,0.136,0.128
CB.HHC.00,40.850,111.564,154.301,1722.103,1765.649,1779.973,533.000,,,,,
XJ.TAG.,37.778,75.169,138.466,1632.531,1659.377,1667.725,534.000,0.462,0.375,0.363,0.364,0.377
ZJ.WEZ.,27.927,120.668,166.273,1784.477,1842.980,1863.029,535.000,0.190,0.104,0.106,0.101,0.107
GD.FES.,23.822,116.208,171.389,1809.752,1875.181,1898.036,536.000,0.430,0.419,0.433,0.454,0.434
KZ.ABKAR.,49.256,59.943,124.199,1544.846,1560.069,1564.612,537.000,0.198,0.214,0.198,0.195,0.210
BU.HBZ.,38.248,114.308,157.055,1736.860,1783.674,1799.229,538.000,0.647,0.642,0.655,0.668,0.654
FJ.DSXP.,23.708,117.426,171.254,1809.093,1874.336,1897.114,539.000,0.461,0.410,0.402,0.392,0.406
QH.LED.,36.551,102.397,156.045,1731.473,1777.075,1792.174,540.000,0.779,0.770,0.779,0.777,0.771
GS.MQT.,34.020,102.060,158.026,1742.001,1789.992,1805.991,541.000,0.646,0.689,0.686,0.681,0.690
YN.HEQ.,26.549,100.151,162.294,1764.251,1817.581,1835.612,542.000,0.217,0.174,0.179,0.179,0.173
LN.JZH.,41.075,121.140,153.659,1718.637,1761.435,1775.479,543.000,0.631,0.626,0.613,0.591,0.613
XJ.FUH.,46.993,87.179,140.876,1646.695,1675.836,1684.969,544.000,0.436,0.473,0.507,0.527,0.467
GX.PXS.,22.130,106.751,169.749,1801.743,1864.920,1886.851,545.000,-0.043,-0.020,-0.030,-0.022,-0.020
YN.XHT.,24.749,98.485,161.994,1762.708,1815.655,1833.538,546.000,0.366,0.207,0.171,0.177,0.207
AH.HEF.,31.824,117.142,163.351,1769.670,1824.359,1842.912,547.000,0.528,0.471,0.474,0.476,0.478
SC.SMK.,26.855,102.750,163.881,1772.373,1827.746,1846.565,548.000,0.277,0.363,0.354,0.348,0.361
SX.YUY.,40.023,112.369,155.191,1726.899,1771.489,1786.207,549.000,0.599,0.646,0.643,0.635,0.645
LN.QYU.,42.079,124.929,151.853,1708.797,1749.523,1762.793,550.000,0.641,0.694,0.702,0.699,0.702
GE.GSI.,1.304,97.576,157.949,1741.595,1789.493,1805.456,551.000,0.036,0.039,0.039,0.038,0.040
HE.XIT.,38.529,114.366,156.776,1735.374,1781.851,1797.280,552.000,0.436,0.469,0.456,0.444,0.465
N.AMMF.,28.157,129.300,161.443,1759.864,1812.109,1829.724,553.000,0.214,0.212,0.217,0.215,0.213
ZJ.XAJ.,29.482,119.271,165.250,1779.325,1836.481,1855.997,554.000,0.467,0.606,0.621,0.633,0.621
GX.GUL.,25.291,110.366,169.175,1798.920,1861.314,1882.928,555.000,0.605,0.672,0.687,0.695,0.673
HI.CHM.,19.597,110.003,173.704,1820.929,1889.595,1913.776,556.000,0.340,0.131,0.204,0.216,0.133
II.TLY.00,51.681,103.644,142.542,1656.379,1687.161,1696.863,557.000,0.531,0.599,0.604,0.608,0.588
JP.JNU.,33.125,130.877,157.013,1736.635,1783.397,1798.933,558.000,0.128,0.082,0.095,0.101,0.115
QH.XUH.,35.862,102.498,156.677,1734.845,1781.203,1796.586,559.000,0.770,0.752,0.752,0.747,0.752
HL.YCH.,47.634,128.565,145.736,1674.668,1708.725,1719.574,560.000,0.457,0.469,0.500,0.521,0.508
CB.XLT.00,43.900,116.079,151.389,1706.249,1746.450,1759.525,561.000,0.580,0.493,0.516,0.535,0.507
SX.TIY.,38.427,113.003,156.825,1735.635,1782.171,1797.622,562.000,0.705,0.652,0.670,0.687,0.664
N.YZKF.,35.089,134.459,153.529,1717.930,1760.577,1774.564,563.000,0.155,0.224,0.211,0.203,0.201
TW.TPUB.,23.301,120.630,170.320,1804.540,1868.499,1890.749,564.000,0.354,0.214,0.237,0.257,0.266
GD.ZHQ.,23.178,112.539,171.837,1811.929,1877.979,1901.089,565.000,0.483,0.554,0.563,0.569,0.550
AU.EIDS.,-25.369,151.082,126.139,1557.160,1573.764,1578.736,566.000,0.437,0.445,0.435,0.434,0.445
SC.MXI.,31.681,103.852,160.806,1756.563,1808.002,1825.309,567.000,0.537,0.618,0.601,0.581,0.612
HN.CHZ.,25.819,113.040,169.356,1799.811,1862.451,1884.165,568.000,0.520,0.411,0.436,0.457,0.421
NM.HLG.,40.376,111.844,154.797,1724.778,1768.905,1783.448,569.000,0.705,0.742,0.736,0.720,0.736
JL.THT.,41.697,125.998,151.906,1709.087,1749.873,1763.165,570.000,0.196,0.205,0.217,0.227,0.219
HE.QIX.,40.201,118.318,154.923,1725.456,1769.730,1784.330,571.000,0.336,0.316,0.316,0.297,0.314
JS.HUA.,33.615,119.005,161.310,1759.174,1811.250,1828.800,572.000,0.426,0.436,0.419,0.398,0.423
N.TMRF.,41.102,141.383,145.461,1673.110,1706.879,1717.626,573.000,0.012,0.081,0.075,0.069,0.095
N.OKWF.,33.827,133.469,154.989,1725.810,1770.161,1784.790,574.000,0.380,0.099,0.139,0.153,0.148
SN.ANKG.,32.670,109.037,161.858,1762.003,1814.775,1832.591,575.000,0.613,0.529,0.541,0.561,0.532
SX.LOF.,38.041,111.951,157.125,1737.229,1784.127,1799.714,576.000,0.494,0.500,0.506,0.513,0.516
HN.MIL.,28.804,113.077,166.406,1785.149,1843.829,1863.948,577.000,0.584,0.507,0.514,0.523,0.513
SC.MBI.,28.840,103.534,162.911,1767.419,1821.542,1839.876,578.000,0.294,0.275,0.275,0.263,0.273
HN.HOJ.,27.115,109.995,167.365,1789.943,1849.898,1870.526,579.000,0.681,0.703,0.709,0.699,0.712
YN.LIJ.,26.896,100.232,162.143,1763.475,1816.612,1834.568,580.000,0.185,0.188,0.190,0.191,0.189
SN.LUYA.,33.357,106.140,160.310,1753.985,1804.801,1821.871,581.000,0.759,0.649,0.644,0.641,0.647
HL.BEL.,46.972,127.158,146.719,1680.230,1715.326,1726.544,582.000,0.367,0.313,0.328,0.336,0.336
GE.LUWI.,-1.042,122.772,161.865,1762.041,1814.823,1832.643,583.000,0.531,0.155,0.159,0.181,0.170
FJ.MXXF.,26.354,117.189,168.739,1796.765,1858.567,1879.940,584.000,0.475,0.404,0.416,0.434,0.426
HE.WEC.,41.929,117.748,153.261,1716.474,1758.811,1772.681,585.000,0.556,0.515,0.550,0.588,0.548
GE.BKNI.,0.326,101.040,159.748,1751.050,1801.163,1817.967,586.000,0.319,0.373,0.401,0.422,0.367
HI.DAN.,19.670,110.324,173.873,1821.738,1890.643,1914.922,587.000,0.176,0.074,0.077,0.046,0.070
GD.HUZ.,23.242,114.424,172.056,1812.991,1879.346,1902.580,588.000,0.483,0.474,0.486,0.503,0.484
TJ.GUG.,38.930,117.503,156.263,1732.638,1778.500,1793.697,589.000,0.174,0.146,0.131,0.116,0.132
N.TGWF.,33.973,132.932,155.209,1726.996,1771.607,1786.333,590.000,0.200,0.137,0.146,0.148,0.158
SX.XIX.,36.700,110.950,158.331,1743.611,1791.975,1808.115,591.000,0.615,0.589,0.600,0.608,0.594
NM.BAC.,41.899,115.268,153.407,1717.267,1759.773,1773.706,592.000,0.518,0.450,0.472,0.501,0.476
GS.JFS.,39.391,98.741,152.097,1710.131,1751.134,1764.507,593.000,0.617,0.593,0.582,0.574,0.591
AU.STKA.,-31.876,141.596,126.294,1558.135,1574.852,1579.859,594.000,0.359,0.349,0.349,0.343,0.352
NM.GNH.,50.777,121.462,144.131,1665.523,1697.913,1708.176,595.000,0.179,0.136,0.143,0.141,0.146
N.WTRF.,34.374,136.575,152.689,1713.366,1755.045,1768.670,596.000,0.138,0.254,0.224,0.218,0.216
N.NOPF.,44.322,142.938,142.482,1656.027,1686.748,1696.428,597.000,-0.017,0.102,0.095,0.091,0.103
SC.JMG.,32.205,105.560,161.112,1758.150,1809.976,1827.430,598.000,0.586,0.680,0.682,0.682,0.681
YN.YAJ.,28.112,104.231,163.864,1772.289,1827.640,1846.450,599.000,0.194,0.235,0.233,0.226,0.235
IU.YSS.00,46.959,142.760,140.771,1646.081,1675.119,1684.217,600.000,0.121,0.090,0.082,0.085,0.080
GS.JNT.,35.531,105.771,158.210,1742.976,1791.193,1807.277,601.000,0.269,0.288,0.295,0.301,0.294
SH.SSE.,31.096,121.188,163.178,1768.785,1823.251,1841.718,602.000,0.451,0.491,0.489,0.492,0.485
HL.NZN.,47.537,122.882,147.089,1682.317,1717.807,1729.166,603.000,0.493,0.491,0.480,0.467,0.478
LN.FXI.,42.053,121.599,152.628,1713.031,1754.640,1768.238,604.000,0.561,0.572,0.582,0.589,0.580
GD.DOG.,22.875,113.723,172.361,1814.462,1881.241,1904.649,605.000,0.503,0.419,0.424,0.427,0.428
SC.TQU.,30.073,102.764,161.535,1760.339,1812.701,1830.361,606.000,0.358,0.358,0.376,0.380,0.358
JS.SH.,33.544,118.156,161.518,1760.253,1812.593,1830.244,607.000,0.518,0.527,0.536,0.521,0.530
GD.TIX.,23.135,116.509,172.016,1812.797,1879.097,1902.308,608.000,0.247,0.409,0.423,0.442,0.430
CB.CAD.00,31.000,97.500,157.694,1740.249,1787.837,1803.683,609.000,-0.202,-0.064,-0.063,-0.062,-0.065
TM.PANO.,17.148,104.612,170.014,1803.039,1866.577,1888.656,610.000,0.101,0.190,0.214,0.219,0.177
XZ.CAD.,31.140,97.172,157.390,1738.636,1785.855,1801.562,611.000,0.136,0.056,0.050,0.055,0.059
FJ.SWDT.,27.331,117.482,167.728,1791.754,1852.195,1873.020,612.000,0.454,0.365,0.370,0.384,0.377
GX.HZS.,24.426,111.567,170.379,1804.829,1868.869,1891.153,613.000,0.651,0.669,0.650,0.621,0.656
XZ.LIZ.,29.666,94.342,156.308,1732.881,1778.797,1794.015,614.000,0.151,0.103,0.105,0.116,0.099
QH.HTG.,37.864,90.715,148.983,1692.933,1730.466,1742.562,615.000,0.346,0.407,0.400,0.396,0.406
AH.BAS.,31.473,117.376,163.670,1771.300,1826.401,1845.114,616.000,0.199,0.231,0.224,0.209,0.216
GE.LHMI.,5.229,96.947,159.739,1751.006,1801.109,1817.908,617.000,0.156,0.215,0.207,0.208,0.222
GS.SDT.,38.771,101.040,153.588,1718.252,1760.968,1774.980,618.000,0.756,0.693,0.686,0.663,0.691
YN.SBT.,24.953,98.541,161.940,1762.430,1815.308,1833.165,619.000,0.344,0.350,0.328,0.334,0.349
NX.XSH.,37.249,105.203,156.455,1733.662,1779.754,1795.037,620.000,0.670,0.671,0.667,0.663,0.670
HA.SC.,31.791,115.418,163.509,1770.478,1825.371,1844.004,621.000,0.660,0.687,0.682,0.674,0.686
XJ.GAZ.,43.525,88.577,143.997,1664.755,1697.008,1707.223,622.000,0.469,0.510,0.552,0.570,0.514
NM.NIC.,41.725,118.875,153.354,1716.980,1759.425,1773.335,623.000,0.483,0.469,0.477,0.481,0.479
GE.KAAM.,0.493,72.995,136.121,1618.577,1643.273,1650.893,624.000,0.345,0.148,0.115,0.123,0.157
CB.LYN.00,34.550,112.470,160.641,1755.705,1806.936,1824.164,625.000,0.631,0.561,0.572,0.577,0.567
SX.YJI.,34.839,110.646,160.110,1752.941,1803.506,1820.481,626.000,0.570,0.641,0.646,0.650,0.643
QH.HUY.,36.656,101.192,155.443,1728.252,1773.139,1787.970,627.000,0.727,0.712,0.735,0.734,0.718
HE.XLD.,40.395,118.020,154.761,1724.584,1768.668,1783.196,628.000,0.227,0.260,0.265,0.272,0.264
YN.LOP.,24.886,104.291,166.236,1784.294,1842.748,1862.777,629.000,0.082,0.065,0.073,0.070,0.062
BU.MDY.,40.394,116.560,154.869,1725.167,1769.377,1783.953,630.000,0.564,0.538,0.541,0.540,0.538
GE.TOLI.,1.121,120.794,164.643,1776.249,1832.611,1851.815,631.000,0.234,0.160,0.166,0.186,0.184
IC.LSA.10,29.703,91.128,153.883,1719.846,1762.904,1777.045,632.000,0.263,0.325,0.315,0.321,0.325
Z6.MPUR.,24.604,90.030,154.952,1725.611,1769.919,1784.532,633.000,,,,,
GD.LTK.,23.662,114.647,171.644,1810.994,1876.777,1899.776,634.000,0.555,0.508,0.506,0.498,0.507
AU.MEEK.,-26.638,118.614,137.894,1629.143,1655.458,1663.625,635.000,0.240,0.267,0.269,0.279,0.275
N.NMRF.,43.367,145.738,141.530,1650.507,1680.287,1689.641,636.000,0.174,0.159,0.160,0.163,0.139
XZ.SNA.,29.224,91.754,154.590,1723.663,1767.546,1781.998,637.000,0.205,0.338,0.346,0.353,0.335
BU.HUA.,40.811,114.524,154.496,1723.157,1766.931,1781.342,638.000,0.262,0.221,0.215,0.190,0.212
SC.HWS.,28.640,104.736,163.726,1771.586,1826.759,1845.500,639.000,0.441,0.499,0.487,0.474,0.498
SN.HUAX.,34.401,109.720,160.359,1754.241,1805.118,1822.212,640.000,0.457,0.519,0.507,0.488,0.516
FJ.NPDK.,26.615,118.188,168.270,1794.446,1855.615,1876.733,641.000,0.270,0.265,0.257,0.245,0.240
HL.MIH.,45.626,131.810,146.497,1678.977,1713.838,1724.972,642.000,0.278,0.303,0.326,0.348,0.339
GD.LCH.,24.104,115.271,171.194,1808.806,1873.966,1896.711,643.000,0.448,0.348,0.349,0.345,0.343
GX.YLS.,22.635,110.173,171.450,1810.051,1875.565,1898.455,644.000,0.663,0.589,0.595,0.597,0.600
GS.SGT.,37.621,102.761,155.261,1727.273,1771.945,1786.694,645.000,0.742,0.737,0.716,0.700,0.731
HA.XX.,35.662,114.539,159.645,1750.512,1800.497,1817.252,646.000,0.596,0.598,0.615,0.637,0.617
N.TKDF.,32.818,131.387,156.938,1736.237,1782.909,1798.411,647.000,0.136,0.165,0.158,0.160,0.151
JL.YFT.,41.362,126.512,152.056,1709.906,1750.862,1764.217,648.000,0.195,0.143,0.134,0.125,0.130
KR.NRN.,41.422,75.970,137.544,1627.067,1653.060,1661.118,649.000,0.370,0.421,0.400,0.403,0.426
SC.YZP.,30.869,103.569,161.332,1759.288,1811.391,1828.952,650.000,0.487,0.502,0.487,0.476,0.499
XJ.WSU.,44.123,84.641,141.466,1650.133,1679.849,1689.181,651.000,0.310,0.135,0.331,0.373,0.141
LN.SUZ.,40.377,120.244,154.493,1723.141,1766.911,1781.321,652.000,0.436,0.410,0.419,0.438,0.420
HI.YML.,19.853,110.280,173.714,1820.976,1889.655,1913.843,653.000,-0.027,0.258,0.272,0.273,0.260
LN.GUS.,39.900,123.583,154.249,1721.824,1765.310,1779.611,654.000,0.603,0.523,0.525,0.534,0.537
FJ.LYXP.,25.128,117.026,169.968,1802.816,1866.292,1888.346,655.000,0.340,0.291,0.280,0.267,0.281
XJ.KSH.,39.145,75.566,138.225,1631.107,1657.729,1666.001,656.000,0.531,0.491,0.476,0.479,0.497
GS.LYT.,41.090,95.501,149.255,1694.451,1732.282,1744.487,657.000,0.721,0.737,0.724,0.713,0.737
SC.JYA.,29.794,103.928,162.380,1764.691,1818.132,1836.204,658.000,0.459,0.476,0.465,0.443,0.470
SC.XJI.,30.995,102.358,160.600,1755.492,1806.672,1823.881,659.000,0.460,0.404,0.387,0.371,0.402
CB.CD2.00,30.910,103.758,161.394,1759.607,1811.789,1829.379,660.000,0.574,0.535,0.529,0.521,0.533
N.AOGF.,32.451,139.774,151.605,1707.438,1747.883,1761.049,661.000,0.295,0.190,0.192,0.192,0.189
HI.WZS.,18.797,109.528,173.842,1821.588,1890.448,1914.710,662.000,0.182,0.124,0.063,0.071,0.102
KZ.KNDC.,43.217,76.966,137.363,1625.988,1651.814,1659.816,663.000,0.231,0.375,0.373,0.380,0.373
N.KSKF.,38.258,140.583,147.742,1685.993,1722.182,1733.792,664.000,-0.053,0.072,0.091,0.098,0.085
SC.PWU.,32.416,104.548,160.504,1754.992,1806.050,1823.213,665.000,0.479,0.558,0.552,0.537,0.552
YN.RST.,24.910,98.391,161.842,1761.924,1814.677,1832.486,666.000,0.206,0.332,0.322,0.328,0.330
YN.TNC.,25.029,98.520,161.886,1762.152,1814.961,1832.791,667.000,0.279,0.328,0.309,0.315,0.328
GE.PLAI.,-8.828,117.776,155.689,1729.570,1774.749,1789.689,668.000,0.410,0.316,0.327,0.349,0.331
YN.YOS.,26.694,100.768,162.645,1766.052,1819.832,1838.035,669.000,0.209,0.281,0.296,0.297,0.126
GS.PLT.,35.451,106.681,158.574,1744.896,1793.558,1809.811,670.000,0.767,0.739,0.750,0.748,0.737
NM.BTO.,40.744,109.878,154.202,1721.571,1765.002,1779.283,671.000,0.070,0.075,0.080,0.081,0.074
GD.SHW.,22.792,115.370,172.500,1815.135,1882.108,1905.596,672.000,0.209,0.449,0.443,0.408,0.435
GD.TIS.,22.270,112.885,172.798,1816.573,1883.964,1907.622,673.000,0.639,0.604,0.626,0.646,0.617
XJ.JHE.,44.650,83.020,140.229,1642.913,1671.429,1680.347,674.000,0.508,0.633,0.661,0.658,0.632
N.YTYF.,34.284,131.036,156.066,1731.590,1777.217,1792.326,675.000,0.092,0.177,0.165,0.159,0.174
N.KSRF.,42.982,144.485,142.488,1656.064,1686.791,1696.474,676.000,0.022,0.058,0.053,0.058,0.055
N.TSAF.,33.178,132.820,155.828,1730.312,1775.656,1790.658,677.000,0.202,0.306,0.279,0.264,0.279
HE.HST.,36.186,113.950,159.107,1747.697,1797.015,1813.517,678.000,0.632,0.606,0.630,0.658,0.623
NM.CSQ.,40.728,111.048,154.368,1722.466,1766.091,1780.445,679.000,0.551,0.560,0.562,0.560,0.561
JL.HCT.,42.642,130.465,149.555,1696.117,1734.276,1746.601,680.000,0.308,0.300,0.340,0.358,0.367
GZ.YPT.,27.212,108.813,166.845,1787.349,1846.612,1866.963,681.000,0.665,0.679,0.693,0.691,0.685
KN.AML.,42.131,73.694,135.707,1616.099,1640.426,1647.922,682.000,0.539,0.384,0.400,0.397,0.374
KN.EKS2.,42.661,73.777,135.539,1615.089,1639.268,1646.712,683.000,0.532,0.498,0.503,0.503,0.490
LN.LYN.,41.267,123.283,153.031,1715.223,1757.295,1771.065,684.000,0.486,0.479,0.476,0.474,0.478
HB.DWU.,31.499,114.120,163.796,1771.944,1827.208,1845.985,685.000,0.524,0.463,0.477,0.488,0.474
HB.MCH.,31.132,115.155,164.174,1773.868,1829.621,1848.588,686.000,0.622,0.648,0.636,0.634,0.647
GD.YGC.,22.417,111.942,172.383,1814.570,1881.380,1904.800,687.000,0.512,0.577,0.594,0.605,0.581
HE.CXT.,36.434,114.051,158.863,1746.412,1795.429,1811.817,688.000,0.643,0.594,0.620,0.646,0.611
AU.MUN.,-31.978,116.208,132.695,1597.865,1619.600,1626.220,689.000,0.269,0.329,0.331,0.297,0.310
NM.CHF.,42.297,118.981,152.777,1713.844,1755.624,1769.286,690.000,0.420,0.394,0.393,0.391,0.395
KC.TARG.,41.729,77.805,138.622,1633.454,1660.446,1668.844,691.000,0.402,0.456,0.466,0.464,0.453
XJ.WMQ.,43.814,87.705,143.339,1660.975,1692.559,1702.539,692.000,0.431,0.511,0.535,0.536,0.520
JS.HA.,32.499,120.659,162.014,1762.807,1815.779,1833.671,693.000,0.353,0.372,0.362,0.341,0.363
GD.ZHS.,22.487,113.360,172.687,1816.037,1883.272,1906.866,694.000,0.470,0.406,0.427,0.439,0.409
BU.TAS.,40.084,115.493,155.218,1727.043,1771.665,1786.396,695.000,0.258,0.262,0.266,0.265,0.264
HN.JGS.,29.390,111.890,165.659,1781.390,1839.083,1858.811,696.000,0.419,0.457,0.456,0.438,0.460
ZJ.CHX.,31.087,119.658,163.617,1771.030,1826.062,1844.748,697.000,0.486,0.584,0.576,0.567,0.577
CQ.WAZ.,30.752,108.461,163.489,1770.375,1825.242,1843.864,698.000,0.725,0.713,0.727,0.734,0.713
QH.YUS.,33.012,97.016,156.041,1731.451,1777.048,1792.146,699.000,0.304,0.336,0.356,0.357,0.336
BU.TST.,40.537,117.128,154.693,1724.216,1768.220,1782.718,700.000,0.537,0.547,0.551,0.551,0.551
NM.LCH.,40.541,112.511,154.686,1724.182,1768.178,1782.673,701.000,0.305,0.349,0.362,0.371,0.349
JL.YST.,44.764,126.752,148.869,1692.297,1729.705,1741.756,702.000,0.054,0.056,0.059,0.060,0.061
XJ.QHE.,46.491,90.730,142.902,1658.457,1689.599,1699.426,703.000,0.658,0.668,0.684,0.681,0.676
KN.UCH.,42.228,74.513,136.216,1619.148,1643.930,1651.579,704.000,0.499,0.273,0.300,0.303,0.266
YN.RHT.,24.955,98.438,161.858,1762.004,1814.777,1832.593,705.000,0.206,0.296,0.300,0.304,0.290
BU.FHS.,39.946,116.309,155.329,1727.638,1772.391,1787.170,706.000,0.433,0.486,0.473,0.438,0.483
N.HSSF.,42.967,141.229,144.308,1666.534,1699.106,1709.433,707.000,0.119,0.182,0.200,0.201,0.227
HB.XSH.,31.260,110.842,163.636,1771.125,1826.182,1844.878,708.000,0.618,0.421,0.452,0.489,0.436
JP.YOJ.,24.467,123.011,168.050,1793.356,1854.229,1875.228,709.000,0.021,0.054,0.062,0.064,0.069
N.UMJF.,33.579,134.037,154.808,1724.838,1768.977,1783.525,710.000,0.298,0.383,0.370,0.363,0.361
SC.CXI.,31.707,105.950,161.708,1761.233,1813.815,1831.559,711.000,0.648,0.679,0.694,0.698,0.683
XJ.TAC.,46.938,83.167,138.885,1635.007,1662.246,1670.727,712.000,0.674,0.659,0.648,0.637,0.659
TM.UBPT.,15.277,105.469,170.965,1807.689,1872.534,1895.149,713.000,0.353,0.393,0.364,0.374,0.384
NM.AGL.,43.303,122.629,151.224,1705.342,1745.357,1758.364,714.000,0.486,0.495,0.503,0.505,0.499
NX.TLE.,38.807,106.697,155.436,1728.211,1773.090,1787.917,715.000,0.422,0.421,0.428,0.431,0.419
GS.MXT.,34.431,104.020,158.542,1744.725,1793.348,1809.586,716.000,0.757,0.744,0.750,0.745,0.742
N.TYSF.,39.377,141.593,146.432,1678.608,1713.400,1724.509,717.000,0.253,0.310,0.317,0.305,0.303
HA.NY.,33.140,112.270,162.017,1762.826,1815.802,1833.697,718.000,0.645,0.598,0.602,0.609,0.603
GS.MIQ.,39.070,103.250,154.154,1721.312,1764.687,1778.947,719.000,0.207,0.224,0.217,0.212,0.221
XJ.HBH.,48.231,86.552,139.702,1639.822,1667.834,1676.579,720.000,0.782,0.783,0.789,0.785,0.784
N.IZHF.,34.136,129.207,157.149,1737.357,1784.283,1799.881,721.000,0.005,0.108,0.103,0.093,0.102
GD.LIZ.,24.802,112.385,170.232,1804.109,1867.948,1890.149,722.000,0.549,0.548,0.531,0.504,0.533
KZ.KKAR.,43.103,70.511,133.172,1600.772,1622.908,1629.661,723.000,0.373,0.223,0.225,0.227,0.222
ZJ.NIB.,29.984,121.520,164.091,1773.446,1829.091,1848.016,724.000,0.274,0.447,0.428,0.415,0.419
GS.JYG.,39.811,98.210,151.518,1706.956,1747.302,1760.432,725.000,0.568,0.568,0.548,0.534,0.564
CB.GZH.00,23.653,113.652,171.582,1810.689,1876.384,1899.348,726.000,0.257,0.232,0.226,0.214,0.212
HL.QAN.,46.584,127.618,146.956,1681.570,1716.918,1728.226,727.000,0.554,0.583,0.589,0.593,0.586
QH.QML.,34.171,95.830,154.527,1723.324,1767.134,1781.559,728.000,0.397,0.394,0.393,0.396,0.383
AU.KMBL.,-31.367,121.882,132.837,1598.730,1620.584,1627.244,729.000,0.226,0.279,0.278,0.286,0.282
SC.MNI.,28.333,102.174,162.483,1765.218,1818.791,1836.913,730.000,0.157,0.244,0.244,0.236,0.247
XJ.YCH.,37.390,77.361,140.218,1642.850,1671.355,1680.270,731.000,0.411,0.443,0.441,0.438,0.438
ZJ.XIC.,29.482,120.862,164.779,1776.940,1833.480,1852.754,732.000,0.217,0.349,0.352,0.353,0.356
GS.ZHC.,34.932,106.300,158.933,1746.782,1795.886,1812.306,733.000,0.705,0.769,0.761,0.747,0.767
GS.WDT.,33.361,104.992,159.869,1751.687,1801.951,1818.812,734.000,0.651,0.671,0.665,0.659,0.668
N.STMF.,32.887,129.724,157.837,1741.006,1788.767,1804.680,735.000,0.231,0.328,0.311,0.298,0.314
SD.ZCH.,35.376,117.014,159.838,1751.523,1801.748,1818.594,736.000,0.531,0.557,0.555,0.543,0.554
XJ.WNQ.,45.000,81.000,138.867,1634.904,1662.127,1670.602,737.000,0.612,0.427,0.440,0.456,0.418
GS.WXT.,32.952,104.681,160.099,1752.884,1803.435,1820.404,738.000,0.668,0.728,0.728,0.712,0.724
TM.SRIT.,8.595,99.602,163.664,1771.270,1826.362,1845.073,739.000,0.023,-0.023,-0.017,-0.020,-0.022
G.CAN.00,-35.319,148.996,119.907,1517.176,1529.589,1533.271,740.000,0.282,0.195,0.202,0.223,0.206
N.FUJF.,35.231,138.418,150.970,1703.943,1743.673,1756.575,741.000,0.111,0.402,0.367,0.359,0.359
ZJ.YUY.,29.953,121.094,164.266,1774.336,1830.209,1849.222,742.000,0.439,0.553,0.547,0.538,0.540
GD.HUD.,23.516,113.227,171.653,1811.035,1876.830,1899.834,743.000,0.496,0.469,0.475,0.478,0.471
NM.BLM.,41.710,110.428,153.325,1716.824,1759.235,1773.133,744.000,0.574,0.654,0.646,0.623,0.650
N.KISF.,33.865,135.891,153.450,1717.499,1760.055,1774.007,745.000,0.252,0.129,0.145,0.142,0.152
NX.LWU.,38.101,106.331,156.003,1731.249,1776.801,1791.881,746.000,0.418,0.370,0.377,0.364,0.379
NM.JIP.,43.244,117.545,151.968,1709.426,1750.282,1763.600,747.000,0.529,0.440,0.464,0.484,0.450
JX.YIC.,27.809,114.370,167.492,1790.577,1850.702,1871.399,748.000,0.606,0.563,0.555,0.543,0.560
SD.QID.,36.057,120.395,158.666,1745.379,1794.154,1810.450,749.000,0.121,0.130,0.140,0.152,0.144
CB.TNC.00,25.029,98.520,161.887,1762.153,1814.962,1832.793,750.000,0.209,0.183,0.129,0.130,0.196
JL.SPT.,43.200,124.535,150.902,1703.569,1743.223,1756.097,751.000,0.243,0.255,0.256,0.252,0.256
JX.WAA.,26.365,114.802,168.943,1797.774,1859.853,1881.339,752.000,0.412,0.452,0.455,0.451,0.456
HB.ZHX.,31.172,112.727,164.019,1773.079,1828.631,1847.520,753.000,0.491,0.484,0.491,0.496,0.489
NM.WLT.,46.040,122.027,148.683,1691.262,1728.468,1740.446,754.000,0.257,0.312,0.317,0.320,0.319
XZ.NAQ.,31.450,92.090,153.712,1718.922,1761.782,1775.848,755.000,0.153,0.187,0.187,0.191,0.191
JL.PST.,42.950,126.078,150.729,1702.619,1742.080,1754.883,756.000,0.591,0.457,0.478,0.505,0.491
HL.JMS.,46.732,130.324,146.029,1676.332,1710.699,1721.657,757.000,0.328,0.347,0.354,0.359,0.355
SD.TIA.,36.250,117.100,158.961,1746.930,1796.068,1812.502,758.000,0.493,0.496,0.492,0.468,0.489
LN.SHS.,40.722,120.966,154.034,1720.663,1763.898,1778.105,759.000,0.487,0.479,0.486,0.490,0.489
LN.FSH.,41.883,123.917,152.295,1711.213,1752.441,1765.897,760.000,0.632,0.634,0.653,0.665,0.657
CB.DL2.00,38.906,121.628,155.660,1729.412,1774.556,1789.483,761.000,0.258,0.240,0.248,0.255,0.252
XJ.HTTZ0.,37.164,79.060,141.544,1650.586,1680.378,1689.737,762.000,0.331,0.380,0.376,0.378,0.383
QH.XIN.,36.628,101.725,155.698,1729.617,1774.806,1789.750,763.000,0.663,0.705,0.696,0.678,0.704
HE.FEN.,41.223,116.618,154.039,1720.692,1763.932,1778.141,764.000,0.354,0.357,0.383,0.414,0.376
KR.MNAS.,42.493,72.498,134.752,1610.349,1633.837,1641.046,765.000,,,,,
HL.TAH.,52.336,124.667,142.157,1654.145,1684.543,1694.111,766.000,0.357,0.374,0.373,0.368,0.373
GD.YGD.,21.711,112.245,173.142,1818.231,1886.105,1909.962,767.000,0.236,0.138,0.143,0.140,0.143
NM.WUH.,39.665,106.839,154.659,1724.037,1768.001,1782.484,768.000,0.598,0.622,0.628,0.621,0.613
N.HIDF.,42.821,142.415,143.758,1663.383,1695.392,1705.522,769.000,0.115,0.204,0.193,0.183,0.194
YN.MLP.,23.128,104.702,167.651,1791.368,1851.705,1872.487,770.000,0.223,0.040,0.033,0.035,0.045
XJ.FUY.,47.000,89.600,142.009,1653.287,1683.538,1693.056,771.000,0.763,0.739,0.725,0.711,0.738
N.SIBF.,31.970,130.349,158.158,1742.698,1790.851,1806.910,772.000,0.224,0.213,0.213,0.211,0.217
BU.DOH.,39.752,118.328,155.366,1727.839,1772.636,1787.432,773.000,0.311,0.286,0.276,0.262,0.280
HE.ZHB.,41.402,114.493,153.905,1719.966,1763.050,1777.201,774.000,0.491,0.439,0.449,0.474,0.445
N.SAGF.,36.255,133.305,153.362,1717.022,1759.476,1773.390,775.000,0.208,0.212,0.219,0.228,0.227
PS.OGS.,27.057,142.203,151.997,1709.583,1750.471,1763.802,776.000,0.063,-0.048,-0.008,-0.019,-0.040
MY.IPM.,4.479,101.025,162.629,1765.971,1819.731,1837.926,777.000,0.314,0.268,0.252,0.239,0.269
XJ.LHG.,43.638,87.061,143.111,1659.662,1691.015,1700.915,778.000,0.583,0.622,0.632,0.634,0.620
SN.YULG.,38.856,110.507,156.147,1732.020,1777.744,1792.889,779.000,0.512,0.494,0.496,0.488,0.497
JS.LH.,32.515,118.945,162.393,1764.758,1818.216,1836.295,780.000,0.429,0.402,0.398,0.383,0.399
YN.CZS.,24.904,98.667,162.064,1763.067,1816.103,1834.020,781.000,0.294,0.226,0.214,0.218,0.224
JS.CS.,31.670,120.715,162.782,1766.756,1820.713,1838.984,782.000,0.504,0.592,0.574,0.547,0.564
CQ.FUL.,29.726,107.438,164.056,1773.267,1828.867,1847.774,783.000,0.566,0.606,0.601,0.591,0.602
HA.ZMD.,33.133,113.745,162.147,1763.496,1816.639,1834.597,784.000,0.608,0.622,0.622,0.640,0.628
N.KZSF.,34.206,139.148,151.088,1704.593,1744.455,1757.406,785.000,0.248,0.204,0.238,0.253,0.224
NM.MDG.,51.272,120.778,143.721,1663.171,1695.142,1705.259,786.000,0.585,0.585,0.584,0.563,0.586
QH.LYX.,35.871,101.181,156.091,1731.723,1777.381,1792.501,787.000,0.685,0.677,0.671,0.664,0.677
FJ.YDXS.,24.697,116.630,170.462,1805.232,1869.386,1891.716,788.000,0.443,0.355,0.341,0.325,0.340
JS.DH.,34.505,118.772,160.479,1754.865,1805.893,1823.044,789.000,0.644,0.673,0.681,0.688,0.685
HN.ZJJ.,29.351,110.557,165.414,1780.154,1837.525,1857.126,790.000,0.535,0.528,0.540,0.569,0.537
HA.PDS.,33.712,113.298,161.544,1760.386,1812.759,1830.423,791.000,0.272,0.289,0.289,0.285,0.289
SC.YTI.,31.212,105.361,161.891,1762.177,1814.992,1832.825,792.000,0.605,0.593,0.577,0.557,0.587
SN.ZOZT.,34.055,108.324,160.354,1754.215,1805.086,1822.178,793.000,0.571,0.621,0.605,0.578,0.616
AH.HBE.,33.982,116.790,161.244,1758.831,1810.823,1828.341,794.000,0.515,0.447,0.442,0.436,0.444
YN.YUJ.,23.566,101.978,165.344,1779.799,1837.079,1856.643,795.000,0.325,0.297,0.288,0.289,0.298
GE.MMRI.,-8.636,122.238,154.958,1725.646,1769.961,1784.576,796.000,0.188,0.100,0.103,0.109,0.103
CB.SNY.00,41.828,123.578,152.429,1711.943,1753.324,1766.837,797.000,0.601,0.541,0.563,0.586,0.580
N.NSKF.,34.340,132.002,155.486,1728.484,1773.423,1788.272,798.000,0.247,0.225,0.211,0.201,0.204
BU.LBG.,40.899,116.596,154.363,1722.441,1766.060,1780.412,799.000,0.524,0.472,0.484,0.501,0.483
SN.MIAX.,33.229,106.800,160.658,1755.794,1807.046,1824.283,800.000,0.748,0.647,0.644,0.643,0.644
XJ.MUL.,43.809,90.296,144.680,1668.661,1701.617,1712.078,801.000,0.384,0.388,0.384,0.387,0.383
HB.YXI.,32.986,110.432,161.876,1762.100,1814.897,1832.722,802.000,0.558,0.429,0.444,0.468,0.436
GX.BHS.,21.653,109.213,171.714,1811.330,1877.210,1900.249,803.000,0.064,0.173,0.202,0.218,0.191
NM.XLT.,43.900,116.079,151.389,1706.249,1746.450,1759.525,804.000,0.576,0.488,0.511,0.530,0.502
SC.LGH.,27.714,100.862,162.059,1763.042,1816.072,1833.987,805.000,0.176,0.274,0.281,0.280,0.273
CB.TIA.00,36.210,117.124,158.999,1747.128,1796.313,1812.764,806.000,0.490,0.499,0.491,0.468,0.491
GX.DXX.,22.838,107.186,169.566,1800.841,1863.767,1885.596,807.000,0.047,0.114,0.112,0.112,0.111
TM.LOEI.,17.509,101.624,167.139,1788.819,1848.473,1868.981,808.000,0.019,0.170,0.173,0.173,0.167
XJ.WCW.,44.901,89.032,143.267,1660.560,1692.070,1702.025,809.000,0.046,0.074,0.087,0.095,0.074
SN.XIXI.,32.910,107.716,161.251,1758.870,1810.871,1828.393,810.000,0.771,0.583,0.595,0.603,0.586
BJ.DHC.,39.861,116.110,155.422,1728.138,1773.001,1787.822,811.000,0.547,0.524,0.519,0.511,0.523
YN.SIM.,22.776,101.014,164.964,1777.880,1834.663,1854.031,812.000,0.241,0.185,0.167,0.170,0.180
HA.HX.,35.450,113.440,159.819,1751.425,1801.628,1818.465,813.000,0.598,0.644,0.652,0.654,0.649
GS.BYT.,36.581,104.130,156.691,1734.920,1781.295,1796.685,814.000,0.748,0.771,0.755,0.746,0.765
FJ.HAJF.,24.979,118.959,169.586,1800.939,1863.892,1885.733,815.000,-0.035,0.011,-0.005,-0.020,-0.014
GD.CHZ.,23.672,116.637,171.466,1810.126,1875.662,1898.560,816.000,0.305,0.252,0.248,0.242,0.254
SH.XKS.,31.058,121.142,163.228,1769.039,1823.569,1842.061,817.000,0.528,0.499,0.501,0.507,0.503
JS.ZJ.,32.148,119.447,162.645,1766.052,1819.833,1838.036,818.000,0.487,0.531,0.534,0.532,0.540
GS.WSH.,34.661,105.050,158.741,1745.772,1794.639,1810.970,819.000,0.727,0.688,0.692,0.688,0.687
TW.TWGB.,22.818,121.080,170.453,1805.190,1869.331,1891.657,820.000,0.096,0.062,0.074,0.069,0.083
YN.ZOD.,27.823,99.698,161.198,1758.596,1810.530,1828.026,821.000,0.129,0.257,0.258,0.260,0.259
IC.ENH.00,30.276,109.494,164.249,1774.251,1830.102,1849.107,822.000,0.641,0.565,0.595,0.628,0.579
HI.XSA.,16.360,112.480,177.501,1838.892,1913.010,1939.445,823.000,-0.002,-0.038,-0.015,-0.029,-0.061
BU.ZJT.,40.831,114.902,154.478,1723.057,1766.809,1781.212,824.000,0.396,0.375,0.388,0.408,0.379
IC.BJT.00,40.018,116.168,155.263,1727.283,1771.957,1786.708,825.000,0.524,0.530,0.531,0.523,0.531
HN.CHL.,26.795,113.506,168.447,1795.320,1856.727,1877.941,826.000,0.601,0.571,0.569,0.566,0.569
SC.XCE.,28.942,99.792,160.543,1755.196,1806.304,1823.485,827.000,0.155,0.109,0.100,0.098,0.107
JS.QSD.,34.995,119.823,159.811,1751.379,1801.571,1818.404,828.000,0.258,0.411,0.426,0.429,0.427
N.NRWF.,34.768,133.533,154.299,1722.092,1765.635,1779.959,829.000,0.012,0.143,0.130,0.119,0.111
GD.GAZ.,22.055,111.014,172.345,1814.385,1881.142,1904.540,830.000,0.632,0.576,0.589,0.592,0.584
CQ.QIJ.,29.564,108.796,164.698,1776.530,1832.965,1852.197,831.000,0.624,0.652,0.660,0.676,0.658
GD.LIP.,24.361,114.465,170.941,1807.569,1872.381,1894.981,832.000,0.371,0.427,0.421,0.402,0.428
NM.XIH.,42.252,119.889,152.707,1713.463,1755.163,1768.795,833.000,0.483,0.437,0.422,0.408,0.429
XJ.STZ.,43.713,86.653,142.840,1658.097,1689.177,1698.982,834.000,0.510,0.522,0.527,0.519,0.524
QH.LJS.,36.355,101.450,155.809,1730.210,1775.531,1790.524,835.000,0.657,0.673,0.671,0.671,0.675
AU.CTA.,-20.088,146.250,133.031,1599.915,1621.932,1628.646,836.000,0.427,0.458,0.439,0.412,0.455
JX.NAC.,27.539,116.576,167.663,1791.429,1851.783,1872.572,837.000,0.524,0.498,0.507,0.517,0.516
CB.NJ2.00,32.052,118.854,162.862,1767.163,1821.222,1839.532,838.000,0.534,0.568,0.578,0.590,0.582
HA.JY.,35.163,112.449,160.030,1752.526,1802.991,1819.928,839.000,0.558,0.656,0.660,0.655,0.655
LN.HUR.,41.279,125.354,152.479,1712.219,1753.658,1767.193,840.000,0.288,0.233,0.250,0.264,0.253
LN.YKO.,40.683,122.603,153.742,1719.084,1761.978,1776.058,841.000,0.250,0.252,0.255,0.256,0.255
IC.LSA.00,29.703,91.127,153.882,1719.844,1762.901,1777.042,842.000,0.257,0.293,0.282,0.286,0.294
LN.BZH.,41.599,121.764,153.036,1715.253,1757.331,1771.104,843.000,0.614,0.601,0.586,0.578,0.589
ZJ.ZHS.,30.038,122.117,163.823,1772.080,1827.378,1846.168,844.000,0.384,0.452,0.454,0.450,0.438
N.NAAF.,35.224,137.362,151.652,1707.697,1748.195,1761.381,845.000,0.344,0.187,0.161,0.164,0.146
SD.NLA.,35.522,117.983,159.590,1750.228,1800.146,1816.875,846.000,0.357,0.397,0.408,0.414,0.404
FJ.YXBM.,26.039,118.110,168.843,1797.280,1859.223,1880.654,847.000,0.496,0.473,0.482,0.488,0.479
NM.XSZ.,40.740,108.734,154.021,1720.595,1763.815,1778.016,848.000,0.672,0.645,0.646,0.647,0.643
SC.HSH.,32.064,102.987,160.073,1752.746,1803.264,1820.221,849.000,0.484,0.463,0.451,0.446,0.460
BU.SFS.,39.661,115.814,155.632,1729.265,1774.377,1789.292,850.000,0.505,0.447,0.455,0.465,0.449
FJ.FZCM.,26.009,119.367,168.494,1795.554,1857.025,1878.264,851.000,0.438,0.449,0.447,0.446,0.450
ZJ.HUZ.,30.842,120.095,163.737,1771.641,1826.828,1845.574,852.000,0.535,0.703,0.702,0.698,0.701
JL.SLT.,43.688,123.900,150.588,1701.836,1741.139,1753.883,853.000,0.073,0.027,0.014,-0.006,0.015
BU.ZKD.,39.688,115.922,155.602,1729.102,1774.177,1789.079,854.000,0.509,0.442,0.432,0.420,0.435
AH.TOL.,30.925,117.819,164.147,1773.730,1829.448,1848.400,855.000,0.426,0.383,0.400,0.421,0.402
GS.LXA.,35.627,103.263,157.195,1737.605,1784.588,1800.206,856.000,0.715,0.706,0.697,0.693,0.705
JX.XUW.,24.995,115.608,170.286,1804.372,1868.284,1890.515,857.000,-0.061,-0.074,-0.072,-0.066,-0.070
BJ.LLM.,40.629,116.638,154.631,1723.882,1767.813,1782.283,858.000,0.482,0.475,0.474,0.461,0.472
SX.LIF.,36.088,111.367,158.990,1747.083,1796.258,1812.705,859.000,0.559,0.479,0.496,0.512,0.491
CQ.CQT.,29.422,106.573,163.964,1772.800,1828.281,1847.142,860.000,0.631,0.645,0.649,0.650,0.641
YN.MZT.,25.215,98.495,161.775,1761.578,1814.245,1832.021,861.000,0.254,0.218,0.196,0.203,0.223
SX.HMA.,35.580,111.410,159.498,1749.742,1799.544,1816.230,862.000,0.676,0.621,0.638,0.658,0.638
ZJ.XSH.,29.894,120.105,164.631,1776.191,1832.539,1851.737,863.000,0.413,0.521,0.523,0.523,0.517
GE.SMRI.,-7.049,110.441,157.222,1737.746,1784.761,1800.392,864.000,-0.032,-0.009,-0.014,-0.018,-0.014
XJ.CBC.,43.521,81.439,139.970,1641.394,1669.662,1678.495,865.000,0.549,0.601,0.619,0.621,0.601
AU.QIS.,-20.558,139.605,136.661,1621.810,1646.994,1654.779,866.000,0.225,0.216,0.217,0.226,0.218
SC.WCA.,32.177,106.197,161.389,1759.584,1811.760,1829.348,867.000,0.738,0.682,0.676,0.664,0.679
GS.LZH.,36.083,103.844,157.026,1736.702,1783.480,1799.022,868.000,0.655,0.652,0.658,0.650,0.659
N.YNGF.,24.455,123.007,168.062,1793.414,1854.303,1875.308,869.000,0.031,0.062,0.075,0.079,0.083
KN.ULHL.,42.246,76.242,137.353,1625.932,1651.749,1659.748,870.000,0.004,-0.036,-0.036,-0.036,-0.005
G.INU.00,35.350,137.029,151.783,1708.414,1749.061,1762.301,871.000,0.292,0.146,0.145,0.152,0.150
ZJ.HAY.,30.383,120.848,163.948,1772.718,1828.178,1847.031,872.000,0.429,0.450,0.456,0.464,0.457
SD.RZH.,35.422,119.523,159.453,1749.508,1799.255,1815.919,873.000,0.349,0.301,0.327,0.379,0.344
ZJ.JAX.,30.780,120.888,163.566,1770.766,1825.731,1844.392,874.000,0.287,0.412,0.404,0.388,0.401
SX.CHZ.,36.224,113.180,159.032,1747.300,1796.526,1812.992,875.000,0.147,0.065,0.077,0.083,0.070
SN.SHNA.,33.518,110.865,161.440,1759.845,1812.085,1829.698,876.000,0.591,0.538,0.543,0.547,0.542
XJ.RGN.,43.865,87.561,143.228,1660.335,1691.806,1701.748,877.000,0.342,0.413,0.437,0.436,0.422
JX.JIA.,27.063,115.044,168.243,1794.312,1855.445,1876.548,878.000,0.569,0.594,0.604,0.611,0.607
JX.YOX.,29.083,115.606,166.207,1784.147,1842.563,1862.577,879.000,0.428,0.340,0.349,0.354,0.353
N.SRNF.,36.202,136.630,151.476,1706.728,1747.027,1760.139,880.000,0.172,0.176,0.165,0.156,0.178
1P.BA22.,-37.986,143.605,120.257,1519.452,1532.083,1535.830,881.000,0.121,0.264,0.265,0.272,0.268
GS.SGS.,37.741,103.892,155.568,1728.921,1773.957,1788.843,882.000,0.748,0.743,0.738,0.721,0.741
IC.XAN.10,34.031,108.923,160.532,1755.140,1806.235,1823.411,883.000,0.548,0.599,0.594,0.578,0.593
TM.NONG.,18.063,103.146,168.470,1795.437,1856.877,1878.103,884.000,-0.068,-0.028,-0.010,-0.021,-0.040
SX.YAC.,35.442,112.407,159.749,1751.055,1801.169,1817.973,885.000,0.535,0.596,0.597,0.594,0.605
SD.ANQ.,36.374,119.218,158.576,1744.902,1793.566,1809.820,886.000,0.591,0.575,0.577,0.599,0.589
KZ.BRVK.,53.058,70.283,128.615,1572.688,1591.154,1596.710,887.000,0.355,0.402,0.412,0.413,0.407
HI.JFL.,18.704,108.789,173.295,1818.966,1887.055,1911.000,888.000,0.092,0.248,0.164,0.175,0.246
HB.YDU.,30.214,111.211,164.728,1776.680,1833.153,1852.400,889.000,0.543,0.435,0.451,0.483,0.445
SD.BHC.,38.392,120.909,156.304,1732.861,1778.773,1793.989,890.000,0.312,0.289,0.290,0.295,0.293
GD.HUJ.,24.035,112.302,170.953,1807.631,1872.459,1895.067,891.000,0.664,0.640,0.642,0.636,0.640
FJ.PTNR.,25.222,119.471,169.178,1798.933,1861.331,1882.947,892.000,0.244,0.254,0.261,0.272,0.267
JS.WX.,31.525,120.223,163.054,1768.150,1822.457,1840.862,893.000,0.416,0.466,0.477,0.491,0.470
JS.YC.,33.367,120.133,161.316,1759.207,1811.291,1828.844,894.000,0.375,0.357,0.359,0.353,0.362
SC.MDS.,30.075,103.041,161.686,1761.115,1813.669,1831.401,895.000,0.399,0.445,0.430,0.415,0.440
ZJ.HAZ.,30.267,120.114,164.277,1774.391,1830.279,1849.297,896.000,0.427,0.580,0.577,0.571,0.576
HN.TAY.,28.877,111.460,166.078,1783.499,1841.744,1861.690,897.000,0.501,0.442,0.452,0.474,0.447
YN.GYA.,26.459,106.664,166.496,1785.597,1844.396,1864.562,898.000,0.460,0.481,0.482,0.482,0.484
YN.LAC.,22.552,99.921,164.155,1773.770,1829.498,1848.455,899.000,0.434,0.336,0.327,0.332,0.341
SC.AXI.,31.638,104.431,161.112,1758.151,1809.976,1827.431,900.000,0.562,0.645,0.640,0.626,0.645
HL.LIH.,44.331,128.500,148.749,1691.629,1728.907,1740.910,901.000,0.360,0.320,0.342,0.369,0.365
IC.HIA.00,49.270,119.741,145.802,1675.044,1709.172,1720.046,902.000,0.607,0.597,0.618,0.632,0.619
LN.BEP.,41.783,120.699,153.046,1715.305,1757.394,1771.172,903.000,0.641,0.615,0.617,0.622,0.616
KZ.PDGK.,43.328,79.485,138.887,1635.023,1662.264,1670.746,904.000,,,,,
ZJ.SHS.,30.705,122.451,163.097,1768.368,1822.729,1841.155,905.000,0.201,0.229,0.214,0.204,0.219
N.SHRF.,44.056,144.994,141.529,1650.500,1680.279,1689.632,906.000,0.140,0.228,0.208,0.209,0.183
FJ.YCSG.,25.336,118.227,169.482,1800.431,1863.244,1885.027,907.000,0.181,0.399,0.400,0.408,0.398
AU.AS31.,-23.666,133.904,136.799,1622.632,1647.942,1655.769,908.000,0.349,0.414,0.409,0.390,0.411
SC.HYS.,30.416,106.840,163.206,1768.927,1823.428,1841.909,909.000,0.717,0.752,0.755,0.751,0.753
YN.MIL.,24.406,103.388,165.917,1782.692,1840.726,1860.588,910.000,0.059,0.208,0.219,0.221,0.205
SC.DFU.,30.991,101.121,159.917,1751.936,1802.260,1819.144,911.000,0.262,0.284,0.272,0.259,0.282
GX.PGX.,23.328,107.578,169.459,1800.314,1863.095,1884.865,912.000,0.344,0.252,0.245,0.240,0.250
QH.MEY.,37.472,101.400,154.845,1725.036,1769.218,1783.783,913.000,0.617,0.667,0.652,0.635,0.663
GD.SZN.,22.546,114.143,172.733,1816.260,1883.560,1907.182,914.000,0.568,0.569,0.584,0.593,0.579
HA.XY.,32.133,114.012,163.159,1768.687,1823.128,1841.586,915.000,0.542,0.518,0.533,0.553,0.539
HE.LUQ.,38.002,114.307,157.301,1738.165,1785.276,1800.943,916.000,0.560,0.589,0.575,0.546,0.583
HN.SHY.,27.212,111.450,167.687,1791.549,1851.935,1872.737,917.000,0.545,0.554,0.557,0.561,0.559
JX.JIJ.,29.647,116.010,165.620,1781.195,1838.837,1858.545,918.000,0.484,0.290,0.307,0.329,0.313
NM.LUB.,44.546,120.882,150.317,1700.340,1739.341,1751.975,919.000,0.267,0.265,0.250,0.231,0.253
JS.PZ.,34.520,117.967,160.583,1755.402,1806.560,1823.760,920.000,0.537,0.540,0.543,0.546,0.546
CQ.ROC.,29.379,105.443,163.481,1770.333,1825.189,1843.808,921.000,0.643,0.603,0.587,0.578,0.604
YN.ZAT.,27.322,103.718,164.157,1773.780,1829.512,1848.469,922.000,0.279,0.315,0.315,0.313,0.315
SX.HZH.,36.610,111.899,158.539,1744.706,1793.325,1809.561,923.000,0.240,0.215,0.214,0.217,0.215
N.IGKF.,24.412,124.179,167.357,1789.907,1849.852,1870.477,924.000,0.102,0.089,0.081,0.082,0.078
SC.REG.,33.582,102.965,158.810,1746.133,1795.085,1811.447,925.000,0.467,0.459,0.445,0.428,0.454
SC.SPA.,32.650,103.603,159.882,1751.752,1802.033,1818.900,926.000,0.509,0.515,0.518,0.512,0.514
NM.CHR.,47.973,121.177,146.918,1681.355,1716.663,1727.956,927.000,0.399,0.384,0.389,0.393,0.389
KN.USP.,43.267,74.500,135.751,1616.358,1640.724,1648.232,928.000,0.428,0.457,0.467,0.468,0.452
N.ASIF.,36.634,139.421,149.470,1695.648,1733.714,1746.005,929.000,0.245,0.147,0.148,0.140,0.148
AH.DYN.,32.644,117.469,162.500,1765.308,1818.903,1837.034,930.000,0.505,0.408,0.418,0.423,0.418
SN.TOCH.,35.392,109.125,159.275,1748.575,1798.101,1814.682,931.000,0.620,0.515,0.516,0.503,0.517
SX.NIW.,38.687,112.336,156.518,1734.000,1780.168,1795.480,932.000,0.654,0.662,0.664,0.660,0.660
GS.DBT.,34.060,103.230,158.526,1744.639,1793.242,1809.473,933.000,0.562,0.594,0.601,0.619,0.598
SN.SHAZ.,33.512,109.874,161.251,1758.869,1810.870,1828.391,934.000,0.703,0.545,0.556,0.569,0.552
YN.MAL.,25.427,103.575,165.392,1780.042,1837.384,1856.973,935.000,0.261,0.224,0.215,0.209,0.218
ZJ.NIH.,29.246,121.704,164.692,1776.500,1832.927,1852.156,936.000,0.258,0.410,0.416,0.416,0.420
XJ.HEF.,46.770,85.768,140.334,1643.526,1672.143,1681.095,937.000,0.627,0.690,0.728,0.740,0.695
XJ.BAC.,41.859,81.624,141.004,1647.444,1676.709,1685.885,938.000,0.270,0.406,0.460,0.470,0.399
JS.GAY.,34.943,118.983,160.015,1752.447,1802.893,1819.823,939.000,0.433,0.432,0.448,0.462,0.461
JS.JT.,31.734,119.543,163.023,1767.989,1822.255,1840.645,940.000,0.589,0.652,0.654,0.652,0.663
HI.BSL.,19.363,110.262,174.041,1822.543,1891.686,1916.063,941.000,-0.150,-0.100,-0.111,-0.101,-0.094
SN.TABT.,34.071,107.285,160.040,1752.577,1803.054,1819.996,942.000,0.684,0.660,0.659,0.649,0.661
SN.NSHT.,33.325,108.323,161.043,1757.792,1809.530,1826.952,943.000,0.642,0.564,0.577,0.588,0.569
GD.YND.,24.126,113.363,171.074,1808.219,1873.214,1895.890,944.000,0.552,0.580,0.565,0.540,0.566
YN.HUP.,26.587,101.199,163.013,1767.939,1822.192,1840.577,945.000,0.307,0.091,0.073,0.077,0.096
NM.TIS.,43.863,120.112,151.094,1704.629,1744.499,1757.452,946.000,0.148,0.171,0.171,0.165,0.165
MY.KKM.,6.044,116.215,170.638,1806.091,1870.486,1892.916,947.000,0.050,0.092,0.103,0.117,0.104
IU.PET.00,53.023,158.650,129.017,1575.190,1593.967,1599.621,948.000,0.103,0.121,0.127,0.123,0.159
NM.BYT.,38.846,105.717,155.135,1726.597,1771.121,1785.814,949.000,0.644,0.674,0.670,0.654,0.674
PS.BAG.,16.411,120.580,174.367,1824.097,1893.701,1918.269,950.000,0.003,0.006,-0.004,-0.000,0.009
GS.YDT.,36.801,103.321,156.194,1732.269,1778.049,1793.215,951.000,0.736,0.767,0.761,0.755,0.766
CQ.WUL.,29.188,107.826,164.689,1776.484,1832.907,1852.135,952.000,0.697,0.701,0.704,0.703,0.701
GS.DHT.,40.040,94.831,149.737,1697.128,1735.488,1747.886,953.000,0.118,0.027,0.025,0.029,0.028
HE.YON.,36.754,114.422,158.551,1744.773,1793.407,1809.649,954.000,0.587,0.585,0.598,0.612,0.599
SC.MEK.,31.904,102.224,159.815,1751.404,1801.601,1818.436,955.000,0.509,0.526,0.517,0.500,0.520
JX.LON.,24.769,114.817,170.539,1805.608,1869.867,1892.241,956.000,0.082,0.093,0.083,0.064,0.082
GX.HCS.,24.671,108.011,168.657,1796.362,1858.054,1879.382,957.000,0.513,0.449,0.439,0.430,0.447
HI.WAN.,18.801,110.424,174.524,1824.846,1894.674,1919.333,958.000,0.162,0.089,0.085,0.084,0.093
HB.WHN.,30.543,114.354,164.759,1776.839,1833.353,1852.617,959.000,0.353,0.245,0.271,0.305,0.269
HL.LBE.,47.596,130.829,145.105,1671.085,1704.482,1715.098,960.000,0.553,0.535,0.557,0.574,0.558
LN.KDN.,40.741,124.782,153.139,1715.815,1758.012,1771.830,961.000,0.631,0.557,0.556,0.559,0.575
GD.XNY.,22.353,110.929,172.045,1812.936,1879.275,1902.502,962.000,0.486,0.473,0.481,0.482,0.471
XJ.XKR.,39.828,77.576,139.344,1637.712,1665.383,1674.012,963.000,0.406,0.411,0.394,0.395,0.411
YN.BAS.,25.118,99.147,162.333,1764.452,1817.833,1835.882,964.000,0.358,0.264,0.238,0.245,0.263
JL.CN2.,43.800,125.450,150.109,1699.191,1737.963,1750.511,965.000,0.345,0.246,0.255,0.266,0.267
SX.DOS.,37.929,112.741,157.303,1738.177,1785.290,1800.958,966.000,0.271,0.366,0.359,0.347,0.364
HE.YUS.,37.791,114.371,157.514,1739.294,1786.663,1802.427,967.000,0.506,0.547,0.532,0.515,0.538
CB.NAQ.00,32.250,92.250,153.385,1717.148,1759.628,1773.552,968.000,0.121,0.118,0.104,0.105,0.117
SC.JZG.,33.257,104.236,159.647,1750.523,1800.511,1817.266,969.000,0.521,0.617,0.594,0.560,0.609
ZJ.QIY.,27.616,119.063,167.082,1788.532,1848.109,1868.587,970.000,0.491,0.437,0.435,0.440,0.430
HB.YCH.,30.784,111.315,164.192,1773.960,1829.737,1848.713,971.000,0.579,0.585,0.598,0.616,0.592
GZ.ZFT.,25.387,105.629,166.740,1786.822,1845.945,1866.241,972.000,0.104,0.149,0.175,0.176,0.152
AH.SCH.,31.348,116.984,163.841,1772.170,1827.491,1846.290,973.000,0.638,0.720,0.725,0.724,0.731
N.IYGF.,40.122,141.583,145.972,1676.007,1710.314,1721.251,974.000,0.282,0.145,0.151,0.152,0.164
SN.LANT.,34.113,109.376,160.562,1755.292,1806.424,1823.614,975.000,0.626,0.543,0.543,0.536,0.539
N.KNYF.,34.874,138.063,151.417,1706.406,1746.639,1759.727,976.000,0.153,0.214,0.176,0.173,0.177
SN.SUDE.,37.495,110.231,157.442,1738.911,1786.193,1801.924,977.000,0.661,0.611,0.620,0.606,0.613
XJ.QMO.,37.310,85.470,145.955,1675.908,1710.196,1721.127,978.000,0.404,0.491,0.491,0.492,0.489
JS.KS.,31.390,120.950,162.977,1767.753,1821.960,1840.327,979.000,0.266,0.197,0.208,0.216,0.213
HE.XIL.,40.406,117.471,154.797,1724.781,1768.908,1783.452,980.000,0.309,0.312,0.312,0.303,0.312
HL.TOH.,46.085,128.651,147.121,1682.500,1718.024,1729.396,981.000,0.611,0.577,0.589,0.589,0.597
AU.QLP.,-26.584,144.235,129.296,1576.928,1595.922,1601.646,982.000,0.199,0.143,0.142,0.140,0.141
NM.ZLT.,48.029,122.652,146.649,1679.838,1714.861,1726.053,983.000,0.420,0.423,0.409,0.398,0.404
XJ.ATS.,39.804,75.844,138.152,1630.676,1657.230,1665.479,984.000,0.334,0.185,0.202,0.192,0.180
FJ.ZHNZ.,27.357,118.860,167.385,1790.046,1850.029,1870.669,985.000,0.494,0.419,0.424,0.442,0.426
XJ.HYS.,42.975,89.441,144.833,1669.532,1702.645,1713.162,986.000,0.273,0.206,0.234,0.213,0.218
SH.QHS.,30.792,121.259,163.437,1770.108,1824.907,1843.503,987.000,0.001,-0.007,0.000,0.006,0.006
NM.IDR.,46.731,122.890,147.868,1686.697,1723.021,1734.680,988.000,0.020,0.025,0.026,0.026,0.026
HL.SYS.,46.659,131.093,145.846,1675.293,1709.467,1720.357,989.000,0.428,0.420,0.411,0.409,0.405
JX.YUG.,28.826,116.625,166.381,1785.023,1843.670,1863.776,990.000,0.386,0.303,0.329,0.368,0.335
SD.LIS.,34.951,118.685,160.056,1752.658,1803.155,1820.105,991.000,0.555,0.537,0.540,0.534,0.539
YN.WAD.,24.085,98.071,161.964,1762.549,1815.457,1833.325,992.000,0.436,0.371,0.355,0.362,0.370
SX.XAX.,35.120,111.237,159.927,1751.986,1802.322,1819.210,993.000,0.476,0.567,0.567,0.552,0.559
N.YASF.,35.657,135.161,152.723,1713.551,1755.270,1768.909,994.000,0.193,0.287,0.298,0.296,0.294
ZJ.YUQ.,28.415,121.080,165.677,1781.482,1839.200,1858.937,995.000,0.345,0.402,0.392,0.382,0.390
BU.ZUH.,40.192,117.676,154.994,1725.836,1770.193,1784.824,996.000,0.439,0.418,0.416,0.399,0.410
KR.ARSB.,41.323,72.981,135.549,1615.147,1639.334,1646.782,997.000,0.211,0.285,0.307,0.302,0.277
HL.QTH.,45.742,131.079,146.652,1679.854,1714.879,1726.072,998.000,0.283,0.215,0.222,0.226,0.219
HB.XFA.,32.002,112.042,163.113,1768.451,1822.832,1841.267,999.000,0.771,0.692,0.709,0.727,0.702
GD.ZIJ.,23.704,115.167,171.599,1810.771,1876.490,1899.463,1000.000,0.318,0.416,0.409,0.400,0.411
GD.YGX.,21.750,111.600,172.866,1816.899,1884.385,1908.082,1001.000,0.478,0.371,0.383,0.391,0.368
AU.TOO.,-37.571,145.491,119.780,1516.347,1528.682,1532.340,1002.000,0.455,0.385,0.386,0.395,0.386
LN.SNY.,41.828,123.578,152.429,1711.943,1753.324,1766.837,1003.000,0.606,0.550,0.571,0.593,0.587
QH.TOR.,35.519,102.010,156.757,1735.272,1781.726,1797.145,1004.000,0.653,0.676,0.675,0.675,0.675
SX.YMG.,39.229,112.807,156.013,1731.305,1776.870,1791.955,1005.000,0.570,0.577,0.576,0.575,0.576
NM.JIN.,40.997,113.152,154.270,1721.937,1765.447,1779.758,1006.000,0.519,0.474,0.492,0.499,0.486
BU.SHC.,40.441,115.523,154.861,1725.121,1769.322,1783.894,1007.000,0.472,0.438,0.449,0.452,0.440
CB.GTA.00,39.400,99.817,152.552,1712.618,1754.140,1767.706,1008.000,0.687,0.697,0.693,0.684,0.694
GS.TSS.,34.342,106.021,159.377,1749.108,1798.760,1815.388,1009.000,0.749,0.654,0.658,0.653,0.653
N.NOKF.,34.166,135.348,153.603,1718.329,1761.062,1775.080,1010.000,0.012,0.057,0.036,0.042,0.028
SC.HMS.,29.572,104.398,162.802,1766.859,1820.841,1839.122,1011.000,0.464,0.492,0.485,0.473,0.493
XJ.KSZ.,39.591,75.941,138.309,1631.601,1658.301,1666.598,1012.000,0.262,0.225,0.474,0.475,0.230
SX.LNQ.,39.382,114.021,155.915,1730.782,1776.230,1791.271,1013.000,0.502,0.550,0.539,0.520,0.541
XJ.BTS.,45.284,90.514,143.707,1663.091,1695.048,1705.159,1014.000,0.562,0.533,0.546,0.557,0.531
XZ.NMA.,31.800,87.230,149.944,1698.275,1736.863,1749.345,1015.000,0.303,0.380,0.379,0.377,0.378
HB.ENS.,30.276,109.495,164.250,1774.252,1830.103,1849.108,1016.000,0.499,0.430,0.455,0.481,0.442
JS.CZ.,31.772,120.098,162.851,1767.110,1821.156,1839.461,1017.000,0.389,0.509,0.503,0.491,0.503
HB.DJI.,32.553,111.525,162.495,1765.283,1818.872,1837.001,1018.000,0.597,0.498,0.497,0.504,0.498
JP.CBIJ.,27.096,142.184,151.999,1709.598,1750.490,1763.821,1019.000,0.173,0.168,0.155,0.153,0.165
FJ.PHSG.,24.399,117.342,170.610,1805.956,1870.313,1892.726,1020.000,0.279,0.216,0.205,0.197,0.203
II.DGAR.10,-7.412,72.452,132.254,1595.171,1616.540,1623.038,1021.000,0.112,0.220,0.219,0.225,0.226
JL.SGT.,44.089,124.907,149.973,1698.438,1737.060,1749.553,1022.000,-0.013,0.011,0.015,0.020,0.016
SD.LAS.,35.130,119.319,159.775,1751.191,1801.337,1818.153,1023.000,0.423,0.462,0.478,0.497,0.496
SH.TMS.,31.078,121.148,163.207,1768.931,1823.434,1841.915,1024.000,0.509,0.471,0.471,0.469,0.468
QH.TTH.,34.219,92.321,152.280,1711.132,1752.343,1765.793,1025.000,0.131,0.106,0.109,0.110,0.109
HE.QIL.,40.421,118.903,154.639,1723.928,1767.869,1782.343,1026.000,0.412,0.442,0.471,0.492,0.457
HE.SXT.,36.550,113.640,158.732,1745.723,1794.578,1810.905,1027.000,0.627,0.569,0.581,0.587,0.578
AH.MAS.,31.693,118.569,163.266,1769.233,1823.812,1842.323,1028.000,0.379,0.366,0.366,0.365,0.370
AU.MTN.,-12.844,131.133,147.556,1684.949,1720.938,1732.477,1029.000,0.662,0.662,0.655,0.631,0.650
IC.WMQ.10,43.814,87.704,143.339,1660.972,1692.555,1702.536,1030.000,0.414,0.500,0.525,0.525,0.510
HL.YIL.,46.476,129.285,146.579,1679.441,1714.388,1725.553,1031.000,0.531,0.557,0.575,0.601,0.590
QH.QIL.,38.150,100.182,153.754,1719.151,1762.060,1776.145,1032.000,0.609,0.557,0.539,0.520,0.551
XJ.HTB.,44.067,86.584,142.570,1656.535,1687.344,1697.055,1033.000,0.305,0.337,0.337,0.338,0.334
CB.LZH.00,36.087,103.844,157.022,1736.685,1783.459,1798.999,1034.000,0.659,0.657,0.663,0.656,0.653
JS.JJ.,32.066,120.303,162.519,1765.405,1819.024,1837.165,1035.000,0.317,0.400,0.391,0.374,0.383
SC.SMI.,29.226,102.350,161.940,1762.426,1815.303,1833.159,1036.000,0.280,0.248,0.261,0.258,0.246
JL.DHT.,43.344,128.198,149.731,1697.095,1735.448,1747.844,1037.000,0.208,0.249,0.261,0.277,0.267
IU.KBL.,34.541,69.043,134.721,1610.162,1633.623,1640.824,1038.000,0.370,0.267,0.268,0.267,0.266
SC.AYU.,30.052,105.337,162.867,1767.191,1821.257,1839.570,1039.000,0.624,0.711,0.699,0.682,0.707
QH.ZAD.,32.894,95.317,155.056,1726.171,1770.601,1785.259,1040.000,0.112,0.112,0.106,0.107,0.112
QH.LWS.,36.918,102.121,155.616,1729.181,1774.273,1789.181,1041.000,0.707,0.678,0.688,0.691,0.680
YN.JIS.,23.650,102.760,165.899,1782.597,1840.605,1860.458,1042.000,0.186,0.342,0.341,0.341,0.336
GS.HYS.,38.401,102.831,154.601,1723.722,1767.618,1782.075,1043.000,0.649,0.665,0.657,0.625,0.670
AU.ARMA.,-30.418,151.629,122.168,1531.827,1545.680,1549.801,1044.000,0.580,0.563,0.565,0.562,0.568
SD.JUN.,35.172,118.845,159.814,1751.395,1801.590,1818.424,1045.000,0.514,0.552,0.558,0.566,0.563
TJ.JIX.,40.076,117.496,155.123,1726.535,1771.045,1785.733,1046.000,0.465,0.448,0.445,0.424,0.442
ZJ.YIX.,29.801,121.326,164.327,1774.644,1830.595,1849.639,1047.000,0.357,0.494,0.480,0.463,0.467
SN.PCHT.,35.058,109.427,159.662,1750.603,1800.609,1817.372,1048.000,0.585,0.539,0.535,0.528,0.536
FJ.XMSM.,24.451,118.083,170.363,1804.748,1868.765,1891.039,1049.000,0.409,0.372,0.366,0.362,0.372
GX.XCT.,23.948,108.610,169.562,1800.823,1863.744,1885.571,1050.000,0.021,-0.002,-0.031,-0.051,0.001
IC.MDJ.00,44.617,129.591,148.142,1688.234,1724.854,1736.619,1051.000,0.377,0.490,0.479,0.464,0.478
JL.YNB.,43.003,129.489,149.598,1696.358,1734.565,1746.907,1052.000,0.271,0.347,0.380,0.399,0.404
AU.WB2.,-19.943,134.351,139.867,1640.788,1668.957,1677.756,1053.000,0.499,0.511,0.498,0.473,0.489
JX.SHR.,28.443,117.976,166.548,1785.858,1844.726,1864.919,1054.000,0.549,0.517,0.535,0.554,0.535
1P.BA24.,-38.256,142.541,120.471,1520.844,1533.608,1537.396,1055.000,0.194,0.275,0.282,0.300,0.267
SC.YYC.,27.849,102.260,162.878,1767.247,1821.327,1839.645,1056.000,0.183,0.245,0.241,0.228,0.243
GD.YGJ.,21.858,111.954,172.904,1817.084,1884.623,1908.342,1057.000,0.459,0.406,0.425,0.444,0.411
