evtid,evla,evlo,evdp,station,stla,stlo,gcarc,s2ks,s3ks,s4ks,tridx,snr,ccf1,ccf2,ccf3,ccf4,ccf5,t32_cc,t32_pp,ccf_cc,ccf_pp,t32_fw1,ccf_fw1,ccf_sg1,t32_fw2,ccf_fw2,ccf_sg2,t32_fw3,ccf_fw3,ccf_sg3,t32_fw4,ccf_fw4,ccf_sg4,t32_fw5,ccf_fw5,ccf_sg5,auto_selected
20111122_1848,-15.308,-65.163,560.3,PS.PATS.,6.837,158.315,136.58,1621.324,1646.435,1654.196,0.0,0.612,0.186,0.156,0.122,0.139,0.176,-1.6,-1.5,0.834,0.869,-2.3,0.557,0.557,-2.3,0.571,0.557,-2.9,0.653,0.557,-2.7,0.614,0.557,-1.7,0.576,0.557,0
20111122_1848,-15.308,-65.163,560.3,SC.BYD.,27.81,103.188,163.48,1770.327,1825.182,1843.8,1.0,11.012,0.263,0.263,0.261,0.259,0.261,-0.3,-0.1,0.835,0.833,-0.9,0.445,0.445,-6.5,0.514,0.445,-6.5,0.507,0.445,-6.6,0.493,0.445,-6.5,0.511,0.445,0
20111122_1848,-15.308,-65.163,560.3,GD.ZHH.,22.271,113.566,172.935,1817.232,1884.815,1908.551,2.0,7.952,0.548,0.527,0.53,0.529,0.526,4.8,1.7,0.677,-0.298,-3.7,0.715,0.715,-3.1,0.66,0.715,-3.2,0.66,0.715,-3.4,0.663,0.715,-3.3,0.656,0.715,0
20111122_1848,-15.308,-65.163,560.3,PS.TSK.,36.211,140.11,149.283,1694.605,1732.466,1744.682,3.0,1.455,0.181,0.153,0.148,0.155,0.134,7.9,-1.5,0.571,-0.652,-6.3,0.511,0.511,7.8,0.51,0.511,7.6,0.505,0.511,7.5,0.5,0.511,7.4,0.503,0.511,0
20111122_1848,-15.308,-65.163,560.3,QH.LJX.,35.993,101.839,156.283,1732.748,1778.635,1793.841,4.0,4.852,0.718,0.748,0.729,0.73,0.744,0.4,0.5,0.917,0.929,0.2,0.827,0.827,0.3,0.834,0.827,0.0,0.819,0.827,-0.1,0.804,0.827,0.2,0.831,0.827,1
20111122_1848,-15.308,-65.163,560.3,KN.CHM.,42.999,74.751,136.035,1618.061,1642.681,1650.275,5.0,6.411,0.474,0.335,0.364,0.369,0.329,0.8,0.8,0.811,0.827,9.7,0.352,0.352,-6.0,0.416,0.352,-6.5,0.425,0.352,-6.5,0.43,0.352,-5.9,0.419,0.352,0
20111122_1848,-15.308,-65.163,560.3,JL.SYZT.,43.539,125.674,150.294,1700.215,1739.191,1751.815,6.0,1.603,0.361,0.334,0.348,0.367,0.359,0.6,0.5,0.523,0.632,0.2,0.347,0.347,0.9,0.505,0.347,0.8,0.518,0.347,0.4,0.521,0.347,0.7,0.523,0.347,0
20111122_1848,-15.308,-65.163,560.3,GE.MNAI.,-4.36,102.956,157.08,1736.993,1783.837,1799.403,7.0,1.242,0.161,0.177,0.162,0.138,0.176,8.4,4.5,0.553,-0.866,6.6,0.568,0.568,6.8,0.534,0.568,6.9,0.597,0.568,6.6,0.684,0.568,6.9,0.547,0.568,0
20111122_1848,-15.308,-65.163,560.3,SC.JLI.,28.179,104.516,163.97,1772.83,1828.32,1847.183,8.0,23.747,0.302,0.342,0.327,0.312,0.338,-0.6,-0.6,0.922,0.904,4.7,0.809,0.809,5.1,0.782,0.809,5.2,0.76,0.809,5.2,0.737,0.809,5.1,0.783,0.809,0
20111122_1848,-15.308,-65.163,560.3,BJ.MIY.,40.467,116.833,154.782,1724.696,1768.804,1783.341,9.0,1.309,0.405,0.353,0.361,0.364,0.356,1.4,-1.5,0.586,-0.728,0.8,0.522,0.522,1.6,0.586,0.522,1.5,0.561,0.522,1.3,0.488,0.522,1.6,0.57,0.522,0
20111122_1848,-15.308,-65.163,560.3,GD.PUN.,23.288,116.136,171.926,1812.362,1878.536,1901.696,10.0,4.887,0.272,0.368,0.379,0.391,0.383,0.6,4.3,0.436,0.017,1.4,0.639,0.639,-1.5,0.695,0.639,-1.5,0.694,0.639,-1.6,0.663,0.639,-1.5,0.684,0.639,0
20111122_1848,-15.308,-65.163,560.3,FJ.MQDQ.,26.381,118.908,168.295,1794.568,1855.77,1876.901,11.0,4.862,0.447,0.445,0.463,0.487,0.468,0.4,0.9,0.625,0.646,-4.5,0.439,0.439,8.7,0.54,0.439,8.6,0.505,0.439,8.5,0.459,0.439,8.6,0.492,0.439,0
20111122_1848,-15.308,-65.163,560.3,AH.JIX.,30.699,118.378,164.271,1774.36,1830.239,1849.255,12.0,8.471,0.494,0.525,0.527,0.527,0.529,0.9,4.7,0.454,-0.843,-0.3,0.583,0.583,0.9,0.608,0.583,0.8,0.618,0.583,0.8,0.635,0.583,0.8,0.628,0.583,0
20111122_1848,-15.308,-65.163,560.3,GE.FAKI.,-2.919,132.249,154.915,1725.415,1769.68,1784.276,13.0,4.363,0.458,0.507,0.515,0.534,0.496,3.0,3.0,0.748,0.728,2.4,0.865,0.865,2.5,0.83,0.865,2.4,0.841,0.865,2.1,0.855,0.865,2.6,0.827,0.865,0
20111122_1848,-15.308,-65.163,560.3,NX.ZHW.,37.586,105.244,156.159,1732.086,1777.824,1792.975,14.0,5.503,0.636,0.573,0.573,0.574,0.574,0.7,0.4,0.604,0.648,0.7,0.781,0.781,0.9,0.781,0.781,0.7,0.791,0.781,0.4,0.807,0.781,0.8,0.786,0.781,0
20111122_1848,-15.308,-65.163,560.3,HN.HEY.,26.92,112.519,168.189,1794.045,1855.106,1876.18,15.0,9.952,0.712,0.693,0.693,0.684,0.693,-0.2,0.0,0.971,0.971,-0.5,0.822,0.822,-0.1,0.667,0.822,-0.2,0.678,0.822,-0.5,0.687,0.822,-0.1,0.664,0.822,0
20111122_1848,-15.308,-65.163,560.3,SX.LIC.,35.691,113.291,159.571,1750.126,1800.019,1816.738,16.0,6.84,0.593,0.613,0.629,0.645,0.629,0.5,0.6,0.834,0.81,-0.1,0.916,0.916,0.3,0.892,0.916,0.2,0.908,0.916,-0.1,0.934,0.916,0.2,0.905,0.916,1
20111122_1848,-15.308,-65.163,560.3,TW.YHNB.,24.67,121.376,168.807,1797.105,1859.0,1880.411,17.0,1.316,0.049,0.035,0.035,0.028,0.026,1.7,-1.3,0.516,-0.67,2.6,0.397,0.397,7.5,0.339,0.397,7.5,0.329,0.397,2.4,0.333,0.397,7.4,0.328,0.397,0
20111122_1848,-15.308,-65.163,560.3,GD.NAO.,23.429,117.007,171.626,1810.904,1876.662,1899.651,18.0,2.316,0.167,0.225,0.217,0.207,0.22,3.4,-3.3,0.557,0.382,-1.8,0.71,0.71,-1.9,0.635,0.71,-2.0,0.562,0.71,-2.3,0.457,0.71,-2.1,0.538,0.71,0
20111122_1848,-15.308,-65.163,560.3,NX.HYU.,36.501,105.601,157.267,1737.986,1785.056,1800.707,19.0,4.779,0.637,0.652,0.657,0.652,0.654,0.3,0.3,0.783,0.746,0.3,0.79,0.79,0.2,0.796,0.79,0.2,0.792,0.79,-0.1,0.787,0.79,0.3,0.796,0.79,0
20111122_1848,-15.308,-65.163,560.3,GD.SHG.,24.857,113.584,170.38,1804.83,1868.87,1891.154,20.0,6.169,0.581,0.563,0.543,0.5,0.554,-0.1,0.1,0.907,0.908,-0.3,0.878,0.878,-0.4,0.878,0.878,-0.6,0.9,0.878,-0.8,0.929,0.878,-0.5,0.896,0.878,0
20111122_1848,-15.308,-65.163,560.3,AH.FZL.,31.349,116.27,163.906,1772.504,1827.91,1846.741,21.0,4.134,0.478,0.435,0.454,0.476,0.45,-0.1,0.6,0.782,0.686,1.0,0.721,0.721,1.6,0.71,0.721,1.5,0.69,0.721,1.1,0.654,0.721,1.5,0.685,0.721,0
20111122_1848,-15.308,-65.163,560.3,QH.DAT.,36.944,101.697,155.418,1728.117,1772.974,1787.794,22.0,8.191,0.746,0.742,0.743,0.732,0.742,-0.3,0.2,0.734,0.676,-0.7,0.729,0.729,-0.4,0.786,0.729,-0.6,0.772,0.729,-1.0,0.745,0.729,-0.5,0.785,0.729,0
20111122_1848,-15.308,-65.163,560.3,N.TSKF.,36.214,140.09,149.294,1694.666,1732.539,1744.759,23.0,1.615,0.137,0.13,0.112,0.119,0.104,-5.6,-1.2,0.536,-0.73,-6.2,0.647,0.647,-5.8,0.551,0.647,-6.1,0.587,0.647,-6.2,0.6,0.647,-6.2,0.587,0.647,0
20111122_1848,-15.308,-65.163,560.3,KN.KBK.,42.656,74.948,136.316,1619.747,1644.619,1652.299,24.0,7.657,0.442,0.501,0.314,0.319,0.5,1.0,2.8,0.68,0.372,8.7,0.251,0.251,1.7,0.375,0.251,-5.3,0.437,0.251,-5.3,0.43,0.251,1.7,0.354,0.251,0
20111122_1848,-15.308,-65.163,560.3,BU.XUH.,40.478,115.043,154.829,1724.953,1769.117,1783.675,25.0,1.469,0.247,0.219,0.222,0.212,0.218,-4.4,0.0,0.163,0.106,3.6,0.303,0.303,11.3,0.295,0.303,11.2,0.293,0.303,-2.7,0.29,0.303,11.3,0.298,0.303,0
20111122_1848,-15.308,-65.163,560.3,HL.WUC.,45.125,127.08,148.446,1689.935,1726.883,1738.767,26.0,2.702,0.321,0.327,0.344,0.364,0.354,1.4,-1.8,0.671,-0.573,1.1,0.493,0.493,1.2,0.538,0.493,1.1,0.535,0.493,0.8,0.53,0.493,1.0,0.523,0.493,0
20111122_1848,-15.308,-65.163,560.3,JX.ANY.,25.143,115.394,170.151,1803.714,1867.441,1889.597,27.0,2.365,0.361,0.353,0.339,0.319,0.338,-1.3,-1.5,0.754,0.766,-1.9,0.666,0.666,-1.8,0.834,0.666,-1.8,0.849,0.666,-2.0,0.859,0.666,-2.0,0.848,0.666,0
20111122_1848,-15.308,-65.163,560.3,SC.BTA.,30.01,99.117,159.394,1749.2,1798.873,1815.51,28.0,8.247,0.153,0.171,0.157,0.158,0.172,1.2,1.3,0.947,0.963,-1.4,0.842,0.842,-1.9,0.675,0.842,-1.9,0.655,0.842,-1.8,0.649,0.842,-1.9,0.675,0.842,0
20111122_1848,-15.308,-65.163,560.3,LN.DDO.,40.146,124.39,153.803,1719.411,1762.376,1776.482,29.0,3.109,0.491,0.468,0.485,0.502,0.492,1.0,1.2,0.836,0.878,0.8,0.916,0.916,0.8,0.913,0.916,0.5,0.911,0.916,0.1,0.907,0.916,0.5,0.909,0.916,0
20111122_1848,-15.308,-65.163,560.3,SC.HYU.,32.813,102.524,159.236,1748.371,1797.848,1814.41,30.0,4.332,0.448,0.409,0.417,0.42,0.409,-5.4,-0.3,0.462,0.296,-5.6,0.427,0.427,-5.8,0.46,0.427,-5.8,0.458,0.427,-6.0,0.451,0.427,-5.9,0.461,0.427,0
20111122_1848,-15.308,-65.163,560.3,IC.MDJ.10,44.618,129.593,148.14,1688.226,1724.844,1736.609,31.0,2.596,0.38,0.494,0.482,0.467,0.481,-0.7,-0.2,0.886,0.837,-1.4,0.75,0.75,-1.1,0.785,0.75,-1.3,0.778,0.75,-1.5,0.777,0.75,-1.5,0.769,0.75,0
20111122_1848,-15.308,-65.163,560.3,JL.FST.,42.258,127.381,150.97,1703.946,1743.676,1756.578,32.0,1.352,0.277,0.276,0.284,0.283,0.283,-7.0,-4.0,0.54,-0.458,-8.3,0.54,0.54,-7.7,0.535,0.54,-7.8,0.525,0.54,-8.1,0.525,0.54,-7.9,0.52,0.54,0
20111122_1848,-15.308,-65.163,560.3,NM.RLT.,43.686,111.923,151.514,1706.936,1747.277,1760.405,33.0,2.872,0.324,0.295,0.303,0.315,0.301,1.6,1.6,0.568,0.505,1.0,0.547,0.547,1.4,0.555,0.547,1.2,0.564,0.547,0.9,0.572,0.547,1.3,0.557,0.547,0
20111122_1848,-15.308,-65.163,560.3,N.KGMF.,26.757,128.215,163.084,1768.302,1822.647,1841.067,34.0,1.818,0.081,0.026,0.019,0.017,0.022,1.2,4.7,0.64,-0.79,1.4,0.521,0.521,9.5,0.453,0.521,9.5,0.419,0.521,-7.4,0.399,0.521,9.4,0.424,0.521,0
20111122_1848,-15.308,-65.163,560.3,HB.ZUX.,32.324,109.711,162.357,1764.575,1817.987,1836.048,35.0,4.696,0.497,0.458,0.464,0.488,0.46,0.8,1.2,0.745,0.838,0.9,0.807,0.807,1.0,0.787,0.807,0.9,0.781,0.807,0.6,0.787,0.807,1.0,0.785,0.807,0
20111122_1848,-15.308,-65.163,560.3,HI.QXL.,20.087,110.599,173.745,1821.126,1889.85,1914.055,36.0,3.408,0.342,0.575,0.575,0.573,0.578,0.6,-2.8,0.867,-0.516,-2.5,0.595,0.595,-0.1,0.736,0.595,-0.1,0.729,0.595,-0.1,0.737,0.595,-0.1,0.74,0.595,0
20111122_1848,-15.308,-65.163,560.3,HA.LYN.,34.55,112.47,160.641,1755.705,1806.936,1824.164,37.0,4.871,0.63,0.562,0.572,0.577,0.568,-0.1,-4.1,0.853,-0.764,-0.5,0.715,0.715,-0.1,0.72,0.715,-0.3,0.716,0.715,-0.7,0.709,0.715,-0.2,0.711,0.715,0
20111122_1848,-15.308,-65.163,560.3,XJ.KOL.,41.888,85.805,143.523,1662.03,1693.799,1703.845,38.0,15.692,0.422,0.558,0.606,0.611,0.555,1.1,1.2,0.902,0.916,1.9,0.502,0.502,1.1,0.931,0.502,0.6,0.924,0.502,0.4,0.919,0.502,1.1,0.929,0.502,0
20111122_1848,-15.308,-65.163,560.3,SX.HSH.,39.668,113.721,155.62,1729.202,1774.299,1789.209,39.0,1.89,0.175,0.193,0.188,0.179,0.192,3.3,-2.6,0.253,0.442,-2.3,0.407,0.407,-2.3,0.384,0.407,-2.5,0.392,0.407,-2.8,0.402,0.407,-2.3,0.386,0.407,0
20111122_1848,-15.308,-65.163,560.3,N.WJMF.,37.402,137.026,150.438,1701.012,1740.149,1752.832,40.0,0.761,0.013,0.144,0.125,0.118,0.094,-2.8,-2.7,0.875,0.757,-3.4,0.549,0.549,-2.3,0.522,0.549,-2.5,0.488,0.549,-2.8,0.479,0.549,-2.6,0.474,0.549,0
20111122_1848,-15.308,-65.163,560.3,IC.SSE.00,31.095,121.191,163.178,1768.784,1823.25,1841.717,41.0,3.859,0.462,0.463,0.463,0.459,0.458,-1.7,0.2,0.516,0.446,-1.0,0.801,0.801,-0.1,0.719,0.801,-0.2,0.708,0.801,-0.4,0.695,0.801,-0.3,0.705,0.801,0
20111122_1848,-15.308,-65.163,560.3,HN.JIS.,28.148,109.747,166.322,1784.727,1843.296,1863.37,42.0,1.836,0.161,0.265,0.25,0.242,0.261,1.3,5.3,0.294,-0.484,1.7,0.599,0.599,1.1,0.64,0.599,1.1,0.624,0.599,0.9,0.609,0.599,1.0,0.639,0.599,0
20111122_1848,-15.308,-65.163,560.3,JS.XIY.,34.498,119.542,160.349,1754.184,1805.048,1822.136,43.0,4.733,0.441,0.428,0.429,0.447,0.447,1.1,1.2,0.769,0.798,1.2,0.612,0.612,1.3,0.636,0.612,1.2,0.639,0.612,0.8,0.63,0.612,1.0,0.622,0.612,0
20111122_1848,-15.308,-65.163,560.3,GS.HJT.,37.831,102.011,154.786,1724.717,1768.83,1783.369,44.0,4.666,0.68,0.671,0.674,0.669,0.67,0.3,0.4,0.921,0.923,-0.1,0.613,0.613,0.5,0.754,0.613,0.3,0.721,0.613,-0.1,0.698,0.613,0.4,0.753,0.613,0
20111122_1848,-15.308,-65.163,560.3,XJ.HTA.,37.1,79.9,142.177,1654.261,1684.678,1694.253,45.0,2.735,0.513,0.494,0.486,0.486,0.497,0.8,0.7,0.786,0.796,-4.4,0.721,0.721,-5.0,0.678,0.721,-5.1,0.546,0.721,-5.1,0.581,0.721,-4.9,0.708,0.721,0
20111122_1848,-15.308,-65.163,560.3,AH.SIX.,33.558,117.859,161.547,1760.401,1812.778,1830.443,46.0,1.598,0.331,0.281,0.289,0.294,0.288,-0.4,-0.3,0.888,0.884,-0.6,0.812,0.812,-0.1,0.844,0.812,-0.2,0.843,0.812,-0.4,0.835,0.812,-0.2,0.846,0.812,0
20111122_1848,-15.308,-65.163,560.3,GZ.DJT.,28.22,108.13,165.673,1781.461,1839.174,1858.909,47.0,31.775,0.616,0.712,0.69,0.661,0.706,-0.1,0.0,0.962,0.953,-0.2,0.724,0.724,0.2,0.757,0.724,-0.1,0.807,0.724,-0.4,0.845,0.724,0.0,0.775,0.724,0
20111122_1848,-15.308,-65.163,560.3,HE.KAB.,41.854,114.589,153.454,1717.522,1760.082,1774.035,48.0,4.331,0.583,0.522,0.553,0.59,0.54,1.2,1.4,0.83,0.818,0.8,0.632,0.632,1.2,0.698,0.632,1.1,0.709,0.632,0.6,0.716,0.632,1.2,0.703,0.632,0
20111122_1848,-15.308,-65.163,560.3,GZ.AST.,26.152,106.055,166.409,1785.16,1843.843,1863.963,49.0,8.446,0.28,0.259,0.255,0.241,0.261,-0.6,-0.5,0.99,0.994,-8.0,0.575,0.575,-7.7,0.553,0.575,-7.7,0.548,0.575,4.2,0.567,0.575,-7.7,0.553,0.575,0
20111122_1848,-15.308,-65.163,560.3,N.ADMF.,37.905,138.43,149.274,1694.553,1732.404,1744.616,50.0,1.438,0.21,0.123,0.113,0.111,0.097,2.9,0.7,0.487,-0.402,-5.8,0.289,0.289,-5.4,0.371,0.289,-5.5,0.358,0.289,-5.5,0.331,0.289,-5.5,0.362,0.289,0
20111122_1848,-15.308,-65.163,560.3,YN.HLT.,25.148,102.747,165.0,1778.061,1834.89,1854.277,51.0,6.624,0.296,0.182,0.172,0.171,0.184,-0.1,-0.1,0.877,0.87,-6.1,0.685,0.685,-5.3,0.733,0.685,-5.3,0.745,0.685,-5.3,0.747,0.685,-5.3,0.733,0.685,0
20111122_1848,-15.308,-65.163,560.3,NM.ARS.,47.174,119.952,147.852,1686.608,1722.915,1734.568,52.0,1.658,0.099,0.12,0.128,0.129,0.128,-6.8,2.6,0.371,-0.394,-6.7,0.49,0.49,-6.5,0.442,0.49,-6.6,0.426,0.49,-6.8,0.408,0.49,-6.5,0.427,0.49,0
20111122_1848,-15.308,-65.163,560.3,AH.JAS.,32.811,118.262,162.224,1763.888,1817.129,1835.124,53.0,2.689,0.366,0.427,0.437,0.443,0.436,0.2,0.6,0.433,0.5,0.8,0.663,0.663,1.2,0.626,0.663,1.1,0.621,0.663,0.8,0.614,0.663,1.0,0.619,0.663,0
20111122_1848,-15.308,-65.163,560.3,N.OOWF.,40.469,140.51,146.375,1678.29,1713.022,1724.11,54.0,1.355,0.19,0.024,0.03,0.033,0.027,0.7,4.1,0.733,-0.782,-7.2,0.531,0.531,-6.8,0.471,0.531,-7.2,0.485,0.531,-7.4,0.484,0.531,-7.4,0.495,0.531,0
20111122_1848,-15.308,-65.163,560.3,GS.QTS.,39.7,97.741,151.396,1706.291,1746.5,1759.579,55.0,9.294,0.653,0.648,0.636,0.62,0.636,-0.1,0.0,0.951,0.938,-0.5,0.718,0.718,-0.5,0.716,0.718,-0.8,0.728,0.718,-1.1,0.745,0.718,-0.7,0.714,0.718,0
20111122_1848,-15.308,-65.163,560.3,XJ.KMY.,45.657,84.815,140.581,1644.973,1673.828,1682.863,56.0,5.302,0.56,0.694,0.727,0.74,0.691,0.6,0.8,0.972,0.971,1.1,0.841,0.841,0.8,0.869,0.841,0.4,0.899,0.841,0.2,0.893,0.841,0.8,0.877,0.841,1
20111122_1848,-15.308,-65.163,560.3,GS.AXX.,40.517,95.8,149.844,1697.724,1736.202,1748.644,57.0,6.684,0.668,0.666,0.653,0.647,0.664,0.3,0.3,0.93,0.928,0.0,0.889,0.889,0.0,0.901,0.889,-0.1,0.909,0.889,-0.3,0.911,0.889,0.0,0.903,0.889,1
20111122_1848,-15.308,-65.163,560.3,YN.JIG.,23.502,100.735,164.395,1774.99,1831.03,1850.108,58.0,8.877,0.413,0.391,0.371,0.379,0.393,0.0,0.1,0.927,0.93,1.4,0.668,0.668,1.3,0.698,0.668,1.4,0.643,0.668,1.4,0.644,0.668,1.2,0.711,0.668,0
20111122_1848,-15.308,-65.163,560.3,MY.KOM.,1.792,103.847,162.674,1766.2,1820.018,1838.235,59.0,3.187,0.498,0.505,0.509,0.513,0.507,0.5,0.5,0.947,0.955,0.5,0.731,0.731,0.9,0.68,0.731,0.8,0.664,0.731,0.5,0.645,0.731,0.9,0.687,0.731,0
20111122_1848,-15.308,-65.163,560.3,MM.NAM.,20.896,97.771,162.857,1767.141,1821.195,1839.502,60.0,13.112,0.476,0.472,0.459,0.464,0.475,-0.5,-0.4,0.87,0.868,1.5,0.697,0.697,4.2,0.568,0.697,4.5,0.708,0.697,4.5,0.672,0.697,4.1,0.546,0.697,0
20111122_1848,-15.308,-65.163,560.3,YN.GOS.,27.745,98.671,160.524,1755.098,1806.182,1823.355,61.0,7.547,0.254,0.289,0.281,0.282,-0.011,1.1,1.3,0.975,0.983,-0.5,0.895,0.895,0.1,0.668,0.895,0.2,0.662,0.895,0.2,0.663,0.895,5.8,0.653,0.895,0
20111122_1848,-15.308,-65.163,560.3,SC.GZA.,30.117,102.173,161.171,1758.455,1810.356,1827.839,62.0,9.574,0.363,0.433,0.419,0.405,0.429,0.0,0.4,0.893,0.858,-1.0,0.696,0.696,-0.9,0.725,0.696,-1.0,0.767,0.696,-1.1,0.786,0.696,-1.0,0.735,0.696,0
20111122_1848,-15.308,-65.163,560.3,XJ.BPM.,39.883,76.836,138.809,1634.558,1661.726,1670.183,63.0,5.16,0.315,0.253,0.232,0.237,0.257,1.0,1.2,0.949,0.944,0.0,0.745,0.745,-0.8,0.661,0.745,-1.7,0.585,0.745,-1.7,0.561,0.745,-0.6,0.661,0.745,0
20111122_1848,-15.308,-65.163,560.3,XJ.SCH.,43.917,85.687,142.177,1654.265,1684.683,1694.259,64.0,9.802,0.696,0.602,0.537,0.498,0.616,0.7,0.9,0.851,0.841,0.0,0.887,0.887,-0.3,0.809,0.887,-0.8,0.806,0.887,-1.0,0.801,0.887,-0.4,0.809,0.887,1
20111122_1848,-15.308,-65.163,560.3,HI.SAJ.,19.889,110.641,173.921,1821.964,1890.936,1915.243,65.0,2.833,0.051,0.042,0.048,0.051,0.045,-0.3,0.0,0.881,0.879,4.9,0.727,0.727,-3.0,0.49,0.727,-3.0,0.474,0.727,-3.0,0.474,0.727,-3.0,0.49,0.727,0
20111122_1848,-15.308,-65.163,560.3,HI.LSH.,18.5,109.996,174.376,1824.14,1893.757,1918.33,66.0,6.505,0.236,0.163,0.134,0.146,0.161,-1.0,-0.8,0.849,0.869,-0.6,0.528,0.528,2.3,0.716,0.528,2.6,0.71,0.528,2.6,0.707,0.528,2.3,0.717,0.528,0
20111122_1848,-15.308,-65.163,560.3,GD.DNB.,21.65,111.213,172.788,1816.525,1883.902,1907.555,67.0,5.761,0.532,0.483,0.489,0.491,0.472,4.9,1.8,0.771,-0.799,-2.7,0.686,0.686,6.4,0.721,0.686,6.5,0.717,0.686,6.5,0.71,0.686,6.4,0.73,0.686,0
20111122_1848,-15.308,-65.163,560.3,AH.BEB.,32.905,117.297,162.262,1764.084,1817.373,1835.387,68.0,0.482,0.219,0.223,0.227,0.229,0.227,-2.4,-2.8,0.898,0.836,-3.0,0.705,0.705,-2.5,0.66,0.705,-2.6,0.656,0.705,-2.9,0.653,0.705,-2.6,0.656,0.705,0
20111122_1848,-15.308,-65.163,560.3,YN.QIJ.,26.91,102.943,163.968,1772.819,1828.305,1847.168,69.0,10.33,0.31,0.409,0.41,0.408,0.408,-0.3,0.0,0.949,0.93,-0.7,0.737,0.737,0.1,0.72,0.737,0.1,0.701,0.737,0.1,0.69,0.737,0.1,0.717,0.737,0
20111122_1848,-15.308,-65.163,560.3,SC.YGD.,30.201,104.103,162.143,1763.471,1816.608,1834.563,70.0,16.601,0.528,0.571,0.55,0.524,0.566,-0.4,-0.3,0.961,0.971,6.3,0.708,0.708,6.4,0.67,0.708,6.5,0.615,0.708,6.4,0.56,0.708,6.4,0.657,0.708,0
20111122_1848,-15.308,-65.163,560.3,JX.GAA.,28.563,115.332,166.737,1786.806,1845.924,1866.218,71.0,3.451,0.352,0.29,0.288,0.288,0.289,0.6,0.7,0.566,0.522,-1.8,0.417,0.417,1.1,0.693,0.417,1.1,0.671,0.417,1.1,0.626,0.417,1.1,0.673,0.417,0
20111122_1848,-15.308,-65.163,560.3,SX.DAX.,39.052,113.056,156.205,1732.33,1778.124,1793.295,72.0,6.625,0.609,0.608,0.615,0.629,0.613,0.9,1.1,0.863,0.828,0.7,0.826,0.826,0.7,0.878,0.826,0.6,0.879,0.826,0.3,0.876,0.826,0.7,0.877,0.826,1
20111122_1848,-15.308,-65.163,560.3,JX.HUC.,25.606,115.774,169.665,1801.328,1864.389,1886.273,73.0,2.355,0.297,0.296,0.31,0.314,0.309,0.1,-1.9,0.691,0.368,-2.2,0.819,0.819,-0.9,0.918,0.819,-0.9,0.922,0.819,-1.1,0.916,0.819,-1.0,0.92,0.819,0
20111122_1848,-15.308,-65.163,560.3,NM.MZL.,49.555,117.44,145.688,1674.397,1708.404,1719.236,74.0,4.723,0.476,0.509,0.504,0.503,0.507,-0.1,0.0,0.903,0.88,-0.3,0.787,0.787,-0.3,0.817,0.787,-0.6,0.816,0.787,-0.8,0.834,0.787,-0.4,0.806,0.787,0
20111122_1848,-15.308,-65.163,560.3,JS.PX.,34.8,116.9,160.42,1754.558,1805.512,1822.634,75.0,5.756,0.42,0.457,0.459,0.455,0.46,0.8,4.1,0.878,-0.734,0.0,0.857,0.857,0.3,0.907,0.857,0.3,0.908,0.857,-0.1,0.91,0.857,0.2,0.909,0.857,0
20111122_1848,-15.308,-65.163,560.3,XJ.BKO.,43.82,93.069,146.006,1676.2,1710.542,1721.492,76.0,6.407,0.725,0.692,0.686,0.672,0.693,0.4,0.6,0.869,0.872,-0.3,0.979,0.979,-0.2,0.981,0.979,-0.4,0.978,0.979,-0.6,0.976,0.979,-0.2,0.98,0.979,1
20111122_1848,-15.308,-65.163,560.3,SC.BZH.,31.841,106.744,161.897,1762.206,1815.029,1832.865,77.0,6.494,0.715,0.627,0.635,0.632,0.63,-0.1,0.1,0.751,0.773,-0.9,0.67,0.67,-0.9,0.544,0.67,-1.1,0.585,0.67,-1.4,0.643,0.67,-0.9,0.56,0.67,0
20111122_1848,-15.308,-65.163,560.3,N.KNPF.,43.763,143.708,142.43,1655.731,1686.401,1696.064,78.0,1.205,0.129,0.171,0.17,0.168,0.163,-1.5,-4.5,0.532,-0.563,-1.9,0.507,0.507,-1.8,0.47,0.507,-2.1,0.469,0.507,-2.2,0.485,0.507,-2.4,0.455,0.507,0
20111122_1848,-15.308,-65.163,560.3,TM.PRAC.,12.473,99.793,165.128,1778.706,1835.702,1855.155,79.0,4.753,0.305,0.346,0.399,0.38,0.353,-2.0,-1.7,0.812,0.774,-1.0,0.643,0.643,-1.3,0.622,0.643,-9.1,0.608,0.643,-1.0,0.607,0.643,-1.2,0.632,0.643,0
20111122_1848,-15.308,-65.163,560.3,QH.MAD.,34.92,98.208,155.356,1727.784,1772.568,1787.36,80.0,6.305,0.505,0.58,0.6,0.601,0.595,0.9,0.9,0.808,0.893,0.6,0.484,0.484,0.3,0.672,0.484,-0.1,0.721,0.484,-0.3,0.767,0.484,0.1,0.686,0.484,0
20111122_1848,-15.308,-65.163,560.3,SD.CSH.,34.853,118.049,160.243,1753.637,1804.369,1821.408,81.0,6.052,0.591,0.584,0.594,0.601,0.601,0.6,0.5,0.959,0.945,0.4,0.941,0.941,0.7,0.905,0.941,0.5,0.894,0.941,0.2,0.871,0.941,0.4,0.885,0.941,0
20111122_1848,-15.308,-65.163,560.3,AH.JZA.,31.689,115.884,163.592,1770.899,1825.897,1844.571,82.0,4.915,0.617,0.639,0.643,0.637,0.641,-0.3,0.1,0.89,0.868,0.2,0.949,0.949,0.3,0.968,0.949,0.2,0.971,0.949,0.0,0.976,0.949,0.2,0.971,0.949,1
20111122_1848,-15.308,-65.163,560.3,NM.XIQ.,48.652,116.786,146.618,1679.662,1714.651,1725.831,83.0,4.512,0.568,0.513,0.523,0.548,0.52,1.0,1.1,0.837,0.861,0.6,0.797,0.797,0.6,0.796,0.797,0.5,0.801,0.797,0.1,0.824,0.797,0.6,0.793,0.797,0
20111122_1848,-15.308,-65.163,560.3,HL.XUK.,49.081,128.916,144.318,1666.592,1699.174,1709.504,84.0,4.172,0.479,0.471,0.504,0.528,0.523,1.6,1.6,0.823,0.847,0.9,0.865,0.865,1.3,0.797,0.865,1.0,0.787,0.865,0.8,0.769,0.865,0.9,0.791,0.865,0
20111122_1848,-15.308,-65.163,560.3,IU.YAK.00,62.031,129.68,132.101,1594.229,1615.471,1621.928,85.0,2.659,0.453,0.463,0.464,0.466,0.467,0.4,0.4,0.806,0.816,-0.2,0.883,0.883,0.2,0.882,0.883,0.0,0.878,0.883,-0.1,0.878,0.883,0.0,0.876,0.883,0
20111122_1848,-15.308,-65.163,560.3,BU.SZL.,40.307,117.217,154.915,1725.415,1769.68,1784.276,86.0,2.707,0.484,0.46,0.461,0.458,0.464,2.1,2.5,0.558,0.714,0.9,0.492,0.492,1.6,0.668,0.492,1.4,0.698,0.492,1.0,0.744,0.492,1.4,0.689,0.492,0
20111122_1848,-15.308,-65.163,560.3,LW.LAK.,18.192,104.978,170.131,1803.616,1867.316,1889.46,87.0,12.413,0.023,0.195,0.212,0.215,0.199,-0.6,-0.5,0.796,0.825,-4.1,0.634,0.634,-0.2,0.723,0.634,-0.1,0.764,0.634,-0.2,0.755,0.634,-0.3,0.711,0.634,0
20111122_1848,-15.308,-65.163,560.3,BJ.NKY.,39.692,115.973,155.596,1729.073,1774.142,1789.041,88.0,4.471,0.565,0.5,0.487,0.466,0.494,-0.6,-0.7,0.737,0.711,-0.5,0.642,0.642,-6.5,0.369,0.642,-6.6,0.393,0.642,-7.0,0.426,0.642,-6.7,0.386,0.642,0
20111122_1848,-15.308,-65.163,560.3,GD.XFJ.,23.739,114.657,171.568,1810.623,1876.3,1899.256,89.0,4.723,0.532,0.49,0.491,0.488,0.492,-1.1,-1.3,0.819,0.845,-7.0,0.515,0.515,-1.5,0.385,0.515,-1.7,0.486,0.515,-1.9,0.618,0.515,-1.7,0.481,0.515,0
20111122_1848,-15.308,-65.163,560.3,SN.MEIX.,34.128,107.817,160.144,1753.121,1803.729,1820.721,90.0,5.206,0.577,0.606,0.595,0.576,0.601,-0.1,0.0,0.92,0.896,-0.8,0.95,0.95,-0.6,0.962,0.95,-0.7,0.962,0.95,-0.9,0.958,0.95,-0.5,0.962,0.95,1
20111122_1848,-15.308,-65.163,560.3,YN.JIH.,22.019,100.738,165.064,1778.385,1835.298,1854.718,91.0,5.27,0.355,0.179,0.206,0.212,0.19,-0.5,-0.3,0.84,0.839,-6.8,0.65,0.65,-7.8,0.557,0.65,2.6,0.695,0.65,2.5,0.696,0.65,-7.8,0.557,0.65,0
20111122_1848,-15.308,-65.163,560.3,N.ISIF.,34.061,134.455,154.228,1721.71,1765.17,1779.463,92.0,0.765,0.112,0.037,0.055,0.053,0.053,2.4,-2.6,0.599,0.617,-3.0,0.557,0.557,-2.7,0.701,0.557,-2.9,0.663,0.557,-3.2,0.637,0.557,-3.0,0.646,0.557,0
20111122_1848,-15.308,-65.163,560.3,HB.JME.,31.119,112.169,164.002,1772.992,1828.522,1847.402,93.0,10.324,0.723,0.591,0.614,0.628,0.605,-0.2,0.0,0.789,0.808,0.1,0.715,0.715,0.4,0.743,0.715,0.4,0.741,0.715,0.0,0.733,0.715,0.4,0.742,0.715,0
20111122_1848,-15.308,-65.163,560.3,SX.SHZ.,40.142,113.237,155.128,1726.557,1771.072,1785.762,94.0,1.892,0.466,0.48,0.477,0.466,0.48,-0.2,0.4,0.731,0.651,-1.2,0.53,0.53,-0.8,0.549,0.53,-0.9,0.551,0.53,-1.2,0.548,0.53,-0.8,0.549,0.53,0
20111122_1848,-15.308,-65.163,560.3,XJ.ALT.,47.855,88.135,140.708,1645.718,1674.696,1683.773,95.0,8.886,0.592,0.595,0.63,0.652,0.595,0.9,1.1,0.934,0.929,0.9,0.772,0.772,0.9,0.773,0.772,0.7,0.785,0.772,0.5,0.774,0.772,0.9,0.78,0.772,0
20111122_1848,-15.308,-65.163,560.3,GX.DHX.,23.749,107.988,169.38,1799.925,1862.598,1884.324,96.0,17.228,0.458,0.425,0.409,0.392,0.422,-0.6,-0.6,0.947,0.936,-0.3,0.837,0.837,0.8,0.822,0.837,0.8,0.798,0.837,0.8,0.776,0.837,0.8,0.815,0.837,0
20111122_1848,-15.308,-65.163,560.3,GD.NAP.,23.26,117.283,171.721,1811.364,1877.253,1900.296,97.0,3.059,0.266,0.378,0.384,0.388,0.38,0.4,4.1,0.829,-0.601,7.9,0.471,0.471,7.8,0.554,0.471,7.7,0.579,0.471,7.4,0.603,0.471,7.6,0.587,0.471,0
20111122_1848,-15.308,-65.163,560.3,NX.XJI.,36.088,105.758,157.697,1740.263,1787.854,1803.701,98.0,10.485,0.734,0.732,0.727,0.708,0.733,-0.1,-0.2,0.86,0.82,-0.3,0.888,0.888,-0.2,0.895,0.888,-0.3,0.894,0.888,-0.6,0.892,0.888,-0.2,0.896,0.888,1
20111122_1848,-15.308,-65.163,560.3,HN.YOZ.,26.222,111.617,168.68,1796.475,1858.198,1879.539,99.0,11.774,0.536,0.598,0.605,0.607,0.602,-0.3,0.0,0.955,0.94,0.2,0.921,0.921,0.5,0.878,0.921,0.3,0.899,0.921,0.1,0.918,0.921,0.3,0.884,0.921,0
20111122_1848,-15.308,-65.163,560.3,TJ.SJT.,39.243,118.002,155.905,1730.724,1776.159,1791.195,100.0,1.691,0.264,0.268,0.269,0.268,0.27,-7.2,-3.7,0.484,-0.702,-8.2,0.576,0.576,-7.8,0.465,0.576,-8.0,0.467,0.576,-8.4,0.484,0.576,-8.0,0.464,0.576,0
20111122_1848,-15.308,-65.163,560.3,YN.QKT.,25.217,98.335,161.648,1760.924,1813.429,1831.144,101.0,9.39,0.321,0.168,0.145,0.151,0.176,0.1,0.4,0.911,0.883,2.6,0.653,0.653,4.9,0.641,0.653,5.0,0.677,0.653,5.1,0.681,0.653,4.8,0.634,0.653,0
20111122_1848,-15.308,-65.163,560.3,SC.RTA.,32.269,100.98,158.871,1746.456,1795.484,1811.875,102.0,5.261,0.458,0.436,0.435,0.425,0.447,0.1,0.4,0.922,0.926,-0.6,0.802,0.802,-0.1,0.817,0.802,-0.2,0.828,0.802,-0.3,0.836,0.802,-0.2,0.816,0.802,0
20111122_1848,-15.308,-65.163,560.3,SD.LSH.,35.807,116.081,159.471,1749.604,1799.373,1816.046,103.0,7.195,0.471,0.452,0.444,0.436,0.441,0.5,0.6,0.597,0.597,0.3,0.885,0.885,0.8,0.863,0.885,0.7,0.853,0.885,0.4,0.83,0.885,0.7,0.856,0.885,0
20111122_1848,-15.308,-65.163,560.3,SC.GZI.,31.61,100.019,158.824,1746.211,1795.181,1811.551,104.0,4.678,0.293,0.295,0.322,0.336,0.298,1.1,1.1,0.854,0.875,0.8,0.451,0.451,1.3,0.506,0.451,1.0,0.508,0.451,0.9,0.509,0.451,1.2,0.504,0.451,0
20111122_1848,-15.308,-65.163,560.3,IC.ENH.10,30.276,109.495,164.25,1774.252,1830.103,1849.108,105.0,9.606,0.645,0.567,0.598,0.63,0.582,0.9,1.0,0.957,0.961,1.0,0.919,0.919,1.4,0.919,0.919,1.3,0.919,0.919,1.1,0.914,0.919,1.3,0.92,0.919,0
20111122_1848,-15.308,-65.163,560.3,NX.NSS.,37.696,106.083,156.311,1732.894,1778.813,1794.031,106.0,4.579,0.749,0.679,0.681,0.673,0.679,0.0,0.0,0.925,0.915,-0.3,0.891,0.891,0.0,0.899,0.891,-0.2,0.894,0.891,-0.5,0.879,0.891,-0.1,0.897,0.891,1
20111122_1848,-15.308,-65.163,560.3,NX.TXN.,37.303,106.283,156.734,1735.152,1781.58,1796.989,107.0,5.114,0.596,0.658,0.647,0.642,0.662,-0.2,-0.4,0.836,0.773,-0.4,0.763,0.763,-0.5,0.829,0.763,-0.6,0.832,0.763,-0.8,0.836,0.763,-0.4,0.831,0.763,1
20111122_1848,-15.308,-65.163,560.3,JS.RD.,32.401,121.135,161.973,1762.599,1815.519,1833.392,108.0,0.763,0.04,0.03,0.031,0.032,0.032,-0.2,-4.9,0.509,0.543,0.4,0.325,0.325,0.7,0.34,0.325,0.6,0.346,0.325,0.4,0.36,0.325,0.4,0.351,0.325,0
20111122_1848,-15.308,-65.163,560.3,HL.YAS.,45.338,128.404,147.871,1686.714,1723.042,1734.701,109.0,4.261,0.548,0.525,0.549,0.582,0.574,1.4,1.4,0.87,0.859,1.1,0.847,0.847,1.3,0.869,0.847,1.2,0.863,0.847,0.9,0.859,0.847,1.1,0.857,0.847,0
20111122_1848,-15.308,-65.163,560.3,GX.CZS.,22.373,107.354,170.001,1802.979,1866.5,1888.572,110.0,17.917,0.213,0.042,0.018,0.014,0.036,-1.0,-0.9,0.977,0.957,-1.6,0.693,0.693,-0.8,0.593,0.693,-1.1,0.582,0.693,-1.1,0.576,0.693,-0.8,0.583,0.693,0
20111122_1848,-15.308,-65.163,560.3,JL.CBS.,42.07,128.07,150.912,1703.626,1743.291,1756.169,111.0,2.99,0.306,0.388,0.387,0.383,0.382,-0.4,3.6,0.736,-0.8,-1.3,0.771,0.771,-0.7,0.74,0.771,-1.0,0.732,0.771,-1.3,0.741,0.771,-1.1,0.725,0.771,0
20111122_1848,-15.308,-65.163,560.3,CQ.WUX.,31.401,109.611,163.214,1768.971,1823.484,1841.969,112.0,7.003,0.622,0.599,0.619,0.642,0.61,1.2,1.2,0.798,0.77,1.0,0.827,0.827,1.7,0.864,0.827,1.5,0.864,0.827,1.2,0.866,0.827,1.6,0.867,0.827,0
20111122_1848,-15.308,-65.163,560.3,XZ.RKZ.,29.223,88.87,152.335,1711.434,1752.708,1766.181,113.0,8.665,0.226,0.363,0.385,0.392,0.355,0.3,0.4,0.903,0.922,0.7,0.4,0.4,0.3,0.423,0.4,-0.5,0.473,0.4,-0.5,0.488,0.4,0.7,0.423,0.4,0
20111122_1848,-15.308,-65.163,560.3,JS.SQ.,34.05,118.307,160.999,1757.562,1809.245,1826.644,114.0,2.241,0.295,0.35,0.362,0.379,0.368,0.7,-2.5,0.396,-0.63,6.1,0.316,0.316,6.5,0.352,0.316,6.4,0.373,0.316,6.2,0.408,0.316,6.3,0.384,0.316,0
20111122_1848,-15.308,-65.163,560.3,CQ.SHZ.,30.244,108.385,163.933,1772.638,1828.078,1846.923,115.0,12.586,0.662,0.587,0.593,0.607,0.594,0.2,0.4,0.92,0.916,0.3,0.774,0.774,0.7,0.843,0.774,0.6,0.838,0.774,0.3,0.807,0.774,0.5,0.839,0.774,0
20111122_1848,-15.308,-65.163,560.3,HE.LIC.,37.453,114.392,157.852,1741.084,1788.864,1804.783,116.0,3.803,0.713,0.753,0.757,0.75,0.757,0.0,0.5,0.892,0.856,0.0,0.777,0.777,0.1,0.825,0.777,-0.2,0.827,0.777,-0.6,0.819,0.777,0.0,0.822,0.777,0
20111122_1848,-15.308,-65.163,560.3,LN.BXI.,41.267,123.78,152.911,1714.57,1756.504,1770.223,117.0,4.302,0.453,0.4,0.396,0.393,0.402,0.3,0.7,0.418,0.472,-1.0,0.582,0.582,0.1,0.555,0.582,0.1,0.541,0.582,-0.1,0.519,0.582,0.0,0.544,0.582,0
20111122_1848,-15.308,-65.163,560.3,IC.WMQ.00,43.814,87.705,143.339,1660.975,1692.558,1702.539,118.0,3.993,0.412,0.497,0.522,0.523,0.507,2.3,2.3,0.883,0.76,2.4,0.796,0.796,2.1,0.78,0.796,1.7,0.781,0.796,1.5,0.795,0.796,2.0,0.775,0.796,0
20111122_1848,-15.308,-65.163,560.3,SD.DSD.,35.101,116.747,160.133,1753.062,1803.656,1820.642,119.0,3.773,0.455,0.503,0.495,0.485,0.5,-0.4,-0.2,0.883,0.872,-0.7,0.732,0.732,-0.5,0.694,0.732,-0.6,0.702,0.732,-1.0,0.716,0.732,-0.7,0.694,0.732,0
20111122_1848,-15.308,-65.163,560.3,FJ.WYXF.,27.748,118.011,167.217,1789.205,1848.962,1869.512,120.0,2.357,0.279,0.277,0.29,0.313,0.29,3.6,4.1,0.559,0.462,1.5,0.662,0.662,-1.4,0.579,0.662,-1.4,0.567,0.662,-1.3,0.54,0.662,-1.4,0.56,0.662,0
20111122_1848,-15.308,-65.163,560.3,N.YMZF.,36.927,140.245,148.769,1691.739,1729.038,1741.049,121.0,1.696,0.089,0.181,0.172,0.175,0.164,0.3,0.0,0.567,0.516,-0.2,0.654,0.654,0.2,0.499,0.654,-0.3,0.492,0.654,-0.5,0.526,0.654,-0.5,0.483,0.654,0
20111122_1848,-15.308,-65.163,560.3,GZ.LDT.,25.425,106.749,167.366,1789.951,1849.907,1870.537,122.0,10.304,0.341,0.388,0.385,0.37,0.392,-0.7,-0.8,0.96,0.962,1.2,0.851,0.851,1.4,0.737,0.851,1.6,0.676,0.851,1.9,0.64,0.851,1.5,0.719,0.851,0
20111122_1848,-15.308,-65.163,560.3,FJ.YAXT.,25.723,117.125,169.368,1799.866,1862.522,1884.242,123.0,2.239,0.286,0.292,0.302,0.315,0.303,-1.8,1.9,0.438,0.196,1.0,0.637,0.637,1.8,0.67,0.637,1.7,0.678,0.637,1.5,0.702,0.637,1.7,0.685,0.637,0
20111122_1848,-15.308,-65.163,560.3,HA.LZH.,36.061,113.835,159.228,1748.328,1797.795,1814.354,124.0,3.435,0.622,0.586,0.61,0.63,0.602,1.0,1.2,0.799,0.786,0.9,0.783,0.783,0.9,0.768,0.783,0.7,0.784,0.783,0.4,0.805,0.783,0.8,0.772,0.783,0
20111122_1848,-15.308,-65.163,560.3,SD.TCH.,34.703,118.457,160.334,1754.11,1804.955,1822.037,125.0,7.447,0.558,0.595,0.599,0.595,0.592,-0.2,-4.1,0.705,-0.607,-0.4,0.66,0.66,-0.2,0.706,0.66,-0.3,0.715,0.66,-0.7,0.722,0.66,-0.4,0.709,0.66,0
20111122_1848,-15.308,-65.163,560.3,GS.HNT.,35.691,105.07,157.825,1740.939,1788.686,1804.592,126.0,6.551,0.69,0.675,0.659,0.645,0.67,-0.1,-0.2,0.681,0.653,-0.2,0.684,0.684,0.0,0.711,0.684,-0.1,0.71,0.684,-0.2,0.703,0.684,-0.1,0.711,0.684,0
20111122_1848,-15.308,-65.163,560.3,GE.CISI.,-7.556,107.815,156.101,1731.773,1777.442,1792.566,127.0,0.961,0.241,0.227,0.227,0.214,0.223,-1.1,-1.1,0.858,0.78,9.2,0.429,0.429,8.8,0.47,0.429,8.9,0.471,0.429,9.0,0.456,0.429,8.8,0.471,0.429,0
20111122_1848,-15.308,-65.163,560.3,CB.GYA.00,26.46,106.664,166.495,1785.593,1844.391,1864.557,128.0,21.179,0.459,0.481,0.481,0.482,0.484,-0.6,-0.4,0.86,0.829,-12.2,0.269,0.269,-7.8,0.364,0.269,-7.5,0.389,0.269,-7.4,0.416,0.269,-7.8,0.373,0.269,0
20111122_1848,-15.308,-65.163,560.3,SD.YSH.,35.788,118.627,159.242,1748.403,1797.889,1814.454,129.0,4.947,0.483,0.5,0.529,0.559,0.535,1.8,1.9,0.885,0.881,1.7,0.847,0.847,1.6,0.833,0.847,1.4,0.831,0.847,1.1,0.828,0.847,1.4,0.823,0.847,0
20111122_1848,-15.308,-65.163,560.3,SN.JYAT.,34.709,108.753,159.843,1751.55,1801.782,1818.63,130.0,3.347,0.487,0.496,0.489,0.479,0.492,0.5,0.7,0.856,0.861,-0.2,0.765,0.765,-0.2,0.802,0.765,-0.3,0.804,0.765,-0.6,0.805,0.765,-0.2,0.803,0.765,0
20111122_1848,-15.308,-65.163,560.3,SC.EMS.,29.577,103.454,162.298,1764.272,1817.609,1835.641,131.0,11.963,0.306,0.338,0.341,0.333,0.337,0.1,0.1,0.897,0.905,6.6,0.582,0.582,6.7,0.566,0.582,6.7,0.5,0.582,-2.8,0.449,0.582,6.6,0.552,0.582,0
20111122_1848,-15.308,-65.163,560.3,NX.YCH.,38.609,105.933,155.417,1728.113,1772.97,1787.789,132.0,3.464,0.699,0.687,0.674,0.659,0.684,-0.3,-0.2,0.925,0.943,-0.9,0.91,0.91,0.0,0.939,0.91,-0.1,0.924,0.91,-0.5,0.894,0.91,-0.1,0.939,0.91,0
20111122_1848,-15.308,-65.163,560.3,XZ.DXI.,30.534,91.065,153.434,1717.413,1759.949,1773.894,133.0,4.005,0.256,0.276,0.298,0.302,0.278,0.3,3.7,0.873,0.311,11.7,0.644,0.644,-1.0,0.588,0.644,-0.9,0.613,0.644,-0.9,0.621,0.644,11.7,0.589,0.644,0
20111122_1848,-15.308,-65.163,560.3,HN.LOD.,27.729,112.005,167.305,1789.643,1849.518,1870.114,134.0,9.814,0.579,0.654,0.649,0.63,0.654,-0.4,-0.2,0.744,0.763,-2.0,0.56,0.56,-4.7,0.599,0.56,-4.6,0.581,0.56,-4.5,0.554,0.56,-4.7,0.596,0.56,0
20111122_1848,-15.308,-65.163,560.3,XJ.TCH.,43.889,88.082,143.488,1661.829,1693.562,1703.596,135.0,1.889,0.318,0.33,0.329,0.338,0.33,2.3,3.5,0.534,0.506,3.0,0.539,0.539,2.9,0.493,0.539,2.5,0.487,0.539,2.1,0.475,0.539,2.8,0.497,0.539,0
20111122_1848,-15.308,-65.163,560.3,KR.BTK.,40.057,70.818,134.49,1608.769,1632.03,1639.163,136.0,3.277,0.432,0.411,0.421,0.42,0.407,1.2,1.0,0.809,0.793,9.4,0.606,0.606,11.1,0.492,0.606,11.0,0.522,0.606,11.0,0.521,0.606,11.0,0.507,0.606,0
20111122_1848,-15.308,-65.163,560.3,AU.BLDU.,-30.615,116.709,134.042,1606.054,1628.929,1635.931,137.0,2.51,0.243,0.359,0.214,0.224,0.223,-0.1,0.1,0.89,0.84,0.6,0.446,0.446,-0.1,0.816,0.446,0.7,0.725,0.446,0.7,0.762,0.446,0.6,0.764,0.446,0
20111122_1848,-15.308,-65.163,560.3,HL.SHZ.,44.062,128.956,148.843,1692.157,1729.537,1741.578,138.0,2.511,0.53,0.578,0.582,0.587,0.584,0.9,1.4,0.901,0.786,0.4,0.889,0.889,0.7,0.851,0.889,0.6,0.839,0.889,0.3,0.828,0.889,0.4,0.83,0.889,0
20111122_1848,-15.308,-65.163,560.3,GZ.LBT.,25.323,108.027,168.129,1793.748,1854.728,1875.769,139.0,14.166,0.522,0.542,0.527,0.509,0.543,0.0,0.0,0.945,0.942,0.6,0.564,0.564,-8.1,0.673,0.564,-8.1,0.704,0.564,-8.1,0.725,0.564,-8.1,0.687,0.564,0
20111122_1848,-15.308,-65.163,560.3,LN.JCA.,40.829,119.877,154.107,1721.057,1764.376,1778.615,140.0,4.093,0.492,0.504,0.52,0.535,0.519,-0.1,4.7,0.598,-0.669,8.3,0.64,0.64,8.8,0.609,0.64,8.7,0.592,0.64,8.4,0.561,0.64,8.7,0.6,0.64,0
20111122_1848,-15.308,-65.163,560.3,SN.HZHG.,33.253,107.433,160.844,1756.759,1808.246,1825.571,141.0,5.056,0.76,0.691,0.696,0.695,0.691,0.5,0.8,0.96,0.945,-0.2,0.918,0.918,0.2,0.857,0.918,0.0,0.871,0.918,-0.3,0.892,0.918,0.1,0.863,0.918,1
20111122_1848,-15.308,-65.163,560.3,HI.BSH.,19.248,109.181,173.317,1819.068,1887.188,1911.145,142.0,8.568,-0.078,0.113,0.099,0.108,0.117,-1.6,-5.1,0.664,-0.844,-8.1,0.556,0.556,-4.9,0.62,0.556,-4.9,0.571,0.556,-4.9,0.57,0.556,-4.9,0.624,0.556,0
20111122_1848,-15.308,-65.163,560.3,LN.LHT.,41.83,123.95,152.337,1711.443,1752.719,1766.194,143.0,1.24,0.227,0.258,0.251,0.238,0.242,-8.2,4.3,0.614,-0.573,7.5,0.434,0.434,-8.9,0.406,0.434,-9.1,0.41,0.434,-9.4,0.42,0.434,-9.2,0.411,0.434,0
20111122_1848,-15.308,-65.163,560.3,YN.CAY.,23.136,99.258,163.355,1769.691,1824.385,1842.941,144.0,3.551,0.342,0.334,0.319,0.324,0.336,5.0,-4.1,0.588,-0.632,7.4,0.397,0.397,-7.6,0.313,0.397,9.6,0.357,0.397,9.7,0.353,0.397,-7.5,0.313,0.397,0
20111122_1848,-15.308,-65.163,560.3,N.HROF.,37.225,140.878,148.186,1688.479,1725.146,1736.929,145.0,0.947,0.102,0.123,0.101,0.09,0.097,-8.1,2.8,0.474,-0.589,-2.3,0.629,0.629,-2.1,0.565,0.629,-2.5,0.61,0.629,-2.6,0.619,0.629,-2.6,0.614,0.629,0
20111122_1848,-15.308,-65.163,560.3,HI.WET.,19.958,110.87,174.009,1822.387,1891.483,1915.842,146.0,4.05,0.048,0.084,0.059,0.05,0.264,0.2,0.8,0.854,0.856,5.2,0.734,0.734,5.7,0.636,0.734,5.7,0.647,0.734,5.7,0.654,0.734,-1.7,0.568,0.734,0
20111122_1848,-15.308,-65.163,560.3,GE.SOEI.,-9.755,124.267,153.252,1716.424,1758.75,1772.617,147.0,2.647,0.175,0.246,0.255,0.274,0.267,4.5,4.4,0.597,0.65,-0.7,0.422,0.422,1.0,0.495,0.422,1.0,0.501,0.422,1.1,0.514,0.422,0.9,0.5,0.422,0
20111122_1848,-15.308,-65.163,560.3,HI.QSL.,19.666,110.754,174.157,1823.096,1892.403,1916.849,148.0,2.526,-0.143,-0.071,-0.075,-0.079,-0.071,0.2,0.7,0.677,0.695,4.5,0.827,0.827,5.6,0.634,0.827,5.6,0.635,0.827,5.7,0.634,0.827,5.6,0.633,0.827,0
20111122_1848,-15.308,-65.163,560.3,FJ.NDZW.,26.678,119.562,167.808,1792.152,1852.7,1873.568,149.0,5.594,0.512,0.499,0.49,0.487,0.488,0.9,2.0,0.769,0.585,1.4,0.686,0.686,1.2,0.81,0.686,1.2,0.833,0.686,1.1,0.86,0.686,1.1,0.841,0.686,0
20111122_1848,-15.308,-65.163,560.3,HL.NEH.,48.484,124.564,145.874,1675.449,1709.652,1720.552,150.0,1.206,-0.032,-0.022,-0.022,-0.017,-0.027,-1.0,-4.6,0.69,0.943,-5.2,0.382,0.382,-4.9,0.396,0.382,-5.2,0.384,0.382,3.0,0.38,0.382,3.2,0.379,0.382,0
20111122_1848,-15.308,-65.163,560.3,HE.ZJK.,40.831,114.902,154.478,1723.058,1766.811,1781.213,151.0,2.09,0.339,0.315,0.325,0.341,0.319,1.1,1.1,0.859,0.877,0.5,0.784,0.784,0.3,0.69,0.784,0.3,0.704,0.784,0.1,0.723,0.784,0.3,0.697,0.784,0
20111122_1848,-15.308,-65.163,560.3,FJ.FQDZ.,25.703,119.285,168.805,1797.09,1858.981,1880.391,152.0,1.583,0.131,0.148,0.163,0.172,0.17,-0.1,3.1,0.3,-0.713,7.0,0.447,0.447,-6.6,0.328,0.447,-6.8,0.331,0.447,-7.1,0.335,0.447,-6.9,0.332,0.447,0
20111122_1848,-15.308,-65.163,560.3,GS.YMG.,40.521,93.661,148.785,1691.83,1729.146,1741.164,153.0,9.375,0.584,0.612,0.6,0.588,0.606,0.6,0.6,0.965,0.964,-0.1,0.866,0.866,-0.2,0.866,0.866,-0.4,0.867,0.866,-0.7,0.877,0.866,-0.3,0.866,0.866,1
20111122_1848,-15.308,-65.163,560.3,SC.XCO.,31.018,105.902,162.291,1764.234,1817.561,1835.589,154.0,9.449,0.621,0.68,0.672,0.667,0.676,-0.2,-0.1,0.823,0.873,-0.1,0.345,0.345,-0.1,0.431,0.345,-0.3,0.404,0.345,-0.6,0.388,0.345,-0.1,0.426,0.345,0
20111122_1848,-15.308,-65.163,560.3,NM.WLH.,41.519,111.706,153.65,1718.584,1761.371,1775.41,155.0,5.1,0.709,0.726,0.722,0.721,0.726,0.1,0.5,0.87,0.864,-0.6,0.926,0.926,-0.2,0.892,0.926,-0.2,0.893,0.926,-0.6,0.897,0.926,-0.2,0.893,0.926,1
20111122_1848,-15.308,-65.163,560.3,SX.ZOQ.,37.099,113.35,158.169,1742.759,1790.925,1806.99,156.0,8.631,0.615,0.59,0.606,0.618,0.597,0.9,1.1,0.877,0.856,0.3,0.846,0.846,0.7,0.86,0.846,0.5,0.874,0.846,0.2,0.895,0.846,0.6,0.867,0.846,0
20111122_1848,-15.308,-65.163,560.3,YN.WES.,23.408,104.252,167.152,1788.882,1848.553,1869.068,157.0,6.795,0.147,0.183,0.175,0.184,0.187,-1.0,-0.8,0.854,0.852,-5.6,0.41,0.41,-1.0,0.393,0.41,-0.9,0.388,0.41,-0.8,0.391,0.41,-1.0,0.396,0.41,0
20111122_1848,-15.308,-65.163,560.3,SD.WED.,37.178,121.923,157.244,1737.864,1784.906,1800.547,158.0,2.272,0.336,0.314,0.331,0.354,0.339,1.4,1.3,0.83,0.885,1.0,0.679,0.679,1.2,0.597,0.679,1.0,0.593,0.679,7.8,0.589,0.679,7.9,0.594,0.679,0
20111122_1848,-15.308,-65.163,560.3,JS.NT.,31.952,120.891,162.467,1765.136,1818.688,1836.803,159.0,3.102,0.47,0.505,0.503,0.489,0.492,-0.5,-0.6,0.535,0.543,-0.9,0.79,0.79,-0.3,0.794,0.79,-0.4,0.801,0.79,-0.8,0.806,0.79,-0.6,0.806,0.79,0
20111122_1848,-15.308,-65.163,560.3,GE.JAGI.,-8.47,114.152,156.212,1732.366,1778.168,1793.342,160.0,1.986,0.104,0.088,0.089,0.125,0.105,2.4,2.6,0.842,0.873,1.7,0.705,0.705,2.0,0.713,0.705,2.0,0.732,0.705,1.7,0.803,0.705,1.9,0.753,0.705,0
20111122_1848,-15.308,-65.163,560.3,HE.CLI.,39.758,119.096,155.268,1727.313,1771.994,1786.747,161.0,2.872,0.147,0.126,0.122,0.116,0.121,8.0,4.1,0.352,-0.36,-9.2,0.437,0.437,-9.0,0.36,0.437,-9.0,0.366,0.437,-9.4,0.383,0.437,-9.1,0.362,0.437,0
20111122_1848,-15.308,-65.163,560.3,GE.BNDI.,-4.522,129.904,155.181,1726.846,1771.424,1786.138,162.0,2.542,0.379,0.508,0.523,0.539,0.514,-4.6,-4.2,0.497,0.602,1.1,0.696,0.696,1.5,0.545,0.696,1.4,0.572,0.696,1.1,0.617,0.696,1.5,0.553,0.696,0
20111122_1848,-15.308,-65.163,560.3,KR.SFK.,40.017,73.508,136.424,1620.392,1645.362,1653.075,163.0,7.489,,,,,,0.9,1.1,0.837,0.803,-16.0,0.0,0.0,-16.0,0.0,0.0,-16.0,0.0,0.0,-16.0,0.0,0.0,-16.0,0.0,0.0,0
20111122_1848,-15.308,-65.163,560.3,HB.YNX.,30.023,115.112,165.283,1779.494,1836.694,1856.227,164.0,5.674,0.558,0.615,0.617,0.618,0.621,-0.4,-0.1,0.89,0.881,-0.4,0.921,0.921,0.0,0.905,0.921,0.0,0.906,0.921,-0.4,0.912,0.921,-0.1,0.909,0.921,1
20111122_1848,-15.308,-65.163,560.3,JS.LAS.,33.772,119.283,161.105,1758.112,1809.928,1827.38,165.0,1.438,0.212,0.212,0.217,0.223,0.217,2.8,-4.5,0.575,-0.531,2.7,0.328,0.328,3.0,0.322,0.328,3.0,0.331,0.328,8.3,0.358,0.328,8.4,0.33,0.328,0
20111122_1848,-15.308,-65.163,560.3,JP.JOW.,26.836,128.273,162.994,1767.841,1822.069,1840.445,166.0,1.255,0.053,0.089,0.077,0.086,0.077,1.6,4.9,0.546,-0.669,1.3,0.722,0.722,1.6,0.482,0.722,1.3,0.524,0.722,1.2,0.54,0.722,1.3,0.52,0.722,0
20111122_1848,-15.308,-65.163,560.3,YN.MEL.,22.337,99.58,163.954,1772.75,1828.218,1847.074,167.0,7.157,0.456,0.451,0.407,0.413,0.447,0.0,0.1,0.717,0.701,2.0,0.693,0.693,3.0,0.704,0.693,3.9,0.733,0.693,3.8,0.725,0.693,2.9,0.708,0.693,0
20111122_1848,-15.308,-65.163,560.3,AH.HNA.,32.633,116.804,162.583,1765.734,1819.435,1837.607,168.0,3.422,0.413,0.332,0.332,0.345,0.339,1.0,1.4,0.835,0.806,1.3,0.915,0.915,1.6,0.894,0.915,1.6,0.886,0.915,1.3,0.871,0.915,1.5,0.883,0.915,0
20111122_1848,-15.308,-65.163,560.3,HI.DOF.,19.066,108.729,173.062,1817.843,1885.604,1909.414,169.0,23.434,-0.035,0.288,0.314,0.326,0.277,0.0,-3.4,0.601,-0.875,-5.2,0.56,0.56,-11.3,0.536,0.56,-11.2,0.555,0.56,-11.2,0.563,0.56,-2.6,0.527,0.56,0
20111122_1848,-15.308,-65.163,560.3,HE.CHC.,40.914,115.837,154.379,1722.527,1766.165,1780.524,170.0,3.234,0.43,0.364,0.383,0.409,0.377,1.1,1.0,0.722,0.723,0.5,0.734,0.734,0.8,0.567,0.734,0.6,0.568,0.734,0.3,0.585,0.734,0.7,0.565,0.734,0
20111122_1848,-15.308,-65.163,560.3,II.ARU.00,56.429,58.562,121.071,1524.736,1537.88,1541.783,171.0,8.203,0.523,0.569,0.535,0.536,0.572,-0.5,-0.4,0.913,0.919,-0.7,0.794,0.794,-0.6,0.83,0.794,-0.8,0.816,0.794,-0.7,0.812,0.794,-0.6,0.829,0.794,0
20111122_1848,-15.308,-65.163,560.3,NM.BHS.,40.965,112.026,154.228,1721.709,1765.169,1779.461,172.0,3.425,0.606,0.619,0.622,0.614,0.62,0.1,0.2,0.792,0.791,-0.8,0.676,0.676,0.1,0.683,0.676,-0.2,0.678,0.676,-0.6,0.67,0.676,0.1,0.682,0.676,0
20111122_1848,-15.308,-65.163,560.3,YN.YUL.,25.885,99.372,162.099,1763.248,1816.33,1834.264,173.0,6.322,0.259,0.15,0.133,0.139,0.152,0.2,0.4,0.952,0.968,3.1,0.644,0.644,4.6,0.663,0.644,4.9,0.681,0.644,4.9,0.684,0.644,4.6,0.654,0.644,0
20111122_1848,-15.308,-65.163,560.3,GD.HYJ.,23.724,114.588,171.581,1810.684,1876.378,1899.342,174.0,7.852,0.507,0.456,0.453,0.446,0.453,-2.0,-1.9,0.804,0.865,-1.8,0.535,0.535,-2.1,0.534,0.535,-2.2,0.608,0.535,-2.5,0.696,0.535,-2.2,0.602,0.535,0
20111122_1848,-15.308,-65.163,560.3,LN.MQI.,41.768,124.589,152.233,1710.878,1752.036,1765.466,175.0,6.774,0.684,0.74,0.754,0.766,0.757,0.9,1.0,0.911,0.9,0.0,0.766,0.766,0.6,0.831,0.766,0.4,0.826,0.766,0.2,0.831,0.766,0.4,0.825,0.766,1
20111122_1848,-15.308,-65.163,560.3,FJ.YAYX.,25.99,117.358,169.062,1798.363,1860.604,1882.155,176.0,1.984,-0.046,-0.048,-0.047,-0.044,-0.046,5.4,-4.3,0.667,-0.646,1.4,0.488,0.488,1.7,0.432,0.488,1.6,0.428,0.488,1.4,0.421,0.488,1.5,0.427,0.488,0
20111122_1848,-15.308,-65.163,560.3,IU.TIXI.00,71.634,128.867,123.052,1537.513,1551.953,1556.254,177.0,4.567,0.524,0.515,0.528,0.506,0.525,1.0,0.9,0.82,0.82,0.4,0.791,0.791,0.7,0.788,0.791,0.5,0.804,0.791,0.7,0.805,0.791,0.6,0.797,0.791,0
20111122_1848,-15.308,-65.163,560.3,GE.MALK.,8.397,80.543,145.777,1674.902,1709.003,1719.867,178.0,4.79,0.511,0.528,0.504,0.522,0.535,-0.9,-0.7,0.888,0.946,-0.9,0.907,0.907,-0.8,0.86,0.907,-2.0,0.769,0.907,-1.6,0.782,0.907,-0.4,0.898,0.907,0
20111122_1848,-15.308,-65.163,560.3,GD.GZH.,23.653,113.652,171.582,1810.689,1876.384,1899.348,179.0,2.262,0.264,0.238,0.233,0.22,0.218,5.9,2.2,0.472,-0.528,6.1,0.533,0.533,6.3,0.417,0.533,6.1,0.463,0.533,5.8,0.526,0.533,6.1,0.449,0.533,0
20111122_1848,-15.308,-65.163,560.3,FJ.SNQY.,27.403,119.483,167.158,1788.911,1848.59,1869.109,180.0,3.747,0.408,0.454,0.448,0.45,0.456,0.2,0.3,0.593,0.63,-4.1,0.688,0.688,0.9,0.559,0.688,1.0,0.541,0.688,1.0,0.503,0.688,1.0,0.533,0.688,0
20111122_1848,-15.308,-65.163,560.3,KR.PRZ.,42.5,78.4,138.631,1633.508,1660.509,1668.909,181.0,4.137,0.527,0.355,0.342,0.339,0.352,0.8,0.8,0.806,0.831,-0.2,0.757,0.757,-1.8,0.706,0.757,-2.4,0.754,0.757,-2.4,0.774,0.757,-1.6,0.701,0.757,0
20111122_1848,-15.308,-65.163,560.3,IC.XAN.00,34.031,108.924,160.532,1755.14,1806.234,1823.41,182.0,2.799,0.555,0.599,0.592,0.576,0.593,-0.3,0.4,0.727,0.606,-0.8,0.731,0.731,-0.7,0.724,0.731,-0.9,0.743,0.731,-1.1,0.766,0.731,-0.7,0.73,0.731,0
20111122_1848,-15.308,-65.163,560.3,GE.UGM.,-7.912,110.523,156.389,1733.312,1779.326,1794.58,183.0,1.266,0.116,0.095,0.103,0.118,0.104,10.7,4.0,0.328,0.092,9.9,0.401,0.401,9.9,0.41,0.401,9.9,0.408,0.401,9.7,0.402,0.401,9.9,0.408,0.401,0
20111122_1848,-15.308,-65.163,560.3,SX.ANZ.,36.16,112.25,159.021,1747.243,1796.455,1812.917,184.0,3.773,0.608,0.593,0.603,0.605,0.599,0.1,0.1,0.663,0.657,-0.2,0.898,0.898,0.0,0.886,0.898,-0.1,0.89,0.898,-0.4,0.883,0.898,0.0,0.888,0.898,0
20111122_1848,-15.308,-65.163,560.3,JL.HST.,42.949,127.14,150.419,1700.905,1740.02,1752.695,185.0,1.794,0.366,0.29,0.313,0.331,0.336,2.0,-2.8,0.616,-0.731,1.2,0.688,0.688,1.7,0.596,0.688,1.4,0.563,0.688,-8.1,0.537,0.688,1.3,0.548,0.688,0
20111122_1848,-15.308,-65.163,560.3,JX.SHC.,26.299,116.331,168.922,1797.668,1859.718,1881.192,186.0,2.742,0.108,0.069,0.071,0.079,0.075,-2.3,4.7,0.723,-0.374,-2.1,0.299,0.299,-1.6,0.3,0.299,-1.5,0.306,0.299,-1.6,0.32,0.299,-1.6,0.305,0.299,0
20111122_1848,-15.308,-65.163,560.3,YN.YIM.,24.7,102.144,164.836,1777.23,1833.845,1853.148,187.0,6.696,0.193,0.241,0.232,0.23,0.243,0.5,0.7,0.949,0.947,1.9,0.488,0.488,2.6,0.551,0.488,2.6,0.548,0.488,2.6,0.548,0.488,2.6,0.55,0.488,0
20111122_1848,-15.308,-65.163,560.3,YN.MIZ.,25.132,98.42,161.757,1761.485,1814.129,1831.897,188.0,6.852,0.256,0.261,0.235,0.233,0.267,0.2,0.3,0.827,0.765,3.6,0.757,0.757,4.9,0.789,0.757,5.0,0.814,0.757,5.1,0.811,0.757,4.8,0.784,0.757,0
20111122_1848,-15.308,-65.163,560.3,NM.NJT.,48.184,123.386,146.378,1678.303,1713.037,1724.126,189.0,1.474,0.409,0.396,0.393,0.388,0.399,-0.7,-3.7,0.481,-0.711,-0.6,0.304,0.304,-7.8,0.299,0.304,-7.9,0.31,0.304,-8.2,0.309,0.304,-8.0,0.318,0.304,0
20111122_1848,-15.308,-65.163,560.3,CB.HEH.00,50.253,127.41,143.602,1662.486,1694.336,1704.41,190.0,1.655,0.473,0.465,0.463,0.462,0.463,1.3,1.2,0.688,0.641,0.3,0.832,0.832,0.7,0.845,0.832,0.5,0.841,0.832,0.3,0.839,0.832,0.4,0.834,0.832,0
20111122_1848,-15.308,-65.163,560.3,LN.WFD.,39.63,121.987,154.887,1725.262,1769.494,1784.077,191.0,0.753,0.079,0.067,0.072,0.078,0.069,-8.1,4.0,0.467,-0.438,-9.1,0.297,0.297,-7.8,0.359,0.297,-7.9,0.377,0.297,-8.3,0.411,0.297,-8.1,0.375,0.297,0
20111122_1848,-15.308,-65.163,560.3,AU.YNG.,-34.298,148.396,121.012,1524.356,1537.463,1541.355,192.0,2.83,0.293,0.251,0.257,0.276,0.26,1.4,2.0,0.689,0.71,1.0,0.693,0.693,1.4,0.706,0.693,1.3,0.705,0.693,1.3,0.703,0.693,1.2,0.704,0.693,0
20111122_1848,-15.308,-65.163,560.3,SD.DSH.,38.0,117.667,157.171,1737.475,1784.428,1800.036,193.0,2.373,0.421,0.421,0.426,0.435,0.427,0.5,0.5,0.888,0.908,0.3,0.643,0.643,0.4,0.525,0.643,0.3,0.512,0.643,6.1,0.491,0.643,0.3,0.513,0.643,0
20111122_1848,-15.308,-65.163,560.3,JS.GY.,32.745,119.448,162.068,1763.085,1816.126,1834.045,194.0,2.495,0.342,0.403,0.398,0.383,0.39,-0.8,-0.6,0.9,0.851,-0.9,0.577,0.577,-0.4,0.632,0.577,-0.5,0.638,0.577,-0.8,0.639,0.577,-0.7,0.638,0.577,0
20111122_1848,-15.308,-65.163,560.3,SX.SZZ.,40.084,113.713,155.204,1726.97,1771.576,1786.3,195.0,4.113,0.393,0.388,0.393,0.39,0.391,0.0,0.3,0.897,0.892,-0.7,0.643,0.643,-0.5,0.618,0.643,-0.6,0.635,0.643,-0.9,0.656,0.643,-0.5,0.626,0.643,0
20111122_1848,-15.308,-65.163,560.3,HB.XNI.,29.716,114.411,165.587,1781.028,1838.627,1858.317,196.0,8.142,0.626,0.638,0.636,0.631,0.64,0.0,0.1,0.878,0.892,0.0,0.878,0.878,0.3,0.86,0.878,0.2,0.859,0.878,0.0,0.856,0.878,0.2,0.859,0.878,1
20111122_1848,-15.308,-65.163,560.3,JX.LEA.,27.41,115.848,167.862,1792.418,1853.038,1873.934,197.0,2.986,0.369,0.396,0.407,0.423,0.407,-0.3,0.3,0.816,0.676,0.1,0.562,0.562,0.7,0.816,0.562,0.5,0.813,0.562,0.3,0.798,0.562,0.5,0.808,0.562,0
20111122_1848,-15.308,-65.163,560.3,YN.GEJ.,23.354,103.16,166.369,1784.959,1843.589,1863.688,198.0,15.729,0.164,0.266,0.289,0.293,0.266,-0.1,-0.1,0.91,0.887,-3.6,0.522,0.522,-4.6,0.852,0.522,-4.6,0.843,0.522,-4.6,0.843,0.522,-4.7,0.85,0.522,0
20111122_1848,-15.308,-65.163,560.3,YN.MAS.,24.424,98.592,162.234,1763.94,1817.194,1835.194,199.0,8.78,0.381,0.35,0.333,0.336,0.348,0.1,0.1,0.858,0.882,-0.5,0.358,0.358,0.7,0.392,0.358,5.3,0.426,0.358,5.4,0.425,0.358,0.8,0.398,0.358,0
20111122_1848,-15.308,-65.163,560.3,LN.DL2.,38.906,121.628,155.659,1729.41,1774.554,1789.481,200.0,1.483,0.258,0.24,0.247,0.255,0.251,-8.7,4.2,0.363,-0.712,7.6,0.409,0.409,8.2,0.403,0.409,8.0,0.391,0.409,7.7,0.377,0.409,8.0,0.392,0.409,0
20111122_1848,-15.308,-65.163,560.3,XJ.AKS.,41.145,80.109,140.413,1643.991,1672.683,1681.663,201.0,4.967,0.426,0.469,0.48,0.481,0.465,0.4,0.8,0.762,0.736,1.6,0.811,0.811,0.9,0.834,0.811,0.3,0.878,0.811,0.2,0.869,0.811,1.0,0.826,0.811,0
20111122_1848,-15.308,-65.163,560.3,CB.CN2.00,43.48,125.26,150.457,1701.116,1740.274,1752.964,202.0,1.569,0.379,0.358,0.352,0.358,0.364,0.1,1.2,0.899,0.852,0.5,0.709,0.709,0.8,0.747,0.709,0.7,0.761,0.709,0.3,0.769,0.709,0.6,0.764,0.709,0
20111122_1848,-15.308,-65.163,560.3,GZ.WNT.,26.907,104.303,164.815,1777.122,1833.709,1853.001,203.0,18.504,0.118,0.059,0.065,0.057,0.059,0.2,0.1,0.74,0.715,4.8,0.643,0.643,5.6,0.656,0.643,5.7,0.674,0.643,5.8,0.679,0.643,5.6,0.662,0.643,0
20111122_1848,-15.308,-65.163,560.3,XJ.SHZ.,44.214,85.863,142.083,1653.717,1684.042,1693.585,204.0,4.246,0.49,0.434,0.387,0.362,0.441,0.1,0.1,0.789,0.798,-1.2,0.756,0.756,-1.7,0.826,0.756,-2.1,0.817,0.756,-2.3,0.817,0.756,-1.7,0.824,0.756,0
20111122_1848,-15.308,-65.163,560.3,SN.LINT.,34.352,109.212,160.294,1753.9,1804.695,1821.758,205.0,2.613,0.456,0.396,0.399,0.402,0.395,0.7,1.2,0.645,0.571,0.7,0.777,0.777,0.7,0.749,0.777,0.6,0.756,0.777,0.5,0.766,0.777,0.7,0.753,0.777,0
20111122_1848,-15.308,-65.163,560.3,N.JIZF.,34.917,138.994,150.779,1702.895,1742.412,1755.235,206.0,2.265,0.364,0.272,0.259,0.255,0.276,-1.1,3.8,0.687,-0.595,-1.3,0.781,0.781,-0.4,0.684,0.781,-0.8,0.666,0.781,-1.1,0.679,0.781,-1.0,0.661,0.781,0
20111122_1848,-15.308,-65.163,560.3,CB.KSH.00,39.517,75.923,138.326,1631.707,1658.423,1666.727,207.0,1.907,0.376,0.3,0.29,0.293,0.307,0.5,0.8,0.731,0.835,0.4,0.587,0.587,2.5,0.479,0.587,2.2,0.566,0.587,2.2,0.556,0.587,2.5,0.456,0.587,0
20111122_1848,-15.308,-65.163,560.3,JL.BCT.,45.554,122.207,149.125,1693.727,1731.415,1743.568,208.0,1.565,0.223,0.192,0.185,0.176,0.19,-7.9,4.1,0.857,-0.539,-8.9,0.624,0.624,-8.4,0.63,0.624,-8.5,0.633,0.624,-8.8,0.635,0.624,-8.5,0.631,0.624,0
20111122_1848,-15.308,-65.163,560.3,HE.JNX.,38.027,114.151,157.273,1738.015,1785.092,1800.746,209.0,6.601,0.651,0.699,0.689,0.671,0.696,0.0,4.1,0.903,-0.771,-0.6,0.795,0.795,-0.5,0.824,0.795,-0.6,0.822,0.795,-0.9,0.818,0.795,-0.5,0.822,0.795,1
20111122_1848,-15.308,-65.163,560.3,N.TKOF.,31.893,131.232,157.683,1740.19,1787.764,1803.606,210.0,1.705,0.09,0.319,0.288,0.278,0.282,-4.9,5.1,0.459,-0.297,0.8,0.589,0.589,0.8,0.627,0.589,0.7,0.647,0.589,0.6,0.635,0.589,0.6,0.66,0.589,0
20111122_1848,-15.308,-65.163,560.3,SC.MLI.,27.932,101.272,162.186,1763.694,1816.886,1834.863,211.0,4.936,0.207,0.084,0.094,0.096,0.084,-0.5,-0.3,0.974,0.971,-0.6,0.669,0.669,-2.4,0.793,0.669,-2.4,0.788,0.669,-2.4,0.789,0.669,-2.4,0.794,0.669,0
20111122_1848,-15.308,-65.163,560.3,GX.GGS.,23.055,109.618,170.821,1806.985,1871.631,1894.164,212.0,12.23,0.616,0.532,0.522,0.52,0.532,0.1,0.1,0.835,0.787,0.4,0.813,0.813,1.2,0.845,0.813,1.3,0.84,0.813,1.3,0.84,0.813,1.2,0.845,0.813,0
20111122_1848,-15.308,-65.163,560.3,SD.RSH.,36.92,121.599,157.568,1739.582,1787.017,1802.805,213.0,2.903,0.313,0.258,0.26,0.276,0.275,1.6,1.6,0.799,0.796,1.3,0.76,0.76,1.4,0.74,0.76,1.3,0.725,0.76,1.0,0.695,0.76,1.2,0.714,0.76,0
20111122_1848,-15.308,-65.163,560.3,GS.HZT.,35.01,102.911,157.58,1739.643,1787.091,1802.885,214.0,6.13,0.667,0.719,0.716,0.707,0.72,0.0,0.2,0.931,0.942,-0.1,0.894,0.894,0.0,0.85,0.894,-0.2,0.857,0.894,-0.3,0.87,0.894,0.0,0.854,0.894,1
20111122_1848,-15.308,-65.163,560.3,MY.LDM.,5.178,118.498,169.249,1799.285,1861.78,1883.434,215.0,2.689,0.134,0.194,0.204,0.215,0.205,-2.9,2.2,0.696,-0.649,1.5,0.332,0.332,1.8,0.558,0.332,1.8,0.55,0.332,1.8,0.535,0.332,1.7,0.549,0.332,0
20111122_1848,-15.308,-65.163,560.3,SC.YJI.,30.034,101.012,160.555,1755.259,1806.382,1823.57,216.0,5.355,0.154,0.218,0.212,0.206,0.216,0.3,0.6,0.849,0.837,-1.5,0.879,0.879,1.0,0.688,0.879,1.1,0.644,0.879,1.1,0.607,0.879,1.0,0.678,0.879,0
20111122_1848,-15.308,-65.163,560.3,SX.LIS.,37.529,111.242,157.552,1739.498,1786.913,1802.694,217.0,3.507,0.711,0.701,0.705,0.699,0.702,0.0,-0.1,0.939,0.936,-0.2,0.82,0.82,0.1,0.806,0.82,-0.1,0.814,0.82,-0.4,0.816,0.82,0.1,0.806,0.82,0
20111122_1848,-15.308,-65.163,560.3,JX.JGS.,26.562,114.161,168.729,1796.716,1858.505,1879.873,218.0,8.042,0.629,0.652,0.662,0.669,0.66,-0.3,-0.2,0.906,0.9,0.0,0.821,0.821,0.2,0.889,0.821,0.0,0.893,0.821,-0.2,0.896,0.821,0.0,0.893,0.821,1
20111122_1848,-15.308,-65.163,560.3,MI.ANSW.,16.342,145.673,150.342,1700.478,1739.508,1752.151,219.0,2.38,0.129,0.174,0.176,0.188,0.147,3.4,-0.7,0.592,-0.778,3.4,0.523,0.523,2.8,0.587,0.523,2.1,0.581,0.523,2.3,0.576,0.523,3.2,0.582,0.523,0
20111122_1848,-15.308,-65.163,560.3,TM.NAYO.,14.315,101.321,166.898,1787.611,1846.944,1867.324,220.0,10.765,0.373,0.343,0.291,0.306,0.351,-1.8,-1.6,0.666,0.673,-2.0,0.571,0.571,-2.2,0.782,0.571,-2.1,0.77,0.571,-2.1,0.774,0.571,-2.3,0.78,0.571,0
20111122_1848,-15.308,-65.163,560.3,NX.SZS.,39.283,106.66,154.977,1725.746,1770.083,1784.706,221.0,4.797,0.518,0.648,0.64,0.613,0.649,-0.6,-0.8,0.898,0.861,-1.6,0.839,0.839,-0.9,0.953,0.839,-1.1,0.951,0.839,-1.6,0.932,0.839,-0.9,0.954,0.839,1
20111122_1848,-15.308,-65.163,560.3,KR.FRU1.,42.812,74.628,136.037,1618.074,1642.696,1650.291,222.0,4.008,0.444,0.312,0.347,0.344,0.304,-0.1,5.2,0.524,-0.441,8.6,0.469,0.469,3.2,0.346,0.469,2.6,0.342,0.469,2.6,0.341,0.469,3.3,0.349,0.469,0
20111122_1848,-15.308,-65.163,560.3,QH.QSS.,36.268,101.975,156.109,1731.819,1777.498,1792.626,223.0,3.313,0.704,0.695,0.683,0.667,0.69,0.0,0.3,0.803,0.813,-0.1,0.901,0.901,0.0,0.9,0.901,-0.1,0.904,0.901,-0.4,0.897,0.901,-0.1,0.902,0.901,0
20111122_1848,-15.308,-65.163,560.3,SD.XIT.,35.947,117.763,159.196,1748.162,1797.59,1814.134,224.0,7.075,0.535,0.553,0.567,0.589,0.572,0.9,0.9,0.655,0.72,0.9,0.754,0.754,0.7,0.733,0.754,0.6,0.728,0.754,0.3,0.719,0.754,0.5,0.723,0.754,0
20111122_1848,-15.308,-65.163,560.3,HN.YIY.,28.577,112.323,166.529,1785.765,1844.608,1864.792,225.0,6.923,0.5,0.468,0.469,0.477,0.469,4.8,4.6,0.552,0.55,5.0,0.597,0.597,4.8,0.559,0.597,4.8,0.569,0.597,4.6,0.582,0.597,4.7,0.565,0.597,0
20111122_1848,-15.308,-65.163,560.3,JS.XH.,32.889,119.847,161.842,1761.922,1814.674,1832.483,226.0,1.735,0.415,0.406,0.4,0.38,0.398,-0.5,-3.9,0.937,-0.903,-0.5,0.67,0.67,-0.1,0.706,0.67,-0.2,0.709,0.67,-0.5,0.712,0.67,-0.3,0.706,0.67,0
20111122_1848,-15.308,-65.163,560.3,CB.WHN.00,30.543,114.354,164.759,1776.839,1833.354,1852.617,227.0,5.686,0.353,0.246,0.272,0.306,0.269,0.4,0.4,0.666,0.601,-10.2,0.4,0.4,-9.5,0.419,0.4,-9.7,0.417,0.4,-10.2,0.414,0.4,-9.7,0.419,0.4,0
20111122_1848,-15.308,-65.163,560.3,XJ.WSC.,43.457,87.685,143.569,1662.297,1694.114,1704.176,228.0,5.895,0.363,0.424,0.479,0.492,0.434,1.3,1.6,0.83,0.783,1.6,0.893,0.893,1.5,0.871,0.893,1.1,0.851,0.893,0.9,0.83,0.893,1.4,0.872,0.893,0
20111122_1848,-15.308,-65.163,560.3,SX.BOD.,38.955,111.001,156.115,1731.847,1777.532,1792.662,229.0,1.437,0.312,0.248,0.258,0.265,0.252,-5.8,-5.2,0.656,0.543,0.2,0.744,0.744,0.3,0.679,0.744,0.2,0.684,0.744,-0.1,0.693,0.744,0.3,0.681,0.744,0
20111122_1848,-15.308,-65.163,560.3,GX.TE.,24.982,107.168,167.949,1792.85,1853.587,1874.53,230.0,9.939,0.374,0.344,0.32,0.296,0.343,-1.2,-0.9,0.906,0.907,-9.4,0.551,0.551,-8.8,0.523,0.551,-8.8,0.547,0.551,-8.8,0.549,0.551,-8.8,0.532,0.551,0
20111122_1848,-15.308,-65.163,560.3,SX.XAY.,36.668,112.946,158.574,1744.896,1793.558,1809.811,231.0,8.28,0.603,0.6,0.603,0.592,0.6,0.0,0.2,0.912,0.896,-0.4,0.658,0.658,-0.3,0.65,0.658,-0.5,0.659,0.658,-0.7,0.677,0.658,-0.4,0.651,0.658,0
20111122_1848,-15.308,-65.163,560.3,JP.ASAJ.,44.119,142.593,142.801,1657.875,1688.916,1698.708,232.0,1.718,0.16,0.126,0.145,0.145,0.156,-0.5,-3.3,0.75,-0.814,-0.2,0.635,0.635,0.1,0.56,0.635,-0.2,0.579,0.635,-0.4,0.569,0.635,-0.4,0.593,0.635,0
20111122_1848,-15.308,-65.163,560.3,JX.JIX.,28.212,116.247,167.03,1788.273,1847.781,1868.231,233.0,3.556,0.437,0.41,0.403,0.395,0.411,-0.5,-0.2,0.814,0.757,-0.4,0.67,0.67,-0.1,0.796,0.67,0.0,0.791,0.67,0.0,0.785,0.67,-0.1,0.79,0.67,0
20111122_1848,-15.308,-65.163,560.3,GD.SHT.,23.416,116.626,171.719,1811.356,1877.242,1900.284,234.0,3.281,0.113,0.153,0.136,0.112,0.131,2.9,3.8,0.685,0.49,4.8,0.633,0.633,-1.2,0.651,0.633,-1.3,0.595,0.633,-1.4,0.486,0.633,-1.3,0.566,0.633,0
20111122_1848,-15.308,-65.163,560.3,SN.LOXT.,34.969,106.7,159.026,1747.27,1796.489,1812.953,235.0,13.211,0.755,0.773,0.769,0.75,0.768,-0.3,0.0,0.95,0.953,-0.7,0.96,0.96,-0.5,0.946,0.96,-0.7,0.945,0.96,-0.9,0.945,0.96,-0.5,0.947,0.96,1
20111122_1848,-15.308,-65.163,560.3,XJ.ALS.,45.153,82.119,139.417,1638.142,1665.883,1674.536,236.0,4.837,0.71,0.675,0.674,0.666,0.681,1.2,1.3,0.964,0.93,0.5,0.924,0.924,0.4,0.934,0.924,-0.1,0.945,0.924,-0.2,0.94,0.924,0.3,0.936,0.924,1
20111122_1848,-15.308,-65.163,560.3,HL.FUY.,48.355,134.275,143.292,1660.703,1692.239,1702.203,237.0,1.715,0.259,0.274,0.306,0.326,0.316,1.7,1.7,0.571,0.597,1.3,0.644,0.644,1.7,0.603,0.644,1.4,0.589,0.644,1.3,0.579,0.644,1.3,0.582,0.644,0
20111122_1848,-15.308,-65.163,560.3,QH.DAW.,34.478,100.248,156.768,1735.333,1781.801,1797.225,238.0,4.986,0.564,0.578,0.598,0.615,0.581,0.7,0.7,0.916,0.917,1.0,0.893,0.893,1.1,0.892,0.893,1.0,0.867,0.893,0.8,0.836,0.893,1.1,0.889,0.893,0
20111122_1848,-15.308,-65.163,560.3,AU.RABL.,-4.191,152.164,138.213,1631.034,1657.645,1665.913,239.0,1.279,0.408,0.367,0.371,0.364,0.378,1.6,1.5,0.749,0.762,0.6,0.827,0.827,0.2,0.837,0.827,-0.2,0.841,0.827,-0.3,0.839,0.827,0.8,0.807,0.827,0
20111122_1848,-15.308,-65.163,560.3,HA.JS.,34.61,113.24,160.645,1755.726,1806.962,1824.192,240.0,3.581,0.45,0.441,0.444,0.444,0.442,0.1,0.2,0.552,0.481,0.2,0.743,0.743,0.6,0.712,0.743,0.3,0.711,0.743,0.0,0.72,0.743,0.5,0.709,0.743,0
20111122_1848,-15.308,-65.163,560.3,XJ.AHQ.,40.934,78.459,139.432,1638.233,1665.988,1674.646,241.0,6.227,0.571,0.568,0.549,0.547,0.568,0.2,0.7,0.852,0.826,0.0,0.883,0.883,-0.2,0.802,0.883,-0.8,0.758,0.883,-0.9,0.761,0.883,-0.1,0.806,0.883,0
20111122_1848,-15.308,-65.163,560.3,JP.JHJ2.,33.115,139.814,151.228,1705.363,1745.382,1758.391,242.0,1.09,0.091,0.06,0.092,0.092,0.074,3.1,-0.5,0.601,-0.335,9.0,0.354,0.354,10.0,0.445,0.354,9.6,0.434,0.354,9.4,0.425,0.354,9.6,0.435,0.354,0
20111122_1848,-15.308,-65.163,560.3,GE.HMDM.,6.773,73.182,138.311,1631.614,1658.316,1666.615,243.0,2.738,0.45,0.253,0.289,0.278,0.245,-8.0,-4.6,0.617,-0.746,-8.7,0.723,0.723,-0.3,0.816,0.723,-1.2,0.78,0.723,-0.8,0.798,0.723,-0.1,0.797,0.723,0
20111122_1848,-15.308,-65.163,560.3,SC.HLI.,26.653,102.253,163.69,1771.399,1826.524,1845.247,244.0,12.343,0.258,0.293,0.289,0.284,0.292,0.0,0.2,0.785,0.828,-7.4,0.481,0.481,-6.4,0.51,0.481,-6.4,0.511,0.481,-6.5,0.508,0.481,-6.4,0.508,0.481,0
20111122_1848,-15.308,-65.163,560.3,HL.HEG.,47.353,130.236,145.505,1673.357,1707.172,1717.936,245.0,1.68,0.535,0.462,0.477,0.501,0.506,1.0,1.3,0.915,0.898,0.7,0.878,0.878,1.0,0.896,0.878,0.8,0.882,0.878,0.5,0.86,0.878,0.7,0.875,0.878,0
20111122_1848,-15.308,-65.163,560.3,HE.HNS.,37.401,114.71,157.907,1741.374,1789.221,1805.165,246.0,9.862,0.621,0.623,0.632,0.638,0.629,0.5,0.7,0.874,0.894,0.1,0.817,0.817,0.3,0.855,0.817,0.1,0.863,0.817,-0.2,0.867,0.817,0.2,0.857,0.817,1
20111122_1848,-15.308,-65.163,560.3,JS.SY.,33.767,120.25,160.905,1757.076,1808.64,1825.995,247.0,0.746,0.017,0.06,0.069,0.081,0.075,2.4,-1.9,0.395,-0.622,2.3,0.588,0.588,2.6,0.549,0.588,2.5,0.537,0.588,2.2,0.498,0.588,2.4,0.514,0.588,0
20111122_1848,-15.308,-65.163,560.3,CQ.YUB.,29.858,106.827,163.693,1771.414,1826.544,1845.268,248.0,10.282,0.632,0.689,0.688,0.69,0.688,-0.1,-0.1,0.907,0.904,0.0,0.668,0.668,0.2,0.765,0.668,0.2,0.741,0.668,0.0,0.702,0.668,0.2,0.76,0.668,0
20111122_1848,-15.308,-65.163,560.3,YN.YOD.,24.036,99.245,162.942,1767.576,1821.738,1840.088,249.0,5.472,0.451,0.372,0.351,0.357,0.371,-0.3,-0.3,0.929,0.922,1.6,0.506,0.506,3.8,0.449,0.506,4.2,0.514,0.506,4.2,0.513,0.506,3.7,0.438,0.506,0
20111122_1848,-15.308,-65.163,560.3,II.DGAR.00,-7.412,72.452,132.254,1595.171,1616.54,1623.038,250.0,1.391,0.13,0.259,0.252,0.257,0.266,6.0,-5.0,0.689,-0.019,5.1,0.603,0.603,5.2,0.556,0.603,4.8,0.57,0.603,4.9,0.57,0.603,5.5,0.564,0.603,0
20111122_1848,-15.308,-65.163,560.3,GX.LNS.,22.42,109.281,171.159,1808.632,1873.744,1896.468,251.0,10.393,0.429,0.218,0.232,0.239,0.221,-0.2,-0.1,0.893,0.867,0.0,0.923,0.923,3.0,0.655,0.923,2.9,0.666,0.923,2.9,0.646,0.923,3.0,0.651,0.923,0
20111122_1848,-15.308,-65.163,560.3,GX.DXS.,21.672,107.497,170.572,1805.773,1870.078,1892.47,252.0,9.022,0.13,0.081,0.088,0.082,0.083,-0.8,-0.5,0.928,0.92,-4.7,0.862,0.862,1.2,0.816,0.862,1.1,0.817,0.862,1.1,0.816,0.862,1.3,0.814,0.862,0
20111122_1848,-15.308,-65.163,560.3,HB.FXI.,31.938,110.724,162.953,1767.634,1821.81,1840.166,253.0,5.216,0.635,0.464,0.486,0.51,0.476,0.6,0.5,0.734,0.842,0.6,0.709,0.709,0.8,0.711,0.709,0.7,0.71,0.709,0.4,0.718,0.709,0.8,0.712,0.709,0
20111122_1848,-15.308,-65.163,560.3,N.TASF.,31.195,130.909,158.366,1743.796,1792.203,1808.359,254.0,2.438,0.357,0.222,0.225,0.231,0.221,6.6,3.7,0.846,-0.654,6.7,0.552,0.552,7.2,0.538,0.552,7.0,0.555,0.552,6.8,0.57,0.552,6.8,0.562,0.552,0
20111122_1848,-15.308,-65.163,560.3,XJ.WUS.,41.2,79.22,139.806,1640.43,1668.541,1677.32,255.0,2.892,0.284,0.364,0.369,0.365,0.363,0.4,0.5,0.934,0.938,0.8,0.875,0.875,0.6,0.898,0.875,0.0,0.893,0.875,-0.1,0.887,0.875,0.7,0.894,0.875,0
20111122_1848,-15.308,-65.163,560.3,SC.JLO.,28.996,101.512,161.603,1760.689,1813.137,1830.829,256.0,13.223,0.317,0.195,0.21,0.21,0.195,1.0,1.2,0.734,0.747,-0.5,0.691,0.691,0.9,0.711,0.691,0.8,0.721,0.691,0.7,0.721,0.691,0.8,0.712,0.691,0
20111122_1848,-15.308,-65.163,560.3,XJ.LSG.,45.564,84.275,140.352,1643.633,1672.267,1681.226,257.0,5.737,0.586,0.618,0.628,0.636,0.617,0.9,0.7,0.771,0.75,1.0,0.708,0.708,0.8,0.729,0.708,0.4,0.723,0.708,0.2,0.729,0.708,0.8,0.727,0.708,0
20111122_1848,-15.308,-65.163,560.3,N.HJOF.,33.105,139.802,151.241,1705.438,1745.473,1758.487,258.0,0.926,0.146,0.231,0.208,0.213,0.22,0.2,4.0,0.419,-0.447,-0.4,0.747,0.747,0.7,0.803,0.747,0.3,0.758,0.747,0.2,0.754,0.747,0.3,0.764,0.747,0
20111122_1848,-15.308,-65.163,560.3,GS.YJZ.,40.391,98.641,151.228,1705.368,1745.388,1758.397,259.0,5.133,0.539,0.526,0.517,0.509,0.524,-0.8,-0.5,0.902,0.909,-1.6,0.749,0.749,-1.4,0.693,0.749,-1.7,0.713,0.749,-2.0,0.755,0.749,-1.4,0.694,0.749,0
20111122_1848,-15.308,-65.163,560.3,KR.ARK.,41.8,71.967,134.664,1609.818,1633.23,1640.414,260.0,8.741,0.476,0.347,0.334,0.334,0.346,0.6,0.6,0.939,0.945,8.7,0.73,0.73,-0.1,0.458,0.73,-0.7,0.412,0.73,-0.7,0.399,0.73,-0.1,0.44,0.73,0
20111122_1848,-15.308,-65.163,560.3,AU.MORW.,-29.068,116.04,135.609,1615.506,1639.746,1647.212,261.0,2.276,0.453,0.513,0.509,0.513,0.52,1.4,1.6,0.847,0.797,1.1,0.73,0.73,0.8,0.778,0.73,0.9,0.783,0.73,0.4,0.819,0.73,0.5,0.814,0.73,0
20111122_1848,-15.308,-65.163,560.3,LN.LYA.,41.219,119.382,153.792,1719.354,1762.306,1776.407,262.0,3.822,0.586,0.618,0.629,0.632,0.627,0.1,0.5,0.736,0.748,-0.2,0.736,0.736,-0.3,0.807,0.736,-0.5,0.825,0.736,-0.9,0.857,0.736,-0.5,0.821,0.736,0
20111122_1848,-15.308,-65.163,560.3,JS.NJ2.,32.052,118.854,162.862,1767.163,1821.222,1839.532,263.0,4.965,0.531,0.567,0.578,0.588,0.581,0.2,0.1,0.719,0.773,0.5,0.557,0.557,0.8,0.569,0.557,0.7,0.553,0.557,0.4,0.527,0.557,0.6,0.542,0.557,0
20111122_1848,-15.308,-65.163,560.3,SC.LTA.,30.0,100.269,160.127,1753.032,1803.619,1820.602,264.0,22.836,0.139,0.249,0.274,0.264,0.232,0.2,0.4,0.969,0.968,-2.8,0.807,0.807,-0.9,0.556,0.807,-0.9,0.603,0.807,-1.0,0.614,0.807,-1.1,0.552,0.807,0
20111122_1848,-15.308,-65.163,560.3,SD.JUX.,35.543,118.895,159.441,1749.447,1799.179,1815.838,265.0,5.074,0.469,0.494,0.51,0.526,0.512,0.7,0.8,0.946,0.943,0.3,0.916,0.916,0.7,0.919,0.916,0.6,0.92,0.916,0.2,0.916,0.916,0.5,0.916,0.916,0
20111122_1848,-15.308,-65.163,560.3,SN.QLIT.,34.57,108.217,159.839,1751.528,1801.755,1818.602,266.0,8.709,0.614,0.628,0.621,0.615,0.623,0.0,0.0,0.845,0.844,0.1,0.785,0.785,0.2,0.759,0.785,0.1,0.75,0.785,-0.3,0.739,0.785,0.2,0.756,0.785,0
20111122_1848,-15.308,-65.163,560.3,N.KSNF.,38.976,141.53,146.717,1680.222,1715.317,1726.534,267.0,3.063,0.264,0.22,0.224,0.229,0.214,-3.7,-3.2,0.757,0.552,-10.2,0.405,0.405,-9.9,0.401,0.405,-10.1,0.419,0.405,-10.1,0.419,0.405,-10.3,0.422,0.405,0
20111122_1848,-15.308,-65.163,560.3,FJ.LJTL.,26.353,119.92,167.981,1793.011,1853.792,1874.752,268.0,2.773,0.489,0.48,0.483,0.477,0.488,-0.7,-0.3,0.737,0.728,5.7,0.771,0.771,-0.6,0.644,0.771,-0.7,0.646,0.771,5.3,0.664,0.771,-0.8,0.641,0.771,0
20111122_1848,-15.308,-65.163,560.3,AH.HUS.,29.706,118.378,165.238,1779.265,1836.406,1855.915,269.0,3.662,0.464,0.493,0.503,0.513,0.504,0.2,0.3,0.706,0.623,-0.3,0.653,0.653,0.3,0.761,0.653,0.3,0.777,0.653,0.0,0.798,0.653,0.1,0.785,0.653,0
20111122_1848,-15.308,-65.163,560.3,SX.TAG.,37.367,112.578,157.851,1741.076,1788.853,1804.772,270.0,7.47,0.598,0.561,0.577,0.593,0.57,1.3,1.4,0.88,0.885,1.0,0.783,0.783,1.2,0.777,0.783,1.0,0.769,0.783,0.6,0.757,0.783,1.1,0.77,0.783,0
20111122_1848,-15.308,-65.163,560.3,BU.LQS.,40.102,116.082,155.183,1726.854,1771.434,1786.149,271.0,1.512,0.424,0.474,0.463,0.444,0.467,-0.2,3.2,0.867,-0.741,-0.7,0.709,0.709,-0.6,0.807,0.709,-0.7,0.795,0.709,-0.9,0.767,0.709,-0.6,0.799,0.709,0
20111122_1848,-15.308,-65.163,560.3,N.SBRF.,33.505,130.253,157.08,1736.993,1783.837,1799.403,272.0,0.717,0.152,0.251,0.232,0.213,0.233,5.3,1.0,0.678,-0.669,4.3,0.71,0.71,4.9,0.642,0.71,4.5,0.69,0.71,4.4,0.717,0.71,4.4,0.699,0.71,0
20111122_1848,-15.308,-65.163,560.3,HI.NAD.,19.534,109.619,173.471,1819.812,1888.15,1912.196,273.0,6.78,0.341,0.182,0.183,0.19,0.182,-0.9,-3.8,0.711,-0.054,-7.4,0.561,0.561,-7.1,0.486,0.561,-7.2,0.511,0.561,-7.2,0.516,0.561,-7.1,0.487,0.561,0
20111122_1848,-15.308,-65.163,560.3,GE.SAUI.,-7.983,131.299,151.564,1707.214,1747.613,1760.762,274.0,2.85,0.241,0.36,0.362,0.342,0.368,-1.8,-1.5,0.895,0.867,-2.4,0.615,0.615,-1.8,0.75,0.615,-2.0,0.728,0.615,-2.6,0.683,0.615,-1.9,0.74,0.615,0
20111122_1848,-15.308,-65.163,560.3,LW.LAP.,19.898,102.165,167.085,1788.549,1848.131,1868.611,275.0,11.664,0.423,0.289,0.291,0.299,0.301,-0.2,-0.2,0.952,0.968,-0.5,0.87,0.87,1.1,0.555,0.87,-8.8,0.516,0.87,-8.8,0.51,0.87,1.1,0.571,0.87,0
20111122_1848,-15.308,-65.163,560.3,SX.YAY.,39.955,114.158,155.346,1727.731,1772.504,1787.292,276.0,3.815,0.412,0.374,0.374,0.371,0.374,0.5,0.6,0.577,0.502,-0.7,0.815,0.815,7.4,0.623,0.815,7.5,0.607,0.815,-0.8,0.653,0.815,7.4,0.619,0.815,0
20111122_1848,-15.308,-65.163,560.3,HA.LS.,34.018,111.04,160.979,1757.461,1809.118,1826.508,277.0,6.191,0.474,0.554,0.563,0.573,0.564,0.7,0.8,0.914,0.909,0.7,0.886,0.886,1.0,0.875,0.886,0.8,0.873,0.886,0.5,0.874,0.886,0.9,0.875,0.886,0
20111122_1848,-15.308,-65.163,560.3,IM.MK31.,46.794,82.291,138.51,1632.794,1659.682,1668.044,278.0,5.386,0.341,0.241,0.242,0.253,0.232,0.4,3.5,0.934,-0.849,5.4,0.441,0.441,7.2,0.542,0.441,6.8,0.541,0.441,6.7,0.53,0.441,7.2,0.542,0.441,0
20111122_1848,-15.308,-65.163,560.3,XJ.XNY.,43.564,83.303,141.045,1647.683,1676.988,1686.178,279.0,7.365,0.165,0.428,0.503,0.526,0.418,1.2,1.2,0.899,0.865,3.4,0.602,0.602,2.1,0.868,0.602,1.7,0.926,0.602,1.5,0.924,0.602,2.1,0.874,0.602,0
20111122_1848,-15.308,-65.163,560.3,HE.GAN.,38.368,114.024,156.929,1736.188,1782.849,1798.347,280.0,5.104,0.66,0.638,0.632,0.606,0.635,-0.4,-0.2,0.965,0.969,-0.9,0.838,0.838,-0.5,0.819,0.838,-0.6,0.804,0.838,-1.1,0.769,0.838,-0.6,0.806,0.838,1
20111122_1848,-15.308,-65.163,560.3,N.SBTF.,37.968,139.45,148.618,1690.9,1728.036,1739.988,281.0,1.182,0.217,0.229,0.225,0.218,0.226,-2.1,-4.7,0.594,-0.862,2.6,0.317,0.317,-1.6,0.377,0.317,-1.9,0.309,0.317,-2.2,0.299,0.317,-2.0,0.297,0.317,0
20111122_1848,-15.308,-65.163,560.3,HL.MDJ.,44.616,129.589,148.143,1688.242,1724.864,1736.629,282.0,2.536,0.377,0.491,0.479,0.465,0.477,-0.7,-0.2,0.885,0.846,-1.4,0.75,0.75,-1.1,0.783,0.75,-1.3,0.776,0.75,-1.5,0.775,0.75,-1.5,0.767,0.75,0
20111122_1848,-15.308,-65.163,560.3,QH.HUL.,36.074,102.248,156.391,1733.322,1779.338,1794.592,283.0,4.69,0.679,0.68,0.682,0.679,0.678,-0.2,0.1,0.809,0.786,-0.2,0.816,0.816,-0.1,0.793,0.816,-0.3,0.787,0.816,-0.6,0.781,0.816,-0.2,0.792,0.816,0
20111122_1848,-15.308,-65.163,560.3,SC.JJS.,31.004,104.546,161.697,1761.176,1813.744,1831.482,284.0,5.803,0.595,0.604,0.584,0.556,0.598,-0.7,-0.8,0.79,0.761,6.1,0.336,0.336,-0.7,0.349,0.336,-1.1,0.343,0.336,-1.7,0.366,0.336,-0.9,0.349,0.336,0
20111122_1848,-15.308,-65.163,560.3,N.NKGF.,44.802,142.085,142.605,1656.74,1687.585,1697.308,285.0,0.844,0.017,0.087,0.089,0.082,0.094,-0.7,-4.4,0.551,-0.383,-1.3,0.611,0.611,-0.9,0.589,0.611,-1.2,0.568,0.611,-1.3,0.562,0.611,-1.5,0.552,0.611,0
20111122_1848,-15.308,-65.163,560.3,BU.ZHL.,40.157,115.133,155.15,1726.676,1771.217,1785.918,286.0,1.04,0.247,0.247,0.242,0.234,0.249,-0.8,-4.1,0.816,-0.602,-1.3,0.888,0.888,-1.3,0.867,0.888,-1.5,0.876,0.888,-1.6,0.886,0.888,-1.4,0.873,0.888,0
20111122_1848,-15.308,-65.163,560.3,HE.YAY.,40.161,114.169,155.14,1726.626,1771.157,1785.853,287.0,3.361,0.438,0.491,0.468,0.435,0.479,0.1,4.1,0.82,-0.88,6.9,0.739,0.739,6.8,0.708,0.739,6.7,0.717,0.739,6.5,0.73,0.739,6.8,0.713,0.739,0
20111122_1848,-15.308,-65.163,560.3,XZ.SQHE.,32.521,80.011,144.052,1665.067,1697.376,1707.611,288.0,11.527,0.382,0.362,0.353,0.354,0.361,1.3,1.2,0.982,0.968,2.3,0.52,0.52,-0.8,0.455,0.52,-1.5,0.544,0.52,-1.3,0.516,0.52,-0.1,0.379,0.52,0
20111122_1848,-15.308,-65.163,560.3,SC.PGE.,27.384,102.542,163.382,1769.827,1824.555,1843.124,289.0,5.364,0.335,0.268,0.269,0.268,0.266,0.1,-0.1,0.945,0.911,-0.7,0.648,0.648,1.0,0.63,0.648,1.0,0.626,0.648,1.0,0.628,0.648,1.0,0.631,0.648,0
20111122_1848,-15.308,-65.163,560.3,QH.LEH.,38.819,93.414,149.891,1697.98,1736.51,1748.97,290.0,6.479,0.422,0.438,0.439,0.435,0.436,0.2,0.3,0.959,0.953,0.0,0.706,0.706,0.4,0.673,0.706,7.1,0.633,0.706,7.0,0.587,0.706,0.3,0.669,0.706,0
20111122_1848,-15.308,-65.163,560.3,LN.NAP.,41.089,120.758,153.713,1718.926,1761.787,1775.853,291.0,4.333,0.668,0.63,0.613,0.586,0.615,-0.7,-0.1,0.762,0.734,-1.3,0.872,0.872,-1.0,0.88,0.872,-1.2,0.876,0.872,-1.6,0.861,0.872,-1.3,0.882,0.872,0
20111122_1848,-15.308,-65.163,560.3,N.ABUF.,34.863,135.571,153.007,1715.096,1757.141,1770.902,292.0,0.58,0.263,0.125,0.127,0.13,0.126,0.6,0.5,0.728,0.787,0.2,0.68,0.68,0.5,0.682,0.68,0.3,0.708,0.68,0.2,0.706,0.68,0.2,0.717,0.68,0
20111122_1848,-15.308,-65.163,560.3,JL.LYT.,42.948,125.149,150.984,1704.02,1743.766,1756.673,293.0,6.113,0.674,0.656,0.65,0.636,0.642,0.4,-3.0,0.853,-0.848,-0.3,0.878,0.878,0.0,0.833,0.878,-0.1,0.821,0.878,-0.5,0.815,0.878,-0.2,0.818,0.878,1
20111122_1848,-15.308,-65.163,560.3,HB.SZH.,31.63,113.386,163.624,1771.066,1826.108,1844.798,294.0,9.545,0.605,0.546,0.549,0.549,0.545,0.2,0.2,0.964,0.974,0.5,0.852,0.852,0.7,0.898,0.852,0.5,0.898,0.852,0.4,0.892,0.852,0.6,0.897,0.852,0
20111122_1848,-15.308,-65.163,560.3,N.INNF.,33.47,131.306,156.516,1733.987,1780.152,1795.463,295.0,1.236,0.063,0.067,0.082,0.085,0.093,-5.0,-4.8,0.599,0.742,-5.6,0.681,0.681,-4.9,0.657,0.681,-5.3,0.662,0.681,-5.5,0.673,0.681,-5.4,0.664,0.681,0
20111122_1848,-15.308,-65.163,560.3,SH.DYS.,30.583,122.067,163.349,1769.661,1824.348,1842.901,296.0,2.349,0.294,0.227,0.228,0.227,0.234,-2.7,2.5,0.464,0.14,2.8,0.399,0.399,3.2,0.474,0.399,3.1,0.496,0.399,2.9,0.525,0.399,3.0,0.509,0.399,0
20111122_1848,-15.308,-65.163,560.3,HB.SSH.,29.646,112.69,165.527,1780.722,1838.241,1857.9,297.0,7.024,0.492,0.508,0.509,0.508,0.51,0.0,0.2,0.732,0.679,0.2,0.74,0.74,0.7,0.794,0.74,0.6,0.789,0.74,0.4,0.772,0.74,0.6,0.789,0.74,0
20111122_1848,-15.308,-65.163,560.3,GS.GTA.,39.4,99.817,152.552,1712.618,1754.14,1767.706,298.0,5.848,0.689,0.701,0.697,0.689,0.698,0.4,0.4,0.856,0.871,0.0,0.849,0.849,0.1,0.878,0.849,0.0,0.881,0.849,-0.2,0.865,0.849,0.1,0.879,0.849,1
20111122_1848,-15.308,-65.163,560.3,FJ.TNSC.,26.908,117.181,168.197,1794.083,1855.154,1876.232,299.0,4.319,0.525,0.463,0.469,0.477,0.475,0.7,1.0,0.838,0.856,0.0,0.845,0.845,0.2,0.687,0.845,0.1,0.726,0.845,-0.1,0.778,0.845,0.1,0.737,0.845,0
20111122_1848,-15.308,-65.163,560.3,XJ.LTA.,42.022,84.167,142.47,1655.962,1686.671,1696.348,300.0,8.216,0.414,0.357,0.309,0.287,0.363,0.8,0.9,0.856,0.873,0.1,0.749,0.749,-0.9,0.86,0.749,-1.4,0.881,0.749,-1.6,0.88,0.749,-1.0,0.857,0.749,0
20111122_1848,-15.308,-65.163,560.3,GS.ZHQ.,33.811,104.381,159.228,1748.33,1797.797,1814.356,301.0,4.378,0.707,0.685,0.67,0.647,0.68,0.0,0.4,0.938,0.946,-0.4,0.939,0.939,-0.5,0.925,0.939,-0.6,0.925,0.939,-0.8,0.919,0.939,-0.5,0.925,0.939,1
20111122_1848,-15.308,-65.163,560.3,SC.YYU.,27.467,101.678,162.765,1766.668,1820.602,1838.864,302.0,8.419,0.288,0.232,0.227,0.225,0.23,0.4,0.4,0.898,0.907,-8.2,0.657,0.657,-0.3,0.857,0.657,-0.3,0.855,0.657,-0.3,0.856,0.657,-0.3,0.858,0.657,0
20111122_1848,-15.308,-65.163,560.3,JX.XIS.,29.04,114.563,166.266,1784.446,1842.94,1862.986,303.0,7.034,0.466,0.419,0.42,0.411,0.42,-0.4,0.0,0.885,0.879,-0.7,0.8,0.8,-0.2,0.727,0.8,-0.3,0.711,0.8,-0.6,0.707,0.8,-0.4,0.718,0.8,0
20111122_1848,-15.308,-65.163,560.3,GD.MEZ.,24.317,116.137,170.909,1807.415,1872.183,1894.766,304.0,3.003,0.339,0.395,0.396,0.39,0.396,5.3,-0.7,0.638,0.611,6.1,0.745,0.745,5.9,0.452,0.745,5.5,0.447,0.745,5.0,0.461,0.745,5.3,0.438,0.745,0
20111122_1848,-15.308,-65.163,560.3,GX.WZS.,23.481,111.234,171.151,1808.593,1873.693,1896.413,305.0,4.494,0.549,0.552,0.573,0.593,0.561,0.4,0.7,0.857,0.863,0.9,0.796,0.796,1.4,0.8,0.796,1.2,0.789,0.796,1.1,0.773,0.796,1.2,0.796,0.796,0
20111122_1848,-15.308,-65.163,560.3,GX.BSS.,23.895,106.557,168.407,1795.122,1856.475,1877.667,306.0,12.213,-0.004,0.234,0.234,0.238,0.235,-1.3,-1.1,0.799,0.794,-4.0,0.549,0.549,-8.8,0.625,0.549,-8.8,0.62,0.549,-8.7,0.614,0.549,-8.7,0.624,0.549,0
20111122_1848,-15.308,-65.163,560.3,GD.XNH.,22.57,113.034,172.541,1815.336,1882.367,1905.879,307.0,17.039,0.298,0.551,0.526,0.498,0.531,-0.2,-0.1,0.912,0.912,1.4,0.896,0.896,0.0,0.959,0.896,-0.1,0.959,0.896,-0.2,0.924,0.896,0.0,0.961,0.896,0
20111122_1848,-15.308,-65.163,560.3,XZ.MZG.,29.847,91.748,154.285,1722.02,1765.548,1779.865,308.0,6.314,0.315,0.424,0.428,0.432,0.421,-0.8,-0.7,0.915,0.917,7.4,0.459,0.459,7.7,0.433,0.459,7.7,0.425,0.459,7.8,0.421,0.459,7.7,0.435,0.459,0
20111122_1848,-15.308,-65.163,560.3,AH.ANQ.,30.58,117.02,164.598,1776.021,1832.325,1851.506,309.0,6.267,0.405,0.472,0.473,0.468,0.47,-0.1,0.4,0.62,0.594,-8.0,0.71,0.71,1.3,0.668,0.71,1.2,0.657,0.71,1.0,0.631,0.71,1.1,0.65,0.71,0
20111122_1848,-15.308,-65.163,560.3,GS.SNT.,38.841,99.611,152.931,1714.682,1756.639,1770.368,310.0,7.626,0.598,0.61,0.591,0.57,0.607,-0.2,-0.2,0.973,0.975,-1.0,0.783,0.783,-0.7,0.816,0.783,-1.0,0.819,0.783,-1.3,0.824,0.783,-0.8,0.817,0.783,1
20111122_1848,-15.308,-65.163,560.3,SC.LBO.,28.272,103.57,163.364,1769.735,1824.44,1843.0,311.0,8.206,0.166,0.218,0.208,0.202,0.213,-1.1,-0.7,0.883,0.854,5.1,0.582,0.582,5.5,0.495,0.582,5.5,0.46,0.582,-3.4,0.47,0.582,5.4,0.49,0.582,0
20111122_1848,-15.308,-65.163,560.3,SD.JIX.,35.4,116.35,159.863,1751.651,1801.907,1818.764,312.0,4.041,0.45,0.521,0.527,0.526,0.526,0.4,0.3,0.781,0.746,0.0,0.839,0.839,0.1,0.858,0.839,0.0,0.882,0.839,-0.1,0.91,0.839,0.0,0.881,0.839,0
20111122_1848,-15.308,-65.163,560.3,HI.QZN.,19.029,109.844,173.951,1822.112,1891.127,1915.452,313.0,12.458,0.077,0.122,0.125,0.135,0.126,-1.3,-1.4,0.97,0.965,5.1,0.523,0.523,-4.3,0.682,0.523,-4.1,0.666,0.523,-4.1,0.66,0.523,-4.3,0.685,0.523,0
20111122_1848,-15.308,-65.163,560.3,JL.CBT.,41.42,128.174,151.454,1706.605,1746.879,1759.981,314.0,1.393,0.142,0.129,0.113,0.104,0.125,-8.9,-2.0,0.194,0.163,-9.0,0.489,0.489,-8.4,0.501,0.489,-8.5,0.498,0.489,-8.8,0.507,0.489,-8.7,0.497,0.489,0
20111122_1848,-15.308,-65.163,560.3,GS.ZHY.,39.091,100.531,153.109,1715.647,1757.808,1771.613,315.0,1.084,0.486,0.458,0.461,0.454,0.457,0.2,0.4,0.856,0.86,-0.4,0.722,0.722,-0.3,0.725,0.722,-0.4,0.739,0.722,-0.7,0.746,0.722,-0.3,0.726,0.722,0
20111122_1848,-15.308,-65.163,560.3,MY.KUM.,5.29,100.649,162.835,1767.028,1821.053,1839.35,316.0,3.421,0.594,0.607,0.603,0.602,0.61,-0.9,-0.4,0.844,0.853,-0.1,0.946,0.946,0.3,0.934,0.946,0.2,0.905,0.946,0.1,0.894,0.946,0.3,0.937,0.946,0
20111122_1848,-15.308,-65.163,560.3,XJ.KUC.,41.853,82.857,141.772,1651.914,1681.932,1691.368,317.0,8.217,0.224,0.173,0.184,0.193,0.172,0.3,0.4,0.576,0.563,5.3,0.48,0.48,3.1,0.458,0.48,6.4,0.568,0.48,2.7,0.522,0.48,3.1,0.465,0.48,0
20111122_1848,-15.308,-65.163,560.3,QH.DLH.,37.381,97.378,153.05,1715.329,1757.422,1771.201,318.0,5.772,0.487,0.513,0.527,0.525,0.515,0.2,0.4,0.906,0.918,5.3,0.675,0.675,5.4,0.652,0.675,5.4,0.65,0.675,5.2,0.633,0.675,5.4,0.652,0.675,0
20111122_1848,-15.308,-65.163,560.3,ZJ.WXJ.,28.696,118.826,166.114,1783.681,1841.974,1861.94,319.0,10.168,0.383,0.538,0.534,0.516,0.522,-1.5,-1.2,0.877,0.893,-1.5,0.888,0.888,-0.8,0.902,0.888,-0.9,0.892,0.888,-1.1,0.869,0.888,-1.1,0.885,0.888,0
20111122_1848,-15.308,-65.163,560.3,HB.SYA.,32.597,110.719,162.312,1764.339,1817.692,1835.731,320.0,2.912,0.402,0.382,0.396,0.415,0.39,0.8,0.9,0.927,0.884,0.7,0.741,0.741,1.0,0.723,0.741,0.8,0.719,0.741,0.5,0.713,0.741,0.8,0.721,0.741,0
20111122_1848,-15.308,-65.163,560.3,SN.YAAN.,36.872,109.325,157.887,1741.268,1789.09,1805.025,321.0,4.973,0.715,0.684,0.693,0.693,0.687,0.2,0.4,0.864,0.892,-0.2,0.793,0.793,0.2,0.815,0.793,0.1,0.817,0.793,-0.4,0.812,0.793,0.2,0.815,0.793,1
20111122_1848,-15.308,-65.163,560.3,HE.TLK.,40.139,119.045,154.899,1725.33,1769.577,1784.166,322.0,5.11,0.48,0.493,0.48,0.474,0.475,0.3,0.0,0.811,0.734,-0.7,0.764,0.764,0.4,0.678,0.764,0.2,0.663,0.764,-0.3,0.649,0.764,0.1,0.658,0.764,0
20111122_1848,-15.308,-65.163,560.3,BJ.SSL.,40.251,116.225,155.028,1726.022,1770.419,1785.065,323.0,1.5,0.14,0.123,0.113,0.105,0.119,0.0,-4.5,0.491,0.388,-5.7,0.488,0.488,-5.5,0.415,0.488,-5.7,0.446,0.488,-5.9,0.487,0.488,-5.6,0.434,0.488,0
20111122_1848,-15.308,-65.163,560.3,LN.GAX.,40.413,122.366,154.053,1720.766,1764.022,1778.238,324.0,1.923,0.233,0.206,0.197,0.18,0.186,-6.4,-3.1,0.668,-0.563,-0.1,0.747,0.747,0.2,0.627,0.747,0.0,0.607,0.747,-0.4,0.579,0.747,-0.1,0.608,0.747,0
20111122_1848,-15.308,-65.163,560.3,XJ.ZSU.,42.676,80.367,139.78,1640.28,1668.366,1677.137,325.0,7.567,0.623,0.593,0.587,0.58,0.593,1.1,1.1,0.885,0.88,1.0,0.794,0.794,0.7,0.792,0.794,0.1,0.809,0.794,-0.1,0.802,0.794,0.7,0.787,0.794,0
20111122_1848,-15.308,-65.163,560.3,AU.WRKA.,-25.038,128.296,137.574,1627.243,1653.264,1661.331,326.0,9.395,0.322,0.496,0.498,0.502,0.502,0.8,1.0,0.924,0.933,0.6,0.595,0.595,0.7,0.758,0.595,0.6,0.77,0.595,0.4,0.759,0.595,0.5,0.774,0.595,0
20111122_1848,-15.308,-65.163,560.3,HL.BAQ.,46.33,132.149,145.772,1674.872,1708.967,1719.829,327.0,0.922,0.188,0.228,0.21,0.186,0.195,-1.4,-1.2,0.646,0.683,-1.5,0.639,0.639,-1.2,0.689,0.639,-1.4,0.699,0.639,-1.7,0.71,0.639,-1.6,0.692,0.639,0
20111122_1848,-15.308,-65.163,560.3,N.FUKF.,32.718,128.757,158.491,1744.454,1793.014,1809.228,328.0,1.424,0.091,0.142,0.138,0.134,0.141,-3.0,3.2,0.642,0.779,2.9,0.816,0.816,3.3,0.786,0.816,3.0,0.804,0.816,2.8,0.821,0.816,2.9,0.811,0.816,0
20111122_1848,-15.308,-65.163,560.3,HI.SAY.,18.204,109.493,174.122,1822.927,1892.184,1916.608,329.0,14.077,0.184,0.164,0.166,0.171,0.156,-0.9,-0.7,0.946,0.93,0.7,0.838,0.838,-4.1,0.65,0.838,-3.7,0.651,0.838,-3.7,0.637,0.838,-4.1,0.659,0.838,0
20111122_1848,-15.308,-65.163,560.3,BU.BJT.,40.018,116.168,155.263,1727.283,1771.957,1786.708,330.0,1.454,0.53,0.534,0.535,0.527,0.535,-0.1,-0.1,0.812,0.795,-0.4,0.558,0.558,-0.2,0.611,0.558,-0.3,0.613,0.558,-0.5,0.608,0.558,-0.3,0.611,0.558,0
20111122_1848,-15.308,-65.163,560.3,AU.XMIS.,-10.481,105.652,152.653,1713.169,1754.807,1768.416,331.0,1.157,-0.026,0.004,0.035,0.098,0.007,-2.2,-1.6,0.64,0.675,-3.0,0.713,0.713,-2.5,0.789,0.713,-2.2,0.819,0.713,-2.0,0.85,0.713,-2.5,0.799,0.713,0
20111122_1848,-15.308,-65.163,560.3,HA.DA.,34.8,111.32,160.254,1753.691,1804.436,1821.479,332.0,5.446,0.501,0.434,0.434,0.439,0.434,0.1,0.4,0.762,0.764,-0.1,0.78,0.78,0.1,0.729,0.78,0.0,0.739,0.78,-0.4,0.76,0.78,0.0,0.731,0.78,0
20111122_1848,-15.308,-65.163,560.3,GS.NXT.,35.561,107.922,158.823,1746.202,1795.17,1811.539,333.0,1.516,0.559,0.538,0.54,0.529,0.537,0.0,0.0,0.866,0.911,-0.8,0.927,0.927,-0.3,0.926,0.927,-0.5,0.93,0.927,-0.9,0.934,0.927,-0.4,0.928,0.927,0
20111122_1848,-15.308,-65.163,560.3,YN.YUM.,25.689,101.861,164.036,1773.166,1828.741,1847.638,334.0,9.547,0.136,0.377,0.382,0.382,0.377,0.7,0.6,0.839,0.837,2.9,0.618,0.618,1.7,0.659,0.618,1.6,0.66,0.618,1.6,0.661,0.618,1.7,0.66,0.618,0
20111122_1848,-15.308,-65.163,560.3,HB.NZH.,31.392,111.616,163.65,1771.195,1826.269,1844.972,335.0,7.837,0.624,0.514,0.527,0.538,0.522,-0.3,-0.1,0.857,0.933,-0.2,0.677,0.677,0.2,0.736,0.677,0.1,0.728,0.677,-0.3,0.709,0.677,0.1,0.729,0.677,0
20111122_1848,-15.308,-65.163,560.3,SX.JIC.,37.712,112.436,157.496,1739.196,1786.543,1802.298,336.0,4.365,0.55,0.546,0.54,0.55,0.546,0.7,1.0,0.889,0.849,0.4,0.866,0.866,0.7,0.888,0.866,0.6,0.894,0.866,0.2,0.896,0.866,0.6,0.889,0.866,0
20111122_1848,-15.308,-65.163,560.3,XJ.RUQ.,38.974,88.838,147.143,1682.622,1718.169,1729.549,337.0,9.627,0.397,0.379,0.411,0.411,0.379,1.2,1.3,0.961,0.965,3.1,0.899,0.899,2.4,0.856,0.899,1.6,0.871,0.899,1.6,0.873,0.899,2.4,0.853,0.899,0
20111122_1848,-15.308,-65.163,560.3,N.IMGF.,42.393,140.141,145.284,1672.104,1705.688,1716.37,338.0,1.865,0.034,0.117,0.101,0.096,0.09,-2.1,-2.3,0.733,0.801,-3.1,0.33,0.33,-2.8,0.26,0.33,-3.1,0.275,0.33,-3.3,0.29,0.33,-3.5,0.276,0.33,0
20111122_1848,-15.308,-65.163,560.3,GX.PNX.,23.614,110.435,170.718,1806.482,1870.987,1893.462,339.0,7.01,0.611,0.514,0.523,0.534,0.523,0.2,0.7,0.849,0.825,0.7,0.794,0.794,1.5,0.755,0.794,1.4,0.749,0.794,1.4,0.747,0.794,1.4,0.753,0.794,0
20111122_1848,-15.308,-65.163,560.3,JX.JDZ.,29.275,117.261,165.855,1782.378,1840.33,1860.16,340.0,8.304,0.493,0.461,0.468,0.48,0.472,0.9,0.9,0.778,0.797,1.1,0.947,0.947,1.7,0.883,0.947,1.6,0.872,0.947,1.4,0.847,0.947,1.5,0.868,0.947,0
20111122_1848,-15.308,-65.163,560.3,AH.HSH.,31.77,118.058,163.279,1769.3,1823.895,1842.413,341.0,5.318,0.364,0.396,0.396,0.391,0.398,-0.3,-0.3,0.963,0.953,-0.7,0.797,0.797,-0.1,0.841,0.797,-0.3,0.836,0.797,-0.5,0.824,0.797,-0.3,0.831,0.797,0
20111122_1848,-15.308,-65.163,560.3,SD.LOK.,37.552,120.508,157.197,1737.611,1784.596,1800.215,342.0,2.078,0.434,0.363,0.37,0.413,0.395,1.9,2.1,0.893,0.88,1.5,0.921,0.921,1.7,0.979,0.921,1.7,0.979,0.921,1.4,0.977,0.921,1.5,0.979,0.921,0
20111122_1848,-15.308,-65.163,560.3,YN.DOC.,26.092,103.187,164.686,1776.471,1832.891,1852.118,343.0,5.963,0.239,0.235,0.231,0.233,0.236,0.4,0.5,0.897,0.894,1.4,0.757,0.757,1.9,0.762,0.757,1.8,0.748,0.757,1.8,0.741,0.757,1.9,0.759,0.757,0
20111122_1848,-15.308,-65.163,560.3,MY.SBM.,2.453,112.214,166.887,1787.558,1846.876,1867.25,344.0,2.6,0.304,0.274,0.279,0.29,0.281,0.4,0.7,0.866,0.814,0.2,0.702,0.702,-1.0,0.685,0.702,-0.9,0.681,0.702,-0.9,0.674,0.702,-1.0,0.683,0.702,0
20111122_1848,-15.308,-65.163,560.3,PS.PSI.,2.694,98.924,159.875,1751.713,1801.984,1818.847,345.0,0.96,0.285,0.277,0.288,0.289,0.274,-0.1,-2.8,0.881,-0.578,5.5,0.733,0.733,5.7,0.662,0.733,5.6,0.629,0.733,5.5,0.607,0.733,5.7,0.67,0.733,0
20111122_1848,-15.308,-65.163,560.3,SH.TPS.,31.289,120.494,163.204,1768.916,1823.415,1841.895,346.0,7.359,0.469,0.492,0.492,0.487,0.482,4.1,4.0,0.72,0.638,3.8,0.544,0.544,4.5,0.683,0.544,4.4,0.697,0.544,4.1,0.716,0.544,4.2,0.707,0.544,0
20111122_1848,-15.308,-65.163,560.3,SX.KEL.,38.778,111.72,156.37,1733.213,1779.204,1794.449,347.0,3.964,0.563,0.563,0.559,0.574,0.559,1.1,1.0,0.873,0.882,0.9,0.891,0.891,1.0,0.93,0.891,0.9,0.934,0.891,0.6,0.944,0.891,1.0,0.931,0.891,0
20111122_1848,-15.308,-65.163,560.3,LN.XYN.,40.275,123.259,153.977,1720.356,1763.524,1777.706,348.0,4.583,0.524,0.548,0.558,0.564,0.558,1.8,-5.4,0.473,-0.695,9.1,0.441,0.441,9.3,0.401,0.441,9.1,0.39,0.441,0.8,0.417,0.441,1.0,0.388,0.441,0
20111122_1848,-15.308,-65.163,560.3,MI.HTSP.,15.232,145.799,150.157,1699.456,1738.28,1750.849,349.0,1.612,0.338,0.378,0.389,0.396,0.343,2.1,-1.1,0.708,-0.807,2.3,0.772,0.772,1.7,0.848,0.772,1.2,0.842,0.772,1.3,0.846,0.772,2.1,0.845,0.772,0
20111122_1848,-15.308,-65.163,560.3,GE.GENI.,-2.593,140.168,149.198,1694.134,1731.903,1744.085,350.0,1.912,0.271,0.212,0.22,0.199,0.238,-0.9,-4.0,0.637,-0.603,-1.4,0.764,0.764,-1.6,0.772,0.764,-1.9,0.771,0.764,-2.1,0.774,0.764,-1.2,0.786,0.764,0
20111122_1848,-15.308,-65.163,560.3,GS.JTA.,37.19,104.09,156.132,1731.938,1777.644,1792.782,351.0,5.436,0.728,0.759,0.759,0.737,0.754,-0.2,0.0,0.92,0.91,-0.5,0.764,0.764,-0.3,0.832,0.764,-0.4,0.823,0.764,-0.8,0.805,0.764,-0.4,0.829,0.764,1
20111122_1848,-15.308,-65.163,560.3,JS.XZ.,34.231,117.166,160.961,1757.366,1809.0,1826.382,352.0,5.345,0.513,0.585,0.595,0.589,0.589,0.1,0.1,0.896,0.901,-0.4,0.901,0.901,0.1,0.879,0.901,0.0,0.865,0.901,-0.4,0.836,0.901,-0.1,0.858,0.901,0
20111122_1848,-15.308,-65.163,560.3,BU.BDH.,39.825,119.474,155.15,1726.679,1771.221,1785.921,353.0,5.021,0.463,0.457,0.455,0.439,0.448,0.3,0.3,0.716,0.738,6.5,0.578,0.578,6.6,0.524,0.578,6.6,0.521,0.578,6.4,0.517,0.578,6.6,0.527,0.578,0
20111122_1848,-15.308,-65.163,560.3,QH.DCD.,37.932,95.376,151.593,1707.368,1747.799,1760.96,354.0,6.95,0.448,0.447,0.46,0.465,0.447,0.7,0.7,0.94,0.911,6.1,0.646,0.646,0.4,0.669,0.646,0.2,0.691,0.646,0.0,0.704,0.646,0.4,0.671,0.646,0
20111122_1848,-15.308,-65.163,560.3,N.KYKF.,30.378,130.41,159.238,1748.383,1797.863,1814.426,355.0,3.441,0.209,0.136,0.117,0.103,0.122,-2.5,-5.1,0.674,-0.554,3.9,0.622,0.622,4.4,0.541,0.622,4.1,0.575,0.622,4.0,0.594,0.622,4.0,0.59,0.622,0
20111122_1848,-15.308,-65.163,560.3,TJ.YGZ.,39.91,117.248,155.308,1727.528,1772.256,1787.027,356.0,3.169,0.48,0.447,0.437,0.433,0.444,1.4,1.6,0.328,0.264,0.0,0.467,0.467,-2.1,0.321,0.467,-2.0,0.346,0.467,-1.8,0.393,0.467,-2.0,0.34,0.467,0
20111122_1848,-15.308,-65.163,560.3,HN.CNS.,28.182,112.93,167.006,1788.152,1847.628,1868.065,357.0,6.946,0.635,0.663,0.653,0.651,0.661,0.5,0.4,0.805,0.815,0.6,0.782,0.782,0.0,0.757,0.782,0.1,0.778,0.782,0.0,0.797,0.782,0.0,0.768,0.782,0
20111122_1848,-15.308,-65.163,560.3,YN.LUS.,25.832,98.852,161.734,1761.367,1813.982,1831.738,358.0,6.961,0.167,0.091,0.077,0.083,0.092,0.2,0.6,0.945,0.925,3.1,0.655,0.655,4.3,0.674,0.655,4.5,0.691,0.655,4.6,0.689,0.655,4.3,0.667,0.655,0
20111122_1848,-15.308,-65.163,560.3,AH.LAN.,31.715,116.501,163.523,1770.55,1825.46,1844.1,359.0,2.415,0.589,0.516,0.532,0.552,0.538,0.3,0.6,0.644,0.757,0.7,0.92,0.92,0.9,0.927,0.92,0.7,0.925,0.92,0.4,0.919,0.92,0.6,0.924,0.92,0
20111122_1848,-15.308,-65.163,560.3,TW.KMNB.,24.464,118.388,170.256,1804.226,1868.097,1890.311,360.0,4.137,0.273,0.237,0.257,0.283,0.271,-0.4,0.1,0.75,0.73,-1.0,0.491,0.491,0.0,0.777,0.491,0.0,0.77,0.491,-0.1,0.749,0.491,-0.1,0.765,0.491,0
20111122_1848,-15.308,-65.163,560.3,AU.CMSA.,-31.538,145.692,124.584,1547.302,1562.794,1567.42,361.0,2.373,0.508,0.524,0.522,0.506,0.525,0.4,0.6,0.522,0.431,0.5,0.655,0.655,0.5,0.687,0.655,0.4,0.687,0.655,0.4,0.689,0.655,0.3,0.682,0.655,0
20111122_1848,-15.308,-65.163,560.3,FJ.FDQY.,27.118,120.259,167.159,1788.915,1848.595,1869.114,362.0,5.537,0.256,0.154,0.158,0.17,0.156,-4.0,-4.1,0.638,0.609,-2.9,0.593,0.593,-3.5,0.665,0.593,-3.6,0.676,0.593,-3.5,0.689,0.593,-3.6,0.68,0.593,0
20111122_1848,-15.308,-65.163,560.3,XZ.GZE.,32.29,84.07,147.314,1683.586,1719.316,1730.761,363.0,7.026,0.435,0.422,0.414,0.414,0.426,1.4,1.4,0.961,0.965,1.3,0.732,0.732,-6.1,0.636,0.732,-5.9,0.634,0.732,-5.9,0.633,0.732,-6.2,0.637,0.732,0
20111122_1848,-15.308,-65.163,560.3,LN.FKU.,42.508,123.347,151.834,1708.695,1749.399,1762.661,364.0,3.043,0.437,0.421,0.42,0.408,0.414,4.1,4.0,0.411,0.473,1.7,0.513,0.513,2.3,0.487,0.513,2.2,0.48,0.513,2.0,0.467,0.513,2.2,0.482,0.513,0
20111122_1848,-15.308,-65.163,560.3,SX.XIY.,37.569,113.721,157.717,1740.371,1787.987,1803.844,365.0,4.152,0.665,0.662,0.666,0.657,0.666,0.3,0.6,0.962,0.944,-0.2,0.777,0.777,0.1,0.78,0.777,-0.1,0.792,0.777,-0.5,0.803,0.777,0.0,0.782,0.777,0
20111122_1848,-15.308,-65.163,560.3,HI.QIH.,19.222,110.476,174.287,1823.714,1893.204,1917.725,366.0,4.654,0.026,-0.074,-0.073,-0.073,-0.073,-0.2,-0.1,0.819,0.818,0.8,0.748,0.748,7.9,0.616,0.748,7.9,0.625,0.748,7.9,0.624,0.748,7.9,0.618,0.748,0
20111122_1848,-15.308,-65.163,560.3,XZ.NMU.,29.43,90.15,153.253,1716.433,1758.761,1772.628,367.0,10.321,0.213,0.152,0.112,0.114,0.165,0.0,0.1,0.961,0.951,7.6,0.624,0.624,8.0,0.586,0.624,8.2,0.568,0.624,8.2,0.561,0.624,8.0,0.594,0.624,0
20111122_1848,-15.308,-65.163,560.3,IU.ULN.00,47.865,107.053,146.814,1680.768,1715.965,1727.219,368.0,6.007,0.612,0.597,0.617,0.623,0.59,1.0,1.4,0.904,0.907,0.5,0.856,0.856,0.7,0.867,0.856,0.4,0.859,0.856,0.2,0.855,0.856,0.7,0.865,0.856,0
20111122_1848,-15.308,-65.163,560.3,MY.KSM.,1.473,110.308,165.461,1780.393,1837.827,1857.451,369.0,1.652,0.189,0.072,0.069,0.071,0.069,0.6,-2.9,0.679,-0.123,1.1,0.762,0.762,0.6,0.647,0.762,0.6,0.665,0.762,0.6,0.696,0.762,0.7,0.66,0.762,0
20111122_1848,-15.308,-65.163,560.3,XJ.SMY.,41.638,79.731,139.919,1641.092,1669.311,1678.127,370.0,5.48,0.493,0.578,0.586,0.583,0.575,0.5,0.8,0.895,0.901,1.0,0.815,0.815,0.5,0.88,0.815,-0.1,0.926,0.815,-0.2,0.918,0.815,0.6,0.872,0.815,0
20111122_1848,-15.308,-65.163,560.3,KR.ARLS.,41.854,74.329,136.252,1619.361,1644.175,1651.835,371.0,5.722,0.504,0.157,0.175,0.176,0.152,0.4,0.5,0.841,0.839,-5.6,0.519,0.519,-4.9,0.488,0.519,-5.5,0.493,0.519,-5.5,0.501,0.519,-4.7,0.506,0.519,0
20111122_1848,-15.308,-65.163,560.3,N.KMUF.,42.239,142.962,143.826,1663.774,1695.852,1706.006,372.0,0.93,0.081,0.137,0.13,0.136,0.133,2.2,2.8,0.546,0.376,2.1,0.692,0.692,2.7,0.649,0.692,2.3,0.664,0.692,2.1,0.651,0.692,2.0,0.678,0.692,0
20111122_1848,-15.308,-65.163,560.3,IC.SSE.10,31.095,121.189,163.179,1768.789,1823.256,1841.723,373.0,4.326,0.465,0.467,0.467,0.465,0.463,-1.7,-1.6,0.532,0.56,-1.2,0.822,0.822,-0.3,0.741,0.822,-0.5,0.734,0.822,-0.7,0.727,0.822,-0.6,0.732,0.822,0
20111122_1848,-15.308,-65.163,560.3,JS.TZ.,32.409,119.919,162.286,1764.208,1817.528,1835.554,374.0,3.67,0.449,0.395,0.385,0.367,0.383,0.5,3.2,0.472,-0.402,-0.7,0.663,0.663,-0.2,0.562,0.663,-0.4,0.548,0.663,-0.7,0.527,0.663,-0.5,0.54,0.663,0
20111122_1848,-15.308,-65.163,560.3,SN.HEYT.,35.407,110.063,159.452,1749.502,1799.248,1815.911,375.0,5.568,0.731,0.614,0.628,0.644,0.618,0.8,0.8,0.97,0.97,0.3,0.872,0.872,0.8,0.863,0.872,0.6,0.868,0.872,0.3,0.875,0.872,0.7,0.864,0.872,1
20111122_1848,-15.308,-65.163,560.3,XJ.YUT.,36.429,81.997,143.979,1664.649,1696.884,1707.092,376.0,5.825,0.346,0.449,0.451,0.452,0.451,0.5,0.5,0.95,0.945,0.5,0.69,0.69,-2.8,0.739,0.69,-3.5,0.726,0.69,-3.3,0.711,0.69,-2.6,0.724,0.69,0
20111122_1848,-15.308,-65.163,560.3,FJ.PTLC.,25.447,119.014,169.134,1798.714,1861.052,1882.643,377.0,3.806,0.43,0.366,0.376,0.402,0.394,0.5,-2.9,0.568,-0.768,9.3,0.504,0.504,1.4,0.51,0.504,1.3,0.509,0.504,0.9,0.504,0.504,1.1,0.506,0.504,0
20111122_1848,-15.308,-65.163,560.3,GE.HALK.,6.088,80.681,145.25,1671.909,1705.458,1716.127,378.0,6.799,0.519,0.562,0.574,0.569,0.561,-0.7,-0.7,0.699,0.708,-0.3,0.7,0.7,-1.5,0.697,0.7,-2.1,0.784,0.7,-2.0,0.769,0.7,-1.1,0.686,0.7,0
20111122_1848,-15.308,-65.163,560.3,SD.LAY.,36.988,120.721,157.699,1740.276,1787.87,1803.719,379.0,3.794,0.374,0.341,0.37,0.391,0.38,1.5,1.7,0.857,0.926,1.4,0.803,0.803,1.5,0.812,0.803,1.4,0.808,0.803,1.1,0.794,0.803,1.3,0.803,0.803,0
20111122_1848,-15.308,-65.163,560.3,LN.HSH.,39.537,121.274,155.124,1726.54,1771.051,1785.74,380.0,1.603,0.066,0.116,0.121,0.126,0.121,-9.8,3.2,0.557,-0.602,6.3,0.383,0.383,6.7,0.393,0.383,6.7,0.402,0.383,6.4,0.413,0.383,6.5,0.404,0.383,0
20111122_1848,-15.308,-65.163,560.3,GX.YTT.,24.029,107.518,168.89,1797.515,1859.522,1880.979,381.0,14.037,0.222,0.272,0.259,0.291,0.269,-1.7,-1.4,0.923,0.903,-1.4,0.824,0.824,-0.8,0.646,0.824,-0.8,0.605,0.824,-8.0,0.591,0.824,-0.8,0.635,0.824,0
20111122_1848,-15.308,-65.163,560.3,FJ.QZH.,24.942,118.595,169.742,1801.707,1864.874,1886.801,382.0,2.606,0.056,0.154,0.173,0.194,0.185,8.1,3.7,0.696,-0.534,6.9,0.605,0.605,8.3,0.769,0.605,8.2,0.762,0.605,8.1,0.748,0.605,8.1,0.758,0.605,0
20111122_1848,-15.308,-65.163,560.3,SD.YTA.,37.52,121.387,157.043,1736.794,1783.593,1799.142,383.0,2.682,0.292,0.296,0.323,0.343,0.333,1.8,1.9,0.761,0.796,1.2,0.838,0.838,1.6,0.766,0.838,1.4,0.763,0.838,1.2,0.759,0.838,1.4,0.754,0.838,0
20111122_1848,-15.308,-65.163,560.3,SC.XHA.,31.374,107.717,162.669,1766.173,1819.984,1838.199,384.0,7.087,0.749,0.69,0.705,0.712,0.694,0.1,0.2,0.97,0.987,0.0,0.78,0.78,0.3,0.848,0.78,0.1,0.819,0.78,-0.1,0.79,0.78,0.2,0.841,0.78,1
20111122_1848,-15.308,-65.163,560.3,KZ.MAKZ.,46.808,81.977,138.333,1631.744,1658.467,1666.772,385.0,5.302,0.582,0.562,0.55,0.551,0.556,0.5,0.5,0.951,0.925,-0.7,0.95,0.95,-2.0,0.55,0.95,-2.8,0.578,0.95,-2.7,0.588,0.95,-2.2,0.553,0.95,0
20111122_1848,-15.308,-65.163,560.3,HB.LCH.,30.372,108.882,163.977,1772.862,1828.359,1847.226,386.0,23.817,0.662,0.609,0.619,0.627,0.612,0.4,0.5,0.983,0.984,0.4,0.853,0.853,0.7,0.85,0.853,0.6,0.857,0.853,0.3,0.845,0.853,0.7,0.852,0.853,1
20111122_1848,-15.308,-65.163,560.3,SC.XSB.,27.862,102.448,162.987,1767.804,1822.023,1840.395,387.0,11.063,0.255,0.308,0.304,0.295,0.306,-0.4,-0.3,0.928,0.93,-8.5,0.649,0.649,0.2,0.724,0.649,0.2,0.69,0.649,0.3,0.67,0.649,0.1,0.72,0.649,0
20111122_1848,-15.308,-65.163,560.3,JX.NNC.,28.77,115.8,166.509,1785.663,1844.479,1864.653,388.0,3.245,0.358,0.331,0.337,0.33,0.338,0.1,0.3,0.64,0.579,0.3,0.936,0.936,0.6,0.9,0.936,0.5,0.907,0.936,0.4,0.913,0.936,0.5,0.907,0.936,0
20111122_1848,-15.308,-65.163,560.3,N.SGNF.,35.51,138.944,150.459,1701.127,1740.287,1752.979,389.0,2.323,0.341,0.218,0.223,0.228,0.223,0.3,0.9,0.697,0.609,0.2,0.552,0.552,0.9,0.626,0.552,0.7,0.587,0.552,0.5,0.57,0.552,0.7,0.581,0.552,0
20111122_1848,-15.308,-65.163,560.3,N.TGAF.,35.185,136.338,152.321,1711.359,1752.617,1766.085,390.0,0.922,0.103,0.14,0.165,0.168,0.171,5.6,5.7,0.564,0.352,5.0,0.479,0.479,5.4,0.539,0.479,5.0,0.536,0.479,4.8,0.54,0.479,4.9,0.533,0.479,0
20111122_1848,-15.308,-65.163,560.3,TW.SSLB.,23.788,120.954,169.751,1801.75,1864.929,1886.861,391.0,4.079,0.265,0.26,0.273,0.289,0.278,0.2,-3.7,0.847,-0.855,-0.5,0.76,0.76,0.4,0.978,0.76,0.2,0.968,0.76,0.2,0.954,0.76,0.2,0.968,0.76,0
20111122_1848,-15.308,-65.163,560.3,N.KNMF.,35.717,137.178,151.455,1706.616,1746.892,1759.995,392.0,1.932,0.073,0.104,0.091,0.092,0.077,2.8,0.2,0.846,-0.958,-3.8,0.31,0.31,3.9,0.349,0.31,-3.1,0.302,0.31,-3.4,0.322,0.31,-3.2,0.297,0.31,0
20111122_1848,-15.308,-65.163,560.3,GS.HXP.,38.391,102.11,154.339,1722.308,1765.898,1780.239,393.0,5.164,0.565,0.638,0.615,0.576,0.632,-0.6,-4.8,0.574,-0.801,-1.6,0.716,0.716,-1.5,0.662,0.716,-1.7,0.642,0.716,-2.1,0.637,0.716,-1.5,0.658,0.716,0
20111122_1848,-15.308,-65.163,560.3,JL.FMT.,43.728,126.664,149.847,1697.74,1736.221,1748.664,394.0,2.88,0.484,0.505,0.532,0.56,0.551,1.8,-2.5,0.623,-0.701,-6.4,0.613,0.613,-6.1,0.559,0.613,0.9,0.574,0.613,0.5,0.61,0.613,0.8,0.584,0.613,0
20111122_1848,-15.308,-65.163,560.3,SC.CD2.,30.91,103.758,161.394,1759.607,1811.789,1829.379,395.0,8.647,0.574,0.535,0.528,0.52,0.532,0.5,0.8,0.743,0.685,7.7,0.647,0.647,8.0,0.632,0.647,-0.9,0.594,0.647,-1.0,0.636,0.647,7.9,0.614,0.647,0
20111122_1848,-15.308,-65.163,560.3,SC.QCH.,32.593,105.228,160.637,1755.686,1806.912,1824.139,396.0,8.434,0.643,0.701,0.69,0.665,0.702,-0.3,-0.1,0.899,0.887,-0.8,0.951,0.951,-0.7,0.92,0.951,-0.8,0.927,0.951,-1.1,0.932,0.951,-0.7,0.924,0.951,1
20111122_1848,-15.308,-65.163,560.3,JS.QD.,31.836,121.685,162.332,1764.447,1817.827,1835.876,397.0,0.701,-0.055,0.026,0.026,0.026,0.03,6.2,1.5,0.875,0.082,6.1,0.541,0.541,6.6,0.517,0.541,6.4,0.5,0.541,6.1,0.471,0.541,6.3,0.486,0.541,0
20111122_1848,-15.308,-65.163,560.3,N.GJMF.,39.956,140.111,146.942,1681.489,1716.822,1728.125,398.0,1.317,0.158,0.15,0.162,0.172,0.147,0.4,-2.3,0.795,-0.92,-6.5,0.469,0.469,-5.9,0.567,0.469,-6.1,0.561,0.469,-6.2,0.558,0.469,-6.4,0.543,0.469,0
20111122_1848,-15.308,-65.163,560.3,QH.GOM.,36.198,94.814,152.526,1712.477,1753.97,1767.525,399.0,11.476,0.329,0.368,0.405,0.414,0.367,0.5,0.5,0.886,0.873,5.5,0.717,0.717,5.6,0.599,0.717,5.6,0.582,0.717,5.7,0.564,0.717,5.6,0.6,0.717,0
20111122_1848,-15.308,-65.163,560.3,JL.MJT.,41.948,127.594,151.18,1705.1,1745.066,1758.054,400.0,1.08,0.204,0.21,0.217,0.224,0.21,-2.9,0.9,0.502,0.155,-0.7,0.733,0.733,-0.1,0.731,0.733,-0.2,0.718,0.733,-0.4,0.708,0.733,-0.3,0.714,0.733,0
20111122_1848,-15.308,-65.163,560.3,NX.YCI.,37.778,107.437,156.596,1734.418,1780.68,1796.027,401.0,2.565,0.604,0.6,0.583,0.545,0.591,-0.3,0.0,0.942,0.928,-0.5,0.829,0.829,-0.4,0.824,0.829,-0.5,0.833,0.829,-0.9,0.843,0.829,-0.4,0.827,0.829,0
20111122_1848,-15.308,-65.163,560.3,QH.BAM.,32.949,100.727,158.211,1742.982,1791.2,1807.285,402.0,4.522,0.576,0.631,0.618,0.613,0.633,0.7,0.7,0.923,0.907,0.4,0.969,0.969,0.5,0.964,0.969,0.5,0.969,0.969,0.4,0.97,0.969,0.4,0.966,0.969,1
20111122_1848,-15.308,-65.163,560.3,N.OSWF.,27.098,142.196,151.989,1709.54,1750.419,1763.747,403.0,1.729,0.246,0.091,0.107,0.099,0.094,2.5,5.1,0.536,-0.792,8.5,0.531,0.531,9.0,0.56,0.531,8.5,0.607,0.531,8.6,0.596,0.531,8.9,0.57,0.531,0
20111122_1848,-15.308,-65.163,560.3,AU.FORT.,-30.779,128.059,132.19,1594.778,1616.094,1622.575,404.0,3.457,0.178,0.21,0.21,0.208,0.209,2.0,2.0,0.865,0.829,-0.4,0.642,0.642,9.1,0.704,0.642,9.1,0.703,0.642,9.0,0.698,0.642,9.1,0.7,0.642,0
20111122_1848,-15.308,-65.163,560.3,CQ.CHS.,29.905,107.232,163.816,1772.043,1827.332,1846.119,405.0,9.231,0.63,0.686,0.684,0.683,0.683,-0.1,-0.2,0.806,0.801,-0.4,0.528,0.528,0.3,0.719,0.528,0.1,0.705,0.528,-0.2,0.7,0.528,0.2,0.711,0.528,0
20111122_1848,-15.308,-65.163,560.3,JX.DUC.,29.256,116.193,165.996,1783.088,1841.225,1861.129,406.0,2.226,0.314,0.273,0.296,0.332,0.309,0.7,0.9,0.786,0.856,0.8,0.916,0.916,1.3,0.908,0.916,1.2,0.907,0.916,0.9,0.906,0.916,1.1,0.907,0.916,0
20111122_1848,-15.308,-65.163,560.3,QH.XIH.,35.507,99.809,155.734,1729.812,1775.044,1790.005,407.0,6.465,0.551,0.584,0.606,0.618,0.589,1.2,1.2,0.879,0.879,1.1,0.658,0.658,1.1,0.675,0.658,0.7,0.663,0.658,0.4,0.666,0.658,1.0,0.674,0.658,0
20111122_1848,-15.308,-65.163,560.3,JX.FEC.,27.933,115.728,167.349,1789.864,1849.797,1870.418,408.0,3.878,0.395,0.328,0.335,0.341,0.336,-0.3,3.9,0.428,-0.919,-1.4,0.55,0.55,-2.9,0.636,0.55,-2.7,0.621,0.55,-2.4,0.618,0.55,-2.7,0.623,0.55,0
20111122_1848,-15.308,-65.163,560.3,LN.XMN.,42.071,122.868,152.357,1711.554,1752.854,1766.337,409.0,5.538,0.531,0.473,0.487,0.489,0.495,0.1,0.3,0.849,0.844,-0.6,0.853,0.853,0.0,0.844,0.853,-0.1,0.836,0.853,-0.4,0.827,0.853,-0.2,0.834,0.853,0
20111122_1848,-15.308,-65.163,560.3,N.ONSF.,36.156,138.982,150.043,1698.822,1737.52,1750.041,410.0,1.309,0.164,0.099,0.105,0.114,0.11,-5.3,-2.2,0.583,-0.703,2.1,0.706,0.706,2.1,0.78,0.706,1.9,0.792,0.706,1.8,0.784,0.706,1.7,0.795,0.706,0
20111122_1848,-15.308,-65.163,560.3,GD.JIX.,23.427,115.705,171.84,1811.944,1877.998,1901.109,411.0,1.599,0.19,0.19,0.183,0.173,0.178,8.1,-0.4,0.146,-0.44,9.4,0.293,0.293,4.1,0.359,0.293,4.0,0.319,0.293,3.9,0.237,0.293,4.0,0.312,0.293,0
20111122_1848,-15.308,-65.163,560.3,AU.HTT.,-33.431,138.922,126.115,1557.009,1573.596,1578.562,412.0,3.075,0.318,0.24,0.252,0.303,0.272,1.4,1.7,0.942,0.922,1.3,0.853,0.853,1.3,0.854,0.853,1.3,0.855,0.853,1.3,0.858,0.853,1.2,0.858,0.853,0
20111122_1848,-15.308,-65.163,560.3,JX.GAZ.,25.79,114.98,169.517,1800.603,1863.463,1885.266,413.0,2.956,0.343,0.392,0.397,0.395,0.389,-0.8,-0.9,0.845,0.862,-0.7,0.868,0.868,-0.1,0.91,0.868,-0.2,0.918,0.868,-0.2,0.916,0.868,-0.2,0.916,0.868,0
20111122_1848,-15.308,-65.163,560.3,SD.RCH.,37.171,122.42,157.126,1737.234,1784.132,1799.719,414.0,2.341,0.383,0.401,0.432,0.455,0.448,1.2,1.4,0.831,0.821,0.7,0.781,0.781,0.9,0.75,0.781,0.7,0.757,0.781,0.5,0.767,0.781,0.6,0.751,0.781,0
20111122_1848,-15.308,-65.163,560.3,LN.CHY.,41.573,120.485,153.285,1716.605,1758.97,1772.851,415.0,8.599,0.485,0.562,0.545,0.513,0.552,-0.7,-0.5,0.55,0.647,-1.4,0.763,0.763,-1.1,0.799,0.763,-1.3,0.787,0.763,-1.7,0.762,0.763,-1.3,0.788,0.763,0
20111122_1848,-15.308,-65.163,560.3,JL.JCT.,42.352,126.393,151.189,1705.15,1745.125,1758.118,416.0,1.342,0.423,0.311,0.295,0.28,0.306,2.2,2.0,0.507,0.587,1.5,0.706,0.706,2.1,0.673,0.706,2.0,0.661,0.706,1.7,0.645,0.706,1.8,0.659,0.706,0
20111122_1848,-15.308,-65.163,560.3,SC.PZH.,26.503,101.743,163.442,1770.132,1824.937,1843.536,417.0,12.218,0.315,0.002,0.171,-0.005,0.004,0.2,0.3,0.921,0.937,-7.7,0.595,0.595,3.1,0.488,0.595,-6.0,0.671,0.595,3.2,0.466,0.595,3.1,0.486,0.595,0
20111122_1848,-15.308,-65.163,560.3,YN.FUN.,23.625,105.62,167.98,1793.007,1853.786,1874.747,418.0,8.216,0.041,0.024,0.01,0.016,0.031,0.2,-0.1,0.86,0.758,-1.7,0.544,0.544,-1.0,0.753,0.544,-1.0,0.754,0.544,-1.0,0.756,0.544,-1.0,0.754,0.544,0
20111122_1848,-15.308,-65.163,560.3,BU.NSC.,40.14,117.254,155.079,1726.297,1770.755,1785.424,419.0,6.922,0.519,0.534,0.53,0.52,0.529,0.6,0.8,0.768,0.761,0.1,0.467,0.467,0.1,0.533,0.467,-0.1,0.547,0.467,-0.3,0.564,0.467,0.0,0.54,0.467,0
20111122_1848,-15.308,-65.163,560.3,TM.SRDT.,14.395,99.121,164.786,1776.974,1833.523,1852.8,420.0,12.374,0.534,0.403,0.397,0.398,0.407,-1.8,-1.6,0.896,0.959,-0.3,0.701,0.701,-7.5,0.763,0.701,-7.8,0.707,0.701,-7.7,0.735,0.701,-7.6,0.76,0.701,0
20111122_1848,-15.308,-65.163,560.3,BJ.LBP.,40.571,116.205,154.709,1724.304,1768.327,1782.832,421.0,1.669,0.332,0.353,0.357,0.349,0.355,0.0,3.3,0.783,-0.903,6.3,0.684,0.684,6.6,0.72,0.684,6.6,0.722,0.684,6.4,0.725,0.684,6.6,0.724,0.684,0
20111122_1848,-15.308,-65.163,560.3,XZ.LSA.,29.71,91.12,153.874,1719.797,1762.845,1776.981,422.0,9.61,0.264,0.324,0.315,0.32,0.324,0.3,0.3,0.935,0.938,8.4,0.536,0.536,8.5,0.522,0.536,8.6,0.513,0.536,8.6,0.512,0.536,8.5,0.525,0.536,0
20111122_1848,-15.308,-65.163,560.3,NM.DSM.,41.095,107.054,153.345,1716.934,1759.368,1773.275,423.0,5.34,0.668,0.66,0.662,0.664,0.658,0.2,0.3,0.905,0.899,-0.3,0.949,0.949,0.2,0.88,0.949,0.1,0.88,0.949,-0.3,0.887,0.949,0.2,0.881,0.949,1
20111122_1848,-15.308,-65.163,560.3,YN.CUX.,25.029,101.536,164.196,1773.978,1829.76,1848.737,424.0,7.315,0.149,0.329,0.349,0.351,0.326,0.2,0.4,0.971,0.972,2.5,0.556,0.556,-6.3,0.578,0.556,-6.4,0.576,0.556,-6.4,0.574,0.556,-6.3,0.576,0.556,0
20111122_1848,-15.308,-65.163,560.3,KZ.MKAR.,46.794,82.29,138.51,1632.793,1659.681,1668.043,425.0,5.375,0.338,0.242,0.244,0.254,0.234,0.4,3.5,0.934,-0.848,5.4,0.441,0.441,7.2,0.541,0.441,6.8,0.54,0.441,6.7,0.53,0.441,7.2,0.542,0.441,0
20111122_1848,-15.308,-65.163,560.3,SD.WUL.,35.751,119.202,159.188,1748.122,1797.541,1814.081,426.0,4.064,0.467,0.564,0.587,0.607,0.59,0.8,0.8,0.902,0.891,0.5,0.789,0.789,0.4,0.786,0.789,0.2,0.782,0.789,-0.1,0.773,0.789,0.2,0.774,0.789,0
20111122_1848,-15.308,-65.163,560.3,CQ.CHK.,31.963,108.646,162.417,1764.88,1818.369,1836.459,427.0,6.999,0.691,0.634,0.65,0.664,0.643,0.8,0.9,0.868,0.874,0.5,0.884,0.884,0.8,0.833,0.884,0.5,0.831,0.884,0.2,0.847,0.884,0.6,0.832,0.884,1
20111122_1848,-15.308,-65.163,560.3,ZJ.YOK.,28.962,120.201,165.476,1780.468,1837.922,1857.554,428.0,3.422,0.514,0.471,0.494,0.494,0.476,-1.0,-1.2,0.794,0.806,-1.5,0.844,0.844,-1.0,0.892,0.844,-1.1,0.9,0.844,-1.3,0.909,0.844,-1.3,0.907,0.844,0
20111122_1848,-15.308,-65.163,560.3,YN.YUX.,24.435,100.147,163.464,1770.246,1825.079,1843.689,429.0,10.221,0.414,0.42,0.412,0.418,0.42,0.0,0.0,0.845,0.862,2.0,0.562,0.562,3.1,0.638,0.562,3.5,0.64,0.562,3.5,0.635,0.562,3.0,0.64,0.562,0
20111122_1848,-15.308,-65.163,560.3,GS.LTT.,34.671,103.361,158.061,1742.186,1790.22,1806.235,430.0,4.522,0.773,0.754,0.763,0.768,0.758,0.5,0.8,0.877,0.848,0.2,0.888,0.888,0.3,0.861,0.888,0.1,0.871,0.888,0.0,0.885,0.888,0.2,0.866,0.888,1
20111122_1848,-15.308,-65.163,560.3,HB.HME.,30.135,115.894,165.142,1778.776,1835.791,1855.251,431.0,3.175,0.549,0.286,0.3,0.319,0.309,-0.5,0.1,0.839,0.801,-0.1,0.95,0.95,-7.8,0.584,0.95,-7.9,0.596,0.95,-8.2,0.616,0.95,-8.0,0.6,0.95,0
20111122_1848,-15.308,-65.163,560.3,JS.LIS.,31.646,119.114,163.202,1768.909,1823.407,1841.886,432.0,1.318,0.358,0.379,0.379,0.376,0.381,0.2,0.4,0.872,0.883,0.2,0.76,0.76,0.7,0.814,0.76,0.6,0.81,0.76,0.4,0.794,0.76,0.5,0.804,0.76,0
20111122_1848,-15.308,-65.163,560.3,QH.TIJ.,37.249,98.895,153.902,1719.951,1763.032,1777.181,433.0,4.571,0.712,0.724,0.727,0.718,0.723,0.6,0.8,0.927,0.931,0.3,0.836,0.836,0.2,0.821,0.836,-0.1,0.821,0.836,-0.2,0.821,0.836,0.1,0.822,0.836,1
20111122_1848,-15.308,-65.163,560.3,KN.AAK.,42.633,74.494,136.027,1618.016,1642.629,1650.221,434.0,5.004,0.448,0.215,0.25,0.252,0.211,0.8,1.8,0.804,0.679,9.5,0.358,0.358,-6.1,0.412,0.358,-6.7,0.417,0.358,-6.7,0.418,0.358,-6.0,0.412,0.358,0
20111122_1848,-15.308,-65.163,560.3,CB.GOM.00,36.198,94.814,152.526,1712.477,1753.97,1767.525,435.0,11.443,0.331,0.37,0.408,0.417,0.369,0.5,0.5,0.887,0.873,5.6,0.717,0.717,5.6,0.6,0.717,5.7,0.583,0.717,5.7,0.565,0.717,5.6,0.601,0.717,0
20111122_1848,-15.308,-65.163,560.3,HE.ZAH.,37.655,114.404,157.65,1740.012,1787.545,1803.371,436.0,4.934,0.681,0.71,0.704,0.694,0.707,0.4,0.4,0.963,0.965,0.0,0.823,0.823,0.2,0.849,0.823,0.0,0.864,0.823,-0.3,0.883,0.823,0.1,0.856,0.823,1
20111122_1848,-15.308,-65.163,560.3,SN.LIYO.,34.677,107.806,159.626,1750.416,1800.378,1817.125,437.0,3.898,0.625,0.637,0.636,0.632,0.635,0.4,0.3,0.858,0.855,-0.2,0.929,0.929,0.2,0.849,0.929,0.2,0.855,0.929,-0.2,0.863,0.929,0.2,0.852,0.929,0
20111122_1848,-15.308,-65.163,560.3,YN.XUW.,26.088,104.136,165.305,1779.602,1836.83,1856.374,438.0,7.324,0.317,0.202,0.194,0.206,0.201,-0.2,-0.1,0.965,0.949,1.5,0.706,0.706,2.4,0.711,0.706,2.4,0.706,0.706,2.3,0.698,0.706,2.4,0.707,0.706,0
20111122_1848,-15.308,-65.163,560.3,N.TMCF.,32.606,130.915,157.367,1738.515,1785.705,1801.402,439.0,1.113,0.124,0.163,0.15,0.15,0.15,-6.2,-2.1,0.497,-0.349,-7.3,0.653,0.653,-6.7,0.74,0.653,-7.0,0.717,0.653,-7.1,0.696,0.653,-7.1,0.711,0.653,0
20111122_1848,-15.308,-65.163,560.3,XZ.LKZ.,28.968,90.394,153.648,1718.576,1761.362,1775.4,440.0,8.837,0.408,0.397,0.361,0.366,0.4,0.1,0.1,0.943,0.945,8.5,0.494,0.494,8.6,0.462,0.494,8.8,0.445,0.494,8.8,0.443,0.494,8.6,0.463,0.494,0
20111122_1848,-15.308,-65.163,560.3,GZ.BJT.,27.243,105.35,165.162,1778.88,1835.922,1855.392,441.0,19.179,0.397,0.397,0.391,0.381,0.397,-0.6,-0.3,0.889,0.865,4.4,0.652,0.652,4.9,0.646,0.652,5.0,0.7,0.652,5.1,0.713,0.652,4.9,0.668,0.652,0
20111122_1848,-15.308,-65.163,560.3,GS.HXT.,36.59,107.271,157.678,1740.165,1787.734,1803.573,442.0,4.13,0.664,0.57,0.581,0.596,0.571,1.1,1.3,0.83,0.817,0.9,0.835,0.835,0.9,0.88,0.835,0.8,0.877,0.835,0.5,0.87,0.835,0.9,0.88,0.835,0
20111122_1848,-15.308,-65.163,560.3,LN.XFN.,42.742,124.712,151.288,1705.698,1745.785,1758.819,443.0,5.056,0.717,0.746,0.741,0.735,0.74,0.3,0.2,0.906,0.893,-0.3,0.944,0.944,-0.1,0.966,0.944,-0.3,0.963,0.944,-0.6,0.962,0.944,-0.4,0.962,0.944,1
20111122_1848,-15.308,-65.163,560.3,HB.ZSH.,32.25,110.217,162.545,1765.539,1819.192,1837.345,444.0,4.009,0.569,0.466,0.487,0.515,0.482,0.8,0.9,0.737,0.812,1.1,0.599,0.599,1.4,0.569,0.599,1.2,0.582,0.599,0.9,0.6,0.599,1.3,0.576,0.599,0
20111122_1848,-15.308,-65.163,560.3,JS.XW.,34.498,119.542,160.349,1754.184,1805.048,1822.136,445.0,2.65,0.246,0.193,0.189,0.195,0.193,0.2,0.0,0.547,0.469,0.2,0.609,0.609,0.5,0.527,0.609,0.4,0.519,0.609,0.1,0.533,0.609,0.3,0.538,0.609,0
20111122_1848,-15.308,-65.163,560.3,GE.SANI.,-2.05,125.988,159.433,1749.403,1799.124,1815.779,446.0,1.771,0.582,0.606,0.604,0.6,0.602,0.6,0.9,0.825,0.812,0.6,0.91,0.91,0.3,0.768,0.91,0.2,0.798,0.91,-0.2,0.846,0.91,0.3,0.789,0.91,0
20111122_1848,-15.308,-65.163,560.3,KR.TOKL.,41.983,72.868,135.208,1613.1,1636.988,1644.333,447.0,4.228,0.462,0.324,0.336,0.325,0.317,0.3,0.2,0.839,0.831,10.6,0.431,0.431,-7.1,0.406,0.431,-7.5,0.452,0.431,-7.4,0.454,0.431,-7.0,0.402,0.431,0
20111122_1848,-15.308,-65.163,560.3,NX.GYU.,35.964,106.17,157.942,1741.559,1789.448,1805.409,448.0,9.64,0.662,0.669,0.67,0.667,0.668,1.2,0.8,0.791,0.743,0.7,0.892,0.892,0.8,0.921,0.892,0.6,0.923,0.892,0.4,0.921,0.892,0.7,0.921,0.892,0
20111122_1848,-15.308,-65.163,560.3,HE.SHX.,38.015,115.561,157.284,1738.077,1785.168,1800.827,449.0,1.858,0.4,0.429,0.412,0.376,0.418,-1.1,-4.1,0.752,-0.861,-1.3,0.645,0.645,-1.1,0.711,0.645,-1.3,0.72,0.645,-1.6,0.733,0.645,-1.2,0.72,0.645,0
20111122_1848,-15.308,-65.163,560.3,AH.CHZ.,32.285,118.28,162.736,1766.521,1820.419,1838.667,450.0,2.388,0.446,0.41,0.408,0.404,0.411,3.0,3.3,0.587,0.609,3.1,0.805,0.805,3.8,0.786,0.805,3.7,0.781,0.805,3.5,0.77,0.805,3.7,0.781,0.805,0
20111122_1848,-15.308,-65.163,560.3,N.ZMMF.,26.233,127.304,164.045,1773.209,1828.795,1847.696,451.0,2.167,0.194,0.277,0.263,0.262,0.255,5.2,5.0,0.672,0.7,5.4,0.591,0.591,5.3,0.547,0.591,5.1,0.544,0.591,5.1,0.54,0.591,5.1,0.547,0.591,0
20111122_1848,-15.308,-65.163,560.3,BJ.XBZ.,40.343,115.969,154.946,1725.581,1769.882,1784.492,452.0,1.955,0.507,0.468,0.471,0.473,0.469,0.6,0.7,0.889,0.844,-0.3,0.898,0.898,0.3,0.821,0.898,0.1,0.837,0.898,-0.4,0.872,0.898,0.2,0.831,0.898,0
20111122_1848,-15.308,-65.163,560.3,HL.DNI.,44.057,131.091,148.106,1688.035,1724.616,1736.367,453.0,2.517,0.364,0.459,0.464,0.457,0.464,0.1,-3.1,0.568,-0.659,-0.1,0.556,0.556,0.2,0.608,0.556,-0.1,0.601,0.556,-0.3,0.608,0.556,-0.3,0.591,0.556,0
20111122_1848,-15.308,-65.163,560.3,HL.HEH.,50.253,127.41,143.602,1662.486,1694.336,1704.41,454.0,1.661,0.48,0.472,0.47,0.468,0.47,1.3,1.1,0.687,0.633,0.3,0.832,0.832,0.6,0.844,0.832,0.5,0.84,0.832,0.3,0.838,0.832,0.4,0.833,0.832,0
20111122_1848,-15.308,-65.163,560.3,HL.WDL.,48.672,126.136,145.371,1672.598,1706.273,1716.987,455.0,1.122,0.242,0.21,0.217,0.228,0.224,2.1,3.3,0.665,0.698,2.8,0.659,0.659,3.1,0.626,0.659,2.9,0.615,0.659,2.6,0.594,0.659,2.9,0.621,0.659,0
20111122_1848,-15.308,-65.163,560.3,JL.JYT.,42.372,126.81,151.045,1704.356,1744.17,1757.102,456.0,1.599,0.172,0.161,0.172,0.189,0.176,-6.0,-2.1,0.548,-0.019,0.8,0.618,0.618,-7.1,0.563,0.618,-7.2,0.558,0.618,-7.6,0.556,0.618,-7.4,0.553,0.618,0
20111122_1848,-15.308,-65.163,560.3,YN.TUS.,25.609,100.254,162.914,1767.43,1821.556,1839.892,457.0,6.997,0.286,0.242,0.216,0.219,0.244,0.3,0.3,0.903,0.915,2.8,0.714,0.714,4.0,0.727,0.714,4.3,0.732,0.714,4.3,0.732,0.714,3.9,0.721,0.714,0
20111122_1848,-15.308,-65.163,560.3,FJ.PCNP.,27.905,118.518,166.949,1787.866,1847.267,1867.673,458.0,2.427,0.624,0.659,0.659,0.662,0.658,0.3,0.6,0.847,0.82,0.2,0.926,0.926,0.1,0.864,0.926,0.2,0.882,0.926,0.1,0.905,0.926,0.0,0.889,0.926,0
20111122_1848,-15.308,-65.163,560.3,HA.JZ.,35.268,113.213,159.988,1752.304,1802.716,1819.633,459.0,7.804,0.591,0.631,0.638,0.642,0.636,0.3,0.4,0.883,0.834,0.0,0.817,0.817,0.2,0.816,0.817,0.0,0.82,0.817,-0.3,0.83,0.817,0.1,0.818,0.817,1
20111122_1848,-15.308,-65.163,560.3,SH.NAH.,31.048,121.756,163.036,1768.058,1822.34,1840.737,460.0,0.618,-0.034,-0.046,-0.052,-0.056,-0.049,4.4,0.5,0.567,-0.23,4.7,0.747,0.747,5.0,0.678,0.747,4.8,0.663,0.747,4.5,0.641,0.747,4.7,0.65,0.747,0
20111122_1848,-15.308,-65.163,560.3,YN.JIP.,22.782,103.223,166.73,1786.771,1845.881,1866.171,461.0,7.351,0.202,0.148,0.106,0.11,0.152,-0.5,3.8,0.648,0.255,-2.1,0.668,0.668,-1.4,0.843,0.668,-11.7,0.328,0.668,-11.7,0.327,0.668,-1.4,0.842,0.668,0
20111122_1848,-15.308,-65.163,560.3,SD.LZH.,37.224,121.001,157.413,1738.758,1786.004,1801.721,462.0,3.687,0.382,0.368,0.383,0.414,0.405,1.6,1.8,0.773,0.847,1.2,0.864,0.864,1.6,0.798,0.864,1.5,0.795,0.864,1.1,0.794,0.864,1.3,0.796,0.864,0
20111122_1848,-15.308,-65.163,560.3,YN.KMI.,25.148,102.747,165.0,1778.061,1834.89,1854.277,463.0,6.479,0.259,0.22,0.207,0.206,0.221,0.0,0.1,0.941,0.948,-5.6,0.601,0.601,-4.9,0.649,0.601,-4.9,0.665,0.601,-4.9,0.666,0.601,-4.9,0.648,0.601,0
20111122_1848,-15.308,-65.163,560.3,HE.CHD.,41.016,117.918,154.153,1721.308,1764.682,1778.942,464.0,2.464,0.487,0.436,0.439,0.454,0.446,1.2,4.7,0.707,-0.966,8.1,0.706,0.706,8.6,0.706,0.706,8.5,0.688,0.706,8.1,0.648,0.706,8.5,0.695,0.706,0
20111122_1848,-15.308,-65.163,560.3,YN.EYA.,26.109,99.948,162.403,1764.809,1818.28,1836.363,465.0,7.81,0.149,0.071,0.065,0.074,0.074,0.6,0.7,0.978,0.979,3.2,0.813,0.813,4.3,0.843,0.813,4.7,0.846,0.813,4.8,0.845,0.813,4.3,0.838,0.813,0
20111122_1848,-15.308,-65.163,560.3,XJ.YMS.,41.944,94.002,147.883,1686.784,1723.125,1734.789,466.0,7.47,0.66,0.666,0.643,0.625,0.662,0.1,0.2,0.86,0.892,-0.3,0.844,0.844,-0.5,0.819,0.844,-0.9,0.808,0.844,-1.0,0.813,0.844,-0.6,0.815,0.844,1
20111122_1848,-15.308,-65.163,560.3,GD.SHD.,21.441,111.003,172.871,1816.923,1884.416,1908.115,467.0,4.108,0.591,0.438,0.443,0.448,0.431,-4.0,-3.8,0.695,0.573,-5.1,0.818,0.818,-3.5,0.762,0.818,-3.5,0.748,0.818,-3.5,0.739,0.818,-3.4,0.756,0.818,0
20111122_1848,-15.308,-65.163,560.3,SC.WCH.,31.479,103.588,160.845,1756.764,1808.252,1825.578,468.0,3.903,0.538,0.563,0.559,0.554,0.56,0.0,0.4,0.901,0.881,-0.7,0.601,0.601,-0.4,0.631,0.601,-0.6,0.675,0.601,-0.8,0.711,0.601,-0.5,0.649,0.601,0
20111122_1848,-15.308,-65.163,560.3,NM.WJH.,41.304,108.078,153.354,1716.978,1759.422,1773.333,469.0,8.119,0.73,0.694,0.696,0.692,0.697,0.2,0.3,0.784,0.803,-0.6,0.89,0.89,0.0,0.917,0.89,-0.2,0.907,0.89,-0.4,0.898,0.89,-0.1,0.917,0.89,0
20111122_1848,-15.308,-65.163,560.3,JS.BY.,33.263,119.267,161.603,1760.69,1813.138,1830.831,470.0,2.029,0.131,0.147,0.156,0.145,0.146,-0.8,1.9,0.851,-0.86,4.9,0.456,0.456,5.2,0.57,0.456,5.1,0.581,0.456,4.8,0.593,0.456,5.0,0.587,0.456,0
20111122_1848,-15.308,-65.163,560.3,HI.HSK.,19.928,110.215,173.618,1820.514,1889.057,1913.189,471.0,3.318,0.239,0.169,0.177,0.183,0.185,-0.7,-3.5,0.848,-0.521,-6.7,0.454,0.454,0.3,0.757,0.454,0.3,0.75,0.454,0.2,0.753,0.454,0.3,0.757,0.454,0
20111122_1848,-15.308,-65.163,560.3,GD.XIG.,23.788,114.635,171.518,1810.379,1875.986,1898.914,472.0,4.436,0.436,0.41,0.403,0.388,0.403,-1.5,-2.0,0.606,0.615,4.0,0.436,0.436,9.9,0.471,0.436,-2.6,0.487,0.436,-2.7,0.614,0.436,-2.6,0.481,0.436,0
20111122_1848,-15.308,-65.163,560.3,SD.JIN.,36.639,117.04,158.579,1744.921,1793.589,1809.845,473.0,2.531,0.476,0.429,0.43,0.432,0.433,0.5,0.5,0.726,0.716,0.2,0.661,0.661,0.2,0.683,0.661,0.1,0.678,0.661,-0.3,0.659,0.661,0.1,0.675,0.661,0
20111122_1848,-15.308,-65.163,560.3,JX.DAY.,25.391,114.364,169.908,1802.52,1865.914,1887.933,474.0,3.385,0.219,0.203,0.184,0.161,0.19,-1.5,-1.4,0.33,0.386,-2.4,0.339,0.339,-2.1,0.384,0.339,-2.0,0.407,0.339,-1.9,0.423,0.339,-2.1,0.403,0.339,0
20111122_1848,-15.308,-65.163,560.3,HL.BNX.,45.739,127.403,147.792,1686.271,1722.514,1734.143,475.0,6.148,0.631,0.627,0.648,0.674,0.663,1.3,1.1,0.896,0.854,0.7,0.853,0.853,0.9,0.9,0.853,0.8,0.898,0.853,0.5,0.896,0.853,0.7,0.892,0.853,1
20111122_1848,-15.308,-65.163,560.3,GE.PMBI.,-2.902,104.699,159.208,1748.225,1797.668,1814.218,476.0,1.24,0.177,0.135,0.146,0.163,0.134,-3.8,-0.9,0.658,-0.726,-3.6,0.439,0.439,-3.9,0.43,0.439,-4.2,0.42,0.439,-4.9,0.43,0.439,-3.9,0.43,0.439,0
20111122_1848,-15.308,-65.163,560.3,ZJ.CHA.,29.469,118.413,165.461,1780.39,1837.823,1857.447,477.0,7.009,0.417,0.496,0.495,0.496,0.492,-0.1,0.3,0.872,0.867,-0.2,0.873,0.873,0.6,0.875,0.873,0.4,0.874,0.873,0.2,0.871,0.873,0.3,0.874,0.873,0
20111122_1848,-15.308,-65.163,560.3,HE.WAT.,36.805,114.046,158.492,1744.46,1793.022,1809.236,478.0,5.571,0.618,0.604,0.618,0.624,0.612,0.7,0.8,0.776,0.795,0.4,0.896,0.896,0.4,0.871,0.896,0.3,0.888,0.896,0.0,0.912,0.896,0.4,0.883,0.896,0
20111122_1848,-15.308,-65.163,560.3,N.TTOF.,35.836,138.121,150.788,1702.94,1742.466,1755.293,479.0,1.195,0.147,0.131,0.111,0.105,0.11,2.5,5.9,0.491,-0.196,1.0,0.573,0.573,0.8,0.491,0.573,0.5,0.549,0.573,0.4,0.562,0.573,0.3,0.558,0.573,0
20111122_1848,-15.308,-65.163,560.3,SD.CHD.,37.913,120.742,156.801,1735.508,1782.015,1797.455,480.0,2.443,0.356,0.371,0.394,0.409,0.395,1.0,0.8,0.721,0.648,1.3,0.726,0.726,1.4,0.681,0.726,1.3,0.676,0.726,1.1,0.66,0.726,1.3,0.672,0.726,0
20111122_1848,-15.308,-65.163,560.3,N.URHF.,42.93,143.671,142.984,1658.931,1690.155,1700.011,481.0,1.972,0.002,0.038,0.022,0.024,0.012,3.7,3.6,0.657,0.454,3.2,0.737,0.737,3.7,0.682,0.737,3.3,0.692,0.737,3.1,0.69,0.737,3.0,0.696,0.737,0
20111122_1848,-15.308,-65.163,560.3,YN.LIC.,23.878,100.069,163.679,1771.343,1826.454,1845.172,482.0,19.743,0.501,0.43,0.405,0.411,0.437,-0.3,-0.1,0.884,0.882,0.5,0.62,0.62,0.8,0.624,0.62,0.9,0.577,0.62,0.8,0.58,0.62,0.8,0.634,0.62,0
20111122_1848,-15.308,-65.163,560.3,AU.BBOO.,-32.81,136.059,127.779,1567.465,1585.291,1590.645,483.0,2.794,0.152,0.289,0.282,0.285,0.281,-1.2,-0.6,0.818,0.762,-1.4,0.824,0.824,-1.4,0.856,0.824,-1.5,0.86,0.824,-1.7,0.864,0.824,-1.7,0.868,0.824,0
20111122_1848,-15.308,-65.163,560.3,NX.JYU.,35.486,106.339,158.436,1744.164,1792.656,1808.845,484.0,9.697,0.747,0.686,0.68,0.664,0.685,0.2,0.3,0.947,0.932,-0.2,0.905,0.905,-0.1,0.867,0.905,-0.3,0.876,0.905,-0.6,0.887,0.905,-0.2,0.872,0.905,1
20111122_1848,-15.308,-65.163,560.3,N.KMTF.,33.678,135.49,153.826,1719.537,1762.529,1776.645,485.0,0.717,-0.104,0.005,-0.023,-0.02,-0.027,2.0,2.1,0.684,0.717,1.5,0.581,0.581,1.9,0.516,0.581,1.6,0.513,0.581,1.4,0.525,0.581,1.5,0.507,0.581,0
20111122_1848,-15.308,-65.163,560.3,XZ.CHY.,28.662,97.465,159.125,1747.791,1797.132,1813.643,486.0,7.124,-0.16,0.088,0.085,0.087,0.086,1.2,1.4,0.829,0.882,6.1,0.66,0.66,6.3,0.834,0.66,6.3,0.845,0.66,6.3,0.845,0.66,6.3,0.828,0.66,0
20111122_1848,-15.308,-65.163,560.3,TW.YULB.,23.392,121.297,169.88,1802.382,1865.737,1887.741,487.0,0.897,0.096,0.054,0.055,0.052,0.077,-4.0,-4.0,0.53,0.522,-5.1,0.604,0.604,-3.9,0.513,0.604,-4.4,0.548,0.604,-4.6,0.573,0.604,-4.4,0.552,0.604,0
20111122_1848,-15.308,-65.163,560.3,JS.LYG.,34.641,119.243,160.265,1753.75,1804.509,1821.558,488.0,3.295,0.42,0.31,0.32,0.335,0.337,1.6,1.8,0.568,0.652,1.5,0.852,0.852,1.8,0.839,0.852,1.7,0.839,0.852,1.4,0.836,0.852,1.5,0.845,0.852,0
20111122_1848,-15.308,-65.163,560.3,CQ.WAS.,28.875,106.917,164.588,1775.973,1832.265,1851.442,489.0,18.068,0.662,0.664,0.662,0.661,0.662,-0.1,-0.1,0.965,0.937,5.6,0.584,0.584,0.1,0.746,0.584,0.0,0.718,0.584,-0.3,0.674,0.584,0.0,0.734,0.584,0
20111122_1848,-15.308,-65.163,560.3,TW.NACB.,24.174,121.595,169.094,1798.519,1860.802,1882.371,490.0,2.774,0.225,0.122,0.165,0.194,0.181,0.2,-3.8,0.712,-0.826,0.4,0.762,0.762,1.2,0.906,0.762,1.0,0.87,0.762,0.7,0.852,0.762,0.9,0.867,0.762,0
20111122_1848,-15.308,-65.163,560.3,SN.FUPI.,34.974,109.145,159.681,1750.704,1800.734,1817.506,491.0,2.843,0.569,0.522,0.529,0.536,0.527,0.2,0.3,0.799,0.766,-0.4,0.639,0.639,-0.2,0.64,0.639,-0.4,0.656,0.639,-0.6,0.679,0.639,-0.2,0.645,0.639,0
20111122_1848,-15.308,-65.163,560.3,AU.GIRL.,-22.643,114.234,142.044,1653.493,1683.779,1693.309,492.0,1.457,0.036,0.017,0.011,0.003,0.01,-8.0,-4.9,0.633,-0.536,-1.8,0.427,0.427,-2.1,0.499,0.427,-2.2,0.5,0.427,-2.6,0.485,0.427,-2.3,0.517,0.427,0
20111122_1848,-15.308,-65.163,560.3,YN.DAY.,25.727,101.316,163.624,1771.066,1826.107,1844.797,493.0,9.962,0.159,0.026,0.017,0.303,0.028,-0.1,0.2,0.912,0.885,2.3,0.6,0.6,3.3,0.69,0.6,3.4,0.696,0.6,2.8,0.665,0.6,3.3,0.685,0.6,0
20111122_1848,-15.308,-65.163,560.3,SD.HAY.,36.82,121.324,157.729,1740.432,1788.062,1803.924,494.0,2.821,0.334,0.217,0.239,0.264,0.258,0.8,1.0,0.614,0.59,0.3,0.632,0.632,0.6,0.693,0.632,0.4,0.696,0.632,0.0,0.702,0.632,0.2,0.688,0.632,0
20111122_1848,-15.308,-65.163,560.3,GS.CXT.,33.731,105.761,159.836,1751.51,1801.733,1818.578,495.0,9.995,0.776,0.72,0.718,0.703,0.722,0.2,0.3,0.901,0.917,-0.3,0.98,0.98,-0.4,0.965,0.98,-0.5,0.973,0.98,-0.7,0.979,0.98,-0.4,0.968,0.98,1
20111122_1848,-15.308,-65.163,560.3,GS.HCH.,36.25,108.461,158.3,1743.448,1791.774,1807.9,496.0,2.424,0.609,0.497,0.524,0.558,0.506,1.0,1.2,0.735,0.671,0.7,0.816,0.816,0.8,0.743,0.816,0.8,0.747,0.816,0.4,0.766,0.816,0.9,0.747,0.816,0
20111122_1848,-15.308,-65.163,560.3,BU.CDT.,41.015,117.916,154.155,1721.314,1764.689,1778.949,497.0,2.199,0.358,0.304,0.317,0.341,0.325,1.1,4.7,0.543,-0.887,8.3,0.56,0.56,8.9,0.547,0.56,8.7,0.525,0.56,8.4,0.48,0.56,8.7,0.534,0.56,0
20111122_1848,-15.308,-65.163,560.3,JS.GUY.,34.309,119.238,160.59,1755.439,1806.606,1823.809,498.0,3.742,0.496,0.443,0.441,0.449,0.447,0.5,0.3,0.834,0.826,0.3,0.69,0.69,0.6,0.694,0.69,0.5,0.699,0.69,0.0,0.718,0.69,0.3,0.696,0.69,0
20111122_1848,-15.308,-65.163,560.3,KN.TKM2.,42.921,75.597,136.621,1621.57,1646.719,1654.492,499.0,6.5,0.387,0.414,0.419,0.417,0.415,1.2,1.3,0.739,0.716,-4.5,0.485,0.485,-5.6,0.495,0.485,-6.2,0.484,0.485,-6.3,0.471,0.485,-5.5,0.489,0.485,0
20111122_1848,-15.308,-65.163,560.3,SN.HZHT.,33.018,107.01,160.922,1757.164,1808.749,1826.112,500.0,6.868,0.542,0.551,0.564,0.575,0.552,0.6,0.7,0.953,0.945,0.3,0.494,0.494,0.9,0.514,0.494,0.6,0.485,0.494,0.3,0.464,0.494,0.9,0.503,0.494,0
20111122_1848,-15.308,-65.163,560.3,LN.ANS.,41.105,123.013,153.247,1716.398,1758.718,1772.582,501.0,3.082,0.564,0.559,0.563,0.547,0.572,5.2,-4.3,0.586,-0.416,-1.8,0.657,0.657,-1.9,0.515,0.657,-2.2,0.512,0.657,-2.5,0.526,0.657,-2.3,0.515,0.657,0
20111122_1848,-15.308,-65.163,560.3,XJ.KMS.,42.268,88.173,144.629,1668.37,1701.273,1711.715,502.0,5.861,0.378,0.373,0.285,0.293,0.373,1.5,1.4,0.896,0.885,-0.4,0.614,0.614,-0.9,0.634,0.614,3.3,0.571,0.614,3.1,0.556,0.614,-1.0,0.641,0.614,0
20111122_1848,-15.308,-65.163,560.3,GD.HEJ.,21.93,110.551,172.234,1813.85,1880.452,1903.787,503.0,13.2,0.585,0.478,0.486,0.49,0.483,0.7,1.0,0.629,0.558,0.3,0.818,0.818,1.1,0.895,0.818,1.2,0.89,0.818,1.2,0.887,0.818,1.1,0.896,0.818,0
20111122_1848,-15.308,-65.163,560.3,QH.MIH.,36.369,102.784,156.36,1733.157,1779.135,1794.376,504.0,7.179,0.671,0.729,0.709,0.696,0.725,-0.2,-0.1,0.982,0.985,-0.2,0.819,0.819,-0.2,0.903,0.819,-0.4,0.887,0.819,-0.6,0.868,0.819,-0.3,0.9,0.819,1
20111122_1848,-15.308,-65.163,560.3,SH.HUH.,30.448,119.798,164.192,1773.957,1829.733,1848.708,505.0,6.814,0.621,0.722,0.727,0.72,0.726,-0.2,0.0,0.883,0.887,0.2,0.742,0.742,0.6,0.702,0.742,0.4,0.694,0.742,0.2,0.68,0.742,0.3,0.688,0.742,0
20111122_1848,-15.308,-65.163,560.3,AU.XMI.,-10.45,105.688,152.694,1713.392,1755.076,1768.703,506.0,1.208,0.077,0.052,0.07,0.105,0.055,-3.0,-1.7,0.329,0.152,-4.4,0.578,0.578,-4.1,0.622,0.578,-3.8,0.638,0.578,-3.5,0.646,0.578,-4.0,0.627,0.578,0
20111122_1848,-15.308,-65.163,560.3,HE.XTT.,37.122,114.313,158.181,1742.823,1791.005,1807.076,507.0,5.487,0.749,0.728,0.737,0.746,0.736,0.3,0.3,0.926,0.932,-0.1,0.931,0.931,0.2,0.935,0.931,0.0,0.942,0.931,-0.2,0.949,0.931,0.1,0.938,0.931,1
20111122_1848,-15.308,-65.163,560.3,N.YSIF.,35.194,132.886,154.367,1722.461,1766.084,1780.437,508.0,1.066,0.138,0.062,0.074,0.08,0.086,7.2,4.3,0.732,-0.694,7.5,0.478,0.478,7.9,0.485,0.478,7.6,0.47,0.478,7.4,0.458,0.478,7.4,0.463,0.478,0
20111122_1848,-15.308,-65.163,560.3,YN.TOH.,24.113,102.788,165.655,1781.372,1839.06,1858.786,509.0,10.284,0.263,0.289,0.282,0.28,0.288,-0.1,0.0,0.916,0.911,-5.9,0.728,0.728,-5.1,0.814,0.728,-5.0,0.809,0.728,-5.0,0.808,0.728,-5.1,0.818,0.728,0
20111122_1848,-15.308,-65.163,560.3,SN.HUYT.,34.52,110.167,160.334,1754.109,1804.955,1822.036,510.0,5.872,0.468,0.514,0.512,0.508,0.515,0.6,1.0,0.784,0.785,0.4,0.667,0.667,0.3,0.688,0.667,0.1,0.694,0.667,-0.2,0.705,0.667,0.2,0.69,0.667,0
20111122_1848,-15.308,-65.163,560.3,SD.LQU.,36.409,118.485,158.651,1745.296,1794.052,1810.341,511.0,2.176,0.176,0.172,0.18,0.187,0.181,0.9,-3.8,0.284,-0.453,8.5,0.242,0.242,9.0,0.23,0.242,0.6,0.243,0.242,0.2,0.267,0.242,8.7,0.247,0.242,0
20111122_1848,-15.308,-65.163,560.3,QH.DUL.,36.282,98.119,154.274,1721.961,1765.476,1779.789,512.0,6.013,0.465,0.475,0.504,0.514,0.478,0.8,0.8,0.904,0.868,-0.3,0.578,0.578,0.2,0.583,0.578,-0.1,0.629,0.578,-0.3,0.665,0.578,0.1,0.593,0.578,0
20111122_1848,-15.308,-65.163,560.3,FJ.HAHF.,25.012,117.521,169.975,1802.85,1866.336,1888.394,513.0,3.738,0.411,0.339,0.338,0.347,0.347,0.8,0.9,0.871,0.901,0.3,0.701,0.701,1.3,0.841,0.701,1.3,0.838,0.701,1.3,0.822,0.701,1.2,0.836,0.701,0
20111122_1848,-15.308,-65.163,560.3,HI.SHP.,19.95,110.315,173.668,1820.753,1889.367,1913.528,514.0,5.97,0.187,0.519,0.529,0.534,0.525,0.2,0.3,0.937,0.928,0.9,0.612,0.612,0.7,0.825,0.612,0.7,0.824,0.612,0.7,0.827,0.612,0.7,0.826,0.612,0
20111122_1848,-15.308,-65.163,560.3,GX.NNS.,22.891,108.151,170.135,1803.632,1867.336,1889.483,515.0,6.637,0.242,0.247,0.259,0.257,0.244,-0.9,-0.8,0.87,0.951,-8.8,0.525,0.525,-8.4,0.489,0.525,-8.4,0.506,0.525,-8.4,0.513,0.525,-8.4,0.492,0.525,0
20111122_1848,-15.308,-65.163,560.3,ZJ.LIA.,30.143,118.958,164.69,1776.488,1832.912,1852.14,516.0,5.049,0.436,0.586,0.591,0.604,0.589,3.5,3.4,0.553,0.618,-10.8,0.529,0.529,4.1,0.604,0.529,3.9,0.625,0.529,3.7,0.665,0.529,3.8,0.638,0.529,0
20111122_1848,-15.308,-65.163,560.3,AU.COEN.,-13.957,143.175,139.481,1638.519,1666.32,1674.994,517.0,3.479,0.479,0.526,0.539,0.54,0.526,1.4,1.9,0.842,0.853,0.7,0.884,0.884,0.7,0.887,0.884,0.4,0.888,0.884,0.3,0.889,0.884,0.7,0.884,0.884,0
20111122_1848,-15.308,-65.163,560.3,AU.KNRA.,-15.677,128.763,146.099,1676.727,1711.168,1722.152,518.0,5.518,0.441,0.298,0.296,0.296,0.298,0.3,0.4,0.817,0.87,-0.3,0.715,0.715,5.0,0.648,0.715,4.8,0.658,0.715,4.2,0.715,0.715,4.5,0.697,0.715,0
20111122_1848,-15.308,-65.163,560.3,HB.HFE.,29.904,110.021,164.748,1776.784,1833.284,1852.542,519.0,11.488,0.587,0.508,0.518,0.539,0.51,0.9,0.9,0.902,0.887,1.1,0.933,0.933,1.3,0.954,0.933,1.2,0.951,0.933,1.1,0.947,0.933,1.3,0.952,0.933,0
20111122_1848,-15.308,-65.163,560.3,BJ.ZHT.,39.962,115.68,155.336,1727.674,1772.434,1787.217,520.0,2.595,0.419,0.423,0.429,0.433,0.426,-4.4,0.8,0.547,0.571,-0.7,0.39,0.39,0.4,0.293,0.39,0.3,0.284,0.39,-0.2,0.271,0.39,0.4,0.283,0.39,0
20111122_1848,-15.308,-65.163,560.3,NM.QSH.,39.9,111.673,155.254,1727.235,1771.899,1786.645,521.0,6.894,0.555,0.525,0.535,0.545,0.527,1.5,1.5,0.592,0.573,0.9,0.538,0.538,1.4,0.611,0.538,1.2,0.599,0.538,1.0,0.578,0.538,1.4,0.605,0.538,0
20111122_1848,-15.308,-65.163,560.3,HN.NIX.,27.992,112.345,167.108,1788.663,1848.276,1868.768,522.0,9.957,0.694,0.699,0.696,0.69,0.7,-0.1,0.0,0.83,0.853,-4.8,0.715,0.715,0.2,0.686,0.715,0.1,0.684,0.715,0.0,0.674,0.715,0.1,0.683,0.715,0
20111122_1848,-15.308,-65.163,560.3,HE.LOH.,41.32,117.713,153.87,1719.775,1762.818,1776.953,523.0,3.226,0.465,0.5,0.509,0.524,0.507,1.4,1.5,0.865,0.906,1.0,0.874,0.874,1.1,0.853,0.874,0.9,0.85,0.874,0.6,0.848,0.874,1.0,0.852,0.874,0
20111122_1848,-15.308,-65.163,560.3,XJ.WUQ.,39.74,75.238,137.754,1628.311,1654.497,1662.621,524.0,4.945,0.381,0.362,0.357,0.361,0.361,1.6,1.6,0.944,0.934,10.0,0.464,0.464,-3.2,0.729,0.464,-3.4,0.747,0.464,-3.3,0.74,0.464,-3.1,0.697,0.464,0
20111122_1848,-15.308,-65.163,560.3,HB.JYU.,29.816,113.839,165.463,1780.403,1837.839,1857.465,525.0,8.121,0.514,0.479,0.483,0.487,0.481,-0.4,-0.3,0.791,0.773,-0.8,0.869,0.869,-0.4,0.854,0.869,-0.5,0.859,0.869,-0.8,0.877,0.869,-0.6,0.862,0.869,0
20111122_1848,-15.308,-65.163,560.3,XJ.YJS.,38.521,76.486,139.132,1636.467,1663.939,1672.5,526.0,5.151,0.355,0.32,0.308,0.312,0.318,0.3,0.5,0.848,0.828,-0.5,0.628,0.628,0.2,0.431,0.628,2.2,0.428,0.628,2.0,0.432,0.628,0.5,0.48,0.628,0
20111122_1848,-15.308,-65.163,560.3,YN.MLA.,21.426,101.528,165.975,1782.983,1841.093,1860.985,527.0,13.72,0.3,0.288,0.262,0.262,0.293,-0.9,-0.7,0.89,0.877,-0.9,0.827,0.827,-5.7,0.703,0.827,-5.5,0.627,0.827,-5.6,0.633,0.827,-5.7,0.715,0.827,0
20111122_1848,-15.308,-65.163,560.3,SC.BAX.,30.372,102.813,161.331,1759.284,1811.386,1828.947,528.0,11.531,0.477,0.469,0.461,0.449,0.468,0.1,0.4,0.943,0.936,-0.4,0.502,0.502,-0.2,0.494,0.502,-0.5,0.538,0.502,-0.8,0.573,0.502,-0.4,0.506,0.502,0
20111122_1848,-15.308,-65.163,560.3,HE.KUC.,40.592,118.474,154.519,1723.283,1767.085,1781.506,529.0,1.638,0.359,0.356,0.355,0.333,0.358,5.3,2.1,0.589,-0.488,5.1,0.621,0.621,5.5,0.56,0.621,5.3,0.555,0.621,5.1,0.543,0.621,5.2,0.556,0.621,0
20111122_1848,-15.308,-65.163,560.3,XJ.BCH.,39.793,78.783,140.185,1642.657,1671.132,1680.035,530.0,9.26,0.483,0.547,0.559,0.557,0.54,1.5,1.7,0.889,0.852,2.2,0.864,0.864,2.1,0.9,0.864,1.5,0.91,0.864,1.5,0.908,0.864,2.2,0.891,0.864,0
20111122_1848,-15.308,-65.163,560.3,GZ.ZYT.,27.766,106.851,165.507,1780.623,1838.117,1857.766,531.0,16.018,0.607,0.678,0.647,0.619,0.667,-0.8,-0.6,0.943,0.927,-8.3,0.585,0.585,-7.9,0.55,0.585,5.0,0.537,0.585,4.9,0.676,0.585,-8.0,0.53,0.585,0
20111122_1848,-15.308,-65.163,560.3,N.KZKF.,37.298,138.514,149.617,1696.462,1734.69,1747.039,532.0,2.014,0.3,0.105,0.13,0.136,0.128,-0.2,2.6,0.911,-0.806,-6.3,0.544,0.544,-6.0,0.489,0.544,-6.5,0.483,0.544,-6.6,0.503,0.544,-6.6,0.477,0.544,0
20111122_1848,-15.308,-65.163,560.3,CB.HHC.00,40.85,111.564,154.301,1722.103,1765.649,1779.973,533.0,,,,,,,-16.0,-8.0,0.0,0.0,-16.0,0.0,0.0,-16.0,0.0,0.0,-16.0,0.0,0.0,-16.0,0.0,0.0,-16.0,0.0,0.0,0
20111122_1848,-15.308,-65.163,560.3,XJ.TAG.,37.778,75.169,138.466,1632.531,1659.377,1667.725,534.0,2.593,0.462,0.375,0.363,0.364,0.377,-0.4,-0.2,0.901,0.883,-0.3,0.593,0.593,3.0,0.395,0.593,3.0,0.388,0.593,3.1,0.39,0.593,3.0,0.394,0.593,0
20111122_1848,-15.308,-65.163,560.3,ZJ.WEZ.,27.927,120.668,166.273,1784.477,1842.98,1863.029,535.0,2.177,0.19,0.104,0.106,0.101,0.107,-2.2,-2.2,0.711,0.67,-1.8,0.647,0.647,-1.1,0.656,0.647,-1.2,0.64,0.647,-1.4,0.612,0.647,-1.3,0.633,0.647,0
20111122_1848,-15.308,-65.163,560.3,GD.FES.,23.822,116.208,171.389,1809.752,1875.181,1898.036,536.0,3.676,0.43,0.419,0.433,0.454,0.434,0.9,0.9,0.823,0.855,1.9,0.568,0.568,1.4,0.668,0.568,0.9,0.673,0.568,0.2,0.722,0.568,0.8,0.677,0.568,0
20111122_1848,-15.308,-65.163,560.3,KZ.ABKAR.,49.256,59.943,124.199,1544.846,1560.069,1564.612,537.0,4.87,0.198,0.214,0.198,0.195,0.21,-0.5,-0.3,0.91,0.91,-0.6,0.837,0.837,-0.6,0.784,0.837,-0.8,0.742,0.837,-0.7,0.751,0.837,-0.6,0.787,0.837,0
20111122_1848,-15.308,-65.163,560.3,BU.HBZ.,38.248,114.308,157.055,1736.86,1783.674,1799.229,538.0,2.176,0.647,0.642,0.655,0.668,0.654,0.4,3.8,0.86,-0.606,0.1,0.83,0.83,0.3,0.782,0.83,0.1,0.762,0.83,-0.2,0.731,0.83,0.2,0.771,0.83,0
20111122_1848,-15.308,-65.163,560.3,FJ.DSXP.,23.708,117.426,171.254,1809.093,1874.336,1897.114,539.0,3.554,0.461,0.41,0.402,0.392,0.406,-0.5,-4.0,0.718,-0.573,0.2,0.623,0.623,-0.2,0.805,0.623,-0.4,0.81,0.623,-0.6,0.824,0.623,-0.6,0.811,0.623,0
20111122_1848,-15.308,-65.163,560.3,QH.LED.,36.551,102.397,156.045,1731.473,1777.075,1792.174,540.0,5.673,0.779,0.77,0.779,0.777,0.771,-0.1,0.1,0.787,0.773,0.0,0.743,0.743,0.2,0.79,0.743,0.0,0.772,0.743,-0.5,0.752,0.743,0.2,0.784,0.743,0
20111122_1848,-15.308,-65.163,560.3,GS.MQT.,34.02,102.06,158.026,1742.001,1789.992,1805.991,541.0,7.27,0.646,0.689,0.686,0.681,0.69,0.8,0.9,0.866,0.869,0.4,0.889,0.889,0.5,0.903,0.889,0.3,0.896,0.889,0.2,0.885,0.889,0.4,0.901,0.889,1
20111122_1848,-15.308,-65.163,560.3,YN.HEQ.,26.549,100.151,162.294,1764.251,1817.581,1835.612,542.0,5.739,0.217,0.174,0.179,0.179,0.173,0.6,0.9,0.853,0.847,3.4,0.497,0.497,-0.9,0.775,0.497,-0.8,0.773,0.497,-0.8,0.774,0.497,-0.9,0.775,0.497,0
20111122_1848,-15.308,-65.163,560.3,LN.JZH.,41.075,121.14,153.659,1718.637,1761.435,1775.479,543.0,3.408,0.631,0.626,0.613,0.591,0.613,-0.1,0.4,0.642,0.613,-1.1,0.66,0.66,-0.4,0.655,0.66,-0.6,0.635,0.66,-1.1,0.587,0.66,-0.6,0.641,0.66,0
20111122_1848,-15.308,-65.163,560.3,XJ.FUH.,46.993,87.179,140.876,1646.695,1675.836,1684.969,544.0,3.675,0.436,0.473,0.507,0.527,0.467,1.1,1.1,0.925,0.921,0.9,0.787,0.787,1.1,0.785,0.787,0.8,0.803,0.787,0.6,0.798,0.787,1.1,0.791,0.787,0
20111122_1848,-15.308,-65.163,560.3,GX.PXS.,22.13,106.751,169.749,1801.743,1864.92,1886.851,545.0,10.002,-0.043,-0.02,-0.03,-0.022,-0.02,-0.9,-4.3,0.875,-0.707,-2.5,0.44,0.44,-11.4,0.362,0.44,-11.5,0.361,0.44,0.3,0.363,0.44,0.3,0.365,0.44,0
20111122_1848,-15.308,-65.163,560.3,YN.XHT.,24.749,98.485,161.994,1762.708,1815.655,1833.538,546.0,10.164,0.366,0.207,0.171,0.177,0.207,-0.2,-0.1,0.975,0.967,3.0,0.539,0.539,4.7,0.62,0.539,4.8,0.67,0.539,4.8,0.673,0.539,4.7,0.604,0.539,0
20111122_1848,-15.308,-65.163,560.3,AH.HEF.,31.824,117.142,163.351,1769.67,1824.359,1842.912,547.0,6.584,0.528,0.471,0.474,0.476,0.478,0.5,0.1,0.733,0.695,0.2,0.906,0.906,0.6,0.905,0.906,0.4,0.909,0.906,0.1,0.914,0.906,0.3,0.908,0.906,0
20111122_1848,-15.308,-65.163,560.3,SC.SMK.,26.855,102.75,163.881,1772.373,1827.746,1846.565,548.0,10.604,0.277,0.363,0.354,0.348,0.361,-0.6,-0.3,0.715,0.685,-7.2,0.509,0.509,-6.4,0.577,0.509,-6.5,0.576,0.509,-6.5,0.569,0.509,-6.4,0.573,0.509,0
20111122_1848,-15.308,-65.163,560.3,SX.YUY.,40.023,112.369,155.191,1726.899,1771.489,1786.207,549.0,4.014,0.599,0.646,0.643,0.635,0.645,0.3,0.3,0.855,0.873,0.1,0.649,0.649,0.0,0.806,0.649,-0.1,0.79,0.649,-0.3,0.752,0.649,0.0,0.801,0.649,1
20111122_1848,-15.308,-65.163,560.3,LN.QYU.,42.079,124.929,151.853,1708.797,1749.523,1762.793,550.0,5.705,0.641,0.694,0.702,0.699,0.702,0.2,0.4,0.878,0.858,-0.5,0.789,0.789,-0.2,0.864,0.789,-0.3,0.867,0.789,-0.6,0.87,0.789,-0.4,0.865,0.789,1
20111122_1848,-15.308,-65.163,560.3,GE.GSI.,1.304,97.576,157.949,1741.595,1789.493,1805.456,551.0,0.324,0.036,0.039,0.039,0.038,0.04,-3.1,-2.7,0.481,0.829,3.0,0.852,0.852,3.4,0.796,0.852,3.2,0.777,0.852,3.1,0.754,0.852,3.5,0.792,0.852,0
20111122_1848,-15.308,-65.163,560.3,HE.XIT.,38.529,114.366,156.776,1735.374,1781.851,1797.28,552.0,4.386,0.436,0.469,0.456,0.444,0.465,-0.1,3.3,0.809,-0.754,-0.4,0.665,0.665,-0.2,0.769,0.665,-0.3,0.739,0.665,-0.7,0.671,0.665,-0.3,0.751,0.665,0
20111122_1848,-15.308,-65.163,560.3,N.AMMF.,28.157,129.3,161.443,1759.864,1812.109,1829.724,553.0,2.284,0.214,0.212,0.217,0.215,0.213,0.7,0.8,0.761,0.823,0.2,0.686,0.686,0.3,0.674,0.686,0.2,0.687,0.686,0.1,0.686,0.686,0.1,0.686,0.686,0
20111122_1848,-15.308,-65.163,560.3,ZJ.XAJ.,29.482,119.271,165.25,1779.325,1836.481,1855.997,554.0,5.316,0.467,0.606,0.621,0.633,0.621,-0.5,-0.7,0.602,0.581,0.1,0.797,0.797,1.0,0.824,0.797,1.1,0.815,0.797,1.0,0.797,0.797,1.0,0.81,0.797,0
20111122_1848,-15.308,-65.163,560.3,GX.GUL.,25.291,110.366,169.175,1798.92,1861.314,1882.928,555.0,15.938,0.605,0.672,0.687,0.695,0.673,-1.3,-1.0,0.894,0.876,-0.5,0.858,0.858,-0.1,0.871,0.858,-0.1,0.884,0.858,-0.2,0.902,0.858,-0.1,0.878,0.858,1
20111122_1848,-15.308,-65.163,560.3,HI.CHM.,19.597,110.003,173.704,1820.929,1889.595,1913.776,556.0,5.589,0.34,0.131,0.204,0.216,0.133,-0.6,-0.3,0.608,0.598,0.3,0.606,0.606,1.6,0.741,0.606,1.3,0.752,0.606,1.3,0.752,0.606,1.6,0.733,0.606,0
20111122_1848,-15.308,-65.163,560.3,II.TLY.00,51.681,103.644,142.542,1656.379,1687.161,1696.863,557.0,2.801,0.531,0.599,0.604,0.608,0.588,0.8,1.0,0.885,0.856,0.0,0.877,0.877,0.3,0.861,0.877,0.1,0.869,0.877,-0.1,0.871,0.877,0.4,0.861,0.877,0
20111122_1848,-15.308,-65.163,560.3,JP.JNU.,33.125,130.877,157.013,1736.635,1783.397,1798.933,558.0,0.934,0.128,0.082,0.095,0.101,0.115,-8.5,-0.6,0.418,-0.724,2.0,0.471,0.471,-6.8,0.422,0.471,2.4,0.39,0.471,2.2,0.43,0.471,2.2,0.374,0.471,0
20111122_1848,-15.308,-65.163,560.3,QH.XUH.,35.862,102.498,156.677,1734.845,1781.203,1796.586,559.0,5.102,0.77,0.752,0.752,0.747,0.752,0.2,0.3,0.944,0.964,0.3,0.884,0.884,0.3,0.857,0.884,0.2,0.849,0.884,-0.1,0.845,0.884,0.2,0.856,0.884,1
20111122_1848,-15.308,-65.163,560.3,HL.YCH.,47.634,128.565,145.736,1674.668,1708.725,1719.574,560.0,3.18,0.457,0.469,0.5,0.521,0.508,0.5,0.8,0.91,0.871,0.3,0.936,0.936,0.5,0.895,0.936,0.2,0.884,0.936,-0.1,0.872,0.936,0.1,0.886,0.936,0
20111122_1848,-15.308,-65.163,560.3,CB.XLT.00,43.9,116.079,151.389,1706.249,1746.45,1759.525,561.0,5.642,0.58,0.493,0.516,0.535,0.507,1.9,2.0,0.86,0.861,1.0,0.929,0.929,1.2,0.926,0.929,1.0,0.925,0.929,0.8,0.925,0.929,1.2,0.925,0.929,0
20111122_1848,-15.308,-65.163,560.3,SX.TIY.,38.427,113.003,156.825,1735.635,1782.171,1797.622,562.0,2.745,0.705,0.652,0.67,0.687,0.664,0.1,0.5,0.693,0.736,0.3,0.562,0.562,0.6,0.627,0.562,0.4,0.602,0.562,0.1,0.547,0.562,0.5,0.612,0.562,0
20111122_1848,-15.308,-65.163,560.3,N.YZKF.,35.089,134.459,153.529,1717.93,1760.577,1774.564,563.0,0.842,0.155,0.224,0.211,0.203,0.201,-0.5,4.9,0.819,0.507,-1.0,0.562,0.562,-1.1,0.494,0.562,-1.3,0.525,0.562,-1.5,0.541,0.562,-1.5,0.533,0.562,0
20111122_1848,-15.308,-65.163,560.3,TW.TPUB.,23.301,120.63,170.32,1804.54,1868.499,1890.749,564.0,1.19,0.354,0.214,0.237,0.257,0.266,3.2,3.4,0.923,0.918,2.4,0.402,0.402,3.8,0.852,0.402,3.5,0.839,0.402,3.3,0.827,0.402,3.4,0.841,0.402,0
20111122_1848,-15.308,-65.163,560.3,GD.ZHQ.,23.178,112.539,171.837,1811.929,1877.979,1901.089,565.0,7.032,0.483,0.554,0.563,0.569,0.55,1.4,1.4,0.732,0.669,8.1,0.65,0.65,1.4,0.62,0.65,8.0,0.612,0.65,7.8,0.684,0.65,8.0,0.607,0.65,0
20111122_1848,-15.308,-65.163,560.3,AU.EIDS.,-25.369,151.082,126.139,1557.16,1573.764,1578.736,566.0,3.018,0.437,0.445,0.435,0.434,0.445,-0.9,-0.7,0.924,0.91,-1.0,0.795,0.795,-0.9,0.814,0.795,-1.1,0.811,0.795,-1.1,0.809,0.795,-0.9,0.813,0.795,0
20111122_1848,-15.308,-65.163,560.3,SC.MXI.,31.681,103.852,160.806,1756.563,1808.002,1825.309,567.0,4.809,0.537,0.618,0.601,0.581,0.612,-0.5,-0.1,0.858,0.828,-1.2,0.786,0.786,-0.9,0.794,0.786,-1.1,0.823,0.786,-1.3,0.843,0.786,-1.0,0.807,0.786,0
20111122_1848,-15.308,-65.163,560.3,HN.CHZ.,25.819,113.04,169.356,1799.811,1862.451,1884.165,568.0,7.252,0.52,0.411,0.436,0.457,0.421,-1.1,-0.9,0.964,0.957,-0.7,0.783,0.783,-0.4,0.716,0.783,-0.5,0.732,0.783,-0.7,0.735,0.783,-0.5,0.714,0.783,0
20111122_1848,-15.308,-65.163,560.3,NM.HLG.,40.376,111.844,154.797,1724.778,1768.905,1783.448,569.0,5.945,0.705,0.742,0.736,0.72,0.736,0.0,0.2,0.911,0.873,-0.5,0.808,0.808,0.2,0.817,0.808,0.0,0.82,0.808,-0.3,0.819,0.808,0.2,0.816,0.808,1
20111122_1848,-15.308,-65.163,560.3,JL.THT.,41.697,125.998,151.906,1709.087,1749.873,1763.165,570.0,1.585,0.196,0.205,0.217,0.227,0.219,0.5,-2.7,0.37,-0.681,-7.2,0.503,0.503,-6.6,0.568,0.503,-6.7,0.559,0.503,-7.0,0.558,0.503,-6.9,0.557,0.503,0
20111122_1848,-15.308,-65.163,560.3,HE.QIX.,40.201,118.318,154.923,1725.456,1769.73,1784.33,571.0,0.687,0.336,0.316,0.316,0.297,0.314,8.6,-2.5,0.487,0.347,-4.1,0.504,0.504,-3.2,0.557,0.504,-3.5,0.593,0.504,-3.9,0.647,0.504,-3.4,0.584,0.504,0
20111122_1848,-15.308,-65.163,560.3,JS.HUA.,33.615,119.005,161.31,1759.174,1811.25,1828.8,572.0,3.594,0.426,0.436,0.419,0.398,0.423,-13.0,-0.5,0.175,0.093,-0.8,0.686,0.686,-0.1,0.743,0.686,-0.1,0.736,0.686,-0.5,0.71,0.686,-0.3,0.734,0.686,0
20111122_1848,-15.308,-65.163,560.3,N.TMRF.,41.102,141.383,145.461,1673.11,1706.879,1717.626,573.0,1.773,0.012,0.081,0.075,0.069,0.095,2.4,-3.0,0.758,0.727,2.2,0.468,0.468,-2.7,0.547,0.468,-3.1,0.511,0.468,-3.3,0.502,0.468,-3.3,0.49,0.468,0
20111122_1848,-15.308,-65.163,560.3,N.OKWF.,33.827,133.469,154.989,1725.81,1770.161,1784.79,574.0,1.233,0.38,0.099,0.139,0.153,0.148,0.6,1.7,0.659,0.668,8.2,0.44,0.44,2.2,0.485,0.44,1.9,0.46,0.44,1.7,0.429,0.44,1.7,0.455,0.44,0
20111122_1848,-15.308,-65.163,560.3,SN.ANKG.,32.67,109.037,161.858,1762.003,1814.775,1832.591,575.0,5.603,0.613,0.529,0.541,0.561,0.532,1.0,1.2,0.78,0.801,0.6,0.882,0.882,0.7,0.789,0.882,0.6,0.797,0.882,0.2,0.819,0.882,0.7,0.792,0.882,0
20111122_1848,-15.308,-65.163,560.3,SX.LOF.,38.041,111.951,157.125,1737.229,1784.127,1799.714,576.0,3.05,0.494,0.5,0.506,0.513,0.516,1.1,3.2,0.658,0.524,0.5,0.522,0.522,1.1,0.509,0.522,0.9,0.52,0.522,0.5,0.539,0.522,1.0,0.515,0.522,0
20111122_1848,-15.308,-65.163,560.3,HN.MIL.,28.804,113.077,166.406,1785.149,1843.829,1863.948,577.0,9.331,0.584,0.507,0.514,0.523,0.513,0.4,0.7,0.929,0.922,0.3,0.856,0.856,0.3,0.704,0.856,0.3,0.713,0.856,0.1,0.721,0.856,0.2,0.707,0.856,0
20111122_1848,-15.308,-65.163,560.3,SC.MBI.,28.84,103.534,162.911,1767.419,1821.542,1839.876,578.0,13.436,0.294,0.275,0.275,0.263,0.273,-0.2,0.0,0.861,0.864,6.4,0.467,0.467,6.3,0.477,0.467,6.3,0.419,0.467,-3.7,0.374,0.467,6.2,0.468,0.467,0
20111122_1848,-15.308,-65.163,560.3,HN.HOJ.,27.115,109.995,167.365,1789.943,1849.898,1870.526,579.0,10.123,0.681,0.703,0.709,0.699,0.712,-0.5,-0.3,0.876,0.894,-0.8,0.818,0.818,0.6,0.669,0.818,0.2,0.598,0.818,-0.7,0.529,0.818,0.4,0.629,0.818,0
20111122_1848,-15.308,-65.163,560.3,YN.LIJ.,26.896,100.232,162.143,1763.475,1816.612,1834.568,580.0,4.271,0.185,0.188,0.19,0.191,0.189,-0.3,-0.2,0.942,0.951,3.1,0.719,0.719,-1.7,0.661,0.719,-1.7,0.658,0.719,-1.7,0.66,0.719,-1.7,0.664,0.719,0
20111122_1848,-15.308,-65.163,560.3,SN.LUYA.,33.357,106.14,160.31,1753.985,1804.801,1821.871,581.0,9.111,0.759,0.649,0.644,0.641,0.647,0.4,0.7,0.902,0.909,-0.3,0.905,0.905,-0.2,0.883,0.905,-0.4,0.899,0.905,-0.5,0.915,0.905,-0.3,0.89,0.905,1
20111122_1848,-15.308,-65.163,560.3,HL.BEL.,46.972,127.158,146.719,1680.23,1715.326,1726.544,582.0,1.862,0.367,0.313,0.328,0.336,0.336,1.2,1.0,0.599,0.588,1.3,0.75,0.75,1.6,0.765,0.75,1.4,0.764,0.75,1.1,0.757,0.75,1.3,0.765,0.75,0
20111122_1848,-15.308,-65.163,560.3,GE.LUWI.,-1.042,122.772,161.865,1762.041,1814.823,1832.643,583.0,2.717,0.531,0.155,0.159,0.181,0.17,-0.1,-3.7,0.742,-0.882,-0.4,0.91,0.91,-6.7,0.68,0.91,-6.7,0.599,0.91,-1.9,0.46,0.91,-6.7,0.601,0.91,0
20111122_1848,-15.308,-65.163,560.3,FJ.MXXF.,26.354,117.189,168.739,1796.765,1858.567,1879.94,584.0,3.617,0.475,0.404,0.416,0.434,0.426,0.8,0.8,0.769,0.779,0.8,0.755,0.755,1.1,0.767,0.755,0.9,0.781,0.755,0.7,0.793,0.755,0.9,0.784,0.755,0
20111122_1848,-15.308,-65.163,560.3,HE.WEC.,41.929,117.748,153.261,1716.474,1758.811,1772.681,585.0,3.496,0.556,0.515,0.55,0.588,0.548,2.0,2.1,0.845,0.873,1.4,0.675,0.675,1.4,0.725,0.675,1.2,0.73,0.675,0.7,0.751,0.675,1.3,0.727,0.675,0
20111122_1848,-15.308,-65.163,560.3,GE.BKNI.,0.326,101.04,159.748,1751.05,1801.163,1817.967,586.0,2.486,0.319,0.373,0.401,0.422,0.367,1.5,1.5,0.63,0.564,1.6,0.545,0.545,1.5,0.528,0.545,1.2,0.517,0.545,7.1,0.53,0.545,1.6,0.529,0.545,0
20111122_1848,-15.308,-65.163,560.3,HI.DAN.,19.67,110.324,173.873,1821.738,1890.643,1914.922,587.0,3.048,0.176,0.074,0.077,0.046,0.07,-0.4,0.0,0.898,0.869,5.0,0.799,0.799,-2.3,0.643,0.799,-2.2,0.639,0.799,-2.3,0.637,0.799,-2.3,0.647,0.799,0
20111122_1848,-15.308,-65.163,560.3,GD.HUZ.,23.242,114.424,172.056,1812.991,1879.346,1902.58,588.0,5.042,0.483,0.474,0.486,0.503,0.484,-1.0,-0.8,0.69,0.752,0.6,0.533,0.533,0.5,0.538,0.533,0.3,0.569,0.533,0.1,0.604,0.533,0.3,0.562,0.533,0
20111122_1848,-15.308,-65.163,560.3,TJ.GUG.,38.93,117.503,156.263,1732.638,1778.5,1793.697,589.0,3.486,0.174,0.146,0.131,0.116,0.132,-3.7,-3.1,0.622,0.624,-4.1,0.6,0.6,-3.9,0.635,0.6,-4.1,0.638,0.6,-4.3,0.644,0.6,-4.0,0.634,0.6,0
20111122_1848,-15.308,-65.163,560.3,N.TGWF.,33.973,132.932,155.209,1726.996,1771.607,1786.333,590.0,1.515,0.2,0.137,0.146,0.148,0.158,3.0,-0.2,0.629,-0.836,2.7,0.621,0.621,3.0,0.624,0.621,2.9,0.643,0.621,2.8,0.642,0.621,2.7,0.648,0.621,0
20111122_1848,-15.308,-65.163,560.3,SX.XIX.,36.7,110.95,158.331,1743.611,1791.975,1808.115,591.0,4.82,0.615,0.589,0.6,0.608,0.594,0.6,0.6,0.953,0.938,0.2,0.926,0.926,0.4,0.932,0.926,0.4,0.936,0.926,0.0,0.935,0.926,0.4,0.933,0.926,0
20111122_1848,-15.308,-65.163,560.3,NM.BAC.,41.899,115.268,153.407,1717.267,1759.773,1773.706,592.0,1.837,0.518,0.45,0.472,0.501,0.476,1.0,1.3,0.912,0.884,0.8,0.866,0.866,1.1,0.861,0.866,1.0,0.863,0.866,0.6,0.85,0.866,1.0,0.864,0.866,0
20111122_1848,-15.308,-65.163,560.3,GS.JFS.,39.391,98.741,152.097,1710.131,1751.134,1764.507,593.0,4.353,0.617,0.593,0.582,0.574,0.591,0.8,0.5,0.665,0.611,0.6,0.651,0.651,0.6,0.621,0.651,0.5,0.572,0.651,0.3,0.517,0.651,0.6,0.615,0.651,0
20111122_1848,-15.308,-65.163,560.3,AU.STKA.,-31.876,141.596,126.294,1558.135,1574.852,1579.859,594.0,5.093,0.359,0.349,0.349,0.343,0.352,1.5,1.6,0.746,0.763,1.5,0.789,0.789,1.5,0.791,0.789,1.5,0.789,0.789,1.5,0.782,0.789,1.5,0.787,0.789,0
20111122_1848,-15.308,-65.163,560.3,NM.GNH.,50.777,121.462,144.131,1665.523,1697.913,1708.176,595.0,1.309,0.179,0.136,0.143,0.141,0.146,-0.1,-4.8,0.459,0.404,-6.2,0.588,0.588,-6.1,0.585,0.588,-6.3,0.572,0.588,-6.6,0.564,0.588,-6.2,0.574,0.588,0
20111122_1848,-15.308,-65.163,560.3,N.WTRF.,34.374,136.575,152.689,1713.366,1755.045,1768.67,596.0,1.556,0.138,0.254,0.224,0.218,0.216,-6.5,1.4,0.478,-0.591,-7.1,0.46,0.46,-6.5,0.439,0.46,-6.8,0.441,0.46,-7.0,0.446,0.46,-7.0,0.439,0.46,0
20111122_1848,-15.308,-65.163,560.3,N.NOPF.,44.322,142.938,142.482,1656.027,1686.748,1696.428,597.0,2.623,-0.017,0.102,0.095,0.091,0.103,3.1,0.8,0.769,-0.779,8.9,0.377,0.377,9.1,0.37,0.377,8.8,0.366,0.377,8.7,0.361,0.377,8.6,0.36,0.377,0
20111122_1848,-15.308,-65.163,560.3,SC.JMG.,32.205,105.56,161.112,1758.15,1809.976,1827.43,598.0,5.736,0.586,0.68,0.682,0.682,0.681,0.2,0.2,0.87,0.88,0.0,0.654,0.654,0.2,0.605,0.654,-0.1,0.61,0.654,-0.4,0.63,0.654,0.0,0.609,0.654,0
20111122_1848,-15.308,-65.163,560.3,YN.YAJ.,28.112,104.231,163.864,1772.289,1827.64,1846.45,599.0,14.164,0.194,0.235,0.233,0.226,0.235,-2.8,-0.1,0.328,0.278,5.7,0.408,0.408,-4.2,0.484,0.408,-4.1,0.566,0.408,-4.1,0.612,0.408,-4.2,0.503,0.408,0
20111122_1848,-15.308,-65.163,560.3,IU.YSS.00,46.959,142.76,140.771,1646.081,1675.119,1684.217,600.0,1.56,0.121,0.09,0.082,0.085,0.08,-8.9,-3.4,0.663,0.6,-3.7,0.648,0.648,-3.3,0.676,0.648,-3.5,0.693,0.648,-3.7,0.691,0.648,-3.7,0.695,0.648,0
20111122_1848,-15.308,-65.163,560.3,GS.JNT.,35.531,105.771,158.21,1742.976,1791.193,1807.277,601.0,1.165,0.269,0.288,0.295,0.301,0.294,0.9,4.6,0.638,-0.883,0.7,0.76,0.76,0.8,0.772,0.76,0.6,0.77,0.76,0.4,0.763,0.76,0.7,0.772,0.76,0
20111122_1848,-15.308,-65.163,560.3,SH.SSE.,31.096,121.188,163.178,1768.785,1823.251,1841.718,602.0,3.537,0.451,0.491,0.489,0.492,0.485,-1.9,-2.4,0.622,0.461,-2.0,0.795,0.795,-1.2,0.737,0.795,-1.4,0.731,0.795,-1.6,0.725,0.795,-1.5,0.73,0.795,0
20111122_1848,-15.308,-65.163,560.3,HL.NZN.,47.537,122.882,147.089,1682.317,1717.807,1729.166,603.0,4.372,0.493,0.491,0.48,0.467,0.478,0.8,1.1,0.885,0.851,-0.1,0.839,0.839,0.1,0.85,0.839,-0.1,0.844,0.839,-0.4,0.845,0.839,-0.1,0.838,0.839,0
20111122_1848,-15.308,-65.163,560.3,LN.FXI.,42.053,121.599,152.628,1713.031,1754.64,1768.238,604.0,7.482,0.561,0.572,0.582,0.589,0.58,0.5,0.5,0.87,0.882,-1.0,0.854,0.854,-0.3,0.898,0.854,-0.4,0.896,0.854,-0.6,0.897,0.854,-0.5,0.896,0.854,0
20111122_1848,-15.308,-65.163,560.3,GD.DOG.,22.875,113.723,172.361,1814.462,1881.241,1904.649,605.0,5.449,0.503,0.419,0.424,0.427,0.428,0.6,4.6,0.488,-0.745,1.7,0.728,0.728,2.6,0.673,0.728,2.5,0.626,0.728,2.5,0.53,0.728,2.4,0.64,0.728,0
20111122_1848,-15.308,-65.163,560.3,SC.TQU.,30.073,102.764,161.535,1760.339,1812.701,1830.361,606.0,9.165,0.358,0.358,0.376,0.38,0.358,0.6,0.6,0.767,0.751,8.0,0.631,0.631,-1.7,0.639,0.631,-1.5,0.686,0.631,-1.5,0.72,0.631,-1.7,0.654,0.631,0
20111122_1848,-15.308,-65.163,560.3,JS.SH.,33.544,118.156,161.518,1760.253,1812.593,1830.244,607.0,4.924,0.518,0.527,0.536,0.521,0.53,0.2,0.0,0.883,0.878,-0.3,0.884,0.884,0.1,0.882,0.884,0.0,0.885,0.884,-0.3,0.891,0.884,-0.1,0.887,0.884,0
20111122_1848,-15.308,-65.163,560.3,GD.TIX.,23.135,116.509,172.016,1812.797,1879.097,1902.308,608.0,5.678,0.247,0.409,0.423,0.442,0.43,1.2,2.4,0.561,0.457,5.2,0.46,0.46,-6.5,0.496,0.46,-6.5,0.48,0.46,-6.5,0.452,0.46,-6.5,0.478,0.46,0
20111122_1848,-15.308,-65.163,560.3,CB.CAD.00,31.0,97.5,157.694,1740.249,1787.837,1803.683,609.0,1.4,-0.202,-0.064,-0.063,-0.062,-0.065,-5.2,3.7,0.603,-0.864,2.7,0.784,0.784,3.0,0.612,0.784,2.1,0.501,0.784,2.1,0.501,0.784,3.1,0.616,0.784,0
20111122_1848,-15.308,-65.163,560.3,TM.PANO.,17.148,104.612,170.014,1803.039,1866.577,1888.656,610.0,3.806,0.101,0.19,0.214,0.219,0.177,-0.5,-3.5,0.63,-0.877,-2.6,0.482,0.482,0.0,0.814,0.482,0.1,0.837,0.482,0.1,0.833,0.482,0.0,0.809,0.482,0
20111122_1848,-15.308,-65.163,560.3,XZ.CAD.,31.14,97.172,157.39,1738.636,1785.855,1801.562,611.0,7.661,0.136,0.056,0.05,0.055,0.059,2.5,3.2,0.661,0.605,4.4,0.631,0.631,6.1,0.761,0.631,5.7,0.687,0.631,5.7,0.694,0.631,6.2,0.771,0.631,0
20111122_1848,-15.308,-65.163,560.3,FJ.SWDT.,27.331,117.482,167.728,1791.754,1852.195,1873.02,612.0,3.961,0.454,0.365,0.37,0.384,0.377,0.2,0.4,0.578,0.594,4.2,0.552,0.552,1.6,0.606,0.552,1.7,0.581,0.552,1.8,0.536,0.552,1.7,0.57,0.552,0
20111122_1848,-15.308,-65.163,560.3,GX.HZS.,24.426,111.567,170.379,1804.829,1868.869,1891.153,613.0,9.71,0.651,0.669,0.65,0.621,0.656,-0.2,0.0,0.95,0.941,-0.4,0.787,0.787,-0.1,0.756,0.787,-0.2,0.757,0.787,-0.3,0.765,0.787,-0.2,0.757,0.787,0
20111122_1848,-15.308,-65.163,560.3,XZ.LIZ.,29.666,94.342,156.308,1732.881,1778.797,1794.015,614.0,10.536,0.151,0.103,0.105,0.116,0.099,0.8,0.9,0.765,0.727,6.3,0.723,0.723,9.2,0.699,0.723,9.2,0.696,0.723,9.3,0.693,0.723,9.1,0.701,0.723,0
20111122_1848,-15.308,-65.163,560.3,QH.HTG.,37.864,90.715,148.983,1692.933,1730.466,1742.562,615.0,15.945,0.346,0.407,0.4,0.396,0.406,1.0,0.9,0.887,0.881,8.0,0.649,0.649,4.8,0.878,0.649,4.1,0.863,0.649,4.1,0.856,0.649,4.8,0.884,0.649,0
20111122_1848,-15.308,-65.163,560.3,AH.BAS.,31.473,117.376,163.67,1771.3,1826.401,1845.114,616.0,2.533,0.199,0.231,0.224,0.209,0.216,-1.9,-1.8,0.868,0.867,-1.7,0.841,0.841,-1.4,0.892,0.841,-1.5,0.893,0.841,-1.8,0.89,0.841,-1.5,0.891,0.841,0
20111122_1848,-15.308,-65.163,560.3,GE.LHMI.,5.229,96.947,159.739,1751.006,1801.109,1817.908,617.0,2.389,0.156,0.215,0.207,0.208,0.222,0.7,-3.9,0.495,-0.88,5.2,0.611,0.611,-7.6,0.647,0.611,-8.3,0.615,0.611,-8.3,0.615,0.611,-7.6,0.644,0.611,0
20111122_1848,-15.308,-65.163,560.3,GS.SDT.,38.771,101.04,153.588,1718.252,1760.968,1774.98,618.0,6.416,0.756,0.693,0.686,0.663,0.691,-0.2,0.1,0.857,0.809,-0.7,0.683,0.683,-0.5,0.679,0.683,-0.7,0.693,0.683,-1.0,0.715,0.683,-0.6,0.683,0.683,0
20111122_1848,-15.308,-65.163,560.3,YN.SBT.,24.953,98.541,161.94,1762.43,1815.308,1833.165,619.0,7.074,0.344,0.35,0.328,0.334,0.349,-0.1,-0.1,0.906,0.871,2.3,0.74,0.74,4.0,0.711,0.74,4.3,0.739,0.74,4.3,0.736,0.74,4.0,0.707,0.74,0
20111122_1848,-15.308,-65.163,560.3,NX.XSH.,37.249,105.203,156.455,1733.662,1779.754,1795.037,620.0,7.219,0.67,0.671,0.667,0.663,0.67,1.0,0.8,0.749,0.775,0.8,0.824,0.824,0.8,0.79,0.824,0.7,0.796,0.824,0.4,0.812,0.824,0.9,0.787,0.824,0
20111122_1848,-15.308,-65.163,560.3,HA.SC.,31.791,115.418,163.509,1770.478,1825.371,1844.004,621.0,6.734,0.66,0.687,0.682,0.674,0.686,-0.8,-0.4,0.924,0.9,-0.5,0.914,0.914,-0.4,0.926,0.914,-0.4,0.927,0.914,-0.7,0.931,0.914,-0.5,0.928,0.914,1
20111122_1848,-15.308,-65.163,560.3,XJ.GAZ.,43.525,88.577,143.997,1664.755,1697.008,1707.223,622.0,8.595,0.469,0.51,0.552,0.57,0.514,1.5,1.6,0.907,0.912,1.6,0.846,0.846,1.7,0.854,0.846,1.4,0.85,0.846,1.2,0.841,0.846,1.6,0.856,0.846,0
20111122_1848,-15.308,-65.163,560.3,NM.NIC.,41.725,118.875,153.354,1716.98,1759.425,1773.335,623.0,2.816,0.483,0.469,0.477,0.481,0.479,1.4,1.4,0.824,0.824,0.2,0.581,0.581,0.7,0.728,0.581,0.5,0.756,0.581,0.2,0.781,0.581,0.5,0.751,0.581,0
20111122_1848,-15.308,-65.163,560.3,GE.KAAM.,0.493,72.995,136.121,1618.577,1643.273,1650.893,624.0,1.627,0.345,0.148,0.115,0.123,0.157,-1.8,4.0,0.684,0.679,3.8,0.548,0.548,3.1,0.7,0.548,2.6,0.656,0.548,2.8,0.665,0.548,3.3,0.695,0.548,0
20111122_1848,-15.308,-65.163,560.3,CB.LYN.00,34.55,112.47,160.641,1755.705,1806.936,1824.164,625.0,4.848,0.631,0.561,0.572,0.577,0.567,-0.1,-4.0,0.853,-0.768,-0.5,0.716,0.716,-0.1,0.72,0.716,-0.3,0.717,0.716,-0.6,0.71,0.716,-0.2,0.711,0.716,0
20111122_1848,-15.308,-65.163,560.3,SX.YJI.,34.839,110.646,160.11,1752.941,1803.506,1820.481,626.0,6.952,0.57,0.641,0.646,0.65,0.643,0.6,0.8,0.861,0.889,0.1,0.832,0.832,0.3,0.845,0.832,0.2,0.847,0.832,-0.2,0.851,0.832,0.3,0.843,0.832,1
20111122_1848,-15.308,-65.163,560.3,QH.HUY.,36.656,101.192,155.443,1728.252,1773.139,1787.97,627.0,3.453,0.727,0.712,0.735,0.734,0.718,0.1,0.3,0.906,0.912,-0.4,0.687,0.687,0.4,0.742,0.687,0.0,0.704,0.687,-0.5,0.689,0.687,0.3,0.74,0.687,0
20111122_1848,-15.308,-65.163,560.3,HE.XLD.,40.395,118.02,154.761,1724.584,1768.668,1783.196,628.0,1.757,0.227,0.26,0.265,0.272,0.264,5.0,5.0,0.428,0.608,4.8,0.565,0.565,5.5,0.541,0.565,5.4,0.532,0.565,5.1,0.506,0.565,5.4,0.529,0.565,0
20111122_1848,-15.308,-65.163,560.3,YN.LOP.,24.886,104.291,166.236,1784.294,1842.748,1862.777,629.0,5.925,0.082,0.065,0.073,0.07,0.062,-0.6,-0.2,0.737,0.687,-4.9,0.706,0.706,-4.2,0.745,0.706,-4.2,0.744,0.706,-4.2,0.749,0.706,-4.2,0.75,0.706,0
20111122_1848,-15.308,-65.163,560.3,BU.MDY.,40.394,116.56,154.869,1725.167,1769.377,1783.953,630.0,1.827,0.564,0.538,0.541,0.54,0.538,1.0,1.1,0.853,0.749,-0.2,0.736,0.736,0.7,0.647,0.736,0.5,0.652,0.736,-0.1,0.68,0.736,0.5,0.647,0.736,0
20111122_1848,-15.308,-65.163,560.3,GE.TOLI.,1.121,120.794,164.643,1776.249,1832.611,1851.815,631.0,3.449,0.234,0.16,0.166,0.186,0.184,0.0,0.2,0.93,0.933,5.4,0.716,0.716,2.1,0.441,0.716,-7.7,0.444,0.716,-7.7,0.476,0.716,-7.7,0.449,0.716,0
20111122_1848,-15.308,-65.163,560.3,IC.LSA.10,29.703,91.128,153.883,1719.846,1762.904,1777.045,632.0,9.912,0.263,0.325,0.315,0.321,0.325,0.3,0.3,0.938,0.941,8.5,0.527,0.527,8.5,0.514,0.527,8.6,0.505,0.527,8.6,0.504,0.527,8.5,0.516,0.527,0
20111122_1848,-15.308,-65.163,560.3,Z6.MPUR.,24.604,90.03,154.952,1725.611,1769.919,1784.532,633.0,0.0,,,,,,-16.0,-8.0,0.0,0.0,-16.0,0.0,0.0,-16.0,0.0,0.0,-16.0,0.0,0.0,-16.0,0.0,0.0,-16.0,0.0,0.0,0
20111122_1848,-15.308,-65.163,560.3,GD.LTK.,23.662,114.647,171.644,1810.994,1876.777,1899.776,634.0,6.834,0.555,0.508,0.506,0.498,0.507,-1.8,-4.8,0.698,-0.481,-1.5,0.669,0.669,-1.7,0.553,0.669,-1.9,0.594,0.669,-2.1,0.646,0.669,-1.8,0.589,0.669,0
20111122_1848,-15.308,-65.163,560.3,AU.MEEK.,-26.638,118.614,137.894,1629.143,1655.458,1663.625,635.0,1.902,0.24,0.267,0.269,0.279,0.275,0.6,0.9,0.769,0.714,1.9,0.386,0.386,3.0,0.386,0.386,3.0,0.393,0.386,3.0,0.421,0.386,3.0,0.405,0.386,0
20111122_1848,-15.308,-65.163,560.3,N.NMRF.,43.367,145.738,141.53,1650.507,1680.287,1689.641,636.0,0.956,0.174,0.159,0.16,0.163,0.139,-0.5,2.2,0.66,-0.8,-5.9,0.466,0.466,-0.1,0.514,0.466,-0.3,0.455,0.466,-5.5,0.419,0.466,-5.9,0.473,0.466,0
20111122_1848,-15.308,-65.163,560.3,XZ.SNA.,29.224,91.754,154.59,1723.663,1767.546,1781.998,637.0,6.334,0.205,0.338,0.346,0.353,0.335,-0.5,-0.3,0.87,0.88,7.9,0.573,0.573,0.4,0.383,0.573,7.8,0.367,0.573,0.4,0.366,0.573,0.4,0.392,0.573,0
20111122_1848,-15.308,-65.163,560.3,BU.HUA.,40.811,114.524,154.496,1723.157,1766.931,1781.342,638.0,1.534,0.262,0.221,0.215,0.19,0.212,-0.7,-1.5,0.591,0.579,-1.8,0.748,0.748,-2.0,0.785,0.748,-2.0,0.783,0.748,-2.2,0.778,0.748,-2.0,0.785,0.748,0
20111122_1848,-15.308,-65.163,560.3,SC.HWS.,28.64,104.736,163.726,1771.586,1826.759,1845.5,639.0,6.805,0.441,0.499,0.487,0.474,0.498,-0.6,-0.5,0.766,0.776,5.2,0.646,0.646,5.6,0.562,0.646,5.6,0.555,0.646,5.7,0.523,0.646,5.6,0.568,0.646,0
20111122_1848,-15.308,-65.163,560.3,SN.HUAX.,34.401,109.72,160.359,1754.241,1805.118,1822.212,640.0,4.189,0.457,0.519,0.507,0.488,0.516,-0.9,-4.6,0.777,-0.759,-1.0,0.695,0.695,-0.9,0.784,0.695,-1.0,0.778,0.695,-1.2,0.757,0.695,-0.9,0.779,0.695,0
20111122_1848,-15.308,-65.163,560.3,FJ.NPDK.,26.615,118.188,168.27,1794.446,1855.615,1876.733,641.0,3.475,0.27,0.265,0.257,0.245,0.24,-0.2,-0.8,0.707,0.743,-1.2,0.713,0.713,-1.2,0.53,0.713,-1.2,0.547,0.713,-1.4,0.568,0.713,-1.4,0.552,0.713,0
20111122_1848,-15.308,-65.163,560.3,HL.MIH.,45.626,131.81,146.497,1678.977,1713.838,1724.972,642.0,1.406,0.278,0.303,0.326,0.348,0.339,1.4,1.3,0.765,0.853,1.2,0.769,0.769,1.5,0.775,0.769,1.3,0.759,0.769,0.9,0.755,0.769,1.1,0.749,0.769,0
20111122_1848,-15.308,-65.163,560.3,GD.LCH.,24.104,115.271,171.194,1808.806,1873.966,1896.711,643.0,3.449,0.448,0.348,0.349,0.345,0.343,7.9,4.3,0.606,-0.537,1.2,0.567,0.567,8.0,0.644,0.567,7.8,0.659,0.567,7.6,0.677,0.567,7.7,0.662,0.567,0
20111122_1848,-15.308,-65.163,560.3,GX.YLS.,22.635,110.173,171.45,1810.051,1875.565,1898.455,644.0,7.473,0.663,0.589,0.595,0.597,0.6,-0.1,0.2,0.981,0.965,-0.3,0.741,0.741,0.8,0.879,0.741,0.8,0.872,0.741,0.7,0.851,0.741,0.7,0.887,0.741,0
20111122_1848,-15.308,-65.163,560.3,GS.SGT.,37.621,102.761,155.261,1727.273,1771.945,1786.694,645.0,5.846,0.742,0.737,0.716,0.7,0.731,-0.3,0.1,0.95,0.926,-0.8,0.837,0.837,-0.3,0.863,0.837,-0.6,0.851,0.837,-0.8,0.833,0.837,-0.4,0.859,0.837,1
20111122_1848,-15.308,-65.163,560.3,HA.XX.,35.662,114.539,159.645,1750.512,1800.497,1817.252,646.0,5.04,0.596,0.598,0.615,0.637,0.617,0.8,1.0,0.742,0.719,0.3,0.809,0.809,0.7,0.772,0.809,0.5,0.793,0.809,0.2,0.839,0.809,0.5,0.792,0.809,0
20111122_1848,-15.308,-65.163,560.3,N.TKDF.,32.818,131.387,156.938,1736.237,1782.909,1798.411,647.0,0.868,0.136,0.165,0.158,0.16,0.151,0.1,0.9,0.548,0.373,-0.5,0.32,0.32,1.0,0.392,0.32,0.5,0.365,0.32,0.2,0.365,0.32,0.3,0.343,0.32,0
20111122_1848,-15.308,-65.163,560.3,JL.YFT.,41.362,126.512,152.056,1709.906,1750.862,1764.217,648.0,1.339,0.195,0.143,0.134,0.125,0.13,1.3,-1.6,0.54,-0.091,-3.7,0.686,0.686,-3.3,0.617,0.686,-3.5,0.62,0.686,-3.8,0.616,0.686,-3.6,0.623,0.686,0
20111122_1848,-15.308,-65.163,560.3,KR.NRN.,41.422,75.97,137.544,1627.067,1653.06,1661.118,649.0,5.096,0.37,0.421,0.4,0.403,0.426,4.1,-0.8,0.6,0.535,-0.7,0.69,0.69,-1.0,0.7,0.69,-1.2,0.577,0.69,-1.1,0.571,0.69,-1.0,0.715,0.69,0
20111122_1848,-15.308,-65.163,560.3,SC.YZP.,30.869,103.569,161.332,1759.288,1811.391,1828.952,650.0,11.655,0.487,0.502,0.487,0.476,0.499,-3.2,-3.1,0.608,0.529,-3.7,0.614,0.614,-3.3,0.592,0.614,-3.7,0.614,0.614,-4.0,0.637,0.614,-3.5,0.599,0.614,0
20111122_1848,-15.308,-65.163,560.3,XJ.WSU.,44.123,84.641,141.466,1650.133,1679.849,1689.181,651.0,5.761,0.31,0.135,0.331,0.373,0.141,0.5,0.6,0.929,0.949,-1.3,0.745,0.745,3.7,0.375,0.745,1.6,0.833,0.745,1.4,0.831,0.745,3.5,0.354,0.745,0
20111122_1848,-15.308,-65.163,560.3,LN.SUZ.,40.377,120.244,154.493,1723.141,1766.911,1781.321,652.0,5.437,0.436,0.41,0.419,0.438,0.42,0.5,0.4,0.91,0.89,0.3,0.899,0.899,0.5,0.796,0.899,0.4,0.802,0.899,0.1,0.814,0.899,0.4,0.801,0.899,0
20111122_1848,-15.308,-65.163,560.3,HI.YML.,19.853,110.28,173.714,1820.976,1889.655,1913.843,653.0,2.383,-0.027,0.258,0.272,0.273,0.26,0.5,0.5,0.848,0.821,2.7,0.64,0.64,0.3,0.707,0.64,0.3,0.71,0.64,0.2,0.711,0.64,0.3,0.707,0.64,0
20111122_1848,-15.308,-65.163,560.3,LN.GUS.,39.9,123.583,154.249,1721.824,1765.31,1779.611,654.0,4.171,0.603,0.523,0.525,0.534,0.537,0.5,0.5,0.968,0.965,0.0,0.81,0.81,0.7,0.814,0.81,0.6,0.794,0.81,0.1,0.777,0.81,0.4,0.778,0.81,0
20111122_1848,-15.308,-65.163,560.3,FJ.LYXP.,25.128,117.026,169.968,1802.816,1866.292,1888.346,655.0,3.662,0.34,0.291,0.28,0.267,0.281,1.0,1.1,0.929,0.96,0.4,0.738,0.738,1.3,0.882,0.738,1.3,0.886,0.738,1.4,0.878,0.738,1.3,0.886,0.738,0
20111122_1848,-15.308,-65.163,560.3,XJ.KSH.,39.145,75.566,138.225,1631.107,1657.729,1666.001,656.0,3.125,0.531,0.491,0.476,0.479,0.497,1.0,1.1,0.883,0.909,-0.1,0.602,0.602,1.9,0.567,0.602,1.9,0.642,0.602,1.9,0.639,0.602,1.7,0.563,0.602,0
20111122_1848,-15.308,-65.163,560.3,GS.LYT.,41.09,95.501,149.255,1694.451,1732.282,1744.487,657.0,8.734,0.721,0.737,0.724,0.713,0.737,0.4,0.5,0.92,0.924,0.0,0.937,0.937,0.1,0.939,0.937,-0.1,0.948,0.937,-0.3,0.949,0.937,0.0,0.942,0.937,1
20111122_1848,-15.308,-65.163,560.3,SC.JYA.,29.794,103.928,162.38,1764.691,1818.132,1836.204,658.0,10.792,0.459,0.476,0.465,0.443,0.47,-0.7,-0.6,0.941,0.951,5.7,0.49,0.49,5.9,0.486,0.49,5.9,0.412,0.49,5.9,0.344,0.49,5.8,0.471,0.49,0
20111122_1848,-15.308,-65.163,560.3,SC.XJI.,30.995,102.358,160.6,1755.492,1806.672,1823.881,659.0,7.558,0.46,0.404,0.387,0.371,0.402,0.0,0.0,0.764,0.756,-0.6,0.766,0.766,-0.6,0.767,0.766,-0.7,0.801,0.766,-0.8,0.82,0.766,-0.7,0.777,0.766,0
20111122_1848,-15.308,-65.163,560.3,CB.CD2.00,30.91,103.758,161.394,1759.607,1811.789,1829.379,660.0,8.696,0.574,0.535,0.529,0.521,0.533,0.5,0.9,0.744,0.674,7.7,0.651,0.651,8.1,0.637,0.651,-0.9,0.593,0.651,-1.0,0.637,0.651,8.0,0.619,0.651,0
20111122_1848,-15.308,-65.163,560.3,N.AOGF.,32.451,139.774,151.605,1707.438,1747.883,1761.049,661.0,1.582,0.295,0.19,0.192,0.192,0.189,0.0,3.6,0.975,-0.759,-0.9,0.766,0.766,-0.2,0.806,0.766,-0.5,0.792,0.766,-0.7,0.805,0.766,-0.7,0.795,0.766,0
20111122_1848,-15.308,-65.163,560.3,HI.WZS.,18.797,109.528,173.842,1821.588,1890.448,1914.71,662.0,15.291,0.182,0.124,0.063,0.071,0.102,-0.8,-0.7,0.978,0.972,1.0,0.649,0.649,2.5,0.925,0.649,-2.4,0.553,0.649,-2.4,0.545,0.649,2.7,0.919,0.649,0
20111122_1848,-15.308,-65.163,560.3,KZ.KNDC.,43.217,76.966,137.363,1625.988,1651.814,1659.816,663.0,3.029,0.231,0.375,0.373,0.38,0.373,-0.6,-4.3,0.41,-0.787,-1.0,0.826,0.826,-0.2,0.652,0.826,0.1,0.59,0.826,0.2,0.595,0.826,-0.2,0.662,0.826,0
20111122_1848,-15.308,-65.163,560.3,N.KSKF.,38.258,140.583,147.742,1685.993,1722.182,1733.792,664.0,0.712,-0.053,0.072,0.091,0.098,0.085,13.1,5.1,0.588,-0.485,8.4,0.538,0.538,8.7,0.508,0.538,8.4,0.506,0.538,8.3,0.507,0.538,8.2,0.506,0.538,0
20111122_1848,-15.308,-65.163,560.3,SC.PWU.,32.416,104.548,160.504,1754.992,1806.05,1823.213,665.0,4.215,0.479,0.558,0.552,0.537,0.552,0.0,0.2,0.83,0.832,-0.8,0.77,0.77,-0.9,0.692,0.77,-0.9,0.729,0.77,-1.1,0.766,0.77,-1.0,0.706,0.77,0
20111122_1848,-15.308,-65.163,560.3,YN.RST.,24.91,98.391,161.842,1761.924,1814.677,1832.486,666.0,5.84,0.206,0.332,0.322,0.328,0.33,-0.9,-0.7,0.839,0.768,0.7,0.521,0.521,3.8,0.538,0.521,3.9,0.582,0.521,4.0,0.581,0.521,3.7,0.527,0.521,0
20111122_1848,-15.308,-65.163,560.3,YN.TNC.,25.029,98.52,161.886,1762.152,1814.961,1832.791,667.0,7.266,0.279,0.328,0.309,0.315,0.328,-0.4,-0.3,0.939,0.897,3.5,0.375,0.375,4.6,0.48,0.375,4.7,0.52,0.375,4.8,0.526,0.375,4.6,0.468,0.375,0
20111122_1848,-15.308,-65.163,560.3,GE.PLAI.,-8.828,117.776,155.689,1729.57,1774.749,1789.689,668.0,5.088,0.41,0.316,0.327,0.349,0.331,0.6,3.9,0.472,-0.624,6.5,0.657,0.657,6.6,0.625,0.657,6.6,0.638,0.657,6.5,0.677,0.657,6.5,0.658,0.657,0
20111122_1848,-15.308,-65.163,560.3,YN.YOS.,26.694,100.768,162.645,1766.052,1819.832,1838.035,669.0,7.183,0.209,0.281,0.296,0.297,0.126,0.2,0.6,0.797,0.776,-1.4,0.766,0.766,-1.1,0.777,0.766,-1.1,0.774,0.766,-1.0,0.773,0.766,2.1,0.595,0.766,0
20111122_1848,-15.308,-65.163,560.3,GS.PLT.,35.451,106.681,158.574,1744.896,1793.558,1809.811,670.0,4.704,0.767,0.739,0.75,0.748,0.737,0.2,0.4,0.981,0.975,0.1,0.954,0.954,0.1,0.973,0.954,-0.1,0.972,0.954,-0.3,0.968,0.954,0.1,0.973,0.954,1
20111122_1848,-15.308,-65.163,560.3,NM.BTO.,40.744,109.878,154.202,1721.571,1765.002,1779.283,671.0,2.874,0.07,0.075,0.08,0.081,0.074,5.9,-4.1,0.311,-0.952,3.6,0.279,0.279,4.2,0.275,0.279,4.0,0.285,0.279,3.7,0.289,0.279,4.2,0.275,0.279,0
20111122_1848,-15.308,-65.163,560.3,GD.SHW.,22.792,115.37,172.5,1815.135,1882.108,1905.596,672.0,2.413,0.209,0.449,0.443,0.408,0.435,-1.4,-1.0,0.86,0.867,3.4,0.874,0.874,-6.3,0.69,0.874,-6.1,0.677,0.874,-6.0,0.619,0.874,-6.2,0.659,0.874,0
20111122_1848,-15.308,-65.163,560.3,GD.TIS.,22.27,112.885,172.798,1816.573,1883.964,1907.622,673.0,6.307,0.639,0.604,0.626,0.646,0.617,-2.0,-1.9,0.756,0.75,-1.6,0.801,0.801,-0.8,0.731,0.801,-0.9,0.752,0.801,-1.1,0.772,0.801,-0.9,0.747,0.801,0
20111122_1848,-15.308,-65.163,560.3,XJ.JHE.,44.65,83.02,140.229,1642.913,1671.429,1680.347,674.0,4.664,0.508,0.633,0.661,0.658,0.632,0.4,0.7,0.741,0.767,0.8,0.631,0.631,0.4,0.582,0.631,-0.3,0.628,0.631,-0.6,0.623,0.631,0.3,0.593,0.631,0
20111122_1848,-15.308,-65.163,560.3,N.YTYF.,34.284,131.036,156.066,1731.59,1777.217,1792.326,675.0,1.939,0.092,0.177,0.165,0.159,0.174,-0.4,3.4,0.73,-0.17,9.3,0.45,0.45,3.9,0.399,0.45,-0.5,0.372,0.45,9.5,0.364,0.45,-0.9,0.357,0.45,0
20111122_1848,-15.308,-65.163,560.3,N.KSRF.,42.982,144.485,142.488,1656.064,1686.791,1696.474,676.0,0.87,0.022,0.058,0.053,0.058,0.055,2.2,2.6,0.654,0.731,-3.0,0.551,0.551,2.8,0.545,0.551,2.4,0.568,0.551,2.3,0.562,0.551,2.2,0.581,0.551,0
20111122_1848,-15.308,-65.163,560.3,N.TSAF.,33.178,132.82,155.828,1730.312,1775.656,1790.658,677.0,1.854,0.202,0.306,0.279,0.264,0.279,-3.1,1.5,0.535,-0.665,-3.6,0.606,0.606,-2.6,0.601,0.606,-2.9,0.542,0.606,-3.1,0.525,0.606,-3.0,0.522,0.606,0
20111122_1848,-15.308,-65.163,560.3,HE.HST.,36.186,113.95,159.107,1747.697,1797.015,1813.517,678.0,6.377,0.632,0.606,0.63,0.658,0.623,0.8,0.7,0.821,0.803,0.5,0.915,0.915,0.5,0.904,0.915,0.4,0.918,0.915,0.1,0.942,0.915,0.4,0.914,0.915,1
20111122_1848,-15.308,-65.163,560.3,NM.CSQ.,40.728,111.048,154.368,1722.466,1766.091,1780.445,679.0,4.504,0.551,0.56,0.562,0.56,0.561,0.4,-2.7,0.832,-0.585,-0.1,0.844,0.844,-0.2,0.691,0.844,-0.3,0.714,0.844,-0.6,0.754,0.844,-0.2,0.696,0.844,0
20111122_1848,-15.308,-65.163,560.3,JL.HCT.,42.642,130.465,149.555,1696.117,1734.276,1746.601,680.0,1.807,0.308,0.3,0.34,0.358,0.367,8.2,-4.1,0.479,-0.805,8.1,0.385,0.385,-8.0,0.425,0.385,-8.1,0.42,0.385,-8.2,0.418,0.385,-8.3,0.415,0.385,0
20111122_1848,-15.308,-65.163,560.3,GZ.YPT.,27.212,108.813,166.845,1787.349,1846.612,1866.963,681.0,9.806,0.665,0.679,0.693,0.691,0.685,-0.2,0.0,0.94,0.935,-8.1,0.649,0.649,1.1,0.649,0.649,-9.0,0.511,0.649,-8.9,0.588,0.649,0.9,0.578,0.649,0
20111122_1848,-15.308,-65.163,560.3,KN.AML.,42.131,73.694,135.707,1616.099,1640.426,1647.922,682.0,11.043,0.539,0.384,0.4,0.397,0.374,0.1,0.2,0.921,0.92,-7.3,0.472,0.472,1.5,0.499,0.472,1.0,0.465,0.472,1.0,0.453,0.472,1.6,0.498,0.472,0
20111122_1848,-15.308,-65.163,560.3,KN.EKS2.,42.661,73.777,135.539,1615.089,1639.268,1646.712,683.0,4.443,0.532,0.498,0.503,0.503,0.49,0.3,0.4,0.876,0.878,9.9,0.464,0.464,1.5,0.542,0.464,1.1,0.54,0.464,1.1,0.531,0.464,1.6,0.54,0.464,0
20111122_1848,-15.308,-65.163,560.3,LN.LYN.,41.267,123.283,153.031,1715.223,1757.295,1771.065,684.0,2.829,0.486,0.479,0.476,0.474,0.478,8.2,-5.2,0.352,-0.238,-2.4,0.489,0.489,-1.2,0.44,0.489,-1.1,0.419,0.489,-0.5,0.381,0.489,-1.1,0.418,0.489,0
20111122_1848,-15.308,-65.163,560.3,HB.DWU.,31.499,114.12,163.796,1771.944,1827.208,1845.985,685.0,4.147,0.524,0.463,0.477,0.488,0.474,-0.4,-0.2,0.847,0.84,-0.4,0.738,0.738,0.2,0.668,0.738,0.0,0.666,0.738,-0.4,0.673,0.738,0.0,0.664,0.738,0
20111122_1848,-15.308,-65.163,560.3,HB.MCH.,31.132,115.155,164.174,1773.868,1829.621,1848.588,686.0,8.012,0.622,0.648,0.636,0.634,0.647,-0.7,-0.4,0.708,0.703,-0.6,0.918,0.918,-0.3,0.893,0.918,-0.3,0.896,0.918,-0.6,0.913,0.918,-0.4,0.901,0.918,0
20111122_1848,-15.308,-65.163,560.3,GD.YGC.,22.417,111.942,172.383,1814.57,1881.38,1904.8,687.0,9.814,0.512,0.577,0.594,0.605,0.581,1.9,2.4,0.703,0.669,1.7,0.721,0.721,2.4,0.746,0.721,2.3,0.761,0.721,2.2,0.77,0.721,2.3,0.748,0.721,0
20111122_1848,-15.308,-65.163,560.3,HE.CXT.,36.434,114.051,158.863,1746.412,1795.429,1811.817,688.0,6.228,0.643,0.594,0.62,0.646,0.611,0.7,0.9,0.971,0.968,0.3,0.801,0.801,0.8,0.819,0.801,0.6,0.823,0.801,0.2,0.832,0.801,0.7,0.815,0.801,0
20111122_1848,-15.308,-65.163,560.3,AU.MUN.,-31.978,116.208,132.695,1597.865,1619.6,1626.22,689.0,2.746,0.269,0.329,0.331,0.297,0.31,1.0,0.8,0.883,0.859,-0.4,0.858,0.858,0.5,0.834,0.858,0.5,0.83,0.858,0.3,0.769,0.858,0.3,0.798,0.858,0
20111122_1848,-15.308,-65.163,560.3,NM.CHF.,42.297,118.981,152.777,1713.844,1755.624,1769.286,690.0,1.963,0.42,0.394,0.393,0.391,0.395,0.8,-2.6,0.809,-0.683,-0.3,0.811,0.811,0.0,0.819,0.811,-0.1,0.819,0.811,-0.3,0.828,0.811,-0.1,0.819,0.811,0
20111122_1848,-15.308,-65.163,560.3,KC.TARG.,41.729,77.805,138.622,1633.454,1660.446,1668.844,691.0,3.417,0.402,0.456,0.466,0.464,0.453,1.0,0.9,0.76,0.737,-0.3,0.808,0.808,0.3,0.705,0.808,-0.2,0.606,0.808,-0.3,0.62,0.808,0.3,0.725,0.808,0
20111122_1848,-15.308,-65.163,560.3,XJ.WMQ.,43.814,87.705,143.339,1660.975,1692.559,1702.539,692.0,3.858,0.431,0.511,0.535,0.536,0.52,2.3,2.2,0.866,0.748,2.3,0.83,0.83,2.1,0.815,0.83,1.6,0.81,0.83,1.4,0.819,0.83,1.9,0.81,0.83,0
20111122_1848,-15.308,-65.163,560.3,JS.HA.,32.499,120.659,162.014,1762.807,1815.779,1833.671,693.0,2.085,0.353,0.372,0.362,0.341,0.363,-6.3,-0.7,0.79,0.735,-0.7,0.548,0.548,-0.2,0.666,0.548,-0.3,0.685,0.548,-0.5,0.702,0.548,-0.4,0.695,0.548,0
20111122_1848,-15.308,-65.163,560.3,GD.ZHS.,22.487,113.36,172.687,1816.037,1883.272,1906.866,694.0,6.445,0.47,0.406,0.427,0.439,0.409,-1.7,-1.6,0.946,0.973,-0.9,0.912,0.912,-0.3,0.947,0.912,-0.4,0.934,0.912,-0.4,0.903,0.912,-0.3,0.942,0.912,0
20111122_1848,-15.308,-65.163,560.3,BU.TAS.,40.084,115.493,155.218,1727.043,1771.665,1786.396,695.0,1.962,0.258,0.262,0.266,0.265,0.264,0.7,-3.3,0.463,0.09,-0.2,0.567,0.567,-0.1,0.535,0.567,-0.2,0.542,0.567,-0.4,0.555,0.567,-0.2,0.538,0.567,0
20111122_1848,-15.308,-65.163,560.3,HN.JGS.,29.39,111.89,165.659,1781.39,1839.083,1858.811,696.0,3.845,0.419,0.457,0.456,0.438,0.46,-0.6,2.4,0.794,-0.944,5.5,0.561,0.561,5.9,0.53,0.561,5.8,0.531,0.561,5.6,0.517,0.561,5.9,0.522,0.561,0
20111122_1848,-15.308,-65.163,560.3,ZJ.CHX.,31.087,119.658,163.617,1771.03,1826.062,1844.748,697.0,5.355,0.486,0.584,0.576,0.567,0.577,0.1,0.2,0.922,0.92,0.3,0.822,0.822,0.5,0.876,0.822,0.3,0.875,0.822,0.1,0.868,0.822,0.3,0.874,0.822,0
20111122_1848,-15.308,-65.163,560.3,CQ.WAZ.,30.752,108.461,163.489,1770.375,1825.242,1843.864,698.0,13.881,0.725,0.713,0.727,0.734,0.713,0.4,0.4,0.907,0.907,0.5,0.832,0.832,0.7,0.851,0.832,0.5,0.835,0.832,0.4,0.812,0.832,0.7,0.849,0.832,1
20111122_1848,-15.308,-65.163,560.3,QH.YUS.,33.012,97.016,156.041,1731.451,1777.048,1792.146,699.0,6.426,0.304,0.336,0.356,0.357,0.336,1.2,1.4,0.961,0.965,2.0,0.595,0.595,1.8,0.553,0.595,1.9,0.454,0.595,2.2,0.391,0.595,1.8,0.548,0.595,0
20111122_1848,-15.308,-65.163,560.3,BU.TST.,40.537,117.128,154.693,1724.216,1768.22,1782.718,700.0,2.315,0.537,0.547,0.551,0.551,0.551,0.3,0.5,0.906,0.806,-0.3,0.884,0.884,0.2,0.903,0.884,0.1,0.901,0.884,-0.1,0.889,0.884,0.1,0.901,0.884,0
20111122_1848,-15.308,-65.163,560.3,NM.LCH.,40.541,112.511,154.686,1724.182,1768.178,1782.673,701.0,2.159,0.305,0.349,0.362,0.371,0.349,0.9,1.1,0.739,0.742,0.9,0.837,0.837,0.9,0.831,0.837,0.8,0.839,0.837,0.6,0.856,0.837,0.9,0.835,0.837,0
20111122_1848,-15.308,-65.163,560.3,JL.YST.,44.764,126.752,148.869,1692.297,1729.705,1741.756,702.0,0.673,0.054,0.056,0.059,0.06,0.061,-8.9,4.1,0.809,-0.861,-7.9,0.535,0.535,-7.4,0.5,0.535,-7.6,0.492,0.535,-7.8,0.483,0.535,-7.7,0.492,0.535,0
20111122_1848,-15.308,-65.163,560.3,XJ.QHE.,46.491,90.73,142.902,1658.457,1689.599,1699.426,703.0,4.156,0.658,0.668,0.684,0.681,0.676,0.1,0.4,0.894,0.915,0.0,0.877,0.877,0.1,0.872,0.877,-0.2,0.864,0.877,-0.5,0.847,0.877,0.0,0.873,0.877,1
20111122_1848,-15.308,-65.163,560.3,KN.UCH.,42.228,74.513,136.216,1619.148,1643.93,1651.579,704.0,5.709,0.499,0.273,0.3,0.303,0.266,0.5,0.6,0.944,0.949,-5.6,0.673,0.673,-5.4,0.492,0.673,-5.8,0.508,0.673,-5.8,0.525,0.673,-5.3,0.512,0.673,0
20111122_1848,-15.308,-65.163,560.3,YN.RHT.,24.955,98.438,161.858,1762.004,1814.777,1832.593,705.0,6.429,0.206,0.296,0.3,0.304,0.29,-1.3,-0.9,0.918,0.876,2.4,0.489,0.489,3.7,0.561,0.489,3.8,0.596,0.489,3.8,0.602,0.489,3.6,0.551,0.489,0
20111122_1848,-15.308,-65.163,560.3,BU.FHS.,39.946,116.309,155.329,1727.638,1772.391,1787.17,706.0,2.933,0.433,0.486,0.473,0.438,0.483,-0.6,2.9,0.904,-0.644,-1.9,0.796,0.796,6.1,0.706,0.796,6.0,0.689,0.796,-1.9,0.657,0.796,6.1,0.696,0.796,0
20111122_1848,-15.308,-65.163,560.3,N.HSSF.,42.967,141.229,144.308,1666.534,1699.106,1709.433,707.0,0.794,0.119,0.182,0.2,0.201,0.227,-3.8,-4.2,0.475,0.593,-5.2,0.577,0.577,-4.5,0.57,0.577,-4.8,0.572,0.577,-5.0,0.556,0.577,-5.0,0.58,0.577,0
20111122_1848,-15.308,-65.163,560.3,HB.XSH.,31.26,110.842,163.636,1771.125,1826.182,1844.878,708.0,8.563,0.618,0.421,0.452,0.489,0.436,0.7,0.7,0.693,0.679,1.1,0.845,0.845,1.4,0.841,0.845,1.2,0.844,0.845,1.0,0.851,0.845,1.4,0.84,0.845,0
20111122_1848,-15.308,-65.163,560.3,JP.YOJ.,24.467,123.011,168.05,1793.356,1854.229,1875.228,709.0,2.697,0.021,0.054,0.062,0.064,0.069,2.4,2.9,0.601,0.562,2.4,0.745,0.745,9.0,0.569,0.745,9.1,0.583,0.745,9.2,0.582,0.745,9.1,0.579,0.745,0
20111122_1848,-15.308,-65.163,560.3,N.UMJF.,33.579,134.037,154.808,1724.838,1768.977,1783.525,710.0,1.982,0.298,0.383,0.37,0.363,0.361,-2.1,-1.8,0.677,0.691,-2.5,0.702,0.702,-1.7,0.721,0.702,-2.0,0.731,0.702,-2.1,0.737,0.702,-2.1,0.73,0.702,0
20111122_1848,-15.308,-65.163,560.3,SC.CXI.,31.707,105.95,161.708,1761.233,1813.815,1831.559,711.0,6.2,0.648,0.679,0.694,0.698,0.683,0.1,0.2,0.796,0.869,-0.1,0.636,0.636,-0.1,0.63,0.636,-0.1,0.631,0.636,-0.4,0.628,0.636,-0.1,0.633,0.636,0
20111122_1848,-15.308,-65.163,560.3,XJ.TAC.,46.938,83.167,138.885,1635.007,1662.246,1670.727,712.0,4.855,0.674,0.659,0.648,0.637,0.659,0.6,0.7,0.88,0.911,-0.3,0.801,0.801,-0.2,0.762,0.801,-0.6,0.777,0.801,-0.8,0.764,0.801,-0.4,0.771,0.801,0
20111122_1848,-15.308,-65.163,560.3,TM.UBPT.,15.277,105.469,170.965,1807.689,1872.534,1895.149,713.0,9.189,0.353,0.393,0.364,0.374,0.384,-0.3,-0.1,0.792,0.772,-3.8,0.738,0.738,-3.5,0.874,0.738,-3.0,0.878,0.738,-3.2,0.883,0.738,-3.5,0.868,0.738,0
20111122_1848,-15.308,-65.163,560.3,NM.AGL.,43.303,122.629,151.224,1705.342,1745.357,1758.364,714.0,2.973,0.486,0.495,0.503,0.505,0.499,0.1,-0.1,0.647,0.613,-0.4,0.811,0.811,-0.2,0.836,0.811,-0.3,0.838,0.811,-0.6,0.841,0.811,-0.3,0.837,0.811,0
20111122_1848,-15.308,-65.163,560.3,NX.TLE.,38.807,106.697,155.436,1728.211,1773.09,1787.917,715.0,4.372,0.422,0.421,0.428,0.431,0.419,-2.4,3.5,0.454,0.251,2.0,0.586,0.586,3.1,0.443,0.586,2.8,0.439,0.586,2.3,0.451,0.586,3.2,0.438,0.586,0
20111122_1848,-15.308,-65.163,560.3,GS.MXT.,34.431,104.02,158.542,1744.725,1793.348,1809.586,716.0,5.31,0.757,0.744,0.75,0.745,0.742,0.4,0.4,0.983,0.979,0.1,0.979,0.979,0.1,0.96,0.979,0.1,0.963,0.979,-0.2,0.963,0.979,0.1,0.96,0.979,1
20111122_1848,-15.308,-65.163,560.3,N.TYSF.,39.377,141.593,146.432,1678.608,1713.4,1724.509,717.0,1.941,0.253,0.31,0.317,0.305,0.303,-0.9,-4.9,0.58,-0.582,-1.7,0.688,0.688,-1.5,0.676,0.688,-1.7,0.664,0.688,-1.9,0.65,0.688,-1.9,0.664,0.688,0
20111122_1848,-15.308,-65.163,560.3,HA.NY.,33.14,112.27,162.017,1762.826,1815.802,1833.697,718.0,5.057,0.645,0.598,0.602,0.609,0.603,0.1,0.5,0.64,0.626,-0.1,0.718,0.718,0.2,0.707,0.718,0.0,0.712,0.718,-0.2,0.726,0.718,0.1,0.714,0.718,0
20111122_1848,-15.308,-65.163,560.3,GS.MIQ.,39.07,103.25,154.154,1721.312,1764.687,1778.947,719.0,1.412,0.207,0.224,0.217,0.212,0.221,-0.7,2.3,0.363,-0.609,-3.9,0.467,0.467,6.2,0.439,0.467,5.9,0.408,0.467,-4.1,0.407,0.467,6.2,0.436,0.467,0
20111122_1848,-15.308,-65.163,560.3,XJ.HBH.,48.231,86.552,139.702,1639.822,1667.834,1676.579,720.0,9.66,0.782,0.783,0.789,0.785,0.784,0.7,0.9,0.94,0.923,0.3,0.921,0.921,0.5,0.928,0.921,0.2,0.946,0.921,0.0,0.943,0.921,0.5,0.933,0.921,1
20111122_1848,-15.308,-65.163,560.3,N.IZHF.,34.136,129.207,157.149,1737.357,1784.283,1799.881,721.0,0.908,0.005,0.108,0.103,0.093,0.102,2.5,2.5,0.823,0.648,2.6,0.781,0.781,3.0,0.8,0.781,2.7,0.784,0.781,2.5,0.77,0.781,2.6,0.781,0.781,0
20111122_1848,-15.308,-65.163,560.3,GD.LIZ.,24.802,112.385,170.232,1804.109,1867.948,1890.149,722.0,8.021,0.549,0.548,0.531,0.504,0.533,-1.2,-0.9,0.758,0.766,-1.9,0.795,0.795,6.0,0.689,0.795,5.9,0.69,0.795,5.8,0.686,0.795,5.9,0.699,0.795,0
20111122_1848,-15.308,-65.163,560.3,KZ.KKAR.,43.103,70.511,133.172,1600.772,1622.908,1629.661,723.0,6.494,0.373,0.223,0.225,0.227,0.222,0.5,0.5,0.865,0.877,-0.9,0.629,0.629,8.2,0.759,0.629,8.3,0.745,0.629,8.3,0.747,0.629,8.2,0.763,0.629,0
20111122_1848,-15.308,-65.163,560.3,ZJ.NIB.,29.984,121.52,164.091,1773.446,1829.091,1848.016,724.0,4.041,0.274,0.447,0.428,0.415,0.419,-3.0,-3.4,0.692,0.669,3.9,0.487,0.487,3.9,0.539,0.487,3.7,0.557,0.487,3.5,0.58,0.487,3.6,0.568,0.487,0
20111122_1848,-15.308,-65.163,560.3,GS.JYG.,39.811,98.21,151.518,1706.956,1747.302,1760.432,725.0,6.754,0.568,0.568,0.548,0.534,0.564,0.3,0.3,0.931,0.951,-0.5,0.523,0.523,-0.3,0.537,0.523,6.1,0.558,0.523,6.0,0.589,0.523,-0.4,0.538,0.523,0
20111122_1848,-15.308,-65.163,560.3,CB.GZH.00,23.653,113.652,171.582,1810.689,1876.384,1899.348,726.0,2.267,0.257,0.232,0.226,0.214,0.212,5.9,2.2,0.476,-0.523,6.1,0.536,0.536,6.3,0.419,0.536,6.1,0.465,0.536,5.8,0.527,0.536,6.1,0.451,0.536,0
20111122_1848,-15.308,-65.163,560.3,HL.QAN.,46.584,127.618,146.956,1681.57,1716.918,1728.226,727.0,3.387,0.554,0.583,0.589,0.593,0.586,1.0,1.0,0.901,0.896,0.5,0.907,0.907,0.9,0.915,0.907,0.7,0.904,0.907,0.4,0.895,0.907,0.6,0.901,0.907,0
20111122_1848,-15.308,-65.163,560.3,QH.QML.,34.171,95.83,154.527,1723.324,1767.134,1781.559,728.0,5.716,0.397,0.394,0.393,0.396,0.383,1.0,1.2,0.941,0.933,1.3,0.422,0.422,4.6,0.399,0.422,4.9,0.436,0.422,5.1,0.467,0.422,4.5,0.402,0.422,0
20111122_1848,-15.308,-65.163,560.3,AU.KMBL.,-31.367,121.882,132.837,1598.73,1620.584,1627.244,729.0,4.105,0.226,0.279,0.278,0.286,0.282,3.0,3.3,0.831,0.902,2.1,0.573,0.573,3.2,0.601,0.573,3.3,0.606,0.573,3.1,0.612,0.573,3.1,0.61,0.573,0
20111122_1848,-15.308,-65.163,560.3,SC.MNI.,28.333,102.174,162.483,1765.218,1818.791,1836.913,730.0,6.172,0.157,0.244,0.244,0.236,0.247,0.0,0.2,0.966,0.964,-1.8,0.61,0.61,0.4,0.661,0.61,0.5,0.626,0.61,0.6,0.607,0.61,0.3,0.659,0.61,0
20111122_1848,-15.308,-65.163,560.3,XJ.YCH.,37.39,77.361,140.218,1642.85,1671.355,1680.27,731.0,3.929,0.411,0.443,0.441,0.438,0.438,-0.2,0.0,0.895,0.866,1.8,0.597,0.597,1.8,0.727,0.597,1.5,0.641,0.597,1.6,0.662,0.597,2.0,0.73,0.597,0
20111122_1848,-15.308,-65.163,560.3,ZJ.XIC.,29.482,120.862,164.779,1776.94,1833.48,1852.754,732.0,1.975,0.217,0.349,0.352,0.353,0.356,-2.7,-2.3,0.675,0.646,-9.9,0.439,0.439,-1.1,0.585,0.439,-1.2,0.568,0.439,-1.5,0.542,0.439,-1.4,0.553,0.439,0
20111122_1848,-15.308,-65.163,560.3,GS.ZHC.,34.932,106.3,158.933,1746.782,1795.886,1812.306,733.0,9.499,0.705,0.769,0.761,0.747,0.767,-0.6,-0.2,0.966,0.933,-1.1,0.944,0.944,-0.9,0.939,0.944,-1.0,0.946,0.944,-1.2,0.952,0.944,-1.0,0.942,0.944,1
20111122_1848,-15.308,-65.163,560.3,GS.WDT.,33.361,104.992,159.869,1751.687,1801.951,1818.812,734.0,5.327,0.651,0.671,0.665,0.659,0.668,-0.2,-0.1,0.905,0.89,-0.5,0.943,0.943,-0.5,0.955,0.943,-0.7,0.947,0.943,-0.8,0.934,0.943,-0.6,0.953,0.943,1
20111122_1848,-15.308,-65.163,560.3,N.STMF.,32.887,129.724,157.837,1741.006,1788.767,1804.68,735.0,0.794,0.231,0.328,0.311,0.298,0.314,-2.0,-2.0,0.611,0.587,3.4,0.221,0.221,-0.3,0.341,0.221,-0.8,0.252,0.221,-1.4,0.209,0.221,-1.1,0.223,0.221,0
20111122_1848,-15.308,-65.163,560.3,SD.ZCH.,35.376,117.014,159.838,1751.523,1801.748,1818.594,736.0,3.66,0.531,0.557,0.555,0.543,0.554,0.5,0.6,0.93,0.956,0.3,0.887,0.887,0.4,0.896,0.887,0.2,0.908,0.887,0.0,0.927,0.887,0.2,0.906,0.887,0
20111122_1848,-15.308,-65.163,560.3,XJ.WNQ.,45.0,81.0,138.867,1634.904,1662.127,1670.602,737.0,8.596,0.612,0.427,0.44,0.456,0.418,0.9,1.0,0.975,0.974,0.0,0.817,0.817,-2.4,0.377,0.817,-2.8,0.475,0.817,-2.7,0.468,0.817,-2.4,0.388,0.817,0
20111122_1848,-15.308,-65.163,560.3,GS.WXT.,32.952,104.681,160.099,1752.884,1803.435,1820.404,738.0,6.627,0.668,0.728,0.728,0.712,0.724,0.0,0.1,0.958,0.948,-0.4,0.916,0.916,-0.2,0.883,0.916,-0.3,0.884,0.916,-0.6,0.885,0.916,-0.3,0.885,0.916,1
20111122_1848,-15.308,-65.163,560.3,TM.SRIT.,8.595,99.602,163.664,1771.27,1826.362,1845.073,739.0,1.2,0.023,-0.023,-0.017,-0.02,-0.022,0.5,3.3,0.247,-0.58,-0.4,0.616,0.616,-0.1,0.598,0.616,-0.1,0.631,0.616,-0.2,0.629,0.616,-0.1,0.596,0.616,0
20111122_1848,-15.308,-65.163,560.3,G.CAN.00,-35.319,148.996,119.907,1517.176,1529.589,1533.271,740.0,0.91,0.282,0.195,0.202,0.223,0.206,1.1,-3.6,0.844,-0.397,0.6,0.512,0.512,0.7,0.524,0.512,0.7,0.52,0.512,0.7,0.513,0.512,0.5,0.518,0.512,0
20111122_1848,-15.308,-65.163,560.3,N.FUJF.,35.231,138.418,150.97,1703.943,1743.673,1756.575,741.0,3.287,0.111,0.402,0.367,0.359,0.359,-10.3,-4.2,0.44,-0.359,-8.7,0.589,0.589,0.1,0.477,0.589,-8.0,0.451,0.589,-8.2,0.47,0.589,-8.1,0.445,0.589,0
20111122_1848,-15.308,-65.163,560.3,ZJ.YUY.,29.953,121.094,164.266,1774.336,1830.209,1849.222,742.0,2.781,0.439,0.553,0.547,0.538,0.54,-1.8,-1.3,0.761,0.706,-0.4,0.814,0.814,-0.3,0.731,0.814,-0.5,0.71,0.814,-0.8,0.681,0.814,-0.6,0.696,0.814,0
20111122_1848,-15.308,-65.163,560.3,GD.HUD.,23.516,113.227,171.653,1811.035,1876.83,1899.834,743.0,6.162,0.496,0.469,0.475,0.478,0.471,-0.8,-0.5,0.771,0.909,-0.4,0.605,0.605,-6.3,0.497,0.605,-0.5,0.439,0.605,-0.8,0.518,0.605,-6.4,0.434,0.605,0
20111122_1848,-15.308,-65.163,560.3,NM.BLM.,41.71,110.428,153.325,1716.824,1759.235,1773.133,744.0,3.58,0.574,0.654,0.646,0.623,0.65,-0.6,-0.4,0.889,0.906,-1.3,0.856,0.856,-0.7,0.859,0.856,-0.9,0.856,0.856,-1.2,0.853,0.856,-0.7,0.859,0.856,0
20111122_1848,-15.308,-65.163,560.3,N.KISF.,33.865,135.891,153.45,1717.499,1760.055,1774.007,745.0,1.485,0.252,0.129,0.145,0.142,0.152,-1.0,-0.8,0.421,0.461,-2.5,0.602,0.602,-2.0,0.52,0.602,-2.4,0.545,0.602,-2.5,0.57,0.602,-2.5,0.54,0.602,0
20111122_1848,-15.308,-65.163,560.3,NX.LWU.,38.101,106.331,156.003,1731.249,1776.801,1791.881,746.0,3.664,0.418,0.37,0.377,0.364,0.379,-0.2,3.2,0.572,-0.507,5.9,0.53,0.53,6.4,0.507,0.53,6.3,0.489,0.53,6.0,0.469,0.53,6.5,0.506,0.53,0
20111122_1848,-15.308,-65.163,560.3,NM.JIP.,43.244,117.545,151.968,1709.426,1750.282,1763.6,747.0,2.733,0.529,0.44,0.464,0.484,0.45,1.5,-1.7,0.822,-0.917,1.3,0.854,0.854,1.6,0.821,0.854,1.4,0.82,0.854,1.1,0.818,0.854,1.5,0.82,0.854,0
20111122_1848,-15.308,-65.163,560.3,JX.YIC.,27.809,114.37,167.492,1790.577,1850.702,1871.399,748.0,5.865,0.606,0.563,0.555,0.543,0.56,-0.7,-0.3,0.754,0.773,-1.1,0.611,0.611,-1.7,0.65,0.611,-1.6,0.646,0.611,-1.6,0.643,0.611,-1.6,0.648,0.611,0
20111122_1848,-15.308,-65.163,560.3,SD.QID.,36.057,120.395,158.666,1745.379,1794.154,1810.45,749.0,1.706,0.121,0.13,0.14,0.152,0.144,2.9,-1.2,0.517,-0.192,-9.1,0.403,0.403,-9.0,0.384,0.403,-9.1,0.373,0.403,-9.5,0.352,0.403,-9.3,0.365,0.403,0
20111122_1848,-15.308,-65.163,560.3,CB.TNC.00,25.029,98.52,161.887,1762.153,1814.962,1832.793,750.0,1.655,0.209,0.183,0.129,0.13,0.196,-0.4,2.3,0.695,-0.709,9.2,0.326,0.326,10.4,0.413,0.326,10.5,0.449,0.326,10.5,0.453,0.326,10.3,0.403,0.326,0
20111122_1848,-15.308,-65.163,560.3,JL.SPT.,43.2,124.535,150.902,1703.569,1743.223,1756.097,751.0,1.454,0.243,0.255,0.256,0.252,0.256,-1.1,-0.6,0.283,0.438,-1.0,0.353,0.353,-0.3,0.463,0.353,-0.4,0.481,0.353,-0.8,0.489,0.353,-0.5,0.487,0.353,0
20111122_1848,-15.308,-65.163,560.3,JX.WAA.,26.365,114.802,168.943,1797.774,1859.853,1881.339,752.0,6.3,0.412,0.452,0.455,0.451,0.456,-0.7,-0.5,0.889,0.887,-0.3,0.826,0.826,0.0,0.85,0.826,-0.1,0.851,0.826,-0.3,0.839,0.826,-0.2,0.847,0.826,0
20111122_1848,-15.308,-65.163,560.3,HB.ZHX.,31.172,112.727,164.019,1773.079,1828.631,1847.52,753.0,8.854,0.491,0.484,0.491,0.496,0.489,-1.2,-0.5,0.766,0.652,-1.1,0.64,0.64,-0.8,0.622,0.64,-0.9,0.617,0.64,-1.2,0.608,0.64,-0.8,0.617,0.64,0
20111122_1848,-15.308,-65.163,560.3,NM.WLT.,46.04,122.027,148.683,1691.262,1728.468,1740.446,754.0,2.158,0.257,0.312,0.317,0.32,0.319,7.6,4.2,0.517,-0.79,-0.7,0.705,0.705,-0.5,0.718,0.705,-0.7,0.73,0.705,-1.0,0.744,0.705,-0.8,0.73,0.705,0
20111122_1848,-15.308,-65.163,560.3,XZ.NAQ.,31.45,92.09,153.712,1718.922,1761.782,1775.848,755.0,5.758,0.153,0.187,0.187,0.191,0.191,-0.4,-0.1,0.953,0.917,6.3,0.462,0.462,7.8,0.538,0.462,7.9,0.544,0.462,7.9,0.543,0.462,7.8,0.537,0.462,0
20111122_1848,-15.308,-65.163,560.3,JL.PST.,42.95,126.078,150.729,1702.619,1742.08,1754.883,756.0,2.735,0.591,0.457,0.478,0.505,0.491,1.1,-2.5,0.662,-0.76,0.6,0.866,0.866,1.1,0.786,0.866,0.9,0.77,0.866,0.4,0.767,0.866,0.8,0.76,0.866,0
20111122_1848,-15.308,-65.163,560.3,HL.JMS.,46.732,130.324,146.029,1676.332,1710.699,1721.657,757.0,3.794,0.328,0.347,0.354,0.359,0.355,0.0,0.1,0.979,0.979,-0.3,0.668,0.668,0.0,0.746,0.668,-0.2,0.76,0.668,-0.5,0.783,0.668,-0.3,0.746,0.668,0
20111122_1848,-15.308,-65.163,560.3,SD.TIA.,36.25,117.1,158.961,1746.93,1796.068,1812.502,758.0,3.979,0.493,0.496,0.492,0.468,0.489,-0.1,0.1,0.736,0.718,-0.5,0.771,0.771,-0.3,0.801,0.771,-0.5,0.803,0.771,-0.9,0.796,0.771,-0.6,0.792,0.771,0
20111122_1848,-15.308,-65.163,560.3,LN.SHS.,40.722,120.966,154.034,1720.663,1763.898,1778.105,759.0,2.679,0.487,0.479,0.486,0.49,0.489,5.2,0.4,0.552,0.485,0.0,0.603,0.603,0.2,0.542,0.603,0.0,0.572,0.603,-0.1,0.599,0.603,-0.1,0.58,0.603,0
20111122_1848,-15.308,-65.163,560.3,LN.FSH.,41.883,123.917,152.295,1711.213,1752.441,1765.897,760.0,3.866,0.632,0.634,0.653,0.665,0.657,0.5,0.6,0.876,0.883,-0.1,0.925,0.925,0.5,0.913,0.925,0.3,0.907,0.925,0.1,0.899,0.925,0.3,0.908,0.925,0
20111122_1848,-15.308,-65.163,560.3,CB.DL2.00,38.906,121.628,155.66,1729.412,1774.556,1789.483,761.0,1.486,0.258,0.24,0.248,0.255,0.252,-8.7,4.2,0.365,-0.713,7.7,0.406,0.406,8.2,0.397,0.406,8.0,0.384,0.406,7.8,0.371,0.406,8.0,0.386,0.406,0
20111122_1848,-15.308,-65.163,560.3,XJ.HTTZ0.,37.164,79.06,141.544,1650.586,1680.378,1689.737,762.0,3.162,0.331,0.38,0.376,0.378,0.383,0.6,0.9,0.942,0.9,-5.7,0.669,0.669,-5.4,0.606,0.669,2.6,0.694,0.669,2.6,0.657,0.669,-5.4,0.652,0.669,0
20111122_1848,-15.308,-65.163,560.3,QH.XIN.,36.628,101.725,155.698,1729.617,1774.806,1789.75,763.0,3.836,0.663,0.705,0.696,0.678,0.704,-0.1,0.2,0.932,0.905,-0.1,0.716,0.716,0.0,0.704,0.716,-0.2,0.683,0.716,-0.6,0.675,0.716,0.0,0.701,0.716,0
20111122_1848,-15.308,-65.163,560.3,HE.FEN.,41.223,116.618,154.039,1720.692,1763.932,1778.141,764.0,2.23,0.354,0.357,0.383,0.414,0.376,-4.7,-4.6,0.831,0.587,-4.8,0.638,0.638,-4.8,0.667,0.638,-4.9,0.672,0.638,-5.2,0.657,0.638,-4.8,0.672,0.638,0
20111122_1848,-15.308,-65.163,560.3,KR.MNAS.,42.493,72.498,134.752,1610.349,1633.837,1641.046,765.0,3.929,,,,,,0.3,0.4,0.838,0.84,-16.0,0.0,0.0,-16.0,0.0,0.0,-16.0,0.0,0.0,-16.0,0.0,0.0,-16.0,0.0,0.0,0
20111122_1848,-15.308,-65.163,560.3,HL.TAH.,52.336,124.667,142.157,1654.145,1684.543,1694.111,766.0,1.831,0.357,0.374,0.373,0.368,0.373,-0.1,0.5,0.783,0.673,-0.4,0.824,0.824,0.0,0.822,0.824,-0.2,0.828,0.824,-0.4,0.819,0.824,-0.2,0.835,0.824,0
20111122_1848,-15.308,-65.163,560.3,GD.YGD.,21.711,112.245,173.142,1818.231,1886.105,1909.962,767.0,7.389,0.236,0.138,0.143,0.14,0.143,-5.7,-1.9,0.697,-0.962,-5.6,0.678,0.678,-4.5,0.622,0.678,-4.6,0.596,0.678,-4.6,0.549,0.678,-4.6,0.608,0.678,0
20111122_1848,-15.308,-65.163,560.3,NM.WUH.,39.665,106.839,154.659,1724.037,1768.001,1782.484,768.0,3.934,0.598,0.622,0.628,0.621,0.613,0.7,0.8,0.822,0.799,0.7,0.818,0.818,0.6,0.814,0.818,0.5,0.81,0.818,0.3,0.795,0.818,0.7,0.814,0.818,0
20111122_1848,-15.308,-65.163,560.3,N.HIDF.,42.821,142.415,143.758,1663.383,1695.392,1705.522,769.0,1.234,0.115,0.204,0.193,0.183,0.194,-1.9,-2.2,0.691,0.63,-2.3,0.767,0.767,-1.5,0.78,0.767,-1.9,0.768,0.767,-2.0,0.779,0.767,-2.1,0.756,0.767,0
20111122_1848,-15.308,-65.163,560.3,YN.MLP.,23.128,104.702,167.651,1791.368,1851.705,1872.487,770.0,5.868,0.223,0.04,0.033,0.035,0.045,-10.4,-4.1,0.414,-0.646,-11.7,0.488,0.488,-2.2,0.506,0.488,-2.4,0.505,0.488,-2.3,0.505,0.488,-2.2,0.508,0.488,0
20111122_1848,-15.308,-65.163,560.3,XJ.FUY.,47.0,89.6,142.009,1653.287,1683.538,1693.056,771.0,6.118,0.763,0.739,0.725,0.711,0.738,0.6,0.7,0.949,0.944,-0.1,0.877,0.877,0.1,0.862,0.877,-0.3,0.856,0.877,-0.5,0.848,0.877,0.0,0.865,0.877,1
20111122_1848,-15.308,-65.163,560.3,N.SIBF.,31.97,130.349,158.158,1742.698,1790.851,1806.91,772.0,1.593,0.224,0.213,0.213,0.211,0.217,-0.1,0.1,0.881,0.888,-0.2,0.775,0.775,0.3,0.795,0.775,0.1,0.795,0.775,-0.1,0.796,0.775,-0.1,0.783,0.775,0
20111122_1848,-15.308,-65.163,560.3,BU.DOH.,39.752,118.328,155.366,1727.839,1772.636,1787.432,773.0,2.787,0.311,0.286,0.276,0.262,0.28,8.1,4.4,0.49,-0.475,7.5,0.506,0.506,7.9,0.576,0.506,7.8,0.578,0.506,7.5,0.579,0.506,7.8,0.58,0.506,0
20111122_1848,-15.308,-65.163,560.3,HE.ZHB.,41.402,114.493,153.905,1719.966,1763.05,1777.201,774.0,1.795,0.491,0.439,0.449,0.474,0.445,1.2,1.3,0.935,0.924,0.8,0.851,0.851,1.1,0.794,0.851,0.9,0.803,0.851,0.6,0.813,0.851,1.0,0.798,0.851,0
20111122_1848,-15.308,-65.163,560.3,N.SAGF.,36.255,133.305,153.362,1717.022,1759.476,1773.39,775.0,1.402,0.208,0.212,0.219,0.228,0.227,2.6,-2.1,0.757,-0.749,1.3,0.881,0.881,1.6,0.769,0.881,1.5,0.796,0.881,1.3,0.803,0.881,1.3,0.804,0.881,0
20111122_1848,-15.308,-65.163,560.3,PS.OGS.,27.057,142.203,151.997,1709.583,1750.471,1763.802,776.0,1.777,0.063,-0.048,-0.008,-0.019,-0.04,1.8,2.0,0.735,0.802,8.0,0.324,0.324,2.4,0.501,0.324,2.0,0.51,0.324,1.9,0.504,0.324,2.3,0.499,0.324,0
20111122_1848,-15.308,-65.163,560.3,MY.IPM.,4.479,101.025,162.629,1765.971,1819.731,1837.926,777.0,2.457,0.314,0.268,0.252,0.239,0.269,-0.8,-0.7,0.896,0.928,-8.1,0.455,0.455,0.5,0.424,0.455,-8.1,0.438,0.455,-8.1,0.444,0.455,0.6,0.439,0.455,0
20111122_1848,-15.308,-65.163,560.3,XJ.LHG.,43.638,87.061,143.111,1659.662,1691.015,1700.915,778.0,8.695,0.583,0.622,0.632,0.634,0.62,1.6,1.7,0.79,0.857,1.6,0.807,0.807,1.0,0.701,0.807,0.4,0.702,0.807,0.1,0.704,0.807,1.0,0.702,0.807,0
20111122_1848,-15.308,-65.163,560.3,SN.YULG.,38.856,110.507,156.147,1732.02,1777.744,1792.889,779.0,1.997,0.512,0.494,0.496,0.488,0.497,-0.1,-3.6,0.828,-0.799,-0.3,0.791,0.791,-0.2,0.72,0.791,-0.4,0.735,0.791,-0.8,0.762,0.791,-0.3,0.726,0.791,0
20111122_1848,-15.308,-65.163,560.3,JS.LH.,32.515,118.945,162.393,1764.758,1818.216,1836.295,780.0,3.841,0.429,0.402,0.398,0.383,0.399,3.4,3.5,0.813,0.756,3.4,0.744,0.744,4.0,0.806,0.744,3.9,0.811,0.744,3.7,0.814,0.744,3.8,0.815,0.744,0
20111122_1848,-15.308,-65.163,560.3,YN.CZS.,24.904,98.667,162.064,1763.067,1816.103,1834.02,781.0,7.843,0.294,0.226,0.214,0.218,0.224,0.0,0.2,0.927,0.896,3.7,0.484,0.484,5.3,0.593,0.484,5.4,0.626,0.484,5.4,0.624,0.484,5.3,0.578,0.484,0
20111122_1848,-15.308,-65.163,560.3,JS.CS.,31.67,120.715,162.782,1766.756,1820.713,1838.984,782.0,3.216,0.504,0.592,0.574,0.547,0.564,-2.5,-1.7,0.634,0.532,-2.5,0.547,0.547,-1.8,0.526,0.547,4.7,0.531,0.547,4.4,0.559,0.547,4.5,0.541,0.547,0
20111122_1848,-15.308,-65.163,560.3,CQ.FUL.,29.726,107.438,164.056,1773.267,1828.867,1847.774,783.0,23.834,0.566,0.606,0.601,0.591,0.602,-0.4,-0.2,0.959,0.96,-0.4,0.8,0.8,-0.1,0.85,0.8,-0.2,0.831,0.8,-0.5,0.796,0.8,-0.2,0.843,0.8,1
20111122_1848,-15.308,-65.163,560.3,HA.ZMD.,33.133,113.745,162.147,1763.496,1816.639,1834.597,784.0,9.288,0.608,0.622,0.622,0.64,0.628,0.5,0.8,0.93,0.903,0.7,0.964,0.964,0.9,0.963,0.964,0.8,0.964,0.964,0.5,0.967,0.964,0.8,0.965,0.964,1
20111122_1848,-15.308,-65.163,560.3,N.KZSF.,34.206,139.148,151.088,1704.593,1744.455,1757.406,785.0,1.826,0.248,0.204,0.238,0.253,0.224,1.3,4.2,0.554,-0.805,7.4,0.422,0.422,8.4,0.546,0.422,8.0,0.519,0.422,7.9,0.504,0.422,8.0,0.522,0.422,0
20111122_1848,-15.308,-65.163,560.3,NM.MDG.,51.272,120.778,143.721,1663.171,1695.142,1705.259,786.0,2.663,0.585,0.585,0.584,0.563,0.586,0.2,0.3,0.896,0.902,-0.7,0.824,0.824,-0.5,0.85,0.824,-0.6,0.857,0.824,-0.9,0.855,0.824,-0.6,0.858,0.824,0
20111122_1848,-15.308,-65.163,560.3,QH.LYX.,35.871,101.181,156.091,1731.723,1777.381,1792.501,787.0,5.759,0.685,0.677,0.671,0.664,0.677,0.7,5.1,0.669,-0.833,0.5,0.74,0.74,0.8,0.76,0.74,0.5,0.777,0.74,0.3,0.791,0.74,0.7,0.764,0.74,0
20111122_1848,-15.308,-65.163,560.3,FJ.YDXS.,24.697,116.63,170.462,1805.232,1869.386,1891.716,788.0,4.186,0.443,0.355,0.341,0.325,0.34,0.4,0.5,0.671,0.678,7.6,0.561,0.561,-0.6,0.752,0.561,-0.6,0.754,0.561,-0.7,0.746,0.561,-0.7,0.755,0.561,0
20111122_1848,-15.308,-65.163,560.3,JS.DH.,34.505,118.772,160.479,1754.865,1805.893,1823.044,789.0,6.461,0.644,0.673,0.681,0.688,0.685,0.4,0.6,0.877,0.887,0.2,0.731,0.731,0.4,0.754,0.731,0.2,0.757,0.731,-0.2,0.775,0.731,0.1,0.751,0.731,0
20111122_1848,-15.308,-65.163,560.3,HN.ZJJ.,29.351,110.557,165.414,1780.154,1837.525,1857.126,790.0,6.039,0.535,0.528,0.54,0.569,0.537,0.9,1.0,0.883,0.91,0.9,0.862,0.862,1.2,0.836,0.862,1.1,0.85,0.862,0.8,0.867,0.862,1.1,0.839,0.862,0
20111122_1848,-15.308,-65.163,560.3,HA.PDS.,33.712,113.298,161.544,1760.386,1812.759,1830.423,791.0,8.921,0.272,0.289,0.289,0.285,0.289,-0.3,-0.3,0.927,0.913,-0.2,0.819,0.819,0.1,0.796,0.819,0.0,0.794,0.819,-0.2,0.79,0.819,0.1,0.793,0.819,0
20111122_1848,-15.308,-65.163,560.3,SC.YTI.,31.212,105.361,161.891,1762.177,1814.992,1832.825,792.0,8.296,0.605,0.593,0.577,0.557,0.587,-0.5,-0.6,0.852,0.884,-0.9,0.426,0.426,-0.7,0.4,0.426,-1.0,0.407,0.426,-1.5,0.441,0.426,-0.9,0.406,0.426,0
20111122_1848,-15.308,-65.163,560.3,SN.ZOZT.,34.055,108.324,160.354,1754.215,1805.086,1822.178,793.0,5.696,0.571,0.621,0.605,0.578,0.616,-0.1,0.1,0.802,0.764,-0.6,0.719,0.719,-0.5,0.735,0.719,-0.6,0.741,0.719,-1.0,0.753,0.719,-0.6,0.737,0.719,0
20111122_1848,-15.308,-65.163,560.3,AH.HBE.,33.982,116.79,161.244,1758.831,1810.823,1828.341,794.0,7.771,0.515,0.447,0.442,0.436,0.444,0.7,0.7,0.675,0.686,0.4,0.685,0.685,0.8,0.702,0.685,0.8,0.675,0.685,0.6,0.615,0.685,0.8,0.674,0.685,0
20111122_1848,-15.308,-65.163,560.3,YN.YUJ.,23.566,101.978,165.344,1779.799,1837.079,1856.643,795.0,6.666,0.325,0.297,0.288,0.289,0.298,0.3,0.4,0.926,0.909,1.8,0.552,0.552,2.9,0.599,0.552,2.9,0.607,0.552,2.9,0.607,0.552,2.9,0.596,0.552,0
20111122_1848,-15.308,-65.163,560.3,GE.MMRI.,-8.636,122.238,154.958,1725.646,1769.961,1784.576,796.0,5.6,0.188,0.1,0.103,0.109,0.103,-5.7,-5.2,0.762,0.663,-1.8,0.548,0.548,0.8,0.453,0.548,0.8,0.462,0.548,0.6,0.474,0.548,0.7,0.457,0.548,0
20111122_1848,-15.308,-65.163,560.3,CB.SNY.00,41.828,123.578,152.429,1711.943,1753.324,1766.837,797.0,4.263,0.601,0.541,0.563,0.586,0.58,0.5,0.9,0.714,0.731,-0.2,0.807,0.807,0.6,0.809,0.807,0.4,0.808,0.807,0.0,0.813,0.807,0.3,0.808,0.807,0
20111122_1848,-15.308,-65.163,560.3,N.NSKF.,34.34,132.002,155.486,1728.484,1773.423,1788.272,798.0,2.012,0.247,0.225,0.211,0.201,0.204,6.7,3.6,0.582,-0.338,-2.2,0.775,0.775,-1.7,0.783,0.775,-1.9,0.79,0.775,-2.1,0.799,0.775,-2.0,0.795,0.775,0
20111122_1848,-15.308,-65.163,560.3,BU.LBG.,40.899,116.596,154.363,1722.441,1766.06,1780.412,799.0,1.382,0.524,0.472,0.484,0.501,0.483,1.4,4.5,0.89,-0.758,0.7,0.767,0.767,8.3,0.594,0.767,8.3,0.575,0.767,0.3,0.598,0.767,8.2,0.584,0.767,0
20111122_1848,-15.308,-65.163,560.3,SN.MIAX.,33.229,106.8,160.658,1755.794,1807.046,1824.283,800.0,4.286,0.748,0.647,0.644,0.643,0.644,0.3,0.5,0.951,0.952,-0.2,0.863,0.863,0.1,0.748,0.863,-0.1,0.766,0.863,-0.4,0.803,0.863,0.0,0.754,0.863,0
20111122_1848,-15.308,-65.163,560.3,XJ.MUL.,43.809,90.296,144.68,1668.661,1701.617,1712.078,801.0,12.968,0.384,0.388,0.384,0.387,0.383,0.9,-3.6,0.653,-0.713,0.1,0.851,0.851,0.1,0.787,0.851,-0.2,0.756,0.851,-0.4,0.745,0.851,0.0,0.782,0.851,0
20111122_1848,-15.308,-65.163,560.3,HB.YXI.,32.986,110.432,161.876,1762.1,1814.897,1832.722,802.0,5.445,0.558,0.429,0.444,0.468,0.436,1.8,1.6,0.589,0.63,1.6,0.742,0.742,1.8,0.711,0.742,1.8,0.712,0.742,1.5,0.722,0.742,1.8,0.713,0.742,0
20111122_1848,-15.308,-65.163,560.3,GX.BHS.,21.653,109.213,171.714,1811.33,1877.21,1900.249,803.0,8.708,0.064,0.173,0.202,0.218,0.191,-0.3,-0.3,0.793,0.864,2.1,0.709,0.709,2.3,0.884,0.709,2.1,0.882,0.709,2.1,0.883,0.709,2.2,0.88,0.709,0
20111122_1848,-15.308,-65.163,560.3,NM.XLT.,43.9,116.079,151.389,1706.249,1746.45,1759.525,804.0,5.666,0.576,0.488,0.511,0.53,0.502,1.9,2.1,0.86,0.856,1.0,0.927,0.927,1.3,0.925,0.927,1.1,0.924,0.927,0.8,0.925,0.927,1.2,0.925,0.927,0
20111122_1848,-15.308,-65.163,560.3,SC.LGH.,27.714,100.862,162.059,1763.042,1816.072,1833.987,805.0,8.514,0.176,0.274,0.281,0.28,0.273,1.8,2.1,0.56,0.675,-0.3,0.454,0.454,0.8,0.468,0.454,0.8,0.472,0.454,0.8,0.474,0.454,0.8,0.469,0.454,0
20111122_1848,-15.308,-65.163,560.3,CB.TIA.00,36.21,117.124,158.999,1747.128,1796.313,1812.764,806.0,4.009,0.49,0.499,0.491,0.468,0.491,-0.1,0.2,0.735,0.711,-0.5,0.774,0.774,-0.4,0.792,0.774,-0.6,0.794,0.774,-0.9,0.791,0.774,-0.6,0.786,0.774,0
20111122_1848,-15.308,-65.163,560.3,GX.DXX.,22.838,107.186,169.566,1800.841,1863.767,1885.596,807.0,19.914,0.047,0.114,0.112,0.112,0.111,-0.8,-0.5,0.843,0.829,-3.5,0.575,0.575,8.3,0.4,0.575,8.3,0.39,0.575,8.4,0.388,0.575,8.3,0.4,0.575,0
20111122_1848,-15.308,-65.163,560.3,TM.LOEI.,17.509,101.624,167.139,1788.819,1848.473,1868.981,808.0,1.035,0.019,0.17,0.173,0.173,0.167,-6.1,-1.9,0.647,0.451,-6.4,0.646,0.646,-0.7,0.395,0.646,-0.7,0.36,0.646,-0.7,0.372,0.646,-0.8,0.399,0.646,0
20111122_1848,-15.308,-65.163,560.3,XJ.WCW.,44.901,89.032,143.267,1660.56,1692.07,1702.025,809.0,1.076,0.046,0.074,0.087,0.095,0.074,1.4,2.2,0.487,0.83,2.4,0.487,0.487,2.0,0.52,0.487,1.6,0.532,0.487,1.4,0.558,0.487,2.0,0.515,0.487,0
20111122_1848,-15.308,-65.163,560.3,SN.XIXI.,32.91,107.716,161.251,1758.87,1810.871,1828.393,810.0,4.925,0.771,0.583,0.595,0.603,0.586,0.6,0.8,0.935,0.942,0.3,0.934,0.934,0.4,0.874,0.934,0.3,0.883,0.934,0.0,0.899,0.934,0.4,0.878,0.934,0
20111122_1848,-15.308,-65.163,560.3,BJ.DHC.,39.861,116.11,155.422,1728.138,1773.001,1787.822,811.0,4.091,0.547,0.524,0.519,0.511,0.523,-0.3,-0.1,0.739,0.698,4.9,0.507,0.507,5.9,0.475,0.507,5.7,0.438,0.507,5.4,0.379,0.507,5.8,0.451,0.507,0
20111122_1848,-15.308,-65.163,560.3,YN.SIM.,22.776,101.014,164.964,1777.88,1834.663,1854.031,812.0,7.437,0.241,0.185,0.167,0.17,0.18,0.6,0.8,0.707,0.648,2.1,0.666,0.666,4.0,0.628,0.666,4.5,0.646,0.666,4.5,0.64,0.666,4.0,0.635,0.666,0
20111122_1848,-15.308,-65.163,560.3,HA.HX.,35.45,113.44,159.819,1751.425,1801.628,1818.465,813.0,10.374,0.598,0.644,0.652,0.654,0.649,0.6,0.7,0.957,0.931,0.2,0.783,0.783,0.3,0.822,0.783,0.2,0.83,0.783,-0.1,0.844,0.783,0.3,0.825,0.783,1
20111122_1848,-15.308,-65.163,560.3,GS.BYT.,36.581,104.13,156.691,1734.92,1781.295,1796.685,814.0,6.535,0.748,0.771,0.755,0.746,0.765,-0.2,-0.2,0.923,0.921,-0.2,0.917,0.917,-0.2,0.969,0.917,-0.4,0.967,0.917,-0.6,0.959,0.917,-0.3,0.969,0.917,1
20111122_1848,-15.308,-65.163,560.3,FJ.HAJF.,24.979,118.959,169.586,1800.939,1863.892,1885.733,815.0,2.676,-0.035,0.011,-0.005,-0.02,-0.014,6.9,-5.3,0.392,-0.734,-2.6,0.214,0.214,4.5,0.222,0.214,4.4,0.224,0.214,4.3,0.226,0.214,4.3,0.224,0.214,0
20111122_1848,-15.308,-65.163,560.3,GD.CHZ.,23.672,116.637,171.466,1810.126,1875.662,1898.56,816.0,4.192,0.305,0.252,0.248,0.242,0.254,4.6,-4.3,0.556,-0.43,-0.5,0.663,0.663,0.2,0.562,0.663,0.1,0.441,0.663,4.8,0.296,0.663,0.1,0.416,0.663,0
20111122_1848,-15.308,-65.163,560.3,SH.XKS.,31.058,121.142,163.228,1769.039,1823.569,1842.061,817.0,5.125,0.528,0.499,0.501,0.507,0.503,-2.5,-1.3,0.442,0.33,-0.6,0.718,0.718,-0.1,0.606,0.718,-0.1,0.613,0.718,-0.3,0.627,0.718,-0.2,0.618,0.718,0
20111122_1848,-15.308,-65.163,560.3,JS.ZJ.,32.148,119.447,162.645,1766.052,1819.833,1838.036,818.0,5.686,0.487,0.531,0.534,0.532,0.54,-0.7,-0.6,0.651,0.707,-1.3,0.556,0.556,-0.4,0.621,0.556,-0.6,0.621,0.556,-0.8,0.62,0.556,-0.7,0.627,0.556,0
20111122_1848,-15.308,-65.163,560.3,GS.WSH.,34.661,105.05,158.741,1745.772,1794.639,1810.97,819.0,6.494,0.727,0.688,0.692,0.688,0.687,0.3,0.5,0.741,0.748,-0.5,0.604,0.604,-0.3,0.612,0.604,-0.3,0.62,0.604,-0.5,0.626,0.604,-0.3,0.616,0.604,0
20111122_1848,-15.308,-65.163,560.3,TW.TWGB.,22.818,121.08,170.453,1805.19,1869.331,1891.657,820.0,1.124,0.096,0.062,0.074,0.069,0.083,-13.1,-0.9,0.421,-0.435,2.1,0.517,0.517,2.8,0.407,0.517,2.6,0.413,0.517,2.6,0.419,0.517,2.6,0.41,0.517,0
20111122_1848,-15.308,-65.163,560.3,YN.ZOD.,27.823,99.698,161.198,1758.596,1810.53,1828.026,821.0,9.721,0.129,0.257,0.258,0.26,0.259,0.7,0.9,0.89,0.902,-1.0,0.783,0.783,-0.3,0.782,0.783,-0.3,0.781,0.783,-0.3,0.782,0.783,-0.3,0.783,0.783,0
20111122_1848,-15.308,-65.163,560.3,IC.ENH.00,30.276,109.494,164.249,1774.251,1830.102,1849.107,822.0,9.361,0.641,0.565,0.595,0.628,0.579,0.9,0.9,0.96,0.966,1.0,0.912,0.912,1.3,0.905,0.912,1.2,0.907,0.912,1.0,0.901,0.912,1.2,0.906,0.912,0
20111122_1848,-15.308,-65.163,560.3,HI.XSA.,16.36,112.48,177.501,1838.892,1913.01,1939.445,823.0,0.961,-0.002,-0.038,-0.015,-0.029,-0.061,-7.7,0.4,0.451,0.18,-8.2,0.597,0.597,-5.0,0.488,0.597,-5.1,0.466,0.597,-5.0,0.475,0.597,-4.8,0.536,0.597,0
20111122_1848,-15.308,-65.163,560.3,BU.ZJT.,40.831,114.902,154.478,1723.057,1766.809,1781.212,824.0,2.425,0.396,0.375,0.388,0.408,0.379,1.1,4.3,0.905,-0.901,0.5,0.828,0.828,0.2,0.743,0.828,0.2,0.754,0.828,0.1,0.769,0.828,0.2,0.749,0.828,0
20111122_1848,-15.308,-65.163,560.3,IC.BJT.00,40.018,116.168,155.263,1727.283,1771.957,1786.708,825.0,1.47,0.524,0.53,0.531,0.523,0.531,-0.1,-0.1,0.85,0.807,-0.4,0.586,0.586,-0.2,0.649,0.586,-0.4,0.653,0.586,-0.6,0.649,0.586,-0.3,0.651,0.586,0
20111122_1848,-15.308,-65.163,560.3,HN.CHL.,26.795,113.506,168.447,1795.32,1856.727,1877.941,826.0,5.412,0.601,0.571,0.569,0.566,0.569,-1.3,-0.7,0.795,0.751,-0.9,0.875,0.875,-0.8,0.814,0.875,-0.9,0.821,0.875,-1.1,0.836,0.875,-0.9,0.821,0.875,0
20111122_1848,-15.308,-65.163,560.3,SC.XCE.,28.942,99.792,160.543,1755.196,1806.304,1823.485,827.0,7.483,0.155,0.109,0.1,0.098,0.107,0.7,0.6,0.939,0.93,-0.9,0.751,0.751,0.6,0.696,0.751,0.6,0.709,0.751,0.6,0.717,0.751,0.6,0.699,0.751,0
20111122_1848,-15.308,-65.163,560.3,JS.QSD.,34.995,119.823,159.811,1751.379,1801.571,1818.404,828.0,3.125,0.258,0.411,0.426,0.429,0.427,0.5,-2.3,0.642,-0.533,6.1,0.626,0.626,6.1,0.555,0.626,6.0,0.545,0.626,5.8,0.517,0.626,6.0,0.544,0.626,0
20111122_1848,-15.308,-65.163,560.3,N.NRWF.,34.768,133.533,154.299,1722.092,1765.635,1779.959,829.0,1.196,0.012,0.143,0.13,0.119,0.111,6.3,-2.5,0.654,0.455,-2.5,0.594,0.594,6.3,0.556,0.594,6.0,0.562,0.594,5.8,0.565,0.594,5.8,0.558,0.594,0
20111122_1848,-15.308,-65.163,560.3,GD.GAZ.,22.055,111.014,172.345,1814.385,1881.142,1904.54,830.0,7.486,0.632,0.576,0.589,0.592,0.584,1.6,2.0,0.723,0.732,0.7,0.796,0.796,1.5,0.828,0.796,1.5,0.828,0.796,1.5,0.826,0.796,1.5,0.823,0.796,0
20111122_1848,-15.308,-65.163,560.3,CQ.QIJ.,29.564,108.796,164.698,1776.53,1832.965,1852.197,831.0,11.374,0.624,0.652,0.66,0.676,0.658,0.6,0.7,0.934,0.934,0.7,0.848,0.848,0.9,0.84,0.848,0.9,0.845,0.848,0.6,0.829,0.848,0.8,0.838,0.848,1
20111122_1848,-15.308,-65.163,560.3,GD.LIP.,24.361,114.465,170.941,1807.569,1872.381,1894.981,832.0,5.642,0.371,0.427,0.421,0.402,0.428,-1.9,-1.9,0.707,0.725,-1.6,0.542,0.542,-1.7,0.589,0.542,-1.9,0.564,0.542,-2.5,0.536,0.542,-1.9,0.559,0.542,0
20111122_1848,-15.308,-65.163,560.3,NM.XIH.,42.252,119.889,152.707,1713.463,1755.163,1768.795,833.0,4.725,0.483,0.437,0.422,0.408,0.429,0.7,0.8,0.809,0.893,-0.2,0.865,0.865,0.3,0.9,0.865,0.2,0.893,0.865,-0.2,0.881,0.865,0.2,0.895,0.865,0
20111122_1848,-15.308,-65.163,560.3,XJ.STZ.,43.713,86.653,142.84,1658.097,1689.177,1698.982,834.0,12.484,0.51,0.522,0.527,0.519,0.524,0.9,1.2,0.823,0.835,0.6,0.781,0.781,0.0,0.827,0.781,-0.4,0.82,0.781,-0.6,0.812,0.781,0.0,0.829,0.781,0
20111122_1848,-15.308,-65.163,560.3,QH.LJS.,36.355,101.45,155.809,1730.21,1775.531,1790.524,835.0,3.192,0.657,0.673,0.671,0.671,0.675,0.4,0.4,0.924,0.913,0.4,0.627,0.627,0.5,0.712,0.627,0.4,0.672,0.627,0.0,0.64,0.627,0.4,0.706,0.627,0
20111122_1848,-15.308,-65.163,560.3,AU.CTA.,-20.088,146.25,133.031,1599.915,1621.932,1628.646,836.0,2.373,0.427,0.458,0.439,0.412,0.455,-0.8,-0.5,0.862,0.875,-1.4,0.908,0.908,-1.3,0.895,0.908,-1.4,0.898,0.908,-1.6,0.907,0.908,-1.4,0.896,0.908,0
20111122_1848,-15.308,-65.163,560.3,JX.NAC.,27.539,116.576,167.663,1791.429,1851.783,1872.572,837.0,7.907,0.524,0.498,0.507,0.517,0.516,1.2,1.3,0.873,0.843,1.7,0.878,0.878,1.3,0.936,0.878,1.3,0.938,0.878,1.4,0.94,0.878,1.3,0.939,0.878,0
20111122_1848,-15.308,-65.163,560.3,CB.NJ2.00,32.052,118.854,162.862,1767.163,1821.222,1839.532,838.0,4.97,0.534,0.568,0.578,0.59,0.582,0.2,0.2,0.721,0.778,0.5,0.562,0.562,0.9,0.574,0.562,0.8,0.559,0.562,0.4,0.532,0.562,0.6,0.548,0.562,0
20111122_1848,-15.308,-65.163,560.3,HA.JY.,35.163,112.449,160.03,1752.526,1802.991,1819.928,839.0,5.837,0.558,0.656,0.66,0.655,0.655,0.7,1.0,0.846,0.832,0.5,0.852,0.852,0.7,0.854,0.852,0.5,0.858,0.852,0.3,0.861,0.852,0.7,0.853,0.852,1
20111122_1848,-15.308,-65.163,560.3,LN.HUR.,41.279,125.354,152.479,1712.219,1753.658,1767.193,840.0,1.941,0.288,0.233,0.25,0.264,0.253,-6.3,-5.6,0.601,0.554,-7.2,0.457,0.457,-6.4,0.551,0.457,-6.5,0.56,0.457,-6.9,0.581,0.457,-6.6,0.561,0.457,0
20111122_1848,-15.308,-65.163,560.3,LN.YKO.,40.683,122.603,153.742,1719.084,1761.978,1776.058,841.0,1.772,0.25,0.252,0.255,0.256,0.255,0.4,0.5,0.466,0.416,0.8,0.33,0.33,0.8,0.423,0.33,0.5,0.431,0.33,0.2,0.435,0.33,0.5,0.426,0.33,0
20111122_1848,-15.308,-65.163,560.3,IC.LSA.00,29.703,91.127,153.882,1719.844,1762.901,1777.042,842.0,6.237,0.257,0.293,0.282,0.286,0.294,0.4,0.4,0.93,0.937,8.3,0.758,0.758,8.4,0.735,0.758,8.5,0.718,0.758,8.5,0.717,0.758,8.4,0.74,0.758,0
20111122_1848,-15.308,-65.163,560.3,LN.BZH.,41.599,121.764,153.036,1715.253,1757.331,1771.104,843.0,4.004,0.614,0.601,0.586,0.578,0.589,1.2,1.3,0.579,0.598,7.7,0.473,0.473,-0.1,0.528,0.473,-0.1,0.53,0.473,-0.1,0.533,0.473,-0.1,0.533,0.473,0
20111122_1848,-15.308,-65.163,560.3,ZJ.ZHS.,30.038,122.117,163.823,1772.08,1827.378,1846.168,844.0,4.542,0.384,0.452,0.454,0.45,0.438,5.3,-4.3,0.718,0.655,5.6,0.587,0.587,6.0,0.59,0.587,-3.3,0.58,0.587,-3.6,0.563,0.587,5.7,0.57,0.587,0
20111122_1848,-15.308,-65.163,560.3,N.NAAF.,35.224,137.362,151.652,1707.697,1748.195,1761.381,845.0,1.183,0.344,0.187,0.161,0.164,0.146,-3.0,-5.6,0.605,-0.366,-3.3,0.637,0.637,-2.6,0.687,0.637,-3.1,0.66,0.637,-3.3,0.662,0.637,-3.2,0.661,0.637,0
20111122_1848,-15.308,-65.163,560.3,SD.NLA.,35.522,117.983,159.59,1750.228,1800.146,1816.875,846.0,2.495,0.357,0.397,0.408,0.414,0.404,0.3,0.4,0.542,0.685,-0.1,0.466,0.466,0.2,0.475,0.466,0.1,0.482,0.466,-0.1,0.485,0.466,-0.1,0.482,0.466,0
20111122_1848,-15.308,-65.163,560.3,FJ.YXBM.,26.039,118.11,168.843,1797.28,1859.223,1880.654,847.0,4.254,0.496,0.473,0.482,0.488,0.479,-0.3,0.0,0.794,0.828,0.0,0.839,0.839,0.4,0.685,0.839,0.2,0.682,0.839,0.0,0.671,0.839,0.1,0.675,0.839,0
20111122_1848,-15.308,-65.163,560.3,NM.XSZ.,40.74,108.734,154.021,1720.595,1763.815,1778.016,848.0,6.129,0.672,0.645,0.646,0.647,0.643,0.6,0.7,0.89,0.916,0.3,0.679,0.679,0.3,0.883,0.679,0.2,0.864,0.679,0.0,0.831,0.679,0.4,0.88,0.679,1
20111122_1848,-15.308,-65.163,560.3,SC.HSH.,32.064,102.987,160.073,1752.746,1803.264,1820.221,849.0,4.387,0.484,0.463,0.451,0.446,0.46,1.2,1.2,0.855,0.82,0.5,0.774,0.774,0.5,0.769,0.774,0.5,0.804,0.774,0.4,0.826,0.774,0.4,0.779,0.774,0
20111122_1848,-15.308,-65.163,560.3,BU.SFS.,39.661,115.814,155.632,1729.265,1774.377,1789.292,850.0,3.188,0.505,0.447,0.455,0.465,0.449,-4.7,-4.4,0.701,0.515,1.1,0.72,0.72,-5.2,0.631,0.72,-5.4,0.649,0.72,-5.7,0.665,0.72,-5.3,0.644,0.72,0
20111122_1848,-15.308,-65.163,560.3,FJ.FZCM.,26.009,119.367,168.494,1795.554,1857.025,1878.264,851.0,6.569,0.438,0.449,0.447,0.446,0.45,0.2,0.1,0.841,0.809,0.5,0.508,0.508,0.6,0.672,0.508,0.5,0.663,0.508,0.4,0.639,0.508,0.4,0.657,0.508,0
20111122_1848,-15.308,-65.163,560.3,ZJ.HUZ.,30.842,120.095,163.737,1771.641,1826.828,1845.574,852.0,9.128,0.535,0.703,0.702,0.698,0.701,-0.4,0.0,0.785,0.731,-0.2,0.902,0.902,0.2,0.894,0.902,0.1,0.889,0.902,-0.1,0.875,0.902,0.0,0.885,0.902,0
20111122_1848,-15.308,-65.163,560.3,JL.SLT.,43.688,123.9,150.588,1701.836,1741.139,1753.883,853.0,1.558,0.073,0.027,0.014,-0.006,0.015,-1.6,-4.1,0.655,-0.664,-1.4,0.436,0.436,-1.3,0.475,0.436,-1.5,0.486,0.436,-1.8,0.501,0.436,-1.5,0.486,0.436,0
20111122_1848,-15.308,-65.163,560.3,BU.ZKD.,39.688,115.922,155.602,1729.102,1774.177,1789.079,854.0,3.18,0.509,0.442,0.432,0.42,0.435,-5.6,-5.3,0.854,0.74,-6.1,0.739,0.739,-6.2,0.732,0.739,-6.4,0.752,0.739,-6.6,0.776,0.739,-6.3,0.744,0.739,0
20111122_1848,-15.308,-65.163,560.3,AH.TOL.,30.925,117.819,164.147,1773.73,1829.448,1848.4,855.0,3.203,0.426,0.383,0.4,0.421,0.402,0.3,0.3,0.767,0.791,0.3,0.845,0.845,0.6,0.906,0.845,0.5,0.91,0.845,0.3,0.914,0.845,0.4,0.913,0.845,0
20111122_1848,-15.308,-65.163,560.3,GS.LXA.,35.627,103.263,157.195,1737.605,1784.588,1800.206,856.0,5.216,0.715,0.706,0.697,0.693,0.705,0.1,0.3,0.978,0.974,0.1,0.916,0.916,0.1,0.921,0.916,0.0,0.916,0.916,-0.2,0.91,0.916,0.0,0.921,0.916,1
20111122_1848,-15.308,-65.163,560.3,JX.XUW.,24.995,115.608,170.286,1804.372,1868.284,1890.515,857.0,3.207,-0.061,-0.074,-0.072,-0.066,-0.07,0.4,-3.9,0.57,-0.278,-4.4,0.479,0.479,-4.2,0.545,0.479,-4.4,0.544,0.479,-4.5,0.535,0.479,-4.4,0.541,0.479,0
20111122_1848,-15.308,-65.163,560.3,BJ.LLM.,40.629,116.638,154.631,1723.882,1767.813,1782.283,858.0,2.123,0.482,0.475,0.474,0.461,0.472,0.7,3.8,0.75,-0.766,0.2,0.81,0.81,0.3,0.813,0.81,0.2,0.808,0.81,0.1,0.79,0.81,0.3,0.81,0.81,0
20111122_1848,-15.308,-65.163,560.3,SX.LIF.,36.088,111.367,158.99,1747.083,1796.258,1812.705,859.0,4.245,0.559,0.479,0.496,0.512,0.491,0.8,1.0,0.75,0.775,0.3,0.828,0.828,0.6,0.806,0.828,0.4,0.818,0.828,0.0,0.835,0.828,0.5,0.809,0.828,0
20111122_1848,-15.308,-65.163,560.3,CQ.CQT.,29.422,106.573,163.964,1772.8,1828.281,1847.142,860.0,20.727,0.631,0.645,0.649,0.65,0.641,4.3,-0.6,0.673,0.456,4.7,0.649,0.649,4.8,0.754,0.649,4.7,0.684,0.649,4.6,0.601,0.649,4.8,0.733,0.649,0
20111122_1848,-15.308,-65.163,560.3,YN.MZT.,25.215,98.495,161.775,1761.578,1814.245,1832.021,861.0,5.394,0.254,0.218,0.196,0.203,0.223,0.3,0.6,0.958,0.919,1.6,0.485,0.485,4.8,0.448,0.485,5.0,0.498,0.485,5.0,0.501,0.485,4.7,0.436,0.485,0
20111122_1848,-15.308,-65.163,560.3,SX.HMA.,35.58,111.41,159.498,1749.742,1799.544,1816.23,862.0,6.769,0.676,0.621,0.638,0.658,0.638,0.6,0.6,0.925,0.923,0.2,0.917,0.917,0.8,0.905,0.917,0.6,0.91,0.917,0.3,0.918,0.917,0.7,0.907,0.917,1
20111122_1848,-15.308,-65.163,560.3,ZJ.XSH.,29.894,120.105,164.631,1776.191,1832.539,1851.737,863.0,5.111,0.413,0.521,0.523,0.523,0.517,-1.0,-0.8,0.922,0.901,-8.4,0.616,0.616,-0.1,0.667,0.616,-0.3,0.659,0.616,-0.7,0.652,0.616,-0.5,0.655,0.616,0
20111122_1848,-15.308,-65.163,560.3,GE.SMRI.,-7.049,110.441,157.222,1737.746,1784.761,1800.392,864.0,0.582,-0.032,-0.009,-0.014,-0.018,-0.014,-4.8,-4.4,0.651,0.672,1.6,0.667,0.667,1.4,0.659,0.667,1.4,0.658,0.667,1.4,0.648,0.667,1.4,0.659,0.667,0
20111122_1848,-15.308,-65.163,560.3,XJ.CBC.,43.521,81.439,139.97,1641.394,1669.662,1678.495,865.0,7.71,0.549,0.601,0.619,0.621,0.601,1.3,1.4,0.943,0.907,1.4,0.806,0.806,1.0,0.854,0.806,0.5,0.866,0.806,0.5,0.863,0.806,1.0,0.852,0.806,1
20111122_1848,-15.308,-65.163,560.3,AU.QIS.,-20.558,139.605,136.661,1621.81,1646.994,1654.779,866.0,0.956,0.225,0.216,0.217,0.226,0.218,2.4,2.4,0.943,0.789,1.6,0.784,0.784,1.4,0.877,0.784,1.3,0.88,0.784,1.0,0.878,0.784,1.3,0.875,0.784,0
20111122_1848,-15.308,-65.163,560.3,SC.WCA.,32.177,106.197,161.389,1759.584,1811.76,1829.348,867.0,13.254,0.738,0.682,0.676,0.664,0.679,0.0,0.2,0.833,0.888,-0.5,0.604,0.604,0.0,0.576,0.604,-0.2,0.566,0.604,-0.6,0.573,0.604,-0.1,0.576,0.604,0
20111122_1848,-15.308,-65.163,560.3,GS.LZH.,36.083,103.844,157.026,1736.702,1783.48,1799.022,868.0,6.539,0.655,0.652,0.658,0.65,0.659,-1.1,-0.4,0.644,0.576,-1.5,0.774,0.774,-1.3,0.766,0.774,-1.3,0.77,0.774,-1.6,0.768,0.774,-1.2,0.764,0.774,0
20111122_1848,-15.308,-65.163,560.3,N.YNGF.,24.455,123.007,168.062,1793.414,1854.303,1875.308,869.0,2.609,0.031,0.062,0.075,0.079,0.083,2.7,3.0,0.69,0.635,2.7,0.655,0.655,9.1,0.642,0.655,9.1,0.652,0.655,9.2,0.645,0.655,9.1,0.65,0.655,0
20111122_1848,-15.308,-65.163,560.3,KN.ULHL.,42.246,76.242,137.353,1625.932,1651.749,1659.748,870.0,0.346,0.004,-0.036,-0.036,-0.036,-0.005,5.5,-4.5,0.665,-0.849,2.9,0.168,0.168,2.5,0.292,0.168,1.7,0.298,0.168,1.6,0.298,0.168,3.0,0.335,0.168,0
20111122_1848,-15.308,-65.163,560.3,G.INU.00,35.35,137.029,151.783,1708.414,1749.061,1762.301,871.0,1.13,0.292,0.146,0.145,0.152,0.15,2.3,-1.2,0.498,-0.259,2.3,0.642,0.642,2.8,0.613,0.642,2.3,0.624,0.642,2.0,0.632,0.642,2.1,0.628,0.642,0
20111122_1848,-15.308,-65.163,560.3,ZJ.HAY.,30.383,120.848,163.948,1772.718,1828.178,1847.031,872.0,3.572,0.429,0.45,0.456,0.464,0.457,1.0,1.1,0.502,0.476,2.2,0.687,0.687,2.6,0.685,0.687,2.5,0.67,0.687,2.4,0.645,0.687,2.4,0.661,0.687,0
20111122_1848,-15.308,-65.163,560.3,SD.RZH.,35.422,119.523,159.453,1749.508,1799.255,1815.919,873.0,2.62,0.349,0.301,0.327,0.379,0.344,0.9,1.0,0.739,0.692,0.7,0.844,0.844,1.2,0.837,0.844,1.1,0.838,0.844,0.8,0.857,0.844,1.0,0.851,0.844,0
20111122_1848,-15.308,-65.163,560.3,ZJ.JAX.,30.78,120.888,163.566,1770.766,1825.731,1844.392,874.0,3.988,0.287,0.412,0.404,0.388,0.401,-8.1,-2.7,0.251,0.082,5.2,0.36,0.36,5.3,0.369,0.36,5.2,0.37,0.36,5.0,0.371,0.36,5.1,0.37,0.36,0
20111122_1848,-15.308,-65.163,560.3,SX.CHZ.,36.224,113.18,159.032,1747.3,1796.526,1812.992,875.0,0.592,0.147,0.065,0.077,0.083,0.07,10.8,5.2,0.353,-0.672,-8.4,0.486,0.486,-8.2,0.507,0.486,-8.2,0.496,0.486,-8.6,0.473,0.486,-8.2,0.5,0.486,0
20111122_1848,-15.308,-65.163,560.3,SN.SHNA.,33.518,110.865,161.44,1759.845,1812.085,1829.698,876.0,5.617,0.591,0.538,0.543,0.547,0.542,-1.2,1.2,0.399,0.181,2.6,0.368,0.368,3.3,0.363,0.368,3.2,0.357,0.368,3.0,0.357,0.368,3.3,0.364,0.368,0
20111122_1848,-15.308,-65.163,560.3,XJ.RGN.,43.865,87.561,143.228,1660.335,1691.806,1701.748,877.0,3.509,0.342,0.413,0.437,0.436,0.422,-0.1,-3.4,0.712,-0.883,0.2,0.749,0.749,-0.2,0.816,0.749,-0.6,0.828,0.749,-0.9,0.833,0.749,-0.3,0.816,0.749,0
20111122_1848,-15.308,-65.163,560.3,JX.JIA.,27.063,115.044,168.243,1794.312,1855.445,1876.548,878.0,6.248,0.569,0.594,0.604,0.611,0.607,-0.4,0.0,0.826,0.804,-0.4,0.881,0.881,-0.6,0.789,0.881,-0.7,0.82,0.881,-0.8,0.855,0.881,-0.8,0.819,0.881,0
20111122_1848,-15.308,-65.163,560.3,JX.YOX.,29.083,115.606,166.207,1784.147,1842.563,1862.577,879.0,1.893,0.428,0.34,0.349,0.354,0.353,0.1,0.3,0.915,0.925,0.1,0.97,0.97,0.6,0.959,0.97,0.5,0.963,0.97,0.3,0.968,0.97,0.5,0.964,0.97,0
20111122_1848,-15.308,-65.163,560.3,N.SRNF.,36.202,136.63,151.476,1706.728,1747.027,1760.139,880.0,1.253,0.172,0.176,0.165,0.156,0.178,9.7,2.7,0.374,0.053,2.2,0.592,0.592,3.1,0.442,0.592,2.4,0.492,0.592,2.0,0.564,0.592,2.1,0.514,0.592,0
20111122_1848,-15.308,-65.163,560.3,1P.BA22.,-37.986,143.605,120.257,1519.452,1532.083,1535.83,881.0,1.55,0.121,0.264,0.265,0.272,0.268,2.1,1.9,0.581,0.479,1.8,0.846,0.846,2.0,0.748,0.846,2.0,0.749,0.846,2.0,0.758,0.846,1.9,0.757,0.846,0
20111122_1848,-15.308,-65.163,560.3,GS.SGS.,37.741,103.892,155.568,1728.921,1773.957,1788.843,882.0,4.792,0.748,0.743,0.738,0.721,0.741,-0.7,-0.4,0.922,0.923,-1.0,0.818,0.818,-0.5,0.899,0.818,-0.8,0.883,0.818,-1.1,0.852,0.818,-0.6,0.898,0.818,1
20111122_1848,-15.308,-65.163,560.3,IC.XAN.10,34.031,108.923,160.532,1755.14,1806.235,1823.411,883.0,2.994,0.548,0.599,0.594,0.578,0.593,-0.2,0.4,0.696,0.574,-0.7,0.683,0.683,-0.6,0.678,0.683,-0.8,0.696,0.683,-1.0,0.72,0.683,-0.6,0.683,0.683,0
20111122_1848,-15.308,-65.163,560.3,TM.NONG.,18.063,103.146,168.47,1795.437,1856.877,1878.103,884.0,0.763,-0.068,-0.028,-0.01,-0.021,-0.04,5.2,-4.9,0.333,0.81,3.7,0.394,0.394,3.6,0.334,0.394,-6.6,0.332,0.394,3.8,0.319,0.394,3.6,0.336,0.394,0
20111122_1848,-15.308,-65.163,560.3,SX.YAC.,35.442,112.407,159.749,1751.055,1801.169,1817.973,885.0,5.698,0.535,0.596,0.597,0.594,0.605,0.4,1.0,0.707,0.658,-0.1,0.69,0.69,0.3,0.644,0.69,0.1,0.663,0.69,-0.2,0.699,0.69,0.1,0.651,0.69,0
20111122_1848,-15.308,-65.163,560.3,SD.ANQ.,36.374,119.218,158.576,1744.902,1793.566,1809.82,886.0,4.62,0.591,0.575,0.577,0.599,0.589,1.1,1.3,0.88,0.876,0.9,0.801,0.801,0.9,0.888,0.801,0.8,0.894,0.801,0.4,0.899,0.801,0.6,0.886,0.801,0
20111122_1848,-15.308,-65.163,560.3,KZ.BRVK.,53.058,70.283,128.615,1572.688,1591.154,1596.71,887.0,3.711,0.355,0.402,0.412,0.413,0.407,0.2,0.4,0.736,0.759,-0.5,0.776,0.776,-0.1,0.813,0.776,-0.3,0.836,0.776,-0.2,0.844,0.776,-0.2,0.816,0.776,0
20111122_1848,-15.308,-65.163,560.3,HI.JFL.,18.704,108.789,173.295,1818.966,1887.055,1911.0,888.0,14.967,0.092,0.248,0.164,0.175,0.246,-8.7,-4.7,0.563,-0.722,-7.6,0.545,0.545,-4.5,0.569,0.545,-2.8,0.541,0.545,-2.8,0.538,0.545,-4.5,0.576,0.545,0
20111122_1848,-15.308,-65.163,560.3,HB.YDU.,30.214,111.211,164.728,1776.68,1833.153,1852.4,889.0,5.402,0.543,0.435,0.451,0.483,0.445,1.2,1.2,0.862,0.933,1.3,0.904,0.904,1.5,0.909,0.904,1.5,0.911,0.904,1.2,0.912,0.904,1.5,0.909,0.904,0
20111122_1848,-15.308,-65.163,560.3,SD.BHC.,38.392,120.909,156.304,1732.861,1778.773,1793.989,890.0,1.213,0.312,0.289,0.29,0.295,0.293,0.7,5.4,0.702,-0.554,0.4,0.692,0.692,0.5,0.654,0.692,0.5,0.654,0.692,0.2,0.658,0.692,0.3,0.654,0.692,0
20111122_1848,-15.308,-65.163,560.3,GD.HUJ.,24.035,112.302,170.953,1807.631,1872.459,1895.067,891.0,6.265,0.664,0.64,0.642,0.636,0.64,-0.3,-0.1,0.871,0.838,0.1,0.684,0.684,0.4,0.403,0.684,0.2,0.424,0.684,-0.2,0.449,0.684,0.2,0.402,0.684,0
20111122_1848,-15.308,-65.163,560.3,FJ.PTNR.,25.222,119.471,169.178,1798.933,1861.331,1882.947,892.0,4.128,0.244,0.254,0.261,0.272,0.267,-0.5,-0.1,0.624,0.627,0.2,0.703,0.703,0.4,0.861,0.703,0.3,0.864,0.703,0.1,0.858,0.703,0.2,0.862,0.703,0
20111122_1848,-15.308,-65.163,560.3,JS.WX.,31.525,120.223,163.054,1768.15,1822.457,1840.862,893.0,3.084,0.416,0.466,0.477,0.491,0.47,-5.0,-4.7,0.673,0.745,-4.5,0.476,0.476,-4.2,0.409,0.476,5.3,0.421,0.476,5.0,0.436,0.476,5.1,0.426,0.476,0
20111122_1848,-15.308,-65.163,560.3,JS.YC.,33.367,120.133,161.316,1759.207,1811.291,1828.844,894.0,2.899,0.375,0.357,0.359,0.353,0.362,0.1,0.2,0.885,0.901,-0.2,0.709,0.709,0.4,0.763,0.709,0.2,0.763,0.709,0.0,0.758,0.709,0.2,0.764,0.709,0
20111122_1848,-15.308,-65.163,560.3,SC.MDS.,30.075,103.041,161.686,1761.115,1813.669,1831.401,895.0,8.046,0.399,0.445,0.43,0.415,0.44,-1.3,-1.0,0.828,0.797,-1.6,0.623,0.623,-1.7,0.655,0.623,-1.9,0.665,0.623,-2.1,0.668,0.623,-1.8,0.659,0.623,0
20111122_1848,-15.308,-65.163,560.3,ZJ.HAZ.,30.267,120.114,164.277,1774.391,1830.279,1849.297,896.0,6.588,0.427,0.58,0.577,0.571,0.576,-0.8,-0.6,0.726,0.746,-0.3,0.683,0.683,-0.1,0.662,0.683,-0.2,0.66,0.683,-0.5,0.662,0.683,-0.4,0.661,0.683,0
20111122_1848,-15.308,-65.163,560.3,HN.TAY.,28.877,111.46,166.078,1783.499,1841.744,1861.69,897.0,9.401,0.501,0.442,0.452,0.474,0.447,1.1,1.0,0.778,0.696,1.4,0.786,0.786,1.6,0.779,0.786,1.6,0.782,0.786,1.3,0.784,0.786,1.6,0.78,0.786,0
20111122_1848,-15.308,-65.163,560.3,YN.GYA.,26.459,106.664,166.496,1785.597,1844.396,1864.562,898.0,21.221,0.46,0.481,0.482,0.482,0.484,-0.6,-0.5,0.86,0.826,-12.2,0.268,0.268,-7.8,0.365,0.268,-7.6,0.389,0.268,-7.5,0.416,0.268,-7.8,0.374,0.268,0
20111122_1848,-15.308,-65.163,560.3,YN.LAC.,22.552,99.921,164.155,1773.77,1829.498,1848.455,899.0,20.211,0.434,0.336,0.327,0.332,0.341,0.8,0.7,0.792,0.784,1.9,0.714,0.714,3.1,0.729,0.714,3.8,0.665,0.714,3.7,0.663,0.714,3.0,0.748,0.714,0
20111122_1848,-15.308,-65.163,560.3,SC.AXI.,31.638,104.431,161.112,1758.151,1809.976,1827.431,900.0,6.116,0.562,0.645,0.64,0.626,0.645,-0.2,0.1,0.641,0.621,-0.4,0.463,0.463,-0.4,0.44,0.463,-0.8,0.474,0.463,-1.0,0.521,0.463,-0.6,0.454,0.463,0
20111122_1848,-15.308,-65.163,560.3,HL.LIH.,44.331,128.5,148.749,1691.629,1728.907,1740.91,901.0,2.578,0.36,0.32,0.342,0.369,0.365,1.3,1.4,0.553,0.488,0.7,0.827,0.827,1.2,0.783,0.827,1.1,0.768,0.827,0.8,0.744,0.827,0.9,0.757,0.827,0
20111122_1848,-15.308,-65.163,560.3,IC.HIA.00,49.27,119.741,145.802,1675.044,1709.172,1720.046,902.0,13.099,0.607,0.597,0.618,0.632,0.619,1.5,1.8,0.872,0.877,1.3,0.853,0.853,1.4,0.84,0.853,1.2,0.82,0.853,0.9,0.797,0.853,1.2,0.824,0.853,0
20111122_1848,-15.308,-65.163,560.3,LN.BEP.,41.783,120.699,153.046,1715.305,1757.394,1771.172,903.0,5.815,0.641,0.615,0.617,0.622,0.616,1.1,1.2,0.867,0.869,0.0,0.71,0.71,0.2,0.724,0.71,-0.1,0.733,0.71,-0.3,0.764,0.71,-0.1,0.729,0.71,0
20111122_1848,-15.308,-65.163,560.3,KZ.PDGK.,43.328,79.485,138.887,1635.023,1662.264,1670.746,904.0,5.946,,,,,,0.9,0.9,0.926,0.888,-16.0,0.0,0.0,-16.0,0.0,0.0,-16.0,0.0,0.0,-16.0,0.0,0.0,-16.0,0.0,0.0,0
20111122_1848,-15.308,-65.163,560.3,ZJ.SHS.,30.705,122.451,163.097,1768.368,1822.729,1841.155,905.0,2.1,0.201,0.229,0.214,0.204,0.219,0.3,-3.4,0.512,-0.068,6.9,0.304,0.304,7.1,0.346,0.304,7.0,0.356,0.304,6.8,0.375,0.304,6.8,0.366,0.304,0
20111122_1848,-15.308,-65.163,560.3,N.SHRF.,44.056,144.994,141.529,1650.5,1680.279,1689.632,906.0,1.398,0.14,0.228,0.208,0.209,0.183,3.3,-4.7,0.729,-0.772,-2.1,0.338,0.338,3.3,0.454,0.338,3.2,0.444,0.338,3.1,0.415,0.338,-2.2,0.446,0.338,0
20111122_1848,-15.308,-65.163,560.3,FJ.YCSG.,25.336,118.227,169.482,1800.431,1863.244,1885.027,907.0,3.798,0.181,0.399,0.4,0.408,0.398,1.1,5.0,0.677,-0.725,9.2,0.641,0.641,9.7,0.65,0.641,9.6,0.64,0.641,9.5,0.62,0.641,9.6,0.634,0.641,0
20111122_1848,-15.308,-65.163,560.3,AU.AS31.,-23.666,133.904,136.799,1622.632,1647.942,1655.769,908.0,2.987,0.349,0.414,0.409,0.39,0.411,0.1,0.3,0.91,0.91,6.5,0.333,0.333,-0.3,0.395,0.333,-0.3,0.39,0.333,-0.9,0.402,0.333,-0.5,0.407,0.333,0
20111122_1848,-15.308,-65.163,560.3,SC.HYS.,30.416,106.84,163.206,1768.927,1823.428,1841.909,909.0,7.181,0.717,0.752,0.755,0.751,0.753,-0.1,0.1,0.924,0.926,-0.4,0.643,0.643,0.1,0.706,0.643,0.0,0.699,0.643,-0.3,0.696,0.643,0.0,0.708,0.643,0
20111122_1848,-15.308,-65.163,560.3,YN.MIL.,24.406,103.388,165.917,1782.692,1840.726,1860.588,910.0,6.07,0.059,0.208,0.219,0.221,0.205,-0.1,0.1,0.932,0.912,-5.4,0.746,0.746,-4.4,0.747,0.746,-4.3,0.745,0.746,-4.3,0.745,0.746,-4.5,0.751,0.746,0
20111122_1848,-15.308,-65.163,560.3,SC.DFU.,30.991,101.121,159.917,1751.936,1802.26,1819.144,911.0,8.743,0.262,0.284,0.272,0.259,0.282,-0.3,0.4,0.568,0.456,-0.7,0.768,0.768,-0.9,0.752,0.768,-0.9,0.744,0.768,-0.9,0.73,0.768,-0.9,0.747,0.768,0
20111122_1848,-15.308,-65.163,560.3,GX.PGX.,23.328,107.578,169.459,1800.314,1863.095,1884.865,912.0,14.362,0.344,0.252,0.245,0.24,0.25,-0.6,-0.5,0.92,0.927,-0.1,0.8,0.8,1.1,0.605,0.8,1.2,0.59,0.8,1.3,0.585,0.8,1.1,0.603,0.8,0
20111122_1848,-15.308,-65.163,560.3,QH.MEY.,37.472,101.4,154.845,1725.036,1769.218,1783.783,913.0,6.619,0.617,0.667,0.652,0.635,0.663,0.5,0.5,0.87,0.882,0.1,0.572,0.572,0.8,0.769,0.572,0.7,0.701,0.572,0.2,0.6,0.572,0.8,0.761,0.572,0
20111122_1848,-15.308,-65.163,560.3,GD.SZN.,22.546,114.143,172.733,1816.26,1883.56,1907.182,914.0,5.467,0.568,0.569,0.584,0.593,0.579,-2.1,-1.9,0.798,0.779,-1.3,0.807,0.807,-0.5,0.7,0.807,-0.7,0.67,0.807,-1.0,0.634,0.807,-0.7,0.671,0.807,0
20111122_1848,-15.308,-65.163,560.3,HA.XY.,32.133,114.012,163.159,1768.687,1823.128,1841.586,915.0,4.288,0.542,0.518,0.533,0.553,0.539,0.4,0.5,0.838,0.847,0.7,0.893,0.893,1.1,0.895,0.893,0.9,0.9,0.893,0.6,0.91,0.893,0.9,0.899,0.893,0
20111122_1848,-15.308,-65.163,560.3,HE.LUQ.,38.002,114.307,157.301,1738.165,1785.276,1800.943,916.0,3.172,0.56,0.589,0.575,0.546,0.583,0.0,-0.1,0.746,0.644,-0.3,0.906,0.906,-0.1,0.912,0.906,-0.3,0.903,0.906,-0.7,0.894,0.906,-0.2,0.909,0.906,0
20111122_1848,-15.308,-65.163,560.3,HN.SHY.,27.212,111.45,167.687,1791.549,1851.935,1872.737,917.0,6.439,0.545,0.554,0.557,0.561,0.559,-0.3,-3.7,0.722,-0.781,-8.3,0.511,0.511,0.0,0.746,0.511,-0.1,0.741,0.511,-0.2,0.721,0.511,-0.1,0.741,0.511,0
20111122_1848,-15.308,-65.163,560.3,JX.JIJ.,29.647,116.01,165.62,1781.195,1838.837,1858.545,918.0,2.972,0.484,0.29,0.307,0.329,0.313,0.6,1.0,0.747,0.744,0.6,0.883,0.883,1.0,0.89,0.883,0.9,0.897,0.883,0.6,0.912,0.883,0.7,0.901,0.883,0
20111122_1848,-15.308,-65.163,560.3,NM.LUB.,44.546,120.882,150.317,1700.34,1739.341,1751.975,919.0,0.712,0.267,0.265,0.25,0.231,0.253,-0.1,-0.7,0.512,0.263,-1.1,0.547,0.547,-0.8,0.552,0.547,-0.9,0.554,0.547,-1.2,0.549,0.547,-0.8,0.556,0.547,0
20111122_1848,-15.308,-65.163,560.3,JS.PZ.,34.52,117.967,160.583,1755.402,1806.56,1823.76,920.0,18.828,0.537,0.54,0.543,0.546,0.546,0.3,0.3,0.945,0.941,0.1,0.9,0.9,0.4,0.881,0.9,0.3,0.862,0.9,0.0,0.828,0.9,0.2,0.855,0.9,0
20111122_1848,-15.308,-65.163,560.3,CQ.ROC.,29.379,105.443,163.481,1770.333,1825.189,1843.808,921.0,9.477,0.643,0.603,0.587,0.578,0.604,0.3,0.3,0.73,0.8,7.1,0.601,0.601,7.4,0.59,0.601,7.5,0.596,0.601,7.4,0.594,0.601,7.4,0.593,0.601,0
20111122_1848,-15.308,-65.163,560.3,YN.ZAT.,27.322,103.718,164.157,1773.78,1829.512,1848.469,922.0,17.621,0.279,0.315,0.315,0.313,0.315,-0.3,-0.3,0.965,0.951,-0.4,0.843,0.843,0.3,0.831,0.843,0.2,0.812,0.843,0.2,0.8,0.843,0.3,0.827,0.843,0
20111122_1848,-15.308,-65.163,560.3,SX.HZH.,36.61,111.899,158.539,1744.706,1793.325,1809.561,923.0,4.944,0.24,0.215,0.214,0.217,0.215,0.3,0.4,0.984,0.978,0.2,0.914,0.914,0.3,0.905,0.914,0.2,0.913,0.914,-0.2,0.921,0.914,0.2,0.906,0.914,0
20111122_1848,-15.308,-65.163,560.3,N.IGKF.,24.412,124.179,167.357,1789.907,1849.852,1870.477,924.0,0.822,0.102,0.089,0.081,0.082,0.078,8.3,4.5,0.611,-0.384,7.1,0.463,0.463,5.7,0.587,0.463,6.0,0.62,0.463,6.2,0.631,0.463,6.0,0.614,0.463,0
20111122_1848,-15.308,-65.163,560.3,SC.REG.,33.582,102.965,158.81,1746.133,1795.085,1811.447,925.0,3.506,0.467,0.459,0.445,0.428,0.454,-1.4,-0.7,0.558,0.447,-1.6,0.681,0.681,-1.3,0.671,0.681,-1.4,0.683,0.681,-1.6,0.698,0.681,-1.3,0.676,0.681,0
20111122_1848,-15.308,-65.163,560.3,SC.SPA.,32.65,103.603,159.882,1751.752,1802.033,1818.9,926.0,6.061,0.509,0.515,0.518,0.512,0.514,-1.5,-4.8,0.538,-0.622,-0.6,0.621,0.621,-0.7,0.64,0.621,-0.7,0.621,0.621,-0.7,0.598,0.621,-0.7,0.633,0.621,0
20111122_1848,-15.308,-65.163,560.3,NM.CHR.,47.973,121.177,146.918,1681.355,1716.663,1727.956,927.0,3.108,0.399,0.384,0.389,0.393,0.389,-8.4,-1.5,0.629,-0.132,-8.9,0.584,0.584,-8.7,0.607,0.584,-8.9,0.605,0.584,-9.1,0.604,0.584,-8.8,0.603,0.584,0
20111122_1848,-15.308,-65.163,560.3,KN.USP.,43.267,74.5,135.751,1616.358,1640.724,1648.232,928.0,4.154,0.428,0.457,0.467,0.468,0.452,0.4,0.2,0.83,0.784,-7.1,0.473,0.473,-6.3,0.414,0.473,-6.8,0.437,0.473,-6.9,0.444,0.473,-6.3,0.419,0.473,0
20111122_1848,-15.308,-65.163,560.3,N.ASIF.,36.634,139.421,149.47,1695.648,1733.714,1746.005,929.0,1.554,0.245,0.147,0.148,0.14,0.148,-1.5,-4.1,0.73,-0.601,-9.1,0.495,0.495,-9.1,0.406,0.495,-9.4,0.448,0.495,-9.4,0.46,0.495,-9.5,0.451,0.495,0
20111122_1848,-15.308,-65.163,560.3,AH.DYN.,32.644,117.469,162.5,1765.308,1818.903,1837.034,930.0,5.576,0.505,0.408,0.418,0.423,0.418,0.6,0.7,0.774,0.781,0.5,0.766,0.766,1.0,0.791,0.766,0.8,0.796,0.766,0.6,0.802,0.766,0.8,0.796,0.766,0
20111122_1848,-15.308,-65.163,560.3,SN.TOCH.,35.392,109.125,159.275,1748.575,1798.101,1814.682,931.0,3.497,0.62,0.515,0.516,0.503,0.517,-0.9,0.2,0.721,0.57,-1.1,0.782,0.782,-0.9,0.83,0.782,-1.1,0.824,0.782,-1.4,0.811,0.782,-1.0,0.825,0.782,0
20111122_1848,-15.308,-65.163,560.3,SX.NIW.,38.687,112.336,156.518,1734.0,1780.168,1795.48,932.0,5.412,0.654,0.662,0.664,0.66,0.66,0.6,0.7,0.871,0.871,0.4,0.779,0.779,0.6,0.712,0.779,0.4,0.705,0.779,0.0,0.699,0.779,0.6,0.706,0.779,0
20111122_1848,-15.308,-65.163,560.3,GS.DBT.,34.06,103.23,158.526,1744.639,1793.242,1809.473,933.0,3.037,0.562,0.594,0.601,0.619,0.598,0.9,1.0,0.766,0.754,0.7,0.776,0.776,0.7,0.762,0.776,0.6,0.783,0.776,0.5,0.812,0.776,0.6,0.773,0.776,0
20111122_1848,-15.308,-65.163,560.3,SN.SHAZ.,33.512,109.874,161.251,1758.869,1810.87,1828.391,934.0,8.202,0.703,0.545,0.556,0.569,0.552,1.0,1.0,0.908,0.909,0.8,0.906,0.906,1.1,0.877,0.906,0.9,0.876,0.906,0.6,0.882,0.906,1.0,0.879,0.906,0
20111122_1848,-15.308,-65.163,560.3,YN.MAL.,25.427,103.575,165.392,1780.042,1837.384,1856.973,935.0,6.648,0.261,0.224,0.215,0.209,0.218,0.9,0.9,0.855,0.86,-4.4,0.562,0.562,-3.5,0.64,0.562,-3.5,0.66,0.562,-3.5,0.666,0.562,-3.5,0.643,0.562,0
20111122_1848,-15.308,-65.163,560.3,ZJ.NIH.,29.246,121.704,164.692,1776.5,1832.927,1852.156,936.0,5.987,0.258,0.41,0.416,0.416,0.42,1.4,-4.4,0.464,-0.399,-8.2,0.676,0.676,1.4,0.763,0.676,1.3,0.758,0.676,1.3,0.742,0.676,1.3,0.754,0.676,0
20111122_1848,-15.308,-65.163,560.3,XJ.HEF.,46.77,85.768,140.334,1643.526,1672.143,1681.095,937.0,7.444,0.627,0.69,0.728,0.74,0.695,0.8,0.8,0.96,0.963,1.1,0.885,0.885,1.0,0.902,0.885,0.6,0.927,0.885,0.4,0.915,0.885,0.9,0.915,0.885,1
20111122_1848,-15.308,-65.163,560.3,XJ.BAC.,41.859,81.624,141.004,1647.444,1676.709,1685.885,938.0,5.946,0.27,0.406,0.46,0.47,0.399,0.9,1.0,0.853,0.845,4.7,0.683,0.683,2.2,0.824,0.683,1.7,0.841,0.683,1.6,0.841,0.683,2.3,0.825,0.683,0
20111122_1848,-15.308,-65.163,560.3,JS.GAY.,34.943,118.983,160.015,1752.447,1802.893,1819.823,939.0,3.546,0.433,0.432,0.448,0.462,0.461,0.3,0.4,0.919,0.912,0.2,0.889,0.889,0.4,0.896,0.889,0.2,0.901,0.889,-0.1,0.911,0.889,0.1,0.895,0.889,0
20111122_1848,-15.308,-65.163,560.3,JS.JT.,31.734,119.543,163.023,1767.989,1822.255,1840.645,940.0,5.295,0.589,0.652,0.654,0.652,0.663,-0.2,-0.2,0.963,0.954,0.0,0.83,0.83,0.3,0.844,0.83,0.2,0.851,0.83,-0.1,0.856,0.83,0.0,0.85,0.83,1
20111122_1848,-15.308,-65.163,560.3,HI.BSL.,19.363,110.262,174.041,1822.543,1891.686,1916.063,941.0,5.873,-0.15,-0.1,-0.111,-0.101,-0.094,-1.0,-0.4,0.854,0.811,6.3,0.55,0.55,-4.2,0.748,0.55,-4.1,0.749,0.55,-4.2,0.744,0.55,-4.2,0.751,0.55,0
20111122_1848,-15.308,-65.163,560.3,SN.TABT.,34.071,107.285,160.04,1752.577,1803.054,1819.996,942.0,5.12,0.684,0.66,0.659,0.649,0.661,0.8,1.1,0.926,0.918,0.4,0.9,0.9,0.2,0.807,0.9,0.1,0.828,0.9,-0.2,0.862,0.9,0.2,0.815,0.9,1
20111122_1848,-15.308,-65.163,560.3,SN.NSHT.,33.325,108.323,161.043,1757.792,1809.53,1826.952,943.0,6.594,0.642,0.564,0.577,0.588,0.569,0.9,1.1,0.878,0.92,0.6,0.876,0.876,0.9,0.781,0.876,0.7,0.784,0.876,0.4,0.793,0.876,0.8,0.783,0.876,0
20111122_1848,-15.308,-65.163,560.3,GD.YND.,24.126,113.363,171.074,1808.219,1873.214,1895.89,944.0,6.555,0.552,0.58,0.565,0.54,0.566,-0.8,-0.6,0.838,0.831,-0.2,0.498,0.498,-0.1,0.439,0.498,6.3,0.42,0.498,6.2,0.428,0.498,6.4,0.419,0.498,0
20111122_1848,-15.308,-65.163,560.3,YN.HUP.,26.587,101.199,163.013,1767.939,1822.192,1840.577,945.0,6.547,0.307,0.091,0.073,0.077,0.096,1.5,1.6,0.839,0.875,-7.4,0.521,0.521,4.0,0.861,0.521,4.1,0.867,0.521,4.1,0.868,0.521,3.9,0.861,0.521,0
20111122_1848,-15.308,-65.163,560.3,NM.TIS.,43.863,120.112,151.094,1704.629,1744.499,1757.452,946.0,1.632,0.148,0.171,0.171,0.165,0.165,-5.3,4.1,0.468,-0.424,-0.7,0.376,0.376,-0.4,0.437,0.376,-0.6,0.437,0.376,-0.8,0.439,0.376,-0.6,0.436,0.376,0
20111122_1848,-15.308,-65.163,560.3,MY.KKM.,6.044,116.215,170.638,1806.091,1870.486,1892.916,947.0,2.862,0.05,0.092,0.103,0.117,0.104,2.1,3.0,0.747,0.622,-1.5,0.815,0.815,-1.6,0.83,0.815,-1.5,0.828,0.815,-1.4,0.825,0.815,-1.5,0.826,0.815,0
20111122_1848,-15.308,-65.163,560.3,IU.PET.00,53.023,158.65,129.017,1575.19,1593.967,1599.621,948.0,1.191,0.103,0.121,0.127,0.123,0.159,1.9,-1.1,0.727,-0.767,1.6,0.779,0.779,1.9,0.761,0.779,1.7,0.764,0.779,1.8,0.766,0.779,1.3,0.749,0.779,0
20111122_1848,-15.308,-65.163,560.3,NM.BYT.,38.846,105.717,155.135,1726.597,1771.121,1785.814,949.0,4.605,0.644,0.674,0.67,0.654,0.674,-0.3,0.0,0.789,0.747,-0.7,0.665,0.665,-0.2,0.799,0.665,-0.4,0.777,0.665,-0.8,0.736,0.665,-0.3,0.795,0.665,0
20111122_1848,-15.308,-65.163,560.3,PS.BAG.,16.411,120.58,174.367,1824.097,1893.701,1918.269,950.0,1.514,0.003,0.006,-0.004,-0.0,0.009,-6.4,-3.1,0.665,-0.6,1.4,0.671,0.671,1.8,0.541,0.671,-8.4,0.455,0.671,-8.6,0.449,0.671,2.0,0.623,0.671,0
20111122_1848,-15.308,-65.163,560.3,GS.YDT.,36.801,103.321,156.194,1732.269,1778.049,1793.215,951.0,6.441,0.736,0.767,0.761,0.755,0.766,-0.1,-0.2,0.882,0.896,-0.1,0.93,0.93,-0.1,0.914,0.93,-0.3,0.913,0.93,-0.5,0.919,0.93,-0.2,0.914,0.93,1
20111122_1848,-15.308,-65.163,560.3,CQ.WUL.,29.188,107.826,164.689,1776.484,1832.907,1852.135,952.0,13.362,0.697,0.701,0.704,0.703,0.701,-0.3,-0.1,0.883,0.861,-0.2,0.633,0.633,0.1,0.741,0.633,-0.1,0.749,0.633,-0.3,0.752,0.633,0.0,0.742,0.633,0
20111122_1848,-15.308,-65.163,560.3,GS.DHT.,40.04,94.831,149.737,1697.128,1735.488,1747.886,953.0,0.769,0.118,0.027,0.025,0.029,0.028,-3.6,-4.1,0.756,0.704,-4.7,0.571,0.571,-4.4,0.601,0.571,-4.6,0.614,0.571,-5.0,0.63,0.571,-4.5,0.602,0.571,0
20111122_1848,-15.308,-65.163,560.3,HE.YON.,36.754,114.422,158.551,1744.773,1793.407,1809.649,954.0,9.264,0.587,0.585,0.598,0.612,0.599,0.1,0.4,0.935,0.922,-0.2,0.72,0.72,-0.2,0.719,0.72,-0.4,0.723,0.72,-0.7,0.733,0.72,-0.3,0.719,0.72,0
20111122_1848,-15.308,-65.163,560.3,SC.MEK.,31.904,102.224,159.815,1751.404,1801.601,1818.436,955.0,4.803,0.509,0.526,0.517,0.5,0.52,-0.3,-0.2,0.876,0.865,-0.7,0.796,0.796,-0.7,0.804,0.796,-0.8,0.811,0.796,-1.0,0.811,0.796,-0.8,0.807,0.796,0
20111122_1848,-15.308,-65.163,560.3,JX.LON.,24.769,114.817,170.539,1805.608,1869.867,1892.241,956.0,1.751,0.082,0.093,0.083,0.064,0.082,-6.7,2.7,0.535,-0.668,6.7,0.657,0.657,6.5,0.661,0.657,6.4,0.653,0.657,6.1,0.641,0.657,6.3,0.656,0.657,0
20111122_1848,-15.308,-65.163,560.3,GX.HCS.,24.671,108.011,168.657,1796.362,1858.054,1879.382,957.0,13.622,0.513,0.449,0.439,0.43,0.447,-1.0,-0.9,0.984,0.98,-0.5,0.812,0.812,-8.6,0.641,0.812,-8.6,0.676,0.812,-8.5,0.697,0.812,-8.7,0.654,0.812,0
20111122_1848,-15.308,-65.163,560.3,HI.WAN.,18.801,110.424,174.524,1824.846,1894.674,1919.333,958.0,4.611,0.162,0.089,0.085,0.084,0.093,-1.5,-1.2,0.955,0.929,-0.8,0.859,0.859,3.6,0.569,0.859,3.6,0.564,0.859,3.6,0.56,0.859,3.6,0.567,0.859,0
20111122_1848,-15.308,-65.163,560.3,HB.WHN.,30.543,114.354,164.759,1776.839,1833.353,1852.617,959.0,5.743,0.353,0.245,0.271,0.305,0.269,0.4,0.4,0.669,0.604,-10.2,0.395,0.395,-9.6,0.414,0.395,-9.8,0.412,0.395,-10.3,0.41,0.395,-9.8,0.414,0.395,0
20111122_1848,-15.308,-65.163,560.3,HL.LBE.,47.596,130.829,145.105,1671.085,1704.482,1715.098,960.0,3.465,0.553,0.535,0.557,0.574,0.558,1.0,1.1,0.877,0.882,0.4,0.835,0.835,0.6,0.806,0.835,0.3,0.831,0.835,0.1,0.845,0.835,0.2,0.847,0.835,0
20111122_1848,-15.308,-65.163,560.3,LN.KDN.,40.741,124.782,153.139,1715.815,1758.012,1771.83,961.0,6.129,0.631,0.557,0.556,0.559,0.575,1.6,2.1,0.777,0.701,1.0,0.889,0.889,1.3,0.806,0.889,1.1,0.796,0.889,0.8,0.789,0.889,1.0,0.799,0.889,0
20111122_1848,-15.308,-65.163,560.3,GD.XNY.,22.353,110.929,172.045,1812.936,1879.275,1902.502,962.0,7.021,0.486,0.473,0.481,0.482,0.471,0.0,0.4,0.653,0.67,0.8,0.575,0.575,1.0,0.499,0.575,0.9,0.491,0.575,0.9,0.481,0.575,0.9,0.472,0.575,0
20111122_1848,-15.308,-65.163,560.3,XJ.XKR.,39.828,77.576,139.344,1637.712,1665.383,1674.012,963.0,5.044,0.406,0.411,0.394,0.395,0.411,0.7,1.0,0.912,0.831,0.2,0.859,0.859,-0.1,0.817,0.859,-0.8,0.769,0.859,-0.8,0.752,0.859,0.0,0.815,0.859,0
20111122_1848,-15.308,-65.163,560.3,YN.BAS.,25.118,99.147,162.333,1764.452,1817.833,1835.882,964.0,11.597,0.358,0.264,0.238,0.245,0.263,0.2,0.4,0.952,0.954,0.9,0.727,0.727,2.1,0.645,0.727,2.4,0.6,0.727,2.4,0.593,0.727,2.1,0.658,0.727,0
20111122_1848,-15.308,-65.163,560.3,JL.CN2.,43.8,125.45,150.109,1699.191,1737.963,1750.511,965.0,1.571,0.345,0.246,0.255,0.266,0.267,0.5,1.6,0.892,0.851,0.9,0.713,0.713,1.1,0.727,0.713,0.8,0.737,0.713,0.5,0.741,0.713,0.7,0.738,0.713,0
20111122_1848,-15.308,-65.163,560.3,SX.DOS.,37.929,112.741,157.303,1738.177,1785.29,1800.958,966.0,3.97,0.271,0.366,0.359,0.347,0.364,1.7,-2.0,0.442,0.143,-1.8,0.373,0.373,-1.6,0.385,0.373,-1.8,0.385,0.373,-2.1,0.387,0.373,-1.6,0.381,0.373,0
20111122_1848,-15.308,-65.163,560.3,HE.YUS.,37.791,114.371,157.514,1739.294,1786.663,1802.427,967.0,2.612,0.506,0.547,0.532,0.515,0.538,0.4,-2.4,0.799,-0.757,0.0,0.823,0.823,0.3,0.787,0.823,0.1,0.805,0.823,-0.1,0.838,0.823,0.2,0.801,0.823,0
20111122_1848,-15.308,-65.163,560.3,CB.NAQ.00,32.25,92.25,153.385,1717.148,1759.628,1773.552,968.0,3.325,0.121,0.118,0.104,0.105,0.117,0.2,0.4,0.91,0.923,8.5,0.527,0.527,-1.0,0.645,0.527,-1.8,0.806,0.527,-1.7,0.729,0.527,-0.8,0.56,0.527,0
20111122_1848,-15.308,-65.163,560.3,SC.JZG.,33.257,104.236,159.647,1750.523,1800.511,1817.266,969.0,3.727,0.521,0.617,0.594,0.56,0.609,-0.6,-0.5,0.899,0.885,-1.3,0.802,0.802,-0.9,0.773,0.802,-1.1,0.782,0.802,-1.3,0.791,0.802,-1.0,0.777,0.802,0
20111122_1848,-15.308,-65.163,560.3,ZJ.QIY.,27.616,119.063,167.082,1788.532,1848.109,1868.587,970.0,3.307,0.491,0.437,0.435,0.44,0.43,-0.3,-0.4,0.66,0.714,-5.2,0.663,0.663,-0.2,0.53,0.663,-0.2,0.542,0.663,-0.2,0.563,0.663,-0.3,0.547,0.663,0
20111122_1848,-15.308,-65.163,560.3,HB.YCH.,30.784,111.315,164.192,1773.96,1829.737,1848.713,971.0,5.688,0.579,0.585,0.598,0.616,0.592,0.9,1.0,0.877,0.909,1.0,0.831,0.831,1.3,0.853,0.831,1.2,0.848,0.831,0.9,0.848,0.831,1.2,0.852,0.831,0
20111122_1848,-15.308,-65.163,560.3,GZ.ZFT.,25.387,105.629,166.74,1786.822,1845.945,1866.241,972.0,9.057,0.104,0.149,0.175,0.176,0.152,-0.4,-0.3,0.939,0.927,2.8,0.692,0.692,3.8,0.542,0.692,4.0,0.542,0.692,4.0,0.554,0.692,3.8,0.549,0.692,0
20111122_1848,-15.308,-65.163,560.3,AH.SCH.,31.348,116.984,163.841,1772.17,1827.491,1846.29,973.0,5.892,0.638,0.72,0.725,0.724,0.731,-0.1,0.0,0.905,0.884,0.1,0.803,0.803,0.5,0.752,0.803,0.3,0.763,0.803,-0.2,0.786,0.803,0.1,0.763,0.803,0
20111122_1848,-15.308,-65.163,560.3,N.IYGF.,40.122,141.583,145.972,1676.007,1710.314,1721.251,974.0,1.885,0.282,0.145,0.151,0.152,0.164,-4.5,-4.1,0.815,0.875,-5.0,0.803,0.803,-4.7,0.775,0.803,-5.0,0.78,0.803,-5.1,0.782,0.803,-5.2,0.783,0.803,0
20111122_1848,-15.308,-65.163,560.3,SN.LANT.,34.113,109.376,160.562,1755.292,1806.424,1823.614,975.0,4.352,0.626,0.543,0.543,0.536,0.539,0.3,0.3,0.762,0.751,-0.1,0.781,0.781,0.2,0.695,0.781,-0.1,0.702,0.781,-0.4,0.73,0.781,0.1,0.697,0.781,0
20111122_1848,-15.308,-65.163,560.3,N.KNYF.,34.874,138.063,151.417,1706.406,1746.639,1759.727,976.0,1.951,0.153,0.214,0.176,0.173,0.177,3.0,-3.0,0.821,0.799,-4.0,0.55,0.55,-2.8,0.531,0.55,-3.2,0.523,0.55,-3.5,0.549,0.55,-3.4,0.514,0.55,0
20111122_1848,-15.308,-65.163,560.3,SN.SUDE.,37.495,110.231,157.442,1738.911,1786.193,1801.924,977.0,7.105,0.661,0.611,0.62,0.606,0.613,-0.1,0.1,0.881,0.876,-0.4,0.778,0.778,-0.1,0.745,0.778,-0.1,0.745,0.778,-0.6,0.751,0.778,-0.1,0.747,0.778,0
20111122_1848,-15.308,-65.163,560.3,XJ.QMO.,37.31,85.47,145.955,1675.908,1710.196,1721.127,978.0,3.415,0.404,0.491,0.491,0.492,0.489,1.1,1.2,0.902,0.919,2.0,0.506,0.506,-6.7,0.594,0.506,-6.9,0.587,0.506,-6.9,0.593,0.506,-6.7,0.603,0.506,0
20111122_1848,-15.308,-65.163,560.3,JS.KS.,31.39,120.95,162.977,1767.753,1821.96,1840.327,979.0,1.444,0.266,0.197,0.208,0.216,0.213,-0.1,0.4,0.735,0.589,0.2,0.755,0.755,0.5,0.692,0.755,0.3,0.693,0.755,0.0,0.697,0.755,0.2,0.689,0.755,0
20111122_1848,-15.308,-65.163,560.3,HE.XIL.,40.406,117.471,154.797,1724.781,1768.908,1783.452,980.0,2.119,0.309,0.312,0.312,0.303,0.312,-0.3,-0.2,0.688,0.683,-1.2,0.821,0.821,-0.2,0.754,0.821,-0.3,0.742,0.821,-0.6,0.707,0.821,-0.3,0.744,0.821,0
20111122_1848,-15.308,-65.163,560.3,HL.TOH.,46.085,128.651,147.121,1682.5,1718.024,1729.396,981.0,3.814,0.611,0.577,0.589,0.589,0.597,0.7,0.9,0.867,0.866,0.0,0.853,0.853,0.5,0.895,0.853,0.3,0.894,0.853,0.1,0.89,0.853,0.2,0.889,0.853,0
20111122_1848,-15.308,-65.163,560.3,AU.QLP.,-26.584,144.235,129.296,1576.928,1595.922,1601.646,982.0,0.685,0.199,0.143,0.142,0.14,0.141,0.0,-2.9,0.755,-0.623,-0.7,0.625,0.625,-0.4,0.632,0.625,-0.5,0.629,0.625,-0.7,0.631,0.625,-0.6,0.628,0.625,0
20111122_1848,-15.308,-65.163,560.3,NM.ZLT.,48.029,122.652,146.649,1679.838,1714.861,1726.053,983.0,2.371,0.42,0.423,0.409,0.398,0.404,-1.4,-1.1,0.768,0.763,-1.8,0.715,0.715,-1.6,0.7,0.715,-1.8,0.685,0.715,-2.1,0.683,0.715,-1.8,0.679,0.715,0
20111122_1848,-15.308,-65.163,560.3,XJ.ATS.,39.804,75.844,138.152,1630.676,1657.23,1665.479,984.0,2.286,0.334,0.185,0.202,0.192,0.18,1.3,-2.0,0.81,-0.824,2.8,0.486,0.486,-3.0,0.459,0.486,-3.1,0.525,0.486,-3.1,0.52,0.486,-3.0,0.426,0.486,0
20111122_1848,-15.308,-65.163,560.3,FJ.ZHNZ.,27.357,118.86,167.385,1790.046,1850.029,1870.669,985.0,5.082,0.494,0.419,0.424,0.442,0.426,0.1,0.2,0.909,0.93,-0.9,0.867,0.867,-0.9,0.592,0.867,-1.0,0.67,0.867,-1.1,0.749,0.867,-1.1,0.692,0.867,0
20111122_1848,-15.308,-65.163,560.3,XJ.HYS.,42.975,89.441,144.833,1669.532,1702.645,1713.162,986.0,4.515,0.273,0.206,0.234,0.213,0.218,-3.8,-4.0,0.727,0.656,-4.4,0.588,0.588,-4.5,0.618,0.588,-1.3,0.692,0.588,-1.5,0.674,0.588,-4.6,0.614,0.588,0
20111122_1848,-15.308,-65.163,560.3,SH.QHS.,30.792,121.259,163.437,1770.108,1824.907,1843.503,987.0,1.522,0.001,-0.007,0.0,0.006,0.006,3.9,4.6,0.408,0.453,4.7,0.709,0.709,5.1,0.709,0.709,4.9,0.712,0.709,4.5,0.716,0.709,4.7,0.712,0.709,0
20111122_1848,-15.308,-65.163,560.3,NM.IDR.,46.731,122.89,147.868,1686.697,1723.021,1734.68,988.0,1.224,0.02,0.025,0.026,0.026,0.026,-0.1,-0.2,0.708,0.851,-0.1,0.517,0.517,-0.1,0.45,0.517,-0.1,0.432,0.517,-0.4,0.413,0.517,-0.1,0.432,0.517,0
20111122_1848,-15.308,-65.163,560.3,HL.SYS.,46.659,131.093,145.846,1675.293,1709.467,1720.357,989.0,1.804,0.428,0.42,0.411,0.409,0.405,-0.1,0.3,0.67,0.615,-0.5,0.628,0.628,-0.1,0.663,0.628,-0.5,0.65,0.628,-0.7,0.658,0.628,-0.6,0.629,0.628,0
20111122_1848,-15.308,-65.163,560.3,JX.YUG.,28.826,116.625,166.381,1785.023,1843.67,1863.776,990.0,6.17,0.386,0.303,0.329,0.368,0.335,0.8,1.0,0.941,0.951,0.7,0.902,0.902,1.2,0.765,0.902,1.0,0.757,0.902,0.9,0.744,0.902,1.0,0.755,0.902,0
20111122_1848,-15.308,-65.163,560.3,SD.LIS.,34.951,118.685,160.056,1752.658,1803.155,1820.105,991.0,5.313,0.555,0.537,0.54,0.534,0.539,-0.2,-0.1,0.949,0.936,-0.4,0.827,0.827,-0.2,0.818,0.827,-0.4,0.816,0.827,-0.7,0.819,0.827,-0.5,0.807,0.827,0
20111122_1848,-15.308,-65.163,560.3,YN.WAD.,24.085,98.071,161.964,1762.549,1815.457,1833.325,992.0,5.868,0.436,0.371,0.355,0.362,0.37,-0.1,-0.2,0.913,0.858,1.9,0.52,0.52,4.4,0.485,0.52,4.7,0.559,0.52,4.7,0.554,0.52,4.3,0.471,0.52,0
20111122_1848,-15.308,-65.163,560.3,SX.XAX.,35.12,111.237,159.927,1751.986,1802.322,1819.21,993.0,4.984,0.476,0.567,0.567,0.552,0.559,0.6,0.8,0.88,0.885,0.3,0.703,0.703,0.5,0.766,0.703,0.3,0.759,0.703,0.0,0.746,0.703,0.4,0.758,0.703,0
20111122_1848,-15.308,-65.163,560.3,N.YASF.,35.657,135.161,152.723,1713.551,1755.27,1768.909,994.0,1.407,0.193,0.287,0.298,0.296,0.294,3.1,-4.1,0.51,-0.376,1.6,0.401,0.401,-8.0,0.391,0.401,2.6,0.365,0.401,2.5,0.366,0.401,2.6,0.359,0.401,0
20111122_1848,-15.308,-65.163,560.3,ZJ.YUQ.,28.415,121.08,165.677,1781.482,1839.2,1858.937,995.0,3.379,0.345,0.402,0.392,0.382,0.39,-0.7,-0.1,0.738,0.591,-1.1,0.571,0.571,-0.6,0.611,0.571,-0.7,0.612,0.571,-0.8,0.606,0.571,-0.8,0.612,0.571,0
20111122_1848,-15.308,-65.163,560.3,BU.ZUH.,40.192,117.676,154.994,1725.836,1770.193,1784.824,996.0,2.028,0.439,0.418,0.416,0.399,0.41,-0.8,-4.3,0.839,-0.783,-1.7,0.843,0.843,-1.3,0.81,0.843,-1.4,0.826,0.843,-1.7,0.844,0.843,-1.5,0.824,0.843,0
20111122_1848,-15.308,-65.163,560.3,KR.ARSB.,41.323,72.981,135.549,1615.147,1639.334,1646.782,997.0,3.624,0.211,0.285,0.307,0.302,0.277,0.1,0.3,0.896,0.924,2.2,0.545,0.545,1.5,0.556,0.545,1.0,0.535,0.545,1.0,0.526,0.545,1.6,0.55,0.545,0
20111122_1848,-15.308,-65.163,560.3,HL.QTH.,45.742,131.079,146.652,1679.854,1714.879,1726.072,998.0,2.569,0.283,0.215,0.222,0.226,0.219,-0.1,1.7,0.343,0.297,0.5,0.739,0.739,1.1,0.743,0.739,0.9,0.729,0.739,0.6,0.714,0.739,0.8,0.723,0.739,0
20111122_1848,-15.308,-65.163,560.3,HB.XFA.,32.002,112.042,163.113,1768.451,1822.832,1841.267,999.0,7.947,0.771,0.692,0.709,0.727,0.702,0.6,0.6,0.955,0.955,0.5,0.959,0.959,0.9,0.941,0.959,0.8,0.944,0.959,0.4,0.945,0.959,0.9,0.941,0.959,1
20111122_1848,-15.308,-65.163,560.3,GD.ZIJ.,23.704,115.167,171.599,1810.771,1876.49,1899.463,1000.0,3.563,0.318,0.416,0.409,0.4,0.411,1.9,2.2,0.593,0.55,3.1,0.6,0.6,-2.8,0.545,0.6,-2.8,0.54,0.6,-2.8,0.533,0.6,-2.8,0.541,0.6,0
20111122_1848,-15.308,-65.163,560.3,GD.YGX.,21.75,111.6,172.866,1816.899,1884.385,1908.082,1001.0,7.604,0.478,0.371,0.383,0.391,0.368,-4.0,-4.0,0.768,0.706,-4.4,0.895,0.895,-3.2,0.829,0.895,-3.3,0.832,0.895,-3.3,0.835,0.895,-3.2,0.829,0.895,0
20111122_1848,-15.308,-65.163,560.3,AU.TOO.,-37.571,145.491,119.78,1516.347,1528.682,1532.34,1002.0,1.122,0.455,0.385,0.386,0.395,0.386,-0.1,0.1,0.903,0.935,-0.1,0.801,0.801,-0.2,0.781,0.801,-0.2,0.788,0.801,-0.2,0.805,0.801,-0.4,0.795,0.801,0
20111122_1848,-15.308,-65.163,560.3,LN.SNY.,41.828,123.578,152.429,1711.943,1753.324,1766.837,1003.0,4.274,0.606,0.55,0.571,0.593,0.587,0.5,0.9,0.716,0.731,-0.3,0.807,0.807,0.5,0.81,0.807,0.3,0.808,0.807,0.0,0.814,0.807,0.2,0.809,0.807,0
20111122_1848,-15.308,-65.163,560.3,QH.TOR.,35.519,102.01,156.757,1735.272,1781.726,1797.145,1004.0,6.578,0.653,0.676,0.675,0.675,0.675,0.2,0.3,0.864,0.859,0.5,0.897,0.897,0.5,0.906,0.897,0.4,0.906,0.897,0.2,0.9,0.897,0.5,0.906,0.897,1
20111122_1848,-15.308,-65.163,560.3,SX.YMG.,39.229,112.807,156.013,1731.305,1776.87,1791.955,1005.0,4.535,0.57,0.577,0.576,0.575,0.576,1.0,1.0,0.561,0.609,0.7,0.679,0.679,1.1,0.585,0.679,0.9,0.562,0.679,0.5,0.541,0.679,1.1,0.572,0.679,0
20111122_1848,-15.308,-65.163,560.3,NM.JIN.,40.997,113.152,154.27,1721.937,1765.447,1779.758,1006.0,2.781,0.519,0.474,0.492,0.499,0.486,0.0,3.5,0.503,-0.801,-1.6,0.487,0.487,6.9,0.537,0.487,6.9,0.526,0.487,6.5,0.508,0.487,6.9,0.535,0.487,0
20111122_1848,-15.308,-65.163,560.3,BU.SHC.,40.441,115.523,154.861,1725.121,1769.322,1783.894,1007.0,1.906,0.472,0.438,0.449,0.452,0.44,1.0,1.2,0.853,0.856,0.0,0.717,0.717,1.1,0.733,0.717,0.9,0.734,0.717,0.6,0.726,0.717,1.1,0.734,0.717,0
20111122_1848,-15.308,-65.163,560.3,CB.GTA.00,39.4,99.817,152.552,1712.618,1754.14,1767.706,1008.0,5.862,0.687,0.697,0.693,0.684,0.694,0.4,0.4,0.857,0.871,-0.1,0.849,0.849,0.0,0.879,0.849,-0.1,0.88,0.849,-0.2,0.863,0.849,0.0,0.88,0.849,1
20111122_1848,-15.308,-65.163,560.3,GS.TSS.,34.342,106.021,159.377,1749.108,1798.76,1815.388,1009.0,5.876,0.749,0.654,0.658,0.653,0.653,-0.2,0.2,0.868,0.851,-0.7,0.934,0.934,-0.5,0.938,0.934,-0.7,0.937,0.934,-0.8,0.933,0.934,-0.6,0.938,0.934,1
20111122_1848,-15.308,-65.163,560.3,N.NOKF.,34.166,135.348,153.603,1718.329,1761.062,1775.08,1010.0,2.385,0.012,0.057,0.036,0.042,0.028,-2.2,-0.3,0.675,-0.16,-3.1,0.395,0.395,-3.0,0.512,0.395,-3.2,0.481,0.395,-3.3,0.454,0.395,2.6,0.482,0.395,0
20111122_1848,-15.308,-65.163,560.3,SC.HMS.,29.572,104.398,162.802,1766.859,1820.841,1839.122,1011.0,11.567,0.464,0.492,0.485,0.473,0.493,-0.2,-0.2,0.816,0.826,6.1,0.366,0.366,0.3,0.317,0.366,0.1,0.283,0.366,6.6,0.246,0.366,0.2,0.314,0.366,0
20111122_1848,-15.308,-65.163,560.3,XJ.KSZ.,39.591,75.941,138.309,1631.601,1658.301,1666.598,1012.0,4.433,0.262,0.225,0.474,0.475,0.23,1.5,2.3,0.782,0.681,1.0,0.723,0.723,1.7,0.604,0.723,-2.0,0.858,0.723,-2.0,0.857,0.723,1.7,0.631,0.723,0
20111122_1848,-15.308,-65.163,560.3,SX.LNQ.,39.382,114.021,155.915,1730.782,1776.23,1791.271,1013.0,3.317,0.502,0.55,0.539,0.52,0.541,0.2,0.0,0.765,0.788,-0.1,0.914,0.914,0.2,0.943,0.914,0.1,0.946,0.914,-0.1,0.934,0.914,0.2,0.944,0.914,0
20111122_1848,-15.308,-65.163,560.3,XJ.BTS.,45.284,90.514,143.707,1663.091,1695.048,1705.159,1014.0,6.188,0.562,0.533,0.546,0.557,0.531,1.4,1.4,0.833,0.867,1.3,0.927,0.927,1.4,0.932,0.927,1.1,0.927,0.927,0.9,0.926,0.927,1.3,0.93,0.927,0
20111122_1848,-15.308,-65.163,560.3,XZ.NMA.,31.8,87.23,149.944,1698.275,1736.863,1749.345,1015.0,8.735,0.303,0.38,0.379,0.377,0.378,0.8,0.8,0.973,0.974,-3.9,0.639,0.639,-4.5,0.724,0.639,-4.6,0.688,0.639,-4.6,0.669,0.639,-4.4,0.723,0.639,0
20111122_1848,-15.308,-65.163,560.3,HB.ENS.,30.276,109.495,164.25,1774.252,1830.103,1849.108,1016.0,7.498,0.499,0.43,0.455,0.481,0.442,1.0,1.1,0.564,0.52,1.2,0.641,0.641,1.6,0.688,0.641,1.5,0.69,0.641,1.3,0.69,0.641,1.5,0.692,0.641,0
20111122_1848,-15.308,-65.163,560.3,JS.CZ.,31.772,120.098,162.851,1767.11,1821.156,1839.461,1017.0,2.458,0.389,0.509,0.503,0.491,0.503,-0.1,0.2,0.537,0.525,-0.8,0.311,0.311,0.7,0.34,0.311,0.6,0.339,0.311,5.6,0.357,0.311,5.7,0.341,0.311,0
20111122_1848,-15.308,-65.163,560.3,HB.DJI.,32.553,111.525,162.495,1765.283,1818.872,1837.001,1018.0,5.492,0.597,0.498,0.497,0.504,0.498,0.5,-0.1,0.605,0.484,0.5,0.643,0.643,0.9,0.655,0.643,0.7,0.657,0.643,0.5,0.66,0.643,0.8,0.656,0.643,0
20111122_1848,-15.308,-65.163,560.3,JP.CBIJ.,27.096,142.184,151.999,1709.598,1750.49,1763.821,1019.0,1.471,0.173,0.168,0.155,0.153,0.165,3.5,3.5,0.747,0.785,3.2,0.26,0.26,4.1,0.385,0.26,9.6,0.402,0.26,9.7,0.394,0.26,4.0,0.377,0.26,0
20111122_1848,-15.308,-65.163,560.3,FJ.PHSG.,24.399,117.342,170.61,1805.956,1870.313,1892.726,1020.0,2.954,0.279,0.216,0.205,0.197,0.203,-0.3,-0.1,0.919,0.875,-0.3,0.564,0.564,-0.7,0.868,0.564,-0.8,0.867,0.564,-0.9,0.855,0.564,-0.8,0.867,0.564,0
20111122_1848,-15.308,-65.163,560.3,II.DGAR.10,-7.412,72.452,132.254,1595.171,1616.54,1623.038,1021.0,1.311,0.112,0.22,0.219,0.225,0.226,6.1,5.6,0.696,0.292,4.8,0.605,0.605,4.9,0.564,0.605,4.5,0.577,0.605,4.6,0.576,0.605,5.2,0.574,0.605,0
20111122_1848,-15.308,-65.163,560.3,JL.SGT.,44.089,124.907,149.973,1698.438,1737.06,1749.553,1022.0,0.586,-0.013,0.011,0.015,0.02,0.016,-8.7,-2.7,0.351,-0.248,-8.8,0.55,0.55,-8.5,0.58,0.55,-8.7,0.581,0.55,-9.1,0.573,0.55,-8.8,0.581,0.55,0
20111122_1848,-15.308,-65.163,560.3,SD.LAS.,35.13,119.319,159.775,1751.191,1801.337,1818.153,1023.0,2.672,0.423,0.462,0.478,0.497,0.496,1.4,1.9,0.744,0.739,1.3,0.734,0.734,1.4,0.703,0.734,1.2,0.708,0.734,0.7,0.729,0.734,1.0,0.707,0.734,0
20111122_1848,-15.308,-65.163,560.3,SH.TMS.,31.078,121.148,163.207,1768.931,1823.434,1841.915,1024.0,5.296,0.509,0.471,0.471,0.469,0.468,8.3,-1.6,0.424,0.381,-0.8,0.739,0.739,0.0,0.615,0.739,-0.1,0.614,0.739,-0.5,0.614,0.739,-0.2,0.615,0.739,0
20111122_1848,-15.308,-65.163,560.3,QH.TTH.,34.219,92.321,152.28,1711.132,1752.343,1765.793,1025.0,10.672,0.131,0.106,0.109,0.11,0.109,0.5,0.5,0.967,0.965,0.1,0.698,0.698,4.9,0.731,0.698,4.4,0.723,0.698,4.4,0.706,0.698,5.0,0.711,0.698,0
20111122_1848,-15.308,-65.163,560.3,HE.QIL.,40.421,118.903,154.639,1723.928,1767.869,1782.343,1026.0,4.181,0.412,0.442,0.471,0.492,0.457,-1.6,-0.9,0.823,0.716,-1.9,0.699,0.699,-1.7,0.753,0.699,-1.7,0.755,0.699,-1.8,0.754,0.699,-1.7,0.756,0.699,0
20111122_1848,-15.308,-65.163,560.3,HE.SXT.,36.55,113.64,158.732,1745.723,1794.578,1810.905,1027.0,6.104,0.627,0.569,0.581,0.587,0.578,0.4,0.5,0.893,0.895,-0.1,0.855,0.855,0.2,0.846,0.855,0.1,0.864,0.855,-0.3,0.893,0.855,0.2,0.855,0.855,0
20111122_1848,-15.308,-65.163,560.3,AH.MAS.,31.693,118.569,163.266,1769.233,1823.812,1842.323,1028.0,3.132,0.379,0.366,0.366,0.365,0.37,-7.4,-3.3,0.717,-0.654,-8.0,0.708,0.708,-7.2,0.694,0.708,-7.3,0.698,0.708,-7.7,0.705,0.708,-7.5,0.702,0.708,0
20111122_1848,-15.308,-65.163,560.3,AU.MTN.,-12.844,131.133,147.556,1684.949,1720.938,1732.477,1029.0,5.483,0.662,0.662,0.655,0.631,0.65,-0.3,0.0,0.849,0.875,-0.9,0.894,0.894,-0.8,0.659,0.894,-0.9,0.678,0.894,-1.2,0.737,0.894,-0.9,0.683,0.894,0
20111122_1848,-15.308,-65.163,560.3,IC.WMQ.10,43.814,87.704,143.339,1660.972,1692.555,1702.536,1030.0,3.834,0.414,0.5,0.525,0.525,0.51,2.3,2.3,0.88,0.781,2.4,0.814,0.814,2.1,0.774,0.814,1.7,0.77,0.814,1.5,0.779,0.814,2.0,0.77,0.814,0
20111122_1848,-15.308,-65.163,560.3,HL.YIL.,46.476,129.285,146.579,1679.441,1714.388,1725.553,1031.0,3.075,0.531,0.557,0.575,0.601,0.59,1.2,1.2,0.928,0.917,1.1,0.906,0.906,1.4,0.887,0.906,1.2,0.879,0.906,0.8,0.879,0.906,1.1,0.875,0.906,0
20111122_1848,-15.308,-65.163,560.3,QH.QIL.,38.15,100.182,153.754,1719.151,1762.06,1776.145,1032.0,2.947,0.609,0.557,0.539,0.52,0.551,-0.3,-0.2,0.976,0.971,-0.5,0.861,0.861,-0.5,0.874,0.861,-0.7,0.853,0.861,-1.0,0.838,0.861,-0.6,0.872,0.861,0
20111122_1848,-15.308,-65.163,560.3,XJ.HTB.,44.067,86.584,142.57,1656.535,1687.344,1697.055,1033.0,2.945,0.305,0.337,0.337,0.338,0.334,6.9,-1.9,0.27,-0.888,6.4,0.288,0.288,6.3,0.234,0.288,5.9,0.231,0.288,5.7,0.226,0.288,6.2,0.235,0.288,0
20111122_1848,-15.308,-65.163,560.3,CB.LZH.00,36.087,103.844,157.022,1736.685,1783.459,1798.999,1034.0,6.526,0.659,0.657,0.663,0.656,0.653,-1.1,-0.4,0.643,0.576,-1.4,0.773,0.773,-1.2,0.764,0.773,-1.3,0.768,0.773,-1.6,0.766,0.773,-1.3,0.762,0.773,0
20111122_1848,-15.308,-65.163,560.3,JS.JJ.,32.066,120.303,162.519,1765.405,1819.024,1837.165,1035.0,1.981,0.317,0.4,0.391,0.374,0.383,0.2,-0.2,0.793,0.71,-0.2,0.784,0.784,0.4,0.85,0.784,0.3,0.857,0.784,0.0,0.859,0.784,0.1,0.857,0.784,0
20111122_1848,-15.308,-65.163,560.3,SC.SMI.,29.226,102.35,161.94,1762.426,1815.303,1833.159,1036.0,6.241,0.28,0.248,0.261,0.258,0.246,-0.2,0.0,0.846,0.837,-2.1,0.488,0.488,-1.9,0.566,0.488,-1.8,0.624,0.488,-1.8,0.655,0.488,-1.9,0.58,0.488,0
20111122_1848,-15.308,-65.163,560.3,JL.DHT.,43.344,128.198,149.731,1697.095,1735.448,1747.844,1037.0,1.831,0.208,0.249,0.261,0.277,0.267,-9.3,-1.4,0.475,-0.36,-9.5,0.397,0.397,-9.1,0.406,0.397,7.6,0.409,0.397,7.3,0.431,0.397,7.5,0.422,0.397,0
20111122_1848,-15.308,-65.163,560.3,IU.KBL.,34.541,69.043,134.721,1610.162,1633.623,1640.824,1038.0,2.156,0.37,0.267,0.268,0.267,0.266,0.6,0.5,0.908,0.886,12.9,0.417,0.417,13.3,0.458,0.417,13.3,0.453,0.417,13.3,0.449,0.417,13.3,0.455,0.417,0
20111122_1848,-15.308,-65.163,560.3,SC.AYU.,30.052,105.337,162.867,1767.191,1821.257,1839.57,1039.0,16.554,0.624,0.711,0.699,0.682,0.707,-0.4,-0.4,0.942,0.943,6.6,0.629,0.629,6.8,0.598,0.629,6.7,0.599,0.629,6.7,0.59,0.629,6.7,0.6,0.629,0
20111122_1848,-15.308,-65.163,560.3,QH.ZAD.,32.894,95.317,155.056,1726.171,1770.601,1785.259,1040.0,9.86,0.112,0.112,0.106,0.107,0.112,1.1,1.0,0.794,0.811,-1.8,0.545,0.545,5.9,0.511,0.545,5.9,0.523,0.545,5.9,0.533,0.545,5.9,0.513,0.545,0
20111122_1848,-15.308,-65.163,560.3,QH.LWS.,36.918,102.121,155.616,1729.181,1774.273,1789.181,1041.0,4.315,0.707,0.678,0.688,0.691,0.68,0.3,0.4,0.951,0.946,0.0,0.727,0.727,0.2,0.693,0.727,0.0,0.683,0.727,-0.4,0.697,0.727,0.2,0.692,0.727,0
20111122_1848,-15.308,-65.163,560.3,YN.JIS.,23.65,102.76,165.899,1782.597,1840.605,1860.458,1042.0,10.665,0.186,0.342,0.341,0.341,0.336,-0.5,-0.5,0.959,0.951,-6.0,0.699,0.699,-5.1,0.709,0.699,-5.1,0.69,0.699,-5.1,0.688,0.699,-5.2,0.716,0.699,0
20111122_1848,-15.308,-65.163,560.3,GS.HYS.,38.401,102.831,154.601,1723.722,1767.618,1782.075,1043.0,5.758,0.649,0.665,0.657,0.625,0.67,-1.1,-0.9,0.843,0.833,-1.3,0.643,0.643,-1.6,0.581,0.643,-1.7,0.595,0.643,4.3,0.644,0.643,-1.5,0.579,0.643,0
20111122_1848,-15.308,-65.163,560.3,AU.ARMA.,-30.418,151.629,122.168,1531.827,1545.68,1549.801,1044.0,2.229,0.58,0.563,0.565,0.562,0.568,0.8,0.5,0.833,0.863,0.2,0.666,0.666,0.4,0.698,0.666,0.3,0.694,0.666,0.2,0.682,0.666,0.3,0.698,0.666,0
20111122_1848,-15.308,-65.163,560.3,SD.JUN.,35.172,118.845,159.814,1751.395,1801.59,1818.424,1045.0,5.971,0.514,0.552,0.558,0.566,0.563,0.5,0.5,0.809,0.825,0.2,0.774,0.774,0.2,0.805,0.774,0.1,0.817,0.774,-0.1,0.856,0.774,0.0,0.829,0.774,0
20111122_1848,-15.308,-65.163,560.3,TJ.JIX.,40.076,117.496,155.123,1726.535,1771.045,1785.733,1046.0,3.137,0.465,0.448,0.445,0.424,0.442,0.0,0.3,0.861,0.823,-0.9,0.7,0.7,-0.8,0.769,0.7,-0.8,0.774,0.7,-1.1,0.776,0.7,-0.9,0.772,0.7,0
20111122_1848,-15.308,-65.163,560.3,ZJ.YIX.,29.801,121.326,164.327,1774.644,1830.595,1849.639,1047.0,4.251,0.357,0.494,0.48,0.463,0.467,-1.8,-1.3,0.813,0.746,-1.4,0.908,0.908,-1.2,0.873,0.908,-1.3,0.868,0.908,-1.6,0.861,0.908,-1.5,0.865,0.908,0
20111122_1848,-15.308,-65.163,560.3,SN.PCHT.,35.058,109.427,159.662,1750.603,1800.609,1817.372,1048.0,4.443,0.585,0.539,0.535,0.528,0.536,0.0,-0.3,0.752,0.603,-0.3,0.725,0.725,0.2,0.665,0.725,0.0,0.666,0.725,-0.4,0.678,0.725,0.2,0.666,0.725,0
20111122_1848,-15.308,-65.163,560.3,FJ.XMSM.,24.451,118.083,170.363,1804.748,1868.765,1891.039,1049.0,4.04,0.409,0.372,0.366,0.362,0.372,6.0,3.4,0.624,-0.535,7.0,0.339,0.339,6.6,0.481,0.339,6.6,0.483,0.339,6.5,0.472,0.339,6.4,0.479,0.339,0
20111122_1848,-15.308,-65.163,560.3,GX.XCT.,23.948,108.61,169.562,1800.823,1863.744,1885.571,1050.0,4.112,0.021,-0.002,-0.031,-0.051,0.001,1.5,-0.4,0.261,-0.18,-1.5,0.508,0.508,-8.9,0.466,0.508,-9.0,0.484,0.508,-9.0,0.494,0.508,-9.0,0.472,0.508,0
20111122_1848,-15.308,-65.163,560.3,IC.MDJ.00,44.617,129.591,148.142,1688.234,1724.854,1736.619,1051.0,2.6,0.377,0.49,0.479,0.464,0.478,-0.7,-0.2,0.888,0.844,-1.3,0.732,0.732,-1.0,0.769,0.732,-1.3,0.762,0.732,-1.5,0.762,0.732,-1.4,0.752,0.732,0
20111122_1848,-15.308,-65.163,560.3,JL.YNB.,43.003,129.489,149.598,1696.358,1734.565,1746.907,1052.0,2.022,0.271,0.347,0.38,0.399,0.404,0.3,0.6,0.728,0.769,0.1,0.747,0.747,0.3,0.832,0.747,0.1,0.85,0.747,-0.1,0.868,0.747,0.0,0.856,0.747,0
20111122_1848,-15.308,-65.163,560.3,AU.WB2.,-19.943,134.351,139.867,1640.788,1668.957,1677.756,1053.0,2.669,0.499,0.511,0.498,0.473,0.489,2.1,1.8,0.769,0.739,1.1,0.791,0.791,0.9,0.832,0.791,0.9,0.828,0.791,0.5,0.817,0.791,0.8,0.82,0.791,0
20111122_1848,-15.308,-65.163,560.3,JX.SHR.,28.443,117.976,166.548,1785.858,1844.726,1864.919,1054.0,5.67,0.549,0.517,0.535,0.554,0.535,1.0,1.3,0.886,0.882,0.7,0.795,0.795,1.5,0.97,0.795,1.5,0.969,0.795,1.3,0.969,0.795,1.3,0.968,0.795,0
20111122_1848,-15.308,-65.163,560.3,1P.BA24.,-38.256,142.541,120.471,1520.844,1533.608,1537.396,1055.0,2.083,0.194,0.275,0.282,0.3,0.267,5.2,4.9,0.809,0.894,4.7,0.726,0.726,4.9,0.731,0.726,4.9,0.734,0.726,4.9,0.739,0.726,4.7,0.748,0.726,0
20111122_1848,-15.308,-65.163,560.3,SC.YYC.,27.849,102.26,162.878,1767.247,1821.327,1839.645,1056.0,9.466,0.183,0.245,0.241,0.228,0.243,0.3,0.2,0.87,0.88,-8.3,0.688,0.688,0.7,0.784,0.688,0.7,0.765,0.688,0.8,0.752,0.688,0.7,0.782,0.688,0
20111122_1848,-15.308,-65.163,560.3,GD.YGJ.,21.858,111.954,172.904,1817.084,1884.623,1908.342,1057.0,4.667,0.459,0.406,0.425,0.444,0.411,-4.8,-4.0,0.734,0.522,-4.6,0.911,0.911,-3.2,0.817,0.911,-3.3,0.818,0.911,-3.4,0.816,0.911,-3.3,0.815,0.911,0
