evtid,evla,evlo,evdp,station,stla,stlo,gcarc,s2ks,s3ks,s4ks,tridx,snr,ccf1,ccf2,ccf3,ccf4,ccf5,t32_cc,t32_pp,ccf_cc,ccf_pp,t32_fw1,ccf_fw1,ccf_sg1,t32_fw2,ccf_fw2,ccf_sg2,t32_fw3,ccf_fw3,ccf_sg3,t32_fw4,ccf_fw4,ccf_sg4,t32_fw5,ccf_fw5,ccf_sg5
20110729_0742,-23.780,179.920,539.000,NO.NC303.00,61.225,11.369,141.736,1655.483,1685.393,1694.789,0.000,8.811,0.673,0.635,0.666,0.674,0.665,1.200,1.300,0.991,0.983,0.800,0.782,0.782,0.800,0.790,0.782,0.600,0.785,0.782,0.300,0.766,0.782,0.500,0.772,0.782
20110729_0742,-23.780,179.920,539.000,IU.BBSR.00,32.371,-64.696,123.176,1542.037,1556.507,1560.816,1.000,0.956,0.013,-0.037,-0.034,-0.030,-0.032,0.500,-0.100,0.825,0.842,-0.200,0.888,0.888,-0.500,0.661,0.888,-1.300,0.819,0.888,-0.700,0.724,0.888,-0.500,0.687,0.888
20110729_0742,-23.780,179.920,539.000,IV.SGRT.,41.755,15.744,157.717,1744.179,1791.711,1807.532,2.000,6.402,0.499,0.542,0.572,0.581,0.575,2.700,2.800,0.915,0.952,2.400,0.933,0.933,2.100,0.942,0.933,1.900,0.937,0.933,1.700,0.932,0.933,1.800,0.937,0.933
20110729_0742,-23.780,179.920,539.000,IV.MA9.,41.770,12.659,159.117,1751.558,1800.804,1817.273,3.000,4.309,0.362,0.393,0.428,0.439,0.422,2.500,2.600,0.831,0.872,2.400,0.764,0.764,2.300,0.751,0.764,1.900,0.723,0.764,1.700,0.698,0.764,1.900,0.718,0.764
20110729_0742,-23.780,179.920,539.000,GB.BIGH.,58.493,-3.910,145.180,1675.291,1708.689,1719.302,4.000,12.280,0.676,0.695,0.705,0.708,0.710,1.400,1.300,0.872,0.828,0.600,0.874,0.874,0.700,0.871,0.874,0.400,0.875,0.874,0.100,0.891,0.874,0.300,0.884,0.874
20110729_0742,-23.780,179.920,539.000,II.KIV.10,43.955,42.686,139.773,1644.010,1672.019,1680.761,5.000,5.579,0.778,0.796,0.812,0.812,0.807,0.900,0.900,0.967,0.935,0.400,0.966,0.966,0.400,0.974,0.966,-0.100,0.977,0.966,0.000,0.976,0.966,0.200,0.975,0.966
20110729_0742,-23.780,179.920,539.000,OE.KBA.,47.078,13.345,154.347,1726.153,1769.671,1783.980,6.000,6.680,0.446,0.501,0.512,0.515,0.513,1.900,2.400,0.834,0.805,1.900,0.580,0.580,1.300,0.504,0.580,1.100,0.498,0.580,0.800,0.501,0.580,0.900,0.498,0.580
20110729_0742,-23.780,179.920,539.000,NE.EMMW.,44.710,-67.458,122.265,1536.180,1550.044,1554.166,7.000,2.403,0.616,0.614,0.611,0.617,0.616,0.100,0.500,0.672,0.770,0.000,0.849,0.849,-0.100,0.828,0.849,-0.300,0.829,0.849,-0.100,0.843,0.849,-0.100,0.839,0.849
20110729_0742,-23.780,179.920,539.000,XB.PM16.,35.130,-3.695,168.224,1798.045,1859.064,1880.115,8.000,3.740,0.380,0.338,0.344,0.347,0.343,0.100,-4.000,0.606,-0.393,-0.200,0.457,0.457,-0.100,0.410,0.457,-0.200,0.381,0.457,5.400,0.401,0.457,-0.200,0.381,0.457
20110729_0742,-23.780,179.920,539.000,ZP.MANS.02,-11.140,28.875,135.050,1615.906,1639.587,1646.860,9.000,1.528,0.253,0.229,0.232,0.226,0.228,-1.400,-1.200,0.580,0.880,-2.800,0.709,0.709,-2.900,0.671,0.709,-3.000,0.668,0.709,-3.200,0.675,0.709,-3.000,0.672,0.709
20110729_0742,-23.780,179.920,539.000,XB.PM37.,34.951,-3.151,168.515,1799.488,1860.900,1882.109,10.000,3.518,0.519,0.507,0.539,0.558,0.538,0.200,-3.200,0.828,-0.588,0.600,0.841,0.841,0.400,0.883,0.841,0.300,0.885,0.841,0.200,0.883,0.841,0.200,0.890,0.841
20110729_0742,-23.780,179.920,539.000,GB.ELSH.,51.148,1.135,152.616,1716.764,1758.278,1771.836,11.000,7.634,0.715,0.696,0.673,0.653,0.663,0.700,0.800,0.942,0.940,0.800,0.932,0.932,-0.300,0.915,0.932,-0.500,0.922,0.932,-0.700,0.934,0.932,-0.700,0.931,0.932
20110729_0742,-23.780,179.920,539.000,GE.KARP.,35.547,27.161,153.689,1722.600,1765.352,1779.373,12.000,1.999,0.418,0.412,0.415,0.414,0.415,-5.600,0.300,0.117,0.057,0.400,0.652,0.652,0.300,0.707,0.652,-0.100,0.666,0.652,0.000,0.661,0.652,0.100,0.677,0.652
20110729_0742,-23.780,179.920,539.000,RO.PLOR2.,45.850,26.644,149.164,1697.736,1735.389,1747.525,13.000,2.126,0.369,0.412,0.456,0.452,0.437,2.600,3.000,0.658,0.541,2.100,0.864,0.864,1.400,0.869,0.864,1.000,0.869,0.864,1.000,0.866,0.864,1.100,0.866,0.864
20110729_0742,-23.780,179.920,539.000,IV.STAL.,46.260,12.710,155.273,1731.144,1775.749,1790.468,14.000,4.691,0.553,0.635,0.665,0.679,0.669,1.700,2.100,0.844,0.833,1.700,0.785,0.785,1.300,0.800,0.785,1.100,0.824,0.785,0.800,0.835,0.785,0.900,0.827,0.785
20110729_0742,-23.780,179.920,539.000,MN.VSL.,39.496,9.378,162.367,1768.443,1821.781,1839.808,15.000,5.731,0.507,0.570,0.601,0.619,0.597,1.600,1.700,0.902,0.923,1.600,0.877,0.877,1.300,0.889,0.877,1.200,0.893,0.877,1.000,0.897,0.877,1.000,0.891,0.877
20110729_0742,-23.780,179.920,539.000,KO.SARI.,38.407,36.418,145.787,1678.742,1712.777,1723.614,16.000,2.044,0.587,0.585,0.593,0.590,0.589,0.400,0.700,0.895,0.939,0.300,0.776,0.776,0.100,0.755,0.776,-0.700,0.756,0.776,-0.600,0.751,0.776,-0.300,0.747,0.776
20110729_0742,-23.780,179.920,539.000,CH.LIENZ.,47.294,9.492,155.274,1731.148,1775.754,1790.473,17.000,3.616,0.570,0.603,0.631,0.647,0.638,2.200,2.700,0.883,0.856,1.900,0.849,0.849,1.400,0.850,0.849,1.300,0.874,0.849,1.000,0.891,0.849,1.000,0.880,0.849
20110729_0742,-23.780,179.920,539.000,CH.MUO.,46.968,8.637,155.784,1733.884,1779.094,1794.041,18.000,5.354,0.587,0.637,0.688,0.713,0.694,2.300,2.200,0.828,0.882,1.800,0.892,0.892,1.700,0.905,0.892,1.400,0.918,0.892,1.200,0.928,0.892,1.300,0.923,0.892
20110729_0742,-23.780,179.920,539.000,XB.PS34.,38.433,-4.750,164.817,1780.954,1837.457,1856.710,19.000,10.251,0.662,0.593,0.635,0.655,0.632,0.200,0.400,0.950,0.939,0.300,0.925,0.925,0.200,0.938,0.925,0.000,0.942,0.925,-0.200,0.946,0.925,0.000,0.942,0.925
20110729_0742,-23.780,179.920,539.000,GR.AHRW.,50.541,7.076,152.668,1717.050,1758.624,1772.205,20.000,8.847,0.764,0.721,0.704,0.696,0.697,0.500,0.600,0.936,0.930,0.500,0.875,0.875,-0.300,0.810,0.875,-0.500,0.816,0.875,-0.700,0.824,0.875,-0.700,0.822,0.875
20110729_0742,-23.780,179.920,539.000,KO.PHSR.,41.631,27.524,150.927,1707.504,1747.107,1759.957,21.000,3.541,0.532,0.576,0.614,0.616,0.597,2.500,2.900,0.945,0.942,2.200,0.877,0.877,1.600,0.892,0.877,1.200,0.916,0.877,1.100,0.920,0.877,1.300,0.908,0.877
20110729_0742,-23.780,179.920,539.000,IV.SALB.,39.877,16.346,158.769,1749.732,1798.550,1814.857,22.000,4.000,0.595,0.541,0.534,0.530,0.533,0.800,0.900,0.846,0.875,0.300,0.731,0.731,-0.100,0.736,0.731,-0.400,0.721,0.731,-0.600,0.709,0.731,-0.400,0.720,0.731
20110729_0742,-23.780,179.920,539.000,XB.PS21.,37.345,-4.456,165.927,1786.563,1844.521,1864.348,23.000,0.355,0.007,0.015,0.015,0.013,0.015,-10.100,4.700,0.271,-0.516,-8.200,0.428,0.428,-8.200,0.382,0.428,-8.400,0.382,0.428,-8.500,0.385,0.428,-8.400,0.384,0.428
20110729_0742,-23.780,179.920,539.000,6H.SUSS.,-19.422,33.292,125.920,1559.512,1575.899,1580.801,24.000,2.468,0.484,0.476,0.475,0.475,0.478,-0.100,-0.100,0.943,0.945,-0.600,0.844,0.844,-0.700,0.817,0.844,-0.800,0.823,0.844,-0.900,0.834,0.844,-0.800,0.828,0.844
20110729_0742,-23.780,179.920,539.000,IV.FDMO.,43.036,13.087,157.891,1745.096,1792.839,1808.739,25.000,5.278,0.548,0.595,0.631,0.644,0.637,1.900,1.900,0.970,0.972,1.500,0.940,0.940,1.100,0.952,0.940,0.900,0.954,0.940,0.700,0.955,0.940,0.800,0.955,0.940
20110729_0742,-23.780,179.920,539.000,IV.MURB.,43.263,12.525,157.923,1745.268,1793.051,1808.966,26.000,5.916,0.570,0.608,0.630,0.636,0.633,2.200,2.400,0.907,0.895,1.700,0.853,0.853,1.300,0.850,0.853,1.000,0.848,0.853,0.900,0.843,0.853,1.000,0.845,0.853
20110729_0742,-23.780,179.920,539.000,AF.HVD.,-30.605,25.497,120.342,1523.731,1536.364,1540.111,27.000,1.660,-0.032,0.054,0.044,0.005,0.021,3.100,3.200,0.917,0.833,3.200,0.797,0.797,3.200,0.743,0.797,3.200,0.745,0.797,3.100,0.752,0.797,3.200,0.750,0.797
20110729_0742,-23.780,179.920,539.000,IV.ASQU.,43.797,11.789,157.739,1744.297,1791.856,1807.686,28.000,6.339,0.537,0.593,0.637,0.643,0.636,2.000,2.100,0.977,0.974,1.700,0.897,0.897,1.300,0.910,0.897,1.000,0.908,0.897,0.800,0.902,0.897,0.900,0.905,0.897
20110729_0742,-23.780,179.920,539.000,KO.BNN.,38.852,35.847,146.102,1680.526,1714.892,1725.847,29.000,6.931,0.714,0.720,0.748,0.743,0.742,1.100,1.100,0.939,0.939,0.700,0.889,0.889,0.500,0.878,0.889,-0.100,0.871,0.889,0.000,0.878,0.889,0.100,0.879,0.889
20110729_0742,-23.780,179.920,539.000,RD.ORT2.,44.918,5.880,158.312,1747.323,1795.580,1811.674,30.000,11.428,0.591,0.602,0.636,0.670,0.649,1.800,1.800,0.934,0.958,1.400,0.953,0.953,1.400,0.959,0.953,1.300,0.960,0.953,1.000,0.965,0.953,1.100,0.962,0.953
20110729_0742,-23.780,179.920,539.000,IV.TEOL.,45.362,11.674,156.407,1737.215,1783.167,1798.392,31.000,9.083,0.634,0.665,0.709,0.720,0.707,1.500,1.700,0.963,0.961,1.100,0.846,0.846,0.900,0.878,0.846,0.600,0.885,0.846,0.400,0.887,0.846,0.500,0.884,0.846
20110729_0742,-23.780,179.920,539.000,IU.BBSR.10,32.371,-64.696,123.176,1542.037,1556.507,1560.816,32.000,0.983,0.016,-0.032,-0.026,-0.023,-0.026,0.400,-0.100,0.821,0.861,-0.100,0.890,0.890,-0.500,0.665,0.890,-1.300,0.817,0.890,-0.600,0.726,0.890,-0.500,0.690,0.890
20110729_0742,-23.780,179.920,539.000,XB.PM01.,35.702,-5.654,167.140,1792.648,1852.216,1872.683,33.000,17.834,0.597,0.657,0.677,0.683,0.672,0.300,0.500,0.954,0.946,0.600,0.520,0.520,-0.100,0.874,0.520,-0.100,0.874,0.520,-0.200,0.868,0.520,-0.200,0.869,0.520
20110729_0742,-23.780,179.920,539.000,KO.KRBG.,40.393,27.298,151.666,1711.567,1752.000,1765.157,34.000,3.637,0.416,0.447,0.516,0.502,0.479,2.900,2.900,0.779,0.836,2.800,0.683,0.683,2.300,0.661,0.683,1.800,0.686,0.683,1.700,0.696,0.683,2.000,0.681,0.683
20110729_0742,-23.780,179.920,539.000,CH.MMK.,46.051,7.964,156.803,1739.324,1785.751,1801.155,35.000,6.764,0.638,0.663,0.698,0.718,0.707,2.000,2.000,0.969,0.965,1.800,0.951,0.951,1.500,0.971,0.951,1.300,0.972,0.951,1.200,0.972,0.951,1.200,0.973,0.951
20110729_0742,-23.780,179.920,539.000,OE.MOA.,47.849,14.266,153.368,1720.856,1763.235,1777.117,36.000,7.189,0.553,0.572,0.615,0.620,0.613,2.600,2.600,0.956,0.941,1.800,0.899,0.899,1.700,0.857,0.899,1.500,0.856,0.899,1.300,0.858,0.899,1.400,0.856,0.899
20110729_0742,-23.780,179.920,539.000,ZP.MUFZ.02,-13.144,25.021,135.666,1619.610,1643.833,1651.291,37.000,2.120,0.437,0.451,0.450,0.449,0.451,1.000,5.000,0.602,-0.806,-0.400,0.797,0.797,0.400,0.634,0.797,0.400,0.649,0.797,-0.400,0.756,0.797,0.300,0.657,0.797
20110729_0742,-23.780,179.920,539.000,FR.SJAF.00,42.484,2.876,161.137,1762.093,1813.864,1831.292,38.000,7.841,0.635,0.677,0.691,0.703,0.698,0.700,1.000,0.959,0.952,0.900,0.991,0.991,0.500,0.938,0.991,0.400,0.949,0.991,0.200,0.957,0.991,0.200,0.953,0.991
20110729_0742,-23.780,179.920,539.000,CA.CADI.,42.339,1.835,161.373,1763.315,1815.385,1832.927,39.000,1.234,0.148,0.141,0.131,0.129,0.131,-6.400,-0.400,0.788,-0.504,-6.200,0.675,0.675,2.900,0.636,0.675,2.800,0.620,0.675,2.700,0.605,0.675,2.700,0.615,0.675
20110729_0742,-23.780,179.920,539.000,KO.SPNC.,40.686,30.308,149.480,1699.493,1737.491,1749.753,40.000,4.265,0.558,0.615,0.660,0.660,0.647,2.100,2.100,0.958,0.969,1.400,0.897,0.897,1.000,0.889,0.897,0.500,0.913,0.897,0.400,0.923,0.897,0.600,0.915,0.897
20110729_0742,-23.780,179.920,539.000,XB.PM23.,33.128,-5.030,169.693,1805.295,1868.305,1890.162,41.000,5.535,0.656,0.737,0.747,0.747,0.744,0.100,0.200,0.885,0.899,0.100,0.903,0.903,-0.400,0.864,0.903,-0.500,0.873,0.903,-0.600,0.884,0.903,-0.600,0.873,0.903
20110729_0742,-23.780,179.920,539.000,IV.CAFR.,42.227,14.347,158.010,1745.726,1793.614,1809.569,42.000,4.173,0.468,0.514,0.529,0.524,0.523,3.600,4.100,0.564,0.613,3.700,0.670,0.670,3.400,0.641,0.670,3.100,0.633,0.670,3.000,0.623,0.670,3.100,0.631,0.670
20110729_0742,-23.780,179.920,539.000,MC.OLV2.,16.750,-62.228,121.708,1532.591,1546.093,1550.104,43.000,0.365,-0.046,-0.046,-0.044,-0.045,-0.046,9.400,-2.200,0.427,-0.997,3.400,0.403,0.403,1.200,0.225,0.403,1.400,0.237,0.403,1.300,0.226,0.403,1.200,0.217,0.403
20110729_0742,-23.780,179.920,539.000,CZ.PVCC.,50.528,14.569,150.937,1707.557,1747.170,1760.025,44.000,6.441,0.661,0.685,0.713,0.706,0.710,0.900,1.200,0.941,0.925,0.700,0.843,0.843,0.500,0.888,0.843,0.100,0.892,0.843,-0.100,0.884,0.843,0.000,0.886,0.843
20110729_0742,-23.780,179.920,539.000,KO.SVRH.,39.447,31.523,149.098,1697.369,1734.950,1747.059,45.000,6.314,0.415,0.446,0.526,0.504,0.483,1.500,1.700,0.882,0.857,1.300,0.957,0.957,0.900,0.957,0.957,0.300,0.947,0.957,0.300,0.944,0.957,0.500,0.949,0.957
20110729_0742,-23.780,179.920,539.000,IU.KMBO.00,-1.127,37.252,136.017,1621.721,1646.258,1653.821,46.000,1.971,0.315,0.346,0.337,0.332,0.335,-0.400,-0.500,0.784,0.832,-1.100,0.685,0.685,-0.800,0.720,0.685,-1.200,0.704,0.685,-1.200,0.700,0.685,-1.100,0.705,0.685
20110729_0742,-23.780,179.920,539.000,NO.SPA0.00,78.178,16.370,125.063,1554.085,1569.859,1574.570,47.000,16.286,0.615,0.605,0.585,0.582,0.586,0.700,0.800,0.918,0.958,0.200,0.703,0.703,0.100,0.674,0.703,-0.500,0.685,0.703,-0.400,0.680,0.703,-0.300,0.673,0.703
20110729_0742,-23.780,179.920,539.000,IU.PAB.10,39.545,-4.350,163.827,1775.923,1831.140,1849.893,48.000,6.498,0.627,0.624,0.650,0.656,0.651,0.100,0.800,0.832,0.751,0.300,0.815,0.815,0.100,0.761,0.815,-0.200,0.763,0.815,-0.400,0.767,0.815,-0.300,0.764,0.815
20110729_0742,-23.780,179.920,539.000,OE.ABTA.,46.747,12.512,154.910,1729.191,1773.369,1787.927,49.000,4.266,0.408,0.371,0.358,0.356,0.356,-1.400,-5.100,0.447,-0.858,-9.600,0.463,0.463,-10.100,0.419,0.463,-10.400,0.389,0.463,-2.900,0.413,0.463,-2.900,0.389,0.463
20110729_0742,-23.780,179.920,539.000,RO.PLOR7.,45.860,26.640,149.160,1697.713,1735.360,1747.495,50.000,1.945,0.320,0.352,0.374,0.374,0.370,1.900,2.600,0.490,0.402,1.900,0.725,0.725,1.300,0.718,0.725,0.900,0.705,0.725,0.800,0.700,0.725,0.900,0.707,0.725
20110729_0742,-23.780,179.920,539.000,CH.WIMIS.,46.665,7.624,156.294,1736.610,1782.427,1797.602,51.000,6.942,0.512,0.533,0.592,0.624,0.603,1.500,1.500,0.791,0.801,1.400,0.896,0.896,1.300,0.932,0.896,1.100,0.931,0.896,0.800,0.921,0.896,1.000,0.927,0.896
20110729_0742,-23.780,179.920,539.000,IV.SLCN.,40.390,15.633,158.785,1749.813,1798.650,1814.964,52.000,6.213,0.568,0.568,0.573,0.563,0.575,-8.600,0.000,0.632,0.557,-0.700,0.679,0.679,-0.900,0.684,0.679,-1.300,0.677,0.679,-1.500,0.676,0.679,-1.300,0.676,0.679
20110729_0742,-23.780,179.920,539.000,IV.HAGA.,37.285,15.155,161.220,1762.525,1814.401,1831.869,53.000,10.460,0.600,0.616,0.654,0.657,0.640,1.300,1.400,0.976,0.954,1.400,0.912,0.912,1.100,0.900,0.912,0.800,0.896,0.912,0.600,0.893,0.912,0.900,0.893,0.912
20110729_0742,-23.780,179.920,539.000,GB.STNC.,53.091,-2.206,150.644,1705.945,1745.232,1757.966,54.000,1.349,0.486,0.484,0.473,0.465,0.469,0.600,-2.800,0.929,-0.534,0.000,0.784,0.784,-0.300,0.807,0.784,-0.500,0.808,0.784,-0.700,0.810,0.784,-0.700,0.812,0.784
20110729_0742,-23.780,179.920,539.000,IV.GIB.,37.990,14.026,161.380,1763.351,1815.429,1832.975,55.000,1.932,0.378,0.362,0.369,0.362,0.364,-0.900,-4.700,0.537,-0.681,-1.000,0.510,0.510,-1.000,0.446,0.510,-1.300,0.421,0.510,1.900,0.429,0.510,-1.300,0.423,0.510
20110729_0742,-23.780,179.920,539.000,MC.AIRS.,16.741,-62.214,121.718,1532.655,1546.162,1550.176,56.000,0.930,0.039,-0.137,-0.127,-0.132,-0.136,9.400,5.500,0.204,-0.676,10.800,0.411,0.411,7.900,0.328,0.411,8.000,0.308,0.411,7.900,0.317,0.411,7.900,0.323,0.411
20110729_0742,-23.780,179.920,539.000,GU.RRL.,44.921,6.791,158.132,1746.372,1794.409,1810.420,57.000,7.637,0.624,0.651,0.672,0.689,0.688,1.500,1.600,0.771,0.793,1.400,0.900,0.900,1.300,0.922,0.900,1.100,0.930,0.900,0.800,0.932,0.900,0.900,0.935,0.900
20110729_0742,-23.780,179.920,539.000,GE.FLT1.,52.331,11.237,150.172,1703.332,1742.094,1754.635,58.000,11.819,0.714,0.736,0.697,0.682,0.694,0.500,0.800,0.936,0.883,-0.400,0.887,0.887,-0.600,0.899,0.887,-0.900,0.913,0.887,-1.100,0.921,0.887,-1.100,0.915,0.887
20110729_0742,-23.780,179.920,539.000,MD.KIS.,46.998,28.817,147.278,1687.170,1722.785,1734.184,59.000,0.000,,,,,,-16.000,-8.000,0.000,0.000,-16.000,0.000,0.000,-16.000,0.000,0.000,-16.000,0.000,0.000,-16.000,0.000,0.000,-16.000,0.000,0.000
20110729_0742,-23.780,179.920,539.000,IV.VVLD.,41.870,13.623,158.619,1748.939,1797.572,1813.809,60.000,3.290,0.580,0.654,0.683,0.691,0.686,1.400,1.500,0.959,0.953,1.300,0.892,0.892,1.000,0.893,0.892,0.700,0.886,0.892,0.400,0.880,0.892,0.600,0.884,0.892
20110729_0742,-23.780,179.920,539.000,XB.PM34.,31.291,-4.107,171.685,1815.026,1880.777,1903.756,61.000,11.790,0.652,0.560,0.582,0.599,0.583,0.400,0.600,0.944,0.940,-0.100,0.772,0.772,0.400,0.877,0.772,0.500,0.858,0.772,0.500,0.845,0.772,0.400,0.856,0.772
20110729_0742,-23.780,179.920,539.000,XB.PM28.,32.232,-4.617,170.650,1809.984,1874.307,1896.700,62.000,14.416,0.578,0.627,0.654,0.672,0.652,0.700,0.700,0.972,0.965,1.400,0.578,0.578,0.500,0.636,0.578,0.200,0.681,0.578,-0.100,0.728,0.578,0.200,0.673,0.578
20110729_0742,-23.780,179.920,539.000,KO.SHUT.,38.553,30.551,150.122,1703.056,1741.762,1754.283,63.000,4.419,0.550,0.525,0.556,0.549,0.543,1.200,1.100,0.846,0.850,0.600,0.806,0.806,0.300,0.769,0.806,-0.400,0.749,0.806,-0.300,0.746,0.806,-0.100,0.749,0.806
20110729_0742,-23.780,179.920,539.000,RO.GZR.,45.393,22.777,151.550,1710.931,1751.233,1764.342,64.000,5.386,0.332,0.382,0.441,0.450,0.439,3.000,3.100,0.872,0.844,2.600,0.946,0.946,2.200,0.936,0.946,1.800,0.926,0.946,1.600,0.924,0.946,1.700,0.930,0.946
20110729_0742,-23.780,179.920,539.000,IU.KBS.10,78.915,11.939,124.596,1551.112,1566.556,1571.166,65.000,4.583,0.723,0.692,0.675,0.682,0.685,-0.200,0.100,0.883,0.928,-0.300,0.895,0.895,-0.500,0.893,0.895,-0.800,0.882,0.895,-0.600,0.885,0.895,-0.600,0.887,0.895
20110729_0742,-23.780,179.920,539.000,XB.PS19.,37.372,-4.994,165.771,1785.780,1843.533,1863.279,66.000,8.076,0.559,0.667,0.673,0.672,0.676,-0.200,0.000,0.836,0.845,-0.200,0.714,0.714,-0.300,0.764,0.714,-0.500,0.781,0.714,-0.700,0.798,0.714,-0.500,0.779,0.714
20110729_0742,-23.780,179.920,539.000,SX.ROHR.,50.234,12.317,151.841,1712.529,1753.161,1766.392,67.000,9.995,0.712,0.726,0.749,0.752,0.747,0.900,1.100,0.930,0.941,0.500,0.924,0.924,0.400,0.932,0.924,0.200,0.920,0.924,-0.100,0.918,0.924,0.000,0.924,0.924
20110729_0742,-23.780,179.920,539.000,XB.PS26.,37.722,-4.963,165.446,1784.140,1841.467,1861.044,68.000,7.635,0.664,0.569,0.598,0.615,0.596,0.500,0.800,0.922,0.923,0.700,0.853,0.853,0.600,0.908,0.853,0.400,0.917,0.853,0.200,0.927,0.853,0.400,0.920,0.853
20110729_0742,-23.780,179.920,539.000,GR.MOX.,50.646,11.616,151.644,1711.449,1751.858,1765.007,69.000,5.860,0.797,0.786,0.797,0.796,0.793,0.700,1.200,0.905,0.873,0.200,0.873,0.873,0.200,0.861,0.873,0.000,0.864,0.873,-0.300,0.860,0.873,-0.200,0.859,0.873
20110729_0742,-23.780,179.920,539.000,PL.GKP.,53.270,17.237,147.740,1689.771,1725.881,1737.459,70.000,7.812,0.713,0.737,0.762,0.761,0.757,0.600,0.700,0.930,0.909,0.300,0.937,0.937,0.200,0.945,0.937,0.000,0.950,0.937,-0.200,0.945,0.937,-0.100,0.947,0.937
20110729_0742,-23.780,179.920,539.000,II.OBN.10,55.115,36.567,138.650,1637.388,1664.336,1672.715,71.000,15.499,0.748,0.712,0.743,0.739,0.730,1.400,1.400,0.907,0.863,0.800,0.950,0.950,0.900,0.933,0.950,0.600,0.949,0.950,0.500,0.941,0.950,0.700,0.938,0.950
20110729_0742,-23.780,179.920,539.000,XB.PM36.,34.889,-3.736,168.445,1799.142,1860.459,1881.630,72.000,2.492,0.373,0.450,0.441,0.429,0.446,1.600,-2.600,0.719,-0.390,1.700,0.751,0.751,1.200,0.722,0.751,1.100,0.722,0.751,1.000,0.711,0.751,1.100,0.721,0.751
20110729_0742,-23.780,179.920,539.000,RO.DEV.,45.887,22.898,151.157,1708.768,1748.628,1761.574,73.000,5.565,0.542,0.565,0.620,0.628,0.616,2.500,2.500,0.886,0.930,2.100,0.851,0.851,1.500,0.832,0.851,1.100,0.846,0.851,0.900,0.859,0.851,1.000,0.846,0.851
20110729_0742,-23.780,179.920,539.000,II.LVZ.00,67.898,34.651,131.038,1591.456,1611.769,1617.917,74.000,13.123,0.698,0.719,0.745,0.743,0.735,1.300,1.700,0.923,0.893,1.100,0.911,0.911,0.700,0.897,0.911,0.200,0.911,0.911,0.200,0.909,0.911,0.400,0.905,0.911
20110729_0742,-23.780,179.920,539.000,IV.PTCC.,46.408,13.354,154.926,1729.276,1773.472,1788.037,75.000,5.718,0.637,0.705,0.716,0.712,0.712,0.800,1.100,0.872,0.886,0.400,0.760,0.760,-0.300,0.764,0.760,-0.500,0.776,0.760,-0.800,0.789,0.760,-0.700,0.781,0.760
20110729_0742,-23.780,179.920,539.000,TH.POSS.,51.333,10.867,151.185,1708.922,1748.813,1761.770,76.000,0.354,0.034,0.018,0.020,0.023,0.020,-0.100,-1.200,0.993,0.997,-4.500,0.297,0.297,-4.600,0.299,0.297,-4.800,0.309,0.297,-5.000,0.305,0.297,-5.000,0.305,0.297
20110729_0742,-23.780,179.920,539.000,IV.ECNV.,37.596,14.712,161.269,1762.780,1814.718,1832.211,77.000,3.379,0.331,0.282,0.318,0.312,0.307,1.400,1.600,0.649,0.666,1.400,0.662,0.662,1.200,0.683,0.662,1.000,0.680,0.662,0.900,0.674,0.662,1.000,0.681,0.662
20110729_0742,-23.780,179.920,539.000,CH.TORNY.,46.774,6.959,156.323,1736.767,1782.618,1797.806,78.000,10.366,0.685,0.699,0.757,0.775,0.765,1.300,1.300,0.937,0.951,1.000,0.934,0.934,0.800,0.934,0.934,0.600,0.950,0.934,0.400,0.963,0.934,0.400,0.957,0.934
20110729_0742,-23.780,179.920,539.000,YV.JNOV.00,-17.054,42.713,121.583,1531.780,1545.200,1549.187,79.000,0.289,-0.084,-0.035,-0.050,-0.063,-0.055,11.600,-4.300,0.119,-0.969,8.000,0.444,0.444,7.900,0.445,0.444,7.700,0.432,0.444,7.700,0.434,0.444,7.800,0.433,0.444
20110729_0742,-23.780,179.920,539.000,2H.AFME.,13.204,40.858,139.917,1644.852,1672.997,1681.785,80.000,2.238,0.625,0.649,0.656,0.656,0.656,0.600,0.600,0.935,0.955,0.100,0.975,0.975,0.500,0.939,0.975,-0.100,0.967,0.975,0.100,0.959,0.975,0.100,0.957,0.975
20110729_0742,-23.780,179.920,539.000,IU.LSZ.10,-15.278,28.188,132.162,1598.361,1619.590,1626.040,81.000,2.911,0.361,0.472,0.467,0.451,0.464,1.300,1.200,0.924,0.927,0.300,0.772,0.772,0.100,0.723,0.772,0.000,0.733,0.772,-0.300,0.756,0.772,-0.100,0.737,0.772
20110729_0742,-23.780,179.920,539.000,MN.DIVS.,44.098,19.992,153.879,1723.626,1766.598,1780.701,82.000,5.596,0.406,0.495,0.560,0.574,0.560,2.500,2.800,0.919,0.863,2.100,0.988,0.988,1.500,0.984,0.988,1.300,0.983,0.988,1.200,0.982,0.988,1.200,0.984,0.988
20110729_0742,-23.780,179.920,539.000,IU.KBS.00,78.915,11.939,124.596,1551.112,1566.556,1571.166,83.000,4.777,0.710,0.679,0.661,0.668,0.671,-0.200,0.100,0.877,0.921,-0.300,0.866,0.866,-0.600,0.863,0.866,-0.800,0.855,0.866,-0.700,0.858,0.866,-0.700,0.859,0.866
20110729_0742,-23.780,179.920,539.000,2H.TRUE.,12.481,40.315,140.140,1646.162,1674.521,1683.383,84.000,4.429,0.699,0.647,0.623,0.636,0.638,0.800,-0.300,0.697,0.585,-0.200,0.762,0.762,0.000,0.782,0.762,-0.800,0.837,0.762,-0.400,0.804,0.762,-0.400,0.805,0.762
20110729_0742,-23.780,179.920,539.000,KO.ADVT.,40.433,29.738,149.979,1702.262,1740.810,1753.273,85.000,6.483,0.557,0.582,0.669,0.655,0.636,1.700,1.800,0.954,0.933,1.000,0.968,0.968,0.600,0.953,0.968,0.000,0.949,0.968,0.000,0.953,0.968,0.100,0.954,0.968
20110729_0742,-23.780,179.920,539.000,GE.VAL.,51.939,-10.244,150.784,1706.714,1746.156,1758.948,86.000,16.233,0.776,0.733,0.711,0.684,0.707,-0.200,0.100,0.905,0.900,-1.100,0.918,0.918,-1.300,0.931,0.918,-1.500,0.941,0.918,-1.800,0.941,0.918,-1.600,0.940,0.918
20110729_0742,-23.780,179.920,539.000,KO.MLSB.,37.295,27.777,152.617,1716.768,1758.283,1771.842,87.000,2.708,0.448,0.445,0.505,0.497,0.480,1.200,1.400,0.827,0.833,1.100,0.676,0.676,0.900,0.689,0.676,0.700,0.684,0.676,0.600,0.692,0.676,0.800,0.694,0.676
20110729_0742,-23.780,179.920,539.000,RO.TESR.,46.512,26.649,148.763,1695.498,1732.712,1744.689,88.000,8.096,0.635,0.686,0.711,0.708,0.703,1.500,-3.700,0.608,-0.671,3.200,0.454,0.454,2.600,0.456,0.454,2.200,0.444,0.454,2.100,0.436,0.454,2.200,0.442,0.454
20110729_0742,-23.780,179.920,539.000,GE.ZKR.,35.115,26.217,154.559,1727.299,1771.065,1785.468,89.000,6.198,0.544,0.531,0.573,0.571,0.559,1.400,1.600,0.761,0.755,1.400,0.683,0.683,1.300,0.660,0.683,0.800,0.654,0.683,0.800,0.656,0.683,1.000,0.659,0.683
20110729_0742,-23.780,179.920,539.000,IV.MIGL.,40.604,16.441,158.204,1746.754,1794.879,1810.924,90.000,5.507,0.454,0.537,0.574,0.579,0.569,1.900,1.900,0.876,0.853,1.500,0.962,0.962,1.100,0.946,0.962,0.800,0.950,0.962,0.600,0.952,0.962,0.800,0.950,0.962
20110729_0742,-23.780,179.920,539.000,IV.SNAL.,40.925,15.209,158.605,1748.868,1797.484,1813.715,91.000,5.135,0.365,0.392,0.426,0.429,0.421,1.400,1.700,0.841,0.859,1.200,0.742,0.742,0.900,0.726,0.742,0.700,0.734,0.742,0.500,0.741,0.742,0.600,0.735,0.742
20110729_0742,-23.780,179.920,539.000,IV.SAMA.,41.780,12.592,159.136,1751.661,1800.931,1817.410,92.000,4.749,0.411,0.439,0.453,0.461,0.455,2.200,2.200,0.930,0.944,2.000,0.846,0.846,1.800,0.831,0.846,1.400,0.810,0.846,1.300,0.796,0.846,1.400,0.807,0.846
20110729_0742,-23.780,179.920,539.000,AF.MBEY.,-9.000,33.250,133.796,1608.322,1630.921,1637.829,93.000,2.336,0.532,0.540,0.549,0.553,0.546,1.400,1.000,0.858,0.829,0.400,0.815,0.815,0.500,0.811,0.815,0.300,0.815,0.815,0.200,0.812,0.815,0.400,0.810,0.815
20110729_0742,-23.780,179.920,539.000,XB.PS42.,36.528,-5.043,166.555,1789.718,1848.507,1868.663,94.000,5.447,0.499,0.574,0.613,0.639,0.613,1.100,0.900,0.821,0.803,1.000,0.916,0.916,0.600,0.740,0.916,0.500,0.751,0.916,0.400,0.765,0.916,0.500,0.752,0.916
20110729_0742,-23.780,179.920,539.000,IV.ISTR.,38.787,15.192,160.171,1757.071,1807.627,1824.593,95.000,4.082,0.445,0.442,0.456,0.449,0.451,-0.100,-1.700,0.504,0.320,-0.800,0.496,0.496,-1.000,0.484,0.496,-1.200,0.495,0.496,-1.400,0.501,0.496,-1.300,0.496,0.496
20110729_0742,-23.780,179.920,539.000,GB.GAL1.,54.866,-4.711,148.723,1695.277,1732.449,1744.410,96.000,3.211,0.631,0.563,0.587,0.586,0.579,0.000,-0.200,0.770,0.746,-0.200,0.848,0.848,-0.300,0.824,0.848,-0.700,0.826,0.848,-0.900,0.836,0.848,-0.900,0.831,0.848
20110729_0742,-23.780,179.920,539.000,RO.BMR.,47.673,23.497,149.640,1700.383,1738.557,1750.884,97.000,8.155,0.613,0.664,0.698,0.709,0.695,1.900,1.900,0.952,0.958,1.400,0.983,0.983,1.000,0.960,0.983,0.700,0.957,0.983,0.600,0.956,0.983,0.700,0.957,0.983
20110729_0742,-23.780,179.920,539.000,GR.GRB3.,49.343,11.805,152.790,1717.712,1759.425,1773.058,98.000,11.920,0.570,0.654,0.684,0.688,0.683,1.000,1.000,0.942,0.947,1.200,0.875,0.875,0.700,0.855,0.875,0.600,0.863,0.875,0.400,0.865,0.875,0.500,0.862,0.875
20110729_0742,-23.780,179.920,539.000,XB.PS49.,36.903,-3.183,166.609,1789.989,1848.850,1869.035,99.000,4.390,0.478,0.425,0.456,0.482,0.461,1.600,1.400,0.764,0.665,1.500,0.883,0.883,1.700,0.844,0.883,1.600,0.841,0.883,1.400,0.841,0.883,1.500,0.842,0.883
20110729_0742,-23.780,179.920,539.000,FN.RNF.,66.612,26.011,134.133,1610.369,1633.257,1640.261,100.000,6.377,0.703,0.741,0.759,0.760,0.760,1.400,1.800,0.962,0.943,1.000,0.846,0.846,0.700,0.867,0.846,0.500,0.879,0.846,0.400,0.878,0.846,0.500,0.877,0.846
20110729_0742,-23.780,179.920,539.000,PL.KSP.,50.843,16.293,150.120,1703.047,1741.752,1754.273,101.000,5.100,0.649,0.680,0.723,0.721,0.718,0.900,1.200,0.920,0.911,0.500,0.920,0.920,0.200,0.882,0.920,-0.200,0.889,0.920,-0.400,0.904,0.920,-0.300,0.897,0.920
20110729_0742,-23.780,179.920,539.000,KO.CTYL.,41.476,28.290,150.498,1705.136,1744.260,1756.935,102.000,4.483,0.507,0.580,0.651,0.657,0.629,2.200,2.400,0.960,0.953,1.700,0.951,0.951,1.200,0.951,0.951,0.800,0.954,0.951,0.700,0.956,0.951,0.900,0.953,0.951
20110729_0742,-23.780,179.920,539.000,KO.RSDY.,40.397,37.327,144.578,1671.861,1704.636,1715.030,103.000,11.988,0.812,0.801,0.773,0.785,0.795,0.600,0.700,0.980,0.981,0.100,0.987,0.987,-0.100,0.987,0.987,-0.700,0.986,0.987,-0.600,0.981,0.987,-0.400,0.982,0.987
20110729_0742,-23.780,179.920,539.000,AF.SWZ.,-27.182,25.332,123.441,1543.735,1558.384,1562.748,104.000,0.345,0.026,0.015,0.015,0.018,0.016,11.000,-2.100,0.271,-0.999,-8.800,0.562,0.562,-8.300,0.527,0.562,-8.400,0.526,0.562,-8.600,0.535,0.562,-8.400,0.529,0.562
20110729_0742,-23.780,179.920,539.000,RO.HUMR.,44.528,24.980,150.895,1707.329,1746.896,1759.734,105.000,1.619,0.297,0.354,0.393,0.387,0.379,1.400,2.100,0.781,0.767,0.900,0.796,0.796,0.200,0.790,0.796,-0.100,0.794,0.796,-0.200,0.801,0.796,-0.100,0.801,0.796
20110729_0742,-23.780,179.920,539.000,NO.SPB1.00,78.180,16.391,125.060,1554.066,1569.837,1574.548,106.000,17.866,0.613,0.596,0.580,0.578,0.581,0.600,0.800,0.919,0.953,0.200,0.701,0.701,-0.200,0.668,0.701,-0.600,0.687,0.701,-0.500,0.681,0.701,-0.400,0.676,0.701
20110729_0742,-23.780,179.920,539.000,XB.PS18.,37.250,-4.738,165.951,1786.684,1844.674,1864.513,107.000,8.991,0.604,0.679,0.696,0.707,0.698,0.600,1.000,0.808,0.785,0.700,0.816,0.816,0.600,0.843,0.816,0.500,0.852,0.816,0.400,0.860,0.816,0.500,0.854,0.816
20110729_0742,-23.780,179.920,539.000,II.CMLA.00,37.764,-25.524,154.184,1725.274,1768.601,1782.838,108.000,1.303,0.245,0.241,0.224,0.228,0.228,-1.900,2.600,0.692,-0.659,-3.500,0.572,0.572,-2.300,0.644,0.572,-2.200,0.623,0.572,-2.300,0.621,0.572,-2.300,0.630,0.572
20110729_0742,-23.780,179.920,539.000,CN.LMQ.,47.549,-70.326,120.416,1524.218,1536.897,1540.658,109.000,9.782,0.763,0.696,0.703,0.706,0.700,0.400,0.600,0.799,0.841,0.000,0.874,0.874,-0.100,0.862,0.874,-0.100,0.912,0.874,-0.100,0.881,0.874,-0.100,0.866,0.874
20110729_0742,-23.780,179.920,539.000,IS.KZIT.,30.906,34.398,148.689,1695.083,1732.217,1744.165,110.000,5.773,0.593,0.555,0.659,0.628,0.599,1.300,1.400,0.914,0.911,1.000,0.953,0.953,1.300,0.936,0.953,0.500,0.946,0.953,0.700,0.947,0.953,1.000,0.942,0.953
20110729_0742,-23.780,179.920,539.000,PM.PFVI.,37.133,-8.827,164.684,1780.278,1836.608,1855.792,111.000,7.664,0.609,0.558,0.573,0.574,0.572,0.000,0.100,0.904,0.924,0.000,0.886,0.886,-0.200,0.916,0.886,-0.300,0.922,0.886,-0.400,0.927,0.886,-0.400,0.924,0.886
20110729_0742,-23.780,179.920,539.000,XB.PS14.,37.147,-5.518,165.842,1786.136,1843.983,1863.765,112.000,0.356,0.005,0.017,0.017,0.017,0.017,-10.600,4.000,0.285,-0.613,-8.400,0.483,0.483,-8.500,0.474,0.483,-8.700,0.476,0.483,-8.800,0.482,0.483,-8.700,0.478,0.483
20110729_0742,-23.780,179.920,539.000,II.BRVK.10,53.058,70.283,120.471,1524.574,1537.287,1541.059,113.000,52.639,0.719,0.702,0.711,0.715,0.709,0.100,0.300,0.828,0.956,0.000,0.868,0.868,-0.100,0.861,0.868,-0.100,0.867,0.868,-0.100,0.875,0.868,-0.100,0.868,0.868
20110729_0742,-23.780,179.920,539.000,GR.CLL.,51.308,13.002,150.685,1706.166,1745.498,1758.249,114.000,6.852,0.699,0.747,0.754,0.751,0.752,0.900,1.100,0.963,0.950,0.500,0.921,0.921,0.300,0.948,0.921,0.000,0.943,0.921,-0.300,0.939,0.921,-0.100,0.943,0.921
20110729_0742,-23.780,179.920,539.000,CH.WILA.,47.415,8.908,155.301,1731.293,1775.931,1790.662,115.000,1.823,0.437,0.461,0.490,0.503,0.492,2.000,2.100,0.801,0.767,2.000,0.779,0.779,1.600,0.818,0.779,1.300,0.827,0.779,1.200,0.829,0.779,1.200,0.828,0.779
20110729_0742,-23.780,179.920,539.000,DK.NUUK.,64.184,-51.668,127.632,1570.287,1587.942,1593.240,116.000,7.055,0.722,0.697,0.699,0.690,0.693,0.800,0.800,0.955,0.950,0.600,0.914,0.914,0.500,0.908,0.914,0.200,0.910,0.914,0.300,0.910,0.914,0.400,0.910,0.914
20110729_0742,-23.780,179.920,539.000,II.BRVK.00,53.058,70.283,120.471,1524.574,1537.287,1541.059,117.000,55.010,0.706,0.689,0.697,0.701,0.696,0.100,0.300,0.845,0.959,0.000,0.848,0.848,-0.100,0.833,0.848,-0.200,0.843,0.848,-0.100,0.850,0.848,-0.100,0.842,0.848
20110729_0742,-23.780,179.920,539.000,CH.AIGLE.,46.342,6.953,156.739,1738.983,1785.332,1800.708,118.000,3.174,0.562,0.599,0.654,0.668,0.663,1.400,1.500,0.890,0.871,1.100,0.913,0.913,0.800,0.901,0.913,0.600,0.911,0.913,0.400,0.921,0.913,0.400,0.916,0.913
20110729_0742,-23.780,179.920,539.000,KO.RKY.,40.687,27.178,151.609,1711.255,1751.624,1764.758,119.000,3.892,0.520,0.551,0.603,0.600,0.580,3.300,-0.400,0.880,-0.742,2.900,0.929,0.929,2.500,0.913,0.929,2.200,0.883,0.929,2.100,0.878,0.929,2.300,0.894,0.929
20110729_0742,-23.780,179.920,539.000,GB.DYA.,50.435,-3.931,153.177,1719.820,1761.979,1775.778,120.000,1.289,0.377,0.310,0.279,0.258,0.277,0.500,-4.900,0.793,0.360,-5.900,0.552,0.552,-6.100,0.538,0.552,-6.500,0.542,0.552,-6.900,0.555,0.552,-6.700,0.550,0.552
20110729_0742,-23.780,179.920,539.000,BW.WETR.,49.145,12.876,152.668,1717.047,1758.621,1772.201,121.000,7.268,0.619,0.675,0.715,0.729,0.713,1.100,1.300,0.932,0.978,0.900,0.945,0.945,0.600,0.947,0.945,0.400,0.945,0.945,0.200,0.945,0.945,0.300,0.947,0.945
20110729_0742,-23.780,179.920,539.000,SX.TRIB.,50.352,12.137,151.781,1712.201,1752.765,1765.971,122.000,6.100,0.660,0.659,0.665,0.659,0.657,0.300,0.500,0.968,0.979,0.100,0.861,0.861,-0.200,0.870,0.861,-0.400,0.867,0.861,-0.600,0.869,0.861,-0.600,0.873,0.861
20110729_0742,-23.780,179.920,539.000,IU.RCBR.00,-5.827,-35.901,134.205,1610.803,1633.753,1640.778,123.000,1.850,0.227,0.303,0.305,0.304,0.303,-0.500,-4.200,0.842,-0.275,0.300,0.667,0.667,0.600,0.616,0.667,0.500,0.621,0.667,0.500,0.623,0.667,0.600,0.620,0.667
20110729_0742,-23.780,179.920,539.000,CU.ANWB.00,17.668,-61.786,122.390,1536.988,1550.934,1555.082,124.000,1.610,0.029,0.046,0.004,-0.010,0.053,-4.200,3.800,0.454,-0.710,3.900,0.503,0.503,-1.400,0.760,0.503,-1.300,0.539,0.503,-1.300,0.528,0.503,-1.300,0.756,0.503
20110729_0742,-23.780,179.920,539.000,CH.EMV.,46.063,6.899,157.016,1740.461,1787.144,1802.646,125.000,8.232,0.409,0.518,0.577,0.591,0.586,1.800,2.000,0.917,0.898,1.900,0.873,0.873,1.600,0.885,0.873,1.300,0.875,0.873,1.100,0.872,0.873,1.200,0.875,0.873
20110729_0742,-23.780,179.920,539.000,IV.HMDC.,36.959,14.783,161.658,1764.791,1817.224,1834.905,126.000,7.509,0.642,0.676,0.711,0.713,0.695,0.900,1.000,0.858,0.895,1.000,0.905,0.905,0.800,0.908,0.905,0.500,0.900,0.905,0.400,0.891,0.905,0.600,0.903,0.905
20110729_0742,-23.780,179.920,539.000,IV.MRGE.,45.770,7.061,157.265,1741.779,1788.763,1804.377,127.000,8.852,0.635,0.660,0.682,0.696,0.689,1.700,1.900,0.895,0.882,1.400,0.807,0.807,1.100,0.849,0.807,0.900,0.837,0.807,0.500,0.820,0.807,0.600,0.826,0.807
20110729_0742,-23.780,179.920,539.000,IV.MAON.,42.428,11.131,159.165,1751.812,1801.118,1817.610,128.000,6.195,0.465,0.501,0.528,0.548,0.529,1.500,1.700,0.924,0.967,1.700,0.881,0.881,1.500,0.884,0.881,1.200,0.869,0.881,1.000,0.854,0.881,1.200,0.865,0.881
20110729_0742,-23.780,179.920,539.000,GE.TIRR.,44.458,28.413,148.922,1696.386,1733.774,1745.814,129.000,3.941,0.477,0.589,0.664,0.670,0.646,2.200,2.400,0.937,0.959,2.000,0.851,0.851,1.400,0.843,0.851,1.000,0.839,0.851,0.800,0.838,0.851,1.000,0.837,0.851
20110729_0742,-23.780,179.920,539.000,RD.MFT2.,46.602,-0.146,157.178,1741.318,1788.196,1803.771,130.000,5.818,0.554,0.648,0.638,0.631,0.640,0.500,0.700,0.949,0.939,0.600,0.729,0.729,0.600,0.790,0.729,0.500,0.747,0.729,0.100,0.687,0.729,0.200,0.716,0.729
20110729_0742,-23.780,179.920,539.000,NR.NE017.,53.213,7.120,150.067,1702.749,1741.395,1753.893,131.000,5.946,0.672,0.672,0.674,0.672,0.670,1.500,1.600,0.782,0.794,0.300,0.806,0.806,0.300,0.761,0.806,-0.100,0.739,0.806,-0.300,0.739,0.806,-0.200,0.743,0.806
20110729_0742,-23.780,179.920,539.000,GR.GRA4.,49.564,11.435,152.684,1717.138,1758.731,1772.319,132.000,8.307,0.674,0.710,0.733,0.748,0.733,1.100,1.200,0.980,0.978,1.100,0.938,0.938,0.700,0.910,0.938,0.600,0.912,0.938,0.400,0.911,0.938,0.500,0.910,0.938
20110729_0742,-23.780,179.920,539.000,XB.PS59.,37.324,-3.799,166.086,1787.364,1845.532,1865.442,133.000,6.512,0.486,0.521,0.570,0.588,0.570,1.000,1.200,0.950,0.949,1.200,0.907,0.907,1.200,0.903,0.907,1.000,0.910,0.907,0.900,0.918,0.907,1.000,0.912,0.907
20110729_0742,-23.780,179.920,539.000,KO.SVSK.,39.916,36.993,144.959,1674.033,1707.202,1717.734,134.000,14.928,0.803,0.801,0.782,0.791,0.798,0.700,1.000,0.934,0.916,0.300,0.891,0.891,0.200,0.869,0.891,-0.600,0.886,0.891,-0.500,0.870,0.891,-0.300,0.865,0.891
20110729_0742,-23.780,179.920,539.000,KO.ARMT.,40.568,28.866,150.521,1705.265,1744.415,1757.099,135.000,4.356,0.634,0.665,0.694,0.694,0.688,1.900,1.900,0.880,0.929,1.200,0.913,0.913,0.800,0.920,0.913,0.200,0.942,0.913,0.300,0.939,0.913,0.400,0.930,0.913
20110729_0742,-23.780,179.920,539.000,OE.CSNA.,47.928,15.859,152.738,1717.427,1759.081,1772.692,136.000,14.283,0.596,0.692,0.732,0.735,0.728,1.400,1.600,0.788,0.807,1.400,0.782,0.782,1.100,0.739,0.782,0.800,0.740,0.782,0.600,0.742,0.782,0.700,0.737,0.782
20110729_0742,-23.780,179.920,539.000,II.ARU.00,56.429,58.562,126.820,1565.188,1582.235,1587.343,137.000,21.940,0.736,0.734,0.725,0.729,0.730,0.300,0.300,0.872,0.868,0.000,0.880,0.880,0.000,0.887,0.880,-0.300,0.879,0.880,-0.100,0.883,0.880,0.000,0.884,0.880
20110729_0742,-23.780,179.920,539.000,XB.PS58.,37.264,-3.997,166.105,1787.458,1845.651,1865.570,138.000,3.890,0.369,0.509,0.540,0.554,0.543,1.200,1.200,0.845,0.848,1.700,0.735,0.735,1.500,0.762,0.735,1.300,0.767,0.735,1.200,0.786,0.735,1.300,0.771,0.735
20110729_0742,-23.780,179.920,539.000,KO.DALY.,36.816,28.653,152.131,1714.118,1755.079,1768.432,139.000,9.422,0.550,0.517,0.533,0.532,0.529,0.700,1.000,0.506,0.703,0.600,0.876,0.876,0.600,0.871,0.876,0.100,0.829,0.876,0.100,0.834,0.876,0.300,0.849,0.876
20110729_0742,-23.780,179.920,539.000,AF.DODT.,-6.186,35.748,133.961,1609.325,1632.066,1639.020,140.000,3.800,0.578,0.558,0.546,0.542,0.554,0.300,0.600,0.861,0.833,-0.500,0.842,0.842,-0.300,0.862,0.842,-0.600,0.851,0.842,-0.700,0.856,0.842,-0.400,0.859,0.842
20110729_0742,-23.780,179.920,539.000,IV.VAGA.,41.415,14.234,158.701,1749.373,1798.107,1814.382,141.000,4.837,0.476,0.573,0.602,0.609,0.603,2.000,2.000,0.912,0.931,1.800,0.946,0.946,1.500,0.944,0.946,1.200,0.938,0.946,1.000,0.929,0.946,1.100,0.934,0.946
20110729_0742,-23.780,179.920,539.000,XB.PM26.,32.525,-4.566,170.406,1808.790,1872.777,1895.032,142.000,19.883,0.679,0.651,0.674,0.679,0.672,0.500,0.600,0.914,0.939,1.100,0.719,0.719,0.700,0.587,0.719,0.500,0.579,0.719,0.300,0.565,0.719,0.500,0.563,0.719
20110729_0742,-23.780,179.920,539.000,CH.SENIN.,46.363,7.299,156.649,1738.503,1784.744,1800.079,143.000,5.631,0.558,0.655,0.695,0.695,0.700,1.000,1.300,0.861,0.866,1.000,0.915,0.915,0.900,0.939,0.915,0.600,0.941,0.915,0.500,0.938,0.915,0.500,0.940,0.915
20110729_0742,-23.780,179.920,539.000,IV.LAV9.,41.678,12.699,159.176,1751.869,1801.188,1817.685,144.000,6.971,0.431,0.494,0.536,0.550,0.531,1.400,1.600,0.812,0.818,1.400,0.814,0.814,1.300,0.821,0.814,0.900,0.820,0.814,0.600,0.825,0.814,0.900,0.819,0.814
20110729_0742,-23.780,179.920,539.000,KO.GULT.,40.432,30.515,149.439,1699.268,1737.222,1749.467,145.000,4.168,0.541,0.593,0.656,0.650,0.632,2.100,2.200,0.958,0.961,1.600,0.947,0.947,1.200,0.931,0.947,0.700,0.917,0.947,0.700,0.922,0.947,0.800,0.926,0.947
20110729_0742,-23.780,179.920,539.000,IV.CRMI.,43.796,10.980,158.023,1745.795,1793.699,1809.660,146.000,4.717,0.483,0.540,0.592,0.626,0.599,1.900,2.000,0.957,0.936,1.700,0.877,0.877,1.500,0.891,0.877,1.200,0.884,0.877,0.900,0.881,0.877,1.100,0.882,0.877
20110729_0742,-23.780,179.920,539.000,MN.CLTB.,37.579,13.216,162.120,1767.172,1820.193,1838.099,147.000,1.731,0.372,0.396,0.420,0.428,0.415,0.300,0.900,0.774,0.772,0.700,0.861,0.861,0.500,0.921,0.861,0.300,0.934,0.861,0.100,0.945,0.861,0.200,0.934,0.861
20110729_0742,-23.780,179.920,539.000,RO.ARR.,45.366,24.633,150.573,1705.551,1744.758,1757.464,148.000,10.144,0.639,0.679,0.729,0.727,0.720,2.300,2.600,0.957,0.963,1.600,0.894,0.894,0.900,0.876,0.894,0.500,0.892,0.894,0.400,0.904,0.894,0.500,0.894,0.894
20110729_0742,-23.780,179.920,539.000,CH.FIESA.,46.435,8.111,156.406,1737.211,1783.162,1798.387,149.000,7.799,0.325,0.326,0.360,0.384,0.373,1.600,2.300,0.587,0.608,2.600,0.745,0.745,2.500,0.790,0.745,2.300,0.775,0.745,2.100,0.754,0.745,2.100,0.769,0.745
20110729_0742,-23.780,179.920,539.000,IV.CASP.,42.791,10.865,158.946,1750.660,1799.695,1816.085,150.000,4.509,0.601,0.633,0.655,0.667,0.663,1.500,1.500,0.949,0.923,1.200,0.921,0.921,1.000,0.922,0.921,0.800,0.920,0.921,0.500,0.920,0.921,0.600,0.919,0.921
20110729_0742,-23.780,179.920,539.000,IV.CIGN.,41.654,14.905,158.199,1746.728,1794.847,1810.890,151.000,2.632,0.345,0.382,0.440,0.452,0.434,1.400,1.400,0.824,0.861,1.000,0.863,0.863,0.500,0.865,0.863,0.200,0.871,0.863,0.000,0.880,0.863,0.100,0.871,0.863
20110729_0742,-23.780,179.920,539.000,CH.EMBD.,46.217,7.832,156.675,1738.644,1784.918,1800.264,152.000,5.536,0.470,0.495,0.532,0.537,0.535,1.100,1.500,0.872,0.885,1.100,0.734,0.734,0.900,0.788,0.734,0.600,0.770,0.734,0.400,0.755,0.734,0.500,0.762,0.734
20110729_0742,-23.780,179.920,539.000,6H.SGOR.,-18.511,34.050,126.177,1561.136,1577.710,1582.670,153.000,3.111,0.266,0.334,0.325,0.312,0.318,1.900,2.200,0.772,0.784,1.700,0.946,0.946,1.500,0.930,0.946,1.500,0.928,0.946,1.400,0.925,0.946,1.500,0.929,0.946
20110729_0742,-23.780,179.920,539.000,GR.GRB4.,49.468,11.559,152.740,1717.443,1759.100,1772.712,154.000,9.919,0.628,0.689,0.724,0.744,0.741,0.900,1.000,0.992,0.993,1.000,0.958,0.958,0.600,0.934,0.958,0.500,0.938,0.958,0.200,0.940,0.958,0.300,0.938,0.958
20110729_0742,-23.780,179.920,539.000,KO.TAHT.,36.375,36.186,146.430,1682.382,1717.095,1728.173,155.000,6.255,0.743,0.706,0.681,0.702,0.708,0.600,0.900,0.920,0.913,0.400,0.921,0.921,0.100,0.920,0.921,-0.600,0.899,0.921,-0.400,0.905,0.921,-0.200,0.911,0.921
20110729_0742,-23.780,179.920,539.000,CN.FRB.,63.747,-68.545,120.678,1525.918,1538.762,1542.573,156.000,8.647,0.720,0.738,0.743,0.748,0.743,0.000,0.200,0.923,0.937,0.100,0.784,0.784,0.000,0.768,0.784,-0.300,0.753,0.784,-0.100,0.765,0.784,-0.100,0.766,0.784
20110729_0742,-23.780,179.920,539.000,IS.HRFI.,30.040,35.030,148.201,1692.354,1728.959,1740.715,157.000,6.537,0.653,0.652,0.735,0.712,0.701,0.900,1.200,0.892,0.876,0.800,0.934,0.934,1.000,0.948,0.934,0.200,0.914,0.934,0.500,0.931,0.934,0.600,0.938,0.934
20110729_0742,-23.780,179.920,539.000,IV.IACL.,38.533,14.355,160.810,1760.399,1811.757,1829.029,158.000,7.327,0.367,0.376,0.379,0.370,0.378,5.000,-0.100,0.536,0.413,4.800,0.463,0.463,4.700,0.487,0.463,4.300,0.503,0.463,4.200,0.516,0.463,4.400,0.500,0.463
20110729_0742,-23.780,179.920,539.000,RD.LOT2.,47.268,3.859,156.302,1736.652,1782.478,1797.657,159.000,9.332,0.683,0.650,0.681,0.702,0.692,0.800,0.900,0.969,0.972,0.500,0.895,0.895,0.400,0.827,0.895,0.200,0.834,0.895,-0.100,0.856,0.895,0.000,0.847,0.895
20110729_0742,-23.780,179.920,539.000,9D.KNS.,64.291,-49.683,128.358,1574.831,1593.041,1598.513,160.000,0.380,0.072,0.075,0.077,0.079,0.077,8.400,-3.500,0.545,-0.938,-8.600,0.471,0.471,-8.700,0.456,0.471,-9.000,0.455,0.471,-8.900,0.456,0.471,-8.800,0.455,0.471
20110729_0742,-23.780,179.920,539.000,IV.VULT.,40.955,15.616,158.378,1747.672,1796.009,1812.134,161.000,4.241,0.431,0.479,0.518,0.528,0.511,2.400,2.600,0.944,0.992,2.000,0.954,0.954,1.700,0.953,0.954,1.300,0.961,0.954,1.200,0.965,0.954,1.400,0.960,0.954
20110729_0742,-23.780,179.920,539.000,IU.FURI.10,8.895,38.680,140.116,1646.021,1674.357,1683.210,162.000,0.876,0.146,0.076,0.032,0.032,0.040,-7.300,1.600,0.368,0.193,4.500,0.720,0.720,4.600,0.711,0.720,4.200,0.757,0.720,4.300,0.738,0.720,4.300,0.737,0.720
20110729_0742,-23.780,179.920,539.000,RD.ROT2.,48.336,-3.274,155.314,1731.361,1776.013,1790.751,163.000,7.885,0.810,0.757,0.747,0.730,0.738,-0.100,-0.100,0.901,0.884,-0.300,0.827,0.827,-0.900,0.730,0.827,-1.000,0.740,0.827,-1.300,0.755,0.827,-1.200,0.743,0.827
20110729_0742,-23.780,179.920,539.000,FR.ATE.01,43.086,-0.701,160.687,1759.761,1810.965,1828.177,164.000,3.649,0.599,0.568,0.590,0.611,0.603,1.300,1.300,0.863,0.879,1.400,0.708,0.708,1.300,0.784,0.708,1.200,0.763,0.708,1.000,0.737,0.708,1.000,0.747,0.708
20110729_0742,-23.780,179.920,539.000,IV.MCRV.,40.783,15.168,158.733,1749.538,1798.311,1814.601,165.000,6.315,0.388,0.445,0.487,0.491,0.479,1.600,1.700,0.870,0.945,1.200,0.809,0.809,0.900,0.821,0.809,0.500,0.814,0.809,0.200,0.807,0.809,0.400,0.809,0.809
20110729_0742,-23.780,179.920,539.000,IU.FURI.00,8.895,38.680,140.116,1646.021,1674.357,1683.210,166.000,0.352,0.011,-0.026,-0.028,-0.028,-0.028,3.900,-4.400,0.721,-0.697,6.600,0.183,0.183,6.700,0.180,0.183,6.200,0.186,0.183,6.400,0.182,0.183,6.400,0.184,0.183
20110729_0742,-23.780,179.920,539.000,AF.YNDE.,3.870,11.456,157.188,1741.375,1788.266,1803.846,167.000,0.949,0.105,0.118,0.126,0.155,0.131,1.500,1.500,0.743,0.721,1.200,0.519,0.519,1.300,0.526,0.519,1.300,0.512,0.519,0.900,0.484,0.519,1.200,0.506,0.519
20110729_0742,-23.780,179.920,539.000,IV.MTCE.,42.023,12.742,158.873,1750.279,1799.225,1815.581,168.000,1.132,0.343,0.348,0.354,0.353,0.356,1.400,1.200,0.852,0.855,0.900,0.887,0.887,0.700,0.884,0.887,0.500,0.876,0.887,0.200,0.863,0.887,0.400,0.870,0.887
20110729_0742,-23.780,179.920,539.000,CN.ICQ.,49.522,-67.271,122.480,1537.564,1551.569,1555.735,169.000,6.027,0.721,0.724,0.726,0.722,0.721,0.600,0.700,0.834,0.907,0.700,0.948,0.948,0.200,0.960,0.948,-0.100,0.963,0.948,0.200,0.961,0.948,0.200,0.961,0.948
20110729_0742,-23.780,179.920,539.000,PL.NIE.,49.419,20.313,149.795,1701.241,1739.586,1751.975,170.000,9.038,0.574,0.570,0.558,0.554,0.548,0.600,0.700,0.932,0.934,-0.400,0.876,0.876,-0.600,0.901,0.876,-0.800,0.914,0.876,-1.000,0.921,0.876,-0.900,0.912,0.876
20110729_0742,-23.780,179.920,539.000,II.BFO.00,48.330,8.330,154.563,1727.320,1771.090,1785.495,171.000,4.693,0.461,0.503,0.549,0.585,0.574,1.700,1.900,0.914,0.942,1.900,0.728,0.728,1.500,0.669,0.728,1.300,0.682,0.728,1.100,0.704,0.728,1.100,0.695,0.728
20110729_0742,-23.780,179.920,539.000,GR.BFO.,48.330,8.330,154.563,1727.320,1771.090,1785.495,172.000,4.668,0.469,0.511,0.558,0.595,0.583,1.700,1.900,0.919,0.945,2.000,0.768,0.768,1.600,0.709,0.768,1.400,0.722,0.768,1.100,0.743,0.768,1.100,0.733,0.768
20110729_0742,-23.780,179.920,539.000,IV.PARC.,43.649,12.239,157.703,1744.104,1791.618,1807.432,173.000,9.674,0.581,0.664,0.695,0.712,0.700,1.900,2.000,0.967,0.971,1.600,0.925,0.925,1.200,0.932,0.925,0.900,0.932,0.925,0.800,0.930,0.925,0.900,0.930,0.925
20110729_0742,-23.780,179.920,539.000,GT.BOSA.00,-28.614,25.256,122.206,1535.800,1549.625,1553.736,174.000,1.647,0.028,0.194,0.190,0.175,0.184,-3.100,-3.100,0.612,0.719,-3.400,0.637,0.637,-3.800,0.738,0.637,-3.800,0.739,0.637,-3.900,0.731,0.637,-3.900,0.737,0.637
20110729_0742,-23.780,179.920,539.000,RO.ARCR.,47.085,24.354,149.610,1700.217,1738.359,1750.673,175.000,0.341,-0.017,-0.019,-0.020,-0.020,-0.019,-0.100,1.500,0.984,1.000,2.600,0.149,0.149,2.300,0.120,0.149,-5.300,0.131,0.149,-5.400,0.137,0.149,-5.300,0.127,0.149
20110729_0742,-23.780,179.920,539.000,IV.BOB.,44.768,9.448,157.622,1743.676,1791.093,1806.869,176.000,4.904,0.559,0.615,0.630,0.630,0.632,1.200,1.400,0.964,0.977,0.900,0.856,0.856,0.600,0.877,0.856,0.300,0.866,0.856,0.100,0.854,0.856,0.200,0.858,0.856
20110729_0742,-23.780,179.920,539.000,KO.GELI.,40.398,26.474,152.217,1714.585,1755.643,1769.033,177.000,0.806,0.350,0.387,0.439,0.429,0.413,3.100,3.100,0.823,0.830,3.200,0.810,0.810,2.800,0.799,0.810,2.400,0.815,0.810,2.300,0.820,0.810,2.500,0.811,0.810
20110729_0742,-23.780,179.920,539.000,GE.GHAJ.,31.303,35.566,147.660,1689.319,1725.343,1736.889,178.000,3.914,0.461,0.498,0.573,0.548,0.528,1.000,1.500,0.843,0.872,1.300,0.726,0.726,1.200,0.701,0.726,0.600,0.684,0.726,0.800,0.683,0.726,1.000,0.686,0.726
20110729_0742,-23.780,179.920,539.000,AF.PKA.,-29.670,22.757,122.222,1535.903,1549.739,1553.853,179.000,0.828,0.229,0.115,0.128,0.170,0.146,2.100,-4.000,0.541,0.479,2.100,0.626,0.626,-4.200,0.643,0.626,-4.200,0.647,0.626,-4.300,0.651,0.626,-4.400,0.650,0.626
20110729_0742,-23.780,179.920,539.000,NE.WVL.,44.565,-69.662,120.691,1526.000,1538.851,1542.665,180.000,6.411,0.543,0.439,0.452,0.456,0.446,0.300,0.200,0.540,0.609,0.500,0.730,0.730,0.400,0.720,0.730,0.000,0.694,0.730,0.300,0.716,0.730,0.400,0.714,0.730
20110729_0742,-23.780,179.920,539.000,KO.SVRC.,38.377,39.306,143.590,1666.199,1697.962,1708.003,181.000,1.464,0.046,0.041,0.039,0.040,0.040,7.900,0.500,0.581,0.254,0.000,0.738,0.738,-0.300,0.715,0.738,-0.800,0.690,0.738,-0.800,0.712,0.738,-0.600,0.717,0.738
20110729_0742,-23.780,179.920,539.000,KO.MRMT.,40.609,27.583,151.374,1709.962,1750.065,1763.101,182.000,3.115,0.423,0.496,0.592,0.564,0.550,2.800,-0.900,0.899,-0.696,2.400,0.937,0.937,2.000,0.944,0.937,1.500,0.924,0.937,1.500,0.922,0.937,1.600,0.933,0.937
20110729_0742,-23.780,179.920,539.000,TH.MLFH.,50.790,12.081,151.396,1710.084,1750.212,1763.257,183.000,3.197,0.708,0.696,0.705,0.702,0.701,0.500,0.500,0.918,0.950,0.200,0.823,0.823,0.100,0.815,0.823,-0.300,0.830,0.823,-0.500,0.834,0.823,-0.400,0.828,0.823
20110729_0742,-23.780,179.920,539.000,RN.BAVN.,51.738,7.122,151.500,1710.659,1750.906,1763.994,184.000,5.732,0.681,0.723,0.728,0.727,0.729,0.700,0.800,0.952,0.948,0.300,0.844,0.844,0.100,0.861,0.844,0.000,0.862,0.844,-0.200,0.866,0.844,-0.100,0.867,0.844
20110729_0742,-23.780,179.920,539.000,MN.BNI.,45.052,6.678,158.030,1745.831,1793.743,1809.707,185.000,0.690,0.282,0.311,0.307,0.301,0.308,2.900,2.800,0.508,0.463,3.300,0.723,0.723,3.000,0.724,0.723,2.800,0.742,0.723,2.700,0.749,0.723,2.700,0.748,0.723
20110729_0742,-23.780,179.920,539.000,MD.SORM.,48.135,28.351,146.861,1684.821,1719.992,1731.232,186.000,7.314,0.595,0.587,0.598,0.602,0.598,1.400,1.400,0.648,0.509,0.900,0.796,0.796,0.600,0.799,0.796,0.400,0.804,0.796,0.300,0.807,0.796,0.300,0.804,0.796
20110729_0742,-23.780,179.920,539.000,IV.NOCI.,40.789,17.064,157.740,1744.299,1791.858,1807.689,187.000,6.378,0.456,0.472,0.512,0.505,0.503,1.700,1.700,0.784,0.816,1.100,0.744,0.744,0.700,0.752,0.744,0.400,0.753,0.744,0.300,0.757,0.744,0.400,0.757,0.744
20110729_0742,-23.780,179.920,539.000,GB.MCH1.,51.997,-2.998,151.694,1711.723,1752.188,1765.358,188.000,5.082,0.760,0.777,0.782,0.773,0.776,0.000,0.200,0.946,0.925,-0.500,0.914,0.914,-0.400,0.895,0.914,-0.700,0.906,0.914,-0.900,0.916,0.914,-0.800,0.912,0.914
20110729_0742,-23.780,179.920,539.000,XB.PS09.,36.824,-5.233,166.225,1788.064,1846.417,1866.400,189.000,0.350,-0.014,-0.026,-0.026,-0.026,-0.026,-12.400,-2.400,0.166,0.555,-8.200,0.343,0.343,-8.000,0.529,0.343,-8.300,0.542,0.343,-8.500,0.559,0.343,-8.300,0.549,0.343
20110729_0742,-23.780,179.920,539.000,IV.MONC.,45.074,7.927,157.733,1744.264,1791.815,1807.643,190.000,7.778,0.409,0.433,0.483,0.507,0.487,1.900,1.800,0.902,0.939,1.600,0.927,0.927,1.300,0.954,0.927,1.000,0.946,0.927,0.700,0.934,0.927,0.900,0.940,0.927
20110729_0742,-23.780,179.920,539.000,XB.PM29.,32.084,-4.391,170.866,1811.040,1875.660,1898.175,191.000,5.431,0.581,0.583,0.606,0.616,0.604,0.000,0.200,0.874,0.887,0.300,0.498,0.498,-0.800,0.559,0.498,-1.100,0.646,0.498,-1.300,0.730,0.498,-1.200,0.654,0.498
20110729_0742,-23.780,179.920,539.000,AF.SHAI.,5.881,0.044,162.101,1767.074,1820.071,1837.968,192.000,0.770,0.135,0.098,0.108,0.130,0.117,-3.400,-3.600,0.829,0.768,-2.300,0.826,0.826,-12.900,0.386,0.826,-12.900,0.377,0.826,-12.900,0.362,0.826,-12.900,0.372,0.826
20110729_0742,-23.780,179.920,539.000,XB.PS16.,37.213,-5.049,165.907,1786.465,1844.398,1864.214,193.000,5.898,0.656,0.717,0.730,0.738,0.730,0.000,0.400,0.869,0.870,0.100,0.967,0.967,0.100,0.937,0.967,0.000,0.932,0.967,-0.100,0.925,0.967,0.000,0.933,0.967
20110729_0742,-23.780,179.920,539.000,XB.PS02.,36.256,-5.371,166.716,1790.524,1849.527,1869.768,194.000,0.347,0.006,0.020,0.022,0.024,0.021,-11.000,-5.700,0.216,0.663,-8.600,0.367,0.367,-7.800,0.432,0.367,-7.900,0.451,0.367,-8.000,0.472,0.367,-8.000,0.448,0.367
20110729_0742,-23.780,179.920,539.000,2H.HALE.,13.842,40.008,140.918,1650.716,1679.825,1688.945,195.000,0.348,0.028,-0.034,-0.044,-0.042,-0.040,3.500,-4.800,0.717,-0.698,6.700,0.153,0.153,7.000,0.151,0.153,6.400,0.154,0.153,6.700,0.151,0.153,6.700,0.151,0.153
20110729_0742,-23.780,179.920,539.000,RO.SIRR.,46.265,21.663,151.518,1710.757,1751.024,1764.120,196.000,4.310,0.618,0.638,0.661,0.655,0.653,1.400,4.700,0.703,-0.231,1.000,0.726,0.726,0.500,0.653,0.726,0.100,0.639,0.726,-0.200,0.646,0.726,0.100,0.646,0.726
20110729_0742,-23.780,179.920,539.000,IV.MGAB.,42.913,12.112,158.380,1747.680,1796.019,1812.145,197.000,7.569,0.654,0.673,0.700,0.706,0.701,1.900,2.100,0.929,0.942,1.600,0.767,0.767,1.200,0.770,0.767,0.800,0.768,0.767,0.700,0.770,0.767,0.800,0.765,0.767
20110729_0742,-23.780,179.920,539.000,GE.STU.,48.772,9.195,153.959,1724.061,1767.127,1781.266,198.000,7.502,0.738,0.753,0.796,0.805,0.800,1.400,1.400,0.952,0.952,0.900,0.981,0.981,0.900,0.970,0.981,0.500,0.965,0.981,0.300,0.965,0.981,0.400,0.966,0.981
20110729_0742,-23.780,179.920,539.000,YV.MAYO.00,-12.846,45.187,122.567,1538.128,1552.191,1556.375,199.000,2.131,0.379,0.351,0.352,0.359,0.356,-1.900,-1.100,0.533,0.458,-0.300,0.663,0.663,-0.300,0.611,0.663,-0.600,0.602,0.663,-0.500,0.619,0.663,-0.400,0.621,0.663
20110729_0742,-23.780,179.920,539.000,GB.HMNX.,50.867,0.336,152.911,1718.371,1760.224,1773.909,200.000,8.075,0.618,0.777,0.783,0.764,0.774,0.500,0.400,0.932,0.929,0.400,0.892,0.892,-0.400,0.876,0.892,-0.700,0.876,0.892,-1.100,0.878,0.892,-0.900,0.878,0.892
20110729_0742,-23.780,179.920,539.000,IV.RAFF.,37.222,14.362,161.728,1765.149,1817.669,1835.384,201.000,5.983,0.262,0.278,0.333,0.333,0.311,2.000,2.600,0.829,0.850,2.100,0.790,0.790,1.800,0.827,0.790,1.600,0.826,0.790,1.500,0.824,0.790,1.600,0.828,0.790
20110729_0742,-23.780,179.920,539.000,GB.KPL.,57.339,-5.653,146.200,1681.082,1715.552,1726.543,202.000,7.140,0.723,0.697,0.699,0.702,0.702,1.100,1.300,0.942,0.954,0.700,0.943,0.943,0.500,0.960,0.943,0.200,0.950,0.943,0.000,0.945,0.943,0.100,0.951,0.943
20110729_0742,-23.780,179.920,539.000,IU.KMBO.10,-1.127,37.252,136.017,1621.721,1646.258,1653.821,203.000,2.791,0.429,0.454,0.442,0.436,0.441,-0.300,-0.500,0.830,0.826,-1.000,0.749,0.749,-0.800,0.777,0.749,-1.100,0.768,0.749,-1.200,0.765,0.749,-1.100,0.768,0.749
20110729_0742,-23.780,179.920,539.000,IV.ATFO.,43.367,12.571,157.817,1744.708,1792.362,1808.228,204.000,11.483,0.578,0.650,0.682,0.689,0.682,1.600,1.800,0.979,0.985,1.000,0.835,0.835,0.600,0.843,0.835,0.400,0.851,0.835,0.200,0.855,0.835,0.200,0.850,0.835
20110729_0742,-23.780,179.920,539.000,CZ.MORC.,49.777,17.542,150.585,1705.617,1744.838,1757.548,205.000,12.037,0.565,0.565,0.581,0.572,0.573,0.700,1.000,0.963,0.931,0.300,0.855,0.855,-0.100,0.900,0.855,-0.500,0.901,0.855,-0.600,0.891,0.855,-0.600,0.895,0.855
20110729_0742,-23.780,179.920,539.000,GR.ZARR.,53.554,10.917,149.094,1697.343,1734.919,1747.027,206.000,2.914,0.348,0.346,0.339,0.336,0.337,0.300,0.300,0.271,0.305,0.000,0.432,0.432,-0.300,0.457,0.432,-0.600,0.437,0.432,-0.900,0.439,0.432,-0.700,0.443,0.432
20110729_0742,-23.780,179.920,539.000,RO.BANR.,45.383,21.137,152.399,1715.578,1756.844,1770.310,207.000,4.424,0.427,0.483,0.510,0.517,0.509,1.700,1.800,0.977,0.988,1.600,0.823,0.823,0.900,0.837,0.823,0.600,0.833,0.823,0.400,0.838,0.823,0.600,0.839,0.823
20110729_0742,-23.780,179.920,539.000,IV.ATVO.,43.382,12.407,157.867,1744.973,1792.688,1808.577,208.000,10.862,0.632,0.672,0.705,0.725,0.717,2.400,2.500,0.982,0.971,2.100,0.962,0.962,1.700,0.965,0.962,1.500,0.965,0.962,1.300,0.964,0.962,1.400,0.963,0.962
20110729_0742,-23.780,179.920,539.000,RO.SULR.,44.678,26.253,150.077,1702.807,1741.464,1753.967,209.000,3.667,0.269,0.301,0.339,0.345,0.339,3.200,-2.200,0.864,-0.529,1.700,0.659,0.659,1.100,0.708,0.659,0.800,0.734,0.659,0.700,0.738,0.659,0.700,0.727,0.659
20110729_0742,-23.780,179.920,539.000,GE.MATE.,40.649,16.704,158.032,1745.843,1793.758,1809.723,210.000,8.749,0.506,0.564,0.598,0.594,0.589,1.200,1.500,0.872,0.859,1.100,0.849,0.849,0.600,0.849,0.849,0.300,0.839,0.849,0.200,0.826,0.849,0.300,0.835,0.849
20110729_0742,-23.780,179.920,539.000,IV.SNTG.,43.255,12.941,157.767,1744.442,1792.034,1807.877,211.000,6.979,0.493,0.554,0.601,0.611,0.600,2.200,2.200,0.955,0.953,1.700,0.910,0.910,1.400,0.926,0.910,1.100,0.926,0.910,0.900,0.923,0.910,1.000,0.923,0.910
20110729_0742,-23.780,179.920,539.000,OE.RETA.,47.487,10.762,154.766,1728.415,1772.423,1786.917,212.000,6.104,0.506,0.550,0.601,0.614,0.601,1.300,1.800,0.917,0.885,1.900,0.770,0.770,1.600,0.729,0.770,1.100,0.721,0.770,0.700,0.718,0.770,0.900,0.718,0.770
20110729_0742,-23.780,179.920,539.000,EE.VSU.,58.462,26.735,140.431,1647.865,1676.503,1685.461,213.000,3.664,0.721,0.722,0.737,0.737,0.739,1.000,0.800,0.866,0.826,0.500,0.928,0.928,0.700,0.942,0.928,0.300,0.945,0.928,0.300,0.937,0.928,0.300,0.941,0.928
20110729_0742,-23.780,179.920,539.000,KO.KMRS.,37.509,36.900,145.630,1677.852,1711.722,1722.501,214.000,5.454,0.694,0.652,0.619,0.634,0.644,0.200,0.500,0.934,0.946,-0.100,0.877,0.877,-0.300,0.852,0.877,-1.100,0.863,0.877,-1.000,0.854,0.877,-0.800,0.850,0.877
20110729_0742,-23.780,179.920,539.000,IV.FIAM.,42.268,13.117,158.514,1748.387,1796.891,1813.079,215.000,4.530,0.375,0.439,0.494,0.511,0.489,2.400,2.400,0.986,0.980,2.200,0.945,0.945,1.900,0.948,0.945,1.600,0.945,0.945,1.500,0.943,0.945,1.600,0.943,0.945
20110729_0742,-23.780,179.920,539.000,NI.ACOM.,46.548,13.514,154.749,1728.324,1772.313,1786.800,216.000,2.694,0.328,0.433,0.483,0.505,0.493,2.000,-2.500,0.784,-0.652,2.100,0.731,0.731,1.500,0.728,0.731,1.100,0.717,0.731,0.700,0.705,0.731,0.800,0.714,0.731
20110729_0742,-23.780,179.920,539.000,DK.ICESG.,69.092,-39.647,128.934,1578.418,1597.069,1602.682,217.000,5.648,0.681,0.663,0.680,0.676,0.669,1.100,1.200,0.925,0.924,0.300,0.889,0.889,0.300,0.890,0.889,0.000,0.901,0.889,0.100,0.897,0.889,0.200,0.893,0.889
20110729_0742,-23.780,179.920,539.000,RO.DOPR.,45.967,25.389,149.785,1701.187,1739.521,1751.905,218.000,11.428,0.611,0.665,0.718,0.718,0.705,2.100,2.400,0.933,0.942,1.400,0.906,0.906,0.900,0.867,0.906,0.600,0.867,0.906,0.500,0.869,0.906,0.600,0.867,0.906
20110729_0742,-23.780,179.920,539.000,GR.CLNZ.,52.942,10.954,149.661,1700.497,1738.694,1751.029,219.000,3.521,0.564,0.573,0.565,0.562,0.561,0.900,4.100,0.598,-0.631,0.000,0.525,0.525,-0.300,0.520,0.525,-0.600,0.516,0.525,-0.800,0.527,0.525,-0.700,0.525,0.525
20110729_0742,-23.780,179.920,539.000,DK.NOR.,81.605,-16.661,121.800,1533.183,1546.743,1550.773,220.000,4.884,0.634,0.576,0.587,0.591,0.585,0.300,0.700,0.401,0.483,0.300,0.710,0.710,0.500,0.746,0.710,0.100,0.730,0.710,0.400,0.735,0.710,0.400,0.739,0.710
20110729_0742,-23.780,179.920,539.000,CH.MUGIO.,45.922,9.042,156.665,1738.589,1784.850,1800.192,221.000,5.689,0.516,0.549,0.595,0.630,0.615,1.700,1.700,0.943,0.964,1.500,0.932,0.932,1.200,0.954,0.932,1.100,0.958,0.932,0.900,0.960,0.932,0.900,0.961,0.932
20110729_0742,-23.780,179.920,539.000,RO.LOT.,45.446,23.770,150.989,1707.847,1747.519,1760.395,222.000,0.359,0.053,0.056,0.057,0.056,0.057,-0.100,3.600,0.954,0.960,2.800,0.412,0.412,2.100,0.428,0.412,1.700,0.445,0.412,1.600,0.449,0.412,1.700,0.440,0.412
20110729_0742,-23.780,179.920,539.000,NR.NE012.,53.152,6.301,150.233,1703.669,1742.499,1755.065,223.000,6.366,0.646,0.664,0.653,0.630,0.644,0.400,0.600,0.914,0.942,-0.500,0.893,0.893,-0.500,0.909,0.893,-0.600,0.895,0.893,-0.900,0.891,0.893,-0.800,0.897,0.893
20110729_0742,-23.780,179.920,539.000,MN.TIP.,39.179,16.758,159.017,1751.033,1800.155,1816.577,224.000,5.839,0.417,0.423,0.474,0.478,0.457,2.100,3.200,0.790,0.640,2.800,0.878,0.878,2.500,0.879,0.878,2.100,0.871,0.878,1.900,0.864,0.878,2.200,0.870,0.878
20110729_0742,-23.780,179.920,539.000,II.KIV.00,43.955,42.686,139.773,1644.010,1672.019,1680.761,225.000,5.643,0.766,0.784,0.805,0.804,0.797,0.900,1.000,0.967,0.931,0.500,0.964,0.964,0.500,0.973,0.964,-0.100,0.977,0.964,0.000,0.975,0.964,0.200,0.975,0.964
20110729_0742,-23.780,179.920,539.000,CH.PLONS.,47.049,9.381,155.530,1732.522,1777.430,1792.263,226.000,6.443,0.504,0.562,0.595,0.603,0.597,1.200,1.400,0.962,0.956,0.800,0.875,0.875,0.600,0.870,0.875,0.300,0.869,0.875,0.100,0.867,0.875,0.200,0.867,0.875
20110729_0742,-23.780,179.920,539.000,ZP.ISOK.02,-10.171,32.646,133.357,1605.655,1627.882,1634.665,227.000,2.770,0.556,0.529,0.540,0.545,0.542,0.700,1.200,0.877,0.847,0.000,0.868,0.868,0.100,0.844,0.868,-0.100,0.855,0.868,-0.300,0.861,0.868,-0.100,0.857,0.868
20110729_0742,-23.780,179.920,539.000,US.PKME.00,45.264,-69.292,121.000,1528.003,1541.050,1544.923,228.000,3.126,0.452,0.429,0.397,0.421,0.426,-0.600,-4.100,0.598,-0.366,4.800,0.806,0.806,4.400,0.826,0.806,4.000,0.853,0.806,4.400,0.851,0.806,4.400,0.837,0.806
20110729_0742,-23.780,179.920,539.000,IV.HLNI.,37.348,14.872,161.345,1763.170,1815.204,1832.732,229.000,12.031,0.656,0.681,0.702,0.706,0.696,1.100,1.400,0.897,0.882,0.900,0.826,0.826,0.700,0.832,0.826,0.400,0.824,0.826,0.300,0.820,0.826,0.400,0.823,0.826
20110729_0742,-23.780,179.920,539.000,IV.PLAC.,38.449,16.438,159.690,1754.559,1804.515,1821.253,230.000,6.200,0.511,0.523,0.537,0.531,0.533,-5.200,-4.700,0.657,0.459,-5.300,0.623,0.623,-5.500,0.607,0.623,0.400,0.592,0.623,0.300,0.617,0.623,0.400,0.594,0.623
20110729_0742,-23.780,179.920,539.000,GT.DBIC.00,6.670,-4.857,162.286,1768.025,1821.259,1839.246,231.000,2.196,-0.049,-0.020,-0.013,0.005,-0.003,2.600,2.500,0.538,0.756,3.600,0.454,0.454,2.500,0.473,0.454,2.500,0.478,0.454,2.500,0.491,0.454,2.500,0.485,0.454
20110729_0742,-23.780,179.920,539.000,SX.MULD.,50.412,12.404,151.657,1711.516,1751.939,1765.093,232.000,9.474,0.627,0.641,0.664,0.670,0.662,0.800,0.900,0.951,0.955,0.700,0.920,0.920,0.600,0.902,0.920,0.300,0.899,0.920,0.000,0.899,0.920,0.200,0.902,0.920
20110729_0742,-23.780,179.920,539.000,SI.KOSI.,46.463,11.378,155.518,1732.457,1777.351,1792.179,233.000,4.132,0.473,0.519,0.572,0.581,0.578,1.700,-1.800,0.807,-0.584,1.400,0.728,0.728,1.100,0.751,0.728,0.800,0.770,0.728,0.700,0.791,0.728,0.700,0.779,0.728
20110729_0742,-23.780,179.920,539.000,II.SUR.10,-32.380,20.812,120.403,1524.128,1536.799,1540.557,234.000,1.834,0.197,0.110,0.120,0.149,0.142,-1.600,-1.200,0.433,0.351,4.000,0.617,0.617,4.500,0.469,0.617,4.500,0.463,0.617,4.400,0.463,0.617,4.400,0.465,0.617
20110729_0742,-23.780,179.920,539.000,II.ASCN.10,-7.933,-14.360,145.355,1676.289,1709.871,1720.548,235.000,1.058,-0.004,-0.001,-0.004,-0.007,-0.003,-0.800,2.000,0.437,-0.316,0.300,0.655,0.655,0.200,0.399,0.655,-0.700,0.431,0.655,-1.900,0.561,0.655,-1.800,0.542,0.655
20110729_0742,-23.780,179.920,539.000,IV.FRES.,41.974,14.669,158.062,1746.004,1793.956,1809.935,236.000,5.687,0.338,0.438,0.472,0.476,0.469,2.900,3.100,0.799,0.869,2.600,0.740,0.740,2.200,0.702,0.740,1.900,0.705,0.740,1.800,0.703,0.740,1.900,0.703,0.740
20110729_0742,-23.780,179.920,539.000,RO.LEOM.,46.473,28.247,147.900,1690.665,1726.946,1738.585,237.000,7.406,0.699,0.737,0.746,0.754,0.750,1.200,1.400,0.812,0.842,0.800,0.808,0.808,0.700,0.821,0.808,0.300,0.822,0.808,0.100,0.825,0.808,0.300,0.822,0.808
20110729_0742,-23.780,179.920,539.000,KO.KVT.,41.081,36.046,145.298,1675.965,1709.487,1720.144,238.000,4.861,0.806,0.805,0.797,0.807,0.809,0.800,0.900,0.923,0.932,0.500,0.912,0.912,0.300,0.891,0.912,-0.400,0.900,0.912,-0.300,0.889,0.912,-0.100,0.886,0.912
20110729_0742,-23.780,179.920,539.000,IU.KONO.10,59.649,9.598,143.492,1665.635,1697.298,1707.304,239.000,4.634,0.796,0.798,0.829,0.834,0.828,1.100,1.100,0.957,0.957,0.600,0.962,0.962,0.400,0.944,0.962,0.000,0.942,0.962,-0.200,0.944,0.962,-0.100,0.946,0.962
20110729_0742,-23.780,179.920,539.000,XB.PM07.,35.228,-4.986,167.787,1795.874,1856.306,1877.120,240.000,3.701,0.431,0.512,0.538,0.554,0.538,1.100,-2.600,0.916,-0.669,-6.800,0.473,0.473,1.100,0.875,0.473,1.000,0.868,0.473,1.000,0.858,0.473,1.000,0.871,0.473
20110729_0742,-23.780,179.920,539.000,XB.PM14.,34.552,-5.127,168.366,1798.750,1859.961,1881.088,241.000,2.517,0.588,0.594,0.590,0.589,0.598,0.600,0.600,0.696,0.653,0.900,0.787,0.787,0.300,0.743,0.787,0.200,0.730,0.787,0.100,0.714,0.787,0.100,0.727,0.787
20110729_0742,-23.780,179.920,539.000,FN.OUL.,65.086,25.893,135.419,1618.131,1642.136,1649.520,242.000,8.944,0.730,0.761,0.796,0.796,0.784,1.800,2.000,0.950,0.915,1.400,0.835,0.835,1.300,0.866,0.835,0.900,0.887,0.835,0.800,0.884,0.835,1.000,0.878,0.835
20110729_0742,-23.780,179.920,539.000,OE.FETA.,47.021,10.729,155.201,1730.755,1775.274,1789.961,243.000,13.081,0.548,0.619,0.668,0.692,0.681,1.400,1.300,0.946,0.960,1.400,0.875,0.875,1.000,0.900,0.875,0.900,0.905,0.875,0.600,0.901,0.875,0.700,0.904,0.875
20110729_0742,-23.780,179.920,539.000,MN.TRI.,45.709,13.764,155.379,1731.712,1776.442,1791.208,244.000,6.270,0.668,0.719,0.732,0.737,0.736,1.800,2.200,0.899,0.878,1.800,0.833,0.833,1.500,0.851,0.833,1.200,0.859,0.833,1.100,0.856,0.833,1.100,0.855,0.833
20110729_0742,-23.780,179.920,539.000,IV.SOLUN.,38.092,13.533,161.574,1764.356,1816.682,1834.321,245.000,2.482,0.137,0.163,0.216,0.232,0.202,2.700,3.000,0.846,0.896,2.600,0.734,0.734,2.300,0.786,0.734,2.000,0.803,0.734,1.900,0.817,0.734,2.000,0.802,0.734
20110729_0742,-23.780,179.920,539.000,XB.PS44.,36.317,-5.989,166.467,1789.281,1847.954,1868.065,246.000,0.348,-0.024,0.002,0.003,0.005,0.003,-10.700,-4.900,0.212,0.648,-8.200,0.436,0.436,-8.600,0.307,0.436,-8.700,0.307,0.436,-8.900,0.310,0.436,-8.700,0.308,0.436
20110729_0742,-23.780,179.920,539.000,TH.PLN.,50.485,12.157,151.654,1711.505,1751.925,1765.078,247.000,6.460,0.658,0.673,0.677,0.669,0.675,0.700,0.700,0.982,0.989,0.300,0.785,0.785,0.100,0.801,0.785,-0.200,0.793,0.785,-0.400,0.793,0.785,-0.300,0.800,0.785
20110729_0742,-23.780,179.920,539.000,CH.FUSIO.,46.455,8.663,156.260,1736.430,1782.206,1797.366,248.000,9.095,0.521,0.533,0.585,0.616,0.589,1.800,2.200,0.937,0.919,1.600,0.802,0.802,1.600,0.831,0.802,1.300,0.828,0.802,1.000,0.826,0.802,1.200,0.826,0.802
20110729_0742,-23.780,179.920,539.000,XB.PS07.,36.671,-4.799,166.485,1789.370,1848.067,1868.187,249.000,7.782,0.593,0.609,0.645,0.666,0.645,0.800,1.000,0.986,0.970,0.800,0.879,0.879,0.100,0.917,0.879,0.100,0.935,0.879,0.000,0.947,0.879,0.000,0.935,0.879
20110729_0742,-23.780,179.920,539.000,RO.DRGR.,46.792,22.711,150.634,1705.889,1745.165,1757.895,250.000,4.489,0.542,0.504,0.508,0.500,0.504,1.200,1.300,0.803,0.742,0.600,0.736,0.736,0.000,0.681,0.736,-0.300,0.675,0.736,-0.500,0.687,0.736,-0.400,0.686,0.736
20110729_0742,-23.780,179.920,539.000,ZP.KMPZ.02,-13.457,25.834,134.964,1615.386,1638.992,1646.240,251.000,0.964,0.201,0.191,0.183,0.162,0.173,-0.700,-0.600,0.929,0.900,-1.200,0.824,0.824,-1.600,0.866,0.824,-1.700,0.868,0.824,-2.000,0.879,0.824,-1.900,0.875,0.824
20110729_0742,-23.780,179.920,539.000,XB.PS47.,36.870,-4.079,166.467,1789.276,1847.949,1868.058,252.000,3.699,0.319,0.285,0.304,0.325,0.312,3.100,3.100,0.602,0.598,3.500,0.689,0.689,2.800,0.667,0.689,2.600,0.681,0.689,2.500,0.696,0.689,2.600,0.680,0.689
20110729_0742,-23.780,179.920,539.000,NR.NE018.,52.968,7.097,150.308,1704.087,1743.001,1755.597,253.000,7.480,0.652,0.675,0.680,0.672,0.675,0.800,-3.600,0.568,-0.780,0.000,0.739,0.739,-0.300,0.752,0.739,-0.500,0.778,0.739,-0.700,0.787,0.739,-0.600,0.777,0.739
20110729_0742,-23.780,179.920,539.000,OE.DAVA.,47.287,9.880,155.184,1730.662,1775.161,1789.841,254.000,5.936,0.613,0.722,0.755,0.761,0.758,1.300,2.800,0.860,0.671,1.400,0.618,0.618,0.700,0.643,0.618,0.600,0.679,0.618,0.500,0.710,0.618,0.500,0.692,0.618
20110729_0742,-23.780,179.920,539.000,PL.BEL.,51.837,20.792,147.712,1689.613,1725.692,1737.259,255.000,4.154,0.486,0.508,0.586,0.587,0.578,1.700,1.800,0.925,0.867,1.600,0.954,0.954,1.600,0.952,0.954,1.200,0.955,0.954,1.100,0.957,0.954,1.200,0.956,0.954
20110729_0742,-23.780,179.920,539.000,RO.BZS.,45.619,21.640,151.981,1713.295,1754.086,1767.375,256.000,5.552,0.596,0.665,0.728,0.732,0.711,2.000,2.100,0.987,0.980,1.800,0.978,0.978,1.300,0.985,0.978,0.900,0.978,0.978,0.700,0.971,0.978,0.900,0.979,0.978
20110729_0742,-23.780,179.920,539.000,OE.ARSA.,47.250,15.523,153.428,1721.183,1763.632,1777.540,257.000,13.058,0.526,0.545,0.576,0.584,0.570,1.900,1.900,0.916,0.916,1.200,0.936,0.936,1.100,0.924,0.936,0.900,0.930,0.936,0.800,0.934,0.936,0.800,0.931,0.936
20110729_0742,-23.780,179.920,539.000,IV.GALF.,37.711,14.566,161.274,1762.802,1814.746,1832.241,258.000,3.933,0.493,0.494,0.517,0.509,0.506,-0.100,0.300,0.872,0.873,0.300,0.711,0.711,0.100,0.700,0.711,-0.300,0.708,0.711,-0.400,0.713,0.711,-0.200,0.707,0.711
20110729_0742,-23.780,179.920,539.000,2H.SAHE.,12.040,40.977,139.373,1641.658,1669.287,1677.899,259.000,5.547,0.709,0.739,0.735,0.744,0.740,0.800,0.800,0.949,0.957,0.200,0.889,0.889,0.300,0.851,0.889,-0.100,0.859,0.889,0.000,0.869,0.889,0.000,0.866,0.889
20110729_0742,-23.780,179.920,539.000,XB.PM05.,35.213,-5.337,167.691,1795.395,1855.698,1876.460,260.000,3.259,0.391,0.365,0.394,0.401,0.386,-1.000,4.400,0.626,-0.754,0.000,0.831,0.831,-1.400,0.834,0.831,-1.500,0.860,0.831,-1.500,0.879,0.831,-1.500,0.858,0.831
20110729_0742,-23.780,179.920,539.000,II.ESK.10,55.317,-3.205,148.379,1693.349,1730.147,1741.973,261.000,5.908,0.709,0.709,0.711,0.714,0.716,0.400,0.300,0.915,0.928,-0.200,0.839,0.839,-0.200,0.850,0.839,-0.500,0.847,0.839,-0.700,0.849,0.839,-0.600,0.848,0.839
20110729_0742,-23.780,179.920,539.000,IV.MSSA.,44.316,9.517,158.016,1745.758,1793.653,1809.611,262.000,7.201,0.461,0.521,0.550,0.578,0.567,2.400,-1.700,0.816,-0.677,2.000,0.583,0.583,1.900,0.632,0.583,1.700,0.628,0.583,1.300,0.632,0.583,1.500,0.630,0.583
20110729_0742,-23.780,179.920,539.000,5H.ASSE.,13.063,42.654,138.236,1634.937,1661.499,1669.747,263.000,5.495,0.779,0.745,0.726,0.734,0.733,0.000,0.100,0.964,0.941,-0.400,0.912,0.912,-0.500,0.928,0.912,-1.100,0.925,0.912,-0.900,0.928,0.912,-0.900,0.927,0.912
20110729_0742,-23.780,179.920,539.000,AF.KTWE.,-12.814,28.209,134.132,1610.358,1633.244,1640.248,264.000,0.355,-0.010,-0.029,-0.027,-0.025,-0.027,8.000,-4.400,0.460,-0.945,7.000,0.094,0.094,-13.200,0.076,0.094,-13.300,0.075,0.094,6.500,0.071,0.094,-13.300,0.073,0.094
20110729_0742,-23.780,179.920,539.000,KO.LADK.,38.200,32.365,148.898,1696.249,1733.611,1745.641,265.000,2.757,0.438,0.446,0.492,0.486,0.481,1.600,1.700,0.879,0.888,1.200,0.958,0.958,1.100,0.947,0.958,0.400,0.937,0.958,0.500,0.943,0.958,0.600,0.944,0.958
20110729_0742,-23.780,179.920,539.000,VI.ISKR.,64.560,-18.386,137.504,1630.596,1656.483,1664.502,266.000,1.460,0.544,0.552,0.566,0.572,0.563,1.300,0.900,0.747,0.700,0.900,0.833,0.833,0.800,0.825,0.833,0.400,0.867,0.833,0.300,0.876,0.833,0.500,0.852,0.833
20110729_0742,-23.780,179.920,539.000,LX.MORF.,37.304,-8.653,164.609,1779.901,1836.134,1855.281,267.000,5.981,0.518,0.580,0.592,0.599,0.598,1.300,1.200,0.631,0.648,1.000,0.769,0.769,0.900,0.785,0.769,0.800,0.783,0.769,0.600,0.787,0.769,0.700,0.786,0.769
20110729_0742,-23.780,179.920,539.000,KO.LOD.,39.888,32.763,148.049,1691.505,1727.947,1739.644,268.000,4.551,0.613,0.642,0.700,0.689,0.673,1.300,1.600,0.876,0.845,1.100,0.946,0.946,0.900,0.947,0.946,0.400,0.958,0.946,0.400,0.957,0.946,0.600,0.953,0.946
20110729_0742,-23.780,179.920,539.000,GE.SUMG.,72.574,-38.462,126.837,1565.297,1582.357,1587.469,269.000,14.303,0.722,0.723,0.724,0.722,0.722,0.500,0.700,0.898,0.898,0.200,0.904,0.904,0.200,0.895,0.904,-0.100,0.904,0.904,0.000,0.903,0.904,0.100,0.899,0.904
20110729_0742,-23.780,179.920,539.000,HE.JOF.,62.919,31.309,135.615,1619.304,1643.482,1650.924,270.000,12.562,0.720,0.721,0.767,0.767,0.751,1.700,1.500,0.891,0.826,1.100,0.856,0.856,1.200,0.856,0.856,0.800,0.879,0.856,0.700,0.869,0.856,0.900,0.864,0.856
20110729_0742,-23.780,179.920,539.000,IV.ORI.,40.051,16.450,158.591,1748.791,1797.389,1813.613,271.000,4.871,0.447,0.420,0.450,0.442,0.445,1.500,1.400,0.663,0.749,1.400,0.811,0.811,1.100,0.802,0.811,0.800,0.800,0.811,0.600,0.798,0.811,0.800,0.803,0.811
20110729_0742,-23.780,179.920,539.000,CZ.NKC.,50.233,12.448,151.807,1712.342,1752.935,1766.152,272.000,13.483,0.822,0.821,0.832,0.829,0.823,0.900,0.800,0.947,0.941,0.200,0.916,0.916,0.100,0.916,0.916,-0.100,0.924,0.916,-0.400,0.925,0.916,-0.300,0.922,0.916
20110729_0742,-23.780,179.920,539.000,RO.MDVR.,44.782,21.713,152.517,1716.227,1757.628,1771.145,273.000,7.513,0.358,0.480,0.564,0.581,0.543,2.700,2.700,0.810,0.862,2.600,0.875,0.875,2.000,0.866,0.875,1.600,0.865,0.875,1.400,0.863,0.875,1.600,0.865,0.875
20110729_0742,-23.780,179.920,539.000,GR.ASSE.,52.130,10.673,150.482,1705.046,1744.152,1756.820,274.000,13.425,0.800,0.777,0.757,0.735,0.751,0.300,0.300,0.982,0.966,-0.200,0.923,0.923,-0.200,0.904,0.923,-0.600,0.890,0.923,-0.900,0.888,0.923,-0.700,0.892,0.923
20110729_0742,-23.780,179.920,539.000,XB.PS35.,38.714,-4.882,164.519,1779.443,1835.558,1854.659,275.000,6.166,0.604,0.621,0.630,0.625,0.630,0.100,0.400,0.945,0.945,0.200,0.880,0.880,0.100,0.930,0.880,-0.100,0.930,0.880,-0.200,0.932,0.880,-0.100,0.933,0.880
20110729_0742,-23.780,179.920,539.000,GU.ENR.,44.227,7.420,158.652,1749.115,1797.789,1814.041,276.000,7.147,0.544,0.599,0.636,0.661,0.644,1.500,1.800,0.775,0.849,1.200,0.883,0.883,1.200,0.854,0.883,1.000,0.870,0.883,0.700,0.892,0.883,0.800,0.877,0.883
20110729_0742,-23.780,179.920,539.000,NR.NE002.,52.308,6.114,151.082,1708.360,1748.137,1761.052,277.000,0.000,,,,,,-16.000,-8.000,0.000,0.000,-16.000,0.000,0.000,-16.000,0.000,0.000,-16.000,0.000,0.000,-16.000,0.000,0.000,-16.000,0.000,0.000
20110729_0742,-23.780,179.920,539.000,NL.GUR1.,51.169,5.785,152.240,1714.710,1755.794,1769.193,278.000,3.691,0.556,0.543,0.544,0.536,0.535,0.300,0.600,0.852,0.787,-0.400,0.842,0.842,-0.700,0.850,0.842,-0.900,0.855,0.842,-1.000,0.864,0.842,-1.000,0.864,0.842
20110729_0742,-23.780,179.920,539.000,IV.OFFI.,42.935,13.686,157.727,1744.233,1791.777,1807.602,279.000,9.836,0.420,0.505,0.547,0.569,0.547,1.800,2.000,0.971,0.984,1.300,0.810,0.810,0.900,0.833,0.810,0.600,0.840,0.810,0.500,0.846,0.810,0.600,0.838,0.810
20110729_0742,-23.780,179.920,539.000,RO.PLOR4.,45.851,26.650,149.160,1697.714,1735.362,1747.496,280.000,4.861,0.395,0.483,0.534,0.535,0.526,2.100,2.800,0.848,0.778,2.000,0.819,0.819,1.300,0.821,0.819,0.900,0.823,0.819,0.800,0.821,0.819,0.900,0.820,0.819
20110729_0742,-23.780,179.920,539.000,IV.HAVL.,36.960,15.122,161.455,1763.739,1815.913,1833.495,281.000,10.236,0.564,0.566,0.590,0.592,0.578,1.300,1.600,0.954,0.990,1.500,0.914,0.914,1.200,0.911,0.914,0.900,0.903,0.914,0.800,0.899,0.914,1.000,0.901,0.914
20110729_0742,-23.780,179.920,539.000,RO.CJR.,46.713,23.598,150.243,1703.726,1742.567,1755.137,282.000,2.439,0.530,0.496,0.503,0.502,0.500,1.200,1.100,0.654,0.662,1.100,0.647,0.647,0.700,0.678,0.647,0.400,0.677,0.647,0.300,0.662,0.647,0.400,0.667,0.647
20110729_0742,-23.780,179.920,539.000,IV.NOV.,38.029,15.136,160.729,1759.978,1811.234,1828.467,283.000,4.413,0.397,0.383,0.411,0.410,0.405,1.800,1.700,0.734,0.676,1.500,0.747,0.747,1.400,0.756,0.747,1.100,0.759,0.747,1.000,0.761,0.747,1.100,0.755,0.747
20110729_0742,-23.780,179.920,539.000,GE.DSB.,53.245,-6.376,150.152,1703.223,1741.964,1754.497,284.000,5.820,0.604,0.575,0.583,0.574,0.576,0.500,0.800,0.946,0.947,-0.200,0.915,0.915,-0.300,0.903,0.915,-0.500,0.905,0.915,-0.800,0.910,0.915,-0.600,0.907,0.915
20110729_0742,-23.780,179.920,539.000,GU.SC2M.,44.404,9.534,157.930,1745.307,1793.098,1809.016,285.000,8.191,0.524,0.590,0.638,0.649,0.644,2.600,2.700,0.728,0.733,2.300,0.715,0.715,2.000,0.754,0.715,1.700,0.752,0.715,1.500,0.749,0.715,1.600,0.750,0.715
20110729_0742,-23.780,179.920,539.000,KO.SENK.,40.561,42.350,140.835,1650.233,1679.262,1688.354,286.000,2.945,0.653,0.644,0.630,0.641,0.644,-0.100,1.300,0.804,0.675,-0.900,0.779,0.779,-1.000,0.794,0.779,-1.600,0.789,0.779,-1.400,0.804,0.779,-1.200,0.803,0.779
20110729_0742,-23.780,179.920,539.000,GB.DRUM.,56.913,-2.487,146.821,1684.595,1719.723,1730.949,287.000,4.863,0.719,0.711,0.712,0.703,0.708,0.200,0.200,0.882,0.879,-0.100,0.798,0.798,-0.100,0.827,0.798,-0.400,0.808,0.798,-0.700,0.803,0.798,-0.500,0.809,0.798
20110729_0742,-23.780,179.920,539.000,RN.HMES.,51.658,7.726,151.484,1710.570,1750.799,1763.880,288.000,6.812,0.762,0.797,0.819,0.827,0.823,1.200,1.400,0.954,0.939,0.600,0.935,0.935,0.600,0.959,0.935,0.300,0.959,0.935,0.100,0.964,0.935,0.200,0.963,0.935
20110729_0742,-23.780,179.920,539.000,IV.HCRL.,37.283,15.033,161.294,1762.907,1814.877,1832.381,289.000,10.421,0.602,0.614,0.639,0.639,0.631,1.100,1.100,0.973,0.973,0.900,0.864,0.864,0.700,0.863,0.864,0.300,0.855,0.864,0.200,0.849,0.864,0.400,0.852,0.864
20110729_0742,-23.780,179.920,539.000,IV.ATMI.,43.334,12.268,157.961,1745.468,1793.296,1809.229,290.000,0.000,,,,,,-16.000,-8.000,0.000,0.000,-16.000,0.000,0.000,-16.000,0.000,0.000,-16.000,0.000,0.000,-16.000,0.000,0.000,-16.000,0.000,0.000
20110729_0742,-23.780,179.920,539.000,KO.ESPY.,40.917,38.727,143.414,1665.183,1696.767,1706.744,291.000,0.499,0.169,0.150,0.144,0.148,0.150,1.000,4.700,0.853,-0.299,8.300,0.495,0.495,8.000,0.490,0.495,7.300,0.483,0.495,7.400,0.484,0.495,7.600,0.484,0.495
20110729_0742,-23.780,179.920,539.000,KO.MDNY.,40.371,28.885,150.594,1705.667,1744.898,1757.611,292.000,3.654,0.524,0.518,0.528,0.530,0.528,2.600,2.800,0.927,0.968,2.000,0.901,0.901,1.600,0.903,0.901,0.900,0.922,0.901,1.000,0.923,0.901,1.100,0.914,0.901
20110729_0742,-23.780,179.920,539.000,IV.SIRI.,40.182,15.868,158.812,1749.954,1798.824,1815.150,293.000,6.634,0.637,0.649,0.662,0.658,0.661,1.600,1.500,0.830,0.810,0.900,0.893,0.893,0.500,0.899,0.893,0.200,0.891,0.893,0.000,0.883,0.893,0.200,0.888,0.893
20110729_0742,-23.780,179.920,539.000,RO.CVD1.,44.321,28.062,149.207,1697.975,1735.674,1747.827,294.000,3.494,0.478,0.541,0.581,0.578,0.570,2.100,2.400,0.853,0.811,1.700,0.860,0.860,1.200,0.847,0.860,0.700,0.841,0.860,0.700,0.840,0.860,0.800,0.840,0.860
20110729_0742,-23.780,179.920,539.000,XB.PM19.,34.143,-5.131,168.739,1800.596,1862.310,1883.641,295.000,4.070,0.492,0.439,0.419,0.428,0.428,1.800,-2.300,0.245,-0.425,7.900,0.397,0.397,2.100,0.341,0.397,1.900,0.320,0.397,1.900,0.295,0.397,2.000,0.321,0.397
20110729_0742,-23.780,179.920,539.000,MC.TRNT.,16.764,-62.163,121.772,1532.999,1546.541,1550.565,296.000,0.949,0.073,0.146,-0.020,-0.026,0.146,1.300,1.500,0.559,0.649,3.200,0.526,0.526,-10.500,0.402,0.526,0.800,0.544,0.526,0.700,0.546,0.526,-10.500,0.399,0.526
20110729_0742,-23.780,179.920,539.000,CH.BERNI.,46.414,10.023,155.952,1734.781,1780.189,1795.211,297.000,1.729,0.378,0.406,0.456,0.480,0.458,2.400,2.300,0.914,0.908,2.000,0.813,0.813,1.900,0.823,0.813,1.700,0.818,0.813,1.400,0.819,0.813,1.600,0.818,0.813
20110729_0742,-23.780,179.920,539.000,CH.BALST.,47.336,7.695,155.640,1733.110,1778.148,1793.030,298.000,6.055,0.690,0.737,0.773,0.784,0.777,1.400,1.400,0.979,0.972,1.100,0.924,0.924,0.900,0.896,0.924,0.700,0.882,0.924,0.500,0.870,0.924,0.600,0.876,0.924
20110729_0742,-23.780,179.920,539.000,GU.MAIM.,43.914,10.491,158.079,1746.093,1794.066,1810.052,299.000,3.928,0.602,0.613,0.649,0.661,0.650,1.400,1.700,0.798,0.744,1.100,0.903,0.903,0.800,0.890,0.903,0.500,0.897,0.903,0.300,0.903,0.903,0.400,0.898,0.903
20110729_0742,-23.780,179.920,539.000,NL.WTSB.01,51.966,6.799,151.325,1709.696,1749.746,1762.761,300.000,0.792,0.213,0.183,0.181,0.187,0.179,1.100,4.600,0.929,-0.529,0.000,0.696,0.696,-0.100,0.738,0.696,-0.200,0.723,0.696,-0.400,0.719,0.696,-0.400,0.723,0.696
20110729_0742,-23.780,179.920,539.000,GE.EIL.,29.670,34.951,148.285,1692.827,1729.524,1741.313,301.000,6.709,0.557,0.582,0.714,0.682,0.652,1.400,1.600,0.887,0.872,1.100,0.943,0.943,1.400,0.965,0.943,0.600,0.940,0.943,0.800,0.956,0.943,1.000,0.960,0.943
20110729_0742,-23.780,179.920,539.000,OE.CONA.,47.928,15.862,152.736,1717.421,1759.074,1772.684,302.000,15.069,0.588,0.684,0.726,0.738,0.721,1.400,1.600,0.783,0.801,1.500,0.777,0.777,1.200,0.734,0.777,0.800,0.734,0.777,0.600,0.735,0.777,0.800,0.731,0.777
20110729_0742,-23.780,179.920,539.000,KO.ISK.,41.062,29.059,150.173,1703.338,1742.101,1754.643,303.000,4.580,0.565,0.638,0.726,0.719,0.691,2.100,2.300,0.966,0.962,1.500,0.974,0.974,1.000,0.971,0.974,0.600,0.974,0.974,0.500,0.976,0.974,0.700,0.974,0.974
20110729_0742,-23.780,179.920,539.000,LX.MESJ.,37.840,-8.220,164.315,1778.406,1834.256,1853.254,304.000,5.275,0.625,0.696,0.728,0.745,0.725,0.800,0.900,0.957,0.958,0.700,0.953,0.953,0.600,0.914,0.953,0.500,0.912,0.953,0.300,0.911,0.953,0.400,0.912,0.953
20110729_0742,-23.780,179.920,539.000,XB.PS10.,36.803,-4.904,166.333,1788.606,1847.102,1867.141,305.000,14.952,0.608,0.607,0.647,0.673,0.646,0.900,1.000,0.924,0.918,1.300,0.800,0.800,1.000,0.879,0.800,0.700,0.855,0.800,0.500,0.830,0.800,0.700,0.854,0.800
20110729_0742,-23.780,179.920,539.000,5H.FAME.,13.568,41.520,139.448,1642.096,1669.796,1678.431,306.000,6.825,0.731,0.774,0.773,0.779,0.776,0.700,0.500,0.898,0.899,0.100,0.915,0.915,0.300,0.929,0.915,-0.300,0.917,0.915,-0.100,0.936,0.915,-0.100,0.937,0.915
20110729_0742,-23.780,179.920,539.000,DK.BSD.,55.114,14.915,146.754,1684.218,1719.275,1730.476,307.000,8.898,0.761,0.766,0.788,0.791,0.786,1.000,1.200,0.906,0.912,0.600,0.945,0.945,0.500,0.951,0.945,0.300,0.948,0.945,0.100,0.949,0.945,0.200,0.950,0.945
20110729_0742,-23.780,179.920,539.000,IV.MPNC.,38.146,15.353,160.524,1758.910,1809.908,1827.043,308.000,3.299,0.288,0.294,0.334,0.334,0.320,-0.100,4.700,0.648,0.388,4.600,0.493,0.493,4.400,0.514,0.493,4.100,0.536,0.493,4.000,0.554,0.493,4.100,0.536,0.493
20110729_0742,-23.780,179.920,539.000,IV.ATTE.,43.198,12.354,158.044,1745.909,1793.839,1809.810,309.000,4.684,0.498,0.542,0.563,0.576,0.571,2.000,2.500,0.756,0.750,2.600,0.750,0.750,2.200,0.773,0.750,1.900,0.755,0.750,1.700,0.733,0.750,1.800,0.745,0.750
20110729_0742,-23.780,179.920,539.000,FR.TRBF.00,44.105,3.959,159.407,1753.081,1802.686,1819.291,310.000,0.732,0.128,0.035,0.048,0.060,0.053,2.800,3.000,0.856,0.915,2.600,0.414,0.414,2.600,0.423,0.414,2.400,0.403,0.414,2.100,0.384,0.414,2.200,0.393,0.414
20110729_0742,-23.780,179.920,539.000,XB.PM32.,31.568,-4.191,171.405,1813.665,1879.027,1901.848,311.000,10.991,0.533,0.616,0.627,0.625,0.622,0.000,0.300,0.873,0.905,-0.400,0.784,0.784,-0.600,0.838,0.784,-0.700,0.844,0.784,-0.800,0.849,0.784,-0.700,0.841,0.784
20110729_0742,-23.780,179.920,539.000,XB.PM22B.,33.308,-5.102,169.504,1804.370,1867.124,1888.876,312.000,5.850,0.706,0.626,0.629,0.627,0.632,0.400,0.500,0.938,0.949,0.300,0.941,0.941,0.100,0.915,0.941,-0.200,0.911,0.941,-0.300,0.910,0.941,-0.100,0.909,0.941
20110729_0742,-23.780,179.920,539.000,G.CLF.00,48.026,2.260,155.683,1733.343,1778.432,1793.334,313.000,8.954,0.707,0.702,0.730,0.745,0.737,1.200,1.400,0.947,0.973,0.900,0.830,0.830,0.800,0.685,0.830,0.500,0.681,0.830,0.300,0.701,0.830,0.400,0.697,0.830
20110729_0742,-23.780,179.920,539.000,GB.EDI.,55.923,-3.188,147.776,1689.969,1726.116,1737.708,314.000,5.777,0.618,0.638,0.650,0.662,0.657,1.800,1.700,0.891,0.865,1.300,0.855,0.855,1.000,0.856,0.855,0.800,0.861,0.855,0.700,0.865,0.855,0.700,0.861,0.855
20110729_0742,-23.780,179.920,539.000,IV.RESU.,37.647,14.057,161.607,1764.524,1816.891,1834.546,315.000,2.161,0.364,0.393,0.366,0.356,0.371,-1.300,-1.000,0.655,0.612,-1.000,0.700,0.700,-1.300,0.646,0.700,-1.600,0.617,0.700,-1.700,0.598,0.700,-1.600,0.614,0.700
20110729_0742,-23.780,179.920,539.000,IV.ALJA.,37.749,13.754,161.702,1765.019,1817.507,1835.210,316.000,2.049,0.105,0.095,0.107,0.106,0.104,4.500,-3.000,0.367,0.001,4.200,0.491,0.491,4.000,0.473,0.491,3.600,0.468,0.491,3.400,0.471,0.491,3.600,0.467,0.491
20110729_0742,-23.780,179.920,539.000,GE.APE.,37.073,25.523,154.358,1726.215,1769.746,1784.061,317.000,2.722,0.593,0.561,0.548,0.539,0.549,-0.800,-0.400,0.913,0.864,-1.400,0.816,0.816,-1.600,0.768,0.816,-2.000,0.826,0.816,-2.000,0.831,0.816,-1.900,0.816,0.816
20110729_0742,-23.780,179.920,539.000,IV.PSB1.,41.223,14.811,158.575,1748.711,1797.291,1813.507,318.000,2.414,0.264,0.340,0.406,0.421,0.392,2.000,2.000,0.859,0.901,1.700,0.876,0.876,1.400,0.882,0.876,1.100,0.879,0.876,0.900,0.876,0.876,1.100,0.877,0.876
20110729_0742,-23.780,179.920,539.000,ZP.KISZ.02,-12.112,25.495,136.258,1623.163,1647.914,1655.551,319.000,0.347,0.019,0.019,0.019,0.018,0.019,6.000,-4.400,0.749,-0.870,-5.200,0.251,0.251,-5.300,0.295,0.251,-5.300,0.276,0.251,-11.200,0.238,0.251,-5.300,0.269,0.251
20110729_0742,-23.780,179.920,539.000,AF.CVNA.,-31.482,19.762,121.567,1531.677,1545.086,1549.070,320.000,0.582,-0.182,-0.191,-0.195,-0.210,-0.208,13.700,0.600,0.061,-0.797,8.100,0.527,0.527,8.000,0.542,0.527,8.000,0.542,0.527,8.000,0.543,0.527,8.000,0.539,0.527
20110729_0742,-23.780,179.920,539.000,IV.PIPA.,39.485,16.816,158.777,1749.775,1798.603,1814.913,321.000,7.423,0.561,0.590,0.594,0.592,0.597,3.100,2.400,0.650,0.572,2.700,0.742,0.742,2.500,0.748,0.742,2.100,0.768,0.742,2.000,0.782,0.742,2.100,0.771,0.742
20110729_0742,-23.780,179.920,539.000,IV.FVI.,46.597,12.780,154.955,1729.434,1773.664,1788.243,322.000,3.871,0.527,0.535,0.539,0.537,0.538,1.900,2.300,0.941,0.956,2.000,0.643,0.643,1.500,0.613,0.643,1.200,0.580,0.643,0.900,0.558,0.643,1.000,0.573,0.643
20110729_0742,-23.780,179.920,539.000,IV.CERT.,41.949,12.982,158.833,1750.067,1798.963,1815.299,323.000,4.574,0.562,0.590,0.628,0.646,0.635,1.900,1.900,0.971,0.980,1.400,0.925,0.925,1.200,0.930,0.925,1.000,0.929,0.925,0.700,0.929,0.925,0.900,0.928,0.925
20110729_0742,-23.780,179.920,539.000,IV.SSY.,37.158,15.074,161.353,1763.213,1815.258,1832.790,324.000,9.346,0.583,0.610,0.631,0.634,0.623,1.200,1.200,0.984,0.987,1.200,0.913,0.913,0.900,0.918,0.913,0.600,0.920,0.913,0.500,0.921,0.913,0.600,0.917,0.913
20110729_0742,-23.780,179.920,539.000,TH.HKWD.,50.830,12.268,151.311,1709.620,1749.653,1762.663,325.000,0.335,0.055,0.044,0.047,0.049,0.045,-0.100,0.600,0.932,0.939,-0.400,0.340,0.340,-0.900,0.389,0.340,-1.200,0.420,0.340,-1.400,0.450,0.340,-1.300,0.428,0.340
20110729_0742,-23.780,179.920,539.000,IV.ZCCA.,44.351,10.976,157.532,1743.197,1790.504,1806.240,326.000,3.316,0.371,0.415,0.449,0.454,0.450,3.000,3.100,0.935,0.966,2.800,0.873,0.873,2.400,0.883,0.873,2.100,0.897,0.873,2.000,0.912,0.873,2.100,0.901,0.873
20110729_0742,-23.780,179.920,539.000,GR.BRG.,50.873,13.944,150.816,1706.890,1746.368,1759.172,327.000,6.092,0.703,0.735,0.742,0.737,0.737,0.700,0.800,0.953,0.929,0.300,0.859,0.859,0.000,0.903,0.859,-0.200,0.909,0.859,-0.500,0.909,0.859,-0.400,0.908,0.859
20110729_0742,-23.780,179.920,539.000,MN.VLC.,44.159,10.386,157.893,1745.111,1792.857,1808.758,328.000,5.019,0.366,0.439,0.471,0.503,0.494,2.200,2.300,0.904,0.943,1.900,0.940,0.940,1.600,0.948,0.940,1.400,0.952,0.940,1.100,0.957,0.940,1.200,0.956,0.940
20110729_0742,-23.780,179.920,539.000,IV.JOPP.,38.607,15.886,159.904,1755.682,1805.905,1822.745,329.000,5.604,0.363,0.340,0.330,0.322,0.338,0.500,0.900,0.597,0.657,1.000,0.780,0.780,0.700,0.816,0.780,0.400,0.841,0.780,0.300,0.855,0.780,0.400,0.843,0.780
20110729_0742,-23.780,179.920,539.000,GE.IBBN.,52.306,7.759,150.853,1707.093,1746.612,1759.432,330.000,6.094,0.692,0.744,0.749,0.741,0.748,0.800,-2.600,0.942,-0.649,0.400,0.912,0.912,0.200,0.922,0.912,0.000,0.920,0.912,-0.200,0.917,0.912,-0.200,0.920,0.912
20110729_0742,-23.780,179.920,539.000,XB.PM08.,35.145,-4.708,167.946,1796.667,1857.312,1878.212,331.000,0.345,-0.013,-0.011,-0.011,-0.010,-0.011,-10.600,5.100,0.195,0.229,-8.000,0.316,0.316,4.800,0.431,0.316,4.700,0.427,0.316,4.600,0.416,0.316,4.700,0.427,0.316
20110729_0742,-23.780,179.920,539.000,GR.BSEG.,53.936,10.316,148.850,1695.985,1733.294,1745.306,332.000,9.154,0.646,0.639,0.640,0.642,0.641,1.400,1.700,0.762,0.781,1.500,0.577,0.577,1.200,0.572,0.577,0.900,0.547,0.577,0.600,0.525,0.577,0.700,0.537,0.577
20110729_0742,-23.780,179.920,539.000,GB.HTL.,50.994,-4.485,152.573,1716.532,1757.998,1771.538,333.000,5.228,0.601,0.434,0.433,0.420,0.400,-1.200,-1.100,0.692,0.664,-1.300,0.627,0.627,-1.900,0.592,0.627,-2.000,0.599,0.627,-2.100,0.615,0.627,-2.200,0.614,0.627
20110729_0742,-23.780,179.920,539.000,GR.TNS.,50.224,8.449,152.735,1717.415,1759.066,1772.675,334.000,6.494,0.677,0.741,0.742,0.742,0.744,1.200,1.400,0.992,0.984,1.100,0.961,0.961,0.400,0.945,0.961,0.200,0.946,0.961,0.100,0.946,0.961,0.100,0.947,0.961
20110729_0742,-23.780,179.920,539.000,RO.BUR31.,47.644,25.200,148.811,1695.766,1733.033,1745.029,335.000,5.183,0.735,0.712,0.700,0.701,0.702,0.900,-2.700,0.653,-0.863,0.600,0.803,0.803,0.100,0.778,0.803,-0.200,0.788,0.803,-0.400,0.788,0.803,-0.300,0.781,0.803
20110729_0742,-23.780,179.920,539.000,IV.LATE.,42.614,11.804,158.753,1749.645,1798.442,1814.741,336.000,6.123,0.579,0.597,0.623,0.632,0.623,2.000,2.200,0.945,0.972,1.700,0.908,0.908,1.500,0.909,0.908,1.200,0.900,0.908,1.100,0.889,0.908,1.200,0.897,0.908
20110729_0742,-23.780,179.920,539.000,XB.PS51.,36.973,-4.887,166.176,1787.818,1846.106,1866.063,337.000,5.639,0.575,0.569,0.580,0.590,0.585,0.400,0.500,0.961,0.937,0.400,0.912,0.912,0.600,0.929,0.912,0.500,0.912,0.912,0.300,0.884,0.912,0.400,0.904,0.912
20110729_0742,-23.780,179.920,539.000,KO.KOZT.,37.479,35.826,146.466,1682.588,1717.339,1728.430,338.000,14.766,0.725,0.724,0.715,0.723,0.726,0.800,0.900,0.978,0.980,0.600,0.926,0.926,0.200,0.906,0.926,-0.400,0.881,0.926,-0.300,0.889,0.926,-0.100,0.895,0.926
20110729_0742,-23.780,179.920,539.000,GB.SWN1.,51.513,-1.800,152.235,1714.686,1755.765,1769.162,339.000,0.000,,,,,,-16.000,-8.000,0.000,0.000,-16.000,0.000,0.000,-16.000,0.000,0.000,-16.000,0.000,0.000,-16.000,0.000,0.000,-16.000,0.000,0.000
20110729_0742,-23.780,179.920,539.000,II.OBN.00,55.115,36.567,138.650,1637.388,1664.336,1672.715,340.000,15.458,0.736,0.698,0.731,0.728,0.718,1.400,1.400,0.902,0.859,0.900,0.948,0.948,1.000,0.928,0.948,0.700,0.942,0.948,0.500,0.931,0.948,0.700,0.930,0.948
20110729_0742,-23.780,179.920,539.000,GR.A055.,52.405,9.823,150.396,1704.570,1743.580,1756.213,341.000,3.517,0.420,0.413,0.404,0.400,0.405,0.600,0.700,0.838,0.832,0.200,0.955,0.955,0.200,0.959,0.955,-0.200,0.958,0.955,-0.500,0.958,0.955,-0.300,0.959,0.955
20110729_0742,-23.780,179.920,539.000,X7.PY4A.00,47.561,-2.907,156.112,1735.641,1781.241,1796.335,342.000,8.193,0.605,0.513,0.515,0.517,0.513,0.300,0.100,0.808,0.756,-0.200,0.619,0.619,-0.100,0.606,0.619,-0.300,0.599,0.619,-0.600,0.594,0.619,-0.400,0.595,0.619
20110729_0742,-23.780,179.920,539.000,GB.CCA1.,50.187,-5.228,153.290,1720.436,1762.726,1776.574,343.000,8.807,0.715,0.713,0.658,0.629,0.646,-0.400,-0.400,0.891,0.913,-1.100,0.739,0.739,-1.300,0.724,0.739,-1.700,0.727,0.739,-1.900,0.732,0.739,-1.800,0.732,0.739
20110729_0742,-23.780,179.920,539.000,KO.BZK.,41.960,34.004,146.428,1682.373,1717.083,1728.161,344.000,4.194,0.743,0.762,0.786,0.781,0.775,1.200,1.300,0.944,0.953,0.900,0.943,0.943,0.500,0.936,0.943,0.000,0.928,0.943,0.000,0.933,0.943,0.200,0.934,0.943
20110729_0742,-23.780,179.920,539.000,MN.PDG.,42.430,19.261,155.419,1731.926,1776.702,1791.486,345.000,4.578,0.417,0.505,0.574,0.562,0.542,2.000,2.300,0.978,0.976,1.800,0.976,0.976,1.500,0.971,0.976,1.100,0.972,0.976,1.000,0.971,0.976,1.200,0.973,0.976
20110729_0742,-23.780,179.920,539.000,GB.SOFL.,62.069,-6.966,141.426,1653.680,1683.285,1692.576,346.000,4.041,0.678,0.652,0.665,0.667,0.665,0.700,0.500,0.653,0.616,0.400,0.852,0.852,0.400,0.868,0.852,0.100,0.871,0.852,-0.100,0.870,0.852,0.100,0.873,0.852
20110729_0742,-23.780,179.920,539.000,IV.OSSC.,43.524,11.246,158.170,1746.574,1794.658,1810.687,347.000,5.812,0.351,0.435,0.474,0.502,0.493,2.000,-1.100,0.821,-0.646,1.900,0.624,0.624,1.700,0.614,0.624,1.400,0.616,0.624,1.100,0.631,0.624,1.200,0.620,0.624
20110729_0742,-23.780,179.920,539.000,FR.CHMF.00,47.248,6.652,155.923,1734.627,1780.002,1795.010,348.000,14.714,0.647,0.664,0.692,0.698,0.697,1.700,1.800,0.970,0.963,1.000,0.852,0.852,0.900,0.817,0.852,0.700,0.824,0.852,0.500,0.837,0.852,0.500,0.832,0.852
20110729_0742,-23.780,179.920,539.000,RO.PLOR6.,45.842,26.642,149.170,1697.770,1735.429,1747.568,349.000,4.839,0.417,0.490,0.527,0.526,0.522,2.000,2.500,0.705,0.671,1.700,0.841,0.841,1.100,0.828,0.841,0.700,0.815,0.841,0.600,0.809,0.841,0.700,0.815,0.841
20110729_0742,-23.780,179.920,539.000,IV.CAMP.,42.536,13.409,158.171,1746.578,1794.662,1810.692,350.000,0.340,0.009,0.008,0.008,0.007,0.008,-3.800,-4.100,0.219,0.961,0.600,0.403,0.403,0.100,0.407,0.403,0.000,0.406,0.403,-0.100,0.405,0.403,-0.100,0.410,0.403
20110729_0742,-23.780,179.920,539.000,KO.AYDB.,37.947,27.891,152.287,1714.971,1756.110,1769.529,351.000,7.371,0.671,0.689,0.755,0.741,0.728,1.100,1.400,0.932,0.909,1.000,0.957,0.957,0.900,0.972,0.957,0.500,0.962,0.957,0.400,0.964,0.957,0.600,0.968,0.957
20110729_0742,-23.780,179.920,539.000,KO.MERS.,36.868,34.522,147.621,1689.102,1725.085,1736.616,352.000,6.354,0.702,0.673,0.690,0.694,0.687,1.100,1.300,0.967,0.976,0.700,0.938,0.938,0.700,0.948,0.938,0.200,0.947,0.938,0.300,0.950,0.938,0.500,0.950,0.938
20110729_0742,-23.780,179.920,539.000,XB.PS48.,36.901,-3.727,166.510,1789.493,1848.223,1868.356,353.000,3.984,0.450,0.330,0.346,0.372,0.363,2.700,4.000,0.659,0.495,3.400,0.670,0.670,3.200,0.679,0.670,3.300,0.677,0.670,3.200,0.672,0.670,3.200,0.676,0.670
20110729_0742,-23.780,179.920,539.000,NO.SPB3.00,78.174,16.358,125.068,1554.114,1569.891,1574.603,354.000,15.041,0.613,0.603,0.592,0.581,0.590,0.700,0.900,0.918,0.954,0.200,0.701,0.701,0.100,0.672,0.701,-0.400,0.683,0.701,-0.400,0.676,0.701,-0.200,0.671,0.701
20110729_0742,-23.780,179.920,539.000,XB.PS53.,37.057,-3.964,166.311,1788.495,1846.961,1866.989,355.000,3.603,0.471,0.380,0.374,0.375,0.377,-1.900,0.800,0.787,0.300,-0.300,0.697,0.697,-1.000,0.849,0.697,-1.100,0.856,0.697,-1.200,0.850,0.697,-1.200,0.867,0.697
20110729_0742,-23.780,179.920,539.000,IV.IVPL.,38.376,14.980,160.576,1759.184,1810.249,1827.408,356.000,3.314,0.347,0.410,0.462,0.472,0.445,0.700,1.000,0.965,0.965,0.900,0.765,0.765,0.700,0.792,0.765,0.400,0.786,0.765,0.300,0.780,0.765,0.400,0.781,0.765
20110729_0742,-23.780,179.920,539.000,XB.PM33.,31.432,-4.243,171.508,1814.163,1879.668,1902.546,357.000,8.806,0.634,0.615,0.626,0.628,0.620,0.100,0.400,0.875,0.894,-0.300,0.752,0.752,-0.300,0.794,0.752,-0.400,0.804,0.752,-0.500,0.810,0.752,-0.500,0.800,0.752
20110729_0742,-23.780,179.920,539.000,II.ASCN.00,-7.933,-14.360,145.355,1676.289,1709.871,1720.548,358.000,1.045,-0.012,-0.010,-0.013,-0.015,-0.012,-0.800,2.000,0.484,-0.329,0.300,0.648,0.648,0.200,0.392,0.648,-0.800,0.422,0.648,-2.000,0.556,0.648,-1.900,0.537,0.648
20110729_0742,-23.780,179.920,539.000,IU.GNI.10,40.148,44.741,139.125,1640.194,1667.588,1676.120,359.000,3.408,0.453,0.460,0.508,0.486,0.478,1.000,1.000,0.680,0.759,0.700,0.585,0.585,0.500,0.598,0.585,0.000,0.626,0.585,0.200,0.600,0.585,0.300,0.600,0.585
20110729_0742,-23.780,179.920,539.000,IV.MCT.,37.619,13.608,161.876,1765.917,1818.627,1836.414,360.000,0.000,,,,,,-16.000,-8.000,0.000,0.000,-16.000,0.000,0.000,-16.000,0.000,0.000,-16.000,0.000,0.000,-16.000,0.000,0.000,-16.000,0.000,0.000
20110729_0742,-23.780,179.920,539.000,XB.PS60.,37.327,-3.452,166.149,1787.679,1845.930,1865.873,361.000,0.363,0.008,-0.010,-0.011,-0.012,-0.012,-13.300,-5.000,0.313,-0.076,-9.000,0.606,0.606,-8.800,0.653,0.606,-8.900,0.657,0.606,-9.100,0.657,0.606,-9.000,0.654,0.606
20110729_0742,-23.780,179.920,539.000,DK.DBG.,74.307,-20.219,128.358,1574.831,1593.041,1598.513,362.000,4.663,0.612,0.569,0.597,0.590,0.585,0.800,1.000,0.761,0.786,0.500,0.936,0.936,0.600,0.936,0.936,0.200,0.937,0.936,0.300,0.935,0.936,0.400,0.936,0.936
20110729_0742,-23.780,179.920,539.000,IU.KEV.10,69.757,27.003,131.318,1593.176,1613.715,1619.937,363.000,0.341,-0.020,-0.024,-0.019,-0.018,-0.021,5.300,-4.200,0.793,-0.911,-9.200,0.343,0.343,-9.600,0.336,0.343,-9.900,0.308,0.343,-9.900,0.308,0.343,-9.900,0.314,0.343
20110729_0742,-23.780,179.920,539.000,AF.UPI.,-28.362,21.253,123.954,1547.021,1562.021,1566.492,364.000,1.341,-0.062,0.163,0.163,0.097,0.123,-0.900,-0.800,0.334,0.495,-1.600,0.510,0.510,-0.500,0.547,0.510,-0.600,0.538,0.510,-0.600,0.491,0.510,-0.600,0.510,0.510
20110729_0742,-23.780,179.920,539.000,IV.MSFR.,38.034,14.592,161.034,1761.561,1813.202,1830.581,365.000,1.867,0.281,0.278,0.319,0.322,0.304,0.800,1.200,0.950,0.939,0.800,0.854,0.854,0.600,0.859,0.854,0.300,0.852,0.854,0.100,0.848,0.854,0.300,0.850,0.854
20110729_0742,-23.780,179.920,539.000,XB.PM06.,35.309,-5.639,167.504,1794.467,1854.521,1875.183,366.000,6.905,0.572,0.656,0.653,0.639,0.644,0.500,0.600,0.871,0.885,0.600,0.694,0.694,-0.100,0.791,0.694,-0.200,0.831,0.694,-0.400,0.849,0.694,-0.300,0.824,0.694
20110729_0742,-23.780,179.920,539.000,KO.KCTX.,40.263,28.335,151.018,1708.007,1747.712,1760.600,367.000,8.260,0.707,0.740,0.798,0.792,0.780,1.900,2.100,0.940,0.971,1.300,0.918,0.918,0.900,0.933,0.918,0.500,0.951,0.918,0.400,0.954,0.918,0.500,0.946,0.918
20110729_0742,-23.780,179.920,539.000,DZ.OKGL.00,36.037,0.656,167.727,1795.573,1855.924,1876.705,368.000,9.427,0.546,0.356,0.365,0.365,0.371,0.800,1.200,0.777,0.769,0.900,0.762,0.762,1.000,0.745,0.762,0.900,0.676,0.762,0.900,0.593,0.762,0.800,0.642,0.762
20110729_0742,-23.780,179.920,539.000,KO.MAZI.,37.459,40.446,142.880,1662.109,1693.155,1702.945,369.000,2.290,0.488,0.480,0.511,0.505,0.497,1.200,1.100,0.853,0.729,0.700,0.983,0.983,0.600,0.981,0.983,-0.100,0.979,0.983,0.200,0.980,0.983,0.300,0.981,0.983
20110729_0742,-23.780,179.920,539.000,GR.GRC1.,48.995,11.520,153.183,1719.852,1762.017,1775.819,370.000,10.820,0.621,0.699,0.731,0.732,0.729,1.300,1.300,0.976,0.980,0.900,0.875,0.875,0.400,0.841,0.875,0.200,0.838,0.875,0.100,0.835,0.875,0.100,0.836,0.875
20110729_0742,-23.780,179.920,539.000,ZP.KISH.02,-12.022,29.612,133.910,1609.013,1631.709,1638.649,371.000,2.146,0.464,0.505,0.498,0.482,0.495,-0.100,0.000,0.919,0.858,-0.500,0.861,0.861,-0.600,0.869,0.861,-0.700,0.868,0.861,-0.900,0.859,0.861,-0.700,0.865,0.861
20110729_0742,-23.780,179.920,539.000,DK.ANGG.,65.616,-37.637,131.817,1596.245,1617.190,1623.546,372.000,8.499,0.580,0.597,0.609,0.603,0.601,1.000,1.200,0.810,0.796,0.800,0.830,0.830,0.600,0.835,0.830,0.300,0.842,0.830,0.300,0.839,0.830,0.500,0.837,0.830
20110729_0742,-23.780,179.920,539.000,NI.SABO.,45.987,13.634,155.189,1730.690,1775.195,1789.877,373.000,5.524,0.621,0.684,0.703,0.713,0.703,1.600,1.600,0.881,0.869,1.300,0.780,0.780,0.900,0.752,0.780,0.700,0.761,0.780,0.400,0.776,0.780,0.500,0.766,0.780
20110729_0742,-23.780,179.920,539.000,IV.MOCO.,41.370,15.158,158.295,1747.232,1795.468,1811.555,374.000,2.045,0.055,0.030,0.055,0.063,0.057,4.000,4.500,0.821,0.836,4.000,0.871,0.871,3.500,0.874,0.871,3.300,0.873,0.871,3.100,0.872,0.871,3.200,0.872,0.871
20110729_0742,-23.780,179.920,539.000,TH.HWTS.,50.592,11.472,151.729,1711.916,1752.421,1765.605,375.000,9.082,0.822,0.820,0.822,0.819,0.821,0.700,0.800,0.953,0.955,0.300,0.927,0.927,0.300,0.930,0.927,0.000,0.938,0.927,-0.300,0.941,0.927,-0.200,0.936,0.927
20110729_0742,-23.780,179.920,539.000,KO.BALB.,39.651,27.864,151.610,1711.260,1751.630,1764.764,376.000,6.469,0.709,0.749,0.817,0.809,0.790,1.900,2.000,0.967,0.972,1.600,0.970,0.970,1.300,0.980,0.970,0.900,0.991,0.970,0.800,0.990,0.970,1.000,0.986,0.970
20110729_0742,-23.780,179.920,539.000,GU.PZZ.,44.507,7.116,158.456,1748.084,1796.518,1812.679,377.000,5.338,0.632,0.635,0.663,0.684,0.671,1.700,1.800,0.954,0.958,1.500,0.873,0.873,1.600,0.906,0.873,1.300,0.896,0.873,1.000,0.884,0.873,1.100,0.890,0.873
20110729_0742,-23.780,179.920,539.000,XB.PS37.,39.000,-4.956,164.228,1777.965,1833.703,1852.657,378.000,4.677,0.716,0.666,0.696,0.709,0.695,0.500,0.600,0.969,0.963,0.300,0.880,0.880,0.400,0.867,0.880,0.200,0.868,0.880,0.000,0.864,0.880,0.200,0.867,0.880
20110729_0742,-23.780,179.920,539.000,CH.BOURR.,47.394,7.230,155.676,1733.306,1778.387,1793.286,379.000,13.687,0.661,0.726,0.747,0.763,0.751,1.400,1.600,0.968,0.960,1.100,0.902,0.902,0.800,0.862,0.902,0.700,0.868,0.902,0.400,0.878,0.902,0.600,0.873,0.902
20110729_0742,-23.780,179.920,539.000,GE.ISP.,37.843,30.509,150.396,1704.573,1743.584,1756.216,380.000,3.517,0.535,0.544,0.558,0.549,0.555,0.900,1.100,0.965,0.976,0.300,0.892,0.892,0.100,0.878,0.892,-0.600,0.890,0.892,-0.400,0.893,0.892,-0.300,0.886,0.892
20110729_0742,-23.780,179.920,539.000,IV.ILOS.,38.446,14.948,160.546,1759.024,1810.050,1827.194,381.000,4.337,0.419,0.332,0.325,0.329,0.334,1.700,1.900,0.966,0.975,1.800,0.757,0.757,1.600,0.781,0.757,1.300,0.777,0.757,1.200,0.773,0.757,1.300,0.773,0.757
20110729_0742,-23.780,179.920,539.000,KO.LEF.,35.112,32.843,149.348,1698.761,1736.615,1748.824,382.000,16.564,0.556,0.554,0.596,0.584,0.577,1.300,-2.000,0.812,-0.788,0.700,0.754,0.754,0.600,0.748,0.754,-0.100,0.795,0.754,0.100,0.800,0.754,0.100,0.785,0.754
20110729_0742,-23.780,179.920,539.000,IV.FAVR.,37.267,13.667,162.094,1767.037,1820.025,1837.918,383.000,1.877,0.133,0.162,0.188,0.197,0.178,2.900,-2.400,0.470,0.027,1.200,0.521,0.521,1.100,0.484,0.521,0.800,0.474,0.521,0.600,0.470,0.521,0.800,0.475,0.521
20110729_0742,-23.780,179.920,539.000,IU.ANTO.00,39.868,32.793,148.035,1691.423,1727.850,1739.541,384.000,0.338,0.033,0.016,0.026,0.029,0.023,-0.100,1.400,0.932,0.970,0.400,0.113,0.113,0.200,0.119,0.113,-0.100,0.123,0.113,-0.100,0.119,0.113,-0.100,0.121,0.113
20110729_0742,-23.780,179.920,539.000,NA.SEUS.,17.493,-62.981,121.250,1529.627,1542.834,1546.755,385.000,1.981,-0.007,0.093,0.103,0.099,0.093,-7.800,0.000,0.095,-0.110,7.900,0.489,0.489,11.200,0.131,0.489,-13.500,0.160,0.489,-13.600,0.143,0.489,-13.700,0.139,0.489
20110729_0742,-23.780,179.920,539.000,G.ATD.00,11.531,42.847,137.488,1630.500,1656.372,1664.387,386.000,2.178,0.553,0.577,0.562,0.570,0.563,-0.900,0.100,0.855,0.728,-1.100,0.839,0.839,-0.900,0.784,0.839,-1.800,0.809,0.839,-1.300,0.778,0.839,-1.500,0.783,0.839
20110729_0742,-23.780,179.920,539.000,RO.PLOR.,45.851,26.650,149.160,1697.714,1735.362,1747.496,387.000,4.861,0.395,0.483,0.534,0.535,0.526,2.100,2.800,0.848,0.778,2.000,0.819,0.819,1.300,0.821,0.819,0.900,0.823,0.819,0.800,0.821,0.819,0.900,0.820,0.819
20110729_0742,-23.780,179.920,539.000,IU.SFJD.00,66.996,-50.621,126.758,1564.800,1581.801,1586.895,388.000,7.728,0.750,0.747,0.756,0.751,0.749,0.600,0.600,0.961,0.952,0.500,0.875,0.875,0.400,0.889,0.875,0.100,0.884,0.875,0.300,0.885,0.875,0.300,0.887,0.875
20110729_0742,-23.780,179.920,539.000,EE.ARBE.,59.437,25.984,139.925,1644.902,1673.056,1681.847,389.000,4.332,0.669,0.707,0.722,0.719,0.717,0.900,1.000,0.876,0.911,0.300,0.857,0.857,0.200,0.874,0.857,-0.100,0.878,0.857,-0.100,0.871,0.857,0.000,0.872,0.857
20110729_0742,-23.780,179.920,539.000,IV.MCEL.,40.325,15.802,158.743,1749.595,1798.381,1814.676,390.000,2.884,0.582,0.639,0.650,0.641,0.646,0.600,0.700,0.762,0.790,0.300,0.934,0.934,0.000,0.929,0.934,-0.400,0.925,0.934,-0.500,0.919,0.934,-0.300,0.925,0.934
20110729_0742,-23.780,179.920,539.000,GU.RSP.,45.148,7.265,157.814,1744.691,1792.340,1808.205,391.000,8.152,0.645,0.715,0.745,0.763,0.750,1.400,1.600,0.923,0.924,1.200,0.884,0.884,0.900,0.913,0.884,0.800,0.906,0.884,0.500,0.890,0.884,0.600,0.898,0.884
20110729_0742,-23.780,179.920,539.000,6H.MANI.,-18.948,32.884,126.530,1563.364,1580.197,1585.238,392.000,1.848,0.477,0.443,0.450,0.461,0.453,2.400,3.300,0.731,0.664,2.700,0.527,0.527,2.700,0.546,0.527,2.600,0.527,0.527,2.500,0.500,0.527,2.600,0.523,0.527
20110729_0742,-23.780,179.920,539.000,IU.KEV.00,69.757,27.003,131.318,1593.176,1613.715,1619.937,393.000,15.176,0.700,0.729,0.739,0.738,0.738,1.100,1.400,0.955,0.955,0.700,0.883,0.883,0.400,0.877,0.883,0.000,0.889,0.883,0.000,0.888,0.883,0.100,0.886,0.883
20110729_0742,-23.780,179.920,539.000,GE.SFJD.00,66.996,-50.621,126.758,1564.800,1581.801,1586.895,394.000,7.728,0.750,0.747,0.756,0.751,0.749,0.600,0.600,0.961,0.952,0.500,0.875,0.875,0.400,0.889,0.875,0.100,0.884,0.875,0.300,0.885,0.875,0.300,0.887,0.875
20110729_0742,-23.780,179.920,539.000,DK.COP.,55.685,12.432,146.790,1684.420,1719.515,1730.729,395.000,4.019,0.673,0.698,0.704,0.698,0.701,0.600,0.700,0.777,0.768,0.100,0.828,0.828,-0.200,0.846,0.828,-0.400,0.847,0.828,-0.600,0.853,0.828,-0.500,0.851,0.828
20110729_0742,-23.780,179.920,539.000,IV.TRIV.,41.767,14.550,158.279,1747.150,1795.366,1811.446,396.000,4.385,0.430,0.392,0.445,0.457,0.433,2.200,2.300,0.900,0.957,1.800,0.873,0.873,1.400,0.879,0.873,1.000,0.896,0.873,0.800,0.910,0.873,1.100,0.897,0.873
20110729_0742,-23.780,179.920,539.000,MN.TIR.,41.347,19.863,155.806,1734.004,1779.240,1794.196,397.000,4.997,0.429,0.444,0.495,0.495,0.484,2.300,2.500,0.798,0.717,1.900,0.753,0.753,1.700,0.729,0.753,1.200,0.714,0.753,1.000,0.719,0.753,1.300,0.712,0.753
20110729_0742,-23.780,179.920,539.000,NR.NE011.,52.100,5.814,151.323,1709.683,1749.729,1762.744,398.000,0.000,,,,,,-16.000,-8.000,0.000,0.000,-16.000,0.000,0.000,-16.000,0.000,0.000,-16.000,0.000,0.000,-16.000,0.000,0.000,-16.000,0.000,0.000
20110729_0742,-23.780,179.920,539.000,GU.POPM.,44.045,10.757,157.876,1745.019,1792.744,1808.637,399.000,6.658,0.463,0.525,0.553,0.576,0.564,2.300,2.500,0.957,0.973,2.100,0.870,0.870,1.800,0.897,0.870,1.600,0.895,0.870,1.300,0.892,0.870,1.400,0.893,0.870
20110729_0742,-23.780,179.920,539.000,GB.LRW.,60.136,-1.178,143.636,1666.460,1698.270,1708.327,400.000,4.466,0.732,0.691,0.705,0.701,0.701,0.800,0.900,0.954,0.954,0.300,0.961,0.961,0.000,0.963,0.961,-0.300,0.967,0.961,-0.600,0.966,0.961,-0.400,0.965,0.961
20110729_0742,-23.780,179.920,539.000,KO.VRTB.,39.160,41.456,141.791,1655.802,1685.765,1695.180,401.000,2.105,0.521,0.516,0.495,0.500,0.508,0.100,0.300,0.965,0.978,-0.300,0.765,0.765,-0.300,0.756,0.765,-1.000,0.762,0.765,-0.900,0.749,0.765,-0.600,0.749,0.765
20110729_0742,-23.780,179.920,539.000,IV.DOI.,44.504,7.247,158.430,1747.943,1796.344,1812.492,402.000,4.915,0.597,0.577,0.578,0.586,0.579,1.200,1.600,0.727,0.736,1.300,0.832,0.832,1.200,0.841,0.832,0.900,0.853,0.832,0.700,0.860,0.832,0.800,0.859,0.832
20110729_0742,-23.780,179.920,539.000,IV.SACS.,42.849,11.910,158.511,1748.373,1796.874,1813.061,403.000,5.328,0.556,0.565,0.575,0.579,0.573,2.000,2.100,0.679,0.541,1.800,0.657,0.657,1.700,0.634,0.657,1.300,0.612,0.657,1.100,0.595,0.657,1.300,0.608,0.657
20110729_0742,-23.780,179.920,539.000,IV.GATE.,41.513,14.910,158.305,1747.288,1795.537,1811.628,404.000,2.404,0.115,0.220,0.289,0.286,0.272,3.100,3.400,0.863,0.953,3.200,0.843,0.843,2.800,0.848,0.843,2.500,0.845,0.843,2.400,0.843,0.843,2.500,0.843,0.843
20110729_0742,-23.780,179.920,539.000,MN.CUC.,39.994,15.816,158.974,1750.809,1799.880,1816.282,405.000,3.031,0.354,0.390,0.449,0.458,0.429,2.300,2.400,0.915,0.925,2.100,0.930,0.930,1.900,0.937,0.930,1.500,0.938,0.930,1.300,0.937,0.930,1.600,0.936,0.930
20110729_0742,-23.780,179.920,539.000,KO.EDC.,40.347,27.862,151.305,1709.583,1749.609,1762.616,406.000,4.104,0.598,0.649,0.686,0.684,0.671,2.300,2.500,0.876,0.925,1.900,0.819,0.819,1.400,0.843,0.819,1.000,0.881,0.819,0.900,0.885,0.819,1.100,0.868,0.819
20110729_0742,-23.780,179.920,539.000,XB.PS56.,37.110,-3.437,166.362,1788.753,1847.287,1867.341,407.000,3.491,0.373,0.274,0.304,0.325,0.306,-0.100,0.300,0.901,0.904,0.100,0.577,0.577,0.600,0.508,0.577,-0.900,0.495,0.577,-1.100,0.534,0.577,-0.900,0.498,0.577
20110729_0742,-23.780,179.920,539.000,DK.SUMG.,72.574,-38.462,126.837,1565.297,1582.357,1587.469,408.000,14.303,0.722,0.723,0.724,0.722,0.722,0.500,0.700,0.898,0.898,0.200,0.904,0.904,0.200,0.895,0.904,-0.100,0.904,0.904,0.000,0.903,0.904,0.100,0.899,0.904
20110729_0742,-23.780,179.920,539.000,GR.GOR1.,52.990,11.307,149.541,1699.831,1737.897,1750.183,409.000,0.552,-0.081,-0.044,-0.045,-0.049,-0.044,-8.100,4.700,0.517,0.120,4.300,0.576,0.576,4.000,0.561,0.576,3.700,0.556,0.576,3.500,0.560,0.576,3.500,0.557,0.576
20110729_0742,-23.780,179.920,539.000,KO.MDUB.,40.471,31.198,148.947,1696.525,1733.940,1745.990,410.000,3.113,0.530,0.571,0.650,0.642,0.616,2.300,2.500,0.922,0.928,2.200,0.955,0.955,1.800,0.950,0.955,1.200,0.935,0.955,1.200,0.935,0.955,1.400,0.939,0.955
20110729_0742,-23.780,179.920,539.000,II.SACV.00,14.970,-23.608,156.164,1735.916,1781.577,1796.693,411.000,0.488,0.071,0.236,0.246,0.243,0.238,2.200,3.300,0.762,0.687,6.300,0.485,0.485,-5.000,0.350,0.485,-5.100,0.360,0.485,-5.100,0.354,0.485,-5.000,0.355,0.485
20110729_0742,-23.780,179.920,539.000,II.ESK.00,55.317,-3.205,148.379,1693.349,1730.147,1741.973,412.000,5.951,0.701,0.700,0.705,0.707,0.708,0.400,0.400,0.915,0.940,-0.100,0.815,0.815,-0.100,0.825,0.815,-0.500,0.823,0.815,-0.700,0.825,0.815,-0.500,0.824,0.815
20110729_0742,-23.780,179.920,539.000,NE.PQI.,46.671,-68.019,121.949,1534.144,1547.802,1551.861,413.000,1.177,0.226,0.147,0.158,0.154,0.147,9.000,-2.100,0.479,-0.148,7.200,0.596,0.596,7.000,0.600,0.596,6.600,0.620,0.596,6.900,0.607,0.596,6.900,0.609,0.596
20110729_0742,-23.780,179.920,539.000,CH.HASLI.,46.757,8.151,156.093,1735.538,1781.115,1796.200,414.000,1.262,0.342,0.335,0.365,0.385,0.370,2.100,2.300,0.877,0.793,1.700,0.921,0.921,1.600,0.926,0.921,1.300,0.936,0.921,1.100,0.946,0.921,1.200,0.941,0.921
20110729_0742,-23.780,179.920,539.000,PL.OJC.,50.220,19.798,149.375,1698.908,1736.791,1749.011,415.000,5.564,0.579,0.654,0.677,0.686,0.675,0.900,1.100,0.888,0.900,0.500,0.962,0.962,0.100,0.942,0.962,-0.200,0.940,0.962,-0.300,0.943,0.962,-0.300,0.941,0.962
20110729_0742,-23.780,179.920,539.000,PM.PESTR.,38.867,-7.590,163.621,1774.870,1829.821,1848.471,416.000,7.992,0.725,0.713,0.730,0.736,0.728,0.700,0.800,0.975,0.981,0.800,0.945,0.945,0.400,0.979,0.945,0.200,0.984,0.945,0.000,0.987,0.945,0.100,0.986,0.945
20110729_0742,-23.780,179.920,539.000,TH.VITZ.,50.888,10.092,151.773,1712.154,1752.708,1765.911,417.000,15.104,0.817,0.821,0.819,0.807,0.807,0.100,0.400,0.946,0.930,-0.500,0.930,0.930,-0.500,0.957,0.930,-0.600,0.952,0.930,-0.900,0.950,0.930,-0.800,0.951,0.930
20110729_0742,-23.780,179.920,539.000,SX.GUNZ.,50.363,12.332,151.720,1711.862,1752.357,1765.537,418.000,4.316,0.626,0.684,0.696,0.696,0.701,1.000,1.000,0.967,0.962,0.700,0.889,0.889,0.400,0.894,0.889,0.300,0.896,0.889,0.000,0.899,0.889,0.000,0.900,0.889
20110729_0742,-23.780,179.920,539.000,XB.PM25.,32.876,-4.888,169.972,1806.664,1870.056,1892.068,419.000,5.085,0.704,0.708,0.713,0.709,0.707,0.300,0.500,0.955,0.953,0.300,0.804,0.804,0.000,0.758,0.804,-0.100,0.779,0.804,-0.200,0.801,0.804,-0.200,0.776,0.804
20110729_0742,-23.780,179.920,539.000,KZ.ABKAR.,49.256,59.943,127.151,1567.274,1584.568,1589.753,420.000,2.274,0.622,0.601,0.579,0.593,0.598,0.200,0.500,0.867,0.833,0.000,0.882,0.882,0.000,0.904,0.882,-0.500,0.891,0.882,-0.200,0.892,0.882,-0.100,0.897,0.882
20110729_0742,-23.780,179.920,539.000,TH.MODW.,50.943,12.468,151.156,1708.768,1748.627,1761.573,421.000,8.669,0.804,0.832,0.839,0.832,0.837,0.700,0.800,0.941,0.931,0.300,0.919,0.919,0.100,0.951,0.919,-0.200,0.959,0.919,-0.300,0.957,0.919,-0.300,0.957,0.919
20110729_0742,-23.780,179.920,539.000,IV.SALO.,45.618,10.524,156.535,1737.899,1784.005,1799.289,422.000,4.992,0.487,0.530,0.575,0.585,0.576,1.600,1.600,0.928,0.933,1.400,0.814,0.814,1.200,0.812,0.814,0.900,0.823,0.814,0.800,0.838,0.814,0.800,0.828,0.814
20110729_0742,-23.780,179.920,539.000,IV.BULG.,40.078,15.378,159.145,1751.707,1800.988,1817.471,423.000,3.767,0.477,0.525,0.565,0.571,0.557,1.700,1.700,0.732,0.778,1.800,0.704,0.704,1.500,0.687,0.704,1.200,0.660,0.704,1.100,0.637,0.704,1.200,0.656,0.704
20110729_0742,-23.780,179.920,539.000,IU.TSUM.00,-19.202,17.584,133.695,1607.710,1630.224,1637.102,424.000,1.328,0.250,0.159,0.153,0.136,0.150,-8.400,-4.900,0.491,-0.573,10.800,0.426,0.426,-10.500,0.559,0.426,-10.500,0.562,0.426,-10.600,0.578,0.426,-10.600,0.575,0.426
20110729_0742,-23.780,179.920,539.000,CH.LAUCH.,46.416,7.772,156.500,1737.708,1783.771,1799.038,425.000,5.724,0.440,0.443,0.490,0.515,0.496,1.900,2.300,0.768,0.690,1.600,0.956,0.956,1.500,0.955,0.956,1.200,0.952,0.956,1.000,0.946,0.956,1.100,0.950,0.956
20110729_0742,-23.780,179.920,539.000,DK.NEEM.,77.445,-51.074,121.251,1529.633,1542.840,1546.761,426.000,0.348,0.038,0.023,0.024,0.024,0.024,-11.600,-0.500,0.234,-1.000,-8.600,0.476,0.476,-8.300,0.506,0.476,-8.700,0.500,0.476,-8.400,0.501,0.476,-8.300,0.506,0.476
20110729_0742,-23.780,179.920,539.000,GB.CWF.,52.738,-1.308,151.026,1708.052,1747.766,1760.657,427.000,2.342,-0.204,-0.113,-0.090,-0.073,-0.080,-10.200,-0.700,0.339,-0.419,-6.100,0.572,0.572,-6.200,0.559,0.572,-6.500,0.549,0.572,-6.700,0.547,0.572,-6.600,0.550,0.572
20110729_0742,-23.780,179.920,539.000,GE.GVD.,34.839,24.087,156.291,1736.596,1782.409,1797.583,428.000,5.131,0.623,0.605,0.650,0.638,0.630,1.100,1.200,0.853,0.856,0.700,0.790,0.790,0.600,0.768,0.790,0.200,0.807,0.790,0.200,0.810,0.790,0.300,0.797,0.790
20110729_0742,-23.780,179.920,539.000,NL.1979.,50.971,5.927,152.415,1715.669,1756.953,1770.427,429.000,4.276,0.640,0.556,0.546,0.541,0.546,0.200,0.400,0.917,0.920,0.200,0.826,0.826,-0.400,0.767,0.826,-0.600,0.784,0.826,-0.800,0.803,0.826,-0.700,0.795,0.826
20110729_0742,-23.780,179.920,539.000,GE.IMMV.,35.461,23.981,156.139,1735.782,1781.413,1796.518,430.000,6.681,0.728,0.713,0.736,0.730,0.728,0.600,0.600,0.982,0.977,0.100,0.961,0.961,0.000,0.961,0.961,-0.400,0.966,0.961,-0.400,0.966,0.961,-0.200,0.965,0.961
20110729_0742,-23.780,179.920,539.000,CH.SIMPL.,46.240,8.020,156.612,1738.306,1784.503,1799.821,431.000,6.377,0.434,0.439,0.472,0.499,0.477,2.200,2.100,0.891,0.876,2.100,0.816,0.816,1.900,0.848,0.816,1.700,0.837,0.816,1.500,0.827,0.816,1.600,0.834,0.816
20110729_0742,-23.780,179.920,539.000,IV.GUAR.,41.794,13.312,158.816,1749.979,1798.854,1815.183,432.000,11.837,0.458,0.520,0.562,0.574,0.564,2.300,2.200,0.878,0.891,2.000,0.942,0.942,1.800,0.941,0.942,1.600,0.936,0.942,1.400,0.927,0.942,1.500,0.933,0.942
20110729_0742,-23.780,179.920,539.000,CH.VANNI.,46.210,7.597,156.732,1738.950,1785.292,1800.664,433.000,4.875,0.410,0.487,0.510,0.544,0.545,2.000,2.000,0.737,0.794,1.800,0.905,0.905,1.600,0.919,0.905,1.400,0.922,0.905,1.200,0.925,0.905,1.200,0.928,0.905
20110729_0742,-23.780,179.920,539.000,NL.1982.,50.869,6.085,152.493,1716.096,1757.470,1770.977,434.000,12.325,0.771,0.727,0.712,0.710,0.711,0.600,0.600,0.892,0.910,0.500,0.867,0.867,-0.200,0.826,0.867,-0.300,0.840,0.867,-0.400,0.857,0.867,-0.400,0.850,0.867
20110729_0742,-23.780,179.920,539.000,CU.GRGR.00,12.132,-61.654,120.705,1526.096,1538.957,1542.773,435.000,1.413,0.119,0.033,-0.019,-0.001,0.036,1.500,1.500,0.550,0.718,-1.000,0.568,0.568,6.800,0.573,0.568,6.900,0.549,0.568,6.800,0.559,0.568,6.800,0.576,0.568
20110729_0742,-23.780,179.920,539.000,XB.PM18.,34.150,-4.819,168.836,1801.074,1862.920,1884.304,436.000,3.842,0.164,0.270,0.273,0.279,0.279,-1.100,3.200,0.360,0.210,-2.200,0.672,0.672,-2.100,0.659,0.672,-2.300,0.631,0.672,-2.300,0.597,0.672,-2.200,0.634,0.672
20110729_0742,-23.780,179.920,539.000,OE.OBKA.,46.509,14.549,154.412,1726.507,1770.101,1784.439,437.000,4.480,0.376,0.459,0.486,0.499,0.491,3.300,-2.100,0.683,-0.678,3.500,0.568,0.568,2.900,0.496,0.568,2.800,0.478,0.568,2.600,0.469,0.568,2.600,0.474,0.568
20110729_0742,-23.780,179.920,539.000,MC.GERD.,16.795,-62.194,121.753,1532.878,1546.408,1550.428,438.000,0.440,-0.070,0.030,0.029,0.029,0.030,5.400,4.100,0.690,0.354,-0.700,0.747,0.747,-4.000,0.611,0.747,-3.700,0.598,0.747,-3.700,0.596,0.747,-3.800,0.600,0.747
20110729_0742,-23.780,179.920,539.000,DK.NRS.,61.160,-45.419,131.567,1594.708,1615.449,1621.738,439.000,3.557,0.563,0.617,0.646,0.644,0.629,1.600,1.500,0.927,0.902,1.000,0.812,0.812,0.800,0.814,0.812,0.400,0.829,0.812,0.500,0.824,0.812,0.600,0.820,0.812
20110729_0742,-23.780,179.920,539.000,CH.LLS.,46.847,9.008,155.810,1734.023,1779.263,1794.221,440.000,9.028,0.639,0.680,0.730,0.747,0.731,1.400,1.600,0.959,0.971,1.000,0.920,0.920,0.800,0.919,0.920,0.500,0.934,0.920,0.300,0.949,0.920,0.400,0.942,0.920
20110729_0742,-23.780,179.920,539.000,XB.PM13.,34.672,-4.935,168.317,1798.507,1859.652,1880.753,441.000,3.804,0.414,0.446,0.441,0.435,0.440,-0.400,-3.700,0.632,-0.073,-0.300,0.628,0.628,-0.700,0.633,0.628,-0.900,0.631,0.628,-1.000,0.627,0.628,-0.900,0.632,0.628
20110729_0742,-23.780,179.920,539.000,II.SACV.10,14.970,-23.608,156.164,1735.916,1781.577,1796.693,442.000,1.337,0.112,0.388,0.397,0.393,0.391,2.100,1.700,0.860,0.802,-3.400,0.791,0.791,-5.400,0.666,0.791,-5.700,0.644,0.791,-5.600,0.655,0.791,-5.500,0.667,0.791
20110729_0742,-23.780,179.920,539.000,DK.DAG.,76.771,-18.655,126.230,1561.472,1578.085,1583.057,443.000,8.709,0.744,0.723,0.735,0.733,0.729,0.600,0.800,0.943,0.943,0.500,0.858,0.858,0.400,0.861,0.858,0.100,0.856,0.858,0.300,0.855,0.858,0.300,0.857,0.858
20110729_0742,-23.780,179.920,539.000,II.UOSS.10,24.945,56.204,129.096,1579.430,1598.208,1603.860,444.000,4.877,0.666,0.717,0.727,0.729,0.726,0.800,1.000,0.896,0.889,0.100,0.908,0.908,0.300,0.891,0.908,-0.400,0.870,0.908,0.100,0.880,0.908,0.300,0.884,0.908
20110729_0742,-23.780,179.920,539.000,KO.PTK.,38.892,39.392,143.415,1665.191,1696.777,1706.755,445.000,5.142,0.772,0.742,0.714,0.737,0.736,0.800,0.800,0.970,0.960,0.200,0.919,0.919,-0.200,0.929,0.919,-0.700,0.939,0.919,-0.600,0.937,0.919,-0.500,0.933,0.919
20110729_0742,-23.780,179.920,539.000,TR.SVB.,13.272,-61.252,121.469,1531.040,1544.387,1548.351,446.000,1.989,0.054,0.072,0.084,0.081,0.075,1.400,2.500,0.765,0.820,-2.100,0.385,0.385,-11.600,0.333,0.385,-4.900,0.372,0.385,-4.900,0.357,0.385,-5.100,0.335,0.385
20110729_0742,-23.780,179.920,539.000,DK.NUUG.,71.538,-53.200,123.806,1546.075,1560.973,1565.414,447.000,3.413,0.627,0.525,0.528,0.536,0.528,0.000,0.300,0.670,0.849,-0.100,0.650,0.650,-0.100,0.659,0.650,-0.400,0.631,0.650,-0.300,0.640,0.650,-0.200,0.649,0.650
20110729_0742,-23.780,179.920,539.000,NO.NC405.00,61.113,11.715,141.794,1655.817,1685.783,1695.199,448.000,4.160,0.635,0.587,0.616,0.621,0.615,1.200,1.300,0.991,0.992,0.600,0.763,0.763,0.700,0.766,0.763,0.400,0.766,0.763,0.200,0.751,0.763,0.300,0.754,0.763
20110729_0742,-23.780,179.920,539.000,AF.PWET.,-8.280,28.530,137.470,1630.391,1656.246,1664.255,449.000,1.768,0.241,0.234,0.262,0.277,0.260,0.600,0.000,0.909,0.813,-8.000,0.475,0.475,-7.900,0.452,0.475,-8.100,0.467,0.475,-8.300,0.483,0.475,-8.100,0.469,0.475
20110729_0742,-23.780,179.920,539.000,IV.MGR.,40.138,15.554,159.010,1750.996,1800.110,1816.529,450.000,2.977,0.490,0.556,0.627,0.638,0.606,2.300,2.100,0.872,0.836,1.900,0.821,0.821,1.600,0.826,0.821,1.200,0.822,0.821,0.900,0.820,0.821,1.300,0.819,0.821
20110729_0742,-23.780,179.920,539.000,GE.KMBO.00,-1.127,37.252,136.017,1621.721,1646.258,1653.821,451.000,1.971,0.315,0.346,0.337,0.332,0.335,-0.400,-0.500,0.784,0.832,-1.100,0.685,0.685,-0.800,0.720,0.685,-1.200,0.704,0.685,-1.200,0.700,0.685,-1.100,0.705,0.685
20110729_0742,-23.780,179.920,539.000,II.BORG.10,64.747,-21.327,136.765,1626.191,1651.400,1659.192,452.000,3.578,0.473,0.428,0.457,0.465,0.448,1.200,1.500,0.533,0.467,1.900,0.338,0.338,2.100,0.286,0.338,1.600,0.294,0.338,1.500,0.271,0.338,1.800,0.274,0.338
20110729_0742,-23.780,179.920,539.000,GR.GRB2.,49.270,11.668,152.893,1718.272,1760.104,1773.781,453.000,7.033,0.533,0.627,0.654,0.656,0.668,1.000,1.100,0.968,0.974,1.100,0.880,0.880,0.600,0.840,0.880,0.400,0.844,0.880,0.300,0.844,0.880,0.200,0.843,0.880
20110729_0742,-23.780,179.920,539.000,NA.SMRT.,18.050,-63.075,121.333,1530.164,1543.424,1547.361,454.000,0.634,0.116,0.049,0.041,0.044,0.047,6.700,-3.700,0.391,-0.822,-4.800,0.225,0.225,0.400,0.384,0.225,0.700,0.373,0.225,0.500,0.387,0.225,0.500,0.385,0.225
20110729_0742,-23.780,179.920,539.000,XB.PS23.,37.560,-5.101,165.565,1784.741,1842.224,1861.863,455.000,4.097,0.579,0.500,0.523,0.529,0.521,-0.200,0.000,0.923,0.933,-0.200,0.737,0.737,-0.400,0.769,0.737,-0.600,0.787,0.737,-0.700,0.796,0.737,-0.600,0.782,0.737
20110729_0742,-23.780,179.920,539.000,IV.PRMA.,44.764,10.313,157.372,1742.349,1789.462,1805.125,456.000,4.198,0.421,0.525,0.571,0.595,0.585,1.600,1.700,0.869,0.835,1.600,0.820,0.820,1.300,0.820,0.820,1.100,0.808,0.820,0.800,0.794,0.820,0.900,0.798,0.820
20110729_0742,-23.780,179.920,539.000,XB.PS45.,36.306,-5.716,166.565,1789.771,1848.574,1868.736,457.000,8.181,0.531,0.601,0.610,0.616,0.611,0.500,0.600,0.898,0.919,0.600,0.813,0.813,0.500,0.844,0.813,0.400,0.847,0.813,0.400,0.853,0.813,0.400,0.848,0.813
20110729_0742,-23.780,179.920,539.000,2H.GALE.,13.725,40.394,140.526,1648.423,1677.153,1686.142,458.000,5.489,0.602,0.613,0.602,0.601,0.603,-0.500,-0.200,0.811,0.821,-0.700,0.837,0.837,-0.400,0.820,0.837,-0.900,0.845,0.837,-0.800,0.827,0.837,-0.800,0.828,0.837
20110729_0742,-23.780,179.920,539.000,XB.PS33.,38.157,-4.906,165.045,1782.113,1838.914,1858.284,459.000,10.389,0.653,0.694,0.724,0.731,0.721,0.800,1.000,0.948,0.931,1.000,0.939,0.939,0.800,0.950,0.939,0.600,0.956,0.939,0.500,0.961,0.939,0.600,0.955,0.939
20110729_0742,-23.780,179.920,539.000,CH.DIX.,46.081,7.408,156.895,1739.816,1786.354,1801.800,460.000,1.629,0.291,0.352,0.374,0.379,0.379,1.500,1.600,0.932,0.942,1.300,0.839,0.839,1.000,0.860,0.839,0.800,0.859,0.839,0.600,0.862,0.839,0.700,0.863,0.839
20110729_0742,-23.780,179.920,539.000,IV.SBPO.,45.051,10.920,156.926,1739.978,1786.552,1802.012,461.000,0.464,0.084,0.096,0.106,0.107,0.106,1.100,1.500,0.413,0.561,0.900,0.855,0.855,0.600,0.849,0.855,0.400,0.853,0.855,0.200,0.857,0.855,0.300,0.856,0.855
20110729_0742,-23.780,179.920,539.000,GR.GRA1.,49.691,11.220,152.623,1716.802,1758.325,1771.886,462.000,11.017,0.711,0.747,0.783,0.803,0.780,1.000,1.100,0.936,0.934,1.100,0.943,0.943,0.800,0.923,0.943,0.600,0.926,0.943,0.400,0.925,0.943,0.500,0.924,0.943
20110729_0742,-23.780,179.920,539.000,KO.AFSR.,39.447,33.071,147.976,1691.096,1727.460,1739.129,463.000,2.277,0.520,0.521,0.595,0.579,0.559,1.400,1.900,0.919,0.892,1.300,0.911,0.911,1.100,0.910,0.911,0.600,0.919,0.911,0.600,0.921,0.911,0.800,0.916,0.911
20110729_0742,-23.780,179.920,539.000,NR.NE008.,52.547,6.518,150.798,1706.790,1746.248,1759.045,464.000,1.301,0.118,0.073,0.081,0.079,0.070,0.900,-1.100,0.512,0.047,-1.900,0.927,0.927,-2.100,0.923,0.927,-2.400,0.927,0.927,-2.500,0.929,0.927,-2.500,0.928,0.927
20110729_0742,-23.780,179.920,539.000,MN.TUE.,46.472,9.347,156.075,1735.442,1780.998,1796.075,465.000,8.755,0.522,0.572,0.604,0.636,0.626,2.100,2.200,0.962,0.974,1.600,0.901,0.901,1.400,0.911,0.901,1.300,0.913,0.901,1.100,0.918,0.901,1.100,0.916,0.901
20110729_0742,-23.780,179.920,539.000,SX.WERN.,50.287,12.376,151.777,1712.177,1752.736,1765.940,466.000,9.591,0.677,0.683,0.696,0.692,0.694,0.600,0.900,0.969,0.963,0.400,0.883,0.883,0.300,0.878,0.883,0.000,0.870,0.883,-0.300,0.864,0.883,-0.100,0.873,0.883
20110729_0742,-23.780,179.920,539.000,G.TAM.00,22.791,5.528,174.755,1829.785,1899.852,1924.602,467.000,3.102,0.265,0.263,0.275,0.276,0.263,-0.800,-0.800,0.902,0.880,-1.300,0.602,0.602,-0.900,0.526,0.602,-1.000,0.568,0.602,-0.900,0.556,0.602,-1.000,0.545,0.602
20110729_0742,-23.780,179.920,539.000,IU.ANTO.10,39.868,32.793,148.035,1691.423,1727.850,1739.541,468.000,0.358,0.038,0.019,0.030,0.033,0.026,-0.100,2.000,0.950,0.998,2.700,0.195,0.195,2.400,0.203,0.195,2.000,0.207,0.195,2.100,0.201,0.195,2.200,0.204,0.195
20110729_0742,-23.780,179.920,539.000,IU.GNI.00,40.148,44.741,139.125,1640.194,1667.588,1676.120,469.000,3.324,0.450,0.457,0.506,0.484,0.476,0.900,1.000,0.681,0.764,0.700,0.586,0.586,0.500,0.599,0.586,0.000,0.626,0.586,0.200,0.600,0.586,0.300,0.600,0.586
20110729_0742,-23.780,179.920,539.000,SS.COI.,40.208,-8.412,162.138,1767.265,1820.310,1838.225,470.000,5.286,0.562,0.621,0.636,0.637,0.635,0.800,1.100,0.829,0.853,0.900,0.795,0.795,0.500,0.805,0.795,0.200,0.799,0.795,0.000,0.801,0.795,0.200,0.803,0.795
20110729_0742,-23.780,179.920,539.000,G.SSB.10,45.279,4.542,158.176,1746.605,1794.695,1810.727,471.000,11.237,0.655,0.710,0.739,0.757,0.749,1.100,1.300,0.950,0.954,0.800,0.915,0.915,1.000,0.906,0.915,0.700,0.899,0.915,0.300,0.900,0.915,0.500,0.900,0.915
20110729_0742,-23.780,179.920,539.000,XB.PS39.,39.395,-5.005,163.839,1775.981,1831.213,1849.971,472.000,4.566,0.575,0.582,0.616,0.628,0.617,1.000,1.100,0.978,0.970,0.900,0.966,0.966,0.700,0.955,0.966,0.500,0.960,0.966,0.300,0.961,0.966,0.400,0.959,0.966
20110729_0742,-23.780,179.920,539.000,GU.PCP.,44.541,8.545,158.077,1746.084,1794.054,1810.040,473.000,24.631,0.602,0.676,0.695,0.701,0.701,1.500,1.600,0.926,0.937,0.900,0.915,0.915,0.700,0.934,0.915,0.500,0.932,0.915,0.200,0.926,0.915,0.300,0.929,0.915
20110729_0742,-23.780,179.920,539.000,GB.KESW.,54.589,-3.105,149.109,1697.427,1735.019,1747.133,474.000,7.387,0.699,0.607,0.607,0.608,0.610,0.800,1.200,0.917,0.931,0.500,0.845,0.845,0.200,0.863,0.845,-0.200,0.848,0.845,-0.500,0.834,0.845,-0.300,0.842,0.845
20110729_0742,-23.780,179.920,539.000,NO.SPB4.00,78.179,16.348,125.064,1554.087,1569.861,1574.572,475.000,14.667,0.613,0.603,0.580,0.579,0.581,0.700,0.800,0.921,0.960,0.200,0.708,0.708,0.000,0.679,0.708,-0.600,0.695,0.708,-0.500,0.689,0.708,-0.400,0.683,0.708
20110729_0742,-23.780,179.920,539.000,KO.KDZE.,41.313,31.443,148.442,1693.705,1730.571,1742.422,476.000,2.365,0.471,0.506,0.549,0.547,0.535,1.400,1.900,0.850,0.865,1.200,0.893,0.893,0.900,0.909,0.893,0.400,0.917,0.893,0.400,0.916,0.893,0.600,0.913,0.893
20110729_0742,-23.780,179.920,539.000,IV.RNI2.,41.703,14.152,158.513,1748.381,1796.884,1813.072,477.000,5.328,0.418,0.439,0.498,0.519,0.491,2.500,2.500,0.876,0.921,2.100,0.915,0.915,1.800,0.915,0.915,1.500,0.923,0.915,1.300,0.931,0.915,1.500,0.923,0.915
20110729_0742,-23.780,179.920,539.000,LX.GGNV.,38.718,-9.151,163.191,1772.671,1827.067,1845.502,478.000,3.857,0.536,0.492,0.499,0.500,0.498,0.700,4.800,0.834,-0.734,0.000,0.640,0.640,-0.200,0.681,0.640,-0.400,0.690,0.640,-0.600,0.703,0.640,-0.500,0.693,0.640
20110729_0742,-23.780,179.920,539.000,IV.AOI.,43.550,13.602,157.255,1741.730,1788.702,1804.311,479.000,5.810,0.297,0.376,0.405,0.434,0.428,2.000,2.200,0.850,0.880,1.900,0.929,0.929,1.600,0.947,0.929,1.400,0.957,0.929,1.200,0.967,0.929,1.300,0.962,0.929
20110729_0742,-23.780,179.920,539.000,CR.ZAG.,45.829,15.994,154.413,1726.512,1770.107,1784.446,480.000,1.935,0.582,0.612,0.611,0.611,0.615,1.300,1.300,0.879,0.890,1.100,0.880,0.880,0.300,0.905,0.880,0.100,0.923,0.880,-0.100,0.933,0.880,0.000,0.925,0.880
20110729_0742,-23.780,179.920,539.000,IV.CAGR.,37.622,14.500,161.373,1763.317,1815.387,1832.930,481.000,2.468,0.453,0.459,0.431,0.424,0.435,0.100,0.100,0.884,0.917,-0.100,0.946,0.946,-0.400,0.929,0.946,-0.600,0.918,0.946,-0.800,0.910,0.946,-0.600,0.916,0.946
20110729_0742,-23.780,179.920,539.000,IV.PALZ.,40.944,15.960,158.210,1746.786,1794.919,1810.966,482.000,4.414,0.433,0.493,0.528,0.525,0.518,2.200,2.200,0.817,0.824,1.900,0.744,0.744,1.400,0.724,0.744,1.100,0.710,0.744,1.000,0.695,0.744,1.100,0.706,0.744
20110729_0742,-23.780,179.920,539.000,NR.NE004.,52.157,4.379,151.418,1710.208,1750.362,1763.417,483.000,6.060,0.705,0.699,0.717,0.724,0.723,1.000,1.100,0.923,0.929,0.600,0.901,0.901,0.600,0.892,0.901,0.400,0.897,0.901,0.100,0.900,0.901,0.200,0.900,0.901
20110729_0742,-23.780,179.920,539.000,KO.SLVT.,41.229,28.210,150.667,1706.067,1745.379,1758.122,484.000,3.155,0.533,0.609,0.680,0.665,0.644,2.700,2.500,0.807,0.836,2.300,0.767,0.767,1.700,0.730,0.767,1.200,0.724,0.767,1.100,0.732,0.767,1.300,0.728,0.767
20110729_0742,-23.780,179.920,539.000,II.SHEL.10,-15.959,-5.746,139.877,1644.619,1672.727,1681.502,485.000,1.865,0.261,0.179,0.179,0.197,0.179,-6.300,-2.900,0.635,-0.556,-10.600,0.489,0.489,-10.200,0.431,0.489,-10.200,0.436,0.489,-10.500,0.475,0.489,-10.500,0.471,0.489
20110729_0742,-23.780,179.920,539.000,IP.PMST.,38.737,-9.183,163.162,1772.524,1826.884,1845.304,486.000,1.157,0.357,0.355,0.363,0.364,0.362,0.500,4.700,0.836,-0.669,0.000,0.782,0.782,-0.300,0.819,0.782,-0.500,0.824,0.782,-0.800,0.832,0.782,-0.600,0.827,0.782
20110729_0742,-23.780,179.920,539.000,XB.PM40.,34.908,-2.210,168.720,1800.500,1862.188,1883.508,487.000,4.941,0.672,0.627,0.629,0.610,0.624,0.000,-3.900,0.859,-0.735,-0.100,0.850,0.850,-0.100,0.908,0.850,-0.300,0.886,0.850,-0.500,0.851,0.850,-0.400,0.872,0.850
20110729_0742,-23.780,179.920,539.000,IV.MTRZ.,44.313,11.425,157.416,1742.581,1789.747,1805.430,488.000,6.863,0.455,0.522,0.547,0.564,0.565,2.100,2.300,0.946,0.988,2.000,0.909,0.909,1.700,0.920,0.909,1.500,0.918,0.909,1.200,0.918,0.909,1.300,0.917,0.909
20110729_0742,-23.780,179.920,539.000,IV.GROG.,43.426,9.892,158.709,1749.413,1798.156,1814.435,489.000,10.351,0.611,0.634,0.675,0.688,0.679,1.700,1.700,0.948,0.924,1.500,0.864,0.864,1.300,0.859,0.864,1.000,0.858,0.864,0.900,0.863,0.864,1.000,0.860,0.864
20110729_0742,-23.780,179.920,539.000,EI.IGLA.,53.419,-9.375,149.541,1699.833,1737.899,1750.186,490.000,4.632,0.426,0.375,0.358,0.356,0.358,0.400,4.700,0.934,-0.351,-0.600,0.675,0.675,-0.800,0.637,0.675,-1.200,0.597,0.675,-1.500,0.571,0.675,-1.300,0.587,0.675
20110729_0742,-23.780,179.920,539.000,RO.VRI.,45.866,26.728,149.108,1697.423,1735.014,1747.128,491.000,4.788,0.445,0.581,0.649,0.652,0.635,2.100,2.500,0.917,0.900,1.700,0.870,0.870,1.100,0.863,0.870,0.700,0.862,0.870,0.600,0.863,0.870,0.700,0.862,0.870
20110729_0742,-23.780,179.920,539.000,HU.BEHE.,46.471,16.776,153.576,1721.985,1764.605,1778.577,492.000,0.425,0.077,0.072,0.073,0.072,0.073,1.800,-3.000,0.573,0.881,2.000,0.551,0.551,2.000,0.556,0.551,1.800,0.547,0.551,1.800,0.532,0.551,1.800,0.540,0.551
20110729_0742,-23.780,179.920,539.000,XB.PM39.,34.889,-2.610,168.675,1800.281,1861.910,1883.206,493.000,6.823,0.718,0.611,0.617,0.606,0.613,0.200,0.300,0.798,0.831,0.300,0.768,0.768,0.300,0.606,0.768,0.100,0.566,0.768,-0.100,0.515,0.768,0.100,0.545,0.768
20110729_0742,-23.780,179.920,539.000,2H.KOZE.,12.495,40.985,139.539,1642.634,1670.421,1679.086,494.000,5.289,0.715,0.744,0.738,0.747,0.744,0.500,0.500,0.878,0.909,-0.100,0.871,0.871,0.100,0.863,0.871,-0.500,0.848,0.871,-0.200,0.861,0.871,-0.200,0.860,0.871
20110729_0742,-23.780,179.920,539.000,GR.GRA2.,49.654,11.358,152.622,1716.796,1758.317,1771.878,495.000,7.404,0.677,0.713,0.753,0.777,0.765,1.400,1.500,0.957,0.958,1.500,0.958,0.958,1.100,0.940,0.958,0.900,0.941,0.958,0.700,0.941,0.958,0.700,0.939,0.958
20110729_0742,-23.780,179.920,539.000,FR.SMPL.00,42.095,9.285,160.101,1756.710,1807.179,1824.112,496.000,6.054,0.497,0.540,0.581,0.598,0.581,1.600,1.900,0.927,0.922,1.600,0.944,0.944,1.400,0.943,0.944,1.200,0.935,0.944,0.900,0.924,0.944,1.100,0.932,0.944
20110729_0742,-23.780,179.920,539.000,NO.NBO00.00,61.031,10.777,142.005,1657.040,1687.214,1696.701,497.000,9.967,0.718,0.686,0.708,0.710,0.706,1.100,1.400,0.903,0.888,0.600,0.863,0.863,0.600,0.868,0.863,0.400,0.871,0.863,0.200,0.859,0.863,0.300,0.863,0.863
20110729_0742,-23.780,179.920,539.000,GE.PSZ.,47.918,19.894,151.124,1708.590,1748.413,1761.345,498.000,5.977,0.623,0.600,0.606,0.604,0.600,1.300,1.900,0.886,0.814,1.000,0.794,0.794,0.500,0.876,0.794,0.200,0.890,0.794,0.000,0.891,0.794,0.200,0.887,0.794
20110729_0742,-23.780,179.920,539.000,KO.ENEZ.,40.736,26.153,152.265,1714.850,1755.963,1769.373,499.000,2.335,0.190,0.217,0.282,0.277,0.251,3.200,3.100,0.846,0.867,3.000,0.851,0.851,2.600,0.833,0.851,2.200,0.822,0.851,2.100,0.817,0.851,2.300,0.824,0.851
20110729_0742,-23.780,179.920,539.000,IV.BDI.,44.062,10.597,157.913,1745.213,1792.982,1808.893,500.000,8.016,0.491,0.532,0.554,0.576,0.566,2.800,2.800,0.877,0.901,2.500,0.933,0.933,2.100,0.926,0.933,1.900,0.931,0.933,1.700,0.939,0.933,1.800,0.937,0.933
20110729_0742,-23.780,179.920,539.000,ZP.MPIK.02,-11.821,31.452,132.910,1602.928,1624.778,1631.435,501.000,1.005,0.315,0.246,0.254,0.259,0.252,0.900,-4.200,0.585,-0.952,-0.600,0.706,0.706,-0.700,0.690,0.706,-0.800,0.686,0.706,-1.000,0.678,0.706,-0.900,0.682,0.706
20110729_0742,-23.780,179.920,539.000,GU.RORO.,44.112,8.066,158.601,1748.848,1797.459,1813.688,502.000,4.712,0.473,0.519,0.566,0.596,0.574,1.700,1.600,0.909,0.877,1.600,0.747,0.747,1.700,0.760,0.747,1.400,0.759,0.747,1.100,0.763,0.747,1.300,0.761,0.747
20110729_0742,-23.780,179.920,539.000,GU.IMI.,43.910,7.893,158.834,1750.072,1798.970,1815.306,503.000,6.111,0.660,0.720,0.741,0.744,0.744,1.500,1.300,0.814,0.792,1.300,0.816,0.816,1.200,0.827,0.816,1.000,0.828,0.816,0.800,0.827,0.816,0.900,0.829,0.816
20110729_0742,-23.780,179.920,539.000,XB.PM24.,32.995,-4.898,169.860,1806.119,1869.359,1891.309,504.000,12.037,0.694,0.683,0.688,0.682,0.688,0.100,0.300,0.826,0.818,-0.300,0.712,0.712,-0.600,0.662,0.712,-0.700,0.688,0.712,-0.900,0.719,0.712,-0.700,0.689,0.712
20110729_0742,-23.780,179.920,539.000,IV.MSCL.,38.232,15.790,160.213,1757.293,1807.902,1824.889,505.000,2.828,0.376,0.413,0.437,0.438,0.432,1.000,0.900,0.878,0.886,0.700,0.806,0.806,0.500,0.809,0.806,0.200,0.798,0.806,0.100,0.794,0.806,0.200,0.797,0.806
20110729_0742,-23.780,179.920,539.000,CH.ZUR.,47.369,8.581,155.419,1731.924,1776.700,1791.484,506.000,4.342,0.605,0.656,0.694,0.711,0.703,1.500,1.500,0.959,0.945,1.200,0.946,0.946,0.700,0.926,0.946,0.600,0.921,0.946,0.300,0.923,0.946,0.300,0.924,0.946
20110729_0742,-23.780,179.920,539.000,GE.SANT.,36.371,25.459,154.683,1727.968,1771.879,1786.337,507.000,3.389,0.483,0.450,0.521,0.500,0.490,1.300,1.300,0.744,0.757,2.000,0.776,0.776,1.800,0.756,0.776,1.400,0.804,0.776,1.500,0.798,0.776,1.500,0.786,0.776
20110729_0742,-23.780,179.920,539.000,FR.RENF.00,48.119,-1.635,155.630,1733.057,1778.083,1792.961,508.000,1.910,0.472,0.408,0.410,0.411,0.407,0.000,0.400,0.633,0.523,-0.200,0.550,0.550,-0.200,0.448,0.550,-0.500,0.437,0.550,-0.900,0.435,0.550,-0.700,0.435,0.550
20110729_0742,-23.780,179.920,539.000,KO.HRTX.,40.801,29.673,149.869,1701.653,1740.080,1752.499,509.000,4.851,0.625,0.617,0.668,0.661,0.649,1.300,1.700,0.931,0.910,0.900,0.861,0.861,0.400,0.826,0.861,-0.200,0.811,0.861,-0.100,0.816,0.861,0.000,0.816,0.861
20110729_0742,-23.780,179.920,539.000,6H.PNG.,-19.002,34.233,125.688,1558.046,1574.265,1579.115,510.000,2.067,0.547,0.576,0.573,0.564,0.571,0.600,0.800,0.896,0.898,0.000,0.900,0.900,-0.100,0.864,0.900,-0.100,0.872,0.900,-0.100,0.887,0.900,-0.100,0.875,0.900
20110729_0742,-23.780,179.920,539.000,IV.PESA.,43.941,12.840,157.227,1741.579,1788.517,1804.114,511.000,4.271,0.411,0.474,0.534,0.548,0.533,2.100,2.000,0.844,0.859,1.900,0.827,0.827,1.600,0.841,0.827,1.300,0.830,0.827,1.100,0.828,0.827,1.200,0.829,0.827
20110729_0742,-23.780,179.920,539.000,KO.TVSB.,39.450,29.462,150.572,1705.544,1744.750,1757.455,512.000,10.330,0.620,0.633,0.655,0.649,0.649,1.000,1.300,0.971,0.970,0.600,0.937,0.937,0.400,0.935,0.937,-0.300,0.933,0.937,-0.300,0.939,0.937,-0.100,0.934,0.937
20110729_0742,-23.780,179.920,539.000,SX.SCHF.,50.677,12.403,151.415,1710.191,1750.342,1763.395,513.000,19.541,0.689,0.695,0.699,0.689,0.692,0.400,0.500,0.979,0.982,-0.100,0.849,0.849,-0.200,0.865,0.849,-0.500,0.854,0.849,-0.700,0.852,0.849,-0.600,0.860,0.849
20110729_0742,-23.780,179.920,539.000,GB.LMK.,53.457,-0.326,150.323,1704.166,1743.095,1755.698,514.000,5.760,0.630,0.601,0.593,0.588,0.592,0.600,-2.700,0.830,-0.832,0.200,0.769,0.769,0.100,0.834,0.769,0.000,0.850,0.769,-0.300,0.852,0.769,-0.200,0.849,0.769
20110729_0742,-23.780,179.920,539.000,GE.DAMY.,14.573,44.392,137.177,1628.649,1654.235,1662.153,515.000,3.758,0.609,0.610,0.581,0.597,0.597,-1.100,-0.600,0.755,0.699,-2.200,0.657,0.657,-1.700,0.657,0.657,-2.500,0.719,0.657,-2.100,0.689,0.657,-2.300,0.690,0.657
20110729_0742,-23.780,179.920,539.000,GR.GRB5.,49.111,11.675,153.035,1719.050,1761.046,1774.784,516.000,7.353,0.525,0.621,0.663,0.670,0.677,1.300,1.500,0.989,0.991,1.200,0.915,0.915,0.700,0.890,0.915,0.600,0.890,0.915,0.400,0.887,0.915,0.400,0.888,0.915
20110729_0742,-23.780,179.920,539.000,GR.LDAU.,49.182,8.127,153.792,1723.153,1766.024,1780.090,517.000,6.114,0.805,0.812,0.814,0.802,0.808,0.400,0.500,0.965,0.969,-0.300,0.920,0.920,-0.200,0.920,0.920,-0.500,0.921,0.920,-0.800,0.927,0.920,-0.600,0.923,0.920
20110729_0742,-23.780,179.920,539.000,NO.SPB2.00,78.174,16.385,125.066,1554.100,1569.875,1574.587,518.000,15.972,0.616,0.605,0.585,0.582,0.585,0.700,0.800,0.919,0.959,0.200,0.702,0.702,0.100,0.674,0.702,-0.500,0.683,0.702,-0.400,0.677,0.702,-0.300,0.672,0.702
20110729_0742,-23.780,179.920,539.000,SX.NEUB.,51.194,11.772,151.101,1708.464,1748.262,1761.184,519.000,10.097,0.829,0.845,0.833,0.825,0.828,0.400,0.500,0.898,0.896,-0.200,0.930,0.930,-0.300,0.951,0.930,-0.600,0.954,0.930,-0.800,0.950,0.930,-0.700,0.950,0.930
20110729_0742,-23.780,179.920,539.000,XB.PM38.,34.839,-2.874,168.678,1800.294,1861.926,1883.223,520.000,10.563,0.741,0.661,0.665,0.651,0.659,-0.100,0.200,0.758,0.734,0.200,0.706,0.706,0.000,0.612,0.706,-0.100,0.577,0.706,-0.200,0.527,0.706,-0.100,0.563,0.706
20110729_0742,-23.780,179.920,539.000,KZ.AKTO.,50.435,58.016,128.235,1574.063,1592.178,1597.620,521.000,7.454,0.777,0.759,0.746,0.759,0.760,0.200,0.300,0.849,0.821,-0.100,0.938,0.938,-0.100,0.923,0.938,-0.600,0.928,0.938,-0.300,0.930,0.938,-0.300,0.927,0.938
20110729_0742,-23.780,179.920,539.000,RO.MLR.,45.491,25.945,149.770,1701.107,1739.425,1751.803,522.000,3.147,0.306,0.350,0.416,0.408,0.391,3.200,-3.000,0.463,-0.626,-8.300,0.540,0.540,-8.600,0.505,0.540,-9.000,0.478,0.540,-9.000,0.475,0.540,-8.900,0.483,0.540
20110729_0742,-23.780,179.920,539.000,NO.SPB5.00,78.182,16.368,125.059,1554.058,1569.829,1574.539,523.000,15.463,0.621,0.606,0.592,0.587,0.592,0.700,0.800,0.920,0.960,0.200,0.711,0.711,0.000,0.675,0.711,-0.500,0.693,0.711,-0.400,0.687,0.711,-0.300,0.681,0.711
20110729_0742,-23.780,179.920,539.000,OE.MYKA.,46.630,13.642,154.634,1727.704,1771.558,1785.994,524.000,4.489,0.214,0.268,0.308,0.326,0.304,1.400,2.800,0.593,0.656,3.100,0.608,0.608,2.600,0.575,0.608,2.300,0.563,0.608,2.000,0.552,0.608,2.200,0.558,0.608
20110729_0742,-23.780,179.920,539.000,IV.NRCA.,42.834,13.114,158.048,1745.930,1793.865,1809.837,525.000,13.875,0.512,0.572,0.610,0.627,0.619,2.600,2.700,0.929,0.946,2.300,0.924,0.924,1.900,0.910,0.924,1.700,0.906,0.924,1.500,0.897,0.924,1.600,0.903,0.924
20110729_0742,-23.780,179.920,539.000,XB.PS24.,37.607,-5.403,165.442,1784.120,1841.441,1861.016,526.000,6.412,0.608,0.516,0.531,0.539,0.531,-0.200,-0.200,0.517,0.437,-0.300,0.462,0.462,5.200,0.482,0.462,5.000,0.503,0.462,4.800,0.525,0.462,5.000,0.501,0.462
20110729_0742,-23.780,179.920,539.000,NO.NC602.00,60.735,11.541,142.179,1658.054,1688.401,1697.949,527.000,5.506,0.755,0.759,0.784,0.790,0.782,1.200,1.100,0.916,0.900,0.700,0.937,0.937,0.500,0.939,0.937,0.300,0.941,0.937,0.100,0.946,0.937,0.200,0.945,0.937
20110729_0742,-23.780,179.920,539.000,ZP.GABZ.02,-12.171,26.367,135.717,1619.921,1644.190,1651.663,528.000,0.675,0.102,0.126,0.125,0.121,0.124,2.100,2.100,0.532,0.946,0.600,0.453,0.453,0.800,0.469,0.453,0.700,0.470,0.453,0.500,0.469,0.453,0.600,0.473,0.453
20110729_0742,-23.780,179.920,539.000,GU.TRAV.,45.513,7.747,157.361,1742.290,1789.390,1805.048,529.000,11.154,0.621,0.673,0.719,0.734,0.724,1.400,1.700,0.932,0.932,1.500,0.874,0.874,1.100,0.881,0.874,0.800,0.872,0.874,0.600,0.861,0.874,0.700,0.863,0.874
20110729_0742,-23.780,179.920,539.000,KO.SVAN.,38.151,41.198,142.175,1658.031,1688.374,1697.920,530.000,6.510,0.816,0.801,0.794,0.807,0.805,1.000,1.000,0.945,0.933,0.500,0.953,0.953,0.500,0.952,0.953,-0.200,0.933,0.953,0.000,0.936,0.953,0.100,0.942,0.953
20110729_0742,-23.780,179.920,539.000,GE.RUE.,52.476,13.780,149.424,1699.180,1737.116,1749.356,531.000,7.421,0.743,0.734,0.727,0.728,0.724,0.400,0.600,0.962,0.956,-0.100,0.965,0.965,-0.400,0.947,0.965,-0.700,0.947,0.965,-0.800,0.952,0.965,-0.800,0.950,0.965
20110729_0742,-23.780,179.920,539.000,GU.ROTM.,44.849,8.353,157.840,1744.828,1792.508,1808.385,532.000,7.244,0.424,0.509,0.530,0.533,0.534,1.700,1.500,0.825,0.790,1.400,0.819,0.819,1.100,0.823,0.819,0.800,0.814,0.819,0.600,0.801,0.819,0.700,0.806,0.819
20110729_0742,-23.780,179.920,539.000,CH.VDL.,46.483,9.450,156.039,1735.248,1780.760,1795.821,533.000,2.029,0.428,0.465,0.508,0.520,0.512,2.000,2.100,0.970,0.972,1.500,0.917,0.917,1.400,0.926,0.917,1.100,0.932,0.917,1.000,0.937,0.917,1.000,0.934,0.917
20110729_0742,-23.780,179.920,539.000,KO.ERIK.,40.671,26.513,152.059,1713.723,1754.602,1767.925,534.000,2.177,0.429,0.458,0.520,0.517,0.494,2.800,2.800,0.912,0.879,2.600,0.876,0.876,2.200,0.875,0.876,1.800,0.896,0.876,1.600,0.900,0.876,1.800,0.891,0.876
20110729_0742,-23.780,179.920,539.000,IS.AMAZ.,31.532,34.915,148.194,1692.316,1728.914,1740.668,535.000,1.567,0.446,0.404,0.397,0.418,0.414,1.100,1.200,0.770,0.707,0.700,0.833,0.833,0.900,0.850,0.833,0.300,0.823,0.833,0.500,0.843,0.833,0.700,0.848,0.833
20110729_0742,-23.780,179.920,539.000,IV.TERO.,42.623,13.604,158.017,1745.765,1793.662,1809.620,536.000,5.397,0.551,0.582,0.624,0.637,0.627,1.700,1.700,0.939,0.946,1.300,0.956,0.956,0.800,0.956,0.956,0.600,0.963,0.956,0.400,0.967,0.956,0.500,0.964,0.956
20110729_0742,-23.780,179.920,539.000,CZ.PRU.,49.988,14.542,151.419,1710.210,1750.365,1763.419,537.000,10.756,0.681,0.710,0.743,0.747,0.745,1.100,1.400,0.938,0.920,0.500,0.856,0.856,0.400,0.914,0.856,0.200,0.923,0.856,-0.100,0.924,0.856,0.000,0.922,0.856
20110729_0742,-23.780,179.920,539.000,IV.ATPC.,43.481,12.457,157.764,1744.428,1792.017,1807.859,538.000,5.512,0.491,0.556,0.587,0.603,0.590,2.400,2.400,0.960,0.970,1.900,0.908,0.908,1.500,0.912,0.908,1.200,0.912,0.908,1.100,0.910,0.908,1.200,0.910,0.908
20110729_0742,-23.780,179.920,539.000,RD.MTT2.,43.341,2.217,160.348,1757.993,1808.770,1825.821,539.000,9.501,0.634,0.676,0.685,0.693,0.691,0.900,0.900,0.977,0.982,1.100,0.925,0.925,0.700,0.959,0.925,0.600,0.958,0.925,0.400,0.952,0.925,0.400,0.955,0.925
20110729_0742,-23.780,179.920,539.000,IU.RCBR.10,-5.827,-35.901,134.205,1610.803,1633.753,1640.778,540.000,1.822,0.206,0.290,0.292,0.292,0.290,-0.400,-4.100,0.862,-0.238,0.600,0.685,0.685,0.800,0.637,0.685,0.700,0.640,0.685,0.700,0.641,0.685,0.800,0.640,0.685
20110729_0742,-23.780,179.920,539.000,XB.PS08.,36.741,-4.643,166.458,1789.233,1847.894,1868.000,541.000,0.347,-0.024,-0.004,-0.002,-0.000,-0.002,-10.400,-4.500,0.208,0.625,-8.100,0.426,0.426,-8.700,0.256,0.426,-8.800,0.257,0.426,-9.000,0.262,0.426,-8.900,0.257,0.426
20110729_0742,-23.780,179.920,539.000,XB.PS11.,36.873,-4.681,166.323,1788.558,1847.041,1867.075,542.000,6.210,0.495,0.463,0.494,0.508,0.495,0.200,1.000,0.881,0.844,1.300,0.651,0.651,0.800,0.839,0.651,0.700,0.816,0.651,0.700,0.780,0.651,0.700,0.821,0.651
20110729_0742,-23.780,179.920,539.000,IV.MESG.,40.589,17.850,157.446,1742.744,1789.947,1805.643,543.000,4.965,0.407,0.442,0.522,0.530,0.501,1.700,1.900,0.848,0.895,1.500,0.723,0.723,1.200,0.715,0.723,0.800,0.718,0.723,0.700,0.726,0.723,0.800,0.714,0.723
20110729_0742,-23.780,179.920,539.000,CH.BNALP.,46.870,8.425,155.924,1734.635,1780.011,1795.021,544.000,2.559,0.466,0.505,0.563,0.591,0.568,1.800,1.800,0.921,0.921,1.400,0.909,0.909,1.200,0.929,0.909,1.000,0.938,0.909,0.700,0.943,0.909,0.900,0.941,0.909
20110729_0742,-23.780,179.920,539.000,KO.YEDI.,39.438,40.544,142.426,1659.480,1690.072,1699.704,545.000,3.358,0.761,0.753,0.728,0.737,0.747,0.000,0.100,0.855,0.871,-0.400,0.895,0.895,-0.600,0.901,0.895,-1.100,0.898,0.895,-1.000,0.905,0.895,-0.800,0.907,0.895
20110729_0742,-23.780,179.920,539.000,CN.GGN.,45.118,-66.842,122.717,1539.091,1553.253,1557.467,546.000,4.626,0.696,0.652,0.636,0.663,0.653,-0.200,0.300,0.838,0.764,-0.100,0.934,0.934,-0.400,0.941,0.934,-0.900,0.935,0.934,-0.500,0.941,0.934,-0.500,0.939,0.934
20110729_0742,-23.780,179.920,539.000,MN.IDI.,35.288,24.890,155.516,1732.448,1777.339,1792.166,547.000,8.024,0.734,0.707,0.718,0.716,0.715,0.800,0.900,0.963,0.968,0.500,0.955,0.955,0.300,0.965,0.955,-0.100,0.955,0.955,-0.100,0.958,0.955,0.000,0.962,0.955
20110729_0742,-23.780,179.920,539.000,IU.PAB.00,39.545,-4.350,163.827,1775.923,1831.140,1849.893,548.000,6.379,0.615,0.613,0.638,0.644,0.639,0.100,0.700,0.840,0.771,0.200,0.813,0.813,0.000,0.751,0.813,-0.200,0.755,0.813,-0.400,0.761,0.813,-0.300,0.756,0.813
20110729_0742,-23.780,179.920,539.000,IV.SSFR.,43.436,12.782,157.677,1743.964,1791.446,1807.248,549.000,4.718,0.555,0.643,0.678,0.682,0.674,1.700,1.800,0.946,0.965,1.400,0.909,0.909,0.900,0.924,0.909,0.700,0.918,0.909,0.600,0.910,0.909,0.700,0.914,0.909
20110729_0742,-23.780,179.920,539.000,GR.WET.,49.145,12.880,152.667,1717.041,1758.613,1772.193,550.000,6.636,0.634,0.679,0.728,0.744,0.726,1.400,1.300,0.953,0.933,1.300,0.830,0.830,1.000,0.787,0.830,0.700,0.792,0.830,0.500,0.793,0.830,0.600,0.789,0.830
20110729_0742,-23.780,179.920,539.000,GE.KBS.10,78.915,11.939,124.596,1551.112,1566.556,1571.166,551.000,4.583,0.723,0.692,0.675,0.682,0.685,-0.200,0.100,0.883,0.928,-0.300,0.895,0.895,-0.500,0.893,0.895,-0.800,0.882,0.895,-0.600,0.885,0.895,-0.600,0.887,0.895
20110729_0742,-23.780,179.920,539.000,NO.NC204.00,61.276,10.763,141.771,1655.684,1685.628,1695.036,552.000,3.031,0.725,0.690,0.707,0.705,0.704,0.700,1.000,0.976,0.970,0.200,0.835,0.835,0.400,0.838,0.835,0.100,0.833,0.835,-0.200,0.818,0.835,0.000,0.822,0.835
20110729_0742,-23.780,179.920,539.000,XB.PS41.,36.667,-5.944,166.161,1787.740,1846.008,1865.957,553.000,5.740,0.723,0.693,0.692,0.691,0.696,-0.900,-1.100,0.899,0.853,-0.600,0.826,0.826,-0.700,0.896,0.826,-0.900,0.902,0.826,-1.100,0.911,0.826,-0.900,0.905,0.826
20110729_0742,-23.780,179.920,539.000,RO.VOIR.,45.437,25.049,150.300,1704.042,1742.946,1755.539,554.000,4.558,0.566,0.546,0.575,0.570,0.565,2.100,2.400,0.973,0.977,1.200,0.778,0.778,0.400,0.795,0.778,0.100,0.803,0.778,0.000,0.796,0.778,0.100,0.795,0.778
20110729_0742,-23.780,179.920,539.000,II.BORG.00,64.747,-21.327,136.765,1626.191,1651.400,1659.192,555.000,3.675,0.486,0.439,0.469,0.477,0.460,1.200,1.500,0.538,0.470,1.900,0.326,0.326,2.100,0.274,0.326,1.600,0.281,0.326,1.400,0.257,0.326,1.800,0.261,0.326
20110729_0742,-23.780,179.920,539.000,II.ABKT.00,37.930,58.119,128.920,1578.331,1596.972,1602.581,556.000,5.568,0.838,0.832,0.804,0.828,0.833,0.300,0.500,0.970,0.977,0.100,0.912,0.912,0.000,0.917,0.912,-0.800,0.902,0.912,-0.400,0.908,0.912,-0.200,0.912,0.912
20110729_0742,-23.780,179.920,539.000,KO.CTKS.,41.237,28.507,150.464,1704.950,1744.036,1756.697,557.000,3.677,0.440,0.457,0.482,0.479,0.470,2.500,2.000,0.541,0.576,1.600,0.646,0.646,1.000,0.628,0.646,0.600,0.636,0.646,0.500,0.629,0.646,0.700,0.626,0.646
20110729_0742,-23.780,179.920,539.000,IV.MRLC.,40.756,15.489,158.590,1748.787,1797.385,1813.608,558.000,4.946,0.538,0.506,0.515,0.508,0.516,-0.400,1.200,0.643,0.466,0.500,0.763,0.763,0.100,0.769,0.763,-0.300,0.762,0.763,-0.400,0.746,0.763,-0.300,0.756,0.763
20110729_0742,-23.780,179.920,539.000,XB.PS03.,36.393,-5.415,166.575,1789.821,1848.637,1868.805,559.000,8.268,0.591,0.624,0.651,0.671,0.657,0.600,0.600,0.946,0.931,0.600,0.882,0.882,0.400,0.927,0.882,0.400,0.931,0.882,0.300,0.935,0.882,0.300,0.931,0.882
20110729_0742,-23.780,179.920,539.000,FR.ATE.00,43.086,-0.701,160.687,1759.761,1810.965,1828.177,560.000,3.642,0.598,0.567,0.590,0.611,0.603,1.300,1.300,0.864,0.880,1.500,0.709,0.709,1.400,0.785,0.709,1.200,0.764,0.709,1.000,0.738,0.709,1.000,0.748,0.709
20110729_0742,-23.780,179.920,539.000,XB.PS05.,36.646,-5.094,166.430,1789.094,1847.719,1867.809,561.000,8.988,0.652,0.652,0.697,0.716,0.696,0.900,1.000,0.975,0.974,1.300,0.936,0.936,0.700,0.853,0.936,0.500,0.847,0.936,0.400,0.841,0.936,0.500,0.847,0.936
20110729_0742,-23.780,179.920,539.000,XB.PS46.,36.824,-4.341,166.452,1789.203,1847.856,1867.958,562.000,6.350,0.360,0.383,0.410,0.429,0.416,1.400,2.100,0.884,0.846,1.700,0.776,0.776,1.400,0.718,0.776,1.300,0.705,0.776,1.300,0.694,0.776,1.200,0.706,0.776
20110729_0742,-23.780,179.920,539.000,IV.PTMD.,36.789,11.993,163.361,1773.538,1828.153,1846.672,563.000,2.074,0.460,0.488,0.494,0.497,0.492,0.500,4.800,0.778,-0.395,0.200,0.564,0.564,0.000,0.532,0.564,-0.200,0.535,0.564,-0.400,0.543,0.564,-0.300,0.535,0.564
20110729_0742,-23.780,179.920,539.000,ZP.SHWG.02,-11.193,31.740,133.197,1604.683,1626.775,1633.512,564.000,2.030,0.370,0.370,0.375,0.366,0.373,0.900,0.800,0.866,0.800,-0.200,0.960,0.960,-0.200,0.949,0.960,-0.300,0.947,0.960,-0.600,0.949,0.960,-0.300,0.947,0.960
20110729_0742,-23.780,179.920,539.000,PM.PVAQ.,37.404,-7.717,164.887,1781.312,1837.907,1857.196,565.000,8.843,0.728,0.661,0.679,0.680,0.678,0.400,0.500,0.983,0.968,0.300,0.983,0.983,0.200,0.958,0.983,0.100,0.953,0.983,-0.100,0.950,0.983,-0.100,0.953,0.983
20110729_0742,-23.780,179.920,539.000,NL.HGN.02,50.764,5.932,152.617,1716.769,1758.285,1771.844,566.000,9.765,0.744,0.751,0.726,0.724,0.727,0.500,0.700,0.950,0.953,0.600,0.955,0.955,-0.300,0.904,0.955,-0.500,0.913,0.955,-0.600,0.924,0.955,-0.600,0.920,0.955
20110729_0742,-23.780,179.920,539.000,AF.ANKE.,9.583,39.742,139.478,1642.271,1669.999,1678.644,567.000,0.347,-0.016,-0.034,-0.030,-0.031,-0.032,4.000,-4.600,0.734,-0.747,7.100,0.214,0.214,7.400,0.172,0.214,6.900,0.193,0.214,7.000,0.185,0.214,7.000,0.185,0.214
20110729_0742,-23.780,179.920,539.000,IV.MODR.,41.146,13.878,159.079,1751.357,1800.556,1817.007,568.000,5.290,0.492,0.521,0.552,0.562,0.551,-5.800,-2.100,0.712,-0.823,-6.300,0.613,0.613,1.100,0.608,0.613,0.800,0.618,0.613,0.500,0.637,0.613,0.700,0.622,0.613
20110729_0742,-23.780,179.920,539.000,IU.SFJD.10,66.996,-50.621,126.758,1564.800,1581.801,1586.895,569.000,8.038,0.755,0.752,0.761,0.757,0.754,0.600,0.500,0.951,0.942,0.500,0.848,0.848,0.400,0.856,0.848,0.100,0.854,0.848,0.300,0.855,0.848,0.400,0.855,0.848
20110729_0742,-23.780,179.920,539.000,KO.DYBB.,37.953,40.139,143.031,1662.980,1694.179,1704.022,570.000,5.773,0.761,0.758,0.779,0.780,0.774,0.800,1.100,0.863,0.872,0.700,0.792,0.792,0.500,0.773,0.792,-0.200,0.815,0.792,-0.100,0.792,0.792,0.200,0.778,0.792
20110729_0742,-23.780,179.920,539.000,XB.PM11.,34.931,-4.312,168.259,1798.217,1859.283,1880.352,571.000,2.783,0.264,0.200,0.209,0.219,0.212,5.600,-2.800,0.561,-0.558,5.600,0.392,0.392,5.200,0.594,0.392,5.000,0.610,0.392,4.800,0.626,0.392,4.900,0.618,0.392
20110729_0742,-23.780,179.920,539.000,ZP.SERJ.02,-13.227,30.215,132.602,1601.053,1622.647,1629.218,572.000,2.076,0.494,0.448,0.461,0.476,0.463,1.000,1.200,0.687,0.650,0.400,0.884,0.884,0.300,0.890,0.884,0.200,0.890,0.884,0.000,0.895,0.884,0.200,0.891,0.884
20110729_0742,-23.780,179.920,539.000,MN.WDD.,35.837,14.524,162.548,1769.374,1822.945,1841.061,573.000,5.298,0.576,0.607,0.642,0.644,0.631,1.500,1.400,0.883,0.895,1.400,0.903,0.903,1.300,0.897,0.903,1.000,0.893,0.903,0.900,0.893,0.903,1.000,0.892,0.903
20110729_0742,-23.780,179.920,539.000,IV.CRE.,43.619,11.952,157.834,1744.800,1792.474,1808.348,574.000,5.848,0.498,0.547,0.590,0.612,0.591,2.600,2.600,0.898,0.900,2.200,0.843,0.843,1.800,0.839,0.843,1.600,0.847,0.843,1.400,0.857,0.843,1.600,0.850,0.843
20110729_0742,-23.780,179.920,539.000,OE.SOKA.,46.678,15.033,154.090,1724.770,1767.988,1782.185,575.000,7.409,0.534,0.605,0.639,0.636,0.631,1.300,1.800,0.798,0.767,0.900,0.649,0.649,0.100,0.633,0.649,-0.300,0.646,0.649,-0.500,0.669,0.649,-0.300,0.660,0.649
20110729_0742,-23.780,179.920,539.000,XB.PM15.,34.469,-4.700,168.578,1799.801,1861.298,1882.541,576.000,2.306,0.291,0.400,0.373,0.345,0.373,6.300,2.800,0.585,-0.649,6.500,0.707,0.707,6.500,0.718,0.707,6.300,0.697,0.707,6.300,0.663,0.707,6.300,0.695,0.707
20110729_0742,-23.780,179.920,539.000,RO.PLOR1.,45.852,26.647,149.162,1697.721,1735.371,1747.506,577.000,4.607,0.475,0.508,0.542,0.541,0.537,2.000,2.400,0.837,0.795,1.500,0.892,0.892,0.900,0.905,0.892,0.500,0.904,0.892,0.400,0.901,0.892,0.500,0.903,0.892
20110729_0742,-23.780,179.920,539.000,GR.NRDL.,52.494,10.107,150.255,1703.792,1742.646,1755.221,578.000,6.740,0.677,0.709,0.680,0.650,0.670,0.100,0.200,0.959,0.962,-0.500,0.941,0.941,-0.700,0.965,0.941,-0.900,0.970,0.941,-1.200,0.969,0.941,-1.100,0.970,0.941
20110729_0742,-23.780,179.920,539.000,IV.BRMO.,46.476,10.372,155.798,1733.959,1779.185,1794.138,579.000,5.708,0.618,0.665,0.710,0.728,0.711,2.100,2.200,0.867,0.914,2.000,0.841,0.841,1.900,0.846,0.841,1.600,0.830,0.841,1.300,0.810,0.841,1.500,0.820,0.841
20110729_0742,-23.780,179.920,539.000,GE.MTE.,40.400,-7.544,162.236,1767.767,1820.936,1838.899,580.000,3.995,0.462,0.493,0.521,0.540,0.519,1.100,1.400,0.923,0.882,1.400,0.979,0.979,1.200,0.984,0.979,0.900,0.985,0.979,0.700,0.981,0.979,0.900,0.984,0.979
20110729_0742,-23.780,179.920,539.000,GR.GTTG.,51.546,9.964,151.179,1708.893,1748.778,1761.733,581.000,3.102,0.702,0.721,0.711,0.699,0.708,0.500,0.600,0.914,0.912,0.100,0.933,0.933,0.000,0.934,0.933,-0.200,0.943,0.933,-0.500,0.943,0.933,-0.400,0.940,0.933
20110729_0742,-23.780,179.920,539.000,XB.PM27.,32.350,-4.654,170.530,1809.399,1873.558,1895.884,582.000,16.941,0.619,0.676,0.690,0.698,0.683,0.500,0.600,0.909,0.924,1.200,0.559,0.559,0.400,0.505,0.559,0.100,0.538,0.559,-0.200,0.582,0.559,0.000,0.527,0.559
20110729_0742,-23.780,179.920,539.000,KO.SIRT.,37.501,42.439,141.312,1653.015,1682.508,1691.760,583.000,2.001,0.414,0.400,0.451,0.432,0.420,1.300,1.000,0.609,0.620,0.700,0.851,0.851,0.600,0.855,0.851,-0.100,0.836,0.851,0.100,0.834,0.851,0.400,0.845,0.851
20110729_0742,-23.780,179.920,539.000,GR.FUR.,48.164,11.277,154.007,1724.320,1767.441,1781.601,584.000,6.450,0.509,0.582,0.631,0.659,0.650,2.400,2.300,0.954,0.957,2.100,0.965,0.965,1.700,0.957,0.965,1.500,0.956,0.965,1.200,0.957,0.965,1.300,0.957,0.965
20110729_0742,-23.780,179.920,539.000,AF.KUKU.,6.192,-0.368,162.410,1768.664,1822.057,1840.106,585.000,0.905,0.164,0.132,0.121,0.092,0.111,-4.400,-4.400,0.616,0.469,-1.300,0.309,0.309,-5.500,0.403,0.309,-5.400,0.408,0.309,-5.400,0.419,0.309,-5.400,0.413,0.309
20110729_0742,-23.780,179.920,539.000,IV.GMB.,38.168,15.829,160.234,1757.399,1808.034,1825.030,586.000,,,,,,,-16.000,-8.000,0.000,0.000,-16.000,0.000,0.000,-16.000,0.000,0.000,-16.000,0.000,0.000,-16.000,0.000,0.000,-16.000,0.000,0.000
20110729_0742,-23.780,179.920,539.000,NL.DBN.,52.102,5.177,151.394,1710.075,1750.202,1763.246,587.000,3.673,0.574,0.588,0.611,0.618,0.614,1.300,1.600,0.929,0.926,0.500,0.735,0.735,0.400,0.789,0.735,0.200,0.795,0.735,0.000,0.806,0.735,0.100,0.804,0.735
20110729_0742,-23.780,179.920,539.000,IV.ESLN.,37.693,14.974,161.051,1761.649,1813.312,1830.699,588.000,5.160,0.555,0.560,0.566,0.575,0.570,1.000,1.600,0.771,0.790,1.500,0.890,0.890,1.300,0.879,0.890,1.000,0.864,0.890,0.900,0.855,0.890,1.000,0.863,0.890
20110729_0742,-23.780,179.920,539.000,6H.MACO.,-17.958,34.172,126.528,1563.355,1580.186,1585.227,589.000,2.862,0.376,0.389,0.395,0.390,0.391,1.700,1.600,0.775,0.762,1.400,0.743,0.743,1.300,0.727,0.743,1.100,0.723,0.743,1.100,0.721,0.743,1.200,0.725,0.743
20110729_0742,-23.780,179.920,539.000,RO.PLOR5.,45.846,26.663,149.156,1697.690,1735.334,1747.466,590.000,5.355,0.464,0.531,0.571,0.573,0.567,1.900,2.100,0.897,0.869,1.400,0.916,0.916,0.800,0.920,0.916,0.400,0.923,0.916,0.300,0.922,0.916,0.400,0.921,0.916
20110729_0742,-23.780,179.920,539.000,CH.GIMEL.,46.534,6.265,156.682,1738.679,1784.960,1800.310,591.000,4.100,0.714,0.732,0.758,0.767,0.760,1.000,1.100,0.950,0.949,0.600,0.940,0.940,0.300,0.908,0.940,0.100,0.921,0.940,0.000,0.937,0.940,0.000,0.929,0.940
20110729_0742,-23.780,179.920,539.000,IV.CAFI.,43.329,11.966,158.078,1746.090,1794.062,1810.048,592.000,10.852,0.488,0.530,0.578,0.593,0.580,2.400,2.600,0.920,0.953,2.100,0.833,0.833,1.700,0.850,0.833,1.400,0.843,0.833,1.200,0.839,0.833,1.300,0.840,0.833
20110729_0742,-23.780,179.920,539.000,IV.RDP.,41.758,12.717,159.102,1751.481,1800.709,1817.172,593.000,5.903,0.355,0.381,0.436,0.453,0.428,2.400,2.400,0.914,0.949,2.300,0.854,0.854,2.100,0.847,0.854,1.800,0.840,0.854,1.600,0.837,0.854,1.800,0.841,0.854
20110729_0742,-23.780,179.920,539.000,KO.CRLT.,41.129,27.736,151.028,1708.063,1747.779,1760.671,594.000,1.975,0.145,0.158,0.176,0.174,0.169,1.900,2.400,0.813,0.855,1.700,0.742,0.742,1.200,0.760,0.742,0.700,0.790,0.742,0.600,0.791,0.742,0.900,0.777,0.742
20110729_0742,-23.780,179.920,539.000,KO.SULT.,38.199,33.516,148.036,1691.428,1727.855,1739.547,595.000,3.544,0.432,0.418,0.469,0.463,0.458,1.400,1.500,0.786,0.831,1.300,0.867,0.867,1.200,0.865,0.867,0.800,0.878,0.867,0.800,0.875,0.867,0.900,0.875,0.867
20110729_0742,-23.780,179.920,539.000,KO.GEMT.,40.435,29.189,150.357,1704.357,1743.325,1755.942,596.000,6.012,0.529,0.539,0.533,0.539,0.544,1.800,1.600,0.963,0.950,1.000,0.928,0.928,0.600,0.944,0.928,0.100,0.954,0.928,0.000,0.948,0.928,0.200,0.946,0.928
20110729_0742,-23.780,179.920,539.000,GE.WLF.,49.665,6.153,153.660,1722.439,1765.156,1779.164,597.000,7.426,0.737,0.704,0.737,0.749,0.742,0.800,1.100,0.949,0.955,0.300,0.904,0.904,0.500,0.847,0.904,0.200,0.857,0.904,-0.100,0.873,0.904,0.000,0.868,0.904
20110729_0742,-23.780,179.920,539.000,RO.CRAR.,44.325,23.800,151.685,1711.674,1752.130,1765.295,598.000,8.640,0.441,0.492,0.552,0.557,0.540,2.500,2.700,0.882,0.880,1.800,0.850,0.850,1.300,0.847,0.850,0.900,0.843,0.850,0.700,0.851,0.850,0.900,0.848,0.850
20110729_0742,-23.780,179.920,539.000,XB.PM21.,33.721,-5.320,169.054,1802.152,1864.293,1885.798,599.000,9.089,0.715,0.611,0.607,0.594,0.606,0.400,0.400,0.912,0.896,0.300,0.902,0.902,0.300,0.736,0.902,0.100,0.692,0.902,-0.200,0.654,0.902,0.100,0.682,0.902
20110729_0742,-23.780,179.920,539.000,HE.SUF.,62.719,26.147,137.276,1629.236,1654.913,1662.862,600.000,9.405,0.701,0.694,0.734,0.729,0.723,1.600,1.700,0.965,0.945,1.300,0.911,0.911,1.100,0.931,0.911,0.700,0.952,0.911,0.700,0.945,0.911,0.800,0.944,0.911
20110729_0742,-23.780,179.920,539.000,NO.ARE0.00,69.535,25.506,131.786,1596.056,1616.977,1623.325,601.000,5.370,0.740,0.728,0.746,0.749,0.742,1.200,1.300,0.981,0.978,0.900,0.819,0.819,0.600,0.819,0.819,0.200,0.837,0.819,0.200,0.835,0.819,0.300,0.830,0.819
20110729_0742,-23.780,179.920,539.000,GB.JSA.,49.188,-2.172,154.539,1727.191,1770.934,1785.328,602.000,11.584,0.788,0.709,0.715,0.716,0.707,-0.500,-0.700,0.867,0.853,-0.500,0.797,0.797,-0.700,0.706,0.797,-0.900,0.713,0.797,-1.100,0.724,0.797,-1.100,0.716,0.797
20110729_0742,-23.780,179.920,539.000,IV.SACR.,41.397,14.706,158.492,1748.273,1796.751,1812.929,603.000,2.518,0.187,0.208,0.213,0.202,0.212,-1.900,-2.000,0.802,0.784,-2.100,0.729,0.729,-2.400,0.727,0.729,-2.700,0.724,0.729,-2.900,0.725,0.729,-2.800,0.724,0.729
20110729_0742,-23.780,179.920,539.000,GR.GRB1.,49.390,11.651,152.787,1717.699,1759.409,1773.041,604.000,7.016,0.549,0.615,0.648,0.658,0.646,0.900,1.400,0.901,0.893,1.300,0.883,0.883,0.800,0.839,0.883,0.700,0.835,0.883,0.500,0.834,0.883,0.600,0.833,0.883
20110729_0742,-23.780,179.920,539.000,2H.ABAE.,13.354,39.764,140.963,1650.980,1680.134,1689.268,605.000,1.935,0.446,0.525,0.578,0.557,0.557,0.700,0.900,0.879,0.945,0.500,0.865,0.865,0.800,0.853,0.865,0.100,0.866,0.865,0.300,0.849,0.865,0.300,0.851,0.865
20110729_0742,-23.780,179.920,539.000,GE.MORC.,49.777,17.543,150.585,1705.618,1744.839,1757.549,606.000,12.037,0.565,0.565,0.581,0.572,0.573,0.700,1.000,0.963,0.931,0.300,0.855,0.855,-0.100,0.900,0.855,-0.500,0.901,0.855,-0.600,0.891,0.855,-0.600,0.895,0.855
20110729_0742,-23.780,179.920,539.000,IV.PZZT.,44.131,10.862,157.765,1744.431,1792.020,1807.862,607.000,7.233,0.471,0.541,0.581,0.608,0.596,2.500,2.400,0.903,0.879,2.100,0.976,0.976,1.700,0.979,0.976,1.500,0.981,0.976,1.300,0.983,0.976,1.400,0.984,0.976
20110729_0742,-23.780,179.920,539.000,CH.SULZ.,47.528,8.112,155.371,1731.668,1776.388,1791.150,608.000,8.300,0.664,0.734,0.759,0.760,0.760,1.000,1.200,0.946,0.947,0.600,0.959,0.959,0.200,0.948,0.959,-0.100,0.952,0.959,-0.200,0.954,0.959,-0.100,0.953,0.959
20110729_0742,-23.780,179.920,539.000,IU.GRFO.,49.691,11.220,152.623,1716.802,1758.324,1771.886,609.000,10.811,0.687,0.724,0.762,0.784,0.768,1.000,1.200,0.936,0.934,1.200,0.935,0.935,0.800,0.909,0.935,0.700,0.911,0.935,0.400,0.911,0.935,0.500,0.909,0.935
20110729_0742,-23.780,179.920,539.000,KO.GAZ.,37.172,37.210,145.462,1676.899,1710.593,1721.310,610.000,5.803,0.721,0.715,0.718,0.725,0.725,0.700,1.100,0.733,0.733,0.700,0.706,0.706,0.700,0.693,0.706,-0.100,0.641,0.706,0.000,0.648,0.706,0.300,0.663,0.706
20110729_0742,-23.780,179.920,539.000,NI.CGRP.,45.881,11.805,155.905,1734.531,1779.884,1794.884,611.000,8.146,0.595,0.663,0.699,0.711,0.700,1.500,1.600,0.984,0.956,1.100,0.886,0.886,0.800,0.897,0.886,0.600,0.901,0.886,0.300,0.903,0.886,0.400,0.899,0.886
20110729_0742,-23.780,179.920,539.000,CZ.OKC.,49.835,18.140,150.318,1704.138,1743.062,1755.662,612.000,6.309,0.687,0.688,0.687,0.679,0.688,0.800,0.900,0.879,0.854,0.200,0.886,0.886,-0.300,0.843,0.886,-0.600,0.857,0.886,-0.800,0.871,0.886,-0.600,0.863,0.886
20110729_0742,-23.780,179.920,539.000,XB.PS12.,37.051,-5.187,166.024,1787.053,1845.141,1865.018,613.000,10.765,0.646,0.689,0.704,0.710,0.704,0.400,0.800,0.716,0.704,0.400,0.817,0.817,0.700,0.811,0.817,0.600,0.813,0.817,0.500,0.817,0.817,0.600,0.816,0.817
20110729_0742,-23.780,179.920,539.000,IV.CESX.,42.608,12.587,158.450,1748.050,1796.476,1812.634,614.000,7.722,0.519,0.570,0.622,0.643,0.618,2.300,2.400,0.941,0.939,2.100,0.904,0.904,1.800,0.903,0.904,1.500,0.899,0.904,1.300,0.895,0.904,1.500,0.896,0.904
20110729_0742,-23.780,179.920,539.000,G.ECH.10,48.216,7.159,154.899,1729.131,1773.295,1787.849,615.000,5.760,0.660,0.728,0.738,0.734,0.736,0.800,1.000,0.959,0.922,0.700,0.828,0.828,0.000,0.824,0.828,-0.100,0.835,0.828,-0.300,0.841,0.828,-0.200,0.839,0.828
20110729_0742,-23.780,179.920,539.000,GU.NEGI.,43.846,7.703,158.942,1750.640,1799.671,1816.058,616.000,9.284,0.582,0.654,0.697,0.706,0.700,1.300,1.300,0.944,0.929,1.100,0.925,0.925,1.100,0.932,0.925,0.800,0.932,0.925,0.600,0.931,0.925,0.700,0.932,0.925
20110729_0742,-23.780,179.920,539.000,CH.FUORN.,46.620,10.264,155.696,1733.413,1778.518,1793.426,617.000,1.822,0.473,0.519,0.558,0.583,0.573,1.800,1.900,0.970,0.975,1.700,0.926,0.926,1.400,0.922,0.926,1.300,0.918,0.926,1.000,0.913,0.926,1.100,0.914,0.926
20110729_0742,-23.780,179.920,539.000,DK.NEEM.02,77.445,-51.074,121.251,1529.633,1542.840,1546.761,618.000,10.744,0.601,0.512,0.490,0.507,0.512,-0.300,0.000,0.893,0.884,-0.900,0.601,0.601,-0.700,0.508,0.601,-1.200,0.531,0.601,-0.900,0.510,0.601,-0.700,0.508,0.601
20110729_0742,-23.780,179.920,539.000,NL.1980.,50.800,5.973,152.576,1716.548,1758.017,1771.558,619.000,,,,,,,-16.000,-8.000,0.000,0.000,-16.000,0.000,0.000,-16.000,0.000,0.000,-16.000,0.000,0.000,-16.000,0.000,0.000,-16.000,0.000,0.000
20110729_0742,-23.780,179.920,539.000,NL.OPLO.01,51.589,5.812,151.825,1712.437,1753.050,1766.274,620.000,4.464,0.663,0.654,0.650,0.646,0.649,0.700,0.900,0.964,0.961,0.200,0.830,0.830,0.100,0.851,0.830,-0.100,0.859,0.830,-0.300,0.871,0.830,-0.200,0.868,0.830
20110729_0742,-23.780,179.920,539.000,RO.MILM.,46.919,28.813,147.326,1687.440,1723.106,1734.524,621.000,6.849,0.756,0.761,0.776,0.778,0.778,1.400,1.300,0.840,0.821,1.000,0.852,0.852,0.700,0.867,0.852,0.400,0.868,0.852,0.300,0.872,0.852,0.400,0.871,0.852
20110729_0742,-23.780,179.920,539.000,IV.AMUR.,40.907,16.604,157.902,1745.155,1792.911,1808.816,622.000,8.888,0.529,0.531,0.572,0.579,0.570,2.200,2.200,0.954,0.941,1.600,0.925,0.925,1.300,0.933,0.925,1.000,0.934,0.925,0.800,0.932,0.925,0.900,0.931,0.925
20110729_0742,-23.780,179.920,539.000,IU.LSZ.00,-15.278,28.188,132.162,1598.361,1619.590,1626.040,623.000,2.981,0.351,0.462,0.458,0.444,0.456,1.300,1.200,0.926,0.928,0.400,0.752,0.752,0.200,0.704,0.752,0.100,0.714,0.752,-0.200,0.739,0.752,0.000,0.719,0.752
20110729_0742,-23.780,179.920,539.000,IU.KONO.00,59.649,9.598,143.492,1665.635,1697.298,1707.304,624.000,4.525,0.783,0.789,0.820,0.825,0.818,1.100,1.100,0.951,0.951,0.600,0.960,0.960,0.400,0.939,0.960,0.000,0.937,0.960,-0.200,0.940,0.960,-0.100,0.942,0.960
20110729_0742,-23.780,179.920,539.000,RO.AMRR.,44.610,27.335,149.483,1699.508,1737.509,1749.773,625.000,2.191,0.259,0.304,0.368,0.376,0.352,2.600,2.700,0.837,0.866,1.800,0.757,0.757,1.400,0.771,0.757,1.000,0.790,0.757,0.900,0.801,0.757,1.000,0.794,0.757
20110729_0742,-23.780,179.920,539.000,IV.TOLF.,42.064,12.000,159.142,1751.693,1800.970,1817.452,626.000,4.411,0.334,0.333,0.370,0.381,0.369,1.800,1.900,0.842,0.883,1.500,0.764,0.764,1.300,0.762,0.764,1.000,0.750,0.764,0.800,0.746,0.764,0.900,0.747,0.764
20110729_0742,-23.780,179.920,539.000,5H.CAYE.,14.862,39.305,141.910,1656.491,1686.572,1696.027,627.000,5.270,0.720,0.719,0.727,0.734,0.736,0.900,0.800,0.744,0.758,0.500,0.738,0.738,0.600,0.738,0.738,-0.300,0.701,0.738,0.100,0.715,0.738,0.200,0.717,0.738
20110729_0742,-23.780,179.920,539.000,IV.MCSR.,38.065,15.230,160.650,1759.568,1810.725,1827.920,628.000,3.718,0.362,0.345,0.358,0.356,0.353,1.500,1.600,0.755,0.793,1.200,0.590,0.590,1.100,0.591,0.590,0.900,0.602,0.590,0.800,0.611,0.590,0.900,0.602,0.590
20110729_0742,-23.780,179.920,539.000,KO.SNOP.,42.020,35.207,145.573,1677.529,1711.339,1722.097,629.000,4.240,0.751,0.729,0.725,0.735,0.736,0.900,0.900,0.909,0.925,0.700,0.919,0.919,0.400,0.912,0.919,-0.100,0.920,0.919,-0.100,0.915,0.919,0.100,0.914,0.919
20110729_0742,-23.780,179.920,539.000,XB.PS15.,37.141,-4.503,166.111,1787.489,1845.690,1865.613,630.000,3.972,0.568,0.575,0.599,0.616,0.599,0.300,0.700,0.891,0.892,0.500,0.807,0.807,0.400,0.824,0.807,0.300,0.841,0.807,0.100,0.859,0.807,0.300,0.845,0.807
20110729_0742,-23.780,179.920,539.000,RO.PLOR3.,45.854,26.646,149.161,1697.718,1735.367,1747.502,631.000,5.121,0.445,0.512,0.560,0.560,0.552,2.200,2.800,0.786,0.682,1.900,0.829,0.829,1.200,0.829,0.829,0.800,0.828,0.829,0.700,0.825,0.829,0.800,0.825,0.829
20110729_0742,-23.780,179.920,539.000,RO.GHRR.,46.061,27.408,148.611,1694.651,1731.701,1743.618,632.000,0.348,0.019,0.022,0.027,0.029,0.025,-0.100,2.000,0.962,1.000,3.100,0.131,0.131,2.800,0.124,0.131,2.300,0.129,0.131,2.200,0.128,0.131,2.400,0.128,0.131
20110729_0742,-23.780,179.920,539.000,GR.GEC2.,48.844,13.701,152.685,1717.142,1758.735,1772.323,633.000,10.351,0.636,0.690,0.728,0.746,0.736,1.600,1.700,0.977,0.928,1.600,0.904,0.904,1.200,0.878,0.904,1.100,0.884,0.904,0.900,0.886,0.904,0.900,0.882,0.904
20110729_0742,-23.780,179.920,539.000,KZ.BVAR.,53.025,70.389,120.408,1524.161,1536.835,1540.595,634.000,17.523,0.720,0.715,0.717,0.727,0.721,0.300,0.500,0.780,0.919,0.100,0.843,0.843,-0.100,0.853,0.843,-0.100,0.861,0.843,-0.100,0.870,0.843,-0.100,0.860,0.843
20110729_0742,-23.780,179.920,539.000,DK.MUD.,56.455,9.173,146.633,1683.533,1718.462,1729.616,635.000,5.759,0.716,0.642,0.655,0.657,0.652,0.300,-4.100,0.878,-0.620,-0.100,0.786,0.786,-0.300,0.801,0.786,-0.600,0.786,0.786,-0.700,0.774,0.786,-0.600,0.781,0.786
20110729_0742,-23.780,179.920,539.000,NO.NB201.00,61.049,11.294,141.915,1656.520,1686.606,1696.062,636.000,3.780,0.733,0.709,0.725,0.721,0.721,0.700,0.800,0.906,0.907,0.200,0.865,0.865,0.200,0.874,0.865,-0.100,0.871,0.865,-0.200,0.851,0.865,-0.200,0.857,0.865
20110729_0742,-23.780,179.920,539.000,II.UOSS.00,24.945,56.204,129.096,1579.430,1598.208,1603.860,637.000,4.863,0.659,0.713,0.719,0.725,0.724,0.800,1.000,0.892,0.895,0.000,0.891,0.891,0.200,0.879,0.891,-0.500,0.853,0.891,0.000,0.868,0.891,0.200,0.873,0.891
20110729_0742,-23.780,179.920,539.000,IV.SERS.,39.036,16.689,159.153,1751.749,1801.040,1817.526,638.000,9.916,0.404,0.422,0.440,0.444,0.439,2.100,2.200,0.626,0.758,2.200,0.636,0.636,1.900,0.627,0.636,1.600,0.618,0.636,1.400,0.620,0.636,1.600,0.615,0.636
20110729_0742,-23.780,179.920,539.000,AF.EKNA.,4.234,9.328,158.450,1748.051,1796.477,1812.635,639.000,2.863,0.202,0.220,0.217,0.246,0.234,2.100,2.500,0.841,0.833,2.300,0.581,0.581,2.300,0.563,0.581,2.300,0.572,0.581,2.000,0.594,0.581,2.100,0.573,0.581
20110729_0742,-23.780,179.920,539.000,GR.HAM3.,53.568,9.974,149.263,1698.286,1736.047,1748.222,640.000,6.903,0.479,0.405,0.381,0.372,0.383,-1.300,-1.000,0.636,0.564,-1.500,0.624,0.624,-1.700,0.641,0.624,-2.100,0.628,0.624,-2.300,0.635,0.624,-2.200,0.636,0.624
20110729_0742,-23.780,179.920,539.000,RO.BURAR.,47.644,25.200,148.811,1695.766,1733.033,1745.029,641.000,5.183,0.735,0.712,0.700,0.701,0.702,0.900,-2.700,0.653,-0.863,0.600,0.803,0.803,0.100,0.778,0.803,-0.200,0.788,0.803,-0.400,0.788,0.803,-0.300,0.781,0.803
20110729_0742,-23.780,179.920,539.000,CH.SLE.,47.764,8.492,155.065,1730.022,1774.381,1789.008,642.000,2.917,0.573,0.608,0.639,0.648,0.642,0.900,1.100,0.966,0.969,0.700,0.865,0.865,0.200,0.846,0.865,0.100,0.845,0.865,-0.100,0.847,0.865,-0.100,0.847,0.865
20110729_0742,-23.780,179.920,539.000,MN.CEL.,38.260,15.894,160.134,1756.879,1807.389,1824.337,643.000,3.419,0.406,0.436,0.453,0.454,0.449,1.100,1.200,0.889,0.895,0.800,0.918,0.918,0.700,0.903,0.918,0.300,0.890,0.918,0.200,0.881,0.918,0.400,0.889,0.918
20110729_0742,-23.780,179.920,539.000,IV.HVZN.,37.178,14.715,161.551,1764.239,1816.535,1834.164,644.000,8.491,0.657,0.684,0.718,0.718,0.706,1.000,1.100,0.960,0.959,0.900,0.944,0.944,0.800,0.956,0.944,0.400,0.955,0.944,0.200,0.952,0.944,0.500,0.953,0.944
20110729_0742,-23.780,179.920,539.000,XB.PS52.,37.004,-4.226,166.306,1788.468,1846.927,1866.952,645.000,0.419,0.034,0.032,0.036,0.040,0.036,-0.100,0.600,0.387,0.315,0.700,0.851,0.851,0.500,0.829,0.851,0.300,0.803,0.851,0.000,0.772,0.851,0.200,0.794,0.851
20110729_0742,-23.780,179.920,539.000,RO.ISR.,45.119,26.543,149.653,1700.454,1738.643,1750.974,646.000,2.428,0.402,0.469,0.508,0.507,0.495,1.800,-2.600,0.666,-0.861,1.400,0.628,0.628,0.800,0.636,0.628,0.400,0.653,0.628,0.300,0.653,0.628,0.400,0.644,0.628
20110729_0742,-23.780,179.920,539.000,MN.BLY.,44.749,17.184,154.755,1728.358,1772.354,1786.844,647.000,12.505,0.573,0.646,0.674,0.687,0.676,1.600,1.900,0.943,0.936,2.100,0.859,0.859,1.200,0.816,0.859,0.600,0.803,0.859,0.300,0.805,0.859,0.600,0.805,0.859
20110729_0742,-23.780,179.920,539.000,GE.VSU.,58.462,26.735,140.431,1647.865,1676.503,1685.461,648.000,3.664,0.721,0.722,0.737,0.737,0.739,1.000,0.800,0.866,0.826,0.500,0.928,0.928,0.700,0.942,0.928,0.300,0.945,0.928,0.300,0.937,0.928,0.300,0.941,0.928
20110729_0742,-23.780,179.920,539.000,IV.MTSN.,40.266,15.752,158.812,1749.958,1798.828,1815.155,649.000,4.973,0.528,0.554,0.572,0.567,0.572,2.300,2.300,0.700,0.743,2.100,0.774,0.774,1.800,0.767,0.774,1.600,0.758,0.774,1.400,0.746,0.774,1.600,0.757,0.774
20110729_0742,-23.780,179.920,539.000,2H.HITE.,13.101,40.317,140.370,1647.509,1676.089,1685.026,650.000,4.966,0.646,0.678,0.687,0.693,0.692,1.000,1.500,0.932,0.889,0.800,0.826,0.826,1.000,0.848,0.826,0.300,0.819,0.826,0.500,0.851,0.826,0.500,0.849,0.826
20110729_0742,-23.780,179.920,539.000,PL.KWP.,49.631,22.708,148.613,1694.658,1731.709,1743.627,651.000,2.694,0.492,0.581,0.623,0.622,0.612,1.100,-2.200,0.578,-0.325,0.500,0.705,0.705,0.100,0.712,0.705,-0.200,0.718,0.705,-0.300,0.725,0.705,-0.200,0.724,0.705
20110729_0742,-23.780,179.920,539.000,GE.SFJD.10,66.996,-50.621,126.758,1564.800,1581.801,1586.895,652.000,8.038,0.755,0.752,0.761,0.757,0.754,0.600,0.500,0.951,0.942,0.500,0.848,0.848,0.400,0.856,0.848,0.100,0.854,0.848,0.300,0.855,0.848,0.400,0.855,0.848
20110729_0742,-23.780,179.920,539.000,KO.KONT.,37.957,32.356,148.979,1696.702,1734.152,1746.214,653.000,3.184,0.407,0.387,0.424,0.430,0.417,1.100,1.300,0.696,0.703,0.700,0.961,0.961,0.500,0.940,0.961,-0.200,0.953,0.961,-0.100,0.958,0.961,0.100,0.952,0.961
20110729_0742,-23.780,179.920,539.000,KO.FETY.,36.635,29.083,151.866,1712.665,1753.324,1766.566,654.000,5.744,0.741,0.729,0.743,0.748,0.745,1.000,0.900,0.925,0.915,0.200,0.894,0.894,0.100,0.914,0.894,-0.200,0.906,0.894,-0.200,0.913,0.894,-0.100,0.915,0.894
20110729_0742,-23.780,179.920,539.000,PM.ROSA.,38.721,-28.247,151.841,1712.528,1753.160,1766.390,655.000,2.038,0.098,0.006,-0.009,-0.004,-0.001,6.200,-3.100,0.580,0.383,6.300,0.518,0.518,5.700,0.565,0.518,5.500,0.571,0.518,5.400,0.571,0.518,5.600,0.575,0.518
20110729_0742,-23.780,179.920,539.000,RO.SRE.,44.661,23.204,151.801,1712.310,1752.896,1766.110,656.000,4.588,0.408,0.499,0.542,0.542,0.532,2.700,2.600,0.786,0.828,2.000,0.786,0.786,1.400,0.864,0.786,1.000,0.889,0.786,0.900,0.897,0.786,1.000,0.887,0.786
20110729_0742,-23.780,179.920,539.000,HU.PSZ.,47.918,19.894,151.124,1708.590,1748.413,1761.345,657.000,5.977,0.623,0.600,0.606,0.604,0.600,1.300,1.900,0.886,0.814,1.000,0.794,0.794,0.500,0.876,0.794,0.200,0.890,0.794,0.000,0.891,0.794,0.200,0.887,0.794
20110729_0742,-23.780,179.920,539.000,IV.QLNO.,44.324,8.346,158.331,1747.425,1795.706,1811.809,658.000,6.773,0.487,0.541,0.564,0.579,0.574,1.500,1.400,0.886,0.899,1.300,0.847,0.847,1.200,0.884,0.847,1.000,0.874,0.847,0.700,0.856,0.847,0.800,0.865,0.847
20110729_0742,-23.780,179.920,539.000,KO.KULA.,38.514,28.661,151.510,1710.714,1750.972,1764.065,659.000,6.370,0.667,0.677,0.737,0.724,0.708,1.600,1.800,0.958,0.939,1.200,0.970,0.970,1.000,0.974,0.970,0.500,0.955,0.970,0.500,0.959,0.970,0.700,0.966,0.970
20110729_0742,-23.780,179.920,539.000,SI.MOSI.,46.616,10.550,155.620,1733.007,1778.022,1792.896,660.000,5.524,0.650,0.717,0.761,0.764,0.762,1.100,1.400,0.929,0.937,0.900,0.915,0.915,0.600,0.916,0.915,0.400,0.927,0.915,0.200,0.941,0.915,0.300,0.934,0.915
20110729_0742,-23.780,179.920,539.000,CH.DAVOX.,46.780,9.880,155.652,1733.176,1778.228,1793.116,661.000,9.783,0.652,0.661,0.716,0.733,0.720,1.900,1.700,0.918,0.918,1.500,0.934,0.934,1.300,0.934,0.934,1.000,0.948,0.934,0.900,0.960,0.934,0.900,0.953,0.934
20110729_0742,-23.780,179.920,539.000,SI.BOSI.,46.495,11.318,155.507,1732.398,1777.278,1792.101,662.000,0.384,0.043,0.050,0.053,0.055,0.055,1.200,2.100,0.580,0.803,2.000,0.857,0.857,1.600,0.861,0.857,1.400,0.866,0.857,1.100,0.876,0.857,1.200,0.869,0.857
20110729_0742,-23.780,179.920,539.000,IV.RMP.,41.812,12.705,159.063,1751.276,1800.456,1816.899,663.000,5.999,0.345,0.350,0.388,0.406,0.393,2.200,2.300,0.899,0.900,2.000,0.826,0.826,1.700,0.814,0.826,1.500,0.797,0.826,1.300,0.779,0.826,1.400,0.791,0.826
20110729_0742,-23.780,179.920,539.000,IV.CSNT.,43.473,11.290,158.199,1746.725,1794.844,1810.886,664.000,4.746,0.389,0.438,0.507,0.543,0.510,2.100,-1.100,0.902,-0.795,1.900,0.701,0.701,1.700,0.683,0.701,1.400,0.697,0.701,1.100,0.720,0.701,1.300,0.704,0.701
20110729_0742,-23.780,179.920,539.000,XB.PM04.,35.403,-5.153,167.574,1794.813,1854.960,1875.659,665.000,5.699,0.513,0.527,0.556,0.573,0.551,-0.200,0.600,0.805,0.733,0.400,0.780,0.780,-0.500,0.626,0.780,-0.800,0.662,0.780,-0.900,0.691,0.780,-0.800,0.649,0.780
20110729_0742,-23.780,179.920,539.000,IV.ATN.,38.159,15.465,160.450,1758.529,1809.435,1826.535,666.000,2.953,0.251,0.274,0.320,0.316,0.303,1.000,1.500,0.766,0.723,1.200,0.783,0.783,0.700,0.784,0.783,0.400,0.778,0.783,0.300,0.774,0.783,0.400,0.774,0.783
20110729_0742,-23.780,179.920,539.000,PM.PMOZ.,32.823,-17.197,162.460,1768.921,1822.379,1840.451,667.000,1.940,0.213,0.214,0.232,0.230,0.224,2.200,1.400,0.828,0.676,1.900,0.804,0.804,1.700,0.779,0.804,1.500,0.695,0.804,1.600,0.684,0.804,1.600,0.721,0.804
20110729_0742,-23.780,179.920,539.000,PR.ABVI.,18.730,-64.333,120.394,1524.075,1536.741,1540.498,668.000,1.512,0.035,0.033,0.010,0.018,0.030,2.600,2.900,0.714,0.475,10.000,0.488,0.488,8.400,0.624,0.488,8.700,0.617,0.488,8.600,0.601,0.488,8.400,0.613,0.488
20110729_0742,-23.780,179.920,539.000,IV.MPAZ.,37.953,16.007,160.272,1757.600,1808.283,1825.297,669.000,10.615,0.518,0.547,0.578,0.571,0.563,0.500,0.900,0.890,0.880,0.400,0.932,0.932,0.100,0.915,0.932,-0.200,0.918,0.932,-0.300,0.918,0.932,-0.100,0.919,0.932
20110729_0742,-23.780,179.920,539.000,GE.KERA.,35.369,23.558,156.492,1737.669,1783.723,1798.987,670.000,5.465,0.633,0.588,0.640,0.627,0.618,0.500,0.500,0.939,0.911,0.200,0.840,0.840,0.200,0.829,0.840,-0.400,0.858,0.840,-0.400,0.860,0.840,-0.200,0.848,0.840
20110729_0742,-23.780,179.920,539.000,IV.BSSO.,41.546,14.594,158.430,1747.947,1796.349,1812.498,671.000,2.206,0.315,0.390,0.428,0.444,0.423,2.900,2.700,0.710,0.703,2.500,0.846,0.846,2.200,0.847,0.846,1.900,0.863,0.846,1.800,0.875,0.846,2.000,0.866,0.846
20110729_0742,-23.780,179.920,539.000,AF.SEK.,-28.323,27.625,121.459,1530.979,1544.320,1548.282,672.000,3.071,-0.022,0.205,0.211,0.173,0.189,0.700,0.300,0.589,0.492,1.200,0.419,0.419,0.800,0.458,0.419,0.700,0.455,0.419,0.800,0.463,0.419,0.800,0.462,0.419
20110729_0742,-23.780,179.920,539.000,IV.PIEI.,43.536,12.535,157.688,1744.023,1791.519,1807.325,673.000,4.904,0.508,0.577,0.624,0.635,0.618,1.700,1.800,0.930,0.931,1.100,0.844,0.844,0.700,0.866,0.844,0.500,0.862,0.844,0.200,0.855,0.844,0.300,0.858,0.844
20110729_0742,-23.780,179.920,539.000,IV.POFI.,41.717,13.712,158.701,1749.374,1798.108,1814.383,674.000,5.834,0.495,0.531,0.587,0.610,0.579,2.200,2.400,0.965,0.959,2.100,0.931,0.931,1.900,0.933,0.931,1.500,0.928,0.931,1.300,0.925,0.931,1.500,0.926,0.931
20110729_0742,-23.780,179.920,539.000,PM.MTE.,40.400,-7.544,162.236,1767.767,1820.936,1838.899,675.000,3.995,0.462,0.493,0.521,0.540,0.519,1.100,1.400,0.923,0.882,1.400,0.979,0.979,1.200,0.984,0.979,0.900,0.985,0.979,0.700,0.981,0.979,0.900,0.984,0.979
20110729_0742,-23.780,179.920,539.000,FN.MSF.,65.911,29.040,133.979,1609.435,1632.191,1639.150,676.000,6.827,0.616,0.644,0.690,0.690,0.674,1.700,2.000,0.893,0.818,1.500,0.832,0.832,1.400,0.844,0.832,1.000,0.861,0.832,1.000,0.856,0.832,1.100,0.851,0.832
20110729_0742,-23.780,179.920,539.000,IV.DGI.,40.318,9.607,161.565,1764.309,1816.623,1834.259,677.000,4.874,0.537,0.601,0.624,0.633,0.623,0.800,1.600,0.910,0.835,1.200,0.821,0.821,0.900,0.864,0.821,0.700,0.877,0.821,0.500,0.887,0.821,0.600,0.880,0.821
20110729_0742,-23.780,179.920,539.000,KZ.BRVK.,53.058,70.283,120.471,1524.574,1537.287,1541.059,678.000,14.592,0.700,0.681,0.688,0.695,0.689,0.000,0.200,0.856,0.955,-0.100,0.826,0.826,-0.100,0.801,0.826,-0.400,0.802,0.826,-0.100,0.811,0.826,-0.100,0.808,0.826
20110729_0742,-23.780,179.920,539.000,IV.CORL.,37.894,13.304,161.842,1765.737,1818.403,1836.173,679.000,1.327,0.130,0.185,0.212,0.219,0.208,0.800,0.900,0.820,0.774,0.900,0.380,0.380,0.600,0.494,0.380,0.300,0.516,0.380,0.200,0.529,0.380,0.400,0.517,0.380
20110729_0742,-23.780,179.920,539.000,RD.PGT2.,42.548,8.999,159.781,1755.039,1805.109,1821.891,680.000,4.226,0.441,0.487,0.511,0.531,0.522,1.600,1.500,0.770,0.746,2.000,0.755,0.755,1.700,0.766,0.755,1.500,0.758,0.755,1.200,0.751,0.755,1.400,0.755,0.755
20110729_0742,-23.780,179.920,539.000,GR.GRC3.,48.889,11.584,153.262,1720.283,1762.540,1776.376,681.000,6.109,0.641,0.695,0.727,0.736,0.725,1.500,1.200,0.899,0.876,0.800,0.847,0.847,0.400,0.834,0.847,0.200,0.838,0.847,0.000,0.837,0.847,0.000,0.837,0.847
20110729_0742,-23.780,179.920,539.000,IV.CERA.,41.598,14.018,158.658,1749.144,1797.824,1814.079,682.000,6.318,0.475,0.535,0.537,0.530,0.537,-1.100,-1.200,0.610,0.674,-1.300,0.658,0.658,-1.600,0.643,0.658,-1.800,0.642,0.658,-2.100,0.647,0.658,-1.900,0.646,0.658
20110729_0742,-23.780,179.920,539.000,XB.PM03.,35.510,-5.771,167.276,1793.328,1853.077,1873.617,683.000,5.449,0.550,0.555,0.585,0.604,0.585,0.400,4.500,0.696,-0.874,-0.500,0.602,0.602,0.400,0.643,0.602,0.200,0.656,0.602,0.100,0.665,0.602,0.200,0.651,0.602
20110729_0742,-23.780,179.920,539.000,GR.BUG.,51.441,7.271,151.766,1712.115,1752.661,1765.861,684.000,10.470,0.825,0.825,0.854,0.860,0.858,0.900,1.000,0.994,0.995,0.600,0.948,0.948,0.600,0.932,0.948,0.400,0.940,0.948,0.200,0.944,0.948,0.200,0.941,0.948
20110729_0742,-23.780,179.920,539.000,IV.ACER.,40.787,15.943,158.334,1747.441,1795.725,1811.830,685.000,3.770,0.615,0.648,0.666,0.671,0.668,1.800,2.000,0.920,0.937,1.400,0.894,0.894,0.900,0.892,0.894,0.600,0.903,0.894,0.400,0.911,0.894,0.600,0.902,0.894
20110729_0742,-23.780,179.920,539.000,XB.PS40.,39.486,-4.845,163.785,1775.707,1830.870,1849.601,686.000,7.875,0.650,0.579,0.595,0.607,0.602,0.200,0.700,0.910,0.853,0.200,0.844,0.844,0.000,0.767,0.844,-0.200,0.774,0.844,-0.500,0.784,0.844,-0.400,0.779,0.844
20110729_0742,-23.780,179.920,539.000,IV.MRVN.,41.061,16.196,158.004,1745.694,1793.575,1809.527,687.000,7.964,0.569,0.622,0.668,0.669,0.659,1.800,1.800,0.928,0.934,1.400,0.867,0.867,1.100,0.879,0.867,0.800,0.868,0.867,0.600,0.856,0.867,0.800,0.865,0.867
20110729_0742,-23.780,179.920,539.000,FR.SMPL.01,42.095,9.285,160.101,1756.710,1807.179,1824.112,688.000,6.065,0.495,0.537,0.579,0.595,0.578,1.600,1.900,0.927,0.922,1.600,0.944,0.944,1.400,0.943,0.944,1.200,0.936,0.944,1.000,0.923,0.944,1.100,0.932,0.944
20110729_0742,-23.780,179.920,539.000,BA.PZUN.,40.646,15.807,158.508,1748.354,1796.850,1813.035,689.000,2.618,0.429,0.395,0.417,0.422,0.413,2.600,3.100,0.796,0.814,2.300,0.759,0.759,2.000,0.755,0.759,1.500,0.751,0.759,1.300,0.748,0.759,1.600,0.747,0.759
20110729_0742,-23.780,179.920,539.000,TH.TAUT.,50.982,11.711,151.312,1709.624,1749.659,1762.669,690.000,15.030,0.594,0.632,0.633,0.632,0.631,1.000,1.100,0.984,0.987,0.700,0.854,0.854,0.400,0.842,0.854,0.200,0.826,0.854,-0.100,0.821,0.854,0.100,0.831,0.854
20110729_0742,-23.780,179.920,539.000,KO.GADA.,40.191,25.899,152.701,1717.230,1758.842,1772.437,691.000,2.580,0.307,0.384,0.455,0.447,0.425,2.700,2.200,0.856,0.825,2.500,0.812,0.812,2.200,0.818,0.812,1.700,0.827,0.812,1.600,0.824,0.812,1.800,0.819,0.812
20110729_0742,-23.780,179.920,539.000,IV.FSSB.,43.693,12.777,157.461,1742.823,1790.045,1805.748,692.000,4.502,0.297,0.392,0.436,0.446,0.435,2.300,2.200,0.801,0.837,2.200,0.798,0.798,1.900,0.815,0.798,1.600,0.808,0.798,1.500,0.800,0.798,1.600,0.805,0.798
20110729_0742,-23.780,179.920,539.000,XB.PM12.,34.850,-4.608,168.251,1798.177,1859.232,1880.296,693.000,2.583,0.401,0.354,0.349,0.350,0.355,0.300,0.600,0.927,0.949,0.600,0.758,0.758,0.700,0.764,0.758,0.500,0.747,0.758,0.300,0.733,0.758,0.400,0.754,0.758
20110729_0742,-23.780,179.920,539.000,IV.MUCR.,38.043,14.874,160.868,1760.701,1812.133,1829.432,694.000,4.646,0.567,0.571,0.575,0.569,0.572,0.600,0.700,0.959,0.937,0.500,0.931,0.931,0.200,0.928,0.931,0.000,0.917,0.931,-0.200,0.907,0.931,0.000,0.915,0.931
20110729_0742,-23.780,179.920,539.000,6H.INCB.,-19.234,33.822,125.753,1558.460,1574.727,1579.592,695.000,2.377,0.360,0.394,0.400,0.389,0.387,1.900,2.000,0.586,0.620,1.200,0.638,0.638,1.000,0.635,0.638,0.900,0.639,0.638,1.000,0.648,0.638,1.000,0.643,0.638
20110729_0742,-23.780,179.920,539.000,NO.NAO01.00,60.844,10.887,142.169,1657.991,1688.328,1697.871,696.000,3.198,0.687,0.648,0.679,0.680,0.674,1.000,1.200,0.959,0.947,0.500,0.838,0.838,0.400,0.836,0.838,0.100,0.839,0.838,-0.100,0.827,0.838,0.000,0.828,0.838
20110729_0742,-23.780,179.920,539.000,IV.MMME.,37.935,15.254,160.725,1759.955,1811.206,1828.437,697.000,6.925,0.543,0.510,0.535,0.539,0.532,1.400,1.500,0.907,0.906,1.300,0.857,0.857,1.100,0.863,0.857,0.900,0.864,0.857,0.800,0.866,0.857,0.900,0.861,0.857
20110729_0742,-23.780,179.920,539.000,XB.PM17.,34.391,-5.295,168.456,1799.197,1860.529,1881.706,698.000,5.310,0.570,0.548,0.517,0.507,0.522,-0.600,-0.300,0.731,0.686,-0.300,0.842,0.842,-0.600,0.769,0.842,-0.800,0.746,0.842,-0.900,0.721,0.842,-0.800,0.741,0.842
20110729_0742,-23.780,179.920,539.000,GR.CLZ.,51.843,10.374,150.815,1706.884,1746.361,1759.165,699.000,4.071,0.735,0.764,0.746,0.733,0.744,0.500,0.800,0.949,0.911,-0.100,0.901,0.901,-0.200,0.923,0.901,-0.400,0.926,0.901,-0.700,0.925,0.901,-0.600,0.926,0.901
20110729_0742,-23.780,179.920,539.000,TH.LAWA.,51.569,10.787,150.982,1707.807,1747.471,1760.344,700.000,3.791,0.543,0.562,0.548,0.536,0.544,0.400,-3.700,0.795,-0.848,-0.200,0.797,0.797,-0.300,0.830,0.797,-0.500,0.828,0.797,-0.700,0.814,0.797,-0.600,0.822,0.797
20110729_0742,-23.780,179.920,539.000,IV.INTR.,42.012,13.905,158.380,1747.681,1796.021,1812.147,701.000,7.285,0.427,0.536,0.585,0.605,0.586,1.900,2.100,0.965,0.973,1.700,0.948,0.948,1.300,0.947,0.948,1.000,0.950,0.948,0.800,0.953,0.948,0.900,0.950,0.948
20110729_0742,-23.780,179.920,539.000,IV.PTRJ.,41.364,14.529,158.602,1748.852,1797.465,1813.694,702.000,0.867,0.087,0.157,0.148,0.140,0.146,-1.700,-1.800,0.644,0.612,-2.000,0.649,0.649,-2.300,0.630,0.649,-2.600,0.634,0.649,-2.800,0.648,0.649,-2.700,0.638,0.649
20110729_0742,-23.780,179.920,539.000,IV.MSRU.,38.264,15.508,160.354,1758.028,1808.814,1825.867,703.000,2.719,0.256,0.268,0.333,0.336,0.310,3.600,3.500,0.787,0.707,3.500,0.790,0.790,3.100,0.755,0.790,2.800,0.741,0.790,2.700,0.731,0.790,2.800,0.740,0.790
20110729_0742,-23.780,179.920,539.000,G.FDF.00,14.735,-61.146,122.054,1534.824,1548.550,1552.630,704.000,2.729,0.125,0.200,0.226,0.219,0.205,1.000,1.000,0.717,0.691,-4.100,0.602,0.602,-1.300,0.484,0.602,-0.900,0.497,0.602,-1.000,0.488,0.602,-1.200,0.480,0.602
20110729_0742,-23.780,179.920,539.000,CN.LMN.,45.854,-64.806,124.157,1548.312,1563.452,1567.967,705.000,4.036,0.519,0.315,0.327,0.333,0.324,0.000,0.200,0.602,0.630,-0.200,0.775,0.775,-0.600,0.803,0.775,-1.000,0.763,0.775,-0.700,0.783,0.775,-0.700,0.791,0.775
20110729_0742,-23.780,179.920,539.000,G.ECH.00,48.216,7.159,154.899,1729.131,1773.295,1787.849,706.000,5.684,0.659,0.728,0.737,0.734,0.735,0.800,1.000,0.959,0.921,0.700,0.828,0.828,0.000,0.823,0.828,-0.100,0.834,0.828,-0.300,0.840,0.828,-0.200,0.838,0.828
20110729_0742,-23.780,179.920,539.000,GR.GRA3.,49.761,11.317,152.534,1716.316,1757.736,1771.260,707.000,12.878,0.701,0.704,0.751,0.772,0.750,0.900,1.100,0.938,0.945,1.000,0.932,0.932,0.800,0.898,0.932,0.600,0.902,0.932,0.300,0.904,0.932,0.500,0.901,0.932
20110729_0742,-23.780,179.920,539.000,XB.PS04.,36.605,-5.323,166.404,1788.964,1847.554,1867.631,708.000,10.255,0.736,0.718,0.740,0.750,0.739,0.800,0.700,0.926,0.907,1.000,0.884,0.884,0.500,0.864,0.884,0.300,0.845,0.884,0.100,0.827,0.884,0.300,0.845,0.884
20110729_0742,-23.780,179.920,539.000,G.MBO.00,14.392,-16.955,161.520,1764.079,1816.336,1833.950,709.000,3.118,0.197,0.179,0.192,0.191,0.185,-2.000,-2.300,0.677,0.660,9.300,0.500,0.500,8.500,0.516,0.500,8.800,0.508,0.500,8.800,0.508,0.500,8.600,0.512,0.500
20110729_0742,-23.780,179.920,539.000,IV.SGG.,41.387,14.379,158.656,1749.133,1797.811,1814.065,710.000,5.868,0.467,0.508,0.529,0.525,0.521,0.100,-4.300,0.583,-0.802,-0.600,0.564,0.564,-0.800,0.560,0.564,-1.200,0.556,0.564,-1.300,0.560,0.564,-1.200,0.559,0.564
20110729_0742,-23.780,179.920,539.000,GB.ESK.,55.317,-3.205,148.379,1693.350,1730.148,1741.974,711.000,5.972,0.703,0.702,0.706,0.709,0.710,0.400,0.400,0.916,0.940,-0.100,0.821,0.821,-0.100,0.832,0.821,-0.500,0.830,0.821,-0.700,0.832,0.821,-0.500,0.831,0.821
20110729_0742,-23.780,179.920,539.000,XB.PS17.,37.293,-5.392,165.740,1785.624,1843.337,1863.066,712.000,6.602,0.589,0.605,0.600,0.591,0.598,0.500,0.600,0.838,0.879,0.600,0.780,0.780,0.300,0.851,0.780,0.200,0.864,0.780,0.000,0.879,0.780,0.100,0.866,0.780
20110729_0742,-23.780,179.920,539.000,KO.AGRB.,39.576,42.992,140.547,1648.547,1677.297,1686.293,713.000,3.757,0.660,0.666,0.619,0.637,0.652,-0.800,-0.200,0.865,0.779,-1.400,0.764,0.764,-1.600,0.779,0.764,-2.100,0.791,0.764,-2.000,0.790,0.764,-1.800,0.785,0.764
20110729_0742,-23.780,179.920,539.000,SX.FBE.,50.921,13.354,150.939,1707.568,1747.184,1760.039,714.000,9.366,0.611,0.661,0.676,0.678,0.675,1.100,1.000,0.976,0.962,0.600,0.754,0.754,0.300,0.704,0.754,0.100,0.691,0.754,-0.200,0.707,0.754,-0.100,0.710,0.754
20110729_0742,-23.780,179.920,539.000,IV.CELB.,42.747,10.211,159.212,1752.056,1801.419,1817.933,715.000,6.324,0.646,0.639,0.655,0.664,0.656,0.900,1.000,0.939,0.928,0.800,0.872,0.872,0.800,0.880,0.872,0.600,0.871,0.872,0.300,0.857,0.872,0.400,0.864,0.872
20110729_0742,-23.780,179.920,539.000,RO.CFR.,45.178,28.136,148.695,1695.120,1732.261,1744.211,716.000,7.712,0.495,0.634,0.727,0.725,0.706,2.300,2.400,0.930,0.935,2.100,0.957,0.957,1.600,0.957,0.957,1.100,0.960,0.957,1.100,0.958,0.957,1.200,0.957,0.957
20110729_0742,-23.780,179.920,539.000,II.MBAR.10,-0.602,30.738,141.408,1653.572,1683.159,1692.443,717.000,2.536,0.619,0.633,0.640,0.645,0.640,1.000,-3.300,0.822,-0.739,0.100,0.862,0.862,0.300,0.845,0.862,0.000,0.848,0.862,-0.200,0.862,0.862,0.100,0.853,0.862
20110729_0742,-23.780,179.920,539.000,IV.TRTR.,42.808,13.914,157.734,1744.268,1791.820,1807.648,718.000,10.112,0.444,0.455,0.481,0.500,0.490,1.900,1.900,0.906,0.922,1.400,0.933,0.933,1.000,0.945,0.933,0.800,0.951,0.933,0.600,0.954,0.933,0.700,0.949,0.933
20110729_0742,-23.780,179.920,539.000,KO.IKL.,36.237,33.685,148.426,1693.614,1730.462,1742.307,719.000,4.591,0.644,0.626,0.674,0.671,0.657,1.200,1.200,0.962,0.958,0.900,0.981,0.981,0.800,0.978,0.981,0.300,0.981,0.981,0.300,0.982,0.981,0.500,0.980,0.981
20110729_0742,-23.780,179.920,539.000,GR.IGAD.,53.258,8.690,149.785,1701.190,1739.525,1751.909,720.000,1.824,0.285,0.321,0.316,0.310,0.313,2.000,5.100,0.734,-0.819,8.200,0.523,0.523,8.100,0.586,0.523,7.900,0.591,0.523,7.700,0.586,0.523,7.700,0.590,0.523
20110729_0742,-23.780,179.920,539.000,NA.SABA.,17.621,-63.243,121.052,1528.340,1541.421,1545.303,721.000,1.756,0.241,0.272,0.282,0.279,0.277,1.100,1.100,0.842,0.811,3.600,0.408,0.408,6.800,0.599,0.408,-5.100,0.585,0.408,7.000,0.553,0.408,6.900,0.583,0.408
20110729_0742,-23.780,179.920,539.000,XB.PM09.,35.027,-5.115,167.933,1796.600,1857.227,1878.120,722.000,3.887,0.447,0.490,0.478,0.461,0.480,0.000,-4.200,0.680,-0.839,-0.800,0.694,0.694,-0.800,0.895,0.694,-0.900,0.886,0.694,-1.100,0.875,0.694,-0.900,0.885,0.694
20110729_0742,-23.780,179.920,539.000,GE.DAG.,76.771,-18.655,126.230,1561.472,1578.085,1583.057,723.000,8.709,0.744,0.723,0.735,0.733,0.729,0.600,0.800,0.943,0.943,0.500,0.858,0.858,0.400,0.861,0.858,0.100,0.856,0.858,0.300,0.855,0.858,0.300,0.857,0.858
20110729_0742,-23.780,179.920,539.000,NL.WIT.,52.813,6.669,150.517,1705.241,1744.387,1757.069,724.000,1.540,0.418,0.458,0.460,0.462,0.462,1.200,1.500,0.888,0.884,0.800,0.904,0.904,0.700,0.941,0.904,0.500,0.934,0.904,0.300,0.924,0.904,0.400,0.932,0.904
20110729_0742,-23.780,179.920,539.000,GE.KBS.00,78.915,11.939,124.596,1551.112,1566.556,1571.166,725.000,4.777,0.710,0.679,0.661,0.668,0.671,-0.200,0.100,0.877,0.921,-0.300,0.866,0.866,-0.600,0.863,0.866,-0.800,0.855,0.866,-0.700,0.858,0.866,-0.700,0.859,0.866
20110729_0742,-23.780,179.920,539.000,IU.TSUM.10,-19.202,17.584,133.695,1607.710,1630.224,1637.102,726.000,1.337,0.216,0.134,0.128,0.111,0.123,-8.300,-2.100,0.583,0.621,6.300,0.423,0.423,-10.300,0.525,0.423,-10.300,0.527,0.423,-10.400,0.548,0.423,-10.400,0.543,0.423
20110729_0742,-23.780,179.920,539.000,2H.DALE.,14.229,40.218,140.863,1650.395,1679.451,1688.552,727.000,4.966,0.702,0.768,0.785,0.786,0.784,0.600,0.500,0.828,0.842,0.100,0.936,0.936,0.300,0.914,0.936,-0.400,0.932,0.936,0.000,0.913,0.936,0.000,0.914,0.936
20110729_0742,-23.780,179.920,539.000,XB.PM31A.,32.719,-4.739,170.168,1807.625,1871.285,1893.407,728.000,3.451,0.580,0.616,0.626,0.629,0.625,0.900,0.900,0.886,0.885,1.100,0.740,0.740,0.600,0.684,0.740,0.400,0.712,0.740,0.200,0.742,0.740,0.400,0.706,0.740
20110729_0742,-23.780,179.920,539.000,CH.BRANT.,46.938,6.473,156.254,1736.399,1782.168,1797.326,729.000,11.608,0.717,0.710,0.754,0.774,0.762,1.400,1.500,0.964,0.900,1.000,0.869,0.869,1.000,0.857,0.869,0.700,0.862,0.869,0.500,0.871,0.869,0.500,0.864,0.869
20110729_0742,-23.780,179.920,539.000,KO.KRTS.,36.573,35.375,147.024,1685.742,1721.086,1732.389,730.000,0.939,0.141,0.169,0.210,0.208,0.198,1.500,-2.300,0.884,-0.365,1.200,0.673,0.673,-6.800,0.652,0.673,0.500,0.678,0.673,0.500,0.678,0.673,0.700,0.664,0.673
20110729_0742,-23.780,179.920,539.000,XB.PM20.,33.906,-5.033,168.988,1801.825,1863.876,1885.343,731.000,8.575,0.676,0.606,0.608,0.615,0.609,0.200,0.500,0.890,0.863,0.000,0.853,0.853,-0.400,0.837,0.853,-0.700,0.857,0.853,-0.800,0.875,0.853,-0.700,0.857,0.853
20110729_0742,-23.780,179.920,539.000,NR.NE05.,52.087,5.171,151.409,1710.155,1750.298,1763.349,732.000,7.234,0.681,0.702,0.719,0.717,0.719,0.900,1.200,0.951,0.932,0.200,0.897,0.897,0.100,0.917,0.897,-0.100,0.922,0.897,-0.300,0.927,0.897,-0.200,0.926,0.897
20110729_0742,-23.780,179.920,539.000,GB.FOEL.,52.889,-3.200,150.794,1706.772,1746.226,1759.022,733.000,4.235,0.746,0.766,0.754,0.753,0.759,0.900,0.100,0.808,0.703,0.000,0.807,0.807,-0.300,0.791,0.807,-0.500,0.813,0.807,-0.700,0.818,0.807,-0.600,0.808,0.807
20110729_0742,-23.780,179.920,539.000,DK.NEEM.01,77.445,-51.074,121.251,1529.633,1542.840,1546.761,734.000,9.926,0.601,0.515,0.491,0.510,0.515,-0.300,0.000,0.899,0.888,-0.900,0.613,0.613,-0.700,0.521,0.613,-1.200,0.542,0.613,-1.000,0.523,0.613,-0.800,0.521,0.613
20110729_0742,-23.780,179.920,539.000,IV.MABI.,46.055,10.514,156.142,1735.799,1781.435,1796.541,735.000,6.522,0.545,0.610,0.654,0.664,0.660,2.100,2.100,0.951,0.974,1.600,0.914,0.914,1.400,0.914,0.914,1.200,0.913,0.914,1.100,0.913,0.914,1.100,0.913,0.914
20110729_0742,-23.780,179.920,539.000,GE.SLIT.,57.629,22.291,142.527,1660.066,1690.759,1700.426,736.000,5.200,0.728,0.724,0.776,0.792,0.770,1.700,1.800,0.968,0.973,1.300,0.982,0.982,1.200,0.986,0.982,0.900,0.982,0.982,0.700,0.982,0.982,0.900,0.983,0.982
20110729_0742,-23.780,179.920,539.000,5H.TIOE.,14.665,40.867,140.422,1647.817,1676.447,1685.401,737.000,3.426,0.687,0.675,0.653,0.670,0.673,1.100,0.800,0.868,0.832,0.200,0.889,0.889,0.500,0.885,0.889,-0.200,0.849,0.889,0.100,0.873,0.889,0.200,0.873,0.889
20110729_0742,-23.780,179.920,539.000,IV.FNVD.,44.168,11.123,157.646,1743.800,1791.244,1807.032,738.000,5.542,0.456,0.529,0.555,0.574,0.570,2.100,2.200,0.932,0.933,1.700,0.944,0.944,1.300,0.954,0.944,1.100,0.960,0.944,0.900,0.963,0.944,0.900,0.960,0.944
20110729_0742,-23.780,179.920,539.000,KO.KARS.,40.615,43.094,140.272,1646.937,1675.422,1684.327,739.000,2.645,0.581,0.589,0.565,0.578,0.583,1.100,1.300,0.937,0.932,0.400,0.843,0.843,0.300,0.836,0.843,-0.200,0.826,0.843,-0.100,0.827,0.843,0.000,0.829,0.843
20110729_0742,-23.780,179.920,539.000,IV.MSAG.,41.712,15.910,157.667,1743.916,1791.387,1807.185,740.000,4.761,0.436,0.518,0.560,0.569,0.557,2.600,2.800,0.947,0.962,2.500,0.863,0.863,2.000,0.859,0.863,1.700,0.844,0.863,1.600,0.830,0.863,1.700,0.839,0.863
20110729_0742,-23.780,179.920,539.000,ES.ESBB.,39.674,-3.963,163.771,1775.633,1830.777,1849.502,741.000,6.009,0.716,0.670,0.688,0.691,0.686,0.100,0.500,0.875,0.800,0.100,0.905,0.905,-0.200,0.839,0.905,-0.400,0.850,0.905,-0.500,0.854,0.905,-0.500,0.846,0.905
20110729_0742,-23.780,179.920,539.000,XB.PS01.,36.080,-5.624,166.802,1790.957,1850.074,1870.361,742.000,9.323,0.634,0.579,0.621,0.645,0.617,0.500,0.500,0.931,0.895,0.200,0.933,0.933,1.000,0.669,0.933,0.600,0.637,0.933,0.100,0.614,0.933,0.600,0.616,0.933
20110729_0742,-23.780,179.920,539.000,NR.NE019.,51.067,4.283,152.505,1716.160,1757.548,1771.059,743.000,7.990,0.695,0.684,0.676,0.674,0.677,1.000,1.000,0.884,0.922,1.000,0.924,0.924,0.100,0.850,0.924,-0.100,0.852,0.924,-0.200,0.860,0.924,-0.200,0.858,0.924
20110729_0742,-23.780,179.920,539.000,IV.PTQR.,42.022,13.401,158.593,1748.806,1797.408,1813.632,744.000,3.754,0.387,0.456,0.508,0.511,0.500,2.300,2.600,0.887,0.889,2.100,0.924,0.924,1.800,0.919,0.924,1.500,0.911,0.924,1.400,0.903,0.924,1.500,0.907,0.924
20110729_0742,-23.780,179.920,539.000,XB.PS06.,36.731,-5.514,166.231,1788.094,1846.455,1866.441,745.000,0.394,0.010,0.001,0.003,0.005,0.003,-9.700,4.500,0.407,-0.541,0.900,0.607,0.607,1.200,0.437,0.607,-9.100,0.429,0.607,-9.200,0.437,0.607,-9.100,0.428,0.607
20110729_0742,-23.780,179.920,539.000,CN.DRLN.,49.256,-57.503,128.835,1577.805,1596.381,1601.970,746.000,2.349,0.549,0.640,0.634,0.649,0.651,0.400,0.500,0.922,0.942,0.100,0.937,0.937,-0.300,0.932,0.937,-0.800,0.923,0.937,-0.600,0.929,0.937,-0.400,0.932,0.937
20110729_0742,-23.780,179.920,539.000,IV.LNSS.,42.603,13.040,158.270,1747.100,1795.305,1811.380,747.000,2.251,0.209,0.205,0.187,0.167,0.185,7.900,-0.800,0.459,0.406,-1.000,0.799,0.799,-1.300,0.814,0.799,-1.600,0.814,0.799,-1.800,0.816,0.799,-1.600,0.813,0.799
20110729_0742,-23.780,179.920,539.000,CZ.KHC.,49.131,13.578,152.470,1715.969,1757.317,1770.813,748.000,9.323,0.609,0.672,0.726,0.740,0.723,1.200,1.200,0.955,0.945,1.100,0.922,0.922,0.800,0.909,0.922,0.500,0.918,0.922,0.300,0.920,0.922,0.400,0.917,0.922
20110729_0742,-23.780,179.920,539.000,XB.PM35.,31.046,-3.996,171.947,1816.296,1882.409,1905.537,749.000,12.260,0.623,0.718,0.716,0.718,0.716,-0.800,-0.600,0.958,0.946,-1.000,0.901,0.901,-0.800,0.882,0.901,-1.000,0.862,0.901,-1.000,0.845,0.901,-1.000,0.858,0.901
20110729_0742,-23.780,179.920,539.000,AF.NBI.,-1.274,36.804,136.286,1623.332,1648.109,1655.755,750.000,2.712,0.691,0.670,0.671,0.670,0.672,-0.700,-1.000,0.649,0.571,-0.300,0.715,0.715,-0.100,0.702,0.715,-0.400,0.679,0.715,-0.300,0.674,0.715,-0.100,0.687,0.715
20110729_0742,-23.780,179.920,539.000,GE.KMBO.10,-1.127,37.252,136.017,1621.721,1646.258,1653.821,751.000,2.791,0.429,0.454,0.442,0.436,0.441,-0.300,-0.500,0.830,0.826,-1.000,0.749,0.749,-0.800,0.777,0.749,-1.100,0.768,0.749,-1.200,0.765,0.749,-1.100,0.768,0.749
20110729_0742,-23.780,179.920,539.000,IV.ROM9.,41.828,12.516,159.129,1751.622,1800.883,1817.358,752.000,2.801,0.191,0.239,0.258,0.273,0.259,2.200,2.300,0.862,0.954,1.800,0.927,0.927,1.700,0.922,0.927,1.400,0.917,0.927,1.100,0.909,0.927,1.400,0.915,0.927
20110729_0742,-23.780,179.920,539.000,II.SUR.00,-32.380,20.812,120.403,1524.128,1536.799,1540.557,753.000,1.827,0.191,0.104,0.114,0.141,0.134,-1.600,-1.200,0.437,0.346,4.000,0.629,0.629,4.400,0.484,0.629,4.500,0.478,0.629,4.300,0.479,0.629,4.300,0.480,0.629
20110729_0742,-23.780,179.920,539.000,TH.SCHD.,50.535,11.212,151.846,1712.553,1753.190,1766.423,754.000,6.365,0.809,0.810,0.819,0.816,0.816,0.600,0.800,0.940,0.958,0.200,0.884,0.884,0.100,0.914,0.884,-0.200,0.922,0.884,-0.500,0.927,0.884,-0.300,0.921,0.884
20110729_0742,-23.780,179.920,539.000,5H.EITE.,15.236,38.778,142.515,1659.997,1690.678,1700.341,755.000,1.215,0.353,0.419,0.446,0.436,0.435,1.100,1.200,0.923,0.932,0.700,0.977,0.977,0.600,0.953,0.977,-0.100,0.947,0.977,0.100,0.948,0.977,0.100,0.949,0.977
20110729_0742,-23.780,179.920,539.000,GE.CSS.,34.961,33.331,148.991,1696.768,1734.230,1746.297,756.000,7.029,0.524,0.494,0.506,0.507,0.505,0.600,0.500,0.786,0.771,-0.100,0.966,0.966,-0.200,0.967,0.966,-0.900,0.943,0.966,-0.800,0.946,0.966,-0.500,0.955,0.966
20110729_0742,-23.780,179.920,539.000,IV.ARCI.,42.852,11.475,158.672,1749.218,1797.916,1814.177,757.000,3.959,0.244,0.294,0.315,0.326,0.319,3.200,2.700,0.793,0.812,2.900,0.690,0.690,2.700,0.705,0.690,2.500,0.705,0.690,2.300,0.699,0.690,2.400,0.703,0.690
20110729_0742,-23.780,179.920,539.000,2H.BIME.,12.842,40.984,139.670,1643.402,1671.313,1680.020,758.000,0.350,-0.006,-0.028,-0.024,-0.025,-0.026,3.900,-4.600,0.726,-0.730,7.100,0.203,0.203,7.500,0.165,0.203,6.800,0.191,0.203,7.000,0.180,0.203,7.100,0.179,0.203
20110729_0742,-23.780,179.920,539.000,GR.GRC4.,49.086,11.525,153.099,1719.395,1761.464,1775.229,759.000,17.688,0.564,0.665,0.702,0.703,0.697,0.800,1.000,0.966,0.962,0.600,0.855,0.855,0.100,0.813,0.855,-0.200,0.815,0.855,-0.300,0.819,0.855,-0.300,0.816,0.855
20110729_0742,-23.780,179.920,539.000,HE.HEF.,68.406,23.664,133.094,1604.053,1626.058,1632.766,760.000,9.588,0.731,0.739,0.748,0.746,0.745,1.200,1.400,0.935,0.929,0.700,0.861,0.861,0.600,0.866,0.861,0.200,0.877,0.861,0.200,0.878,0.861,0.300,0.873,0.861
20110729_0742,-23.780,179.920,539.000,IV.CESI.,43.005,12.905,157.991,1745.625,1793.490,1809.436,761.000,6.999,0.603,0.605,0.620,0.621,0.627,2.000,2.000,0.761,0.781,1.700,0.788,0.788,1.400,0.774,0.788,1.200,0.762,0.788,1.000,0.742,0.788,1.100,0.754,0.788
20110729_0742,-23.780,179.920,539.000,AF.LBB.,-11.631,27.485,135.502,1618.627,1642.705,1650.113,762.000,1.175,0.229,0.263,0.259,0.249,0.257,-0.500,-0.400,0.839,0.800,-1.800,0.642,0.642,-1.700,0.630,0.642,-1.900,0.647,0.642,-2.100,0.671,0.642,-1.900,0.651,0.642
20110729_0742,-23.780,179.920,539.000,XB.PS61.,37.289,-3.069,166.251,1788.192,1846.578,1866.574,763.000,10.022,0.433,0.405,0.431,0.443,0.430,0.500,4.000,0.687,-0.566,0.200,0.493,0.493,0.700,0.549,0.493,0.500,0.513,0.493,0.300,0.466,0.493,0.500,0.499,0.493
20110729_0742,-23.780,179.920,539.000,KO.LAP.,40.370,26.759,152.039,1713.612,1754.468,1767.783,764.000,2.993,0.210,0.244,0.281,0.272,0.267,1.900,-2.200,0.518,-0.703,1.400,0.677,0.677,1.100,0.644,0.677,0.700,0.597,0.677,0.700,0.592,0.677,0.800,0.614,0.677
20110729_0742,-23.780,179.920,539.000,GU.LSD.,45.459,7.134,157.546,1743.270,1790.593,1806.335,765.000,11.366,0.640,0.674,0.716,0.737,0.722,1.600,1.700,0.916,0.959,1.300,0.968,0.968,1.100,0.986,0.968,0.800,0.988,0.968,0.500,0.985,0.968,0.700,0.986,0.968
20110729_0742,-23.780,179.920,539.000,SI.ABSI.,46.729,11.321,155.296,1731.266,1775.898,1790.627,766.000,8.336,0.551,0.597,0.652,0.663,0.653,1.800,1.800,0.913,0.907,1.600,0.883,0.883,1.200,0.886,0.883,0.900,0.887,0.883,0.700,0.887,0.883,0.800,0.889,0.883
20110729_0742,-23.780,179.920,539.000,RO.IAS.,47.193,27.553,147.858,1690.433,1726.670,1738.293,767.000,6.921,0.498,0.523,0.533,0.535,0.532,1.000,4.400,0.607,-0.249,0.700,0.596,0.596,0.500,0.587,0.596,0.200,0.581,0.596,0.100,0.582,0.596,0.200,0.585,0.596
20110729_0742,-23.780,179.920,539.000,XB.PS57.,37.012,-2.986,166.535,1789.621,1848.384,1868.530,768.000,4.748,0.571,0.563,0.579,0.592,0.584,1.400,-2.500,0.818,-0.577,1.900,0.796,0.796,1.900,0.659,0.796,1.800,0.643,0.796,1.700,0.628,0.796,1.800,0.644,0.796
20110729_0742,-23.780,179.920,539.000,IV.PLMA.,44.050,9.854,158.158,1746.508,1794.577,1810.600,769.000,6.217,0.358,0.411,0.460,0.487,0.464,1.500,1.700,0.967,0.953,1.300,0.721,0.721,1.300,0.752,0.721,1.000,0.739,0.721,0.600,0.734,0.721,0.800,0.735,0.721
20110729_0742,-23.780,179.920,539.000,AF.POGA.,-27.346,31.707,120.377,1523.964,1536.620,1540.374,770.000,2.084,0.118,0.186,0.182,0.168,0.171,6.700,0.800,0.709,0.418,0.800,0.581,0.581,6.600,0.535,0.581,6.600,0.535,0.581,0.600,0.550,0.581,0.600,0.533,0.581
20110729_0742,-23.780,179.920,539.000,MN.AQU.,42.354,13.405,158.321,1747.371,1795.640,1811.738,771.000,5.356,0.396,0.484,0.529,0.552,0.537,2.500,2.600,0.932,0.945,2.300,0.941,0.941,1.900,0.954,0.941,1.600,0.955,0.941,1.400,0.955,0.941,1.500,0.956,0.941
20110729_0742,-23.780,179.920,539.000,GU.FINB.,44.178,8.325,158.473,1748.174,1796.629,1812.798,772.000,7.841,0.668,0.701,0.733,0.760,0.738,1.500,1.600,0.991,0.991,1.300,0.939,0.939,1.200,0.948,0.939,1.000,0.941,0.939,0.700,0.931,0.939,0.900,0.936,0.939
20110729_0742,-23.780,179.920,539.000,CU.BBGH.00,13.143,-59.559,122.974,1540.741,1555.075,1559.342,773.000,2.611,0.057,-0.023,-0.025,-0.023,-0.022,4.200,4.100,0.539,0.503,-1.400,0.806,0.806,-0.800,0.590,0.806,-1.100,0.793,0.806,-0.800,0.743,0.806,-0.700,0.618,0.806
20110729_0742,-23.780,179.920,539.000,GE.RGN.,54.548,13.321,147.650,1689.263,1725.276,1736.819,774.000,7.243,0.688,0.723,0.751,0.757,0.750,1.000,1.000,0.942,0.940,0.700,0.935,0.935,0.600,0.940,0.935,0.400,0.947,0.935,0.200,0.945,0.935,0.300,0.944,0.935
20110729_0742,-23.780,179.920,539.000,KO.KLYT.,41.253,29.042,150.099,1702.928,1741.609,1754.121,775.000,6.023,0.226,0.277,0.344,0.338,0.317,2.200,2.300,0.832,0.910,1.500,0.846,0.846,1.100,0.838,0.846,0.700,0.834,0.846,0.600,0.831,0.846,0.800,0.830,0.846
20110729_0742,-23.780,179.920,539.000,CN.SCHQ.,54.832,-66.833,122.524,1537.852,1551.886,1556.061,776.000,7.511,0.676,0.673,0.676,0.677,0.675,0.400,0.500,0.917,0.968,0.500,0.875,0.875,0.000,0.886,0.875,-0.200,0.883,0.875,-0.100,0.890,0.875,0.000,0.888,0.875
20110729_0742,-23.780,179.920,539.000,GE.HLG.,54.183,7.883,149.017,1696.917,1734.409,1746.487,777.000,10.329,0.699,0.635,0.610,0.599,0.603,-0.200,0.100,0.910,0.881,-0.600,0.814,0.814,-0.900,0.823,0.814,-1.400,0.816,0.814,-1.600,0.808,0.814,-1.500,0.811,0.814
20110729_0742,-23.780,179.920,539.000,XB.PM02.,35.610,-5.347,167.322,1793.556,1853.366,1873.930,778.000,3.018,0.470,0.479,0.523,0.545,0.518,0.500,0.500,0.596,0.606,0.100,0.669,0.669,0.700,0.579,0.669,0.200,0.575,0.669,-0.100,0.599,0.669,0.200,0.567,0.669
20110729_0742,-23.780,179.920,539.000,IV.CING.,43.376,13.195,157.564,1743.369,1790.716,1806.466,779.000,8.406,0.372,0.472,0.524,0.536,0.523,2.100,2.100,0.950,0.969,1.600,0.923,0.923,1.300,0.940,0.923,1.000,0.951,0.923,0.900,0.956,0.923,1.000,0.951,0.923
20110729_0742,-23.780,179.920,539.000,IU.KIEV.00,50.701,29.224,144.831,1673.307,1706.344,1716.830,780.000,14.110,0.595,0.590,0.633,0.623,0.617,0.600,0.800,0.824,0.821,0.000,0.955,0.955,0.000,0.960,0.955,-0.300,0.941,0.955,-0.600,0.930,0.955,-0.300,0.942,0.955
20110729_0742,-23.780,179.920,539.000,KO.SILT.,41.153,29.643,149.738,1700.925,1739.207,1751.572,781.000,6.419,0.620,0.687,0.768,0.758,0.735,2.100,2.300,0.964,0.962,1.400,0.956,0.956,1.000,0.938,0.956,0.600,0.919,0.956,0.500,0.924,0.956,0.700,0.930,0.956
20110729_0742,-23.780,179.920,539.000,IV.FAGN.,42.266,13.584,158.316,1747.345,1795.607,1811.703,782.000,5.114,0.398,0.476,0.545,0.540,0.530,3.300,2.800,0.856,0.784,2.800,0.804,0.804,2.400,0.831,0.804,2.100,0.827,0.804,2.000,0.819,0.804,2.100,0.824,0.804
20110729_0742,-23.780,179.920,539.000,DK.SCO.,70.486,-21.950,131.586,1594.828,1615.585,1621.880,783.000,3.733,0.660,0.652,0.659,0.656,0.653,0.700,1.200,0.680,0.668,0.300,0.922,0.922,0.300,0.923,0.922,-0.100,0.924,0.922,-0.100,0.923,0.922,0.100,0.923,0.922
20110729_0742,-23.780,179.920,539.000,KO.DARE.,38.571,37.483,144.938,1673.917,1707.064,1717.590,784.000,7.959,0.806,0.814,0.811,0.810,0.814,0.300,0.600,0.967,0.951,-0.100,0.909,0.909,-0.100,0.901,0.909,-0.800,0.895,0.909,-0.600,0.881,0.909,-0.400,0.886,0.909
20110729_0742,-23.780,179.920,539.000,IU.MACI.,28.250,-16.508,164.590,1779.803,1836.011,1855.148,785.000,0.442,-0.153,-0.102,-0.072,-0.083,-0.092,6.800,-3.300,0.564,0.343,6.300,0.748,0.748,5.700,0.834,0.748,5.600,0.828,0.748,5.600,0.830,0.748,5.600,0.831,0.748
20110729_0742,-23.780,179.920,539.000,IV.ROVR.,45.647,11.072,156.344,1736.879,1782.756,1797.953,786.000,4.703,0.526,0.604,0.659,0.681,0.662,1.600,1.600,0.898,0.897,1.200,0.847,0.847,1.000,0.867,0.847,0.700,0.880,0.847,0.400,0.893,0.847,0.600,0.883,0.847
20110729_0742,-23.780,179.920,539.000,XB.PM30.,31.863,-4.272,171.109,1812.225,1877.180,1899.833,787.000,10.409,0.418,0.499,0.544,0.574,0.538,0.700,1.000,0.784,0.775,1.400,0.366,0.366,-1.400,0.661,0.366,-1.400,0.692,0.366,-1.400,0.721,0.366,-1.500,0.702,0.366
20110729_0742,-23.780,179.920,539.000,AF.ZOMB.,-15.383,35.350,127.732,1570.914,1588.645,1593.966,788.000,1.298,0.069,0.082,0.081,0.080,0.079,7.200,-1.900,0.410,-0.576,-6.200,0.674,0.674,-6.300,0.686,0.674,-6.400,0.684,0.674,-6.500,0.678,0.674,-6.300,0.684,0.674
20110729_0742,-23.780,179.920,539.000,II.SHEL.00,-15.959,-5.746,139.877,1644.619,1672.727,1681.502,789.000,1.057,0.135,0.087,0.088,0.099,0.089,7.900,4.300,0.590,-0.811,-10.300,0.392,0.392,8.300,0.401,0.392,8.200,0.396,0.392,-10.200,0.376,0.392,-10.200,0.371,0.392
20110729_0742,-23.780,179.920,539.000,GT.LBTB.00,-25.015,25.597,125.231,1555.147,1571.039,1575.787,790.000,3.497,0.193,0.135,0.139,0.157,0.140,2.700,-0.300,0.525,0.231,-0.300,0.680,0.680,-0.600,0.673,0.680,-0.600,0.682,0.680,-0.600,0.715,0.680,-0.700,0.696,0.680
