evtid,evla,evlo,evdp,station,stla,stlo,gcarc,s2ks,s3ks,s4ks,tridx,snr,ccf1,ccf2,ccf3,ccf4,ccf5,t32_cc,t32_pp,ccf_cc,ccf_pp,t32_fw1,ccf_fw1,ccf_sg1,t32_fw2,ccf_fw2,ccf_sg2,t32_fw3,ccf_fw3,ccf_sg3,t32_fw4,ccf_fw4,ccf_sg4,t32_fw5,ccf_fw5,ccf_sg5,auto_selected
20110729_0742,-23.78,179.92,539.0,NO.NC303.00,61.225,11.369,141.736,1655.483,1685.393,1694.789,0.0,8.811,0.673,0.635,0.666,0.674,0.665,1.2,1.3,0.991,0.983,0.8,0.782,0.782,0.8,0.79,0.782,0.6,0.785,0.782,0.3,0.766,0.782,0.5,0.772,0.782,0
20110729_0742,-23.78,179.92,539.0,IU.BBSR.00,32.371,-64.696,123.176,1542.037,1556.507,1560.816,1.0,0.956,0.013,-0.037,-0.034,-0.03,-0.032,0.5,-0.1,0.825,0.842,-0.2,0.888,0.888,-0.5,0.661,0.888,-1.3,0.819,0.888,-0.7,0.724,0.888,-0.5,0.687,0.888,0
20110729_0742,-23.78,179.92,539.0,IV.SGRT.,41.755,15.744,157.717,1744.179,1791.711,1807.532,2.0,6.402,0.499,0.542,0.572,0.581,0.575,2.7,2.8,0.915,0.952,2.4,0.933,0.933,2.1,0.942,0.933,1.9,0.937,0.933,1.7,0.932,0.933,1.8,0.937,0.933,0
20110729_0742,-23.78,179.92,539.0,IV.MA9.,41.77,12.659,159.117,1751.558,1800.804,1817.273,3.0,4.309,0.362,0.393,0.428,0.439,0.422,2.5,2.6,0.831,0.872,2.4,0.764,0.764,2.3,0.751,0.764,1.9,0.723,0.764,1.7,0.698,0.764,1.9,0.718,0.764,0
20110729_0742,-23.78,179.92,539.0,GB.BIGH.,58.493,-3.91,145.18,1675.291,1708.689,1719.302,4.0,12.28,0.676,0.695,0.705,0.708,0.71,1.4,1.3,0.872,0.828,0.6,0.874,0.874,0.7,0.871,0.874,0.4,0.875,0.874,0.1,0.891,0.874,0.3,0.884,0.874,1
20110729_0742,-23.78,179.92,539.0,II.KIV.10,43.955,42.686,139.773,1644.01,1672.019,1680.761,5.0,5.579,0.778,0.796,0.812,0.812,0.807,0.9,0.9,0.967,0.935,0.4,0.966,0.966,0.4,0.974,0.966,-0.1,0.977,0.966,0.0,0.976,0.966,0.2,0.975,0.966,1
20110729_0742,-23.78,179.92,539.0,OE.KBA.,47.078,13.345,154.347,1726.153,1769.671,1783.98,6.0,6.68,0.446,0.501,0.512,0.515,0.513,1.9,2.4,0.834,0.805,1.9,0.58,0.58,1.3,0.504,0.58,1.1,0.498,0.58,0.8,0.501,0.58,0.9,0.498,0.58,0
20110729_0742,-23.78,179.92,539.0,NE.EMMW.,44.71,-67.458,122.265,1536.18,1550.044,1554.166,7.0,2.403,0.616,0.614,0.611,0.617,0.616,0.1,0.5,0.672,0.77,0.0,0.849,0.849,-0.1,0.828,0.849,-0.3,0.829,0.849,-0.1,0.843,0.849,-0.1,0.839,0.849,0
20110729_0742,-23.78,179.92,539.0,XB.PM16.,35.13,-3.695,168.224,1798.045,1859.064,1880.115,8.0,3.74,0.38,0.338,0.344,0.347,0.343,0.1,-4.0,0.606,-0.393,-0.2,0.457,0.457,-0.1,0.41,0.457,-0.2,0.381,0.457,5.4,0.401,0.457,-0.2,0.381,0.457,0
20110729_0742,-23.78,179.92,539.0,ZP.MANS.02,-11.14,28.875,135.05,1615.906,1639.587,1646.86,9.0,1.528,0.253,0.229,0.232,0.226,0.228,-1.4,-1.2,0.58,0.88,-2.8,0.709,0.709,-2.9,0.671,0.709,-3.0,0.668,0.709,-3.2,0.675,0.709,-3.0,0.672,0.709,0
20110729_0742,-23.78,179.92,539.0,XB.PM37.,34.951,-3.151,168.515,1799.488,1860.9,1882.109,10.0,3.518,0.519,0.507,0.539,0.558,0.538,0.2,-3.2,0.828,-0.588,0.6,0.841,0.841,0.4,0.883,0.841,0.3,0.885,0.841,0.2,0.883,0.841,0.2,0.89,0.841,0
20110729_0742,-23.78,179.92,539.0,GB.ELSH.,51.148,1.135,152.616,1716.764,1758.278,1771.836,11.0,7.634,0.715,0.696,0.673,0.653,0.663,0.7,0.8,0.942,0.94,0.8,0.932,0.932,-0.3,0.915,0.932,-0.5,0.922,0.932,-0.7,0.934,0.932,-0.7,0.931,0.932,1
20110729_0742,-23.78,179.92,539.0,GE.KARP.,35.547,27.161,153.689,1722.6,1765.352,1779.373,12.0,1.999,0.418,0.412,0.415,0.414,0.415,-5.6,0.3,0.117,0.057,0.4,0.652,0.652,0.3,0.707,0.652,-0.1,0.666,0.652,0.0,0.661,0.652,0.1,0.677,0.652,0
20110729_0742,-23.78,179.92,539.0,RO.PLOR2.,45.85,26.644,149.164,1697.736,1735.389,1747.525,13.0,2.126,0.369,0.412,0.456,0.452,0.437,2.6,3.0,0.658,0.541,2.1,0.864,0.864,1.4,0.869,0.864,1.0,0.869,0.864,1.0,0.866,0.864,1.1,0.866,0.864,0
20110729_0742,-23.78,179.92,539.0,IV.STAL.,46.26,12.71,155.273,1731.144,1775.749,1790.468,14.0,4.691,0.553,0.635,0.665,0.679,0.669,1.7,2.1,0.844,0.833,1.7,0.785,0.785,1.3,0.8,0.785,1.1,0.824,0.785,0.8,0.835,0.785,0.9,0.827,0.785,0
20110729_0742,-23.78,179.92,539.0,MN.VSL.,39.496,9.378,162.367,1768.443,1821.781,1839.808,15.0,5.731,0.507,0.57,0.601,0.619,0.597,1.6,1.7,0.902,0.923,1.6,0.877,0.877,1.3,0.889,0.877,1.2,0.893,0.877,1.0,0.897,0.877,1.0,0.891,0.877,0
20110729_0742,-23.78,179.92,539.0,KO.SARI.,38.407,36.418,145.787,1678.742,1712.777,1723.614,16.0,2.044,0.587,0.585,0.593,0.59,0.589,0.4,0.7,0.895,0.939,0.3,0.776,0.776,0.1,0.755,0.776,-0.7,0.756,0.776,-0.6,0.751,0.776,-0.3,0.747,0.776,0
20110729_0742,-23.78,179.92,539.0,CH.LIENZ.,47.294,9.492,155.274,1731.148,1775.754,1790.473,17.0,3.616,0.57,0.603,0.631,0.647,0.638,2.2,2.7,0.883,0.856,1.9,0.849,0.849,1.4,0.85,0.849,1.3,0.874,0.849,1.0,0.891,0.849,1.0,0.88,0.849,0
20110729_0742,-23.78,179.92,539.0,CH.MUO.,46.968,8.637,155.784,1733.884,1779.094,1794.041,18.0,5.354,0.587,0.637,0.688,0.713,0.694,2.3,2.2,0.828,0.882,1.8,0.892,0.892,1.7,0.905,0.892,1.4,0.918,0.892,1.2,0.928,0.892,1.3,0.923,0.892,1
20110729_0742,-23.78,179.92,539.0,XB.PS34.,38.433,-4.75,164.817,1780.954,1837.457,1856.71,19.0,10.251,0.662,0.593,0.635,0.655,0.632,0.2,0.4,0.95,0.939,0.3,0.925,0.925,0.2,0.938,0.925,0.0,0.942,0.925,-0.2,0.946,0.925,0.0,0.942,0.925,0
20110729_0742,-23.78,179.92,539.0,GR.AHRW.,50.541,7.076,152.668,1717.05,1758.624,1772.205,20.0,8.847,0.764,0.721,0.704,0.696,0.697,0.5,0.6,0.936,0.93,0.5,0.875,0.875,-0.3,0.81,0.875,-0.5,0.816,0.875,-0.7,0.824,0.875,-0.7,0.822,0.875,1
20110729_0742,-23.78,179.92,539.0,KO.PHSR.,41.631,27.524,150.927,1707.504,1747.107,1759.957,21.0,3.541,0.532,0.576,0.614,0.616,0.597,2.5,2.9,0.945,0.942,2.2,0.877,0.877,1.6,0.892,0.877,1.2,0.916,0.877,1.1,0.92,0.877,1.3,0.908,0.877,0
20110729_0742,-23.78,179.92,539.0,IV.SALB.,39.877,16.346,158.769,1749.732,1798.55,1814.857,22.0,4.0,0.595,0.541,0.534,0.53,0.533,0.8,0.9,0.846,0.875,0.3,0.731,0.731,-0.1,0.736,0.731,-0.4,0.721,0.731,-0.6,0.709,0.731,-0.4,0.72,0.731,0
20110729_0742,-23.78,179.92,539.0,XB.PS21.,37.345,-4.456,165.927,1786.563,1844.521,1864.348,23.0,0.355,0.007,0.015,0.015,0.013,0.015,-10.1,4.7,0.271,-0.516,-8.2,0.428,0.428,-8.2,0.382,0.428,-8.4,0.382,0.428,-8.5,0.385,0.428,-8.4,0.384,0.428,0
20110729_0742,-23.78,179.92,539.0,6H.SUSS.,-19.422,33.292,125.92,1559.512,1575.899,1580.801,24.0,2.468,0.484,0.476,0.475,0.475,0.478,-0.1,-0.1,0.943,0.945,-0.6,0.844,0.844,-0.7,0.817,0.844,-0.8,0.823,0.844,-0.9,0.834,0.844,-0.8,0.828,0.844,0
20110729_0742,-23.78,179.92,539.0,IV.FDMO.,43.036,13.087,157.891,1745.096,1792.839,1808.739,25.0,5.278,0.548,0.595,0.631,0.644,0.637,1.9,1.9,0.97,0.972,1.5,0.94,0.94,1.1,0.952,0.94,0.9,0.954,0.94,0.7,0.955,0.94,0.8,0.955,0.94,0
20110729_0742,-23.78,179.92,539.0,IV.MURB.,43.263,12.525,157.923,1745.268,1793.051,1808.966,26.0,5.916,0.57,0.608,0.63,0.636,0.633,2.2,2.4,0.907,0.895,1.7,0.853,0.853,1.3,0.85,0.853,1.0,0.848,0.853,0.9,0.843,0.853,1.0,0.845,0.853,1
20110729_0742,-23.78,179.92,539.0,AF.HVD.,-30.605,25.497,120.342,1523.731,1536.364,1540.111,27.0,1.66,-0.032,0.054,0.044,0.005,0.021,3.1,3.2,0.917,0.833,3.2,0.797,0.797,3.2,0.743,0.797,3.2,0.745,0.797,3.1,0.752,0.797,3.2,0.75,0.797,0
20110729_0742,-23.78,179.92,539.0,IV.ASQU.,43.797,11.789,157.739,1744.297,1791.856,1807.686,28.0,6.339,0.537,0.593,0.637,0.643,0.636,2.0,2.1,0.977,0.974,1.7,0.897,0.897,1.3,0.91,0.897,1.0,0.908,0.897,0.8,0.902,0.897,0.9,0.905,0.897,0
20110729_0742,-23.78,179.92,539.0,KO.BNN.,38.852,35.847,146.102,1680.526,1714.892,1725.847,29.0,6.931,0.714,0.72,0.748,0.743,0.742,1.1,1.1,0.939,0.939,0.7,0.889,0.889,0.5,0.878,0.889,-0.1,0.871,0.889,0.0,0.878,0.889,0.1,0.879,0.889,1
20110729_0742,-23.78,179.92,539.0,RD.ORT2.,44.918,5.88,158.312,1747.323,1795.58,1811.674,30.0,11.428,0.591,0.602,0.636,0.67,0.649,1.8,1.8,0.934,0.958,1.4,0.953,0.953,1.4,0.959,0.953,1.3,0.96,0.953,1.0,0.965,0.953,1.1,0.962,0.953,1
20110729_0742,-23.78,179.92,539.0,IV.TEOL.,45.362,11.674,156.407,1737.215,1783.167,1798.392,31.0,9.083,0.634,0.665,0.709,0.72,0.707,1.5,1.7,0.963,0.961,1.1,0.846,0.846,0.9,0.878,0.846,0.6,0.885,0.846,0.4,0.887,0.846,0.5,0.884,0.846,1
20110729_0742,-23.78,179.92,539.0,IU.BBSR.10,32.371,-64.696,123.176,1542.037,1556.507,1560.816,32.0,0.983,0.016,-0.032,-0.026,-0.023,-0.026,0.4,-0.1,0.821,0.861,-0.1,0.89,0.89,-0.5,0.665,0.89,-1.3,0.817,0.89,-0.6,0.726,0.89,-0.5,0.69,0.89,0
20110729_0742,-23.78,179.92,539.0,XB.PM01.,35.702,-5.654,167.14,1792.648,1852.216,1872.683,33.0,17.834,0.597,0.657,0.677,0.683,0.672,0.3,0.5,0.954,0.946,0.6,0.52,0.52,-0.1,0.874,0.52,-0.1,0.874,0.52,-0.2,0.868,0.52,-0.2,0.869,0.52,1
20110729_0742,-23.78,179.92,539.0,KO.KRBG.,40.393,27.298,151.666,1711.567,1752.0,1765.157,34.0,3.637,0.416,0.447,0.516,0.502,0.479,2.9,2.9,0.779,0.836,2.8,0.683,0.683,2.3,0.661,0.683,1.8,0.686,0.683,1.7,0.696,0.683,2.0,0.681,0.683,0
20110729_0742,-23.78,179.92,539.0,CH.MMK.,46.051,7.964,156.803,1739.324,1785.751,1801.155,35.0,6.764,0.638,0.663,0.698,0.718,0.707,2.0,2.0,0.969,0.965,1.8,0.951,0.951,1.5,0.971,0.951,1.3,0.972,0.951,1.2,0.972,0.951,1.2,0.973,0.951,1
20110729_0742,-23.78,179.92,539.0,OE.MOA.,47.849,14.266,153.368,1720.856,1763.235,1777.117,36.0,7.189,0.553,0.572,0.615,0.62,0.613,2.6,2.6,0.956,0.941,1.8,0.899,0.899,1.7,0.857,0.899,1.5,0.856,0.899,1.3,0.858,0.899,1.4,0.856,0.899,0
20110729_0742,-23.78,179.92,539.0,ZP.MUFZ.02,-13.144,25.021,135.666,1619.61,1643.833,1651.291,37.0,2.12,0.437,0.451,0.45,0.449,0.451,1.0,5.0,0.602,-0.806,-0.4,0.797,0.797,0.4,0.634,0.797,0.4,0.649,0.797,-0.4,0.756,0.797,0.3,0.657,0.797,0
20110729_0742,-23.78,179.92,539.0,FR.SJAF.00,42.484,2.876,161.137,1762.093,1813.864,1831.292,38.0,7.841,0.635,0.677,0.691,0.703,0.698,0.7,1.0,0.959,0.952,0.9,0.991,0.991,0.5,0.938,0.991,0.4,0.949,0.991,0.2,0.957,0.991,0.2,0.953,0.991,1
20110729_0742,-23.78,179.92,539.0,CA.CADI.,42.339,1.835,161.373,1763.315,1815.385,1832.927,39.0,1.234,0.148,0.141,0.131,0.129,0.131,-6.4,-0.4,0.788,-0.504,-6.2,0.675,0.675,2.9,0.636,0.675,2.8,0.62,0.675,2.7,0.605,0.675,2.7,0.615,0.675,0
20110729_0742,-23.78,179.92,539.0,KO.SPNC.,40.686,30.308,149.48,1699.493,1737.491,1749.753,40.0,4.265,0.558,0.615,0.66,0.66,0.647,2.1,2.1,0.958,0.969,1.4,0.897,0.897,1.0,0.889,0.897,0.5,0.913,0.897,0.4,0.923,0.897,0.6,0.915,0.897,1
20110729_0742,-23.78,179.92,539.0,XB.PM23.,33.128,-5.03,169.693,1805.295,1868.305,1890.162,41.0,5.535,0.656,0.737,0.747,0.747,0.744,0.1,0.2,0.885,0.899,0.1,0.903,0.903,-0.4,0.864,0.903,-0.5,0.873,0.903,-0.6,0.884,0.903,-0.6,0.873,0.903,1
20110729_0742,-23.78,179.92,539.0,IV.CAFR.,42.227,14.347,158.01,1745.726,1793.614,1809.569,42.0,4.173,0.468,0.514,0.529,0.524,0.523,3.6,4.1,0.564,0.613,3.7,0.67,0.67,3.4,0.641,0.67,3.1,0.633,0.67,3.0,0.623,0.67,3.1,0.631,0.67,0
20110729_0742,-23.78,179.92,539.0,MC.OLV2.,16.75,-62.228,121.708,1532.591,1546.093,1550.104,43.0,0.365,-0.046,-0.046,-0.044,-0.045,-0.046,9.4,-2.2,0.427,-0.997,3.4,0.403,0.403,1.2,0.225,0.403,1.4,0.237,0.403,1.3,0.226,0.403,1.2,0.217,0.403,0
20110729_0742,-23.78,179.92,539.0,CZ.PVCC.,50.528,14.569,150.937,1707.557,1747.17,1760.025,44.0,6.441,0.661,0.685,0.713,0.706,0.71,0.9,1.2,0.941,0.925,0.7,0.843,0.843,0.5,0.888,0.843,0.1,0.892,0.843,-0.1,0.884,0.843,0.0,0.886,0.843,1
20110729_0742,-23.78,179.92,539.0,KO.SVRH.,39.447,31.523,149.098,1697.369,1734.95,1747.059,45.0,6.314,0.415,0.446,0.526,0.504,0.483,1.5,1.7,0.882,0.857,1.3,0.957,0.957,0.9,0.957,0.957,0.3,0.947,0.957,0.3,0.944,0.957,0.5,0.949,0.957,0
20110729_0742,-23.78,179.92,539.0,IU.KMBO.00,-1.127,37.252,136.017,1621.721,1646.258,1653.821,46.0,1.971,0.315,0.346,0.337,0.332,0.335,-0.4,-0.5,0.784,0.832,-1.1,0.685,0.685,-0.8,0.72,0.685,-1.2,0.704,0.685,-1.2,0.7,0.685,-1.1,0.705,0.685,0
20110729_0742,-23.78,179.92,539.0,NO.SPA0.00,78.178,16.37,125.063,1554.085,1569.859,1574.57,47.0,16.286,0.615,0.605,0.585,0.582,0.586,0.7,0.8,0.918,0.958,0.2,0.703,0.703,0.1,0.674,0.703,-0.5,0.685,0.703,-0.4,0.68,0.703,-0.3,0.673,0.703,0
20110729_0742,-23.78,179.92,539.0,IU.PAB.10,39.545,-4.35,163.827,1775.923,1831.14,1849.893,48.0,6.498,0.627,0.624,0.65,0.656,0.651,0.1,0.8,0.832,0.751,0.3,0.815,0.815,0.1,0.761,0.815,-0.2,0.763,0.815,-0.4,0.767,0.815,-0.3,0.764,0.815,0
20110729_0742,-23.78,179.92,539.0,OE.ABTA.,46.747,12.512,154.91,1729.191,1773.369,1787.927,49.0,4.266,0.408,0.371,0.358,0.356,0.356,-1.4,-5.1,0.447,-0.858,-9.6,0.463,0.463,-10.1,0.419,0.463,-10.4,0.389,0.463,-2.9,0.413,0.463,-2.9,0.389,0.463,0
20110729_0742,-23.78,179.92,539.0,RO.PLOR7.,45.86,26.64,149.16,1697.713,1735.36,1747.495,50.0,1.945,0.32,0.352,0.374,0.374,0.37,1.9,2.6,0.49,0.402,1.9,0.725,0.725,1.3,0.718,0.725,0.9,0.705,0.725,0.8,0.7,0.725,0.9,0.707,0.725,0
20110729_0742,-23.78,179.92,539.0,CH.WIMIS.,46.665,7.624,156.294,1736.61,1782.427,1797.602,51.0,6.942,0.512,0.533,0.592,0.624,0.603,1.5,1.5,0.791,0.801,1.4,0.896,0.896,1.3,0.932,0.896,1.1,0.931,0.896,0.8,0.921,0.896,1.0,0.927,0.896,0
20110729_0742,-23.78,179.92,539.0,IV.SLCN.,40.39,15.633,158.785,1749.813,1798.65,1814.964,52.0,6.213,0.568,0.568,0.573,0.563,0.575,-8.6,0.0,0.632,0.557,-0.7,0.679,0.679,-0.9,0.684,0.679,-1.3,0.677,0.679,-1.5,0.676,0.679,-1.3,0.676,0.679,0
20110729_0742,-23.78,179.92,539.0,IV.HAGA.,37.285,15.155,161.22,1762.525,1814.401,1831.869,53.0,10.46,0.6,0.616,0.654,0.657,0.64,1.3,1.4,0.976,0.954,1.4,0.912,0.912,1.1,0.9,0.912,0.8,0.896,0.912,0.6,0.893,0.912,0.9,0.893,0.912,1
20110729_0742,-23.78,179.92,539.0,GB.STNC.,53.091,-2.206,150.644,1705.945,1745.232,1757.966,54.0,1.349,0.486,0.484,0.473,0.465,0.469,0.6,-2.8,0.929,-0.534,0.0,0.784,0.784,-0.3,0.807,0.784,-0.5,0.808,0.784,-0.7,0.81,0.784,-0.7,0.812,0.784,0
20110729_0742,-23.78,179.92,539.0,IV.GIB.,37.99,14.026,161.38,1763.351,1815.429,1832.975,55.0,1.932,0.378,0.362,0.369,0.362,0.364,-0.9,-4.7,0.537,-0.681,-1.0,0.51,0.51,-1.0,0.446,0.51,-1.3,0.421,0.51,1.9,0.429,0.51,-1.3,0.423,0.51,0
20110729_0742,-23.78,179.92,539.0,MC.AIRS.,16.741,-62.214,121.718,1532.655,1546.162,1550.176,56.0,0.93,0.039,-0.137,-0.127,-0.132,-0.136,9.4,5.5,0.204,-0.676,10.8,0.411,0.411,7.9,0.328,0.411,8.0,0.308,0.411,7.9,0.317,0.411,7.9,0.323,0.411,0
20110729_0742,-23.78,179.92,539.0,GU.RRL.,44.921,6.791,158.132,1746.372,1794.409,1810.42,57.0,7.637,0.624,0.651,0.672,0.689,0.688,1.5,1.6,0.771,0.793,1.4,0.9,0.9,1.3,0.922,0.9,1.1,0.93,0.9,0.8,0.932,0.9,0.9,0.935,0.9,0
20110729_0742,-23.78,179.92,539.0,GE.FLT1.,52.331,11.237,150.172,1703.332,1742.094,1754.635,58.0,11.819,0.714,0.736,0.697,0.682,0.694,0.5,0.8,0.936,0.883,-0.4,0.887,0.887,-0.6,0.899,0.887,-0.9,0.913,0.887,-1.1,0.921,0.887,-1.1,0.915,0.887,1
20110729_0742,-23.78,179.92,539.0,MD.KIS.,46.998,28.817,147.278,1687.17,1722.785,1734.184,59.0,0.0,,,,,,-16.0,-8.0,0.0,0.0,-16.0,0.0,0.0,-16.0,0.0,0.0,-16.0,0.0,0.0,-16.0,0.0,0.0,-16.0,0.0,0.0,0
20110729_0742,-23.78,179.92,539.0,IV.VVLD.,41.87,13.623,158.619,1748.939,1797.572,1813.809,60.0,3.29,0.58,0.654,0.683,0.691,0.686,1.4,1.5,0.959,0.953,1.3,0.892,0.892,1.0,0.893,0.892,0.7,0.886,0.892,0.4,0.88,0.892,0.6,0.884,0.892,0
20110729_0742,-23.78,179.92,539.0,XB.PM34.,31.291,-4.107,171.685,1815.026,1880.777,1903.756,61.0,11.79,0.652,0.56,0.582,0.599,0.583,0.4,0.6,0.944,0.94,-0.1,0.772,0.772,0.4,0.877,0.772,0.5,0.858,0.772,0.5,0.845,0.772,0.4,0.856,0.772,0
20110729_0742,-23.78,179.92,539.0,XB.PM28.,32.232,-4.617,170.65,1809.984,1874.307,1896.7,62.0,14.416,0.578,0.627,0.654,0.672,0.652,0.7,0.7,0.972,0.965,1.4,0.578,0.578,0.5,0.636,0.578,0.2,0.681,0.578,-0.1,0.728,0.578,0.2,0.673,0.578,0
20110729_0742,-23.78,179.92,539.0,KO.SHUT.,38.553,30.551,150.122,1703.056,1741.762,1754.283,63.0,4.419,0.55,0.525,0.556,0.549,0.543,1.2,1.1,0.846,0.85,0.6,0.806,0.806,0.3,0.769,0.806,-0.4,0.749,0.806,-0.3,0.746,0.806,-0.1,0.749,0.806,0
20110729_0742,-23.78,179.92,539.0,RO.GZR.,45.393,22.777,151.55,1710.931,1751.233,1764.342,64.0,5.386,0.332,0.382,0.441,0.45,0.439,3.0,3.1,0.872,0.844,2.6,0.946,0.946,2.2,0.936,0.946,1.8,0.926,0.946,1.6,0.924,0.946,1.7,0.93,0.946,0
20110729_0742,-23.78,179.92,539.0,IU.KBS.10,78.915,11.939,124.596,1551.112,1566.556,1571.166,65.0,4.583,0.723,0.692,0.675,0.682,0.685,-0.2,0.1,0.883,0.928,-0.3,0.895,0.895,-0.5,0.893,0.895,-0.8,0.882,0.895,-0.6,0.885,0.895,-0.6,0.887,0.895,1
20110729_0742,-23.78,179.92,539.0,XB.PS19.,37.372,-4.994,165.771,1785.78,1843.533,1863.279,66.0,8.076,0.559,0.667,0.673,0.672,0.676,-0.2,0.0,0.836,0.845,-0.2,0.714,0.714,-0.3,0.764,0.714,-0.5,0.781,0.714,-0.7,0.798,0.714,-0.5,0.779,0.714,0
20110729_0742,-23.78,179.92,539.0,SX.ROHR.,50.234,12.317,151.841,1712.529,1753.161,1766.392,67.0,9.995,0.712,0.726,0.749,0.752,0.747,0.9,1.1,0.93,0.941,0.5,0.924,0.924,0.4,0.932,0.924,0.2,0.92,0.924,-0.1,0.918,0.924,0.0,0.924,0.924,1
20110729_0742,-23.78,179.92,539.0,XB.PS26.,37.722,-4.963,165.446,1784.14,1841.467,1861.044,68.0,7.635,0.664,0.569,0.598,0.615,0.596,0.5,0.8,0.922,0.923,0.7,0.853,0.853,0.6,0.908,0.853,0.4,0.917,0.853,0.2,0.927,0.853,0.4,0.92,0.853,0
20110729_0742,-23.78,179.92,539.0,GR.MOX.,50.646,11.616,151.644,1711.449,1751.858,1765.007,69.0,5.86,0.797,0.786,0.797,0.796,0.793,0.7,1.2,0.905,0.873,0.2,0.873,0.873,0.2,0.861,0.873,0.0,0.864,0.873,-0.3,0.86,0.873,-0.2,0.859,0.873,1
20110729_0742,-23.78,179.92,539.0,PL.GKP.,53.27,17.237,147.74,1689.771,1725.881,1737.459,70.0,7.812,0.713,0.737,0.762,0.761,0.757,0.6,0.7,0.93,0.909,0.3,0.937,0.937,0.2,0.945,0.937,0.0,0.95,0.937,-0.2,0.945,0.937,-0.1,0.947,0.937,1
20110729_0742,-23.78,179.92,539.0,II.OBN.10,55.115,36.567,138.65,1637.388,1664.336,1672.715,71.0,15.499,0.748,0.712,0.743,0.739,0.73,1.4,1.4,0.907,0.863,0.8,0.95,0.95,0.9,0.933,0.95,0.6,0.949,0.95,0.5,0.941,0.95,0.7,0.938,0.95,1
20110729_0742,-23.78,179.92,539.0,XB.PM36.,34.889,-3.736,168.445,1799.142,1860.459,1881.63,72.0,2.492,0.373,0.45,0.441,0.429,0.446,1.6,-2.6,0.719,-0.39,1.7,0.751,0.751,1.2,0.722,0.751,1.1,0.722,0.751,1.0,0.711,0.751,1.1,0.721,0.751,0
20110729_0742,-23.78,179.92,539.0,RO.DEV.,45.887,22.898,151.157,1708.768,1748.628,1761.574,73.0,5.565,0.542,0.565,0.62,0.628,0.616,2.5,2.5,0.886,0.93,2.1,0.851,0.851,1.5,0.832,0.851,1.1,0.846,0.851,0.9,0.859,0.851,1.0,0.846,0.851,0
20110729_0742,-23.78,179.92,539.0,II.LVZ.00,67.898,34.651,131.038,1591.456,1611.769,1617.917,74.0,13.123,0.698,0.719,0.745,0.743,0.735,1.3,1.7,0.923,0.893,1.1,0.911,0.911,0.7,0.897,0.911,0.2,0.911,0.911,0.2,0.909,0.911,0.4,0.905,0.911,1
20110729_0742,-23.78,179.92,539.0,IV.PTCC.,46.408,13.354,154.926,1729.276,1773.472,1788.037,75.0,5.718,0.637,0.705,0.716,0.712,0.712,0.8,1.1,0.872,0.886,0.4,0.76,0.76,-0.3,0.764,0.76,-0.5,0.776,0.76,-0.8,0.789,0.76,-0.7,0.781,0.76,0
20110729_0742,-23.78,179.92,539.0,TH.POSS.,51.333,10.867,151.185,1708.922,1748.813,1761.77,76.0,0.354,0.034,0.018,0.02,0.023,0.02,-0.1,-1.2,0.993,0.997,-4.5,0.297,0.297,-4.6,0.299,0.297,-4.8,0.309,0.297,-5.0,0.305,0.297,-5.0,0.305,0.297,0
20110729_0742,-23.78,179.92,539.0,IV.ECNV.,37.596,14.712,161.269,1762.78,1814.718,1832.211,77.0,3.379,0.331,0.282,0.318,0.312,0.307,1.4,1.6,0.649,0.666,1.4,0.662,0.662,1.2,0.683,0.662,1.0,0.68,0.662,0.9,0.674,0.662,1.0,0.681,0.662,0
20110729_0742,-23.78,179.92,539.0,CH.TORNY.,46.774,6.959,156.323,1736.767,1782.618,1797.806,78.0,10.366,0.685,0.699,0.757,0.775,0.765,1.3,1.3,0.937,0.951,1.0,0.934,0.934,0.8,0.934,0.934,0.6,0.95,0.934,0.4,0.963,0.934,0.4,0.957,0.934,1
20110729_0742,-23.78,179.92,539.0,YV.JNOV.00,-17.054,42.713,121.583,1531.78,1545.2,1549.187,79.0,0.289,-0.084,-0.035,-0.05,-0.063,-0.055,11.6,-4.3,0.119,-0.969,8.0,0.444,0.444,7.9,0.445,0.444,7.7,0.432,0.444,7.7,0.434,0.444,7.8,0.433,0.444,0
20110729_0742,-23.78,179.92,539.0,2H.AFME.,13.204,40.858,139.917,1644.852,1672.997,1681.785,80.0,2.238,0.625,0.649,0.656,0.656,0.656,0.6,0.6,0.935,0.955,0.1,0.975,0.975,0.5,0.939,0.975,-0.1,0.967,0.975,0.1,0.959,0.975,0.1,0.957,0.975,0
20110729_0742,-23.78,179.92,539.0,IU.LSZ.10,-15.278,28.188,132.162,1598.361,1619.59,1626.04,81.0,2.911,0.361,0.472,0.467,0.451,0.464,1.3,1.2,0.924,0.927,0.3,0.772,0.772,0.1,0.723,0.772,0.0,0.733,0.772,-0.3,0.756,0.772,-0.1,0.737,0.772,0
20110729_0742,-23.78,179.92,539.0,MN.DIVS.,44.098,19.992,153.879,1723.626,1766.598,1780.701,82.0,5.596,0.406,0.495,0.56,0.574,0.56,2.5,2.8,0.919,0.863,2.1,0.988,0.988,1.5,0.984,0.988,1.3,0.983,0.988,1.2,0.982,0.988,1.2,0.984,0.988,0
20110729_0742,-23.78,179.92,539.0,IU.KBS.00,78.915,11.939,124.596,1551.112,1566.556,1571.166,83.0,4.777,0.71,0.679,0.661,0.668,0.671,-0.2,0.1,0.877,0.921,-0.3,0.866,0.866,-0.6,0.863,0.866,-0.8,0.855,0.866,-0.7,0.858,0.866,-0.7,0.859,0.866,1
20110729_0742,-23.78,179.92,539.0,2H.TRUE.,12.481,40.315,140.14,1646.162,1674.521,1683.383,84.0,4.429,0.699,0.647,0.623,0.636,0.638,0.8,-0.3,0.697,0.585,-0.2,0.762,0.762,0.0,0.782,0.762,-0.8,0.837,0.762,-0.4,0.804,0.762,-0.4,0.805,0.762,0
20110729_0742,-23.78,179.92,539.0,KO.ADVT.,40.433,29.738,149.979,1702.262,1740.81,1753.273,85.0,6.483,0.557,0.582,0.669,0.655,0.636,1.7,1.8,0.954,0.933,1.0,0.968,0.968,0.6,0.953,0.968,0.0,0.949,0.968,0.0,0.953,0.968,0.1,0.954,0.968,0
20110729_0742,-23.78,179.92,539.0,GE.VAL.,51.939,-10.244,150.784,1706.714,1746.156,1758.948,86.0,16.233,0.776,0.733,0.711,0.684,0.707,-0.2,0.1,0.905,0.9,-1.1,0.918,0.918,-1.3,0.931,0.918,-1.5,0.941,0.918,-1.8,0.941,0.918,-1.6,0.94,0.918,1
20110729_0742,-23.78,179.92,539.0,KO.MLSB.,37.295,27.777,152.617,1716.768,1758.283,1771.842,87.0,2.708,0.448,0.445,0.505,0.497,0.48,1.2,1.4,0.827,0.833,1.1,0.676,0.676,0.9,0.689,0.676,0.7,0.684,0.676,0.6,0.692,0.676,0.8,0.694,0.676,0
20110729_0742,-23.78,179.92,539.0,RO.TESR.,46.512,26.649,148.763,1695.498,1732.712,1744.689,88.0,8.096,0.635,0.686,0.711,0.708,0.703,1.5,-3.7,0.608,-0.671,3.2,0.454,0.454,2.6,0.456,0.454,2.2,0.444,0.454,2.1,0.436,0.454,2.2,0.442,0.454,0
20110729_0742,-23.78,179.92,539.0,GE.ZKR.,35.115,26.217,154.559,1727.299,1771.065,1785.468,89.0,6.198,0.544,0.531,0.573,0.571,0.559,1.4,1.6,0.761,0.755,1.4,0.683,0.683,1.3,0.66,0.683,0.8,0.654,0.683,0.8,0.656,0.683,1.0,0.659,0.683,0
20110729_0742,-23.78,179.92,539.0,IV.MIGL.,40.604,16.441,158.204,1746.754,1794.879,1810.924,90.0,5.507,0.454,0.537,0.574,0.579,0.569,1.9,1.9,0.876,0.853,1.5,0.962,0.962,1.1,0.946,0.962,0.8,0.95,0.962,0.6,0.952,0.962,0.8,0.95,0.962,0
20110729_0742,-23.78,179.92,539.0,IV.SNAL.,40.925,15.209,158.605,1748.868,1797.484,1813.715,91.0,5.135,0.365,0.392,0.426,0.429,0.421,1.4,1.7,0.841,0.859,1.2,0.742,0.742,0.9,0.726,0.742,0.7,0.734,0.742,0.5,0.741,0.742,0.6,0.735,0.742,0
20110729_0742,-23.78,179.92,539.0,IV.SAMA.,41.78,12.592,159.136,1751.661,1800.931,1817.41,92.0,4.749,0.411,0.439,0.453,0.461,0.455,2.2,2.2,0.93,0.944,2.0,0.846,0.846,1.8,0.831,0.846,1.4,0.81,0.846,1.3,0.796,0.846,1.4,0.807,0.846,0
20110729_0742,-23.78,179.92,539.0,AF.MBEY.,-9.0,33.25,133.796,1608.322,1630.921,1637.829,93.0,2.336,0.532,0.54,0.549,0.553,0.546,1.4,1.0,0.858,0.829,0.4,0.815,0.815,0.5,0.811,0.815,0.3,0.815,0.815,0.2,0.812,0.815,0.4,0.81,0.815,0
20110729_0742,-23.78,179.92,539.0,XB.PS42.,36.528,-5.043,166.555,1789.718,1848.507,1868.663,94.0,5.447,0.499,0.574,0.613,0.639,0.613,1.1,0.9,0.821,0.803,1.0,0.916,0.916,0.6,0.74,0.916,0.5,0.751,0.916,0.4,0.765,0.916,0.5,0.752,0.916,0
20110729_0742,-23.78,179.92,539.0,IV.ISTR.,38.787,15.192,160.171,1757.071,1807.627,1824.593,95.0,4.082,0.445,0.442,0.456,0.449,0.451,-0.1,-1.7,0.504,0.32,-0.8,0.496,0.496,-1.0,0.484,0.496,-1.2,0.495,0.496,-1.4,0.501,0.496,-1.3,0.496,0.496,0
20110729_0742,-23.78,179.92,539.0,GB.GAL1.,54.866,-4.711,148.723,1695.277,1732.449,1744.41,96.0,3.211,0.631,0.563,0.587,0.586,0.579,0.0,-0.2,0.77,0.746,-0.2,0.848,0.848,-0.3,0.824,0.848,-0.7,0.826,0.848,-0.9,0.836,0.848,-0.9,0.831,0.848,0
20110729_0742,-23.78,179.92,539.0,RO.BMR.,47.673,23.497,149.64,1700.383,1738.557,1750.884,97.0,8.155,0.613,0.664,0.698,0.709,0.695,1.9,1.9,0.952,0.958,1.4,0.983,0.983,1.0,0.96,0.983,0.7,0.957,0.983,0.6,0.956,0.983,0.7,0.957,0.983,1
20110729_0742,-23.78,179.92,539.0,GR.GRB3.,49.343,11.805,152.79,1717.712,1759.425,1773.058,98.0,11.92,0.57,0.654,0.684,0.688,0.683,1.0,1.0,0.942,0.947,1.2,0.875,0.875,0.7,0.855,0.875,0.6,0.863,0.875,0.4,0.865,0.875,0.5,0.862,0.875,1
20110729_0742,-23.78,179.92,539.0,XB.PS49.,36.903,-3.183,166.609,1789.989,1848.85,1869.035,99.0,4.39,0.478,0.425,0.456,0.482,0.461,1.6,1.4,0.764,0.665,1.5,0.883,0.883,1.7,0.844,0.883,1.6,0.841,0.883,1.4,0.841,0.883,1.5,0.842,0.883,0
20110729_0742,-23.78,179.92,539.0,FN.RNF.,66.612,26.011,134.133,1610.369,1633.257,1640.261,100.0,6.377,0.703,0.741,0.759,0.76,0.76,1.4,1.8,0.962,0.943,1.0,0.846,0.846,0.7,0.867,0.846,0.5,0.879,0.846,0.4,0.878,0.846,0.5,0.877,0.846,1
20110729_0742,-23.78,179.92,539.0,PL.KSP.,50.843,16.293,150.12,1703.047,1741.752,1754.273,101.0,5.1,0.649,0.68,0.723,0.721,0.718,0.9,1.2,0.92,0.911,0.5,0.92,0.92,0.2,0.882,0.92,-0.2,0.889,0.92,-0.4,0.904,0.92,-0.3,0.897,0.92,1
20110729_0742,-23.78,179.92,539.0,KO.CTYL.,41.476,28.29,150.498,1705.136,1744.26,1756.935,102.0,4.483,0.507,0.58,0.651,0.657,0.629,2.2,2.4,0.96,0.953,1.7,0.951,0.951,1.2,0.951,0.951,0.8,0.954,0.951,0.7,0.956,0.951,0.9,0.953,0.951,0
20110729_0742,-23.78,179.92,539.0,KO.RSDY.,40.397,37.327,144.578,1671.861,1704.636,1715.03,103.0,11.988,0.812,0.801,0.773,0.785,0.795,0.6,0.7,0.98,0.981,0.1,0.987,0.987,-0.1,0.987,0.987,-0.7,0.986,0.987,-0.6,0.981,0.987,-0.4,0.982,0.987,1
20110729_0742,-23.78,179.92,539.0,AF.SWZ.,-27.182,25.332,123.441,1543.735,1558.384,1562.748,104.0,0.345,0.026,0.015,0.015,0.018,0.016,11.0,-2.1,0.271,-0.999,-8.8,0.562,0.562,-8.3,0.527,0.562,-8.4,0.526,0.562,-8.6,0.535,0.562,-8.4,0.529,0.562,0
20110729_0742,-23.78,179.92,539.0,RO.HUMR.,44.528,24.98,150.895,1707.329,1746.896,1759.734,105.0,1.619,0.297,0.354,0.393,0.387,0.379,1.4,2.1,0.781,0.767,0.9,0.796,0.796,0.2,0.79,0.796,-0.1,0.794,0.796,-0.2,0.801,0.796,-0.1,0.801,0.796,0
20110729_0742,-23.78,179.92,539.0,NO.SPB1.00,78.18,16.391,125.06,1554.066,1569.837,1574.548,106.0,17.866,0.613,0.596,0.58,0.578,0.581,0.6,0.8,0.919,0.953,0.2,0.701,0.701,-0.2,0.668,0.701,-0.6,0.687,0.701,-0.5,0.681,0.701,-0.4,0.676,0.701,0
20110729_0742,-23.78,179.92,539.0,XB.PS18.,37.25,-4.738,165.951,1786.684,1844.674,1864.513,107.0,8.991,0.604,0.679,0.696,0.707,0.698,0.6,1.0,0.808,0.785,0.7,0.816,0.816,0.6,0.843,0.816,0.5,0.852,0.816,0.4,0.86,0.816,0.5,0.854,0.816,1
20110729_0742,-23.78,179.92,539.0,II.CMLA.00,37.764,-25.524,154.184,1725.274,1768.601,1782.838,108.0,1.303,0.245,0.241,0.224,0.228,0.228,-1.9,2.6,0.692,-0.659,-3.5,0.572,0.572,-2.3,0.644,0.572,-2.2,0.623,0.572,-2.3,0.621,0.572,-2.3,0.63,0.572,0
20110729_0742,-23.78,179.92,539.0,CN.LMQ.,47.549,-70.326,120.416,1524.218,1536.897,1540.658,109.0,9.782,0.763,0.696,0.703,0.706,0.7,0.4,0.6,0.799,0.841,0.0,0.874,0.874,-0.1,0.862,0.874,-0.1,0.912,0.874,-0.1,0.881,0.874,-0.1,0.866,0.874,0
20110729_0742,-23.78,179.92,539.0,IS.KZIT.,30.906,34.398,148.689,1695.083,1732.217,1744.165,110.0,5.773,0.593,0.555,0.659,0.628,0.599,1.3,1.4,0.914,0.911,1.0,0.953,0.953,1.3,0.936,0.953,0.5,0.946,0.953,0.7,0.947,0.953,1.0,0.942,0.953,0
20110729_0742,-23.78,179.92,539.0,PM.PFVI.,37.133,-8.827,164.684,1780.278,1836.608,1855.792,111.0,7.664,0.609,0.558,0.573,0.574,0.572,0.0,0.1,0.904,0.924,0.0,0.886,0.886,-0.2,0.916,0.886,-0.3,0.922,0.886,-0.4,0.927,0.886,-0.4,0.924,0.886,0
20110729_0742,-23.78,179.92,539.0,XB.PS14.,37.147,-5.518,165.842,1786.136,1843.983,1863.765,112.0,0.356,0.005,0.017,0.017,0.017,0.017,-10.6,4.0,0.285,-0.613,-8.4,0.483,0.483,-8.5,0.474,0.483,-8.7,0.476,0.483,-8.8,0.482,0.483,-8.7,0.478,0.483,0
20110729_0742,-23.78,179.92,539.0,II.BRVK.10,53.058,70.283,120.471,1524.574,1537.287,1541.059,113.0,52.639,0.719,0.702,0.711,0.715,0.709,0.1,0.3,0.828,0.956,0.0,0.868,0.868,-0.1,0.861,0.868,-0.1,0.867,0.868,-0.1,0.875,0.868,-0.1,0.868,0.868,1
20110729_0742,-23.78,179.92,539.0,GR.CLL.,51.308,13.002,150.685,1706.166,1745.498,1758.249,114.0,6.852,0.699,0.747,0.754,0.751,0.752,0.9,1.1,0.963,0.95,0.5,0.921,0.921,0.3,0.948,0.921,0.0,0.943,0.921,-0.3,0.939,0.921,-0.1,0.943,0.921,1
20110729_0742,-23.78,179.92,539.0,CH.WILA.,47.415,8.908,155.301,1731.293,1775.931,1790.662,115.0,1.823,0.437,0.461,0.49,0.503,0.492,2.0,2.1,0.801,0.767,2.0,0.779,0.779,1.6,0.818,0.779,1.3,0.827,0.779,1.2,0.829,0.779,1.2,0.828,0.779,0
20110729_0742,-23.78,179.92,539.0,DK.NUUK.,64.184,-51.668,127.632,1570.287,1587.942,1593.24,116.0,7.055,0.722,0.697,0.699,0.69,0.693,0.8,0.8,0.955,0.95,0.6,0.914,0.914,0.5,0.908,0.914,0.2,0.91,0.914,0.3,0.91,0.914,0.4,0.91,0.914,1
20110729_0742,-23.78,179.92,539.0,II.BRVK.00,53.058,70.283,120.471,1524.574,1537.287,1541.059,117.0,55.01,0.706,0.689,0.697,0.701,0.696,0.1,0.3,0.845,0.959,0.0,0.848,0.848,-0.1,0.833,0.848,-0.2,0.843,0.848,-0.1,0.85,0.848,-0.1,0.842,0.848,1
20110729_0742,-23.78,179.92,539.0,CH.AIGLE.,46.342,6.953,156.739,1738.983,1785.332,1800.708,118.0,3.174,0.562,0.599,0.654,0.668,0.663,1.4,1.5,0.89,0.871,1.1,0.913,0.913,0.8,0.901,0.913,0.6,0.911,0.913,0.4,0.921,0.913,0.4,0.916,0.913,0
20110729_0742,-23.78,179.92,539.0,KO.RKY.,40.687,27.178,151.609,1711.255,1751.624,1764.758,119.0,3.892,0.52,0.551,0.603,0.6,0.58,3.3,-0.4,0.88,-0.742,2.9,0.929,0.929,2.5,0.913,0.929,2.2,0.883,0.929,2.1,0.878,0.929,2.3,0.894,0.929,0
20110729_0742,-23.78,179.92,539.0,GB.DYA.,50.435,-3.931,153.177,1719.82,1761.979,1775.778,120.0,1.289,0.377,0.31,0.279,0.258,0.277,0.5,-4.9,0.793,0.36,-5.9,0.552,0.552,-6.1,0.538,0.552,-6.5,0.542,0.552,-6.9,0.555,0.552,-6.7,0.55,0.552,0
20110729_0742,-23.78,179.92,539.0,BW.WETR.,49.145,12.876,152.668,1717.047,1758.621,1772.201,121.0,7.268,0.619,0.675,0.715,0.729,0.713,1.1,1.3,0.932,0.978,0.9,0.945,0.945,0.6,0.947,0.945,0.4,0.945,0.945,0.2,0.945,0.945,0.3,0.947,0.945,1
20110729_0742,-23.78,179.92,539.0,SX.TRIB.,50.352,12.137,151.781,1712.201,1752.765,1765.971,122.0,6.1,0.66,0.659,0.665,0.659,0.657,0.3,0.5,0.968,0.979,0.1,0.861,0.861,-0.2,0.87,0.861,-0.4,0.867,0.861,-0.6,0.869,0.861,-0.6,0.873,0.861,1
20110729_0742,-23.78,179.92,539.0,IU.RCBR.00,-5.827,-35.901,134.205,1610.803,1633.753,1640.778,123.0,1.85,0.227,0.303,0.305,0.304,0.303,-0.5,-4.2,0.842,-0.275,0.3,0.667,0.667,0.6,0.616,0.667,0.5,0.621,0.667,0.5,0.623,0.667,0.6,0.62,0.667,0
20110729_0742,-23.78,179.92,539.0,CU.ANWB.00,17.668,-61.786,122.39,1536.988,1550.934,1555.082,124.0,1.61,0.029,0.046,0.004,-0.01,0.053,-4.2,3.8,0.454,-0.71,3.9,0.503,0.503,-1.4,0.76,0.503,-1.3,0.539,0.503,-1.3,0.528,0.503,-1.3,0.756,0.503,0
20110729_0742,-23.78,179.92,539.0,CH.EMV.,46.063,6.899,157.016,1740.461,1787.144,1802.646,125.0,8.232,0.409,0.518,0.577,0.591,0.586,1.8,2.0,0.917,0.898,1.9,0.873,0.873,1.6,0.885,0.873,1.3,0.875,0.873,1.1,0.872,0.873,1.2,0.875,0.873,0
20110729_0742,-23.78,179.92,539.0,IV.HMDC.,36.959,14.783,161.658,1764.791,1817.224,1834.905,126.0,7.509,0.642,0.676,0.711,0.713,0.695,0.9,1.0,0.858,0.895,1.0,0.905,0.905,0.8,0.908,0.905,0.5,0.9,0.905,0.4,0.891,0.905,0.6,0.903,0.905,1
20110729_0742,-23.78,179.92,539.0,IV.MRGE.,45.77,7.061,157.265,1741.779,1788.763,1804.377,127.0,8.852,0.635,0.66,0.682,0.696,0.689,1.7,1.9,0.895,0.882,1.4,0.807,0.807,1.1,0.849,0.807,0.9,0.837,0.807,0.5,0.82,0.807,0.6,0.826,0.807,1
20110729_0742,-23.78,179.92,539.0,IV.MAON.,42.428,11.131,159.165,1751.812,1801.118,1817.61,128.0,6.195,0.465,0.501,0.528,0.548,0.529,1.5,1.7,0.924,0.967,1.7,0.881,0.881,1.5,0.884,0.881,1.2,0.869,0.881,1.0,0.854,0.881,1.2,0.865,0.881,0
20110729_0742,-23.78,179.92,539.0,GE.TIRR.,44.458,28.413,148.922,1696.386,1733.774,1745.814,129.0,3.941,0.477,0.589,0.664,0.67,0.646,2.2,2.4,0.937,0.959,2.0,0.851,0.851,1.4,0.843,0.851,1.0,0.839,0.851,0.8,0.838,0.851,1.0,0.837,0.851,0
20110729_0742,-23.78,179.92,539.0,RD.MFT2.,46.602,-0.146,157.178,1741.318,1788.196,1803.771,130.0,5.818,0.554,0.648,0.638,0.631,0.64,0.5,0.7,0.949,0.939,0.6,0.729,0.729,0.6,0.79,0.729,0.5,0.747,0.729,0.1,0.687,0.729,0.2,0.716,0.729,0
20110729_0742,-23.78,179.92,539.0,NR.NE017.,53.213,7.12,150.067,1702.749,1741.395,1753.893,131.0,5.946,0.672,0.672,0.674,0.672,0.67,1.5,1.6,0.782,0.794,0.3,0.806,0.806,0.3,0.761,0.806,-0.1,0.739,0.806,-0.3,0.739,0.806,-0.2,0.743,0.806,0
20110729_0742,-23.78,179.92,539.0,GR.GRA4.,49.564,11.435,152.684,1717.138,1758.731,1772.319,132.0,8.307,0.674,0.71,0.733,0.748,0.733,1.1,1.2,0.98,0.978,1.1,0.938,0.938,0.7,0.91,0.938,0.6,0.912,0.938,0.4,0.911,0.938,0.5,0.91,0.938,1
20110729_0742,-23.78,179.92,539.0,XB.PS59.,37.324,-3.799,166.086,1787.364,1845.532,1865.442,133.0,6.512,0.486,0.521,0.57,0.588,0.57,1.0,1.2,0.95,0.949,1.2,0.907,0.907,1.2,0.903,0.907,1.0,0.91,0.907,0.9,0.918,0.907,1.0,0.912,0.907,0
20110729_0742,-23.78,179.92,539.0,KO.SVSK.,39.916,36.993,144.959,1674.033,1707.202,1717.734,134.0,14.928,0.803,0.801,0.782,0.791,0.798,0.7,1.0,0.934,0.916,0.3,0.891,0.891,0.2,0.869,0.891,-0.6,0.886,0.891,-0.5,0.87,0.891,-0.3,0.865,0.891,1
20110729_0742,-23.78,179.92,539.0,KO.ARMT.,40.568,28.866,150.521,1705.265,1744.415,1757.099,135.0,4.356,0.634,0.665,0.694,0.694,0.688,1.9,1.9,0.88,0.929,1.2,0.913,0.913,0.8,0.92,0.913,0.2,0.942,0.913,0.3,0.939,0.913,0.4,0.93,0.913,1
20110729_0742,-23.78,179.92,539.0,OE.CSNA.,47.928,15.859,152.738,1717.427,1759.081,1772.692,136.0,14.283,0.596,0.692,0.732,0.735,0.728,1.4,1.6,0.788,0.807,1.4,0.782,0.782,1.1,0.739,0.782,0.8,0.74,0.782,0.6,0.742,0.782,0.7,0.737,0.782,0
20110729_0742,-23.78,179.92,539.0,II.ARU.00,56.429,58.562,126.82,1565.188,1582.235,1587.343,137.0,21.94,0.736,0.734,0.725,0.729,0.73,0.3,0.3,0.872,0.868,0.0,0.88,0.88,0.0,0.887,0.88,-0.3,0.879,0.88,-0.1,0.883,0.88,0.0,0.884,0.88,1
20110729_0742,-23.78,179.92,539.0,XB.PS58.,37.264,-3.997,166.105,1787.458,1845.651,1865.57,138.0,3.89,0.369,0.509,0.54,0.554,0.543,1.2,1.2,0.845,0.848,1.7,0.735,0.735,1.5,0.762,0.735,1.3,0.767,0.735,1.2,0.786,0.735,1.3,0.771,0.735,0
20110729_0742,-23.78,179.92,539.0,KO.DALY.,36.816,28.653,152.131,1714.118,1755.079,1768.432,139.0,9.422,0.55,0.517,0.533,0.532,0.529,0.7,1.0,0.506,0.703,0.6,0.876,0.876,0.6,0.871,0.876,0.1,0.829,0.876,0.1,0.834,0.876,0.3,0.849,0.876,0
20110729_0742,-23.78,179.92,539.0,AF.DODT.,-6.186,35.748,133.961,1609.325,1632.066,1639.02,140.0,3.8,0.578,0.558,0.546,0.542,0.554,0.3,0.6,0.861,0.833,-0.5,0.842,0.842,-0.3,0.862,0.842,-0.6,0.851,0.842,-0.7,0.856,0.842,-0.4,0.859,0.842,0
20110729_0742,-23.78,179.92,539.0,IV.VAGA.,41.415,14.234,158.701,1749.373,1798.107,1814.382,141.0,4.837,0.476,0.573,0.602,0.609,0.603,2.0,2.0,0.912,0.931,1.8,0.946,0.946,1.5,0.944,0.946,1.2,0.938,0.946,1.0,0.929,0.946,1.1,0.934,0.946,0
20110729_0742,-23.78,179.92,539.0,XB.PM26.,32.525,-4.566,170.406,1808.79,1872.777,1895.032,142.0,19.883,0.679,0.651,0.674,0.679,0.672,0.5,0.6,0.914,0.939,1.1,0.719,0.719,0.7,0.587,0.719,0.5,0.579,0.719,0.3,0.565,0.719,0.5,0.563,0.719,0
20110729_0742,-23.78,179.92,539.0,CH.SENIN.,46.363,7.299,156.649,1738.503,1784.744,1800.079,143.0,5.631,0.558,0.655,0.695,0.695,0.7,1.0,1.3,0.861,0.866,1.0,0.915,0.915,0.9,0.939,0.915,0.6,0.941,0.915,0.5,0.938,0.915,0.5,0.94,0.915,1
20110729_0742,-23.78,179.92,539.0,IV.LAV9.,41.678,12.699,159.176,1751.869,1801.188,1817.685,144.0,6.971,0.431,0.494,0.536,0.55,0.531,1.4,1.6,0.812,0.818,1.4,0.814,0.814,1.3,0.821,0.814,0.9,0.82,0.814,0.6,0.825,0.814,0.9,0.819,0.814,0
20110729_0742,-23.78,179.92,539.0,KO.GULT.,40.432,30.515,149.439,1699.268,1737.222,1749.467,145.0,4.168,0.541,0.593,0.656,0.65,0.632,2.1,2.2,0.958,0.961,1.6,0.947,0.947,1.2,0.931,0.947,0.7,0.917,0.947,0.7,0.922,0.947,0.8,0.926,0.947,0
20110729_0742,-23.78,179.92,539.0,IV.CRMI.,43.796,10.98,158.023,1745.795,1793.699,1809.66,146.0,4.717,0.483,0.54,0.592,0.626,0.599,1.9,2.0,0.957,0.936,1.7,0.877,0.877,1.5,0.891,0.877,1.2,0.884,0.877,0.9,0.881,0.877,1.1,0.882,0.877,0
20110729_0742,-23.78,179.92,539.0,MN.CLTB.,37.579,13.216,162.12,1767.172,1820.193,1838.099,147.0,1.731,0.372,0.396,0.42,0.428,0.415,0.3,0.9,0.774,0.772,0.7,0.861,0.861,0.5,0.921,0.861,0.3,0.934,0.861,0.1,0.945,0.861,0.2,0.934,0.861,0
20110729_0742,-23.78,179.92,539.0,RO.ARR.,45.366,24.633,150.573,1705.551,1744.758,1757.464,148.0,10.144,0.639,0.679,0.729,0.727,0.72,2.3,2.6,0.957,0.963,1.6,0.894,0.894,0.9,0.876,0.894,0.5,0.892,0.894,0.4,0.904,0.894,0.5,0.894,0.894,1
20110729_0742,-23.78,179.92,539.0,CH.FIESA.,46.435,8.111,156.406,1737.211,1783.162,1798.387,149.0,7.799,0.325,0.326,0.36,0.384,0.373,1.6,2.3,0.587,0.608,2.6,0.745,0.745,2.5,0.79,0.745,2.3,0.775,0.745,2.1,0.754,0.745,2.1,0.769,0.745,0
20110729_0742,-23.78,179.92,539.0,IV.CASP.,42.791,10.865,158.946,1750.66,1799.695,1816.085,150.0,4.509,0.601,0.633,0.655,0.667,0.663,1.5,1.5,0.949,0.923,1.2,0.921,0.921,1.0,0.922,0.921,0.8,0.92,0.921,0.5,0.92,0.921,0.6,0.919,0.921,1
20110729_0742,-23.78,179.92,539.0,IV.CIGN.,41.654,14.905,158.199,1746.728,1794.847,1810.89,151.0,2.632,0.345,0.382,0.44,0.452,0.434,1.4,1.4,0.824,0.861,1.0,0.863,0.863,0.5,0.865,0.863,0.2,0.871,0.863,0.0,0.88,0.863,0.1,0.871,0.863,0
20110729_0742,-23.78,179.92,539.0,CH.EMBD.,46.217,7.832,156.675,1738.644,1784.918,1800.264,152.0,5.536,0.47,0.495,0.532,0.537,0.535,1.1,1.5,0.872,0.885,1.1,0.734,0.734,0.9,0.788,0.734,0.6,0.77,0.734,0.4,0.755,0.734,0.5,0.762,0.734,0
20110729_0742,-23.78,179.92,539.0,6H.SGOR.,-18.511,34.05,126.177,1561.136,1577.71,1582.67,153.0,3.111,0.266,0.334,0.325,0.312,0.318,1.9,2.2,0.772,0.784,1.7,0.946,0.946,1.5,0.93,0.946,1.5,0.928,0.946,1.4,0.925,0.946,1.5,0.929,0.946,0
20110729_0742,-23.78,179.92,539.0,GR.GRB4.,49.468,11.559,152.74,1717.443,1759.1,1772.712,154.0,9.919,0.628,0.689,0.724,0.744,0.741,0.9,1.0,0.992,0.993,1.0,0.958,0.958,0.6,0.934,0.958,0.5,0.938,0.958,0.2,0.94,0.958,0.3,0.938,0.958,1
20110729_0742,-23.78,179.92,539.0,KO.TAHT.,36.375,36.186,146.43,1682.382,1717.095,1728.173,155.0,6.255,0.743,0.706,0.681,0.702,0.708,0.6,0.9,0.92,0.913,0.4,0.921,0.921,0.1,0.92,0.921,-0.6,0.899,0.921,-0.4,0.905,0.921,-0.2,0.911,0.921,1
20110729_0742,-23.78,179.92,539.0,CN.FRB.,63.747,-68.545,120.678,1525.918,1538.762,1542.573,156.0,8.647,0.72,0.738,0.743,0.748,0.743,0.0,0.2,0.923,0.937,0.1,0.784,0.784,0.0,0.768,0.784,-0.3,0.753,0.784,-0.1,0.765,0.784,-0.1,0.766,0.784,0
20110729_0742,-23.78,179.92,539.0,IS.HRFI.,30.04,35.03,148.201,1692.354,1728.959,1740.715,157.0,6.537,0.653,0.652,0.735,0.712,0.701,0.9,1.2,0.892,0.876,0.8,0.934,0.934,1.0,0.948,0.934,0.2,0.914,0.934,0.5,0.931,0.934,0.6,0.938,0.934,1
20110729_0742,-23.78,179.92,539.0,IV.IACL.,38.533,14.355,160.81,1760.399,1811.757,1829.029,158.0,7.327,0.367,0.376,0.379,0.37,0.378,5.0,-0.1,0.536,0.413,4.8,0.463,0.463,4.7,0.487,0.463,4.3,0.503,0.463,4.2,0.516,0.463,4.4,0.5,0.463,0
20110729_0742,-23.78,179.92,539.0,RD.LOT2.,47.268,3.859,156.302,1736.652,1782.478,1797.657,159.0,9.332,0.683,0.65,0.681,0.702,0.692,0.8,0.9,0.969,0.972,0.5,0.895,0.895,0.4,0.827,0.895,0.2,0.834,0.895,-0.1,0.856,0.895,0.0,0.847,0.895,1
20110729_0742,-23.78,179.92,539.0,9D.KNS.,64.291,-49.683,128.358,1574.831,1593.041,1598.513,160.0,0.38,0.072,0.075,0.077,0.079,0.077,8.4,-3.5,0.545,-0.938,-8.6,0.471,0.471,-8.7,0.456,0.471,-9.0,0.455,0.471,-8.9,0.456,0.471,-8.8,0.455,0.471,0
20110729_0742,-23.78,179.92,539.0,IV.VULT.,40.955,15.616,158.378,1747.672,1796.009,1812.134,161.0,4.241,0.431,0.479,0.518,0.528,0.511,2.4,2.6,0.944,0.992,2.0,0.954,0.954,1.7,0.953,0.954,1.3,0.961,0.954,1.2,0.965,0.954,1.4,0.96,0.954,0
20110729_0742,-23.78,179.92,539.0,IU.FURI.10,8.895,38.68,140.116,1646.021,1674.357,1683.21,162.0,0.876,0.146,0.076,0.032,0.032,0.04,-7.3,1.6,0.368,0.193,4.5,0.72,0.72,4.6,0.711,0.72,4.2,0.757,0.72,4.3,0.738,0.72,4.3,0.737,0.72,0
20110729_0742,-23.78,179.92,539.0,RD.ROT2.,48.336,-3.274,155.314,1731.361,1776.013,1790.751,163.0,7.885,0.81,0.757,0.747,0.73,0.738,-0.1,-0.1,0.901,0.884,-0.3,0.827,0.827,-0.9,0.73,0.827,-1.0,0.74,0.827,-1.3,0.755,0.827,-1.2,0.743,0.827,0
20110729_0742,-23.78,179.92,539.0,FR.ATE.01,43.086,-0.701,160.687,1759.761,1810.965,1828.177,164.0,3.649,0.599,0.568,0.59,0.611,0.603,1.3,1.3,0.863,0.879,1.4,0.708,0.708,1.3,0.784,0.708,1.2,0.763,0.708,1.0,0.737,0.708,1.0,0.747,0.708,0
20110729_0742,-23.78,179.92,539.0,IV.MCRV.,40.783,15.168,158.733,1749.538,1798.311,1814.601,165.0,6.315,0.388,0.445,0.487,0.491,0.479,1.6,1.7,0.87,0.945,1.2,0.809,0.809,0.9,0.821,0.809,0.5,0.814,0.809,0.2,0.807,0.809,0.4,0.809,0.809,0
20110729_0742,-23.78,179.92,539.0,IU.FURI.00,8.895,38.68,140.116,1646.021,1674.357,1683.21,166.0,0.352,0.011,-0.026,-0.028,-0.028,-0.028,3.9,-4.4,0.721,-0.697,6.6,0.183,0.183,6.7,0.18,0.183,6.2,0.186,0.183,6.4,0.182,0.183,6.4,0.184,0.183,0
20110729_0742,-23.78,179.92,539.0,AF.YNDE.,3.87,11.456,157.188,1741.375,1788.266,1803.846,167.0,0.949,0.105,0.118,0.126,0.155,0.131,1.5,1.5,0.743,0.721,1.2,0.519,0.519,1.3,0.526,0.519,1.3,0.512,0.519,0.9,0.484,0.519,1.2,0.506,0.519,0
20110729_0742,-23.78,179.92,539.0,IV.MTCE.,42.023,12.742,158.873,1750.279,1799.225,1815.581,168.0,1.132,0.343,0.348,0.354,0.353,0.356,1.4,1.2,0.852,0.855,0.9,0.887,0.887,0.7,0.884,0.887,0.5,0.876,0.887,0.2,0.863,0.887,0.4,0.87,0.887,0
20110729_0742,-23.78,179.92,539.0,CN.ICQ.,49.522,-67.271,122.48,1537.564,1551.569,1555.735,169.0,6.027,0.721,0.724,0.726,0.722,0.721,0.6,0.7,0.834,0.907,0.7,0.948,0.948,0.2,0.96,0.948,-0.1,0.963,0.948,0.2,0.961,0.948,0.2,0.961,0.948,1
20110729_0742,-23.78,179.92,539.0,PL.NIE.,49.419,20.313,149.795,1701.241,1739.586,1751.975,170.0,9.038,0.574,0.57,0.558,0.554,0.548,0.6,0.7,0.932,0.934,-0.4,0.876,0.876,-0.6,0.901,0.876,-0.8,0.914,0.876,-1.0,0.921,0.876,-0.9,0.912,0.876,0
20110729_0742,-23.78,179.92,539.0,II.BFO.00,48.33,8.33,154.563,1727.32,1771.09,1785.495,171.0,4.693,0.461,0.503,0.549,0.585,0.574,1.7,1.9,0.914,0.942,1.9,0.728,0.728,1.5,0.669,0.728,1.3,0.682,0.728,1.1,0.704,0.728,1.1,0.695,0.728,0
20110729_0742,-23.78,179.92,539.0,GR.BFO.,48.33,8.33,154.563,1727.32,1771.09,1785.495,172.0,4.668,0.469,0.511,0.558,0.595,0.583,1.7,1.9,0.919,0.945,2.0,0.768,0.768,1.6,0.709,0.768,1.4,0.722,0.768,1.1,0.743,0.768,1.1,0.733,0.768,0
20110729_0742,-23.78,179.92,539.0,IV.PARC.,43.649,12.239,157.703,1744.104,1791.618,1807.432,173.0,9.674,0.581,0.664,0.695,0.712,0.7,1.9,2.0,0.967,0.971,1.6,0.925,0.925,1.2,0.932,0.925,0.9,0.932,0.925,0.8,0.93,0.925,0.9,0.93,0.925,1
20110729_0742,-23.78,179.92,539.0,GT.BOSA.00,-28.614,25.256,122.206,1535.8,1549.625,1553.736,174.0,1.647,0.028,0.194,0.19,0.175,0.184,-3.1,-3.1,0.612,0.719,-3.4,0.637,0.637,-3.8,0.738,0.637,-3.8,0.739,0.637,-3.9,0.731,0.637,-3.9,0.737,0.637,0
20110729_0742,-23.78,179.92,539.0,RO.ARCR.,47.085,24.354,149.61,1700.217,1738.359,1750.673,175.0,0.341,-0.017,-0.019,-0.02,-0.02,-0.019,-0.1,1.5,0.984,1.0,2.6,0.149,0.149,2.3,0.12,0.149,-5.3,0.131,0.149,-5.4,0.137,0.149,-5.3,0.127,0.149,0
20110729_0742,-23.78,179.92,539.0,IV.BOB.,44.768,9.448,157.622,1743.676,1791.093,1806.869,176.0,4.904,0.559,0.615,0.63,0.63,0.632,1.2,1.4,0.964,0.977,0.9,0.856,0.856,0.6,0.877,0.856,0.3,0.866,0.856,0.1,0.854,0.856,0.2,0.858,0.856,1
20110729_0742,-23.78,179.92,539.0,KO.GELI.,40.398,26.474,152.217,1714.585,1755.643,1769.033,177.0,0.806,0.35,0.387,0.439,0.429,0.413,3.1,3.1,0.823,0.83,3.2,0.81,0.81,2.8,0.799,0.81,2.4,0.815,0.81,2.3,0.82,0.81,2.5,0.811,0.81,0
20110729_0742,-23.78,179.92,539.0,GE.GHAJ.,31.303,35.566,147.66,1689.319,1725.343,1736.889,178.0,3.914,0.461,0.498,0.573,0.548,0.528,1.0,1.5,0.843,0.872,1.3,0.726,0.726,1.2,0.701,0.726,0.6,0.684,0.726,0.8,0.683,0.726,1.0,0.686,0.726,0
20110729_0742,-23.78,179.92,539.0,AF.PKA.,-29.67,22.757,122.222,1535.903,1549.739,1553.853,179.0,0.828,0.229,0.115,0.128,0.17,0.146,2.1,-4.0,0.541,0.479,2.1,0.626,0.626,-4.2,0.643,0.626,-4.2,0.647,0.626,-4.3,0.651,0.626,-4.4,0.65,0.626,0
20110729_0742,-23.78,179.92,539.0,NE.WVL.,44.565,-69.662,120.691,1526.0,1538.851,1542.665,180.0,6.411,0.543,0.439,0.452,0.456,0.446,0.3,0.2,0.54,0.609,0.5,0.73,0.73,0.4,0.72,0.73,0.0,0.694,0.73,0.3,0.716,0.73,0.4,0.714,0.73,0
20110729_0742,-23.78,179.92,539.0,KO.SVRC.,38.377,39.306,143.59,1666.199,1697.962,1708.003,181.0,1.464,0.046,0.041,0.039,0.04,0.04,7.9,0.5,0.581,0.254,0.0,0.738,0.738,-0.3,0.715,0.738,-0.8,0.69,0.738,-0.8,0.712,0.738,-0.6,0.717,0.738,0
20110729_0742,-23.78,179.92,539.0,KO.MRMT.,40.609,27.583,151.374,1709.962,1750.065,1763.101,182.0,3.115,0.423,0.496,0.592,0.564,0.55,2.8,-0.9,0.899,-0.696,2.4,0.937,0.937,2.0,0.944,0.937,1.5,0.924,0.937,1.5,0.922,0.937,1.6,0.933,0.937,0
20110729_0742,-23.78,179.92,539.0,TH.MLFH.,50.79,12.081,151.396,1710.084,1750.212,1763.257,183.0,3.197,0.708,0.696,0.705,0.702,0.701,0.5,0.5,0.918,0.95,0.2,0.823,0.823,0.1,0.815,0.823,-0.3,0.83,0.823,-0.5,0.834,0.823,-0.4,0.828,0.823,0
20110729_0742,-23.78,179.92,539.0,RN.BAVN.,51.738,7.122,151.5,1710.659,1750.906,1763.994,184.0,5.732,0.681,0.723,0.728,0.727,0.729,0.7,0.8,0.952,0.948,0.3,0.844,0.844,0.1,0.861,0.844,0.0,0.862,0.844,-0.2,0.866,0.844,-0.1,0.867,0.844,1
20110729_0742,-23.78,179.92,539.0,MN.BNI.,45.052,6.678,158.03,1745.831,1793.743,1809.707,185.0,0.69,0.282,0.311,0.307,0.301,0.308,2.9,2.8,0.508,0.463,3.3,0.723,0.723,3.0,0.724,0.723,2.8,0.742,0.723,2.7,0.749,0.723,2.7,0.748,0.723,0
20110729_0742,-23.78,179.92,539.0,MD.SORM.,48.135,28.351,146.861,1684.821,1719.992,1731.232,186.0,7.314,0.595,0.587,0.598,0.602,0.598,1.4,1.4,0.648,0.509,0.9,0.796,0.796,0.6,0.799,0.796,0.4,0.804,0.796,0.3,0.807,0.796,0.3,0.804,0.796,0
20110729_0742,-23.78,179.92,539.0,IV.NOCI.,40.789,17.064,157.74,1744.299,1791.858,1807.689,187.0,6.378,0.456,0.472,0.512,0.505,0.503,1.7,1.7,0.784,0.816,1.1,0.744,0.744,0.7,0.752,0.744,0.4,0.753,0.744,0.3,0.757,0.744,0.4,0.757,0.744,0
20110729_0742,-23.78,179.92,539.0,GB.MCH1.,51.997,-2.998,151.694,1711.723,1752.188,1765.358,188.0,5.082,0.76,0.777,0.782,0.773,0.776,0.0,0.2,0.946,0.925,-0.5,0.914,0.914,-0.4,0.895,0.914,-0.7,0.906,0.914,-0.9,0.916,0.914,-0.8,0.912,0.914,1
20110729_0742,-23.78,179.92,539.0,XB.PS09.,36.824,-5.233,166.225,1788.064,1846.417,1866.4,189.0,0.35,-0.014,-0.026,-0.026,-0.026,-0.026,-12.4,-2.4,0.166,0.555,-8.2,0.343,0.343,-8.0,0.529,0.343,-8.3,0.542,0.343,-8.5,0.559,0.343,-8.3,0.549,0.343,0
20110729_0742,-23.78,179.92,539.0,IV.MONC.,45.074,7.927,157.733,1744.264,1791.815,1807.643,190.0,7.778,0.409,0.433,0.483,0.507,0.487,1.9,1.8,0.902,0.939,1.6,0.927,0.927,1.3,0.954,0.927,1.0,0.946,0.927,0.7,0.934,0.927,0.9,0.94,0.927,0
20110729_0742,-23.78,179.92,539.0,XB.PM29.,32.084,-4.391,170.866,1811.04,1875.66,1898.175,191.0,5.431,0.581,0.583,0.606,0.616,0.604,0.0,0.2,0.874,0.887,0.3,0.498,0.498,-0.8,0.559,0.498,-1.1,0.646,0.498,-1.3,0.73,0.498,-1.2,0.654,0.498,0
20110729_0742,-23.78,179.92,539.0,AF.SHAI.,5.881,0.044,162.101,1767.074,1820.071,1837.968,192.0,0.77,0.135,0.098,0.108,0.13,0.117,-3.4,-3.6,0.829,0.768,-2.3,0.826,0.826,-12.9,0.386,0.826,-12.9,0.377,0.826,-12.9,0.362,0.826,-12.9,0.372,0.826,0
20110729_0742,-23.78,179.92,539.0,XB.PS16.,37.213,-5.049,165.907,1786.465,1844.398,1864.214,193.0,5.898,0.656,0.717,0.73,0.738,0.73,0.0,0.4,0.869,0.87,0.1,0.967,0.967,0.1,0.937,0.967,0.0,0.932,0.967,-0.1,0.925,0.967,0.0,0.933,0.967,1
20110729_0742,-23.78,179.92,539.0,XB.PS02.,36.256,-5.371,166.716,1790.524,1849.527,1869.768,194.0,0.347,0.006,0.02,0.022,0.024,0.021,-11.0,-5.7,0.216,0.663,-8.6,0.367,0.367,-7.8,0.432,0.367,-7.9,0.451,0.367,-8.0,0.472,0.367,-8.0,0.448,0.367,0
20110729_0742,-23.78,179.92,539.0,2H.HALE.,13.842,40.008,140.918,1650.716,1679.825,1688.945,195.0,0.348,0.028,-0.034,-0.044,-0.042,-0.04,3.5,-4.8,0.717,-0.698,6.7,0.153,0.153,7.0,0.151,0.153,6.4,0.154,0.153,6.7,0.151,0.153,6.7,0.151,0.153,0
20110729_0742,-23.78,179.92,539.0,RO.SIRR.,46.265,21.663,151.518,1710.757,1751.024,1764.12,196.0,4.31,0.618,0.638,0.661,0.655,0.653,1.4,4.7,0.703,-0.231,1.0,0.726,0.726,0.5,0.653,0.726,0.1,0.639,0.726,-0.2,0.646,0.726,0.1,0.646,0.726,0
20110729_0742,-23.78,179.92,539.0,IV.MGAB.,42.913,12.112,158.38,1747.68,1796.019,1812.145,197.0,7.569,0.654,0.673,0.7,0.706,0.701,1.9,2.1,0.929,0.942,1.6,0.767,0.767,1.2,0.77,0.767,0.8,0.768,0.767,0.7,0.77,0.767,0.8,0.765,0.767,0
20110729_0742,-23.78,179.92,539.0,GE.STU.,48.772,9.195,153.959,1724.061,1767.127,1781.266,198.0,7.502,0.738,0.753,0.796,0.805,0.8,1.4,1.4,0.952,0.952,0.9,0.981,0.981,0.9,0.97,0.981,0.5,0.965,0.981,0.3,0.965,0.981,0.4,0.966,0.981,1
20110729_0742,-23.78,179.92,539.0,YV.MAYO.00,-12.846,45.187,122.567,1538.128,1552.191,1556.375,199.0,2.131,0.379,0.351,0.352,0.359,0.356,-1.9,-1.1,0.533,0.458,-0.3,0.663,0.663,-0.3,0.611,0.663,-0.6,0.602,0.663,-0.5,0.619,0.663,-0.4,0.621,0.663,0
20110729_0742,-23.78,179.92,539.0,GB.HMNX.,50.867,0.336,152.911,1718.371,1760.224,1773.909,200.0,8.075,0.618,0.777,0.783,0.764,0.774,0.5,0.4,0.932,0.929,0.4,0.892,0.892,-0.4,0.876,0.892,-0.7,0.876,0.892,-1.1,0.878,0.892,-0.9,0.878,0.892,1
20110729_0742,-23.78,179.92,539.0,IV.RAFF.,37.222,14.362,161.728,1765.149,1817.669,1835.384,201.0,5.983,0.262,0.278,0.333,0.333,0.311,2.0,2.6,0.829,0.85,2.1,0.79,0.79,1.8,0.827,0.79,1.6,0.826,0.79,1.5,0.824,0.79,1.6,0.828,0.79,0
20110729_0742,-23.78,179.92,539.0,GB.KPL.,57.339,-5.653,146.2,1681.082,1715.552,1726.543,202.0,7.14,0.723,0.697,0.699,0.702,0.702,1.1,1.3,0.942,0.954,0.7,0.943,0.943,0.5,0.96,0.943,0.2,0.95,0.943,0.0,0.945,0.943,0.1,0.951,0.943,1
20110729_0742,-23.78,179.92,539.0,IU.KMBO.10,-1.127,37.252,136.017,1621.721,1646.258,1653.821,203.0,2.791,0.429,0.454,0.442,0.436,0.441,-0.3,-0.5,0.83,0.826,-1.0,0.749,0.749,-0.8,0.777,0.749,-1.1,0.768,0.749,-1.2,0.765,0.749,-1.1,0.768,0.749,0
20110729_0742,-23.78,179.92,539.0,IV.ATFO.,43.367,12.571,157.817,1744.708,1792.362,1808.228,204.0,11.483,0.578,0.65,0.682,0.689,0.682,1.6,1.8,0.979,0.985,1.0,0.835,0.835,0.6,0.843,0.835,0.4,0.851,0.835,0.2,0.855,0.835,0.2,0.85,0.835,1
20110729_0742,-23.78,179.92,539.0,CZ.MORC.,49.777,17.542,150.585,1705.617,1744.838,1757.548,205.0,12.037,0.565,0.565,0.581,0.572,0.573,0.7,1.0,0.963,0.931,0.3,0.855,0.855,-0.1,0.9,0.855,-0.5,0.901,0.855,-0.6,0.891,0.855,-0.6,0.895,0.855,0
20110729_0742,-23.78,179.92,539.0,GR.ZARR.,53.554,10.917,149.094,1697.343,1734.919,1747.027,206.0,2.914,0.348,0.346,0.339,0.336,0.337,0.3,0.3,0.271,0.305,0.0,0.432,0.432,-0.3,0.457,0.432,-0.6,0.437,0.432,-0.9,0.439,0.432,-0.7,0.443,0.432,0
20110729_0742,-23.78,179.92,539.0,RO.BANR.,45.383,21.137,152.399,1715.578,1756.844,1770.31,207.0,4.424,0.427,0.483,0.51,0.517,0.509,1.7,1.8,0.977,0.988,1.6,0.823,0.823,0.9,0.837,0.823,0.6,0.833,0.823,0.4,0.838,0.823,0.6,0.839,0.823,0
20110729_0742,-23.78,179.92,539.0,IV.ATVO.,43.382,12.407,157.867,1744.973,1792.688,1808.577,208.0,10.862,0.632,0.672,0.705,0.725,0.717,2.4,2.5,0.982,0.971,2.1,0.962,0.962,1.7,0.965,0.962,1.5,0.965,0.962,1.3,0.964,0.962,1.4,0.963,0.962,1
20110729_0742,-23.78,179.92,539.0,RO.SULR.,44.678,26.253,150.077,1702.807,1741.464,1753.967,209.0,3.667,0.269,0.301,0.339,0.345,0.339,3.2,-2.2,0.864,-0.529,1.7,0.659,0.659,1.1,0.708,0.659,0.8,0.734,0.659,0.7,0.738,0.659,0.7,0.727,0.659,0
20110729_0742,-23.78,179.92,539.0,GE.MATE.,40.649,16.704,158.032,1745.843,1793.758,1809.723,210.0,8.749,0.506,0.564,0.598,0.594,0.589,1.2,1.5,0.872,0.859,1.1,0.849,0.849,0.6,0.849,0.849,0.3,0.839,0.849,0.2,0.826,0.849,0.3,0.835,0.849,0
20110729_0742,-23.78,179.92,539.0,IV.SNTG.,43.255,12.941,157.767,1744.442,1792.034,1807.877,211.0,6.979,0.493,0.554,0.601,0.611,0.6,2.2,2.2,0.955,0.953,1.7,0.91,0.91,1.4,0.926,0.91,1.1,0.926,0.91,0.9,0.923,0.91,1.0,0.923,0.91,0
20110729_0742,-23.78,179.92,539.0,OE.RETA.,47.487,10.762,154.766,1728.415,1772.423,1786.917,212.0,6.104,0.506,0.55,0.601,0.614,0.601,1.3,1.8,0.917,0.885,1.9,0.77,0.77,1.6,0.729,0.77,1.1,0.721,0.77,0.7,0.718,0.77,0.9,0.718,0.77,0
20110729_0742,-23.78,179.92,539.0,EE.VSU.,58.462,26.735,140.431,1647.865,1676.503,1685.461,213.0,3.664,0.721,0.722,0.737,0.737,0.739,1.0,0.8,0.866,0.826,0.5,0.928,0.928,0.7,0.942,0.928,0.3,0.945,0.928,0.3,0.937,0.928,0.3,0.941,0.928,0
20110729_0742,-23.78,179.92,539.0,KO.KMRS.,37.509,36.9,145.63,1677.852,1711.722,1722.501,214.0,5.454,0.694,0.652,0.619,0.634,0.644,0.2,0.5,0.934,0.946,-0.1,0.877,0.877,-0.3,0.852,0.877,-1.1,0.863,0.877,-1.0,0.854,0.877,-0.8,0.85,0.877,1
20110729_0742,-23.78,179.92,539.0,IV.FIAM.,42.268,13.117,158.514,1748.387,1796.891,1813.079,215.0,4.53,0.375,0.439,0.494,0.511,0.489,2.4,2.4,0.986,0.98,2.2,0.945,0.945,1.9,0.948,0.945,1.6,0.945,0.945,1.5,0.943,0.945,1.6,0.943,0.945,0
20110729_0742,-23.78,179.92,539.0,NI.ACOM.,46.548,13.514,154.749,1728.324,1772.313,1786.8,216.0,2.694,0.328,0.433,0.483,0.505,0.493,2.0,-2.5,0.784,-0.652,2.1,0.731,0.731,1.5,0.728,0.731,1.1,0.717,0.731,0.7,0.705,0.731,0.8,0.714,0.731,0
20110729_0742,-23.78,179.92,539.0,DK.ICESG.,69.092,-39.647,128.934,1578.418,1597.069,1602.682,217.0,5.648,0.681,0.663,0.68,0.676,0.669,1.1,1.2,0.925,0.924,0.3,0.889,0.889,0.3,0.89,0.889,0.0,0.901,0.889,0.1,0.897,0.889,0.2,0.893,0.889,1
20110729_0742,-23.78,179.92,539.0,RO.DOPR.,45.967,25.389,149.785,1701.187,1739.521,1751.905,218.0,11.428,0.611,0.665,0.718,0.718,0.705,2.1,2.4,0.933,0.942,1.4,0.906,0.906,0.9,0.867,0.906,0.6,0.867,0.906,0.5,0.869,0.906,0.6,0.867,0.906,1
20110729_0742,-23.78,179.92,539.0,GR.CLNZ.,52.942,10.954,149.661,1700.497,1738.694,1751.029,219.0,3.521,0.564,0.573,0.565,0.562,0.561,0.9,4.1,0.598,-0.631,0.0,0.525,0.525,-0.3,0.52,0.525,-0.6,0.516,0.525,-0.8,0.527,0.525,-0.7,0.525,0.525,0
20110729_0742,-23.78,179.92,539.0,DK.NOR.,81.605,-16.661,121.8,1533.183,1546.743,1550.773,220.0,4.884,0.634,0.576,0.587,0.591,0.585,0.3,0.7,0.401,0.483,0.3,0.71,0.71,0.5,0.746,0.71,0.1,0.73,0.71,0.4,0.735,0.71,0.4,0.739,0.71,0
20110729_0742,-23.78,179.92,539.0,CH.MUGIO.,45.922,9.042,156.665,1738.589,1784.85,1800.192,221.0,5.689,0.516,0.549,0.595,0.63,0.615,1.7,1.7,0.943,0.964,1.5,0.932,0.932,1.2,0.954,0.932,1.1,0.958,0.932,0.9,0.96,0.932,0.9,0.961,0.932,0
20110729_0742,-23.78,179.92,539.0,RO.LOT.,45.446,23.77,150.989,1707.847,1747.519,1760.395,222.0,0.359,0.053,0.056,0.057,0.056,0.057,-0.1,3.6,0.954,0.96,2.8,0.412,0.412,2.1,0.428,0.412,1.7,0.445,0.412,1.6,0.449,0.412,1.7,0.44,0.412,0
20110729_0742,-23.78,179.92,539.0,NR.NE012.,53.152,6.301,150.233,1703.669,1742.499,1755.065,223.0,6.366,0.646,0.664,0.653,0.63,0.644,0.4,0.6,0.914,0.942,-0.5,0.893,0.893,-0.5,0.909,0.893,-0.6,0.895,0.893,-0.9,0.891,0.893,-0.8,0.897,0.893,1
20110729_0742,-23.78,179.92,539.0,MN.TIP.,39.179,16.758,159.017,1751.033,1800.155,1816.577,224.0,5.839,0.417,0.423,0.474,0.478,0.457,2.1,3.2,0.79,0.64,2.8,0.878,0.878,2.5,0.879,0.878,2.1,0.871,0.878,1.9,0.864,0.878,2.2,0.87,0.878,0
20110729_0742,-23.78,179.92,539.0,II.KIV.00,43.955,42.686,139.773,1644.01,1672.019,1680.761,225.0,5.643,0.766,0.784,0.805,0.804,0.797,0.9,1.0,0.967,0.931,0.5,0.964,0.964,0.5,0.973,0.964,-0.1,0.977,0.964,0.0,0.975,0.964,0.2,0.975,0.964,1
20110729_0742,-23.78,179.92,539.0,CH.PLONS.,47.049,9.381,155.53,1732.522,1777.43,1792.263,226.0,6.443,0.504,0.562,0.595,0.603,0.597,1.2,1.4,0.962,0.956,0.8,0.875,0.875,0.6,0.87,0.875,0.3,0.869,0.875,0.1,0.867,0.875,0.2,0.867,0.875,0
20110729_0742,-23.78,179.92,539.0,ZP.ISOK.02,-10.171,32.646,133.357,1605.655,1627.882,1634.665,227.0,2.77,0.556,0.529,0.54,0.545,0.542,0.7,1.2,0.877,0.847,0.0,0.868,0.868,0.1,0.844,0.868,-0.1,0.855,0.868,-0.3,0.861,0.868,-0.1,0.857,0.868,0
20110729_0742,-23.78,179.92,539.0,US.PKME.00,45.264,-69.292,121.0,1528.003,1541.05,1544.923,228.0,3.126,0.452,0.429,0.397,0.421,0.426,-0.6,-4.1,0.598,-0.366,4.8,0.806,0.806,4.4,0.826,0.806,4.0,0.853,0.806,4.4,0.851,0.806,4.4,0.837,0.806,0
20110729_0742,-23.78,179.92,539.0,IV.HLNI.,37.348,14.872,161.345,1763.17,1815.204,1832.732,229.0,12.031,0.656,0.681,0.702,0.706,0.696,1.1,1.4,0.897,0.882,0.9,0.826,0.826,0.7,0.832,0.826,0.4,0.824,0.826,0.3,0.82,0.826,0.4,0.823,0.826,1
20110729_0742,-23.78,179.92,539.0,IV.PLAC.,38.449,16.438,159.69,1754.559,1804.515,1821.253,230.0,6.2,0.511,0.523,0.537,0.531,0.533,-5.2,-4.7,0.657,0.459,-5.3,0.623,0.623,-5.5,0.607,0.623,0.4,0.592,0.623,0.3,0.617,0.623,0.4,0.594,0.623,0
20110729_0742,-23.78,179.92,539.0,GT.DBIC.00,6.67,-4.857,162.286,1768.025,1821.259,1839.246,231.0,2.196,-0.049,-0.02,-0.013,0.005,-0.003,2.6,2.5,0.538,0.756,3.6,0.454,0.454,2.5,0.473,0.454,2.5,0.478,0.454,2.5,0.491,0.454,2.5,0.485,0.454,0
20110729_0742,-23.78,179.92,539.0,SX.MULD.,50.412,12.404,151.657,1711.516,1751.939,1765.093,232.0,9.474,0.627,0.641,0.664,0.67,0.662,0.8,0.9,0.951,0.955,0.7,0.92,0.92,0.6,0.902,0.92,0.3,0.899,0.92,0.0,0.899,0.92,0.2,0.902,0.92,1
20110729_0742,-23.78,179.92,539.0,SI.KOSI.,46.463,11.378,155.518,1732.457,1777.351,1792.179,233.0,4.132,0.473,0.519,0.572,0.581,0.578,1.7,-1.8,0.807,-0.584,1.4,0.728,0.728,1.1,0.751,0.728,0.8,0.77,0.728,0.7,0.791,0.728,0.7,0.779,0.728,0
20110729_0742,-23.78,179.92,539.0,II.SUR.10,-32.38,20.812,120.403,1524.128,1536.799,1540.557,234.0,1.834,0.197,0.11,0.12,0.149,0.142,-1.6,-1.2,0.433,0.351,4.0,0.617,0.617,4.5,0.469,0.617,4.5,0.463,0.617,4.4,0.463,0.617,4.4,0.465,0.617,0
20110729_0742,-23.78,179.92,539.0,II.ASCN.10,-7.933,-14.36,145.355,1676.289,1709.871,1720.548,235.0,1.058,-0.004,-0.001,-0.004,-0.007,-0.003,-0.8,2.0,0.437,-0.316,0.3,0.655,0.655,0.2,0.399,0.655,-0.7,0.431,0.655,-1.9,0.561,0.655,-1.8,0.542,0.655,0
20110729_0742,-23.78,179.92,539.0,IV.FRES.,41.974,14.669,158.062,1746.004,1793.956,1809.935,236.0,5.687,0.338,0.438,0.472,0.476,0.469,2.9,3.1,0.799,0.869,2.6,0.74,0.74,2.2,0.702,0.74,1.9,0.705,0.74,1.8,0.703,0.74,1.9,0.703,0.74,0
20110729_0742,-23.78,179.92,539.0,RO.LEOM.,46.473,28.247,147.9,1690.665,1726.946,1738.585,237.0,7.406,0.699,0.737,0.746,0.754,0.75,1.2,1.4,0.812,0.842,0.8,0.808,0.808,0.7,0.821,0.808,0.3,0.822,0.808,0.1,0.825,0.808,0.3,0.822,0.808,1
20110729_0742,-23.78,179.92,539.0,KO.KVT.,41.081,36.046,145.298,1675.965,1709.487,1720.144,238.0,4.861,0.806,0.805,0.797,0.807,0.809,0.8,0.9,0.923,0.932,0.5,0.912,0.912,0.3,0.891,0.912,-0.4,0.9,0.912,-0.3,0.889,0.912,-0.1,0.886,0.912,1
20110729_0742,-23.78,179.92,539.0,IU.KONO.10,59.649,9.598,143.492,1665.635,1697.298,1707.304,239.0,4.634,0.796,0.798,0.829,0.834,0.828,1.1,1.1,0.957,0.957,0.6,0.962,0.962,0.4,0.944,0.962,0.0,0.942,0.962,-0.2,0.944,0.962,-0.1,0.946,0.962,1
20110729_0742,-23.78,179.92,539.0,XB.PM07.,35.228,-4.986,167.787,1795.874,1856.306,1877.12,240.0,3.701,0.431,0.512,0.538,0.554,0.538,1.1,-2.6,0.916,-0.669,-6.8,0.473,0.473,1.1,0.875,0.473,1.0,0.868,0.473,1.0,0.858,0.473,1.0,0.871,0.473,0
20110729_0742,-23.78,179.92,539.0,XB.PM14.,34.552,-5.127,168.366,1798.75,1859.961,1881.088,241.0,2.517,0.588,0.594,0.59,0.589,0.598,0.6,0.6,0.696,0.653,0.9,0.787,0.787,0.3,0.743,0.787,0.2,0.73,0.787,0.1,0.714,0.787,0.1,0.727,0.787,0
20110729_0742,-23.78,179.92,539.0,FN.OUL.,65.086,25.893,135.419,1618.131,1642.136,1649.52,242.0,8.944,0.73,0.761,0.796,0.796,0.784,1.8,2.0,0.95,0.915,1.4,0.835,0.835,1.3,0.866,0.835,0.9,0.887,0.835,0.8,0.884,0.835,1.0,0.878,0.835,1
20110729_0742,-23.78,179.92,539.0,OE.FETA.,47.021,10.729,155.201,1730.755,1775.274,1789.961,243.0,13.081,0.548,0.619,0.668,0.692,0.681,1.4,1.3,0.946,0.96,1.4,0.875,0.875,1.0,0.9,0.875,0.9,0.905,0.875,0.6,0.901,0.875,0.7,0.904,0.875,1
20110729_0742,-23.78,179.92,539.0,MN.TRI.,45.709,13.764,155.379,1731.712,1776.442,1791.208,244.0,6.27,0.668,0.719,0.732,0.737,0.736,1.8,2.2,0.899,0.878,1.8,0.833,0.833,1.5,0.851,0.833,1.2,0.859,0.833,1.1,0.856,0.833,1.1,0.855,0.833,1
20110729_0742,-23.78,179.92,539.0,IV.SOLUN.,38.092,13.533,161.574,1764.356,1816.682,1834.321,245.0,2.482,0.137,0.163,0.216,0.232,0.202,2.7,3.0,0.846,0.896,2.6,0.734,0.734,2.3,0.786,0.734,2.0,0.803,0.734,1.9,0.817,0.734,2.0,0.802,0.734,0
20110729_0742,-23.78,179.92,539.0,XB.PS44.,36.317,-5.989,166.467,1789.281,1847.954,1868.065,246.0,0.348,-0.024,0.002,0.003,0.005,0.003,-10.7,-4.9,0.212,0.648,-8.2,0.436,0.436,-8.6,0.307,0.436,-8.7,0.307,0.436,-8.9,0.31,0.436,-8.7,0.308,0.436,0
20110729_0742,-23.78,179.92,539.0,TH.PLN.,50.485,12.157,151.654,1711.505,1751.925,1765.078,247.0,6.46,0.658,0.673,0.677,0.669,0.675,0.7,0.7,0.982,0.989,0.3,0.785,0.785,0.1,0.801,0.785,-0.2,0.793,0.785,-0.4,0.793,0.785,-0.3,0.8,0.785,1
20110729_0742,-23.78,179.92,539.0,CH.FUSIO.,46.455,8.663,156.26,1736.43,1782.206,1797.366,248.0,9.095,0.521,0.533,0.585,0.616,0.589,1.8,2.2,0.937,0.919,1.6,0.802,0.802,1.6,0.831,0.802,1.3,0.828,0.802,1.0,0.826,0.802,1.2,0.826,0.802,0
20110729_0742,-23.78,179.92,539.0,XB.PS07.,36.671,-4.799,166.485,1789.37,1848.067,1868.187,249.0,7.782,0.593,0.609,0.645,0.666,0.645,0.8,1.0,0.986,0.97,0.8,0.879,0.879,0.1,0.917,0.879,0.1,0.935,0.879,0.0,0.947,0.879,0.0,0.935,0.879,1
20110729_0742,-23.78,179.92,539.0,RO.DRGR.,46.792,22.711,150.634,1705.889,1745.165,1757.895,250.0,4.489,0.542,0.504,0.508,0.5,0.504,1.2,1.3,0.803,0.742,0.6,0.736,0.736,0.0,0.681,0.736,-0.3,0.675,0.736,-0.5,0.687,0.736,-0.4,0.686,0.736,0
20110729_0742,-23.78,179.92,539.0,ZP.KMPZ.02,-13.457,25.834,134.964,1615.386,1638.992,1646.24,251.0,0.964,0.201,0.191,0.183,0.162,0.173,-0.7,-0.6,0.929,0.9,-1.2,0.824,0.824,-1.6,0.866,0.824,-1.7,0.868,0.824,-2.0,0.879,0.824,-1.9,0.875,0.824,0
20110729_0742,-23.78,179.92,539.0,XB.PS47.,36.87,-4.079,166.467,1789.276,1847.949,1868.058,252.0,3.699,0.319,0.285,0.304,0.325,0.312,3.1,3.1,0.602,0.598,3.5,0.689,0.689,2.8,0.667,0.689,2.6,0.681,0.689,2.5,0.696,0.689,2.6,0.68,0.689,0
20110729_0742,-23.78,179.92,539.0,NR.NE018.,52.968,7.097,150.308,1704.087,1743.001,1755.597,253.0,7.48,0.652,0.675,0.68,0.672,0.675,0.8,-3.6,0.568,-0.78,0.0,0.739,0.739,-0.3,0.752,0.739,-0.5,0.778,0.739,-0.7,0.787,0.739,-0.6,0.777,0.739,0
20110729_0742,-23.78,179.92,539.0,OE.DAVA.,47.287,9.88,155.184,1730.662,1775.161,1789.841,254.0,5.936,0.613,0.722,0.755,0.761,0.758,1.3,2.8,0.86,0.671,1.4,0.618,0.618,0.7,0.643,0.618,0.6,0.679,0.618,0.5,0.71,0.618,0.5,0.692,0.618,0
20110729_0742,-23.78,179.92,539.0,PL.BEL.,51.837,20.792,147.712,1689.613,1725.692,1737.259,255.0,4.154,0.486,0.508,0.586,0.587,0.578,1.7,1.8,0.925,0.867,1.6,0.954,0.954,1.6,0.952,0.954,1.2,0.955,0.954,1.1,0.957,0.954,1.2,0.956,0.954,0
20110729_0742,-23.78,179.92,539.0,RO.BZS.,45.619,21.64,151.981,1713.295,1754.086,1767.375,256.0,5.552,0.596,0.665,0.728,0.732,0.711,2.0,2.1,0.987,0.98,1.8,0.978,0.978,1.3,0.985,0.978,0.9,0.978,0.978,0.7,0.971,0.978,0.9,0.979,0.978,1
20110729_0742,-23.78,179.92,539.0,OE.ARSA.,47.25,15.523,153.428,1721.183,1763.632,1777.54,257.0,13.058,0.526,0.545,0.576,0.584,0.57,1.9,1.9,0.916,0.916,1.2,0.936,0.936,1.1,0.924,0.936,0.9,0.93,0.936,0.8,0.934,0.936,0.8,0.931,0.936,0
20110729_0742,-23.78,179.92,539.0,IV.GALF.,37.711,14.566,161.274,1762.802,1814.746,1832.241,258.0,3.933,0.493,0.494,0.517,0.509,0.506,-0.1,0.3,0.872,0.873,0.3,0.711,0.711,0.1,0.7,0.711,-0.3,0.708,0.711,-0.4,0.713,0.711,-0.2,0.707,0.711,0
20110729_0742,-23.78,179.92,539.0,2H.SAHE.,12.04,40.977,139.373,1641.658,1669.287,1677.899,259.0,5.547,0.709,0.739,0.735,0.744,0.74,0.8,0.8,0.949,0.957,0.2,0.889,0.889,0.3,0.851,0.889,-0.1,0.859,0.889,0.0,0.869,0.889,0.0,0.866,0.889,1
20110729_0742,-23.78,179.92,539.0,XB.PM05.,35.213,-5.337,167.691,1795.395,1855.698,1876.46,260.0,3.259,0.391,0.365,0.394,0.401,0.386,-1.0,4.4,0.626,-0.754,0.0,0.831,0.831,-1.4,0.834,0.831,-1.5,0.86,0.831,-1.5,0.879,0.831,-1.5,0.858,0.831,0
20110729_0742,-23.78,179.92,539.0,II.ESK.10,55.317,-3.205,148.379,1693.349,1730.147,1741.973,261.0,5.908,0.709,0.709,0.711,0.714,0.716,0.4,0.3,0.915,0.928,-0.2,0.839,0.839,-0.2,0.85,0.839,-0.5,0.847,0.839,-0.7,0.849,0.839,-0.6,0.848,0.839,1
20110729_0742,-23.78,179.92,539.0,IV.MSSA.,44.316,9.517,158.016,1745.758,1793.653,1809.611,262.0,7.201,0.461,0.521,0.55,0.578,0.567,2.4,-1.7,0.816,-0.677,2.0,0.583,0.583,1.9,0.632,0.583,1.7,0.628,0.583,1.3,0.632,0.583,1.5,0.63,0.583,0
20110729_0742,-23.78,179.92,539.0,5H.ASSE.,13.063,42.654,138.236,1634.937,1661.499,1669.747,263.0,5.495,0.779,0.745,0.726,0.734,0.733,0.0,0.1,0.964,0.941,-0.4,0.912,0.912,-0.5,0.928,0.912,-1.1,0.925,0.912,-0.9,0.928,0.912,-0.9,0.927,0.912,1
20110729_0742,-23.78,179.92,539.0,AF.KTWE.,-12.814,28.209,134.132,1610.358,1633.244,1640.248,264.0,0.355,-0.01,-0.029,-0.027,-0.025,-0.027,8.0,-4.4,0.46,-0.945,7.0,0.094,0.094,-13.2,0.076,0.094,-13.3,0.075,0.094,6.5,0.071,0.094,-13.3,0.073,0.094,0
20110729_0742,-23.78,179.92,539.0,KO.LADK.,38.2,32.365,148.898,1696.249,1733.611,1745.641,265.0,2.757,0.438,0.446,0.492,0.486,0.481,1.6,1.7,0.879,0.888,1.2,0.958,0.958,1.1,0.947,0.958,0.4,0.937,0.958,0.5,0.943,0.958,0.6,0.944,0.958,0
20110729_0742,-23.78,179.92,539.0,VI.ISKR.,64.56,-18.386,137.504,1630.596,1656.483,1664.502,266.0,1.46,0.544,0.552,0.566,0.572,0.563,1.3,0.9,0.747,0.7,0.9,0.833,0.833,0.8,0.825,0.833,0.4,0.867,0.833,0.3,0.876,0.833,0.5,0.852,0.833,0
20110729_0742,-23.78,179.92,539.0,LX.MORF.,37.304,-8.653,164.609,1779.901,1836.134,1855.281,267.0,5.981,0.518,0.58,0.592,0.599,0.598,1.3,1.2,0.631,0.648,1.0,0.769,0.769,0.9,0.785,0.769,0.8,0.783,0.769,0.6,0.787,0.769,0.7,0.786,0.769,0
20110729_0742,-23.78,179.92,539.0,KO.LOD.,39.888,32.763,148.049,1691.505,1727.947,1739.644,268.0,4.551,0.613,0.642,0.7,0.689,0.673,1.3,1.6,0.876,0.845,1.1,0.946,0.946,0.9,0.947,0.946,0.4,0.958,0.946,0.4,0.957,0.946,0.6,0.953,0.946,1
20110729_0742,-23.78,179.92,539.0,GE.SUMG.,72.574,-38.462,126.837,1565.297,1582.357,1587.469,269.0,14.303,0.722,0.723,0.724,0.722,0.722,0.5,0.7,0.898,0.898,0.2,0.904,0.904,0.2,0.895,0.904,-0.1,0.904,0.904,0.0,0.903,0.904,0.1,0.899,0.904,1
20110729_0742,-23.78,179.92,539.0,HE.JOF.,62.919,31.309,135.615,1619.304,1643.482,1650.924,270.0,12.562,0.72,0.721,0.767,0.767,0.751,1.7,1.5,0.891,0.826,1.1,0.856,0.856,1.2,0.856,0.856,0.8,0.879,0.856,0.7,0.869,0.856,0.9,0.864,0.856,1
20110729_0742,-23.78,179.92,539.0,IV.ORI.,40.051,16.45,158.591,1748.791,1797.389,1813.613,271.0,4.871,0.447,0.42,0.45,0.442,0.445,1.5,1.4,0.663,0.749,1.4,0.811,0.811,1.1,0.802,0.811,0.8,0.8,0.811,0.6,0.798,0.811,0.8,0.803,0.811,0
20110729_0742,-23.78,179.92,539.0,CZ.NKC.,50.233,12.448,151.807,1712.342,1752.935,1766.152,272.0,13.483,0.822,0.821,0.832,0.829,0.823,0.9,0.8,0.947,0.941,0.2,0.916,0.916,0.1,0.916,0.916,-0.1,0.924,0.916,-0.4,0.925,0.916,-0.3,0.922,0.916,1
20110729_0742,-23.78,179.92,539.0,RO.MDVR.,44.782,21.713,152.517,1716.227,1757.628,1771.145,273.0,7.513,0.358,0.48,0.564,0.581,0.543,2.7,2.7,0.81,0.862,2.6,0.875,0.875,2.0,0.866,0.875,1.6,0.865,0.875,1.4,0.863,0.875,1.6,0.865,0.875,0
20110729_0742,-23.78,179.92,539.0,GR.ASSE.,52.13,10.673,150.482,1705.046,1744.152,1756.82,274.0,13.425,0.8,0.777,0.757,0.735,0.751,0.3,0.3,0.982,0.966,-0.2,0.923,0.923,-0.2,0.904,0.923,-0.6,0.89,0.923,-0.9,0.888,0.923,-0.7,0.892,0.923,1
20110729_0742,-23.78,179.92,539.0,XB.PS35.,38.714,-4.882,164.519,1779.443,1835.558,1854.659,275.0,6.166,0.604,0.621,0.63,0.625,0.63,0.1,0.4,0.945,0.945,0.2,0.88,0.88,0.1,0.93,0.88,-0.1,0.93,0.88,-0.2,0.932,0.88,-0.1,0.933,0.88,1
20110729_0742,-23.78,179.92,539.0,GU.ENR.,44.227,7.42,158.652,1749.115,1797.789,1814.041,276.0,7.147,0.544,0.599,0.636,0.661,0.644,1.5,1.8,0.775,0.849,1.2,0.883,0.883,1.2,0.854,0.883,1.0,0.87,0.883,0.7,0.892,0.883,0.8,0.877,0.883,0
20110729_0742,-23.78,179.92,539.0,NR.NE002.,52.308,6.114,151.082,1708.36,1748.137,1761.052,277.0,0.0,,,,,,-16.0,-8.0,0.0,0.0,-16.0,0.0,0.0,-16.0,0.0,0.0,-16.0,0.0,0.0,-16.0,0.0,0.0,-16.0,0.0,0.0,0
20110729_0742,-23.78,179.92,539.0,NL.GUR1.,51.169,5.785,152.24,1714.71,1755.794,1769.193,278.0,3.691,0.556,0.543,0.544,0.536,0.535,0.3,0.6,0.852,0.787,-0.4,0.842,0.842,-0.7,0.85,0.842,-0.9,0.855,0.842,-1.0,0.864,0.842,-1.0,0.864,0.842,0
20110729_0742,-23.78,179.92,539.0,IV.OFFI.,42.935,13.686,157.727,1744.233,1791.777,1807.602,279.0,9.836,0.42,0.505,0.547,0.569,0.547,1.8,2.0,0.971,0.984,1.3,0.81,0.81,0.9,0.833,0.81,0.6,0.84,0.81,0.5,0.846,0.81,0.6,0.838,0.81,0
20110729_0742,-23.78,179.92,539.0,RO.PLOR4.,45.851,26.65,149.16,1697.714,1735.362,1747.496,280.0,4.861,0.395,0.483,0.534,0.535,0.526,2.1,2.8,0.848,0.778,2.0,0.819,0.819,1.3,0.821,0.819,0.9,0.823,0.819,0.8,0.821,0.819,0.9,0.82,0.819,0
20110729_0742,-23.78,179.92,539.0,IV.HAVL.,36.96,15.122,161.455,1763.739,1815.913,1833.495,281.0,10.236,0.564,0.566,0.59,0.592,0.578,1.3,1.6,0.954,0.99,1.5,0.914,0.914,1.2,0.911,0.914,0.9,0.903,0.914,0.8,0.899,0.914,1.0,0.901,0.914,0
20110729_0742,-23.78,179.92,539.0,RO.CJR.,46.713,23.598,150.243,1703.726,1742.567,1755.137,282.0,2.439,0.53,0.496,0.503,0.502,0.5,1.2,1.1,0.654,0.662,1.1,0.647,0.647,0.7,0.678,0.647,0.4,0.677,0.647,0.3,0.662,0.647,0.4,0.667,0.647,0
20110729_0742,-23.78,179.92,539.0,IV.NOV.,38.029,15.136,160.729,1759.978,1811.234,1828.467,283.0,4.413,0.397,0.383,0.411,0.41,0.405,1.8,1.7,0.734,0.676,1.5,0.747,0.747,1.4,0.756,0.747,1.1,0.759,0.747,1.0,0.761,0.747,1.1,0.755,0.747,0
20110729_0742,-23.78,179.92,539.0,GE.DSB.,53.245,-6.376,150.152,1703.223,1741.964,1754.497,284.0,5.82,0.604,0.575,0.583,0.574,0.576,0.5,0.8,0.946,0.947,-0.2,0.915,0.915,-0.3,0.903,0.915,-0.5,0.905,0.915,-0.8,0.91,0.915,-0.6,0.907,0.915,0
20110729_0742,-23.78,179.92,539.0,GU.SC2M.,44.404,9.534,157.93,1745.307,1793.098,1809.016,285.0,8.191,0.524,0.59,0.638,0.649,0.644,2.6,2.7,0.728,0.733,2.3,0.715,0.715,2.0,0.754,0.715,1.7,0.752,0.715,1.5,0.749,0.715,1.6,0.75,0.715,0
20110729_0742,-23.78,179.92,539.0,KO.SENK.,40.561,42.35,140.835,1650.233,1679.262,1688.354,286.0,2.945,0.653,0.644,0.63,0.641,0.644,-0.1,1.3,0.804,0.675,-0.9,0.779,0.779,-1.0,0.794,0.779,-1.6,0.789,0.779,-1.4,0.804,0.779,-1.2,0.803,0.779,0
20110729_0742,-23.78,179.92,539.0,GB.DRUM.,56.913,-2.487,146.821,1684.595,1719.723,1730.949,287.0,4.863,0.719,0.711,0.712,0.703,0.708,0.2,0.2,0.882,0.879,-0.1,0.798,0.798,-0.1,0.827,0.798,-0.4,0.808,0.798,-0.7,0.803,0.798,-0.5,0.809,0.798,1
20110729_0742,-23.78,179.92,539.0,RN.HMES.,51.658,7.726,151.484,1710.57,1750.799,1763.88,288.0,6.812,0.762,0.797,0.819,0.827,0.823,1.2,1.4,0.954,0.939,0.6,0.935,0.935,0.6,0.959,0.935,0.3,0.959,0.935,0.1,0.964,0.935,0.2,0.963,0.935,1
20110729_0742,-23.78,179.92,539.0,IV.HCRL.,37.283,15.033,161.294,1762.907,1814.877,1832.381,289.0,10.421,0.602,0.614,0.639,0.639,0.631,1.1,1.1,0.973,0.973,0.9,0.864,0.864,0.7,0.863,0.864,0.3,0.855,0.864,0.2,0.849,0.864,0.4,0.852,0.864,1
20110729_0742,-23.78,179.92,539.0,IV.ATMI.,43.334,12.268,157.961,1745.468,1793.296,1809.229,290.0,0.0,,,,,,-16.0,-8.0,0.0,0.0,-16.0,0.0,0.0,-16.0,0.0,0.0,-16.0,0.0,0.0,-16.0,0.0,0.0,-16.0,0.0,0.0,0
20110729_0742,-23.78,179.92,539.0,KO.ESPY.,40.917,38.727,143.414,1665.183,1696.767,1706.744,291.0,0.499,0.169,0.15,0.144,0.148,0.15,1.0,4.7,0.853,-0.299,8.3,0.495,0.495,8.0,0.49,0.495,7.3,0.483,0.495,7.4,0.484,0.495,7.6,0.484,0.495,0
20110729_0742,-23.78,179.92,539.0,KO.MDNY.,40.371,28.885,150.594,1705.667,1744.898,1757.611,292.0,3.654,0.524,0.518,0.528,0.53,0.528,2.6,2.8,0.927,0.968,2.0,0.901,0.901,1.6,0.903,0.901,0.9,0.922,0.901,1.0,0.923,0.901,1.1,0.914,0.901,0
20110729_0742,-23.78,179.92,539.0,IV.SIRI.,40.182,15.868,158.812,1749.954,1798.824,1815.15,293.0,6.634,0.637,0.649,0.662,0.658,0.661,1.6,1.5,0.83,0.81,0.9,0.893,0.893,0.5,0.899,0.893,0.2,0.891,0.893,0.0,0.883,0.893,0.2,0.888,0.893,1
20110729_0742,-23.78,179.92,539.0,RO.CVD1.,44.321,28.062,149.207,1697.975,1735.674,1747.827,294.0,3.494,0.478,0.541,0.581,0.578,0.57,2.1,2.4,0.853,0.811,1.7,0.86,0.86,1.2,0.847,0.86,0.7,0.841,0.86,0.7,0.84,0.86,0.8,0.84,0.86,0
20110729_0742,-23.78,179.92,539.0,XB.PM19.,34.143,-5.131,168.739,1800.596,1862.31,1883.641,295.0,4.07,0.492,0.439,0.419,0.428,0.428,1.8,-2.3,0.245,-0.425,7.9,0.397,0.397,2.1,0.341,0.397,1.9,0.32,0.397,1.9,0.295,0.397,2.0,0.321,0.397,0
20110729_0742,-23.78,179.92,539.0,MC.TRNT.,16.764,-62.163,121.772,1532.999,1546.541,1550.565,296.0,0.949,0.073,0.146,-0.02,-0.026,0.146,1.3,1.5,0.559,0.649,3.2,0.526,0.526,-10.5,0.402,0.526,0.8,0.544,0.526,0.7,0.546,0.526,-10.5,0.399,0.526,0
20110729_0742,-23.78,179.92,539.0,CH.BERNI.,46.414,10.023,155.952,1734.781,1780.189,1795.211,297.0,1.729,0.378,0.406,0.456,0.48,0.458,2.4,2.3,0.914,0.908,2.0,0.813,0.813,1.9,0.823,0.813,1.7,0.818,0.813,1.4,0.819,0.813,1.6,0.818,0.813,0
20110729_0742,-23.78,179.92,539.0,CH.BALST.,47.336,7.695,155.64,1733.11,1778.148,1793.03,298.0,6.055,0.69,0.737,0.773,0.784,0.777,1.4,1.4,0.979,0.972,1.1,0.924,0.924,0.9,0.896,0.924,0.7,0.882,0.924,0.5,0.87,0.924,0.6,0.876,0.924,1
20110729_0742,-23.78,179.92,539.0,GU.MAIM.,43.914,10.491,158.079,1746.093,1794.066,1810.052,299.0,3.928,0.602,0.613,0.649,0.661,0.65,1.4,1.7,0.798,0.744,1.1,0.903,0.903,0.8,0.89,0.903,0.5,0.897,0.903,0.3,0.903,0.903,0.4,0.898,0.903,0
20110729_0742,-23.78,179.92,539.0,NL.WTSB.01,51.966,6.799,151.325,1709.696,1749.746,1762.761,300.0,0.792,0.213,0.183,0.181,0.187,0.179,1.1,4.6,0.929,-0.529,0.0,0.696,0.696,-0.1,0.738,0.696,-0.2,0.723,0.696,-0.4,0.719,0.696,-0.4,0.723,0.696,0
20110729_0742,-23.78,179.92,539.0,GE.EIL.,29.67,34.951,148.285,1692.827,1729.524,1741.313,301.0,6.709,0.557,0.582,0.714,0.682,0.652,1.4,1.6,0.887,0.872,1.1,0.943,0.943,1.4,0.965,0.943,0.6,0.94,0.943,0.8,0.956,0.943,1.0,0.96,0.943,0
20110729_0742,-23.78,179.92,539.0,OE.CONA.,47.928,15.862,152.736,1717.421,1759.074,1772.684,302.0,15.069,0.588,0.684,0.726,0.738,0.721,1.4,1.6,0.783,0.801,1.5,0.777,0.777,1.2,0.734,0.777,0.8,0.734,0.777,0.6,0.735,0.777,0.8,0.731,0.777,0
20110729_0742,-23.78,179.92,539.0,KO.ISK.,41.062,29.059,150.173,1703.338,1742.101,1754.643,303.0,4.58,0.565,0.638,0.726,0.719,0.691,2.1,2.3,0.966,0.962,1.5,0.974,0.974,1.0,0.971,0.974,0.6,0.974,0.974,0.5,0.976,0.974,0.7,0.974,0.974,1
20110729_0742,-23.78,179.92,539.0,LX.MESJ.,37.84,-8.22,164.315,1778.406,1834.256,1853.254,304.0,5.275,0.625,0.696,0.728,0.745,0.725,0.8,0.9,0.957,0.958,0.7,0.953,0.953,0.6,0.914,0.953,0.5,0.912,0.953,0.3,0.911,0.953,0.4,0.912,0.953,1
20110729_0742,-23.78,179.92,539.0,XB.PS10.,36.803,-4.904,166.333,1788.606,1847.102,1867.141,305.0,14.952,0.608,0.607,0.647,0.673,0.646,0.9,1.0,0.924,0.918,1.3,0.8,0.8,1.0,0.879,0.8,0.7,0.855,0.8,0.5,0.83,0.8,0.7,0.854,0.8,1
20110729_0742,-23.78,179.92,539.0,5H.FAME.,13.568,41.52,139.448,1642.096,1669.796,1678.431,306.0,6.825,0.731,0.774,0.773,0.779,0.776,0.7,0.5,0.898,0.899,0.1,0.915,0.915,0.3,0.929,0.915,-0.3,0.917,0.915,-0.1,0.936,0.915,-0.1,0.937,0.915,1
20110729_0742,-23.78,179.92,539.0,DK.BSD.,55.114,14.915,146.754,1684.218,1719.275,1730.476,307.0,8.898,0.761,0.766,0.788,0.791,0.786,1.0,1.2,0.906,0.912,0.6,0.945,0.945,0.5,0.951,0.945,0.3,0.948,0.945,0.1,0.949,0.945,0.2,0.95,0.945,1
20110729_0742,-23.78,179.92,539.0,IV.MPNC.,38.146,15.353,160.524,1758.91,1809.908,1827.043,308.0,3.299,0.288,0.294,0.334,0.334,0.32,-0.1,4.7,0.648,0.388,4.6,0.493,0.493,4.4,0.514,0.493,4.1,0.536,0.493,4.0,0.554,0.493,4.1,0.536,0.493,0
20110729_0742,-23.78,179.92,539.0,IV.ATTE.,43.198,12.354,158.044,1745.909,1793.839,1809.81,309.0,4.684,0.498,0.542,0.563,0.576,0.571,2.0,2.5,0.756,0.75,2.6,0.75,0.75,2.2,0.773,0.75,1.9,0.755,0.75,1.7,0.733,0.75,1.8,0.745,0.75,0
20110729_0742,-23.78,179.92,539.0,FR.TRBF.00,44.105,3.959,159.407,1753.081,1802.686,1819.291,310.0,0.732,0.128,0.035,0.048,0.06,0.053,2.8,3.0,0.856,0.915,2.6,0.414,0.414,2.6,0.423,0.414,2.4,0.403,0.414,2.1,0.384,0.414,2.2,0.393,0.414,0
20110729_0742,-23.78,179.92,539.0,XB.PM32.,31.568,-4.191,171.405,1813.665,1879.027,1901.848,311.0,10.991,0.533,0.616,0.627,0.625,0.622,0.0,0.3,0.873,0.905,-0.4,0.784,0.784,-0.6,0.838,0.784,-0.7,0.844,0.784,-0.8,0.849,0.784,-0.7,0.841,0.784,1
20110729_0742,-23.78,179.92,539.0,XB.PM22B.,33.308,-5.102,169.504,1804.37,1867.124,1888.876,312.0,5.85,0.706,0.626,0.629,0.627,0.632,0.4,0.5,0.938,0.949,0.3,0.941,0.941,0.1,0.915,0.941,-0.2,0.911,0.941,-0.3,0.91,0.941,-0.1,0.909,0.941,1
20110729_0742,-23.78,179.92,539.0,G.CLF.00,48.026,2.26,155.683,1733.343,1778.432,1793.334,313.0,8.954,0.707,0.702,0.73,0.745,0.737,1.2,1.4,0.947,0.973,0.9,0.83,0.83,0.8,0.685,0.83,0.5,0.681,0.83,0.3,0.701,0.83,0.4,0.697,0.83,0
20110729_0742,-23.78,179.92,539.0,GB.EDI.,55.923,-3.188,147.776,1689.969,1726.116,1737.708,314.0,5.777,0.618,0.638,0.65,0.662,0.657,1.8,1.7,0.891,0.865,1.3,0.855,0.855,1.0,0.856,0.855,0.8,0.861,0.855,0.7,0.865,0.855,0.7,0.861,0.855,1
20110729_0742,-23.78,179.92,539.0,IV.RESU.,37.647,14.057,161.607,1764.524,1816.891,1834.546,315.0,2.161,0.364,0.393,0.366,0.356,0.371,-1.3,-1.0,0.655,0.612,-1.0,0.7,0.7,-1.3,0.646,0.7,-1.6,0.617,0.7,-1.7,0.598,0.7,-1.6,0.614,0.7,0
20110729_0742,-23.78,179.92,539.0,IV.ALJA.,37.749,13.754,161.702,1765.019,1817.507,1835.21,316.0,2.049,0.105,0.095,0.107,0.106,0.104,4.5,-3.0,0.367,0.001,4.2,0.491,0.491,4.0,0.473,0.491,3.6,0.468,0.491,3.4,0.471,0.491,3.6,0.467,0.491,0
20110729_0742,-23.78,179.92,539.0,GE.APE.,37.073,25.523,154.358,1726.215,1769.746,1784.061,317.0,2.722,0.593,0.561,0.548,0.539,0.549,-0.8,-0.4,0.913,0.864,-1.4,0.816,0.816,-1.6,0.768,0.816,-2.0,0.826,0.816,-2.0,0.831,0.816,-1.9,0.816,0.816,0
20110729_0742,-23.78,179.92,539.0,IV.PSB1.,41.223,14.811,158.575,1748.711,1797.291,1813.507,318.0,2.414,0.264,0.34,0.406,0.421,0.392,2.0,2.0,0.859,0.901,1.7,0.876,0.876,1.4,0.882,0.876,1.1,0.879,0.876,0.9,0.876,0.876,1.1,0.877,0.876,0
20110729_0742,-23.78,179.92,539.0,ZP.KISZ.02,-12.112,25.495,136.258,1623.163,1647.914,1655.551,319.0,0.347,0.019,0.019,0.019,0.018,0.019,6.0,-4.4,0.749,-0.87,-5.2,0.251,0.251,-5.3,0.295,0.251,-5.3,0.276,0.251,-11.2,0.238,0.251,-5.3,0.269,0.251,0
20110729_0742,-23.78,179.92,539.0,AF.CVNA.,-31.482,19.762,121.567,1531.677,1545.086,1549.07,320.0,0.582,-0.182,-0.191,-0.195,-0.21,-0.208,13.7,0.6,0.061,-0.797,8.1,0.527,0.527,8.0,0.542,0.527,8.0,0.542,0.527,8.0,0.543,0.527,8.0,0.539,0.527,0
20110729_0742,-23.78,179.92,539.0,IV.PIPA.,39.485,16.816,158.777,1749.775,1798.603,1814.913,321.0,7.423,0.561,0.59,0.594,0.592,0.597,3.1,2.4,0.65,0.572,2.7,0.742,0.742,2.5,0.748,0.742,2.1,0.768,0.742,2.0,0.782,0.742,2.1,0.771,0.742,0
20110729_0742,-23.78,179.92,539.0,IV.FVI.,46.597,12.78,154.955,1729.434,1773.664,1788.243,322.0,3.871,0.527,0.535,0.539,0.537,0.538,1.9,2.3,0.941,0.956,2.0,0.643,0.643,1.5,0.613,0.643,1.2,0.58,0.643,0.9,0.558,0.643,1.0,0.573,0.643,0
20110729_0742,-23.78,179.92,539.0,IV.CERT.,41.949,12.982,158.833,1750.067,1798.963,1815.299,323.0,4.574,0.562,0.59,0.628,0.646,0.635,1.9,1.9,0.971,0.98,1.4,0.925,0.925,1.2,0.93,0.925,1.0,0.929,0.925,0.7,0.929,0.925,0.9,0.928,0.925,0
20110729_0742,-23.78,179.92,539.0,IV.SSY.,37.158,15.074,161.353,1763.213,1815.258,1832.79,324.0,9.346,0.583,0.61,0.631,0.634,0.623,1.2,1.2,0.984,0.987,1.2,0.913,0.913,0.9,0.918,0.913,0.6,0.92,0.913,0.5,0.921,0.913,0.6,0.917,0.913,1
20110729_0742,-23.78,179.92,539.0,TH.HKWD.,50.83,12.268,151.311,1709.62,1749.653,1762.663,325.0,0.335,0.055,0.044,0.047,0.049,0.045,-0.1,0.6,0.932,0.939,-0.4,0.34,0.34,-0.9,0.389,0.34,-1.2,0.42,0.34,-1.4,0.45,0.34,-1.3,0.428,0.34,0
20110729_0742,-23.78,179.92,539.0,IV.ZCCA.,44.351,10.976,157.532,1743.197,1790.504,1806.24,326.0,3.316,0.371,0.415,0.449,0.454,0.45,3.0,3.1,0.935,0.966,2.8,0.873,0.873,2.4,0.883,0.873,2.1,0.897,0.873,2.0,0.912,0.873,2.1,0.901,0.873,0
20110729_0742,-23.78,179.92,539.0,GR.BRG.,50.873,13.944,150.816,1706.89,1746.368,1759.172,327.0,6.092,0.703,0.735,0.742,0.737,0.737,0.7,0.8,0.953,0.929,0.3,0.859,0.859,0.0,0.903,0.859,-0.2,0.909,0.859,-0.5,0.909,0.859,-0.4,0.908,0.859,1
20110729_0742,-23.78,179.92,539.0,MN.VLC.,44.159,10.386,157.893,1745.111,1792.857,1808.758,328.0,5.019,0.366,0.439,0.471,0.503,0.494,2.2,2.3,0.904,0.943,1.9,0.94,0.94,1.6,0.948,0.94,1.4,0.952,0.94,1.1,0.957,0.94,1.2,0.956,0.94,0
20110729_0742,-23.78,179.92,539.0,IV.JOPP.,38.607,15.886,159.904,1755.682,1805.905,1822.745,329.0,5.604,0.363,0.34,0.33,0.322,0.338,0.5,0.9,0.597,0.657,1.0,0.78,0.78,0.7,0.816,0.78,0.4,0.841,0.78,0.3,0.855,0.78,0.4,0.843,0.78,0
20110729_0742,-23.78,179.92,539.0,GE.IBBN.,52.306,7.759,150.853,1707.093,1746.612,1759.432,330.0,6.094,0.692,0.744,0.749,0.741,0.748,0.8,-2.6,0.942,-0.649,0.4,0.912,0.912,0.2,0.922,0.912,0.0,0.92,0.912,-0.2,0.917,0.912,-0.2,0.92,0.912,1
20110729_0742,-23.78,179.92,539.0,XB.PM08.,35.145,-4.708,167.946,1796.667,1857.312,1878.212,331.0,0.345,-0.013,-0.011,-0.011,-0.01,-0.011,-10.6,5.1,0.195,0.229,-8.0,0.316,0.316,4.8,0.431,0.316,4.7,0.427,0.316,4.6,0.416,0.316,4.7,0.427,0.316,0
20110729_0742,-23.78,179.92,539.0,GR.BSEG.,53.936,10.316,148.85,1695.985,1733.294,1745.306,332.0,9.154,0.646,0.639,0.64,0.642,0.641,1.4,1.7,0.762,0.781,1.5,0.577,0.577,1.2,0.572,0.577,0.9,0.547,0.577,0.6,0.525,0.577,0.7,0.537,0.577,0
20110729_0742,-23.78,179.92,539.0,GB.HTL.,50.994,-4.485,152.573,1716.532,1757.998,1771.538,333.0,5.228,0.601,0.434,0.433,0.42,0.4,-1.2,-1.1,0.692,0.664,-1.3,0.627,0.627,-1.9,0.592,0.627,-2.0,0.599,0.627,-2.1,0.615,0.627,-2.2,0.614,0.627,0
20110729_0742,-23.78,179.92,539.0,GR.TNS.,50.224,8.449,152.735,1717.415,1759.066,1772.675,334.0,6.494,0.677,0.741,0.742,0.742,0.744,1.2,1.4,0.992,0.984,1.1,0.961,0.961,0.4,0.945,0.961,0.2,0.946,0.961,0.1,0.946,0.961,0.1,0.947,0.961,1
20110729_0742,-23.78,179.92,539.0,RO.BUR31.,47.644,25.2,148.811,1695.766,1733.033,1745.029,335.0,5.183,0.735,0.712,0.7,0.701,0.702,0.9,-2.7,0.653,-0.863,0.6,0.803,0.803,0.1,0.778,0.803,-0.2,0.788,0.803,-0.4,0.788,0.803,-0.3,0.781,0.803,0
20110729_0742,-23.78,179.92,539.0,IV.LATE.,42.614,11.804,158.753,1749.645,1798.442,1814.741,336.0,6.123,0.579,0.597,0.623,0.632,0.623,2.0,2.2,0.945,0.972,1.7,0.908,0.908,1.5,0.909,0.908,1.2,0.9,0.908,1.1,0.889,0.908,1.2,0.897,0.908,0
20110729_0742,-23.78,179.92,539.0,XB.PS51.,36.973,-4.887,166.176,1787.818,1846.106,1866.063,337.0,5.639,0.575,0.569,0.58,0.59,0.585,0.4,0.5,0.961,0.937,0.4,0.912,0.912,0.6,0.929,0.912,0.5,0.912,0.912,0.3,0.884,0.912,0.4,0.904,0.912,0
20110729_0742,-23.78,179.92,539.0,KO.KOZT.,37.479,35.826,146.466,1682.588,1717.339,1728.43,338.0,14.766,0.725,0.724,0.715,0.723,0.726,0.8,0.9,0.978,0.98,0.6,0.926,0.926,0.2,0.906,0.926,-0.4,0.881,0.926,-0.3,0.889,0.926,-0.1,0.895,0.926,1
20110729_0742,-23.78,179.92,539.0,GB.SWN1.,51.513,-1.8,152.235,1714.686,1755.765,1769.162,339.0,0.0,,,,,,-16.0,-8.0,0.0,0.0,-16.0,0.0,0.0,-16.0,0.0,0.0,-16.0,0.0,0.0,-16.0,0.0,0.0,-16.0,0.0,0.0,0
20110729_0742,-23.78,179.92,539.0,II.OBN.00,55.115,36.567,138.65,1637.388,1664.336,1672.715,340.0,15.458,0.736,0.698,0.731,0.728,0.718,1.4,1.4,0.902,0.859,0.9,0.948,0.948,1.0,0.928,0.948,0.7,0.942,0.948,0.5,0.931,0.948,0.7,0.93,0.948,1
20110729_0742,-23.78,179.92,539.0,GR.A055.,52.405,9.823,150.396,1704.57,1743.58,1756.213,341.0,3.517,0.42,0.413,0.404,0.4,0.405,0.6,0.7,0.838,0.832,0.2,0.955,0.955,0.2,0.959,0.955,-0.2,0.958,0.955,-0.5,0.958,0.955,-0.3,0.959,0.955,0
20110729_0742,-23.78,179.92,539.0,X7.PY4A.00,47.561,-2.907,156.112,1735.641,1781.241,1796.335,342.0,8.193,0.605,0.513,0.515,0.517,0.513,0.3,0.1,0.808,0.756,-0.2,0.619,0.619,-0.1,0.606,0.619,-0.3,0.599,0.619,-0.6,0.594,0.619,-0.4,0.595,0.619,0
20110729_0742,-23.78,179.92,539.0,GB.CCA1.,50.187,-5.228,153.29,1720.436,1762.726,1776.574,343.0,8.807,0.715,0.713,0.658,0.629,0.646,-0.4,-0.4,0.891,0.913,-1.1,0.739,0.739,-1.3,0.724,0.739,-1.7,0.727,0.739,-1.9,0.732,0.739,-1.8,0.732,0.739,0
20110729_0742,-23.78,179.92,539.0,KO.BZK.,41.96,34.004,146.428,1682.373,1717.083,1728.161,344.0,4.194,0.743,0.762,0.786,0.781,0.775,1.2,1.3,0.944,0.953,0.9,0.943,0.943,0.5,0.936,0.943,0.0,0.928,0.943,0.0,0.933,0.943,0.2,0.934,0.943,1
20110729_0742,-23.78,179.92,539.0,MN.PDG.,42.43,19.261,155.419,1731.926,1776.702,1791.486,345.0,4.578,0.417,0.505,0.574,0.562,0.542,2.0,2.3,0.978,0.976,1.8,0.976,0.976,1.5,0.971,0.976,1.1,0.972,0.976,1.0,0.971,0.976,1.2,0.973,0.976,0
20110729_0742,-23.78,179.92,539.0,GB.SOFL.,62.069,-6.966,141.426,1653.68,1683.285,1692.576,346.0,4.041,0.678,0.652,0.665,0.667,0.665,0.7,0.5,0.653,0.616,0.4,0.852,0.852,0.4,0.868,0.852,0.1,0.871,0.852,-0.1,0.87,0.852,0.1,0.873,0.852,0
20110729_0742,-23.78,179.92,539.0,IV.OSSC.,43.524,11.246,158.17,1746.574,1794.658,1810.687,347.0,5.812,0.351,0.435,0.474,0.502,0.493,2.0,-1.1,0.821,-0.646,1.9,0.624,0.624,1.7,0.614,0.624,1.4,0.616,0.624,1.1,0.631,0.624,1.2,0.62,0.624,0
20110729_0742,-23.78,179.92,539.0,FR.CHMF.00,47.248,6.652,155.923,1734.627,1780.002,1795.01,348.0,14.714,0.647,0.664,0.692,0.698,0.697,1.7,1.8,0.97,0.963,1.0,0.852,0.852,0.9,0.817,0.852,0.7,0.824,0.852,0.5,0.837,0.852,0.5,0.832,0.852,1
20110729_0742,-23.78,179.92,539.0,RO.PLOR6.,45.842,26.642,149.17,1697.77,1735.429,1747.568,349.0,4.839,0.417,0.49,0.527,0.526,0.522,2.0,2.5,0.705,0.671,1.7,0.841,0.841,1.1,0.828,0.841,0.7,0.815,0.841,0.6,0.809,0.841,0.7,0.815,0.841,0
20110729_0742,-23.78,179.92,539.0,IV.CAMP.,42.536,13.409,158.171,1746.578,1794.662,1810.692,350.0,0.34,0.009,0.008,0.008,0.007,0.008,-3.8,-4.1,0.219,0.961,0.6,0.403,0.403,0.1,0.407,0.403,0.0,0.406,0.403,-0.1,0.405,0.403,-0.1,0.41,0.403,0
20110729_0742,-23.78,179.92,539.0,KO.AYDB.,37.947,27.891,152.287,1714.971,1756.11,1769.529,351.0,7.371,0.671,0.689,0.755,0.741,0.728,1.1,1.4,0.932,0.909,1.0,0.957,0.957,0.9,0.972,0.957,0.5,0.962,0.957,0.4,0.964,0.957,0.6,0.968,0.957,1
20110729_0742,-23.78,179.92,539.0,KO.MERS.,36.868,34.522,147.621,1689.102,1725.085,1736.616,352.0,6.354,0.702,0.673,0.69,0.694,0.687,1.1,1.3,0.967,0.976,0.7,0.938,0.938,0.7,0.948,0.938,0.2,0.947,0.938,0.3,0.95,0.938,0.5,0.95,0.938,1
20110729_0742,-23.78,179.92,539.0,XB.PS48.,36.901,-3.727,166.51,1789.493,1848.223,1868.356,353.0,3.984,0.45,0.33,0.346,0.372,0.363,2.7,4.0,0.659,0.495,3.4,0.67,0.67,3.2,0.679,0.67,3.3,0.677,0.67,3.2,0.672,0.67,3.2,0.676,0.67,0
20110729_0742,-23.78,179.92,539.0,NO.SPB3.00,78.174,16.358,125.068,1554.114,1569.891,1574.603,354.0,15.041,0.613,0.603,0.592,0.581,0.59,0.7,0.9,0.918,0.954,0.2,0.701,0.701,0.1,0.672,0.701,-0.4,0.683,0.701,-0.4,0.676,0.701,-0.2,0.671,0.701,0
20110729_0742,-23.78,179.92,539.0,XB.PS53.,37.057,-3.964,166.311,1788.495,1846.961,1866.989,355.0,3.603,0.471,0.38,0.374,0.375,0.377,-1.9,0.8,0.787,0.3,-0.3,0.697,0.697,-1.0,0.849,0.697,-1.1,0.856,0.697,-1.2,0.85,0.697,-1.2,0.867,0.697,0
20110729_0742,-23.78,179.92,539.0,IV.IVPL.,38.376,14.98,160.576,1759.184,1810.249,1827.408,356.0,3.314,0.347,0.41,0.462,0.472,0.445,0.7,1.0,0.965,0.965,0.9,0.765,0.765,0.7,0.792,0.765,0.4,0.786,0.765,0.3,0.78,0.765,0.4,0.781,0.765,0
20110729_0742,-23.78,179.92,539.0,XB.PM33.,31.432,-4.243,171.508,1814.163,1879.668,1902.546,357.0,8.806,0.634,0.615,0.626,0.628,0.62,0.1,0.4,0.875,0.894,-0.3,0.752,0.752,-0.3,0.794,0.752,-0.4,0.804,0.752,-0.5,0.81,0.752,-0.5,0.8,0.752,0
20110729_0742,-23.78,179.92,539.0,II.ASCN.00,-7.933,-14.36,145.355,1676.289,1709.871,1720.548,358.0,1.045,-0.012,-0.01,-0.013,-0.015,-0.012,-0.8,2.0,0.484,-0.329,0.3,0.648,0.648,0.2,0.392,0.648,-0.8,0.422,0.648,-2.0,0.556,0.648,-1.9,0.537,0.648,0
20110729_0742,-23.78,179.92,539.0,IU.GNI.10,40.148,44.741,139.125,1640.194,1667.588,1676.12,359.0,3.408,0.453,0.46,0.508,0.486,0.478,1.0,1.0,0.68,0.759,0.7,0.585,0.585,0.5,0.598,0.585,0.0,0.626,0.585,0.2,0.6,0.585,0.3,0.6,0.585,0
20110729_0742,-23.78,179.92,539.0,IV.MCT.,37.619,13.608,161.876,1765.917,1818.627,1836.414,360.0,0.0,,,,,,-16.0,-8.0,0.0,0.0,-16.0,0.0,0.0,-16.0,0.0,0.0,-16.0,0.0,0.0,-16.0,0.0,0.0,-16.0,0.0,0.0,0
20110729_0742,-23.78,179.92,539.0,XB.PS60.,37.327,-3.452,166.149,1787.679,1845.93,1865.873,361.0,0.363,0.008,-0.01,-0.011,-0.012,-0.012,-13.3,-5.0,0.313,-0.076,-9.0,0.606,0.606,-8.8,0.653,0.606,-8.9,0.657,0.606,-9.1,0.657,0.606,-9.0,0.654,0.606,0
20110729_0742,-23.78,179.92,539.0,DK.DBG.,74.307,-20.219,128.358,1574.831,1593.041,1598.513,362.0,4.663,0.612,0.569,0.597,0.59,0.585,0.8,1.0,0.761,0.786,0.5,0.936,0.936,0.6,0.936,0.936,0.2,0.937,0.936,0.3,0.935,0.936,0.4,0.936,0.936,0
20110729_0742,-23.78,179.92,539.0,IU.KEV.10,69.757,27.003,131.318,1593.176,1613.715,1619.937,363.0,0.341,-0.02,-0.024,-0.019,-0.018,-0.021,5.3,-4.2,0.793,-0.911,-9.2,0.343,0.343,-9.6,0.336,0.343,-9.9,0.308,0.343,-9.9,0.308,0.343,-9.9,0.314,0.343,0
20110729_0742,-23.78,179.92,539.0,AF.UPI.,-28.362,21.253,123.954,1547.021,1562.021,1566.492,364.0,1.341,-0.062,0.163,0.163,0.097,0.123,-0.9,-0.8,0.334,0.495,-1.6,0.51,0.51,-0.5,0.547,0.51,-0.6,0.538,0.51,-0.6,0.491,0.51,-0.6,0.51,0.51,0
20110729_0742,-23.78,179.92,539.0,IV.MSFR.,38.034,14.592,161.034,1761.561,1813.202,1830.581,365.0,1.867,0.281,0.278,0.319,0.322,0.304,0.8,1.2,0.95,0.939,0.8,0.854,0.854,0.6,0.859,0.854,0.3,0.852,0.854,0.1,0.848,0.854,0.3,0.85,0.854,0
20110729_0742,-23.78,179.92,539.0,XB.PM06.,35.309,-5.639,167.504,1794.467,1854.521,1875.183,366.0,6.905,0.572,0.656,0.653,0.639,0.644,0.5,0.6,0.871,0.885,0.6,0.694,0.694,-0.1,0.791,0.694,-0.2,0.831,0.694,-0.4,0.849,0.694,-0.3,0.824,0.694,0
20110729_0742,-23.78,179.92,539.0,KO.KCTX.,40.263,28.335,151.018,1708.007,1747.712,1760.6,367.0,8.26,0.707,0.74,0.798,0.792,0.78,1.9,2.1,0.94,0.971,1.3,0.918,0.918,0.9,0.933,0.918,0.5,0.951,0.918,0.4,0.954,0.918,0.5,0.946,0.918,1
20110729_0742,-23.78,179.92,539.0,DZ.OKGL.00,36.037,0.656,167.727,1795.573,1855.924,1876.705,368.0,9.427,0.546,0.356,0.365,0.365,0.371,0.8,1.2,0.777,0.769,0.9,0.762,0.762,1.0,0.745,0.762,0.9,0.676,0.762,0.9,0.593,0.762,0.8,0.642,0.762,0
20110729_0742,-23.78,179.92,539.0,KO.MAZI.,37.459,40.446,142.88,1662.109,1693.155,1702.945,369.0,2.29,0.488,0.48,0.511,0.505,0.497,1.2,1.1,0.853,0.729,0.7,0.983,0.983,0.6,0.981,0.983,-0.1,0.979,0.983,0.2,0.98,0.983,0.3,0.981,0.983,0
20110729_0742,-23.78,179.92,539.0,GR.GRC1.,48.995,11.52,153.183,1719.852,1762.017,1775.819,370.0,10.82,0.621,0.699,0.731,0.732,0.729,1.3,1.3,0.976,0.98,0.9,0.875,0.875,0.4,0.841,0.875,0.2,0.838,0.875,0.1,0.835,0.875,0.1,0.836,0.875,1
20110729_0742,-23.78,179.92,539.0,ZP.KISH.02,-12.022,29.612,133.91,1609.013,1631.709,1638.649,371.0,2.146,0.464,0.505,0.498,0.482,0.495,-0.1,0.0,0.919,0.858,-0.5,0.861,0.861,-0.6,0.869,0.861,-0.7,0.868,0.861,-0.9,0.859,0.861,-0.7,0.865,0.861,0
20110729_0742,-23.78,179.92,539.0,DK.ANGG.,65.616,-37.637,131.817,1596.245,1617.19,1623.546,372.0,8.499,0.58,0.597,0.609,0.603,0.601,1.0,1.2,0.81,0.796,0.8,0.83,0.83,0.6,0.835,0.83,0.3,0.842,0.83,0.3,0.839,0.83,0.5,0.837,0.83,0
20110729_0742,-23.78,179.92,539.0,NI.SABO.,45.987,13.634,155.189,1730.69,1775.195,1789.877,373.0,5.524,0.621,0.684,0.703,0.713,0.703,1.6,1.6,0.881,0.869,1.3,0.78,0.78,0.9,0.752,0.78,0.7,0.761,0.78,0.4,0.776,0.78,0.5,0.766,0.78,0
20110729_0742,-23.78,179.92,539.0,IV.MOCO.,41.37,15.158,158.295,1747.232,1795.468,1811.555,374.0,2.045,0.055,0.03,0.055,0.063,0.057,4.0,4.5,0.821,0.836,4.0,0.871,0.871,3.5,0.874,0.871,3.3,0.873,0.871,3.1,0.872,0.871,3.2,0.872,0.871,0
20110729_0742,-23.78,179.92,539.0,TH.HWTS.,50.592,11.472,151.729,1711.916,1752.421,1765.605,375.0,9.082,0.822,0.82,0.822,0.819,0.821,0.7,0.8,0.953,0.955,0.3,0.927,0.927,0.3,0.93,0.927,0.0,0.938,0.927,-0.3,0.941,0.927,-0.2,0.936,0.927,1
20110729_0742,-23.78,179.92,539.0,KO.BALB.,39.651,27.864,151.61,1711.26,1751.63,1764.764,376.0,6.469,0.709,0.749,0.817,0.809,0.79,1.9,2.0,0.967,0.972,1.6,0.97,0.97,1.3,0.98,0.97,0.9,0.991,0.97,0.8,0.99,0.97,1.0,0.986,0.97,1
20110729_0742,-23.78,179.92,539.0,GU.PZZ.,44.507,7.116,158.456,1748.084,1796.518,1812.679,377.0,5.338,0.632,0.635,0.663,0.684,0.671,1.7,1.8,0.954,0.958,1.5,0.873,0.873,1.6,0.906,0.873,1.3,0.896,0.873,1.0,0.884,0.873,1.1,0.89,0.873,1
20110729_0742,-23.78,179.92,539.0,XB.PS37.,39.0,-4.956,164.228,1777.965,1833.703,1852.657,378.0,4.677,0.716,0.666,0.696,0.709,0.695,0.5,0.6,0.969,0.963,0.3,0.88,0.88,0.4,0.867,0.88,0.2,0.868,0.88,0.0,0.864,0.88,0.2,0.867,0.88,1
20110729_0742,-23.78,179.92,539.0,CH.BOURR.,47.394,7.23,155.676,1733.306,1778.387,1793.286,379.0,13.687,0.661,0.726,0.747,0.763,0.751,1.4,1.6,0.968,0.96,1.1,0.902,0.902,0.8,0.862,0.902,0.7,0.868,0.902,0.4,0.878,0.902,0.6,0.873,0.902,1
20110729_0742,-23.78,179.92,539.0,GE.ISP.,37.843,30.509,150.396,1704.573,1743.584,1756.216,380.0,3.517,0.535,0.544,0.558,0.549,0.555,0.9,1.1,0.965,0.976,0.3,0.892,0.892,0.1,0.878,0.892,-0.6,0.89,0.892,-0.4,0.893,0.892,-0.3,0.886,0.892,0
20110729_0742,-23.78,179.92,539.0,IV.ILOS.,38.446,14.948,160.546,1759.024,1810.05,1827.194,381.0,4.337,0.419,0.332,0.325,0.329,0.334,1.7,1.9,0.966,0.975,1.8,0.757,0.757,1.6,0.781,0.757,1.3,0.777,0.757,1.2,0.773,0.757,1.3,0.773,0.757,0
20110729_0742,-23.78,179.92,539.0,KO.LEF.,35.112,32.843,149.348,1698.761,1736.615,1748.824,382.0,16.564,0.556,0.554,0.596,0.584,0.577,1.3,-2.0,0.812,-0.788,0.7,0.754,0.754,0.6,0.748,0.754,-0.1,0.795,0.754,0.1,0.8,0.754,0.1,0.785,0.754,0
20110729_0742,-23.78,179.92,539.0,IV.FAVR.,37.267,13.667,162.094,1767.037,1820.025,1837.918,383.0,1.877,0.133,0.162,0.188,0.197,0.178,2.9,-2.4,0.47,0.027,1.2,0.521,0.521,1.1,0.484,0.521,0.8,0.474,0.521,0.6,0.47,0.521,0.8,0.475,0.521,0
20110729_0742,-23.78,179.92,539.0,IU.ANTO.00,39.868,32.793,148.035,1691.423,1727.85,1739.541,384.0,0.338,0.033,0.016,0.026,0.029,0.023,-0.1,1.4,0.932,0.97,0.4,0.113,0.113,0.2,0.119,0.113,-0.1,0.123,0.113,-0.1,0.119,0.113,-0.1,0.121,0.113,0
20110729_0742,-23.78,179.92,539.0,NA.SEUS.,17.493,-62.981,121.25,1529.627,1542.834,1546.755,385.0,1.981,-0.007,0.093,0.103,0.099,0.093,-7.8,0.0,0.095,-0.11,7.9,0.489,0.489,11.2,0.131,0.489,-13.5,0.16,0.489,-13.6,0.143,0.489,-13.7,0.139,0.489,0
20110729_0742,-23.78,179.92,539.0,G.ATD.00,11.531,42.847,137.488,1630.5,1656.372,1664.387,386.0,2.178,0.553,0.577,0.562,0.57,0.563,-0.9,0.1,0.855,0.728,-1.1,0.839,0.839,-0.9,0.784,0.839,-1.8,0.809,0.839,-1.3,0.778,0.839,-1.5,0.783,0.839,0
20110729_0742,-23.78,179.92,539.0,RO.PLOR.,45.851,26.65,149.16,1697.714,1735.362,1747.496,387.0,4.861,0.395,0.483,0.534,0.535,0.526,2.1,2.8,0.848,0.778,2.0,0.819,0.819,1.3,0.821,0.819,0.9,0.823,0.819,0.8,0.821,0.819,0.9,0.82,0.819,0
20110729_0742,-23.78,179.92,539.0,IU.SFJD.00,66.996,-50.621,126.758,1564.8,1581.801,1586.895,388.0,7.728,0.75,0.747,0.756,0.751,0.749,0.6,0.6,0.961,0.952,0.5,0.875,0.875,0.4,0.889,0.875,0.1,0.884,0.875,0.3,0.885,0.875,0.3,0.887,0.875,1
20110729_0742,-23.78,179.92,539.0,EE.ARBE.,59.437,25.984,139.925,1644.902,1673.056,1681.847,389.0,4.332,0.669,0.707,0.722,0.719,0.717,0.9,1.0,0.876,0.911,0.3,0.857,0.857,0.2,0.874,0.857,-0.1,0.878,0.857,-0.1,0.871,0.857,0.0,0.872,0.857,1
20110729_0742,-23.78,179.92,539.0,IV.MCEL.,40.325,15.802,158.743,1749.595,1798.381,1814.676,390.0,2.884,0.582,0.639,0.65,0.641,0.646,0.6,0.7,0.762,0.79,0.3,0.934,0.934,0.0,0.929,0.934,-0.4,0.925,0.934,-0.5,0.919,0.934,-0.3,0.925,0.934,0
20110729_0742,-23.78,179.92,539.0,GU.RSP.,45.148,7.265,157.814,1744.691,1792.34,1808.205,391.0,8.152,0.645,0.715,0.745,0.763,0.75,1.4,1.6,0.923,0.924,1.2,0.884,0.884,0.9,0.913,0.884,0.8,0.906,0.884,0.5,0.89,0.884,0.6,0.898,0.884,1
20110729_0742,-23.78,179.92,539.0,6H.MANI.,-18.948,32.884,126.53,1563.364,1580.197,1585.238,392.0,1.848,0.477,0.443,0.45,0.461,0.453,2.4,3.3,0.731,0.664,2.7,0.527,0.527,2.7,0.546,0.527,2.6,0.527,0.527,2.5,0.5,0.527,2.6,0.523,0.527,0
20110729_0742,-23.78,179.92,539.0,IU.KEV.00,69.757,27.003,131.318,1593.176,1613.715,1619.937,393.0,15.176,0.7,0.729,0.739,0.738,0.738,1.1,1.4,0.955,0.955,0.7,0.883,0.883,0.4,0.877,0.883,0.0,0.889,0.883,0.0,0.888,0.883,0.1,0.886,0.883,1
20110729_0742,-23.78,179.92,539.0,GE.SFJD.00,66.996,-50.621,126.758,1564.8,1581.801,1586.895,394.0,7.728,0.75,0.747,0.756,0.751,0.749,0.6,0.6,0.961,0.952,0.5,0.875,0.875,0.4,0.889,0.875,0.1,0.884,0.875,0.3,0.885,0.875,0.3,0.887,0.875,1
20110729_0742,-23.78,179.92,539.0,DK.COP.,55.685,12.432,146.79,1684.42,1719.515,1730.729,395.0,4.019,0.673,0.698,0.704,0.698,0.701,0.6,0.7,0.777,0.768,0.1,0.828,0.828,-0.2,0.846,0.828,-0.4,0.847,0.828,-0.6,0.853,0.828,-0.5,0.851,0.828,0
20110729_0742,-23.78,179.92,539.0,IV.TRIV.,41.767,14.55,158.279,1747.15,1795.366,1811.446,396.0,4.385,0.43,0.392,0.445,0.457,0.433,2.2,2.3,0.9,0.957,1.8,0.873,0.873,1.4,0.879,0.873,1.0,0.896,0.873,0.8,0.91,0.873,1.1,0.897,0.873,0
20110729_0742,-23.78,179.92,539.0,MN.TIR.,41.347,19.863,155.806,1734.004,1779.24,1794.196,397.0,4.997,0.429,0.444,0.495,0.495,0.484,2.3,2.5,0.798,0.717,1.9,0.753,0.753,1.7,0.729,0.753,1.2,0.714,0.753,1.0,0.719,0.753,1.3,0.712,0.753,0
20110729_0742,-23.78,179.92,539.0,NR.NE011.,52.1,5.814,151.323,1709.683,1749.729,1762.744,398.0,0.0,,,,,,-16.0,-8.0,0.0,0.0,-16.0,0.0,0.0,-16.0,0.0,0.0,-16.0,0.0,0.0,-16.0,0.0,0.0,-16.0,0.0,0.0,0
20110729_0742,-23.78,179.92,539.0,GU.POPM.,44.045,10.757,157.876,1745.019,1792.744,1808.637,399.0,6.658,0.463,0.525,0.553,0.576,0.564,2.3,2.5,0.957,0.973,2.1,0.87,0.87,1.8,0.897,0.87,1.6,0.895,0.87,1.3,0.892,0.87,1.4,0.893,0.87,0
20110729_0742,-23.78,179.92,539.0,GB.LRW.,60.136,-1.178,143.636,1666.46,1698.27,1708.327,400.0,4.466,0.732,0.691,0.705,0.701,0.701,0.8,0.9,0.954,0.954,0.3,0.961,0.961,0.0,0.963,0.961,-0.3,0.967,0.961,-0.6,0.966,0.961,-0.4,0.965,0.961,1
20110729_0742,-23.78,179.92,539.0,KO.VRTB.,39.16,41.456,141.791,1655.802,1685.765,1695.18,401.0,2.105,0.521,0.516,0.495,0.5,0.508,0.1,0.3,0.965,0.978,-0.3,0.765,0.765,-0.3,0.756,0.765,-1.0,0.762,0.765,-0.9,0.749,0.765,-0.6,0.749,0.765,0
20110729_0742,-23.78,179.92,539.0,IV.DOI.,44.504,7.247,158.43,1747.943,1796.344,1812.492,402.0,4.915,0.597,0.577,0.578,0.586,0.579,1.2,1.6,0.727,0.736,1.3,0.832,0.832,1.2,0.841,0.832,0.9,0.853,0.832,0.7,0.86,0.832,0.8,0.859,0.832,0
20110729_0742,-23.78,179.92,539.0,IV.SACS.,42.849,11.91,158.511,1748.373,1796.874,1813.061,403.0,5.328,0.556,0.565,0.575,0.579,0.573,2.0,2.1,0.679,0.541,1.8,0.657,0.657,1.7,0.634,0.657,1.3,0.612,0.657,1.1,0.595,0.657,1.3,0.608,0.657,0
20110729_0742,-23.78,179.92,539.0,IV.GATE.,41.513,14.91,158.305,1747.288,1795.537,1811.628,404.0,2.404,0.115,0.22,0.289,0.286,0.272,3.1,3.4,0.863,0.953,3.2,0.843,0.843,2.8,0.848,0.843,2.5,0.845,0.843,2.4,0.843,0.843,2.5,0.843,0.843,0
20110729_0742,-23.78,179.92,539.0,MN.CUC.,39.994,15.816,158.974,1750.809,1799.88,1816.282,405.0,3.031,0.354,0.39,0.449,0.458,0.429,2.3,2.4,0.915,0.925,2.1,0.93,0.93,1.9,0.937,0.93,1.5,0.938,0.93,1.3,0.937,0.93,1.6,0.936,0.93,0
20110729_0742,-23.78,179.92,539.0,KO.EDC.,40.347,27.862,151.305,1709.583,1749.609,1762.616,406.0,4.104,0.598,0.649,0.686,0.684,0.671,2.3,2.5,0.876,0.925,1.9,0.819,0.819,1.4,0.843,0.819,1.0,0.881,0.819,0.9,0.885,0.819,1.1,0.868,0.819,1
20110729_0742,-23.78,179.92,539.0,XB.PS56.,37.11,-3.437,166.362,1788.753,1847.287,1867.341,407.0,3.491,0.373,0.274,0.304,0.325,0.306,-0.1,0.3,0.901,0.904,0.1,0.577,0.577,0.6,0.508,0.577,-0.9,0.495,0.577,-1.1,0.534,0.577,-0.9,0.498,0.577,0
20110729_0742,-23.78,179.92,539.0,DK.SUMG.,72.574,-38.462,126.837,1565.297,1582.357,1587.469,408.0,14.303,0.722,0.723,0.724,0.722,0.722,0.5,0.7,0.898,0.898,0.2,0.904,0.904,0.2,0.895,0.904,-0.1,0.904,0.904,0.0,0.903,0.904,0.1,0.899,0.904,1
20110729_0742,-23.78,179.92,539.0,GR.GOR1.,52.99,11.307,149.541,1699.831,1737.897,1750.183,409.0,0.552,-0.081,-0.044,-0.045,-0.049,-0.044,-8.1,4.7,0.517,0.12,4.3,0.576,0.576,4.0,0.561,0.576,3.7,0.556,0.576,3.5,0.56,0.576,3.5,0.557,0.576,0
20110729_0742,-23.78,179.92,539.0,KO.MDUB.,40.471,31.198,148.947,1696.525,1733.94,1745.99,410.0,3.113,0.53,0.571,0.65,0.642,0.616,2.3,2.5,0.922,0.928,2.2,0.955,0.955,1.8,0.95,0.955,1.2,0.935,0.955,1.2,0.935,0.955,1.4,0.939,0.955,0
20110729_0742,-23.78,179.92,539.0,II.SACV.00,14.97,-23.608,156.164,1735.916,1781.577,1796.693,411.0,0.488,0.071,0.236,0.246,0.243,0.238,2.2,3.3,0.762,0.687,6.3,0.485,0.485,-5.0,0.35,0.485,-5.1,0.36,0.485,-5.1,0.354,0.485,-5.0,0.355,0.485,0
20110729_0742,-23.78,179.92,539.0,II.ESK.00,55.317,-3.205,148.379,1693.349,1730.147,1741.973,412.0,5.951,0.701,0.7,0.705,0.707,0.708,0.4,0.4,0.915,0.94,-0.1,0.815,0.815,-0.1,0.825,0.815,-0.5,0.823,0.815,-0.7,0.825,0.815,-0.5,0.824,0.815,1
20110729_0742,-23.78,179.92,539.0,NE.PQI.,46.671,-68.019,121.949,1534.144,1547.802,1551.861,413.0,1.177,0.226,0.147,0.158,0.154,0.147,9.0,-2.1,0.479,-0.148,7.2,0.596,0.596,7.0,0.6,0.596,6.6,0.62,0.596,6.9,0.607,0.596,6.9,0.609,0.596,0
20110729_0742,-23.78,179.92,539.0,CH.HASLI.,46.757,8.151,156.093,1735.538,1781.115,1796.2,414.0,1.262,0.342,0.335,0.365,0.385,0.37,2.1,2.3,0.877,0.793,1.7,0.921,0.921,1.6,0.926,0.921,1.3,0.936,0.921,1.1,0.946,0.921,1.2,0.941,0.921,0
20110729_0742,-23.78,179.92,539.0,PL.OJC.,50.22,19.798,149.375,1698.908,1736.791,1749.011,415.0,5.564,0.579,0.654,0.677,0.686,0.675,0.9,1.1,0.888,0.9,0.5,0.962,0.962,0.1,0.942,0.962,-0.2,0.94,0.962,-0.3,0.943,0.962,-0.3,0.941,0.962,1
20110729_0742,-23.78,179.92,539.0,PM.PESTR.,38.867,-7.59,163.621,1774.87,1829.821,1848.471,416.0,7.992,0.725,0.713,0.73,0.736,0.728,0.7,0.8,0.975,0.981,0.8,0.945,0.945,0.4,0.979,0.945,0.2,0.984,0.945,0.0,0.987,0.945,0.1,0.986,0.945,1
20110729_0742,-23.78,179.92,539.0,TH.VITZ.,50.888,10.092,151.773,1712.154,1752.708,1765.911,417.0,15.104,0.817,0.821,0.819,0.807,0.807,0.1,0.4,0.946,0.93,-0.5,0.93,0.93,-0.5,0.957,0.93,-0.6,0.952,0.93,-0.9,0.95,0.93,-0.8,0.951,0.93,1
20110729_0742,-23.78,179.92,539.0,SX.GUNZ.,50.363,12.332,151.72,1711.862,1752.357,1765.537,418.0,4.316,0.626,0.684,0.696,0.696,0.701,1.0,1.0,0.967,0.962,0.7,0.889,0.889,0.4,0.894,0.889,0.3,0.896,0.889,0.0,0.899,0.889,0.0,0.9,0.889,1
20110729_0742,-23.78,179.92,539.0,XB.PM25.,32.876,-4.888,169.972,1806.664,1870.056,1892.068,419.0,5.085,0.704,0.708,0.713,0.709,0.707,0.3,0.5,0.955,0.953,0.3,0.804,0.804,0.0,0.758,0.804,-0.1,0.779,0.804,-0.2,0.801,0.804,-0.2,0.776,0.804,0
20110729_0742,-23.78,179.92,539.0,KZ.ABKAR.,49.256,59.943,127.151,1567.274,1584.568,1589.753,420.0,2.274,0.622,0.601,0.579,0.593,0.598,0.2,0.5,0.867,0.833,0.0,0.882,0.882,0.0,0.904,0.882,-0.5,0.891,0.882,-0.2,0.892,0.882,-0.1,0.897,0.882,0
20110729_0742,-23.78,179.92,539.0,TH.MODW.,50.943,12.468,151.156,1708.768,1748.627,1761.573,421.0,8.669,0.804,0.832,0.839,0.832,0.837,0.7,0.8,0.941,0.931,0.3,0.919,0.919,0.1,0.951,0.919,-0.2,0.959,0.919,-0.3,0.957,0.919,-0.3,0.957,0.919,1
20110729_0742,-23.78,179.92,539.0,IV.SALO.,45.618,10.524,156.535,1737.899,1784.005,1799.289,422.0,4.992,0.487,0.53,0.575,0.585,0.576,1.6,1.6,0.928,0.933,1.4,0.814,0.814,1.2,0.812,0.814,0.9,0.823,0.814,0.8,0.838,0.814,0.8,0.828,0.814,0
20110729_0742,-23.78,179.92,539.0,IV.BULG.,40.078,15.378,159.145,1751.707,1800.988,1817.471,423.0,3.767,0.477,0.525,0.565,0.571,0.557,1.7,1.7,0.732,0.778,1.8,0.704,0.704,1.5,0.687,0.704,1.2,0.66,0.704,1.1,0.637,0.704,1.2,0.656,0.704,0
20110729_0742,-23.78,179.92,539.0,IU.TSUM.00,-19.202,17.584,133.695,1607.71,1630.224,1637.102,424.0,1.328,0.25,0.159,0.153,0.136,0.15,-8.4,-4.9,0.491,-0.573,10.8,0.426,0.426,-10.5,0.559,0.426,-10.5,0.562,0.426,-10.6,0.578,0.426,-10.6,0.575,0.426,0
20110729_0742,-23.78,179.92,539.0,CH.LAUCH.,46.416,7.772,156.5,1737.708,1783.771,1799.038,425.0,5.724,0.44,0.443,0.49,0.515,0.496,1.9,2.3,0.768,0.69,1.6,0.956,0.956,1.5,0.955,0.956,1.2,0.952,0.956,1.0,0.946,0.956,1.1,0.95,0.956,0
20110729_0742,-23.78,179.92,539.0,DK.NEEM.,77.445,-51.074,121.251,1529.633,1542.84,1546.761,426.0,0.348,0.038,0.023,0.024,0.024,0.024,-11.6,-0.5,0.234,-1.0,-8.6,0.476,0.476,-8.3,0.506,0.476,-8.7,0.5,0.476,-8.4,0.501,0.476,-8.3,0.506,0.476,0
20110729_0742,-23.78,179.92,539.0,GB.CWF.,52.738,-1.308,151.026,1708.052,1747.766,1760.657,427.0,2.342,-0.204,-0.113,-0.09,-0.073,-0.08,-10.2,-0.7,0.339,-0.419,-6.1,0.572,0.572,-6.2,0.559,0.572,-6.5,0.549,0.572,-6.7,0.547,0.572,-6.6,0.55,0.572,0
20110729_0742,-23.78,179.92,539.0,GE.GVD.,34.839,24.087,156.291,1736.596,1782.409,1797.583,428.0,5.131,0.623,0.605,0.65,0.638,0.63,1.1,1.2,0.853,0.856,0.7,0.79,0.79,0.6,0.768,0.79,0.2,0.807,0.79,0.2,0.81,0.79,0.3,0.797,0.79,0
20110729_0742,-23.78,179.92,539.0,NL.1979.,50.971,5.927,152.415,1715.669,1756.953,1770.427,429.0,4.276,0.64,0.556,0.546,0.541,0.546,0.2,0.4,0.917,0.92,0.2,0.826,0.826,-0.4,0.767,0.826,-0.6,0.784,0.826,-0.8,0.803,0.826,-0.7,0.795,0.826,0
20110729_0742,-23.78,179.92,539.0,GE.IMMV.,35.461,23.981,156.139,1735.782,1781.413,1796.518,430.0,6.681,0.728,0.713,0.736,0.73,0.728,0.6,0.6,0.982,0.977,0.1,0.961,0.961,0.0,0.961,0.961,-0.4,0.966,0.961,-0.4,0.966,0.961,-0.2,0.965,0.961,1
20110729_0742,-23.78,179.92,539.0,CH.SIMPL.,46.24,8.02,156.612,1738.306,1784.503,1799.821,431.0,6.377,0.434,0.439,0.472,0.499,0.477,2.2,2.1,0.891,0.876,2.1,0.816,0.816,1.9,0.848,0.816,1.7,0.837,0.816,1.5,0.827,0.816,1.6,0.834,0.816,0
20110729_0742,-23.78,179.92,539.0,IV.GUAR.,41.794,13.312,158.816,1749.979,1798.854,1815.183,432.0,11.837,0.458,0.52,0.562,0.574,0.564,2.3,2.2,0.878,0.891,2.0,0.942,0.942,1.8,0.941,0.942,1.6,0.936,0.942,1.4,0.927,0.942,1.5,0.933,0.942,0
20110729_0742,-23.78,179.92,539.0,CH.VANNI.,46.21,7.597,156.732,1738.95,1785.292,1800.664,433.0,4.875,0.41,0.487,0.51,0.544,0.545,2.0,2.0,0.737,0.794,1.8,0.905,0.905,1.6,0.919,0.905,1.4,0.922,0.905,1.2,0.925,0.905,1.2,0.928,0.905,0
20110729_0742,-23.78,179.92,539.0,NL.1982.,50.869,6.085,152.493,1716.096,1757.47,1770.977,434.0,12.325,0.771,0.727,0.712,0.71,0.711,0.6,0.6,0.892,0.91,0.5,0.867,0.867,-0.2,0.826,0.867,-0.3,0.84,0.867,-0.4,0.857,0.867,-0.4,0.85,0.867,1
20110729_0742,-23.78,179.92,539.0,CU.GRGR.00,12.132,-61.654,120.705,1526.096,1538.957,1542.773,435.0,1.413,0.119,0.033,-0.019,-0.001,0.036,1.5,1.5,0.55,0.718,-1.0,0.568,0.568,6.8,0.573,0.568,6.9,0.549,0.568,6.8,0.559,0.568,6.8,0.576,0.568,0
20110729_0742,-23.78,179.92,539.0,XB.PM18.,34.15,-4.819,168.836,1801.074,1862.92,1884.304,436.0,3.842,0.164,0.27,0.273,0.279,0.279,-1.1,3.2,0.36,0.21,-2.2,0.672,0.672,-2.1,0.659,0.672,-2.3,0.631,0.672,-2.3,0.597,0.672,-2.2,0.634,0.672,0
20110729_0742,-23.78,179.92,539.0,OE.OBKA.,46.509,14.549,154.412,1726.507,1770.101,1784.439,437.0,4.48,0.376,0.459,0.486,0.499,0.491,3.3,-2.1,0.683,-0.678,3.5,0.568,0.568,2.9,0.496,0.568,2.8,0.478,0.568,2.6,0.469,0.568,2.6,0.474,0.568,0
20110729_0742,-23.78,179.92,539.0,MC.GERD.,16.795,-62.194,121.753,1532.878,1546.408,1550.428,438.0,0.44,-0.07,0.03,0.029,0.029,0.03,5.4,4.1,0.69,0.354,-0.7,0.747,0.747,-4.0,0.611,0.747,-3.7,0.598,0.747,-3.7,0.596,0.747,-3.8,0.6,0.747,0
20110729_0742,-23.78,179.92,539.0,DK.NRS.,61.16,-45.419,131.567,1594.708,1615.449,1621.738,439.0,3.557,0.563,0.617,0.646,0.644,0.629,1.6,1.5,0.927,0.902,1.0,0.812,0.812,0.8,0.814,0.812,0.4,0.829,0.812,0.5,0.824,0.812,0.6,0.82,0.812,0
20110729_0742,-23.78,179.92,539.0,CH.LLS.,46.847,9.008,155.81,1734.023,1779.263,1794.221,440.0,9.028,0.639,0.68,0.73,0.747,0.731,1.4,1.6,0.959,0.971,1.0,0.92,0.92,0.8,0.919,0.92,0.5,0.934,0.92,0.3,0.949,0.92,0.4,0.942,0.92,1
20110729_0742,-23.78,179.92,539.0,XB.PM13.,34.672,-4.935,168.317,1798.507,1859.652,1880.753,441.0,3.804,0.414,0.446,0.441,0.435,0.44,-0.4,-3.7,0.632,-0.073,-0.3,0.628,0.628,-0.7,0.633,0.628,-0.9,0.631,0.628,-1.0,0.627,0.628,-0.9,0.632,0.628,0
20110729_0742,-23.78,179.92,539.0,II.SACV.10,14.97,-23.608,156.164,1735.916,1781.577,1796.693,442.0,1.337,0.112,0.388,0.397,0.393,0.391,2.1,1.7,0.86,0.802,-3.4,0.791,0.791,-5.4,0.666,0.791,-5.7,0.644,0.791,-5.6,0.655,0.791,-5.5,0.667,0.791,0
20110729_0742,-23.78,179.92,539.0,DK.DAG.,76.771,-18.655,126.23,1561.472,1578.085,1583.057,443.0,8.709,0.744,0.723,0.735,0.733,0.729,0.6,0.8,0.943,0.943,0.5,0.858,0.858,0.4,0.861,0.858,0.1,0.856,0.858,0.3,0.855,0.858,0.3,0.857,0.858,1
20110729_0742,-23.78,179.92,539.0,II.UOSS.10,24.945,56.204,129.096,1579.43,1598.208,1603.86,444.0,4.877,0.666,0.717,0.727,0.729,0.726,0.8,1.0,0.896,0.889,0.1,0.908,0.908,0.3,0.891,0.908,-0.4,0.87,0.908,0.1,0.88,0.908,0.3,0.884,0.908,1
20110729_0742,-23.78,179.92,539.0,KO.PTK.,38.892,39.392,143.415,1665.191,1696.777,1706.755,445.0,5.142,0.772,0.742,0.714,0.737,0.736,0.8,0.8,0.97,0.96,0.2,0.919,0.919,-0.2,0.929,0.919,-0.7,0.939,0.919,-0.6,0.937,0.919,-0.5,0.933,0.919,1
20110729_0742,-23.78,179.92,539.0,TR.SVB.,13.272,-61.252,121.469,1531.04,1544.387,1548.351,446.0,1.989,0.054,0.072,0.084,0.081,0.075,1.4,2.5,0.765,0.82,-2.1,0.385,0.385,-11.6,0.333,0.385,-4.9,0.372,0.385,-4.9,0.357,0.385,-5.1,0.335,0.385,0
20110729_0742,-23.78,179.92,539.0,DK.NUUG.,71.538,-53.2,123.806,1546.075,1560.973,1565.414,447.0,3.413,0.627,0.525,0.528,0.536,0.528,0.0,0.3,0.67,0.849,-0.1,0.65,0.65,-0.1,0.659,0.65,-0.4,0.631,0.65,-0.3,0.64,0.65,-0.2,0.649,0.65,0
20110729_0742,-23.78,179.92,539.0,NO.NC405.00,61.113,11.715,141.794,1655.817,1685.783,1695.199,448.0,4.16,0.635,0.587,0.616,0.621,0.615,1.2,1.3,0.991,0.992,0.6,0.763,0.763,0.7,0.766,0.763,0.4,0.766,0.763,0.2,0.751,0.763,0.3,0.754,0.763,0
20110729_0742,-23.78,179.92,539.0,AF.PWET.,-8.28,28.53,137.47,1630.391,1656.246,1664.255,449.0,1.768,0.241,0.234,0.262,0.277,0.26,0.6,0.0,0.909,0.813,-8.0,0.475,0.475,-7.9,0.452,0.475,-8.1,0.467,0.475,-8.3,0.483,0.475,-8.1,0.469,0.475,0
20110729_0742,-23.78,179.92,539.0,IV.MGR.,40.138,15.554,159.01,1750.996,1800.11,1816.529,450.0,2.977,0.49,0.556,0.627,0.638,0.606,2.3,2.1,0.872,0.836,1.9,0.821,0.821,1.6,0.826,0.821,1.2,0.822,0.821,0.9,0.82,0.821,1.3,0.819,0.821,0
20110729_0742,-23.78,179.92,539.0,GE.KMBO.00,-1.127,37.252,136.017,1621.721,1646.258,1653.821,451.0,1.971,0.315,0.346,0.337,0.332,0.335,-0.4,-0.5,0.784,0.832,-1.1,0.685,0.685,-0.8,0.72,0.685,-1.2,0.704,0.685,-1.2,0.7,0.685,-1.1,0.705,0.685,0
20110729_0742,-23.78,179.92,539.0,II.BORG.10,64.747,-21.327,136.765,1626.191,1651.4,1659.192,452.0,3.578,0.473,0.428,0.457,0.465,0.448,1.2,1.5,0.533,0.467,1.9,0.338,0.338,2.1,0.286,0.338,1.6,0.294,0.338,1.5,0.271,0.338,1.8,0.274,0.338,0
20110729_0742,-23.78,179.92,539.0,GR.GRB2.,49.27,11.668,152.893,1718.272,1760.104,1773.781,453.0,7.033,0.533,0.627,0.654,0.656,0.668,1.0,1.1,0.968,0.974,1.1,0.88,0.88,0.6,0.84,0.88,0.4,0.844,0.88,0.3,0.844,0.88,0.2,0.843,0.88,1
20110729_0742,-23.78,179.92,539.0,NA.SMRT.,18.05,-63.075,121.333,1530.164,1543.424,1547.361,454.0,0.634,0.116,0.049,0.041,0.044,0.047,6.7,-3.7,0.391,-0.822,-4.8,0.225,0.225,0.4,0.384,0.225,0.7,0.373,0.225,0.5,0.387,0.225,0.5,0.385,0.225,0
20110729_0742,-23.78,179.92,539.0,XB.PS23.,37.56,-5.101,165.565,1784.741,1842.224,1861.863,455.0,4.097,0.579,0.5,0.523,0.529,0.521,-0.2,0.0,0.923,0.933,-0.2,0.737,0.737,-0.4,0.769,0.737,-0.6,0.787,0.737,-0.7,0.796,0.737,-0.6,0.782,0.737,0
20110729_0742,-23.78,179.92,539.0,IV.PRMA.,44.764,10.313,157.372,1742.349,1789.462,1805.125,456.0,4.198,0.421,0.525,0.571,0.595,0.585,1.6,1.7,0.869,0.835,1.6,0.82,0.82,1.3,0.82,0.82,1.1,0.808,0.82,0.8,0.794,0.82,0.9,0.798,0.82,0
20110729_0742,-23.78,179.92,539.0,XB.PS45.,36.306,-5.716,166.565,1789.771,1848.574,1868.736,457.0,8.181,0.531,0.601,0.61,0.616,0.611,0.5,0.6,0.898,0.919,0.6,0.813,0.813,0.5,0.844,0.813,0.4,0.847,0.813,0.4,0.853,0.813,0.4,0.848,0.813,1
20110729_0742,-23.78,179.92,539.0,2H.GALE.,13.725,40.394,140.526,1648.423,1677.153,1686.142,458.0,5.489,0.602,0.613,0.602,0.601,0.603,-0.5,-0.2,0.811,0.821,-0.7,0.837,0.837,-0.4,0.82,0.837,-0.9,0.845,0.837,-0.8,0.827,0.837,-0.8,0.828,0.837,1
20110729_0742,-23.78,179.92,539.0,XB.PS33.,38.157,-4.906,165.045,1782.113,1838.914,1858.284,459.0,10.389,0.653,0.694,0.724,0.731,0.721,0.8,1.0,0.948,0.931,1.0,0.939,0.939,0.8,0.95,0.939,0.6,0.956,0.939,0.5,0.961,0.939,0.6,0.955,0.939,1
20110729_0742,-23.78,179.92,539.0,CH.DIX.,46.081,7.408,156.895,1739.816,1786.354,1801.8,460.0,1.629,0.291,0.352,0.374,0.379,0.379,1.5,1.6,0.932,0.942,1.3,0.839,0.839,1.0,0.86,0.839,0.8,0.859,0.839,0.6,0.862,0.839,0.7,0.863,0.839,0
20110729_0742,-23.78,179.92,539.0,IV.SBPO.,45.051,10.92,156.926,1739.978,1786.552,1802.012,461.0,0.464,0.084,0.096,0.106,0.107,0.106,1.1,1.5,0.413,0.561,0.9,0.855,0.855,0.6,0.849,0.855,0.4,0.853,0.855,0.2,0.857,0.855,0.3,0.856,0.855,0
20110729_0742,-23.78,179.92,539.0,GR.GRA1.,49.691,11.22,152.623,1716.802,1758.325,1771.886,462.0,11.017,0.711,0.747,0.783,0.803,0.78,1.0,1.1,0.936,0.934,1.1,0.943,0.943,0.8,0.923,0.943,0.6,0.926,0.943,0.4,0.925,0.943,0.5,0.924,0.943,1
20110729_0742,-23.78,179.92,539.0,KO.AFSR.,39.447,33.071,147.976,1691.096,1727.46,1739.129,463.0,2.277,0.52,0.521,0.595,0.579,0.559,1.4,1.9,0.919,0.892,1.3,0.911,0.911,1.1,0.91,0.911,0.6,0.919,0.911,0.6,0.921,0.911,0.8,0.916,0.911,0
20110729_0742,-23.78,179.92,539.0,NR.NE008.,52.547,6.518,150.798,1706.79,1746.248,1759.045,464.0,1.301,0.118,0.073,0.081,0.079,0.07,0.9,-1.1,0.512,0.047,-1.9,0.927,0.927,-2.1,0.923,0.927,-2.4,0.927,0.927,-2.5,0.929,0.927,-2.5,0.928,0.927,0
20110729_0742,-23.78,179.92,539.0,MN.TUE.,46.472,9.347,156.075,1735.442,1780.998,1796.075,465.0,8.755,0.522,0.572,0.604,0.636,0.626,2.1,2.2,0.962,0.974,1.6,0.901,0.901,1.4,0.911,0.901,1.3,0.913,0.901,1.1,0.918,0.901,1.1,0.916,0.901,0
20110729_0742,-23.78,179.92,539.0,SX.WERN.,50.287,12.376,151.777,1712.177,1752.736,1765.94,466.0,9.591,0.677,0.683,0.696,0.692,0.694,0.6,0.9,0.969,0.963,0.4,0.883,0.883,0.3,0.878,0.883,0.0,0.87,0.883,-0.3,0.864,0.883,-0.1,0.873,0.883,1
20110729_0742,-23.78,179.92,539.0,G.TAM.00,22.791,5.528,174.755,1829.785,1899.852,1924.602,467.0,3.102,0.265,0.263,0.275,0.276,0.263,-0.8,-0.8,0.902,0.88,-1.3,0.602,0.602,-0.9,0.526,0.602,-1.0,0.568,0.602,-0.9,0.556,0.602,-1.0,0.545,0.602,0
20110729_0742,-23.78,179.92,539.0,IU.ANTO.10,39.868,32.793,148.035,1691.423,1727.85,1739.541,468.0,0.358,0.038,0.019,0.03,0.033,0.026,-0.1,2.0,0.95,0.998,2.7,0.195,0.195,2.4,0.203,0.195,2.0,0.207,0.195,2.1,0.201,0.195,2.2,0.204,0.195,0
20110729_0742,-23.78,179.92,539.0,IU.GNI.00,40.148,44.741,139.125,1640.194,1667.588,1676.12,469.0,3.324,0.45,0.457,0.506,0.484,0.476,0.9,1.0,0.681,0.764,0.7,0.586,0.586,0.5,0.599,0.586,0.0,0.626,0.586,0.2,0.6,0.586,0.3,0.6,0.586,0
20110729_0742,-23.78,179.92,539.0,SS.COI.,40.208,-8.412,162.138,1767.265,1820.31,1838.225,470.0,5.286,0.562,0.621,0.636,0.637,0.635,0.8,1.1,0.829,0.853,0.9,0.795,0.795,0.5,0.805,0.795,0.2,0.799,0.795,0.0,0.801,0.795,0.2,0.803,0.795,1
20110729_0742,-23.78,179.92,539.0,G.SSB.10,45.279,4.542,158.176,1746.605,1794.695,1810.727,471.0,11.237,0.655,0.71,0.739,0.757,0.749,1.1,1.3,0.95,0.954,0.8,0.915,0.915,1.0,0.906,0.915,0.7,0.899,0.915,0.3,0.9,0.915,0.5,0.9,0.915,1
20110729_0742,-23.78,179.92,539.0,XB.PS39.,39.395,-5.005,163.839,1775.981,1831.213,1849.971,472.0,4.566,0.575,0.582,0.616,0.628,0.617,1.0,1.1,0.978,0.97,0.9,0.966,0.966,0.7,0.955,0.966,0.5,0.96,0.966,0.3,0.961,0.966,0.4,0.959,0.966,0
20110729_0742,-23.78,179.92,539.0,GU.PCP.,44.541,8.545,158.077,1746.084,1794.054,1810.04,473.0,24.631,0.602,0.676,0.695,0.701,0.701,1.5,1.6,0.926,0.937,0.9,0.915,0.915,0.7,0.934,0.915,0.5,0.932,0.915,0.2,0.926,0.915,0.3,0.929,0.915,1
20110729_0742,-23.78,179.92,539.0,GB.KESW.,54.589,-3.105,149.109,1697.427,1735.019,1747.133,474.0,7.387,0.699,0.607,0.607,0.608,0.61,0.8,1.2,0.917,0.931,0.5,0.845,0.845,0.2,0.863,0.845,-0.2,0.848,0.845,-0.5,0.834,0.845,-0.3,0.842,0.845,1
20110729_0742,-23.78,179.92,539.0,NO.SPB4.00,78.179,16.348,125.064,1554.087,1569.861,1574.572,475.0,14.667,0.613,0.603,0.58,0.579,0.581,0.7,0.8,0.921,0.96,0.2,0.708,0.708,0.0,0.679,0.708,-0.6,0.695,0.708,-0.5,0.689,0.708,-0.4,0.683,0.708,0
20110729_0742,-23.78,179.92,539.0,KO.KDZE.,41.313,31.443,148.442,1693.705,1730.571,1742.422,476.0,2.365,0.471,0.506,0.549,0.547,0.535,1.4,1.9,0.85,0.865,1.2,0.893,0.893,0.9,0.909,0.893,0.4,0.917,0.893,0.4,0.916,0.893,0.6,0.913,0.893,0
20110729_0742,-23.78,179.92,539.0,IV.RNI2.,41.703,14.152,158.513,1748.381,1796.884,1813.072,477.0,5.328,0.418,0.439,0.498,0.519,0.491,2.5,2.5,0.876,0.921,2.1,0.915,0.915,1.8,0.915,0.915,1.5,0.923,0.915,1.3,0.931,0.915,1.5,0.923,0.915,0
20110729_0742,-23.78,179.92,539.0,LX.GGNV.,38.718,-9.151,163.191,1772.671,1827.067,1845.502,478.0,3.857,0.536,0.492,0.499,0.5,0.498,0.7,4.8,0.834,-0.734,0.0,0.64,0.64,-0.2,0.681,0.64,-0.4,0.69,0.64,-0.6,0.703,0.64,-0.5,0.693,0.64,0
20110729_0742,-23.78,179.92,539.0,IV.AOI.,43.55,13.602,157.255,1741.73,1788.702,1804.311,479.0,5.81,0.297,0.376,0.405,0.434,0.428,2.0,2.2,0.85,0.88,1.9,0.929,0.929,1.6,0.947,0.929,1.4,0.957,0.929,1.2,0.967,0.929,1.3,0.962,0.929,0
20110729_0742,-23.78,179.92,539.0,CR.ZAG.,45.829,15.994,154.413,1726.512,1770.107,1784.446,480.0,1.935,0.582,0.612,0.611,0.611,0.615,1.3,1.3,0.879,0.89,1.1,0.88,0.88,0.3,0.905,0.88,0.1,0.923,0.88,-0.1,0.933,0.88,0.0,0.925,0.88,0
20110729_0742,-23.78,179.92,539.0,IV.CAGR.,37.622,14.5,161.373,1763.317,1815.387,1832.93,481.0,2.468,0.453,0.459,0.431,0.424,0.435,0.1,0.1,0.884,0.917,-0.1,0.946,0.946,-0.4,0.929,0.946,-0.6,0.918,0.946,-0.8,0.91,0.946,-0.6,0.916,0.946,0
20110729_0742,-23.78,179.92,539.0,IV.PALZ.,40.944,15.96,158.21,1746.786,1794.919,1810.966,482.0,4.414,0.433,0.493,0.528,0.525,0.518,2.2,2.2,0.817,0.824,1.9,0.744,0.744,1.4,0.724,0.744,1.1,0.71,0.744,1.0,0.695,0.744,1.1,0.706,0.744,0
20110729_0742,-23.78,179.92,539.0,NR.NE004.,52.157,4.379,151.418,1710.208,1750.362,1763.417,483.0,6.06,0.705,0.699,0.717,0.724,0.723,1.0,1.1,0.923,0.929,0.6,0.901,0.901,0.6,0.892,0.901,0.4,0.897,0.901,0.1,0.9,0.901,0.2,0.9,0.901,1
20110729_0742,-23.78,179.92,539.0,KO.SLVT.,41.229,28.21,150.667,1706.067,1745.379,1758.122,484.0,3.155,0.533,0.609,0.68,0.665,0.644,2.7,2.5,0.807,0.836,2.3,0.767,0.767,1.7,0.73,0.767,1.2,0.724,0.767,1.1,0.732,0.767,1.3,0.728,0.767,0
20110729_0742,-23.78,179.92,539.0,II.SHEL.10,-15.959,-5.746,139.877,1644.619,1672.727,1681.502,485.0,1.865,0.261,0.179,0.179,0.197,0.179,-6.3,-2.9,0.635,-0.556,-10.6,0.489,0.489,-10.2,0.431,0.489,-10.2,0.436,0.489,-10.5,0.475,0.489,-10.5,0.471,0.489,0
20110729_0742,-23.78,179.92,539.0,IP.PMST.,38.737,-9.183,163.162,1772.524,1826.884,1845.304,486.0,1.157,0.357,0.355,0.363,0.364,0.362,0.5,4.7,0.836,-0.669,0.0,0.782,0.782,-0.3,0.819,0.782,-0.5,0.824,0.782,-0.8,0.832,0.782,-0.6,0.827,0.782,0
20110729_0742,-23.78,179.92,539.0,XB.PM40.,34.908,-2.21,168.72,1800.5,1862.188,1883.508,487.0,4.941,0.672,0.627,0.629,0.61,0.624,0.0,-3.9,0.859,-0.735,-0.1,0.85,0.85,-0.1,0.908,0.85,-0.3,0.886,0.85,-0.5,0.851,0.85,-0.4,0.872,0.85,1
20110729_0742,-23.78,179.92,539.0,IV.MTRZ.,44.313,11.425,157.416,1742.581,1789.747,1805.43,488.0,6.863,0.455,0.522,0.547,0.564,0.565,2.1,2.3,0.946,0.988,2.0,0.909,0.909,1.7,0.92,0.909,1.5,0.918,0.909,1.2,0.918,0.909,1.3,0.917,0.909,0
20110729_0742,-23.78,179.92,539.0,IV.GROG.,43.426,9.892,158.709,1749.413,1798.156,1814.435,489.0,10.351,0.611,0.634,0.675,0.688,0.679,1.7,1.7,0.948,0.924,1.5,0.864,0.864,1.3,0.859,0.864,1.0,0.858,0.864,0.9,0.863,0.864,1.0,0.86,0.864,1
20110729_0742,-23.78,179.92,539.0,EI.IGLA.,53.419,-9.375,149.541,1699.833,1737.899,1750.186,490.0,4.632,0.426,0.375,0.358,0.356,0.358,0.4,4.7,0.934,-0.351,-0.6,0.675,0.675,-0.8,0.637,0.675,-1.2,0.597,0.675,-1.5,0.571,0.675,-1.3,0.587,0.675,0
20110729_0742,-23.78,179.92,539.0,RO.VRI.,45.866,26.728,149.108,1697.423,1735.014,1747.128,491.0,4.788,0.445,0.581,0.649,0.652,0.635,2.1,2.5,0.917,0.9,1.7,0.87,0.87,1.1,0.863,0.87,0.7,0.862,0.87,0.6,0.863,0.87,0.7,0.862,0.87,0
20110729_0742,-23.78,179.92,539.0,HU.BEHE.,46.471,16.776,153.576,1721.985,1764.605,1778.577,492.0,0.425,0.077,0.072,0.073,0.072,0.073,1.8,-3.0,0.573,0.881,2.0,0.551,0.551,2.0,0.556,0.551,1.8,0.547,0.551,1.8,0.532,0.551,1.8,0.54,0.551,0
20110729_0742,-23.78,179.92,539.0,XB.PM39.,34.889,-2.61,168.675,1800.281,1861.91,1883.206,493.0,6.823,0.718,0.611,0.617,0.606,0.613,0.2,0.3,0.798,0.831,0.3,0.768,0.768,0.3,0.606,0.768,0.1,0.566,0.768,-0.1,0.515,0.768,0.1,0.545,0.768,0
20110729_0742,-23.78,179.92,539.0,2H.KOZE.,12.495,40.985,139.539,1642.634,1670.421,1679.086,494.0,5.289,0.715,0.744,0.738,0.747,0.744,0.5,0.5,0.878,0.909,-0.1,0.871,0.871,0.1,0.863,0.871,-0.5,0.848,0.871,-0.2,0.861,0.871,-0.2,0.86,0.871,1
20110729_0742,-23.78,179.92,539.0,GR.GRA2.,49.654,11.358,152.622,1716.796,1758.317,1771.878,495.0,7.404,0.677,0.713,0.753,0.777,0.765,1.4,1.5,0.957,0.958,1.5,0.958,0.958,1.1,0.94,0.958,0.9,0.941,0.958,0.7,0.941,0.958,0.7,0.939,0.958,1
20110729_0742,-23.78,179.92,539.0,FR.SMPL.00,42.095,9.285,160.101,1756.71,1807.179,1824.112,496.0,6.054,0.497,0.54,0.581,0.598,0.581,1.6,1.9,0.927,0.922,1.6,0.944,0.944,1.4,0.943,0.944,1.2,0.935,0.944,0.9,0.924,0.944,1.1,0.932,0.944,0
20110729_0742,-23.78,179.92,539.0,NO.NBO00.00,61.031,10.777,142.005,1657.04,1687.214,1696.701,497.0,9.967,0.718,0.686,0.708,0.71,0.706,1.1,1.4,0.903,0.888,0.6,0.863,0.863,0.6,0.868,0.863,0.4,0.871,0.863,0.2,0.859,0.863,0.3,0.863,0.863,1
20110729_0742,-23.78,179.92,539.0,GE.PSZ.,47.918,19.894,151.124,1708.59,1748.413,1761.345,498.0,5.977,0.623,0.6,0.606,0.604,0.6,1.3,1.9,0.886,0.814,1.0,0.794,0.794,0.5,0.876,0.794,0.2,0.89,0.794,0.0,0.891,0.794,0.2,0.887,0.794,0
20110729_0742,-23.78,179.92,539.0,KO.ENEZ.,40.736,26.153,152.265,1714.85,1755.963,1769.373,499.0,2.335,0.19,0.217,0.282,0.277,0.251,3.2,3.1,0.846,0.867,3.0,0.851,0.851,2.6,0.833,0.851,2.2,0.822,0.851,2.1,0.817,0.851,2.3,0.824,0.851,0
20110729_0742,-23.78,179.92,539.0,IV.BDI.,44.062,10.597,157.913,1745.213,1792.982,1808.893,500.0,8.016,0.491,0.532,0.554,0.576,0.566,2.8,2.8,0.877,0.901,2.5,0.933,0.933,2.1,0.926,0.933,1.9,0.931,0.933,1.7,0.939,0.933,1.8,0.937,0.933,0
20110729_0742,-23.78,179.92,539.0,ZP.MPIK.02,-11.821,31.452,132.91,1602.928,1624.778,1631.435,501.0,1.005,0.315,0.246,0.254,0.259,0.252,0.9,-4.2,0.585,-0.952,-0.6,0.706,0.706,-0.7,0.69,0.706,-0.8,0.686,0.706,-1.0,0.678,0.706,-0.9,0.682,0.706,0
20110729_0742,-23.78,179.92,539.0,GU.RORO.,44.112,8.066,158.601,1748.848,1797.459,1813.688,502.0,4.712,0.473,0.519,0.566,0.596,0.574,1.7,1.6,0.909,0.877,1.6,0.747,0.747,1.7,0.76,0.747,1.4,0.759,0.747,1.1,0.763,0.747,1.3,0.761,0.747,0
20110729_0742,-23.78,179.92,539.0,GU.IMI.,43.91,7.893,158.834,1750.072,1798.97,1815.306,503.0,6.111,0.66,0.72,0.741,0.744,0.744,1.5,1.3,0.814,0.792,1.3,0.816,0.816,1.2,0.827,0.816,1.0,0.828,0.816,0.8,0.827,0.816,0.9,0.829,0.816,1
20110729_0742,-23.78,179.92,539.0,XB.PM24.,32.995,-4.898,169.86,1806.119,1869.359,1891.309,504.0,12.037,0.694,0.683,0.688,0.682,0.688,0.1,0.3,0.826,0.818,-0.3,0.712,0.712,-0.6,0.662,0.712,-0.7,0.688,0.712,-0.9,0.719,0.712,-0.7,0.689,0.712,0
20110729_0742,-23.78,179.92,539.0,IV.MSCL.,38.232,15.79,160.213,1757.293,1807.902,1824.889,505.0,2.828,0.376,0.413,0.437,0.438,0.432,1.0,0.9,0.878,0.886,0.7,0.806,0.806,0.5,0.809,0.806,0.2,0.798,0.806,0.1,0.794,0.806,0.2,0.797,0.806,0
20110729_0742,-23.78,179.92,539.0,CH.ZUR.,47.369,8.581,155.419,1731.924,1776.7,1791.484,506.0,4.342,0.605,0.656,0.694,0.711,0.703,1.5,1.5,0.959,0.945,1.2,0.946,0.946,0.7,0.926,0.946,0.6,0.921,0.946,0.3,0.923,0.946,0.3,0.924,0.946,1
20110729_0742,-23.78,179.92,539.0,GE.SANT.,36.371,25.459,154.683,1727.968,1771.879,1786.337,507.0,3.389,0.483,0.45,0.521,0.5,0.49,1.3,1.3,0.744,0.757,2.0,0.776,0.776,1.8,0.756,0.776,1.4,0.804,0.776,1.5,0.798,0.776,1.5,0.786,0.776,0
20110729_0742,-23.78,179.92,539.0,FR.RENF.00,48.119,-1.635,155.63,1733.057,1778.083,1792.961,508.0,1.91,0.472,0.408,0.41,0.411,0.407,0.0,0.4,0.633,0.523,-0.2,0.55,0.55,-0.2,0.448,0.55,-0.5,0.437,0.55,-0.9,0.435,0.55,-0.7,0.435,0.55,0
20110729_0742,-23.78,179.92,539.0,KO.HRTX.,40.801,29.673,149.869,1701.653,1740.08,1752.499,509.0,4.851,0.625,0.617,0.668,0.661,0.649,1.3,1.7,0.931,0.91,0.9,0.861,0.861,0.4,0.826,0.861,-0.2,0.811,0.861,-0.1,0.816,0.861,0.0,0.816,0.861,1
20110729_0742,-23.78,179.92,539.0,6H.PNG.,-19.002,34.233,125.688,1558.046,1574.265,1579.115,510.0,2.067,0.547,0.576,0.573,0.564,0.571,0.6,0.8,0.896,0.898,0.0,0.9,0.9,-0.1,0.864,0.9,-0.1,0.872,0.9,-0.1,0.887,0.9,-0.1,0.875,0.9,0
20110729_0742,-23.78,179.92,539.0,IV.PESA.,43.941,12.84,157.227,1741.579,1788.517,1804.114,511.0,4.271,0.411,0.474,0.534,0.548,0.533,2.1,2.0,0.844,0.859,1.9,0.827,0.827,1.6,0.841,0.827,1.3,0.83,0.827,1.1,0.828,0.827,1.2,0.829,0.827,0
20110729_0742,-23.78,179.92,539.0,KO.TVSB.,39.45,29.462,150.572,1705.544,1744.75,1757.455,512.0,10.33,0.62,0.633,0.655,0.649,0.649,1.0,1.3,0.971,0.97,0.6,0.937,0.937,0.4,0.935,0.937,-0.3,0.933,0.937,-0.3,0.939,0.937,-0.1,0.934,0.937,1
20110729_0742,-23.78,179.92,539.0,SX.SCHF.,50.677,12.403,151.415,1710.191,1750.342,1763.395,513.0,19.541,0.689,0.695,0.699,0.689,0.692,0.4,0.5,0.979,0.982,-0.1,0.849,0.849,-0.2,0.865,0.849,-0.5,0.854,0.849,-0.7,0.852,0.849,-0.6,0.86,0.849,1
20110729_0742,-23.78,179.92,539.0,GB.LMK.,53.457,-0.326,150.323,1704.166,1743.095,1755.698,514.0,5.76,0.63,0.601,0.593,0.588,0.592,0.6,-2.7,0.83,-0.832,0.2,0.769,0.769,0.1,0.834,0.769,0.0,0.85,0.769,-0.3,0.852,0.769,-0.2,0.849,0.769,1
20110729_0742,-23.78,179.92,539.0,GE.DAMY.,14.573,44.392,137.177,1628.649,1654.235,1662.153,515.0,3.758,0.609,0.61,0.581,0.597,0.597,-1.1,-0.6,0.755,0.699,-2.2,0.657,0.657,-1.7,0.657,0.657,-2.5,0.719,0.657,-2.1,0.689,0.657,-2.3,0.69,0.657,0
20110729_0742,-23.78,179.92,539.0,GR.GRB5.,49.111,11.675,153.035,1719.05,1761.046,1774.784,516.0,7.353,0.525,0.621,0.663,0.67,0.677,1.3,1.5,0.989,0.991,1.2,0.915,0.915,0.7,0.89,0.915,0.6,0.89,0.915,0.4,0.887,0.915,0.4,0.888,0.915,1
20110729_0742,-23.78,179.92,539.0,GR.LDAU.,49.182,8.127,153.792,1723.153,1766.024,1780.09,517.0,6.114,0.805,0.812,0.814,0.802,0.808,0.4,0.5,0.965,0.969,-0.3,0.92,0.92,-0.2,0.92,0.92,-0.5,0.921,0.92,-0.8,0.927,0.92,-0.6,0.923,0.92,1
20110729_0742,-23.78,179.92,539.0,NO.SPB2.00,78.174,16.385,125.066,1554.1,1569.875,1574.587,518.0,15.972,0.616,0.605,0.585,0.582,0.585,0.7,0.8,0.919,0.959,0.2,0.702,0.702,0.1,0.674,0.702,-0.5,0.683,0.702,-0.4,0.677,0.702,-0.3,0.672,0.702,0
20110729_0742,-23.78,179.92,539.0,SX.NEUB.,51.194,11.772,151.101,1708.464,1748.262,1761.184,519.0,10.097,0.829,0.845,0.833,0.825,0.828,0.4,0.5,0.898,0.896,-0.2,0.93,0.93,-0.3,0.951,0.93,-0.6,0.954,0.93,-0.8,0.95,0.93,-0.7,0.95,0.93,1
20110729_0742,-23.78,179.92,539.0,XB.PM38.,34.839,-2.874,168.678,1800.294,1861.926,1883.223,520.0,10.563,0.741,0.661,0.665,0.651,0.659,-0.1,0.2,0.758,0.734,0.2,0.706,0.706,0.0,0.612,0.706,-0.1,0.577,0.706,-0.2,0.527,0.706,-0.1,0.563,0.706,0
20110729_0742,-23.78,179.92,539.0,KZ.AKTO.,50.435,58.016,128.235,1574.063,1592.178,1597.62,521.0,7.454,0.777,0.759,0.746,0.759,0.76,0.2,0.3,0.849,0.821,-0.1,0.938,0.938,-0.1,0.923,0.938,-0.6,0.928,0.938,-0.3,0.93,0.938,-0.3,0.927,0.938,1
20110729_0742,-23.78,179.92,539.0,RO.MLR.,45.491,25.945,149.77,1701.107,1739.425,1751.803,522.0,3.147,0.306,0.35,0.416,0.408,0.391,3.2,-3.0,0.463,-0.626,-8.3,0.54,0.54,-8.6,0.505,0.54,-9.0,0.478,0.54,-9.0,0.475,0.54,-8.9,0.483,0.54,0
20110729_0742,-23.78,179.92,539.0,NO.SPB5.00,78.182,16.368,125.059,1554.058,1569.829,1574.539,523.0,15.463,0.621,0.606,0.592,0.587,0.592,0.7,0.8,0.92,0.96,0.2,0.711,0.711,0.0,0.675,0.711,-0.5,0.693,0.711,-0.4,0.687,0.711,-0.3,0.681,0.711,0
20110729_0742,-23.78,179.92,539.0,OE.MYKA.,46.63,13.642,154.634,1727.704,1771.558,1785.994,524.0,4.489,0.214,0.268,0.308,0.326,0.304,1.4,2.8,0.593,0.656,3.1,0.608,0.608,2.6,0.575,0.608,2.3,0.563,0.608,2.0,0.552,0.608,2.2,0.558,0.608,0
20110729_0742,-23.78,179.92,539.0,IV.NRCA.,42.834,13.114,158.048,1745.93,1793.865,1809.837,525.0,13.875,0.512,0.572,0.61,0.627,0.619,2.6,2.7,0.929,0.946,2.3,0.924,0.924,1.9,0.91,0.924,1.7,0.906,0.924,1.5,0.897,0.924,1.6,0.903,0.924,0
20110729_0742,-23.78,179.92,539.0,XB.PS24.,37.607,-5.403,165.442,1784.12,1841.441,1861.016,526.0,6.412,0.608,0.516,0.531,0.539,0.531,-0.2,-0.2,0.517,0.437,-0.3,0.462,0.462,5.2,0.482,0.462,5.0,0.503,0.462,4.8,0.525,0.462,5.0,0.501,0.462,0
20110729_0742,-23.78,179.92,539.0,NO.NC602.00,60.735,11.541,142.179,1658.054,1688.401,1697.949,527.0,5.506,0.755,0.759,0.784,0.79,0.782,1.2,1.1,0.916,0.9,0.7,0.937,0.937,0.5,0.939,0.937,0.3,0.941,0.937,0.1,0.946,0.937,0.2,0.945,0.937,1
20110729_0742,-23.78,179.92,539.0,ZP.GABZ.02,-12.171,26.367,135.717,1619.921,1644.19,1651.663,528.0,0.675,0.102,0.126,0.125,0.121,0.124,2.1,2.1,0.532,0.946,0.6,0.453,0.453,0.8,0.469,0.453,0.7,0.47,0.453,0.5,0.469,0.453,0.6,0.473,0.453,0
20110729_0742,-23.78,179.92,539.0,GU.TRAV.,45.513,7.747,157.361,1742.29,1789.39,1805.048,529.0,11.154,0.621,0.673,0.719,0.734,0.724,1.4,1.7,0.932,0.932,1.5,0.874,0.874,1.1,0.881,0.874,0.8,0.872,0.874,0.6,0.861,0.874,0.7,0.863,0.874,1
20110729_0742,-23.78,179.92,539.0,KO.SVAN.,38.151,41.198,142.175,1658.031,1688.374,1697.92,530.0,6.51,0.816,0.801,0.794,0.807,0.805,1.0,1.0,0.945,0.933,0.5,0.953,0.953,0.5,0.952,0.953,-0.2,0.933,0.953,0.0,0.936,0.953,0.1,0.942,0.953,1
20110729_0742,-23.78,179.92,539.0,GE.RUE.,52.476,13.78,149.424,1699.18,1737.116,1749.356,531.0,7.421,0.743,0.734,0.727,0.728,0.724,0.4,0.6,0.962,0.956,-0.1,0.965,0.965,-0.4,0.947,0.965,-0.7,0.947,0.965,-0.8,0.952,0.965,-0.8,0.95,0.965,1
20110729_0742,-23.78,179.92,539.0,GU.ROTM.,44.849,8.353,157.84,1744.828,1792.508,1808.385,532.0,7.244,0.424,0.509,0.53,0.533,0.534,1.7,1.5,0.825,0.79,1.4,0.819,0.819,1.1,0.823,0.819,0.8,0.814,0.819,0.6,0.801,0.819,0.7,0.806,0.819,0
20110729_0742,-23.78,179.92,539.0,CH.VDL.,46.483,9.45,156.039,1735.248,1780.76,1795.821,533.0,2.029,0.428,0.465,0.508,0.52,0.512,2.0,2.1,0.97,0.972,1.5,0.917,0.917,1.4,0.926,0.917,1.1,0.932,0.917,1.0,0.937,0.917,1.0,0.934,0.917,0
20110729_0742,-23.78,179.92,539.0,KO.ERIK.,40.671,26.513,152.059,1713.723,1754.602,1767.925,534.0,2.177,0.429,0.458,0.52,0.517,0.494,2.8,2.8,0.912,0.879,2.6,0.876,0.876,2.2,0.875,0.876,1.8,0.896,0.876,1.6,0.9,0.876,1.8,0.891,0.876,0
20110729_0742,-23.78,179.92,539.0,IS.AMAZ.,31.532,34.915,148.194,1692.316,1728.914,1740.668,535.0,1.567,0.446,0.404,0.397,0.418,0.414,1.1,1.2,0.77,0.707,0.7,0.833,0.833,0.9,0.85,0.833,0.3,0.823,0.833,0.5,0.843,0.833,0.7,0.848,0.833,0
20110729_0742,-23.78,179.92,539.0,IV.TERO.,42.623,13.604,158.017,1745.765,1793.662,1809.62,536.0,5.397,0.551,0.582,0.624,0.637,0.627,1.7,1.7,0.939,0.946,1.3,0.956,0.956,0.8,0.956,0.956,0.6,0.963,0.956,0.4,0.967,0.956,0.5,0.964,0.956,0
20110729_0742,-23.78,179.92,539.0,CZ.PRU.,49.988,14.542,151.419,1710.21,1750.365,1763.419,537.0,10.756,0.681,0.71,0.743,0.747,0.745,1.1,1.4,0.938,0.92,0.5,0.856,0.856,0.4,0.914,0.856,0.2,0.923,0.856,-0.1,0.924,0.856,0.0,0.922,0.856,1
20110729_0742,-23.78,179.92,539.0,IV.ATPC.,43.481,12.457,157.764,1744.428,1792.017,1807.859,538.0,5.512,0.491,0.556,0.587,0.603,0.59,2.4,2.4,0.96,0.97,1.9,0.908,0.908,1.5,0.912,0.908,1.2,0.912,0.908,1.1,0.91,0.908,1.2,0.91,0.908,0
20110729_0742,-23.78,179.92,539.0,RD.MTT2.,43.341,2.217,160.348,1757.993,1808.77,1825.821,539.0,9.501,0.634,0.676,0.685,0.693,0.691,0.9,0.9,0.977,0.982,1.1,0.925,0.925,0.7,0.959,0.925,0.6,0.958,0.925,0.4,0.952,0.925,0.4,0.955,0.925,1
20110729_0742,-23.78,179.92,539.0,IU.RCBR.10,-5.827,-35.901,134.205,1610.803,1633.753,1640.778,540.0,1.822,0.206,0.29,0.292,0.292,0.29,-0.4,-4.1,0.862,-0.238,0.6,0.685,0.685,0.8,0.637,0.685,0.7,0.64,0.685,0.7,0.641,0.685,0.8,0.64,0.685,0
20110729_0742,-23.78,179.92,539.0,XB.PS08.,36.741,-4.643,166.458,1789.233,1847.894,1868.0,541.0,0.347,-0.024,-0.004,-0.002,-0.0,-0.002,-10.4,-4.5,0.208,0.625,-8.1,0.426,0.426,-8.7,0.256,0.426,-8.8,0.257,0.426,-9.0,0.262,0.426,-8.9,0.257,0.426,0
20110729_0742,-23.78,179.92,539.0,XB.PS11.,36.873,-4.681,166.323,1788.558,1847.041,1867.075,542.0,6.21,0.495,0.463,0.494,0.508,0.495,0.2,1.0,0.881,0.844,1.3,0.651,0.651,0.8,0.839,0.651,0.7,0.816,0.651,0.7,0.78,0.651,0.7,0.821,0.651,0
20110729_0742,-23.78,179.92,539.0,IV.MESG.,40.589,17.85,157.446,1742.744,1789.947,1805.643,543.0,4.965,0.407,0.442,0.522,0.53,0.501,1.7,1.9,0.848,0.895,1.5,0.723,0.723,1.2,0.715,0.723,0.8,0.718,0.723,0.7,0.726,0.723,0.8,0.714,0.723,0
20110729_0742,-23.78,179.92,539.0,CH.BNALP.,46.87,8.425,155.924,1734.635,1780.011,1795.021,544.0,2.559,0.466,0.505,0.563,0.591,0.568,1.8,1.8,0.921,0.921,1.4,0.909,0.909,1.2,0.929,0.909,1.0,0.938,0.909,0.7,0.943,0.909,0.9,0.941,0.909,0
20110729_0742,-23.78,179.92,539.0,KO.YEDI.,39.438,40.544,142.426,1659.48,1690.072,1699.704,545.0,3.358,0.761,0.753,0.728,0.737,0.747,0.0,0.1,0.855,0.871,-0.4,0.895,0.895,-0.6,0.901,0.895,-1.1,0.898,0.895,-1.0,0.905,0.895,-0.8,0.907,0.895,0
20110729_0742,-23.78,179.92,539.0,CN.GGN.,45.118,-66.842,122.717,1539.091,1553.253,1557.467,546.0,4.626,0.696,0.652,0.636,0.663,0.653,-0.2,0.3,0.838,0.764,-0.1,0.934,0.934,-0.4,0.941,0.934,-0.9,0.935,0.934,-0.5,0.941,0.934,-0.5,0.939,0.934,1
20110729_0742,-23.78,179.92,539.0,MN.IDI.,35.288,24.89,155.516,1732.448,1777.339,1792.166,547.0,8.024,0.734,0.707,0.718,0.716,0.715,0.8,0.9,0.963,0.968,0.5,0.955,0.955,0.3,0.965,0.955,-0.1,0.955,0.955,-0.1,0.958,0.955,0.0,0.962,0.955,1
20110729_0742,-23.78,179.92,539.0,IU.PAB.00,39.545,-4.35,163.827,1775.923,1831.14,1849.893,548.0,6.379,0.615,0.613,0.638,0.644,0.639,0.1,0.7,0.84,0.771,0.2,0.813,0.813,0.0,0.751,0.813,-0.2,0.755,0.813,-0.4,0.761,0.813,-0.3,0.756,0.813,0
20110729_0742,-23.78,179.92,539.0,IV.SSFR.,43.436,12.782,157.677,1743.964,1791.446,1807.248,549.0,4.718,0.555,0.643,0.678,0.682,0.674,1.7,1.8,0.946,0.965,1.4,0.909,0.909,0.9,0.924,0.909,0.7,0.918,0.909,0.6,0.91,0.909,0.7,0.914,0.909,1
20110729_0742,-23.78,179.92,539.0,GR.WET.,49.145,12.88,152.667,1717.041,1758.613,1772.193,550.0,6.636,0.634,0.679,0.728,0.744,0.726,1.4,1.3,0.953,0.933,1.3,0.83,0.83,1.0,0.787,0.83,0.7,0.792,0.83,0.5,0.793,0.83,0.6,0.789,0.83,0
20110729_0742,-23.78,179.92,539.0,GE.KBS.10,78.915,11.939,124.596,1551.112,1566.556,1571.166,551.0,4.583,0.723,0.692,0.675,0.682,0.685,-0.2,0.1,0.883,0.928,-0.3,0.895,0.895,-0.5,0.893,0.895,-0.8,0.882,0.895,-0.6,0.885,0.895,-0.6,0.887,0.895,1
20110729_0742,-23.78,179.92,539.0,NO.NC204.00,61.276,10.763,141.771,1655.684,1685.628,1695.036,552.0,3.031,0.725,0.69,0.707,0.705,0.704,0.7,1.0,0.976,0.97,0.2,0.835,0.835,0.4,0.838,0.835,0.1,0.833,0.835,-0.2,0.818,0.835,0.0,0.822,0.835,0
20110729_0742,-23.78,179.92,539.0,XB.PS41.,36.667,-5.944,166.161,1787.74,1846.008,1865.957,553.0,5.74,0.723,0.693,0.692,0.691,0.696,-0.9,-1.1,0.899,0.853,-0.6,0.826,0.826,-0.7,0.896,0.826,-0.9,0.902,0.826,-1.1,0.911,0.826,-0.9,0.905,0.826,1
20110729_0742,-23.78,179.92,539.0,RO.VOIR.,45.437,25.049,150.3,1704.042,1742.946,1755.539,554.0,4.558,0.566,0.546,0.575,0.57,0.565,2.1,2.4,0.973,0.977,1.2,0.778,0.778,0.4,0.795,0.778,0.1,0.803,0.778,0.0,0.796,0.778,0.1,0.795,0.778,0
20110729_0742,-23.78,179.92,539.0,II.BORG.00,64.747,-21.327,136.765,1626.191,1651.4,1659.192,555.0,3.675,0.486,0.439,0.469,0.477,0.46,1.2,1.5,0.538,0.47,1.9,0.326,0.326,2.1,0.274,0.326,1.6,0.281,0.326,1.4,0.257,0.326,1.8,0.261,0.326,0
20110729_0742,-23.78,179.92,539.0,II.ABKT.00,37.93,58.119,128.92,1578.331,1596.972,1602.581,556.0,5.568,0.838,0.832,0.804,0.828,0.833,0.3,0.5,0.97,0.977,0.1,0.912,0.912,0.0,0.917,0.912,-0.8,0.902,0.912,-0.4,0.908,0.912,-0.2,0.912,0.912,1
20110729_0742,-23.78,179.92,539.0,KO.CTKS.,41.237,28.507,150.464,1704.95,1744.036,1756.697,557.0,3.677,0.44,0.457,0.482,0.479,0.47,2.5,2.0,0.541,0.576,1.6,0.646,0.646,1.0,0.628,0.646,0.6,0.636,0.646,0.5,0.629,0.646,0.7,0.626,0.646,0
20110729_0742,-23.78,179.92,539.0,IV.MRLC.,40.756,15.489,158.59,1748.787,1797.385,1813.608,558.0,4.946,0.538,0.506,0.515,0.508,0.516,-0.4,1.2,0.643,0.466,0.5,0.763,0.763,0.1,0.769,0.763,-0.3,0.762,0.763,-0.4,0.746,0.763,-0.3,0.756,0.763,0
20110729_0742,-23.78,179.92,539.0,XB.PS03.,36.393,-5.415,166.575,1789.821,1848.637,1868.805,559.0,8.268,0.591,0.624,0.651,0.671,0.657,0.6,0.6,0.946,0.931,0.6,0.882,0.882,0.4,0.927,0.882,0.4,0.931,0.882,0.3,0.935,0.882,0.3,0.931,0.882,1
20110729_0742,-23.78,179.92,539.0,FR.ATE.00,43.086,-0.701,160.687,1759.761,1810.965,1828.177,560.0,3.642,0.598,0.567,0.59,0.611,0.603,1.3,1.3,0.864,0.88,1.5,0.709,0.709,1.4,0.785,0.709,1.2,0.764,0.709,1.0,0.738,0.709,1.0,0.748,0.709,0
20110729_0742,-23.78,179.92,539.0,XB.PS05.,36.646,-5.094,166.43,1789.094,1847.719,1867.809,561.0,8.988,0.652,0.652,0.697,0.716,0.696,0.9,1.0,0.975,0.974,1.3,0.936,0.936,0.7,0.853,0.936,0.5,0.847,0.936,0.4,0.841,0.936,0.5,0.847,0.936,1
20110729_0742,-23.78,179.92,539.0,XB.PS46.,36.824,-4.341,166.452,1789.203,1847.856,1867.958,562.0,6.35,0.36,0.383,0.41,0.429,0.416,1.4,2.1,0.884,0.846,1.7,0.776,0.776,1.4,0.718,0.776,1.3,0.705,0.776,1.3,0.694,0.776,1.2,0.706,0.776,0
20110729_0742,-23.78,179.92,539.0,IV.PTMD.,36.789,11.993,163.361,1773.538,1828.153,1846.672,563.0,2.074,0.46,0.488,0.494,0.497,0.492,0.5,4.8,0.778,-0.395,0.2,0.564,0.564,0.0,0.532,0.564,-0.2,0.535,0.564,-0.4,0.543,0.564,-0.3,0.535,0.564,0
20110729_0742,-23.78,179.92,539.0,ZP.SHWG.02,-11.193,31.74,133.197,1604.683,1626.775,1633.512,564.0,2.03,0.37,0.37,0.375,0.366,0.373,0.9,0.8,0.866,0.8,-0.2,0.96,0.96,-0.2,0.949,0.96,-0.3,0.947,0.96,-0.6,0.949,0.96,-0.3,0.947,0.96,0
20110729_0742,-23.78,179.92,539.0,PM.PVAQ.,37.404,-7.717,164.887,1781.312,1837.907,1857.196,565.0,8.843,0.728,0.661,0.679,0.68,0.678,0.4,0.5,0.983,0.968,0.3,0.983,0.983,0.2,0.958,0.983,0.1,0.953,0.983,-0.1,0.95,0.983,-0.1,0.953,0.983,1
20110729_0742,-23.78,179.92,539.0,NL.HGN.02,50.764,5.932,152.617,1716.769,1758.285,1771.844,566.0,9.765,0.744,0.751,0.726,0.724,0.727,0.5,0.7,0.95,0.953,0.6,0.955,0.955,-0.3,0.904,0.955,-0.5,0.913,0.955,-0.6,0.924,0.955,-0.6,0.92,0.955,1
20110729_0742,-23.78,179.92,539.0,AF.ANKE.,9.583,39.742,139.478,1642.271,1669.999,1678.644,567.0,0.347,-0.016,-0.034,-0.03,-0.031,-0.032,4.0,-4.6,0.734,-0.747,7.1,0.214,0.214,7.4,0.172,0.214,6.9,0.193,0.214,7.0,0.185,0.214,7.0,0.185,0.214,0
20110729_0742,-23.78,179.92,539.0,IV.MODR.,41.146,13.878,159.079,1751.357,1800.556,1817.007,568.0,5.29,0.492,0.521,0.552,0.562,0.551,-5.8,-2.1,0.712,-0.823,-6.3,0.613,0.613,1.1,0.608,0.613,0.8,0.618,0.613,0.5,0.637,0.613,0.7,0.622,0.613,0
20110729_0742,-23.78,179.92,539.0,IU.SFJD.10,66.996,-50.621,126.758,1564.8,1581.801,1586.895,569.0,8.038,0.755,0.752,0.761,0.757,0.754,0.6,0.5,0.951,0.942,0.5,0.848,0.848,0.4,0.856,0.848,0.1,0.854,0.848,0.3,0.855,0.848,0.4,0.855,0.848,1
20110729_0742,-23.78,179.92,539.0,KO.DYBB.,37.953,40.139,143.031,1662.98,1694.179,1704.022,570.0,5.773,0.761,0.758,0.779,0.78,0.774,0.8,1.1,0.863,0.872,0.7,0.792,0.792,0.5,0.773,0.792,-0.2,0.815,0.792,-0.1,0.792,0.792,0.2,0.778,0.792,0
20110729_0742,-23.78,179.92,539.0,XB.PM11.,34.931,-4.312,168.259,1798.217,1859.283,1880.352,571.0,2.783,0.264,0.2,0.209,0.219,0.212,5.6,-2.8,0.561,-0.558,5.6,0.392,0.392,5.2,0.594,0.392,5.0,0.61,0.392,4.8,0.626,0.392,4.9,0.618,0.392,0
20110729_0742,-23.78,179.92,539.0,ZP.SERJ.02,-13.227,30.215,132.602,1601.053,1622.647,1629.218,572.0,2.076,0.494,0.448,0.461,0.476,0.463,1.0,1.2,0.687,0.65,0.4,0.884,0.884,0.3,0.89,0.884,0.2,0.89,0.884,0.0,0.895,0.884,0.2,0.891,0.884,0
20110729_0742,-23.78,179.92,539.0,MN.WDD.,35.837,14.524,162.548,1769.374,1822.945,1841.061,573.0,5.298,0.576,0.607,0.642,0.644,0.631,1.5,1.4,0.883,0.895,1.4,0.903,0.903,1.3,0.897,0.903,1.0,0.893,0.903,0.9,0.893,0.903,1.0,0.892,0.903,1
20110729_0742,-23.78,179.92,539.0,IV.CRE.,43.619,11.952,157.834,1744.8,1792.474,1808.348,574.0,5.848,0.498,0.547,0.59,0.612,0.591,2.6,2.6,0.898,0.9,2.2,0.843,0.843,1.8,0.839,0.843,1.6,0.847,0.843,1.4,0.857,0.843,1.6,0.85,0.843,0
20110729_0742,-23.78,179.92,539.0,OE.SOKA.,46.678,15.033,154.09,1724.77,1767.988,1782.185,575.0,7.409,0.534,0.605,0.639,0.636,0.631,1.3,1.8,0.798,0.767,0.9,0.649,0.649,0.1,0.633,0.649,-0.3,0.646,0.649,-0.5,0.669,0.649,-0.3,0.66,0.649,0
20110729_0742,-23.78,179.92,539.0,XB.PM15.,34.469,-4.7,168.578,1799.801,1861.298,1882.541,576.0,2.306,0.291,0.4,0.373,0.345,0.373,6.3,2.8,0.585,-0.649,6.5,0.707,0.707,6.5,0.718,0.707,6.3,0.697,0.707,6.3,0.663,0.707,6.3,0.695,0.707,0
20110729_0742,-23.78,179.92,539.0,RO.PLOR1.,45.852,26.647,149.162,1697.721,1735.371,1747.506,577.0,4.607,0.475,0.508,0.542,0.541,0.537,2.0,2.4,0.837,0.795,1.5,0.892,0.892,0.9,0.905,0.892,0.5,0.904,0.892,0.4,0.901,0.892,0.5,0.903,0.892,0
20110729_0742,-23.78,179.92,539.0,GR.NRDL.,52.494,10.107,150.255,1703.792,1742.646,1755.221,578.0,6.74,0.677,0.709,0.68,0.65,0.67,0.1,0.2,0.959,0.962,-0.5,0.941,0.941,-0.7,0.965,0.941,-0.9,0.97,0.941,-1.2,0.969,0.941,-1.1,0.97,0.941,1
20110729_0742,-23.78,179.92,539.0,IV.BRMO.,46.476,10.372,155.798,1733.959,1779.185,1794.138,579.0,5.708,0.618,0.665,0.71,0.728,0.711,2.1,2.2,0.867,0.914,2.0,0.841,0.841,1.9,0.846,0.841,1.6,0.83,0.841,1.3,0.81,0.841,1.5,0.82,0.841,1
20110729_0742,-23.78,179.92,539.0,GE.MTE.,40.4,-7.544,162.236,1767.767,1820.936,1838.899,580.0,3.995,0.462,0.493,0.521,0.54,0.519,1.1,1.4,0.923,0.882,1.4,0.979,0.979,1.2,0.984,0.979,0.9,0.985,0.979,0.7,0.981,0.979,0.9,0.984,0.979,0
20110729_0742,-23.78,179.92,539.0,GR.GTTG.,51.546,9.964,151.179,1708.893,1748.778,1761.733,581.0,3.102,0.702,0.721,0.711,0.699,0.708,0.5,0.6,0.914,0.912,0.1,0.933,0.933,0.0,0.934,0.933,-0.2,0.943,0.933,-0.5,0.943,0.933,-0.4,0.94,0.933,0
20110729_0742,-23.78,179.92,539.0,XB.PM27.,32.35,-4.654,170.53,1809.399,1873.558,1895.884,582.0,16.941,0.619,0.676,0.69,0.698,0.683,0.5,0.6,0.909,0.924,1.2,0.559,0.559,0.4,0.505,0.559,0.1,0.538,0.559,-0.2,0.582,0.559,0.0,0.527,0.559,0
20110729_0742,-23.78,179.92,539.0,KO.SIRT.,37.501,42.439,141.312,1653.015,1682.508,1691.76,583.0,2.001,0.414,0.4,0.451,0.432,0.42,1.3,1.0,0.609,0.62,0.7,0.851,0.851,0.6,0.855,0.851,-0.1,0.836,0.851,0.1,0.834,0.851,0.4,0.845,0.851,0
20110729_0742,-23.78,179.92,539.0,GR.FUR.,48.164,11.277,154.007,1724.32,1767.441,1781.601,584.0,6.45,0.509,0.582,0.631,0.659,0.65,2.4,2.3,0.954,0.957,2.1,0.965,0.965,1.7,0.957,0.965,1.5,0.956,0.965,1.2,0.957,0.965,1.3,0.957,0.965,0
20110729_0742,-23.78,179.92,539.0,AF.KUKU.,6.192,-0.368,162.41,1768.664,1822.057,1840.106,585.0,0.905,0.164,0.132,0.121,0.092,0.111,-4.4,-4.4,0.616,0.469,-1.3,0.309,0.309,-5.5,0.403,0.309,-5.4,0.408,0.309,-5.4,0.419,0.309,-5.4,0.413,0.309,0
20110729_0742,-23.78,179.92,539.0,IV.GMB.,38.168,15.829,160.234,1757.399,1808.034,1825.03,586.0,,,,,,,-16.0,-8.0,0.0,0.0,-16.0,0.0,0.0,-16.0,0.0,0.0,-16.0,0.0,0.0,-16.0,0.0,0.0,-16.0,0.0,0.0,0
20110729_0742,-23.78,179.92,539.0,NL.DBN.,52.102,5.177,151.394,1710.075,1750.202,1763.246,587.0,3.673,0.574,0.588,0.611,0.618,0.614,1.3,1.6,0.929,0.926,0.5,0.735,0.735,0.4,0.789,0.735,0.2,0.795,0.735,0.0,0.806,0.735,0.1,0.804,0.735,0
20110729_0742,-23.78,179.92,539.0,IV.ESLN.,37.693,14.974,161.051,1761.649,1813.312,1830.699,588.0,5.16,0.555,0.56,0.566,0.575,0.57,1.0,1.6,0.771,0.79,1.5,0.89,0.89,1.3,0.879,0.89,1.0,0.864,0.89,0.9,0.855,0.89,1.0,0.863,0.89,0
20110729_0742,-23.78,179.92,539.0,6H.MACO.,-17.958,34.172,126.528,1563.355,1580.186,1585.227,589.0,2.862,0.376,0.389,0.395,0.39,0.391,1.7,1.6,0.775,0.762,1.4,0.743,0.743,1.3,0.727,0.743,1.1,0.723,0.743,1.1,0.721,0.743,1.2,0.725,0.743,0
20110729_0742,-23.78,179.92,539.0,RO.PLOR5.,45.846,26.663,149.156,1697.69,1735.334,1747.466,590.0,5.355,0.464,0.531,0.571,0.573,0.567,1.9,2.1,0.897,0.869,1.4,0.916,0.916,0.8,0.92,0.916,0.4,0.923,0.916,0.3,0.922,0.916,0.4,0.921,0.916,0
20110729_0742,-23.78,179.92,539.0,CH.GIMEL.,46.534,6.265,156.682,1738.679,1784.96,1800.31,591.0,4.1,0.714,0.732,0.758,0.767,0.76,1.0,1.1,0.95,0.949,0.6,0.94,0.94,0.3,0.908,0.94,0.1,0.921,0.94,0.0,0.937,0.94,0.0,0.929,0.94,1
20110729_0742,-23.78,179.92,539.0,IV.CAFI.,43.329,11.966,158.078,1746.09,1794.062,1810.048,592.0,10.852,0.488,0.53,0.578,0.593,0.58,2.4,2.6,0.92,0.953,2.1,0.833,0.833,1.7,0.85,0.833,1.4,0.843,0.833,1.2,0.839,0.833,1.3,0.84,0.833,0
20110729_0742,-23.78,179.92,539.0,IV.RDP.,41.758,12.717,159.102,1751.481,1800.709,1817.172,593.0,5.903,0.355,0.381,0.436,0.453,0.428,2.4,2.4,0.914,0.949,2.3,0.854,0.854,2.1,0.847,0.854,1.8,0.84,0.854,1.6,0.837,0.854,1.8,0.841,0.854,0
20110729_0742,-23.78,179.92,539.0,KO.CRLT.,41.129,27.736,151.028,1708.063,1747.779,1760.671,594.0,1.975,0.145,0.158,0.176,0.174,0.169,1.9,2.4,0.813,0.855,1.7,0.742,0.742,1.2,0.76,0.742,0.7,0.79,0.742,0.6,0.791,0.742,0.9,0.777,0.742,0
20110729_0742,-23.78,179.92,539.0,KO.SULT.,38.199,33.516,148.036,1691.428,1727.855,1739.547,595.0,3.544,0.432,0.418,0.469,0.463,0.458,1.4,1.5,0.786,0.831,1.3,0.867,0.867,1.2,0.865,0.867,0.8,0.878,0.867,0.8,0.875,0.867,0.9,0.875,0.867,0
20110729_0742,-23.78,179.92,539.0,KO.GEMT.,40.435,29.189,150.357,1704.357,1743.325,1755.942,596.0,6.012,0.529,0.539,0.533,0.539,0.544,1.8,1.6,0.963,0.95,1.0,0.928,0.928,0.6,0.944,0.928,0.1,0.954,0.928,0.0,0.948,0.928,0.2,0.946,0.928,0
20110729_0742,-23.78,179.92,539.0,GE.WLF.,49.665,6.153,153.66,1722.439,1765.156,1779.164,597.0,7.426,0.737,0.704,0.737,0.749,0.742,0.8,1.1,0.949,0.955,0.3,0.904,0.904,0.5,0.847,0.904,0.2,0.857,0.904,-0.1,0.873,0.904,0.0,0.868,0.904,1
20110729_0742,-23.78,179.92,539.0,RO.CRAR.,44.325,23.8,151.685,1711.674,1752.13,1765.295,598.0,8.64,0.441,0.492,0.552,0.557,0.54,2.5,2.7,0.882,0.88,1.8,0.85,0.85,1.3,0.847,0.85,0.9,0.843,0.85,0.7,0.851,0.85,0.9,0.848,0.85,0
20110729_0742,-23.78,179.92,539.0,XB.PM21.,33.721,-5.32,169.054,1802.152,1864.293,1885.798,599.0,9.089,0.715,0.611,0.607,0.594,0.606,0.4,0.4,0.912,0.896,0.3,0.902,0.902,0.3,0.736,0.902,0.1,0.692,0.902,-0.2,0.654,0.902,0.1,0.682,0.902,0
20110729_0742,-23.78,179.92,539.0,HE.SUF.,62.719,26.147,137.276,1629.236,1654.913,1662.862,600.0,9.405,0.701,0.694,0.734,0.729,0.723,1.6,1.7,0.965,0.945,1.3,0.911,0.911,1.1,0.931,0.911,0.7,0.952,0.911,0.7,0.945,0.911,0.8,0.944,0.911,1
20110729_0742,-23.78,179.92,539.0,NO.ARE0.00,69.535,25.506,131.786,1596.056,1616.977,1623.325,601.0,5.37,0.74,0.728,0.746,0.749,0.742,1.2,1.3,0.981,0.978,0.9,0.819,0.819,0.6,0.819,0.819,0.2,0.837,0.819,0.2,0.835,0.819,0.3,0.83,0.819,1
20110729_0742,-23.78,179.92,539.0,GB.JSA.,49.188,-2.172,154.539,1727.191,1770.934,1785.328,602.0,11.584,0.788,0.709,0.715,0.716,0.707,-0.5,-0.7,0.867,0.853,-0.5,0.797,0.797,-0.7,0.706,0.797,-0.9,0.713,0.797,-1.1,0.724,0.797,-1.1,0.716,0.797,0
20110729_0742,-23.78,179.92,539.0,IV.SACR.,41.397,14.706,158.492,1748.273,1796.751,1812.929,603.0,2.518,0.187,0.208,0.213,0.202,0.212,-1.9,-2.0,0.802,0.784,-2.1,0.729,0.729,-2.4,0.727,0.729,-2.7,0.724,0.729,-2.9,0.725,0.729,-2.8,0.724,0.729,0
20110729_0742,-23.78,179.92,539.0,GR.GRB1.,49.39,11.651,152.787,1717.699,1759.409,1773.041,604.0,7.016,0.549,0.615,0.648,0.658,0.646,0.9,1.4,0.901,0.893,1.3,0.883,0.883,0.8,0.839,0.883,0.7,0.835,0.883,0.5,0.834,0.883,0.6,0.833,0.883,1
20110729_0742,-23.78,179.92,539.0,2H.ABAE.,13.354,39.764,140.963,1650.98,1680.134,1689.268,605.0,1.935,0.446,0.525,0.578,0.557,0.557,0.7,0.9,0.879,0.945,0.5,0.865,0.865,0.8,0.853,0.865,0.1,0.866,0.865,0.3,0.849,0.865,0.3,0.851,0.865,0
20110729_0742,-23.78,179.92,539.0,GE.MORC.,49.777,17.543,150.585,1705.618,1744.839,1757.549,606.0,12.037,0.565,0.565,0.581,0.572,0.573,0.7,1.0,0.963,0.931,0.3,0.855,0.855,-0.1,0.9,0.855,-0.5,0.901,0.855,-0.6,0.891,0.855,-0.6,0.895,0.855,0
20110729_0742,-23.78,179.92,539.0,IV.PZZT.,44.131,10.862,157.765,1744.431,1792.02,1807.862,607.0,7.233,0.471,0.541,0.581,0.608,0.596,2.5,2.4,0.903,0.879,2.1,0.976,0.976,1.7,0.979,0.976,1.5,0.981,0.976,1.3,0.983,0.976,1.4,0.984,0.976,0
20110729_0742,-23.78,179.92,539.0,CH.SULZ.,47.528,8.112,155.371,1731.668,1776.388,1791.15,608.0,8.3,0.664,0.734,0.759,0.76,0.76,1.0,1.2,0.946,0.947,0.6,0.959,0.959,0.2,0.948,0.959,-0.1,0.952,0.959,-0.2,0.954,0.959,-0.1,0.953,0.959,1
20110729_0742,-23.78,179.92,539.0,IU.GRFO.,49.691,11.22,152.623,1716.802,1758.324,1771.886,609.0,10.811,0.687,0.724,0.762,0.784,0.768,1.0,1.2,0.936,0.934,1.2,0.935,0.935,0.8,0.909,0.935,0.7,0.911,0.935,0.4,0.911,0.935,0.5,0.909,0.935,1
20110729_0742,-23.78,179.92,539.0,KO.GAZ.,37.172,37.21,145.462,1676.899,1710.593,1721.31,610.0,5.803,0.721,0.715,0.718,0.725,0.725,0.7,1.1,0.733,0.733,0.7,0.706,0.706,0.7,0.693,0.706,-0.1,0.641,0.706,0.0,0.648,0.706,0.3,0.663,0.706,0
20110729_0742,-23.78,179.92,539.0,NI.CGRP.,45.881,11.805,155.905,1734.531,1779.884,1794.884,611.0,8.146,0.595,0.663,0.699,0.711,0.7,1.5,1.6,0.984,0.956,1.1,0.886,0.886,0.8,0.897,0.886,0.6,0.901,0.886,0.3,0.903,0.886,0.4,0.899,0.886,1
20110729_0742,-23.78,179.92,539.0,CZ.OKC.,49.835,18.14,150.318,1704.138,1743.062,1755.662,612.0,6.309,0.687,0.688,0.687,0.679,0.688,0.8,0.9,0.879,0.854,0.2,0.886,0.886,-0.3,0.843,0.886,-0.6,0.857,0.886,-0.8,0.871,0.886,-0.6,0.863,0.886,1
20110729_0742,-23.78,179.92,539.0,XB.PS12.,37.051,-5.187,166.024,1787.053,1845.141,1865.018,613.0,10.765,0.646,0.689,0.704,0.71,0.704,0.4,0.8,0.716,0.704,0.4,0.817,0.817,0.7,0.811,0.817,0.6,0.813,0.817,0.5,0.817,0.817,0.6,0.816,0.817,0
20110729_0742,-23.78,179.92,539.0,IV.CESX.,42.608,12.587,158.45,1748.05,1796.476,1812.634,614.0,7.722,0.519,0.57,0.622,0.643,0.618,2.3,2.4,0.941,0.939,2.1,0.904,0.904,1.8,0.903,0.904,1.5,0.899,0.904,1.3,0.895,0.904,1.5,0.896,0.904,0
20110729_0742,-23.78,179.92,539.0,G.ECH.10,48.216,7.159,154.899,1729.131,1773.295,1787.849,615.0,5.76,0.66,0.728,0.738,0.734,0.736,0.8,1.0,0.959,0.922,0.7,0.828,0.828,0.0,0.824,0.828,-0.1,0.835,0.828,-0.3,0.841,0.828,-0.2,0.839,0.828,1
20110729_0742,-23.78,179.92,539.0,GU.NEGI.,43.846,7.703,158.942,1750.64,1799.671,1816.058,616.0,9.284,0.582,0.654,0.697,0.706,0.7,1.3,1.3,0.944,0.929,1.1,0.925,0.925,1.1,0.932,0.925,0.8,0.932,0.925,0.6,0.931,0.925,0.7,0.932,0.925,1
20110729_0742,-23.78,179.92,539.0,CH.FUORN.,46.62,10.264,155.696,1733.413,1778.518,1793.426,617.0,1.822,0.473,0.519,0.558,0.583,0.573,1.8,1.9,0.97,0.975,1.7,0.926,0.926,1.4,0.922,0.926,1.3,0.918,0.926,1.0,0.913,0.926,1.1,0.914,0.926,0
20110729_0742,-23.78,179.92,539.0,DK.NEEM.02,77.445,-51.074,121.251,1529.633,1542.84,1546.761,618.0,10.744,0.601,0.512,0.49,0.507,0.512,-0.3,0.0,0.893,0.884,-0.9,0.601,0.601,-0.7,0.508,0.601,-1.2,0.531,0.601,-0.9,0.51,0.601,-0.7,0.508,0.601,0
20110729_0742,-23.78,179.92,539.0,NL.1980.,50.8,5.973,152.576,1716.548,1758.017,1771.558,619.0,,,,,,,-16.0,-8.0,0.0,0.0,-16.0,0.0,0.0,-16.0,0.0,0.0,-16.0,0.0,0.0,-16.0,0.0,0.0,-16.0,0.0,0.0,0
20110729_0742,-23.78,179.92,539.0,NL.OPLO.01,51.589,5.812,151.825,1712.437,1753.05,1766.274,620.0,4.464,0.663,0.654,0.65,0.646,0.649,0.7,0.9,0.964,0.961,0.2,0.83,0.83,0.1,0.851,0.83,-0.1,0.859,0.83,-0.3,0.871,0.83,-0.2,0.868,0.83,1
20110729_0742,-23.78,179.92,539.0,RO.MILM.,46.919,28.813,147.326,1687.44,1723.106,1734.524,621.0,6.849,0.756,0.761,0.776,0.778,0.778,1.4,1.3,0.84,0.821,1.0,0.852,0.852,0.7,0.867,0.852,0.4,0.868,0.852,0.3,0.872,0.852,0.4,0.871,0.852,1
20110729_0742,-23.78,179.92,539.0,IV.AMUR.,40.907,16.604,157.902,1745.155,1792.911,1808.816,622.0,8.888,0.529,0.531,0.572,0.579,0.57,2.2,2.2,0.954,0.941,1.6,0.925,0.925,1.3,0.933,0.925,1.0,0.934,0.925,0.8,0.932,0.925,0.9,0.931,0.925,0
20110729_0742,-23.78,179.92,539.0,IU.LSZ.00,-15.278,28.188,132.162,1598.361,1619.59,1626.04,623.0,2.981,0.351,0.462,0.458,0.444,0.456,1.3,1.2,0.926,0.928,0.4,0.752,0.752,0.2,0.704,0.752,0.1,0.714,0.752,-0.2,0.739,0.752,0.0,0.719,0.752,0
20110729_0742,-23.78,179.92,539.0,IU.KONO.00,59.649,9.598,143.492,1665.635,1697.298,1707.304,624.0,4.525,0.783,0.789,0.82,0.825,0.818,1.1,1.1,0.951,0.951,0.6,0.96,0.96,0.4,0.939,0.96,0.0,0.937,0.96,-0.2,0.94,0.96,-0.1,0.942,0.96,1
20110729_0742,-23.78,179.92,539.0,RO.AMRR.,44.61,27.335,149.483,1699.508,1737.509,1749.773,625.0,2.191,0.259,0.304,0.368,0.376,0.352,2.6,2.7,0.837,0.866,1.8,0.757,0.757,1.4,0.771,0.757,1.0,0.79,0.757,0.9,0.801,0.757,1.0,0.794,0.757,0
20110729_0742,-23.78,179.92,539.0,IV.TOLF.,42.064,12.0,159.142,1751.693,1800.97,1817.452,626.0,4.411,0.334,0.333,0.37,0.381,0.369,1.8,1.9,0.842,0.883,1.5,0.764,0.764,1.3,0.762,0.764,1.0,0.75,0.764,0.8,0.746,0.764,0.9,0.747,0.764,0
20110729_0742,-23.78,179.92,539.0,5H.CAYE.,14.862,39.305,141.91,1656.491,1686.572,1696.027,627.0,5.27,0.72,0.719,0.727,0.734,0.736,0.9,0.8,0.744,0.758,0.5,0.738,0.738,0.6,0.738,0.738,-0.3,0.701,0.738,0.1,0.715,0.738,0.2,0.717,0.738,0
20110729_0742,-23.78,179.92,539.0,IV.MCSR.,38.065,15.23,160.65,1759.568,1810.725,1827.92,628.0,3.718,0.362,0.345,0.358,0.356,0.353,1.5,1.6,0.755,0.793,1.2,0.59,0.59,1.1,0.591,0.59,0.9,0.602,0.59,0.8,0.611,0.59,0.9,0.602,0.59,0
20110729_0742,-23.78,179.92,539.0,KO.SNOP.,42.02,35.207,145.573,1677.529,1711.339,1722.097,629.0,4.24,0.751,0.729,0.725,0.735,0.736,0.9,0.9,0.909,0.925,0.7,0.919,0.919,0.4,0.912,0.919,-0.1,0.92,0.919,-0.1,0.915,0.919,0.1,0.914,0.919,1
20110729_0742,-23.78,179.92,539.0,XB.PS15.,37.141,-4.503,166.111,1787.489,1845.69,1865.613,630.0,3.972,0.568,0.575,0.599,0.616,0.599,0.3,0.7,0.891,0.892,0.5,0.807,0.807,0.4,0.824,0.807,0.3,0.841,0.807,0.1,0.859,0.807,0.3,0.845,0.807,0
20110729_0742,-23.78,179.92,539.0,RO.PLOR3.,45.854,26.646,149.161,1697.718,1735.367,1747.502,631.0,5.121,0.445,0.512,0.56,0.56,0.552,2.2,2.8,0.786,0.682,1.9,0.829,0.829,1.2,0.829,0.829,0.8,0.828,0.829,0.7,0.825,0.829,0.8,0.825,0.829,0
20110729_0742,-23.78,179.92,539.0,RO.GHRR.,46.061,27.408,148.611,1694.651,1731.701,1743.618,632.0,0.348,0.019,0.022,0.027,0.029,0.025,-0.1,2.0,0.962,1.0,3.1,0.131,0.131,2.8,0.124,0.131,2.3,0.129,0.131,2.2,0.128,0.131,2.4,0.128,0.131,0
20110729_0742,-23.78,179.92,539.0,GR.GEC2.,48.844,13.701,152.685,1717.142,1758.735,1772.323,633.0,10.351,0.636,0.69,0.728,0.746,0.736,1.6,1.7,0.977,0.928,1.6,0.904,0.904,1.2,0.878,0.904,1.1,0.884,0.904,0.9,0.886,0.904,0.9,0.882,0.904,1
20110729_0742,-23.78,179.92,539.0,KZ.BVAR.,53.025,70.389,120.408,1524.161,1536.835,1540.595,634.0,17.523,0.72,0.715,0.717,0.727,0.721,0.3,0.5,0.78,0.919,0.1,0.843,0.843,-0.1,0.853,0.843,-0.1,0.861,0.843,-0.1,0.87,0.843,-0.1,0.86,0.843,0
20110729_0742,-23.78,179.92,539.0,DK.MUD.,56.455,9.173,146.633,1683.533,1718.462,1729.616,635.0,5.759,0.716,0.642,0.655,0.657,0.652,0.3,-4.1,0.878,-0.62,-0.1,0.786,0.786,-0.3,0.801,0.786,-0.6,0.786,0.786,-0.7,0.774,0.786,-0.6,0.781,0.786,1
20110729_0742,-23.78,179.92,539.0,NO.NB201.00,61.049,11.294,141.915,1656.52,1686.606,1696.062,636.0,3.78,0.733,0.709,0.725,0.721,0.721,0.7,0.8,0.906,0.907,0.2,0.865,0.865,0.2,0.874,0.865,-0.1,0.871,0.865,-0.2,0.851,0.865,-0.2,0.857,0.865,0
20110729_0742,-23.78,179.92,539.0,II.UOSS.00,24.945,56.204,129.096,1579.43,1598.208,1603.86,637.0,4.863,0.659,0.713,0.719,0.725,0.724,0.8,1.0,0.892,0.895,0.0,0.891,0.891,0.2,0.879,0.891,-0.5,0.853,0.891,0.0,0.868,0.891,0.2,0.873,0.891,1
20110729_0742,-23.78,179.92,539.0,IV.SERS.,39.036,16.689,159.153,1751.749,1801.04,1817.526,638.0,9.916,0.404,0.422,0.44,0.444,0.439,2.1,2.2,0.626,0.758,2.2,0.636,0.636,1.9,0.627,0.636,1.6,0.618,0.636,1.4,0.62,0.636,1.6,0.615,0.636,0
20110729_0742,-23.78,179.92,539.0,AF.EKNA.,4.234,9.328,158.45,1748.051,1796.477,1812.635,639.0,2.863,0.202,0.22,0.217,0.246,0.234,2.1,2.5,0.841,0.833,2.3,0.581,0.581,2.3,0.563,0.581,2.3,0.572,0.581,2.0,0.594,0.581,2.1,0.573,0.581,0
20110729_0742,-23.78,179.92,539.0,GR.HAM3.,53.568,9.974,149.263,1698.286,1736.047,1748.222,640.0,6.903,0.479,0.405,0.381,0.372,0.383,-1.3,-1.0,0.636,0.564,-1.5,0.624,0.624,-1.7,0.641,0.624,-2.1,0.628,0.624,-2.3,0.635,0.624,-2.2,0.636,0.624,0
20110729_0742,-23.78,179.92,539.0,RO.BURAR.,47.644,25.2,148.811,1695.766,1733.033,1745.029,641.0,5.183,0.735,0.712,0.7,0.701,0.702,0.9,-2.7,0.653,-0.863,0.6,0.803,0.803,0.1,0.778,0.803,-0.2,0.788,0.803,-0.4,0.788,0.803,-0.3,0.781,0.803,0
20110729_0742,-23.78,179.92,539.0,CH.SLE.,47.764,8.492,155.065,1730.022,1774.381,1789.008,642.0,2.917,0.573,0.608,0.639,0.648,0.642,0.9,1.1,0.966,0.969,0.7,0.865,0.865,0.2,0.846,0.865,0.1,0.845,0.865,-0.1,0.847,0.865,-0.1,0.847,0.865,0
20110729_0742,-23.78,179.92,539.0,MN.CEL.,38.26,15.894,160.134,1756.879,1807.389,1824.337,643.0,3.419,0.406,0.436,0.453,0.454,0.449,1.1,1.2,0.889,0.895,0.8,0.918,0.918,0.7,0.903,0.918,0.3,0.89,0.918,0.2,0.881,0.918,0.4,0.889,0.918,0
20110729_0742,-23.78,179.92,539.0,IV.HVZN.,37.178,14.715,161.551,1764.239,1816.535,1834.164,644.0,8.491,0.657,0.684,0.718,0.718,0.706,1.0,1.1,0.96,0.959,0.9,0.944,0.944,0.8,0.956,0.944,0.4,0.955,0.944,0.2,0.952,0.944,0.5,0.953,0.944,1
20110729_0742,-23.78,179.92,539.0,XB.PS52.,37.004,-4.226,166.306,1788.468,1846.927,1866.952,645.0,0.419,0.034,0.032,0.036,0.04,0.036,-0.1,0.6,0.387,0.315,0.7,0.851,0.851,0.5,0.829,0.851,0.3,0.803,0.851,0.0,0.772,0.851,0.2,0.794,0.851,0
20110729_0742,-23.78,179.92,539.0,RO.ISR.,45.119,26.543,149.653,1700.454,1738.643,1750.974,646.0,2.428,0.402,0.469,0.508,0.507,0.495,1.8,-2.6,0.666,-0.861,1.4,0.628,0.628,0.8,0.636,0.628,0.4,0.653,0.628,0.3,0.653,0.628,0.4,0.644,0.628,0
20110729_0742,-23.78,179.92,539.0,MN.BLY.,44.749,17.184,154.755,1728.358,1772.354,1786.844,647.0,12.505,0.573,0.646,0.674,0.687,0.676,1.6,1.9,0.943,0.936,2.1,0.859,0.859,1.2,0.816,0.859,0.6,0.803,0.859,0.3,0.805,0.859,0.6,0.805,0.859,1
20110729_0742,-23.78,179.92,539.0,GE.VSU.,58.462,26.735,140.431,1647.865,1676.503,1685.461,648.0,3.664,0.721,0.722,0.737,0.737,0.739,1.0,0.8,0.866,0.826,0.5,0.928,0.928,0.7,0.942,0.928,0.3,0.945,0.928,0.3,0.937,0.928,0.3,0.941,0.928,0
20110729_0742,-23.78,179.92,539.0,IV.MTSN.,40.266,15.752,158.812,1749.958,1798.828,1815.155,649.0,4.973,0.528,0.554,0.572,0.567,0.572,2.3,2.3,0.7,0.743,2.1,0.774,0.774,1.8,0.767,0.774,1.6,0.758,0.774,1.4,0.746,0.774,1.6,0.757,0.774,0
20110729_0742,-23.78,179.92,539.0,2H.HITE.,13.101,40.317,140.37,1647.509,1676.089,1685.026,650.0,4.966,0.646,0.678,0.687,0.693,0.692,1.0,1.5,0.932,0.889,0.8,0.826,0.826,1.0,0.848,0.826,0.3,0.819,0.826,0.5,0.851,0.826,0.5,0.849,0.826,1
20110729_0742,-23.78,179.92,539.0,PL.KWP.,49.631,22.708,148.613,1694.658,1731.709,1743.627,651.0,2.694,0.492,0.581,0.623,0.622,0.612,1.1,-2.2,0.578,-0.325,0.5,0.705,0.705,0.1,0.712,0.705,-0.2,0.718,0.705,-0.3,0.725,0.705,-0.2,0.724,0.705,0
20110729_0742,-23.78,179.92,539.0,GE.SFJD.10,66.996,-50.621,126.758,1564.8,1581.801,1586.895,652.0,8.038,0.755,0.752,0.761,0.757,0.754,0.6,0.5,0.951,0.942,0.5,0.848,0.848,0.4,0.856,0.848,0.1,0.854,0.848,0.3,0.855,0.848,0.4,0.855,0.848,1
20110729_0742,-23.78,179.92,539.0,KO.KONT.,37.957,32.356,148.979,1696.702,1734.152,1746.214,653.0,3.184,0.407,0.387,0.424,0.43,0.417,1.1,1.3,0.696,0.703,0.7,0.961,0.961,0.5,0.94,0.961,-0.2,0.953,0.961,-0.1,0.958,0.961,0.1,0.952,0.961,0
20110729_0742,-23.78,179.92,539.0,KO.FETY.,36.635,29.083,151.866,1712.665,1753.324,1766.566,654.0,5.744,0.741,0.729,0.743,0.748,0.745,1.0,0.9,0.925,0.915,0.2,0.894,0.894,0.1,0.914,0.894,-0.2,0.906,0.894,-0.2,0.913,0.894,-0.1,0.915,0.894,1
20110729_0742,-23.78,179.92,539.0,PM.ROSA.,38.721,-28.247,151.841,1712.528,1753.16,1766.39,655.0,2.038,0.098,0.006,-0.009,-0.004,-0.001,6.2,-3.1,0.58,0.383,6.3,0.518,0.518,5.7,0.565,0.518,5.5,0.571,0.518,5.4,0.571,0.518,5.6,0.575,0.518,0
20110729_0742,-23.78,179.92,539.0,RO.SRE.,44.661,23.204,151.801,1712.31,1752.896,1766.11,656.0,4.588,0.408,0.499,0.542,0.542,0.532,2.7,2.6,0.786,0.828,2.0,0.786,0.786,1.4,0.864,0.786,1.0,0.889,0.786,0.9,0.897,0.786,1.0,0.887,0.786,0
20110729_0742,-23.78,179.92,539.0,HU.PSZ.,47.918,19.894,151.124,1708.59,1748.413,1761.345,657.0,5.977,0.623,0.6,0.606,0.604,0.6,1.3,1.9,0.886,0.814,1.0,0.794,0.794,0.5,0.876,0.794,0.2,0.89,0.794,0.0,0.891,0.794,0.2,0.887,0.794,0
20110729_0742,-23.78,179.92,539.0,IV.QLNO.,44.324,8.346,158.331,1747.425,1795.706,1811.809,658.0,6.773,0.487,0.541,0.564,0.579,0.574,1.5,1.4,0.886,0.899,1.3,0.847,0.847,1.2,0.884,0.847,1.0,0.874,0.847,0.7,0.856,0.847,0.8,0.865,0.847,0
20110729_0742,-23.78,179.92,539.0,KO.KULA.,38.514,28.661,151.51,1710.714,1750.972,1764.065,659.0,6.37,0.667,0.677,0.737,0.724,0.708,1.6,1.8,0.958,0.939,1.2,0.97,0.97,1.0,0.974,0.97,0.5,0.955,0.97,0.5,0.959,0.97,0.7,0.966,0.97,1
20110729_0742,-23.78,179.92,539.0,SI.MOSI.,46.616,10.55,155.62,1733.007,1778.022,1792.896,660.0,5.524,0.65,0.717,0.761,0.764,0.762,1.1,1.4,0.929,0.937,0.9,0.915,0.915,0.6,0.916,0.915,0.4,0.927,0.915,0.2,0.941,0.915,0.3,0.934,0.915,1
20110729_0742,-23.78,179.92,539.0,CH.DAVOX.,46.78,9.88,155.652,1733.176,1778.228,1793.116,661.0,9.783,0.652,0.661,0.716,0.733,0.72,1.9,1.7,0.918,0.918,1.5,0.934,0.934,1.3,0.934,0.934,1.0,0.948,0.934,0.9,0.96,0.934,0.9,0.953,0.934,1
20110729_0742,-23.78,179.92,539.0,SI.BOSI.,46.495,11.318,155.507,1732.398,1777.278,1792.101,662.0,0.384,0.043,0.05,0.053,0.055,0.055,1.2,2.1,0.58,0.803,2.0,0.857,0.857,1.6,0.861,0.857,1.4,0.866,0.857,1.1,0.876,0.857,1.2,0.869,0.857,0
20110729_0742,-23.78,179.92,539.0,IV.RMP.,41.812,12.705,159.063,1751.276,1800.456,1816.899,663.0,5.999,0.345,0.35,0.388,0.406,0.393,2.2,2.3,0.899,0.9,2.0,0.826,0.826,1.7,0.814,0.826,1.5,0.797,0.826,1.3,0.779,0.826,1.4,0.791,0.826,0
20110729_0742,-23.78,179.92,539.0,IV.CSNT.,43.473,11.29,158.199,1746.725,1794.844,1810.886,664.0,4.746,0.389,0.438,0.507,0.543,0.51,2.1,-1.1,0.902,-0.795,1.9,0.701,0.701,1.7,0.683,0.701,1.4,0.697,0.701,1.1,0.72,0.701,1.3,0.704,0.701,0
20110729_0742,-23.78,179.92,539.0,XB.PM04.,35.403,-5.153,167.574,1794.813,1854.96,1875.659,665.0,5.699,0.513,0.527,0.556,0.573,0.551,-0.2,0.6,0.805,0.733,0.4,0.78,0.78,-0.5,0.626,0.78,-0.8,0.662,0.78,-0.9,0.691,0.78,-0.8,0.649,0.78,0
20110729_0742,-23.78,179.92,539.0,IV.ATN.,38.159,15.465,160.45,1758.529,1809.435,1826.535,666.0,2.953,0.251,0.274,0.32,0.316,0.303,1.0,1.5,0.766,0.723,1.2,0.783,0.783,0.7,0.784,0.783,0.4,0.778,0.783,0.3,0.774,0.783,0.4,0.774,0.783,0
20110729_0742,-23.78,179.92,539.0,PM.PMOZ.,32.823,-17.197,162.46,1768.921,1822.379,1840.451,667.0,1.94,0.213,0.214,0.232,0.23,0.224,2.2,1.4,0.828,0.676,1.9,0.804,0.804,1.7,0.779,0.804,1.5,0.695,0.804,1.6,0.684,0.804,1.6,0.721,0.804,0
20110729_0742,-23.78,179.92,539.0,PR.ABVI.,18.73,-64.333,120.394,1524.075,1536.741,1540.498,668.0,1.512,0.035,0.033,0.01,0.018,0.03,2.6,2.9,0.714,0.475,10.0,0.488,0.488,8.4,0.624,0.488,8.7,0.617,0.488,8.6,0.601,0.488,8.4,0.613,0.488,0
20110729_0742,-23.78,179.92,539.0,IV.MPAZ.,37.953,16.007,160.272,1757.6,1808.283,1825.297,669.0,10.615,0.518,0.547,0.578,0.571,0.563,0.5,0.9,0.89,0.88,0.4,0.932,0.932,0.1,0.915,0.932,-0.2,0.918,0.932,-0.3,0.918,0.932,-0.1,0.919,0.932,0
20110729_0742,-23.78,179.92,539.0,GE.KERA.,35.369,23.558,156.492,1737.669,1783.723,1798.987,670.0,5.465,0.633,0.588,0.64,0.627,0.618,0.5,0.5,0.939,0.911,0.2,0.84,0.84,0.2,0.829,0.84,-0.4,0.858,0.84,-0.4,0.86,0.84,-0.2,0.848,0.84,0
20110729_0742,-23.78,179.92,539.0,IV.BSSO.,41.546,14.594,158.43,1747.947,1796.349,1812.498,671.0,2.206,0.315,0.39,0.428,0.444,0.423,2.9,2.7,0.71,0.703,2.5,0.846,0.846,2.2,0.847,0.846,1.9,0.863,0.846,1.8,0.875,0.846,2.0,0.866,0.846,0
20110729_0742,-23.78,179.92,539.0,AF.SEK.,-28.323,27.625,121.459,1530.979,1544.32,1548.282,672.0,3.071,-0.022,0.205,0.211,0.173,0.189,0.7,0.3,0.589,0.492,1.2,0.419,0.419,0.8,0.458,0.419,0.7,0.455,0.419,0.8,0.463,0.419,0.8,0.462,0.419,0
20110729_0742,-23.78,179.92,539.0,IV.PIEI.,43.536,12.535,157.688,1744.023,1791.519,1807.325,673.0,4.904,0.508,0.577,0.624,0.635,0.618,1.7,1.8,0.93,0.931,1.1,0.844,0.844,0.7,0.866,0.844,0.5,0.862,0.844,0.2,0.855,0.844,0.3,0.858,0.844,0
20110729_0742,-23.78,179.92,539.0,IV.POFI.,41.717,13.712,158.701,1749.374,1798.108,1814.383,674.0,5.834,0.495,0.531,0.587,0.61,0.579,2.2,2.4,0.965,0.959,2.1,0.931,0.931,1.9,0.933,0.931,1.5,0.928,0.931,1.3,0.925,0.931,1.5,0.926,0.931,0
20110729_0742,-23.78,179.92,539.0,PM.MTE.,40.4,-7.544,162.236,1767.767,1820.936,1838.899,675.0,3.995,0.462,0.493,0.521,0.54,0.519,1.1,1.4,0.923,0.882,1.4,0.979,0.979,1.2,0.984,0.979,0.9,0.985,0.979,0.7,0.981,0.979,0.9,0.984,0.979,0
20110729_0742,-23.78,179.92,539.0,FN.MSF.,65.911,29.04,133.979,1609.435,1632.191,1639.15,676.0,6.827,0.616,0.644,0.69,0.69,0.674,1.7,2.0,0.893,0.818,1.5,0.832,0.832,1.4,0.844,0.832,1.0,0.861,0.832,1.0,0.856,0.832,1.1,0.851,0.832,1
20110729_0742,-23.78,179.92,539.0,IV.DGI.,40.318,9.607,161.565,1764.309,1816.623,1834.259,677.0,4.874,0.537,0.601,0.624,0.633,0.623,0.8,1.6,0.91,0.835,1.2,0.821,0.821,0.9,0.864,0.821,0.7,0.877,0.821,0.5,0.887,0.821,0.6,0.88,0.821,1
20110729_0742,-23.78,179.92,539.0,KZ.BRVK.,53.058,70.283,120.471,1524.574,1537.287,1541.059,678.0,14.592,0.7,0.681,0.688,0.695,0.689,0.0,0.2,0.856,0.955,-0.1,0.826,0.826,-0.1,0.801,0.826,-0.4,0.802,0.826,-0.1,0.811,0.826,-0.1,0.808,0.826,1
20110729_0742,-23.78,179.92,539.0,IV.CORL.,37.894,13.304,161.842,1765.737,1818.403,1836.173,679.0,1.327,0.13,0.185,0.212,0.219,0.208,0.8,0.9,0.82,0.774,0.9,0.38,0.38,0.6,0.494,0.38,0.3,0.516,0.38,0.2,0.529,0.38,0.4,0.517,0.38,0
20110729_0742,-23.78,179.92,539.0,RD.PGT2.,42.548,8.999,159.781,1755.039,1805.109,1821.891,680.0,4.226,0.441,0.487,0.511,0.531,0.522,1.6,1.5,0.77,0.746,2.0,0.755,0.755,1.7,0.766,0.755,1.5,0.758,0.755,1.2,0.751,0.755,1.4,0.755,0.755,0
20110729_0742,-23.78,179.92,539.0,GR.GRC3.,48.889,11.584,153.262,1720.283,1762.54,1776.376,681.0,6.109,0.641,0.695,0.727,0.736,0.725,1.5,1.2,0.899,0.876,0.8,0.847,0.847,0.4,0.834,0.847,0.2,0.838,0.847,0.0,0.837,0.847,0.0,0.837,0.847,1
20110729_0742,-23.78,179.92,539.0,IV.CERA.,41.598,14.018,158.658,1749.144,1797.824,1814.079,682.0,6.318,0.475,0.535,0.537,0.53,0.537,-1.1,-1.2,0.61,0.674,-1.3,0.658,0.658,-1.6,0.643,0.658,-1.8,0.642,0.658,-2.1,0.647,0.658,-1.9,0.646,0.658,0
20110729_0742,-23.78,179.92,539.0,XB.PM03.,35.51,-5.771,167.276,1793.328,1853.077,1873.617,683.0,5.449,0.55,0.555,0.585,0.604,0.585,0.4,4.5,0.696,-0.874,-0.5,0.602,0.602,0.4,0.643,0.602,0.2,0.656,0.602,0.1,0.665,0.602,0.2,0.651,0.602,0
20110729_0742,-23.78,179.92,539.0,GR.BUG.,51.441,7.271,151.766,1712.115,1752.661,1765.861,684.0,10.47,0.825,0.825,0.854,0.86,0.858,0.9,1.0,0.994,0.995,0.6,0.948,0.948,0.6,0.932,0.948,0.4,0.94,0.948,0.2,0.944,0.948,0.2,0.941,0.948,1
20110729_0742,-23.78,179.92,539.0,IV.ACER.,40.787,15.943,158.334,1747.441,1795.725,1811.83,685.0,3.77,0.615,0.648,0.666,0.671,0.668,1.8,2.0,0.92,0.937,1.4,0.894,0.894,0.9,0.892,0.894,0.6,0.903,0.894,0.4,0.911,0.894,0.6,0.902,0.894,0
20110729_0742,-23.78,179.92,539.0,XB.PS40.,39.486,-4.845,163.785,1775.707,1830.87,1849.601,686.0,7.875,0.65,0.579,0.595,0.607,0.602,0.2,0.7,0.91,0.853,0.2,0.844,0.844,0.0,0.767,0.844,-0.2,0.774,0.844,-0.5,0.784,0.844,-0.4,0.779,0.844,0
20110729_0742,-23.78,179.92,539.0,IV.MRVN.,41.061,16.196,158.004,1745.694,1793.575,1809.527,687.0,7.964,0.569,0.622,0.668,0.669,0.659,1.8,1.8,0.928,0.934,1.4,0.867,0.867,1.1,0.879,0.867,0.8,0.868,0.867,0.6,0.856,0.867,0.8,0.865,0.867,1
20110729_0742,-23.78,179.92,539.0,FR.SMPL.01,42.095,9.285,160.101,1756.71,1807.179,1824.112,688.0,6.065,0.495,0.537,0.579,0.595,0.578,1.6,1.9,0.927,0.922,1.6,0.944,0.944,1.4,0.943,0.944,1.2,0.936,0.944,1.0,0.923,0.944,1.1,0.932,0.944,0
20110729_0742,-23.78,179.92,539.0,BA.PZUN.,40.646,15.807,158.508,1748.354,1796.85,1813.035,689.0,2.618,0.429,0.395,0.417,0.422,0.413,2.6,3.1,0.796,0.814,2.3,0.759,0.759,2.0,0.755,0.759,1.5,0.751,0.759,1.3,0.748,0.759,1.6,0.747,0.759,0
20110729_0742,-23.78,179.92,539.0,TH.TAUT.,50.982,11.711,151.312,1709.624,1749.659,1762.669,690.0,15.03,0.594,0.632,0.633,0.632,0.631,1.0,1.1,0.984,0.987,0.7,0.854,0.854,0.4,0.842,0.854,0.2,0.826,0.854,-0.1,0.821,0.854,0.1,0.831,0.854,1
20110729_0742,-23.78,179.92,539.0,KO.GADA.,40.191,25.899,152.701,1717.23,1758.842,1772.437,691.0,2.58,0.307,0.384,0.455,0.447,0.425,2.7,2.2,0.856,0.825,2.5,0.812,0.812,2.2,0.818,0.812,1.7,0.827,0.812,1.6,0.824,0.812,1.8,0.819,0.812,0
20110729_0742,-23.78,179.92,539.0,IV.FSSB.,43.693,12.777,157.461,1742.823,1790.045,1805.748,692.0,4.502,0.297,0.392,0.436,0.446,0.435,2.3,2.2,0.801,0.837,2.2,0.798,0.798,1.9,0.815,0.798,1.6,0.808,0.798,1.5,0.8,0.798,1.6,0.805,0.798,0
20110729_0742,-23.78,179.92,539.0,XB.PM12.,34.85,-4.608,168.251,1798.177,1859.232,1880.296,693.0,2.583,0.401,0.354,0.349,0.35,0.355,0.3,0.6,0.927,0.949,0.6,0.758,0.758,0.7,0.764,0.758,0.5,0.747,0.758,0.3,0.733,0.758,0.4,0.754,0.758,0
20110729_0742,-23.78,179.92,539.0,IV.MUCR.,38.043,14.874,160.868,1760.701,1812.133,1829.432,694.0,4.646,0.567,0.571,0.575,0.569,0.572,0.6,0.7,0.959,0.937,0.5,0.931,0.931,0.2,0.928,0.931,0.0,0.917,0.931,-0.2,0.907,0.931,0.0,0.915,0.931,0
20110729_0742,-23.78,179.92,539.0,6H.INCB.,-19.234,33.822,125.753,1558.46,1574.727,1579.592,695.0,2.377,0.36,0.394,0.4,0.389,0.387,1.9,2.0,0.586,0.62,1.2,0.638,0.638,1.0,0.635,0.638,0.9,0.639,0.638,1.0,0.648,0.638,1.0,0.643,0.638,0
20110729_0742,-23.78,179.92,539.0,NO.NAO01.00,60.844,10.887,142.169,1657.991,1688.328,1697.871,696.0,3.198,0.687,0.648,0.679,0.68,0.674,1.0,1.2,0.959,0.947,0.5,0.838,0.838,0.4,0.836,0.838,0.1,0.839,0.838,-0.1,0.827,0.838,0.0,0.828,0.838,0
20110729_0742,-23.78,179.92,539.0,IV.MMME.,37.935,15.254,160.725,1759.955,1811.206,1828.437,697.0,6.925,0.543,0.51,0.535,0.539,0.532,1.4,1.5,0.907,0.906,1.3,0.857,0.857,1.1,0.863,0.857,0.9,0.864,0.857,0.8,0.866,0.857,0.9,0.861,0.857,0
20110729_0742,-23.78,179.92,539.0,XB.PM17.,34.391,-5.295,168.456,1799.197,1860.529,1881.706,698.0,5.31,0.57,0.548,0.517,0.507,0.522,-0.6,-0.3,0.731,0.686,-0.3,0.842,0.842,-0.6,0.769,0.842,-0.8,0.746,0.842,-0.9,0.721,0.842,-0.8,0.741,0.842,0
20110729_0742,-23.78,179.92,539.0,GR.CLZ.,51.843,10.374,150.815,1706.884,1746.361,1759.165,699.0,4.071,0.735,0.764,0.746,0.733,0.744,0.5,0.8,0.949,0.911,-0.1,0.901,0.901,-0.2,0.923,0.901,-0.4,0.926,0.901,-0.7,0.925,0.901,-0.6,0.926,0.901,1
20110729_0742,-23.78,179.92,539.0,TH.LAWA.,51.569,10.787,150.982,1707.807,1747.471,1760.344,700.0,3.791,0.543,0.562,0.548,0.536,0.544,0.4,-3.7,0.795,-0.848,-0.2,0.797,0.797,-0.3,0.83,0.797,-0.5,0.828,0.797,-0.7,0.814,0.797,-0.6,0.822,0.797,0
20110729_0742,-23.78,179.92,539.0,IV.INTR.,42.012,13.905,158.38,1747.681,1796.021,1812.147,701.0,7.285,0.427,0.536,0.585,0.605,0.586,1.9,2.1,0.965,0.973,1.7,0.948,0.948,1.3,0.947,0.948,1.0,0.95,0.948,0.8,0.953,0.948,0.9,0.95,0.948,0
20110729_0742,-23.78,179.92,539.0,IV.PTRJ.,41.364,14.529,158.602,1748.852,1797.465,1813.694,702.0,0.867,0.087,0.157,0.148,0.14,0.146,-1.7,-1.8,0.644,0.612,-2.0,0.649,0.649,-2.3,0.63,0.649,-2.6,0.634,0.649,-2.8,0.648,0.649,-2.7,0.638,0.649,0
20110729_0742,-23.78,179.92,539.0,IV.MSRU.,38.264,15.508,160.354,1758.028,1808.814,1825.867,703.0,2.719,0.256,0.268,0.333,0.336,0.31,3.6,3.5,0.787,0.707,3.5,0.79,0.79,3.1,0.755,0.79,2.8,0.741,0.79,2.7,0.731,0.79,2.8,0.74,0.79,0
20110729_0742,-23.78,179.92,539.0,G.FDF.00,14.735,-61.146,122.054,1534.824,1548.55,1552.63,704.0,2.729,0.125,0.2,0.226,0.219,0.205,1.0,1.0,0.717,0.691,-4.1,0.602,0.602,-1.3,0.484,0.602,-0.9,0.497,0.602,-1.0,0.488,0.602,-1.2,0.48,0.602,0
20110729_0742,-23.78,179.92,539.0,CN.LMN.,45.854,-64.806,124.157,1548.312,1563.452,1567.967,705.0,4.036,0.519,0.315,0.327,0.333,0.324,0.0,0.2,0.602,0.63,-0.2,0.775,0.775,-0.6,0.803,0.775,-1.0,0.763,0.775,-0.7,0.783,0.775,-0.7,0.791,0.775,0
20110729_0742,-23.78,179.92,539.0,G.ECH.00,48.216,7.159,154.899,1729.131,1773.295,1787.849,706.0,5.684,0.659,0.728,0.737,0.734,0.735,0.8,1.0,0.959,0.921,0.7,0.828,0.828,0.0,0.823,0.828,-0.1,0.834,0.828,-0.3,0.84,0.828,-0.2,0.838,0.828,1
20110729_0742,-23.78,179.92,539.0,GR.GRA3.,49.761,11.317,152.534,1716.316,1757.736,1771.26,707.0,12.878,0.701,0.704,0.751,0.772,0.75,0.9,1.1,0.938,0.945,1.0,0.932,0.932,0.8,0.898,0.932,0.6,0.902,0.932,0.3,0.904,0.932,0.5,0.901,0.932,1
20110729_0742,-23.78,179.92,539.0,XB.PS04.,36.605,-5.323,166.404,1788.964,1847.554,1867.631,708.0,10.255,0.736,0.718,0.74,0.75,0.739,0.8,0.7,0.926,0.907,1.0,0.884,0.884,0.5,0.864,0.884,0.3,0.845,0.884,0.1,0.827,0.884,0.3,0.845,0.884,1
20110729_0742,-23.78,179.92,539.0,G.MBO.00,14.392,-16.955,161.52,1764.079,1816.336,1833.95,709.0,3.118,0.197,0.179,0.192,0.191,0.185,-2.0,-2.3,0.677,0.66,9.3,0.5,0.5,8.5,0.516,0.5,8.8,0.508,0.5,8.8,0.508,0.5,8.6,0.512,0.5,0
20110729_0742,-23.78,179.92,539.0,IV.SGG.,41.387,14.379,158.656,1749.133,1797.811,1814.065,710.0,5.868,0.467,0.508,0.529,0.525,0.521,0.1,-4.3,0.583,-0.802,-0.6,0.564,0.564,-0.8,0.56,0.564,-1.2,0.556,0.564,-1.3,0.56,0.564,-1.2,0.559,0.564,0
20110729_0742,-23.78,179.92,539.0,GB.ESK.,55.317,-3.205,148.379,1693.35,1730.148,1741.974,711.0,5.972,0.703,0.702,0.706,0.709,0.71,0.4,0.4,0.916,0.94,-0.1,0.821,0.821,-0.1,0.832,0.821,-0.5,0.83,0.821,-0.7,0.832,0.821,-0.5,0.831,0.821,1
20110729_0742,-23.78,179.92,539.0,XB.PS17.,37.293,-5.392,165.74,1785.624,1843.337,1863.066,712.0,6.602,0.589,0.605,0.6,0.591,0.598,0.5,0.6,0.838,0.879,0.6,0.78,0.78,0.3,0.851,0.78,0.2,0.864,0.78,0.0,0.879,0.78,0.1,0.866,0.78,1
20110729_0742,-23.78,179.92,539.0,KO.AGRB.,39.576,42.992,140.547,1648.547,1677.297,1686.293,713.0,3.757,0.66,0.666,0.619,0.637,0.652,-0.8,-0.2,0.865,0.779,-1.4,0.764,0.764,-1.6,0.779,0.764,-2.1,0.791,0.764,-2.0,0.79,0.764,-1.8,0.785,0.764,0
20110729_0742,-23.78,179.92,539.0,SX.FBE.,50.921,13.354,150.939,1707.568,1747.184,1760.039,714.0,9.366,0.611,0.661,0.676,0.678,0.675,1.1,1.0,0.976,0.962,0.6,0.754,0.754,0.3,0.704,0.754,0.1,0.691,0.754,-0.2,0.707,0.754,-0.1,0.71,0.754,0
20110729_0742,-23.78,179.92,539.0,IV.CELB.,42.747,10.211,159.212,1752.056,1801.419,1817.933,715.0,6.324,0.646,0.639,0.655,0.664,0.656,0.9,1.0,0.939,0.928,0.8,0.872,0.872,0.8,0.88,0.872,0.6,0.871,0.872,0.3,0.857,0.872,0.4,0.864,0.872,1
20110729_0742,-23.78,179.92,539.0,RO.CFR.,45.178,28.136,148.695,1695.12,1732.261,1744.211,716.0,7.712,0.495,0.634,0.727,0.725,0.706,2.3,2.4,0.93,0.935,2.1,0.957,0.957,1.6,0.957,0.957,1.1,0.96,0.957,1.1,0.958,0.957,1.2,0.957,0.957,1
20110729_0742,-23.78,179.92,539.0,II.MBAR.10,-0.602,30.738,141.408,1653.572,1683.159,1692.443,717.0,2.536,0.619,0.633,0.64,0.645,0.64,1.0,-3.3,0.822,-0.739,0.1,0.862,0.862,0.3,0.845,0.862,0.0,0.848,0.862,-0.2,0.862,0.862,0.1,0.853,0.862,0
20110729_0742,-23.78,179.92,539.0,IV.TRTR.,42.808,13.914,157.734,1744.268,1791.82,1807.648,718.0,10.112,0.444,0.455,0.481,0.5,0.49,1.9,1.9,0.906,0.922,1.4,0.933,0.933,1.0,0.945,0.933,0.8,0.951,0.933,0.6,0.954,0.933,0.7,0.949,0.933,0
20110729_0742,-23.78,179.92,539.0,KO.IKL.,36.237,33.685,148.426,1693.614,1730.462,1742.307,719.0,4.591,0.644,0.626,0.674,0.671,0.657,1.2,1.2,0.962,0.958,0.9,0.981,0.981,0.8,0.978,0.981,0.3,0.981,0.981,0.3,0.982,0.981,0.5,0.98,0.981,1
20110729_0742,-23.78,179.92,539.0,GR.IGAD.,53.258,8.69,149.785,1701.19,1739.525,1751.909,720.0,1.824,0.285,0.321,0.316,0.31,0.313,2.0,5.1,0.734,-0.819,8.2,0.523,0.523,8.1,0.586,0.523,7.9,0.591,0.523,7.7,0.586,0.523,7.7,0.59,0.523,0
20110729_0742,-23.78,179.92,539.0,NA.SABA.,17.621,-63.243,121.052,1528.34,1541.421,1545.303,721.0,1.756,0.241,0.272,0.282,0.279,0.277,1.1,1.1,0.842,0.811,3.6,0.408,0.408,6.8,0.599,0.408,-5.1,0.585,0.408,7.0,0.553,0.408,6.9,0.583,0.408,0
20110729_0742,-23.78,179.92,539.0,XB.PM09.,35.027,-5.115,167.933,1796.6,1857.227,1878.12,722.0,3.887,0.447,0.49,0.478,0.461,0.48,0.0,-4.2,0.68,-0.839,-0.8,0.694,0.694,-0.8,0.895,0.694,-0.9,0.886,0.694,-1.1,0.875,0.694,-0.9,0.885,0.694,0
20110729_0742,-23.78,179.92,539.0,GE.DAG.,76.771,-18.655,126.23,1561.472,1578.085,1583.057,723.0,8.709,0.744,0.723,0.735,0.733,0.729,0.6,0.8,0.943,0.943,0.5,0.858,0.858,0.4,0.861,0.858,0.1,0.856,0.858,0.3,0.855,0.858,0.3,0.857,0.858,1
20110729_0742,-23.78,179.92,539.0,NL.WIT.,52.813,6.669,150.517,1705.241,1744.387,1757.069,724.0,1.54,0.418,0.458,0.46,0.462,0.462,1.2,1.5,0.888,0.884,0.8,0.904,0.904,0.7,0.941,0.904,0.5,0.934,0.904,0.3,0.924,0.904,0.4,0.932,0.904,0
20110729_0742,-23.78,179.92,539.0,GE.KBS.00,78.915,11.939,124.596,1551.112,1566.556,1571.166,725.0,4.777,0.71,0.679,0.661,0.668,0.671,-0.2,0.1,0.877,0.921,-0.3,0.866,0.866,-0.6,0.863,0.866,-0.8,0.855,0.866,-0.7,0.858,0.866,-0.7,0.859,0.866,1
20110729_0742,-23.78,179.92,539.0,IU.TSUM.10,-19.202,17.584,133.695,1607.71,1630.224,1637.102,726.0,1.337,0.216,0.134,0.128,0.111,0.123,-8.3,-2.1,0.583,0.621,6.3,0.423,0.423,-10.3,0.525,0.423,-10.3,0.527,0.423,-10.4,0.548,0.423,-10.4,0.543,0.423,0
20110729_0742,-23.78,179.92,539.0,2H.DALE.,14.229,40.218,140.863,1650.395,1679.451,1688.552,727.0,4.966,0.702,0.768,0.785,0.786,0.784,0.6,0.5,0.828,0.842,0.1,0.936,0.936,0.3,0.914,0.936,-0.4,0.932,0.936,0.0,0.913,0.936,0.0,0.914,0.936,1
20110729_0742,-23.78,179.92,539.0,XB.PM31A.,32.719,-4.739,170.168,1807.625,1871.285,1893.407,728.0,3.451,0.58,0.616,0.626,0.629,0.625,0.9,0.9,0.886,0.885,1.1,0.74,0.74,0.6,0.684,0.74,0.4,0.712,0.74,0.2,0.742,0.74,0.4,0.706,0.74,0
20110729_0742,-23.78,179.92,539.0,CH.BRANT.,46.938,6.473,156.254,1736.399,1782.168,1797.326,729.0,11.608,0.717,0.71,0.754,0.774,0.762,1.4,1.5,0.964,0.9,1.0,0.869,0.869,1.0,0.857,0.869,0.7,0.862,0.869,0.5,0.871,0.869,0.5,0.864,0.869,1
20110729_0742,-23.78,179.92,539.0,KO.KRTS.,36.573,35.375,147.024,1685.742,1721.086,1732.389,730.0,0.939,0.141,0.169,0.21,0.208,0.198,1.5,-2.3,0.884,-0.365,1.2,0.673,0.673,-6.8,0.652,0.673,0.5,0.678,0.673,0.5,0.678,0.673,0.7,0.664,0.673,0
20110729_0742,-23.78,179.92,539.0,XB.PM20.,33.906,-5.033,168.988,1801.825,1863.876,1885.343,731.0,8.575,0.676,0.606,0.608,0.615,0.609,0.2,0.5,0.89,0.863,0.0,0.853,0.853,-0.4,0.837,0.853,-0.7,0.857,0.853,-0.8,0.875,0.853,-0.7,0.857,0.853,1
20110729_0742,-23.78,179.92,539.0,NR.NE05.,52.087,5.171,151.409,1710.155,1750.298,1763.349,732.0,7.234,0.681,0.702,0.719,0.717,0.719,0.9,1.2,0.951,0.932,0.2,0.897,0.897,0.1,0.917,0.897,-0.1,0.922,0.897,-0.3,0.927,0.897,-0.2,0.926,0.897,1
20110729_0742,-23.78,179.92,539.0,GB.FOEL.,52.889,-3.2,150.794,1706.772,1746.226,1759.022,733.0,4.235,0.746,0.766,0.754,0.753,0.759,0.9,0.1,0.808,0.703,0.0,0.807,0.807,-0.3,0.791,0.807,-0.5,0.813,0.807,-0.7,0.818,0.807,-0.6,0.808,0.807,0
20110729_0742,-23.78,179.92,539.0,DK.NEEM.01,77.445,-51.074,121.251,1529.633,1542.84,1546.761,734.0,9.926,0.601,0.515,0.491,0.51,0.515,-0.3,0.0,0.899,0.888,-0.9,0.613,0.613,-0.7,0.521,0.613,-1.2,0.542,0.613,-1.0,0.523,0.613,-0.8,0.521,0.613,0
20110729_0742,-23.78,179.92,539.0,IV.MABI.,46.055,10.514,156.142,1735.799,1781.435,1796.541,735.0,6.522,0.545,0.61,0.654,0.664,0.66,2.1,2.1,0.951,0.974,1.6,0.914,0.914,1.4,0.914,0.914,1.2,0.913,0.914,1.1,0.913,0.914,1.1,0.913,0.914,1
20110729_0742,-23.78,179.92,539.0,GE.SLIT.,57.629,22.291,142.527,1660.066,1690.759,1700.426,736.0,5.2,0.728,0.724,0.776,0.792,0.77,1.7,1.8,0.968,0.973,1.3,0.982,0.982,1.2,0.986,0.982,0.9,0.982,0.982,0.7,0.982,0.982,0.9,0.983,0.982,1
20110729_0742,-23.78,179.92,539.0,5H.TIOE.,14.665,40.867,140.422,1647.817,1676.447,1685.401,737.0,3.426,0.687,0.675,0.653,0.67,0.673,1.1,0.8,0.868,0.832,0.2,0.889,0.889,0.5,0.885,0.889,-0.2,0.849,0.889,0.1,0.873,0.889,0.2,0.873,0.889,0
20110729_0742,-23.78,179.92,539.0,IV.FNVD.,44.168,11.123,157.646,1743.8,1791.244,1807.032,738.0,5.542,0.456,0.529,0.555,0.574,0.57,2.1,2.2,0.932,0.933,1.7,0.944,0.944,1.3,0.954,0.944,1.1,0.96,0.944,0.9,0.963,0.944,0.9,0.96,0.944,0
20110729_0742,-23.78,179.92,539.0,KO.KARS.,40.615,43.094,140.272,1646.937,1675.422,1684.327,739.0,2.645,0.581,0.589,0.565,0.578,0.583,1.1,1.3,0.937,0.932,0.4,0.843,0.843,0.3,0.836,0.843,-0.2,0.826,0.843,-0.1,0.827,0.843,0.0,0.829,0.843,0
20110729_0742,-23.78,179.92,539.0,IV.MSAG.,41.712,15.91,157.667,1743.916,1791.387,1807.185,740.0,4.761,0.436,0.518,0.56,0.569,0.557,2.6,2.8,0.947,0.962,2.5,0.863,0.863,2.0,0.859,0.863,1.7,0.844,0.863,1.6,0.83,0.863,1.7,0.839,0.863,0
20110729_0742,-23.78,179.92,539.0,ES.ESBB.,39.674,-3.963,163.771,1775.633,1830.777,1849.502,741.0,6.009,0.716,0.67,0.688,0.691,0.686,0.1,0.5,0.875,0.8,0.1,0.905,0.905,-0.2,0.839,0.905,-0.4,0.85,0.905,-0.5,0.854,0.905,-0.5,0.846,0.905,1
20110729_0742,-23.78,179.92,539.0,XB.PS01.,36.08,-5.624,166.802,1790.957,1850.074,1870.361,742.0,9.323,0.634,0.579,0.621,0.645,0.617,0.5,0.5,0.931,0.895,0.2,0.933,0.933,1.0,0.669,0.933,0.6,0.637,0.933,0.1,0.614,0.933,0.6,0.616,0.933,0
20110729_0742,-23.78,179.92,539.0,NR.NE019.,51.067,4.283,152.505,1716.16,1757.548,1771.059,743.0,7.99,0.695,0.684,0.676,0.674,0.677,1.0,1.0,0.884,0.922,1.0,0.924,0.924,0.1,0.85,0.924,-0.1,0.852,0.924,-0.2,0.86,0.924,-0.2,0.858,0.924,1
20110729_0742,-23.78,179.92,539.0,IV.PTQR.,42.022,13.401,158.593,1748.806,1797.408,1813.632,744.0,3.754,0.387,0.456,0.508,0.511,0.5,2.3,2.6,0.887,0.889,2.1,0.924,0.924,1.8,0.919,0.924,1.5,0.911,0.924,1.4,0.903,0.924,1.5,0.907,0.924,0
20110729_0742,-23.78,179.92,539.0,XB.PS06.,36.731,-5.514,166.231,1788.094,1846.455,1866.441,745.0,0.394,0.01,0.001,0.003,0.005,0.003,-9.7,4.5,0.407,-0.541,0.9,0.607,0.607,1.2,0.437,0.607,-9.1,0.429,0.607,-9.2,0.437,0.607,-9.1,0.428,0.607,0
20110729_0742,-23.78,179.92,539.0,CN.DRLN.,49.256,-57.503,128.835,1577.805,1596.381,1601.97,746.0,2.349,0.549,0.64,0.634,0.649,0.651,0.4,0.5,0.922,0.942,0.1,0.937,0.937,-0.3,0.932,0.937,-0.8,0.923,0.937,-0.6,0.929,0.937,-0.4,0.932,0.937,0
20110729_0742,-23.78,179.92,539.0,IV.LNSS.,42.603,13.04,158.27,1747.1,1795.305,1811.38,747.0,2.251,0.209,0.205,0.187,0.167,0.185,7.9,-0.8,0.459,0.406,-1.0,0.799,0.799,-1.3,0.814,0.799,-1.6,0.814,0.799,-1.8,0.816,0.799,-1.6,0.813,0.799,0
20110729_0742,-23.78,179.92,539.0,CZ.KHC.,49.131,13.578,152.47,1715.969,1757.317,1770.813,748.0,9.323,0.609,0.672,0.726,0.74,0.723,1.2,1.2,0.955,0.945,1.1,0.922,0.922,0.8,0.909,0.922,0.5,0.918,0.922,0.3,0.92,0.922,0.4,0.917,0.922,1
20110729_0742,-23.78,179.92,539.0,XB.PM35.,31.046,-3.996,171.947,1816.296,1882.409,1905.537,749.0,12.26,0.623,0.718,0.716,0.718,0.716,-0.8,-0.6,0.958,0.946,-1.0,0.901,0.901,-0.8,0.882,0.901,-1.0,0.862,0.901,-1.0,0.845,0.901,-1.0,0.858,0.901,1
20110729_0742,-23.78,179.92,539.0,AF.NBI.,-1.274,36.804,136.286,1623.332,1648.109,1655.755,750.0,2.712,0.691,0.67,0.671,0.67,0.672,-0.7,-1.0,0.649,0.571,-0.3,0.715,0.715,-0.1,0.702,0.715,-0.4,0.679,0.715,-0.3,0.674,0.715,-0.1,0.687,0.715,0
20110729_0742,-23.78,179.92,539.0,GE.KMBO.10,-1.127,37.252,136.017,1621.721,1646.258,1653.821,751.0,2.791,0.429,0.454,0.442,0.436,0.441,-0.3,-0.5,0.83,0.826,-1.0,0.749,0.749,-0.8,0.777,0.749,-1.1,0.768,0.749,-1.2,0.765,0.749,-1.1,0.768,0.749,0
20110729_0742,-23.78,179.92,539.0,IV.ROM9.,41.828,12.516,159.129,1751.622,1800.883,1817.358,752.0,2.801,0.191,0.239,0.258,0.273,0.259,2.2,2.3,0.862,0.954,1.8,0.927,0.927,1.7,0.922,0.927,1.4,0.917,0.927,1.1,0.909,0.927,1.4,0.915,0.927,0
20110729_0742,-23.78,179.92,539.0,II.SUR.00,-32.38,20.812,120.403,1524.128,1536.799,1540.557,753.0,1.827,0.191,0.104,0.114,0.141,0.134,-1.6,-1.2,0.437,0.346,4.0,0.629,0.629,4.4,0.484,0.629,4.5,0.478,0.629,4.3,0.479,0.629,4.3,0.48,0.629,0
20110729_0742,-23.78,179.92,539.0,TH.SCHD.,50.535,11.212,151.846,1712.553,1753.19,1766.423,754.0,6.365,0.809,0.81,0.819,0.816,0.816,0.6,0.8,0.94,0.958,0.2,0.884,0.884,0.1,0.914,0.884,-0.2,0.922,0.884,-0.5,0.927,0.884,-0.3,0.921,0.884,1
20110729_0742,-23.78,179.92,539.0,5H.EITE.,15.236,38.778,142.515,1659.997,1690.678,1700.341,755.0,1.215,0.353,0.419,0.446,0.436,0.435,1.1,1.2,0.923,0.932,0.7,0.977,0.977,0.6,0.953,0.977,-0.1,0.947,0.977,0.1,0.948,0.977,0.1,0.949,0.977,0
20110729_0742,-23.78,179.92,539.0,GE.CSS.,34.961,33.331,148.991,1696.768,1734.23,1746.297,756.0,7.029,0.524,0.494,0.506,0.507,0.505,0.6,0.5,0.786,0.771,-0.1,0.966,0.966,-0.2,0.967,0.966,-0.9,0.943,0.966,-0.8,0.946,0.966,-0.5,0.955,0.966,0
20110729_0742,-23.78,179.92,539.0,IV.ARCI.,42.852,11.475,158.672,1749.218,1797.916,1814.177,757.0,3.959,0.244,0.294,0.315,0.326,0.319,3.2,2.7,0.793,0.812,2.9,0.69,0.69,2.7,0.705,0.69,2.5,0.705,0.69,2.3,0.699,0.69,2.4,0.703,0.69,0
20110729_0742,-23.78,179.92,539.0,2H.BIME.,12.842,40.984,139.67,1643.402,1671.313,1680.02,758.0,0.35,-0.006,-0.028,-0.024,-0.025,-0.026,3.9,-4.6,0.726,-0.73,7.1,0.203,0.203,7.5,0.165,0.203,6.8,0.191,0.203,7.0,0.18,0.203,7.1,0.179,0.203,0
20110729_0742,-23.78,179.92,539.0,GR.GRC4.,49.086,11.525,153.099,1719.395,1761.464,1775.229,759.0,17.688,0.564,0.665,0.702,0.703,0.697,0.8,1.0,0.966,0.962,0.6,0.855,0.855,0.1,0.813,0.855,-0.2,0.815,0.855,-0.3,0.819,0.855,-0.3,0.816,0.855,1
20110729_0742,-23.78,179.92,539.0,HE.HEF.,68.406,23.664,133.094,1604.053,1626.058,1632.766,760.0,9.588,0.731,0.739,0.748,0.746,0.745,1.2,1.4,0.935,0.929,0.7,0.861,0.861,0.6,0.866,0.861,0.2,0.877,0.861,0.2,0.878,0.861,0.3,0.873,0.861,1
20110729_0742,-23.78,179.92,539.0,IV.CESI.,43.005,12.905,157.991,1745.625,1793.49,1809.436,761.0,6.999,0.603,0.605,0.62,0.621,0.627,2.0,2.0,0.761,0.781,1.7,0.788,0.788,1.4,0.774,0.788,1.2,0.762,0.788,1.0,0.742,0.788,1.1,0.754,0.788,0
20110729_0742,-23.78,179.92,539.0,AF.LBB.,-11.631,27.485,135.502,1618.627,1642.705,1650.113,762.0,1.175,0.229,0.263,0.259,0.249,0.257,-0.5,-0.4,0.839,0.8,-1.8,0.642,0.642,-1.7,0.63,0.642,-1.9,0.647,0.642,-2.1,0.671,0.642,-1.9,0.651,0.642,0
20110729_0742,-23.78,179.92,539.0,XB.PS61.,37.289,-3.069,166.251,1788.192,1846.578,1866.574,763.0,10.022,0.433,0.405,0.431,0.443,0.43,0.5,4.0,0.687,-0.566,0.2,0.493,0.493,0.7,0.549,0.493,0.5,0.513,0.493,0.3,0.466,0.493,0.5,0.499,0.493,0
20110729_0742,-23.78,179.92,539.0,KO.LAP.,40.37,26.759,152.039,1713.612,1754.468,1767.783,764.0,2.993,0.21,0.244,0.281,0.272,0.267,1.9,-2.2,0.518,-0.703,1.4,0.677,0.677,1.1,0.644,0.677,0.7,0.597,0.677,0.7,0.592,0.677,0.8,0.614,0.677,0
20110729_0742,-23.78,179.92,539.0,GU.LSD.,45.459,7.134,157.546,1743.27,1790.593,1806.335,765.0,11.366,0.64,0.674,0.716,0.737,0.722,1.6,1.7,0.916,0.959,1.3,0.968,0.968,1.1,0.986,0.968,0.8,0.988,0.968,0.5,0.985,0.968,0.7,0.986,0.968,1
20110729_0742,-23.78,179.92,539.0,SI.ABSI.,46.729,11.321,155.296,1731.266,1775.898,1790.627,766.0,8.336,0.551,0.597,0.652,0.663,0.653,1.8,1.8,0.913,0.907,1.6,0.883,0.883,1.2,0.886,0.883,0.9,0.887,0.883,0.7,0.887,0.883,0.8,0.889,0.883,0
20110729_0742,-23.78,179.92,539.0,RO.IAS.,47.193,27.553,147.858,1690.433,1726.67,1738.293,767.0,6.921,0.498,0.523,0.533,0.535,0.532,1.0,4.4,0.607,-0.249,0.7,0.596,0.596,0.5,0.587,0.596,0.2,0.581,0.596,0.1,0.582,0.596,0.2,0.585,0.596,0
20110729_0742,-23.78,179.92,539.0,XB.PS57.,37.012,-2.986,166.535,1789.621,1848.384,1868.53,768.0,4.748,0.571,0.563,0.579,0.592,0.584,1.4,-2.5,0.818,-0.577,1.9,0.796,0.796,1.9,0.659,0.796,1.8,0.643,0.796,1.7,0.628,0.796,1.8,0.644,0.796,0
20110729_0742,-23.78,179.92,539.0,IV.PLMA.,44.05,9.854,158.158,1746.508,1794.577,1810.6,769.0,6.217,0.358,0.411,0.46,0.487,0.464,1.5,1.7,0.967,0.953,1.3,0.721,0.721,1.3,0.752,0.721,1.0,0.739,0.721,0.6,0.734,0.721,0.8,0.735,0.721,0
20110729_0742,-23.78,179.92,539.0,AF.POGA.,-27.346,31.707,120.377,1523.964,1536.62,1540.374,770.0,2.084,0.118,0.186,0.182,0.168,0.171,6.7,0.8,0.709,0.418,0.8,0.581,0.581,6.6,0.535,0.581,6.6,0.535,0.581,0.6,0.55,0.581,0.6,0.533,0.581,0
20110729_0742,-23.78,179.92,539.0,MN.AQU.,42.354,13.405,158.321,1747.371,1795.64,1811.738,771.0,5.356,0.396,0.484,0.529,0.552,0.537,2.5,2.6,0.932,0.945,2.3,0.941,0.941,1.9,0.954,0.941,1.6,0.955,0.941,1.4,0.955,0.941,1.5,0.956,0.941,0
20110729_0742,-23.78,179.92,539.0,GU.FINB.,44.178,8.325,158.473,1748.174,1796.629,1812.798,772.0,7.841,0.668,0.701,0.733,0.76,0.738,1.5,1.6,0.991,0.991,1.3,0.939,0.939,1.2,0.948,0.939,1.0,0.941,0.939,0.7,0.931,0.939,0.9,0.936,0.939,1
20110729_0742,-23.78,179.92,539.0,CU.BBGH.00,13.143,-59.559,122.974,1540.741,1555.075,1559.342,773.0,2.611,0.057,-0.023,-0.025,-0.023,-0.022,4.2,4.1,0.539,0.503,-1.4,0.806,0.806,-0.8,0.59,0.806,-1.1,0.793,0.806,-0.8,0.743,0.806,-0.7,0.618,0.806,0
20110729_0742,-23.78,179.92,539.0,GE.RGN.,54.548,13.321,147.65,1689.263,1725.276,1736.819,774.0,7.243,0.688,0.723,0.751,0.757,0.75,1.0,1.0,0.942,0.94,0.7,0.935,0.935,0.6,0.94,0.935,0.4,0.947,0.935,0.2,0.945,0.935,0.3,0.944,0.935,1
20110729_0742,-23.78,179.92,539.0,KO.KLYT.,41.253,29.042,150.099,1702.928,1741.609,1754.121,775.0,6.023,0.226,0.277,0.344,0.338,0.317,2.2,2.3,0.832,0.91,1.5,0.846,0.846,1.1,0.838,0.846,0.7,0.834,0.846,0.6,0.831,0.846,0.8,0.83,0.846,0
20110729_0742,-23.78,179.92,539.0,CN.SCHQ.,54.832,-66.833,122.524,1537.852,1551.886,1556.061,776.0,7.511,0.676,0.673,0.676,0.677,0.675,0.4,0.5,0.917,0.968,0.5,0.875,0.875,0.0,0.886,0.875,-0.2,0.883,0.875,-0.1,0.89,0.875,0.0,0.888,0.875,1
20110729_0742,-23.78,179.92,539.0,GE.HLG.,54.183,7.883,149.017,1696.917,1734.409,1746.487,777.0,10.329,0.699,0.635,0.61,0.599,0.603,-0.2,0.1,0.91,0.881,-0.6,0.814,0.814,-0.9,0.823,0.814,-1.4,0.816,0.814,-1.6,0.808,0.814,-1.5,0.811,0.814,1
20110729_0742,-23.78,179.92,539.0,XB.PM02.,35.61,-5.347,167.322,1793.556,1853.366,1873.93,778.0,3.018,0.47,0.479,0.523,0.545,0.518,0.5,0.5,0.596,0.606,0.1,0.669,0.669,0.7,0.579,0.669,0.2,0.575,0.669,-0.1,0.599,0.669,0.2,0.567,0.669,0
20110729_0742,-23.78,179.92,539.0,IV.CING.,43.376,13.195,157.564,1743.369,1790.716,1806.466,779.0,8.406,0.372,0.472,0.524,0.536,0.523,2.1,2.1,0.95,0.969,1.6,0.923,0.923,1.3,0.94,0.923,1.0,0.951,0.923,0.9,0.956,0.923,1.0,0.951,0.923,0
20110729_0742,-23.78,179.92,539.0,IU.KIEV.00,50.701,29.224,144.831,1673.307,1706.344,1716.83,780.0,14.11,0.595,0.59,0.633,0.623,0.617,0.6,0.8,0.824,0.821,0.0,0.955,0.955,0.0,0.96,0.955,-0.3,0.941,0.955,-0.6,0.93,0.955,-0.3,0.942,0.955,0
20110729_0742,-23.78,179.92,539.0,KO.SILT.,41.153,29.643,149.738,1700.925,1739.207,1751.572,781.0,6.419,0.62,0.687,0.768,0.758,0.735,2.1,2.3,0.964,0.962,1.4,0.956,0.956,1.0,0.938,0.956,0.6,0.919,0.956,0.5,0.924,0.956,0.7,0.93,0.956,1
20110729_0742,-23.78,179.92,539.0,IV.FAGN.,42.266,13.584,158.316,1747.345,1795.607,1811.703,782.0,5.114,0.398,0.476,0.545,0.54,0.53,3.3,2.8,0.856,0.784,2.8,0.804,0.804,2.4,0.831,0.804,2.1,0.827,0.804,2.0,0.819,0.804,2.1,0.824,0.804,0
20110729_0742,-23.78,179.92,539.0,DK.SCO.,70.486,-21.95,131.586,1594.828,1615.585,1621.88,783.0,3.733,0.66,0.652,0.659,0.656,0.653,0.7,1.2,0.68,0.668,0.3,0.922,0.922,0.3,0.923,0.922,-0.1,0.924,0.922,-0.1,0.923,0.922,0.1,0.923,0.922,0
20110729_0742,-23.78,179.92,539.0,KO.DARE.,38.571,37.483,144.938,1673.917,1707.064,1717.59,784.0,7.959,0.806,0.814,0.811,0.81,0.814,0.3,0.6,0.967,0.951,-0.1,0.909,0.909,-0.1,0.901,0.909,-0.8,0.895,0.909,-0.6,0.881,0.909,-0.4,0.886,0.909,1
20110729_0742,-23.78,179.92,539.0,IU.MACI.,28.25,-16.508,164.59,1779.803,1836.011,1855.148,785.0,0.442,-0.153,-0.102,-0.072,-0.083,-0.092,6.8,-3.3,0.564,0.343,6.3,0.748,0.748,5.7,0.834,0.748,5.6,0.828,0.748,5.6,0.83,0.748,5.6,0.831,0.748,0
20110729_0742,-23.78,179.92,539.0,IV.ROVR.,45.647,11.072,156.344,1736.879,1782.756,1797.953,786.0,4.703,0.526,0.604,0.659,0.681,0.662,1.6,1.6,0.898,0.897,1.2,0.847,0.847,1.0,0.867,0.847,0.7,0.88,0.847,0.4,0.893,0.847,0.6,0.883,0.847,1
20110729_0742,-23.78,179.92,539.0,XB.PM30.,31.863,-4.272,171.109,1812.225,1877.18,1899.833,787.0,10.409,0.418,0.499,0.544,0.574,0.538,0.7,1.0,0.784,0.775,1.4,0.366,0.366,-1.4,0.661,0.366,-1.4,0.692,0.366,-1.4,0.721,0.366,-1.5,0.702,0.366,0
20110729_0742,-23.78,179.92,539.0,AF.ZOMB.,-15.383,35.35,127.732,1570.914,1588.645,1593.966,788.0,1.298,0.069,0.082,0.081,0.08,0.079,7.2,-1.9,0.41,-0.576,-6.2,0.674,0.674,-6.3,0.686,0.674,-6.4,0.684,0.674,-6.5,0.678,0.674,-6.3,0.684,0.674,0
20110729_0742,-23.78,179.92,539.0,II.SHEL.00,-15.959,-5.746,139.877,1644.619,1672.727,1681.502,789.0,1.057,0.135,0.087,0.088,0.099,0.089,7.9,4.3,0.59,-0.811,-10.3,0.392,0.392,8.3,0.401,0.392,8.2,0.396,0.392,-10.2,0.376,0.392,-10.2,0.371,0.392,0
20110729_0742,-23.78,179.92,539.0,GT.LBTB.00,-25.015,25.597,125.231,1555.147,1571.039,1575.787,790.0,3.497,0.193,0.135,0.139,0.157,0.14,2.7,-0.3,0.525,0.231,-0.3,0.68,0.68,-0.6,0.673,0.68,-0.6,0.682,0.68,-0.6,0.715,0.68,-0.7,0.696,0.68,0
