evtid,evla,evlo,evdp,station,stla,stlo,gcarc,s2ks,s3ks,s4ks,tridx,snr,ccf1,ccf2,ccf3,ccf4,ccf5,t32_cc,t32_pp,ccf_cc,ccf_pp,t32_fw1,ccf_fw1,ccf_sg1,t32_fw2,ccf_fw2,ccf_sg2,t32_fw3,ccf_fw3,ccf_sg3,t32_fw4,ccf_fw4,ccf_sg4,t32_fw5,ccf_fw5,ccf_sg5
20140504_0915,-24.670,179.120,529.600,Y6.HOLY.,46.526,-66.464,124.148,1549.924,1565.034,1569.539,0.000,1.344,0.157,0.151,0.167,0.155,0.153,0.900,1.500,0.756,0.680,1.100,0.750,0.750,0.700,0.700,0.750,0.100,0.704,0.750,0.500,0.707,0.750,0.500,0.702,0.750
20140504_0915,-24.670,179.120,529.600,YB.AT41.,38.468,33.245,148.064,1693.273,1729.697,1741.386,1.000,1.208,0.115,0.227,0.234,0.232,0.231,-0.100,0.100,0.649,0.616,-0.300,0.431,0.431,4.800,0.500,0.431,5.000,0.432,0.431,0.000,0.439,0.431,4.900,0.450,0.431
20140504_0915,-24.670,179.120,529.600,NO.NC303.00,61.225,11.369,142.497,1661.578,1692.210,1701.855,2.000,2.062,0.147,0.047,0.044,0.043,0.045,-5.800,2.100,0.439,-0.829,-6.200,0.493,0.493,-2.200,0.447,0.493,-2.400,0.463,0.493,-2.400,0.465,0.493,-2.300,0.464,0.493
20140504_0915,-24.670,179.120,529.600,IV.SGRT.,41.755,15.744,158.054,1747.659,1795.564,1811.524,3.000,1.555,0.230,0.099,0.091,0.085,0.091,2.600,-2.500,0.571,-0.815,-1.000,0.478,0.478,-1.600,0.688,0.478,-1.800,0.662,0.478,-1.900,0.635,0.478,-1.800,0.663,0.478
20140504_0915,-24.670,179.120,529.600,IV.MA9.,41.770,12.659,159.547,1755.510,1805.251,1821.905,4.000,1.310,-0.125,-0.014,-0.006,0.002,-0.008,-5.500,-2.000,0.385,-0.706,-4.300,0.683,0.683,-4.500,0.735,0.683,-4.700,0.729,0.683,-4.800,0.726,0.683,-4.700,0.731,0.683
20140504_0915,-24.670,179.120,529.600,GB.BIGH.,58.493,-3.910,146.109,1682.252,1716.592,1727.536,5.000,0.712,0.241,0.097,0.108,0.112,0.107,-2.000,3.700,0.572,-0.738,0.300,0.728,0.728,2.800,0.607,0.728,2.500,0.566,0.728,2.300,0.576,0.728,2.500,0.597,0.728
20140504_0915,-24.670,179.120,529.600,OE.KBA.,47.078,13.345,154.893,1730.792,1774.914,1789.449,6.000,0.873,0.147,0.116,0.112,0.117,0.118,-7.600,-0.700,0.231,-0.978,7.200,0.562,0.562,6.700,0.596,0.562,6.800,0.582,0.562,6.800,0.567,0.562,6.700,0.583,0.562
20140504_0915,-24.670,179.120,529.600,YB.AT20.,39.364,34.157,147.137,1688.066,1723.497,1734.830,7.000,0.342,0.041,0.045,0.045,0.045,0.045,-0.100,3.600,0.901,0.995,-0.100,0.146,0.146,-1.400,0.385,0.146,-0.900,0.460,0.146,-1.100,0.448,0.146,-1.300,0.420,0.146
20140504_0915,-24.670,179.120,529.600,IV.IFIL.,38.564,14.575,160.917,1762.653,1814.110,1831.416,8.000,0.687,0.136,0.060,0.051,0.046,0.053,-5.500,1.900,0.651,0.399,-0.200,0.408,0.408,-8.100,0.223,0.408,-8.600,0.235,0.408,-8.500,0.250,0.408,-8.300,0.237,0.408
20140504_0915,-24.670,179.120,529.600,GB.ELSH.,51.148,1.135,153.477,1723.139,1765.609,1779.523,9.000,0.694,0.073,-0.079,-0.081,-0.083,-0.081,-3.700,-3.200,0.336,0.560,0.100,0.496,0.496,8.900,0.372,0.496,8.800,0.381,0.496,8.700,0.386,0.496,8.700,0.383,0.496
20140504_0915,-24.670,179.120,529.600,CH.PANIX.,46.826,9.112,156.453,1739.155,1785.125,1800.356,10.000,1.893,0.222,-0.017,-0.006,0.001,-0.010,-0.700,-4.300,0.410,-0.574,-1.400,0.680,0.680,-3.900,0.665,0.680,-3.900,0.659,0.680,-3.900,0.637,0.680,-3.900,0.654,0.680
20140504_0915,-24.670,179.120,529.600,GE.KARP.,35.547,27.161,153.539,1723.479,1766.022,1779.962,11.000,1.511,0.157,0.130,0.137,0.137,0.134,4.400,0.800,0.446,-0.266,-3.800,0.523,0.523,-3.000,0.501,0.523,-3.000,0.452,0.523,-3.100,0.475,0.523,-3.000,0.486,0.523
20140504_0915,-24.670,179.120,529.600,XJ.LN15.,-2.628,36.185,134.848,1616.363,1639.839,1647.041,12.000,2.160,0.509,0.532,0.523,0.524,0.532,-0.300,0.000,0.640,0.542,-0.900,0.658,0.658,-0.700,0.639,0.658,-1.000,0.657,0.658,-1.000,0.652,0.658,-0.800,0.644,0.658
20140504_0915,-24.670,179.120,529.600,IV.STAL.,46.260,12.710,155.818,1735.760,1780.974,1795.920,13.000,1.880,-0.014,0.010,-0.032,-0.030,-0.032,-6.000,4.000,0.274,-0.499,5.700,0.687,0.687,7.000,0.604,0.687,9.900,0.467,0.687,9.800,0.467,0.687,9.900,0.472,0.687
20140504_0915,-24.670,179.120,529.600,MN.VSL.,39.496,9.378,162.843,1772.586,1826.497,1844.742,14.000,0.345,0.015,0.014,0.014,0.014,0.014,-10.700,-4.700,0.154,0.804,7.600,0.350,0.350,7.600,0.347,0.350,7.900,0.325,0.350,8.400,0.315,0.350,7.900,0.336,0.350
20140504_0915,-24.670,179.120,529.600,KO.SARI.,38.407,36.418,145.666,1679.745,1713.619,1724.399,15.000,1.688,0.096,0.077,0.070,0.072,0.074,-4.700,0.200,0.548,0.112,2.000,0.457,0.457,3.000,0.481,0.457,3.000,0.464,0.457,3.100,0.468,0.457,3.100,0.473,0.457
20140504_0915,-24.670,179.120,529.600,CH.LIENZ.,47.294,9.492,155.920,1736.306,1781.641,1796.632,16.000,1.182,0.309,0.263,0.262,0.263,0.262,0.900,0.300,0.827,0.649,7.100,0.650,0.650,8.300,0.524,0.650,8.300,0.509,0.650,8.300,0.526,0.650,8.300,0.520,0.650
20140504_0915,-24.670,179.120,529.600,CH.MUO.,46.968,8.637,156.447,1739.123,1785.086,1800.314,17.000,1.456,-0.172,0.088,0.082,0.080,0.087,-4.100,-4.200,0.666,0.524,-4.200,0.514,0.514,-7.300,0.617,0.514,-7.300,0.603,0.514,-7.400,0.617,0.514,-7.300,0.617,0.514
20140504_0915,-24.670,179.120,529.600,TA.I61A.,43.932,-72.208,119.941,1522.781,1535.143,1538.808,18.000,3.497,0.420,0.301,0.304,0.308,0.303,0.300,0.200,0.680,0.734,0.000,0.604,0.604,-0.100,0.788,0.604,-0.100,0.784,0.604,-0.100,0.786,0.604,-0.100,0.791,0.604
20140504_0915,-24.670,179.120,529.600,GR.AHRW.,50.541,7.076,153.408,1722.769,1765.160,1779.044,19.000,1.134,0.067,0.083,0.080,0.079,0.083,0.500,-2.800,0.671,-0.854,-7.100,0.622,0.622,5.900,0.509,0.622,5.800,0.509,0.622,5.800,0.512,0.622,5.900,0.513,0.622
20140504_0915,-24.670,179.120,529.600,IV.SALB.,39.877,16.346,159.020,1752.745,1801.834,1818.241,20.000,1.678,0.225,0.259,0.259,0.260,0.260,-0.800,-4.500,0.906,-0.683,-3.100,0.665,0.665,-8.300,0.790,0.665,-8.500,0.787,0.665,-8.600,0.785,0.665,-8.400,0.787,0.665
20140504_0915,-24.670,179.120,529.600,YQ.KIPE.,-9.294,34.436,131.633,1596.787,1617.554,1623.851,21.000,3.865,0.459,0.447,0.458,0.465,0.459,1.200,1.600,0.809,0.813,1.400,0.516,0.516,1.600,0.530,0.516,1.300,0.529,0.516,1.200,0.521,0.516,1.300,0.527,0.516
20140504_0915,-24.670,179.120,529.600,IV.FDMO.,43.036,13.087,158.345,1749.194,1797.454,1813.548,22.000,1.092,0.008,-0.015,-0.013,-0.012,-0.013,3.700,1.300,0.398,0.056,-2.700,0.393,0.393,-1.600,0.445,0.393,-1.700,0.454,0.393,-1.900,0.449,0.393,-1.700,0.450,0.393
20140504_0915,-24.670,179.120,529.600,IV.MURB.,43.263,12.525,158.400,1749.486,1797.815,1813.934,23.000,1.478,0.112,0.288,0.284,0.282,0.287,4.100,-1.200,0.411,-0.772,-4.200,0.530,0.530,0.600,0.754,0.530,0.400,0.746,0.530,0.300,0.736,0.530,0.400,0.745,0.530
20140504_0915,-24.670,179.120,529.600,IV.ASQU.,43.797,11.789,158.253,1748.706,1796.854,1812.905,24.000,1.498,0.132,0.210,0.204,0.203,0.209,1.600,2.500,0.304,0.372,-1.800,0.627,0.627,-4.400,0.535,0.627,-4.600,0.537,0.627,-4.800,0.531,0.627,-4.600,0.532,0.627
20140504_0915,-24.670,179.120,529.600,KO.BNN.,38.852,35.847,146.000,1681.638,1715.865,1726.768,25.000,2.413,0.084,0.071,0.065,0.064,0.067,-0.700,3.300,0.611,-0.411,1.600,0.672,0.672,3.100,0.673,0.672,3.200,0.590,0.672,3.200,0.612,0.672,3.200,0.631,0.672
20140504_0915,-24.670,179.120,529.600,YQ.IGOM.,-9.000,33.657,132.381,1601.374,1622.756,1629.256,26.000,1.733,0.382,0.379,0.388,0.388,0.381,1.300,1.300,0.785,0.852,0.600,0.767,0.767,0.800,0.747,0.767,0.600,0.739,0.767,0.300,0.747,0.767,0.600,0.743,0.767
20140504_0915,-24.670,179.120,529.600,CH.MMK.,46.051,7.964,157.470,1744.566,1791.762,1807.454,27.000,0.818,0.070,0.130,0.130,0.130,0.132,3.900,4.300,0.554,0.168,-2.700,0.548,0.548,-1.000,0.728,0.548,-1.000,0.734,0.548,-1.200,0.727,0.548,-1.100,0.725,0.548
20140504_0915,-24.670,179.120,529.600,IV.ASSB.,43.043,12.659,158.524,1750.138,1798.618,1814.795,28.000,1.397,0.093,0.115,0.127,0.136,0.121,-3.400,2.800,0.593,0.327,-6.700,0.385,0.385,-6.100,0.491,0.385,-6.200,0.489,0.385,-6.300,0.474,0.385,-6.200,0.486,0.385
20140504_0915,-24.670,179.120,529.600,OE.MOA.,47.849,14.266,153.909,1725.480,1768.451,1782.552,29.000,1.664,-0.008,0.150,0.153,0.164,0.147,-5.300,1.400,0.577,-0.400,-1.900,0.695,0.695,-0.300,0.860,0.695,-0.200,0.860,0.695,-0.200,0.841,0.695,-0.300,0.850,0.695
20140504_0915,-24.670,179.120,529.600,YQ.CHML.,-8.826,34.028,132.249,1600.564,1621.836,1628.300,30.000,2.097,0.394,0.367,0.374,0.374,0.370,1.300,1.300,0.902,0.911,0.500,0.802,0.802,0.800,0.782,0.802,0.500,0.787,0.802,0.400,0.793,0.802,0.600,0.787,0.802
20140504_0915,-24.670,179.120,529.600,FR.SJAF.00,42.484,2.876,161.919,1767.836,1820.563,1838.353,31.000,1.406,0.117,0.305,0.281,0.255,0.281,-6.300,-2.300,0.415,-0.891,3.000,0.918,0.918,1.000,0.830,0.918,1.200,0.839,0.918,1.300,0.848,0.918,1.200,0.837,0.918
20140504_0915,-24.670,179.120,529.600,XK.Q07MR.,-13.197,37.499,126.746,1566.394,1583.361,1588.444,32.000,4.096,0.591,0.591,0.605,0.606,0.602,1.300,1.300,0.915,0.876,1.000,0.964,0.964,0.900,0.963,0.964,0.800,0.965,0.964,0.800,0.966,0.964,0.800,0.965,0.964
20140504_0915,-24.670,179.120,529.600,IV.CAFR.,42.227,14.347,158.402,1749.497,1797.828,1813.948,33.000,1.368,0.076,0.084,0.092,0.095,0.090,-2.000,4.100,0.524,0.462,5.100,0.507,0.507,0.200,0.537,0.507,0.200,0.543,0.507,0.100,0.545,0.507,0.200,0.542,0.507
20140504_0915,-24.670,179.120,529.600,1G.SA58.,61.945,12.553,141.632,1656.560,1686.336,1695.684,34.000,0.391,0.060,0.071,0.070,0.070,0.071,4.700,4.300,0.676,0.850,2.000,0.205,0.205,3.600,0.332,0.205,3.500,0.324,0.205,3.500,0.321,0.205,3.500,0.324,0.205
20140504_0915,-24.670,179.120,529.600,CZ.PVCC.,50.528,14.569,151.522,1712.471,1752.708,1765.791,35.000,0.948,0.021,0.045,0.038,0.039,0.039,-0.100,-4.100,0.483,0.611,4.400,0.477,0.477,-1.400,0.312,0.477,-1.100,0.325,0.477,-1.100,0.330,0.477,-1.100,0.329,0.477
20140504_0915,-24.670,179.120,529.600,NR.NE208.,-21.946,25.447,126.831,1566.926,1583.956,1589.058,36.000,8.916,0.775,0.751,0.754,0.764,0.757,0.700,0.800,0.947,0.930,0.200,0.963,0.963,0.200,0.954,0.963,0.200,0.955,0.963,0.100,0.962,0.963,0.100,0.958,0.963
20140504_0915,-24.670,179.120,529.600,KO.SVRH.,39.447,31.523,149.056,1698.819,1736.319,1748.398,37.000,0.339,-0.002,0.019,0.004,0.004,0.019,-0.100,-0.300,0.912,0.963,-13.400,0.350,0.350,-10.300,0.387,0.350,-11.500,0.329,0.350,-11.500,0.345,0.350,-10.200,0.362,0.350
20140504_0915,-24.670,179.120,529.600,NO.SPA0.00,78.178,16.370,125.898,1561.039,1577.386,1582.275,38.000,0.891,0.124,-0.182,-0.188,-0.195,-0.191,-1.900,-4.600,0.667,-0.918,-4.700,0.657,0.657,-4.500,0.554,0.657,-4.500,0.560,0.657,-4.400,0.565,0.657,-4.400,0.563,0.657
20140504_0915,-24.670,179.120,529.600,CH.WIMIS.,46.665,7.624,156.979,1741.957,1788.559,1804.027,39.000,0.636,0.220,0.106,0.104,0.099,0.102,5.600,1.700,0.463,-0.306,3.400,0.830,0.830,2.800,0.675,0.830,2.800,0.669,0.830,2.900,0.676,0.830,2.800,0.677,0.830
20140504_0915,-24.670,179.120,529.600,OE.ABTA.,46.747,12.512,155.470,1733.895,1778.697,1793.488,40.000,0.767,0.070,0.042,0.044,0.107,0.039,3.000,2.900,0.931,0.943,1.000,0.403,0.403,0.900,0.406,0.403,-2.500,0.457,0.403,1.300,0.621,0.403,-2.400,0.473,0.403
20140504_0915,-24.670,179.120,529.600,GU.RRL.,44.921,6.791,158.817,1751.678,1800.517,1816.830,41.000,0.940,0.140,0.149,0.149,0.155,0.155,-8.400,-2.000,0.388,-0.588,0.500,0.675,0.675,-6.900,0.708,0.675,-7.000,0.702,0.675,-7.000,0.706,0.675,-7.000,0.704,0.675
20140504_0915,-24.670,179.120,529.600,IV.SLCN.,40.390,15.633,159.075,1753.038,1802.196,1818.630,42.000,0.577,0.116,0.183,0.082,0.084,0.198,2.300,2.500,0.654,0.731,0.900,0.298,0.298,11.400,0.450,0.298,-4.600,0.527,0.298,-4.700,0.521,0.298,11.400,0.441,0.298
20140504_0915,-24.670,179.120,529.600,IV.HAGA.,37.285,15.155,161.393,1765.120,1817.178,1834.713,43.000,1.888,0.189,0.136,0.141,0.142,0.139,2.900,3.000,0.932,0.941,2.700,0.686,0.686,5.200,0.462,0.686,5.400,0.400,0.686,5.300,0.355,0.686,5.300,0.394,0.686
20140504_0915,-24.670,179.120,529.600,GB.STNC.,53.091,-2.206,151.561,1712.683,1752.964,1766.063,44.000,2.134,0.111,0.150,0.153,0.150,0.154,1.100,0.700,0.308,0.652,0.400,0.538,0.538,3.900,0.710,0.538,3.600,0.733,0.538,3.400,0.740,0.538,3.600,0.733,0.538
20140504_0915,-24.670,179.120,529.600,IV.GIB.,37.990,14.026,161.622,1766.304,1818.653,1836.300,45.000,0.614,0.177,0.091,0.078,0.077,0.086,3.100,-4.700,0.435,-0.442,-0.100,0.855,0.855,0.600,0.632,0.855,0.900,0.588,0.855,0.700,0.584,0.855,0.700,0.594,0.855
20140504_0915,-24.670,179.120,529.600,G.SSB.00,45.279,4.542,158.930,1752.276,1801.255,1817.620,46.000,1.024,-0.088,0.111,0.112,0.112,0.112,4.600,1.100,0.396,-0.667,-3.900,0.671,0.671,5.600,0.640,0.671,5.600,0.645,0.671,5.500,0.646,0.671,5.500,0.643,0.671
20140504_0915,-24.670,179.120,529.600,GE.FLT1.,52.331,11.237,150.849,1708.765,1748.246,1761.050,47.000,1.105,0.364,0.264,0.271,0.276,0.269,-5.600,3.900,0.572,-0.812,11.600,0.245,0.245,-10.000,0.498,0.245,-10.000,0.497,0.245,-10.100,0.495,0.245,-10.000,0.496,0.245
20140504_0915,-24.670,179.120,529.600,1G.SA13.,68.349,18.837,134.714,1615.552,1638.912,1646.075,48.000,0.853,0.045,0.138,0.130,0.128,0.136,-7.100,-0.400,0.477,-0.565,-10.000,0.585,0.585,-9.100,0.482,0.585,-9.200,0.488,0.585,-9.300,0.488,0.585,-9.100,0.500,0.585
20140504_0915,-24.670,179.120,529.600,KO.SHUT.,38.553,30.551,150.056,1704.379,1742.978,1755.458,49.000,1.669,0.100,0.049,0.035,0.037,0.038,4.200,-4.100,0.395,-0.394,-4.500,0.776,0.776,4.900,0.411,0.776,4.500,0.489,0.776,4.600,0.489,0.776,4.700,0.467,0.776
20140504_0915,-24.670,179.120,529.600,XK.B14MH.,-18.295,21.792,131.690,1597.137,1617.951,1624.263,50.000,14.084,0.706,0.659,0.662,0.674,0.668,1.100,1.100,0.898,0.858,0.500,0.912,0.912,0.700,0.905,0.912,0.600,0.907,0.912,0.400,0.913,0.912,0.500,0.911,0.912
20140504_0915,-24.670,179.120,529.600,YB.AT21.,38.927,34.525,146.979,1687.175,1722.438,1733.710,51.000,0.918,0.038,-0.013,-0.014,-0.012,-0.013,-7.200,1.600,0.454,-0.770,-1.500,0.603,0.603,6.800,0.417,0.603,-7.300,0.118,0.603,6.200,0.212,0.603,6.500,0.314,0.603
20140504_0915,-24.670,179.120,529.600,GE.MSBI.,31.313,35.358,147.470,1689.941,1725.728,1737.187,52.000,1.084,0.060,0.191,0.175,0.183,0.184,-1.300,1.900,0.476,-0.418,-1.100,0.589,0.589,4.600,0.616,0.589,3.500,0.710,0.589,3.900,0.680,0.589,4.100,0.667,0.589
20140504_0915,-24.670,179.120,529.600,SX.ROHR.,50.234,12.317,152.468,1717.650,1758.960,1772.441,53.000,1.081,0.218,0.161,0.163,0.166,0.162,2.100,2.800,0.688,0.469,2.300,0.521,0.521,2.200,0.747,0.521,2.000,0.743,0.521,2.000,0.720,0.521,2.000,0.742,0.521
20140504_0915,-24.670,179.120,529.600,OE.WTTA.,47.264,11.636,155.312,1733.047,1777.661,1792.382,54.000,0.808,-0.030,-0.151,-0.137,-0.125,-0.136,-5.300,-1.900,0.653,-0.823,-2.300,0.855,0.855,-2.800,0.568,0.855,-2.700,0.463,0.855,-2.700,0.373,0.855,-2.800,0.444,0.855
20140504_0915,-24.670,179.120,529.600,XK.Q05ML.,-13.467,36.140,127.474,1570.965,1588.475,1593.727,55.000,8.776,0.645,0.619,0.629,0.630,0.628,1.100,1.100,0.930,0.967,0.500,0.939,0.939,0.400,0.941,0.939,0.300,0.942,0.939,0.300,0.944,0.939,0.400,0.941,0.939
20140504_0915,-24.670,179.120,529.600,IV.USI.,38.708,13.179,161.603,1766.207,1818.532,1836.170,56.000,1.376,-0.036,-0.059,-0.053,-0.053,-0.058,8.500,4.600,0.635,-0.359,10.100,0.594,0.594,10.300,0.576,0.594,10.500,0.554,0.594,10.400,0.529,0.594,10.400,0.548,0.594
20140504_0915,-24.670,179.120,529.600,NR.NE220.,-23.363,25.860,125.415,1557.981,1573.980,1578.761,57.000,21.691,0.705,0.683,0.684,0.682,0.677,-0.300,-0.100,0.940,0.944,-0.800,0.866,0.866,-0.700,0.874,0.866,-0.700,0.874,0.866,-0.800,0.880,0.866,-0.800,0.874,0.866
20140504_0915,-24.670,179.120,529.600,GR.MOX.,50.646,11.616,152.292,1716.686,1757.795,1771.201,58.000,2.137,0.197,0.172,0.169,0.167,0.171,8.800,-2.500,0.527,-0.297,1.000,0.828,0.828,0.900,0.897,0.828,0.900,0.894,0.828,0.900,0.886,0.828,0.900,0.894,0.828
20140504_0915,-24.670,179.120,529.600,PL.GKP.,53.270,17.237,148.325,1694.739,1731.446,1743.237,59.000,0.978,-0.089,0.179,0.182,0.178,0.177,-1.000,-0.900,0.721,0.801,-1.900,0.738,0.738,-1.400,0.842,0.738,-1.500,0.830,0.738,-1.500,0.820,0.738,-1.500,0.829,0.738
20140504_0915,-24.670,179.120,529.600,TH.CHRS.,51.610,10.819,151.613,1712.970,1753.310,1766.431,60.000,1.492,0.257,0.249,0.247,0.251,0.248,7.200,0.900,0.442,-0.496,-8.400,0.306,0.306,-2.800,0.411,0.306,-9.200,0.407,0.306,-9.100,0.394,0.306,-9.200,0.400,0.306
20140504_0915,-24.670,179.120,529.600,IV.SCTE.,40.072,18.468,157.640,1745.468,1792.870,1808.639,61.000,1.491,0.265,0.162,0.170,0.171,0.165,4.900,4.700,0.757,0.758,4.200,0.657,0.657,-0.100,0.840,0.657,-0.100,0.833,0.657,-0.200,0.827,0.657,-0.100,0.836,0.657
20140504_0915,-24.670,179.120,529.600,XK.W10LW.,-12.621,34.165,129.405,1583.020,1602.012,1607.732,62.000,0.713,0.099,0.162,0.155,0.146,0.154,2.300,2.600,0.355,0.367,-5.500,0.289,0.289,-5.400,0.299,0.289,-5.600,0.293,0.289,-5.700,0.295,0.289,-5.600,0.294,0.289
20140504_0915,-24.670,179.120,529.600,XK.Z01TG.,-12.296,29.995,132.312,1600.952,1622.278,1628.759,63.000,5.471,0.614,0.620,0.617,0.611,0.615,0.800,0.700,0.884,0.879,-0.100,0.851,0.851,0.100,0.819,0.851,-0.100,0.815,0.851,-0.300,0.814,0.851,-0.100,0.819,0.851
20140504_0915,-24.670,179.120,529.600,YB.AT19.,39.735,33.581,147.458,1689.870,1725.644,1737.099,64.000,0.969,0.213,0.058,0.047,0.050,0.051,3.400,3.600,0.798,0.747,5.800,0.586,0.586,7.200,0.501,0.586,7.500,0.424,0.586,7.400,0.463,0.586,7.300,0.480,0.586
20140504_0915,-24.670,179.120,529.600,IV.PTCC.,46.408,13.354,155.458,1733.828,1778.614,1793.400,65.000,0.732,0.037,0.071,0.078,0.082,0.072,2.700,-4.700,0.531,-0.280,-0.100,0.595,0.595,-6.000,0.517,0.595,-11.000,0.578,0.595,-11.000,0.618,0.595,-11.000,0.584,0.595
20140504_0915,-24.670,179.120,529.600,TH.POSS.,51.333,10.867,151.857,1714.307,1754.922,1768.145,66.000,0.485,-0.031,-0.019,-0.017,-0.016,-0.018,-1.300,-3.600,0.402,0.973,5.300,0.431,0.431,4.500,0.345,0.431,4.600,0.360,0.431,4.800,0.381,0.431,4.600,0.361,0.431
20140504_0915,-24.670,179.120,529.600,IV.ECNV.,37.596,14.712,161.471,1765.523,1817.680,1835.254,67.000,1.081,0.114,0.109,0.098,0.094,0.103,0.000,4.000,0.772,-0.909,7.600,0.651,0.651,9.900,0.468,0.651,10.100,0.422,0.651,9.900,0.407,0.651,10.000,0.428,0.651
20140504_0915,-24.670,179.120,529.600,CH.TORNY.,46.774,6.959,157.027,1742.213,1788.874,1804.364,68.000,0.836,0.170,0.018,0.018,0.021,0.020,4.900,2.000,0.577,0.262,11.000,0.402,0.402,11.300,0.351,0.402,11.200,0.381,0.402,11.200,0.398,0.402,11.300,0.392,0.402
20140504_0915,-24.670,179.120,529.600,GE.UJAP.,31.952,35.464,147.346,1689.240,1724.893,1736.305,69.000,,,,,,,-16.000,-8.000,0.000,0.000,-16.000,0.000,0.000,-16.000,0.000,0.000,-16.000,0.000,0.000,-16.000,0.000,0.000,-16.000,0.000,0.000
20140504_0915,-24.670,179.120,529.600,YB.AT02.,39.381,37.057,144.964,1675.749,1708.890,1719.411,70.000,0.349,0.038,0.036,0.036,0.036,0.036,-0.100,4.100,0.824,0.983,-1.400,0.222,0.222,-13.700,0.351,0.222,-14.100,0.272,0.222,-14.000,0.296,0.222,-13.900,0.319,0.222
20140504_0915,-24.670,179.120,529.600,XK.Q03LC.,-13.309,35.243,128.187,1575.431,1593.484,1598.905,71.000,3.299,0.478,0.464,0.476,0.483,0.477,1.000,1.100,0.614,0.660,0.500,0.907,0.907,0.300,0.923,0.907,0.200,0.921,0.907,0.100,0.917,0.907,0.300,0.920,0.907
20140504_0915,-24.670,179.120,529.600,TH.CRUX.,50.602,10.792,152.547,1718.079,1759.479,1772.994,72.000,2.102,0.232,0.252,0.250,0.251,0.252,7.600,-3.700,0.319,-0.402,-0.800,0.597,0.597,-0.500,0.729,0.597,-0.700,0.736,0.597,-0.700,0.734,0.597,-0.700,0.740,0.597
20140504_0915,-24.670,179.120,529.600,GE.VAL.,51.939,-10.244,151.811,1714.056,1754.619,1767.823,73.000,2.638,0.229,0.198,0.206,0.207,0.208,-7.400,-3.300,0.423,-0.530,6.100,0.394,0.394,1.400,0.574,0.394,1.200,0.468,0.394,5.700,0.444,0.394,1.100,0.496,0.394
20140504_0915,-24.670,179.120,529.600,GE.ZKR.,35.115,26.217,154.401,1728.140,1771.686,1786.003,74.000,1.214,0.113,0.122,0.122,0.125,0.124,2.000,-1.800,0.587,-0.567,-4.300,0.781,0.781,-0.300,0.725,0.781,-1.000,0.768,0.781,-0.800,0.744,0.781,-0.600,0.731,0.781
20140504_0915,-24.670,179.120,529.600,IV.MIGL.,40.604,16.441,158.480,1749.906,1798.332,1814.488,75.000,1.004,-0.051,0.068,0.067,0.065,0.066,-0.100,-4.400,0.795,0.449,-13.700,0.521,0.521,-7.900,0.681,0.521,-8.000,0.687,0.521,-8.100,0.690,0.521,-8.000,0.685,0.521
20140504_0915,-24.670,179.120,529.600,IV.SNAL.,40.925,15.209,158.928,1752.265,1801.242,1817.606,76.000,0.865,-0.039,0.099,0.095,0.095,0.099,-9.900,-2.600,0.558,0.481,-10.500,0.564,0.564,-3.800,0.622,0.564,-3.900,0.631,0.564,-4.000,0.630,0.564,-3.900,0.626,0.564
20140504_0915,-24.670,179.120,529.600,TA.L65A.,42.029,-70.053,121.295,1531.580,1544.793,1548.715,77.000,4.985,0.249,0.415,0.394,0.412,0.415,-1.100,-1.300,0.769,0.737,-1.500,0.618,0.618,-1.100,0.702,0.618,-1.900,0.572,0.618,-1.400,0.627,0.618,-1.200,0.665,0.618
20140504_0915,-24.670,179.120,529.600,TA.H62A.,44.574,-71.156,120.757,1528.094,1540.966,1544.785,78.000,3.295,0.320,0.415,0.390,0.399,0.408,0.400,0.500,0.808,0.869,1.000,0.619,0.619,0.300,0.800,0.619,-0.100,0.718,0.619,0.400,0.756,0.619,0.300,0.777,0.619
20140504_0915,-24.670,179.120,529.600,IV.SAMA.,41.780,12.592,159.569,1755.626,1805.394,1822.060,79.000,1.675,0.093,0.010,0.131,0.125,0.014,-11.300,0.400,0.155,0.209,2.500,0.530,0.530,2.300,0.506,0.530,-4.000,0.464,0.530,-3.900,0.475,0.530,2.200,0.505,0.530
20140504_0915,-24.670,179.120,529.600,XJ.LN46.,-3.007,36.677,134.227,1612.612,1635.551,1642.572,80.000,2.657,0.540,0.521,0.536,0.538,0.529,0.800,0.800,0.735,0.684,0.400,0.812,0.812,0.500,0.790,0.812,0.300,0.810,0.812,0.200,0.809,0.812,0.500,0.798,0.812
20140504_0915,-24.670,179.120,529.600,IV.ISTR.,38.787,15.192,160.410,1760.018,1810.836,1827.900,81.000,8.938,0.026,-0.040,-0.042,-0.039,-0.037,-8.400,2.700,0.628,-0.423,-5.500,0.682,0.682,-5.100,0.588,0.682,-5.200,0.589,0.682,-5.300,0.603,0.682,-5.200,0.594,0.682
20140504_0915,-24.670,179.120,529.600,GB.GAL1.,54.866,-4.711,149.671,1702.243,1740.417,1752.741,82.000,1.182,0.063,0.041,0.049,0.054,0.050,0.300,3.000,0.577,-0.895,4.600,0.573,0.573,6.700,0.450,0.573,-0.400,0.483,0.573,-0.800,0.474,0.573,-0.400,0.432,0.573
20140504_0915,-24.670,179.120,529.600,KO.ELL.,36.748,29.909,151.073,1710.002,1749.733,1762.630,83.000,1.027,0.147,0.121,0.131,0.129,0.126,3.700,4.400,0.585,0.763,3.300,0.474,0.474,0.700,0.582,0.474,0.600,0.739,0.474,0.600,0.666,0.474,0.600,0.628,0.474
20140504_0915,-24.670,179.120,529.600,FR.ISO.01,44.184,7.050,159.444,1754.971,1804.585,1821.191,84.000,2.341,-0.003,0.037,0.043,0.043,0.038,0.900,2.600,0.440,0.343,2.900,0.569,0.569,4.500,0.731,0.569,4.500,0.728,0.569,4.400,0.726,0.569,4.400,0.728,0.569
20140504_0915,-24.670,179.120,529.600,XK.Z10KW.,-13.499,32.383,129.898,1586.079,1605.457,1611.301,85.000,10.010,0.600,0.623,0.623,0.616,0.619,0.700,0.800,0.983,0.987,0.000,0.896,0.896,-0.200,0.892,0.896,-0.300,0.896,0.896,-0.400,0.903,0.896,-0.300,0.898,0.896
20140504_0915,-24.670,179.120,529.600,GR.GRB3.,49.343,11.805,153.413,1722.795,1765.192,1779.078,86.000,1.429,0.051,0.108,0.103,0.093,0.096,-2.000,-2.100,0.607,0.654,-9.600,0.661,0.661,2.300,0.536,0.661,2.300,0.534,0.661,2.300,0.542,0.661,2.300,0.553,0.661
20140504_0915,-24.670,179.120,529.600,RD.MFF.,46.601,-0.141,158.061,1747.693,1795.606,1811.569,87.000,0.646,0.044,-0.088,-0.090,-0.086,-0.090,11.900,3.000,0.561,-0.524,2.900,0.364,0.364,-0.100,0.806,0.364,-0.100,0.807,0.364,-0.100,0.822,0.364,-0.100,0.813,0.364
20140504_0915,-24.670,179.120,529.600,FN.RNF.,66.612,26.011,134.815,1616.163,1639.610,1646.803,88.000,0.815,0.123,0.258,0.255,0.254,0.257,8.300,0.500,0.516,-0.051,8.000,0.473,0.473,6.400,0.468,0.473,6.400,0.474,0.473,6.400,0.483,0.473,6.400,0.479,0.473
20140504_0915,-24.670,179.120,529.600,G.MBO.10,14.392,-16.955,161.720,1766.810,1819.284,1836.978,89.000,7.474,0.594,0.592,0.620,0.613,0.612,1.400,1.400,0.870,0.875,1.300,0.938,0.938,1.100,0.966,0.938,0.600,0.932,0.938,0.600,0.929,0.938,0.700,0.944,0.938
20140504_0915,-24.670,179.120,529.600,YB.AT62.,37.103,33.053,148.552,1696.007,1732.959,1744.839,90.000,1.952,0.181,0.055,0.045,0.049,0.052,2.600,-0.200,0.701,-0.461,0.500,0.586,0.586,-2.500,0.732,0.586,-2.600,0.758,0.586,-2.600,0.753,0.586,-2.500,0.747,0.586
20140504_0915,-24.670,179.120,529.600,XK.B04KH.,-20.474,24.514,128.541,1577.638,1595.961,1601.468,91.000,8.400,0.616,0.673,0.674,0.680,0.670,1.100,1.300,0.861,0.865,0.400,0.922,0.922,0.400,0.932,0.922,0.400,0.931,0.922,0.200,0.932,0.922,0.400,0.930,0.922
20140504_0915,-24.670,179.120,529.600,PL.KSP.,50.843,16.293,150.678,1707.823,1747.114,1759.847,92.000,1.875,0.176,0.219,0.224,0.229,0.223,1.200,1.100,0.637,0.688,4.800,0.492,0.492,-3.200,0.686,0.492,-3.300,0.675,0.492,-3.300,0.646,0.492,-3.200,0.659,0.492
20140504_0915,-24.670,179.120,529.600,FR.MLYF.00,43.988,5.767,159.935,1757.538,1807.762,1824.600,93.000,2.106,-0.143,0.152,0.152,0.152,0.154,7.300,-0.300,0.457,-0.771,-4.800,0.598,0.598,0.700,0.546,0.598,0.700,0.542,0.598,0.600,0.529,0.598,0.600,0.536,0.598
20140504_0915,-24.670,179.120,529.600,KO.RSDY.,40.397,37.327,144.519,1673.208,1705.889,1716.248,94.000,2.301,0.046,0.080,0.078,0.080,0.080,-9.000,-0.400,0.451,0.410,-0.100,0.544,0.544,-0.100,0.555,0.544,-0.100,0.592,0.544,-0.100,0.592,0.544,-0.100,0.580,0.544
20140504_0915,-24.670,179.120,529.600,XK.Z06GL.,-13.350,31.515,130.556,1590.154,1610.053,1616.066,95.000,8.532,0.562,0.590,0.588,0.574,0.583,0.600,0.900,0.815,0.830,-0.500,0.891,0.891,-0.600,0.884,0.891,-0.700,0.879,0.891,-0.800,0.868,0.891,-0.700,0.876,0.891
20140504_0915,-24.670,179.120,529.600,XJ.MW42.,-3.040,36.101,134.649,1615.164,1638.468,1645.612,96.000,2.716,0.347,0.318,0.334,0.336,0.331,0.700,1.100,0.736,0.819,0.200,0.506,0.506,0.400,0.452,0.506,0.200,0.487,0.506,0.000,0.493,0.506,0.200,0.473,0.506
20140504_0915,-24.670,179.120,529.600,YB.AT15.,38.348,36.776,145.405,1678.258,1711.858,1722.541,97.000,5.405,0.311,0.334,0.359,0.353,0.346,9.100,2.500,0.622,0.479,0.600,0.361,0.361,5.100,0.490,0.361,5.200,0.553,0.361,5.200,0.534,0.361,5.200,0.516,0.361
20140504_0915,-24.670,179.120,529.600,FR.FILF.00,42.560,2.417,161.904,1767.761,1820.469,1838.253,98.000,0.897,0.032,-0.038,-0.039,-0.041,-0.039,-2.500,-2.400,0.915,0.679,-0.200,0.480,0.480,6.500,0.524,0.480,6.600,0.509,0.480,6.600,0.502,0.480,6.600,0.511,0.480
20140504_0915,-24.670,179.120,529.600,NO.SPB1.00,78.180,16.391,125.895,1561.020,1577.363,1582.252,99.000,0.902,0.110,-0.192,-0.200,-0.205,-0.201,-1.900,-4.600,0.669,-0.904,-4.800,0.647,0.647,-4.500,0.546,0.647,-4.500,0.552,0.647,-4.400,0.557,0.647,-4.400,0.555,0.647
20140504_0915,-24.670,179.120,529.600,GU.CIRO.,45.602,7.568,157.988,1747.310,1795.135,1811.064,100.000,0.818,0.130,0.254,0.252,0.246,0.248,0.600,0.400,0.646,0.728,-4.800,0.659,0.659,-3.100,0.803,0.659,-3.100,0.802,0.659,-3.200,0.800,0.659,-3.100,0.801,0.659
20140504_0915,-24.670,179.120,529.600,1G.SA45.,63.549,19.366,138.891,1640.494,1667.638,1676.083,101.000,0.962,0.055,0.154,0.153,0.152,0.152,-7.100,4.300,0.506,-0.823,-11.500,0.362,0.362,-8.400,0.414,0.362,-8.800,0.429,0.362,-8.900,0.434,0.362,-8.600,0.426,0.362
20140504_0915,-24.670,179.120,529.600,IS.GEM.,33.210,35.663,147.081,1687.750,1723.122,1734.433,102.000,1.368,0.234,0.200,0.167,0.181,0.189,4.200,4.600,0.705,0.809,10.600,0.470,0.470,11.000,0.578,0.470,9.900,0.646,0.470,10.200,0.628,0.470,10.500,0.606,0.470
20140504_0915,-24.670,179.120,529.600,1G.SA27.,65.482,15.897,137.800,1634.031,1660.159,1668.259,103.000,0.348,0.045,0.032,0.032,0.032,0.032,5.000,-4.600,0.729,-0.824,3.400,0.250,0.250,5.500,0.316,0.250,5.500,0.300,0.250,5.500,0.291,0.250,5.500,0.299,0.250
20140504_0915,-24.670,179.120,529.600,1G.SA51.,63.044,11.644,140.730,1651.299,1680.195,1689.239,104.000,1.953,0.164,-0.035,-0.035,-0.037,-0.037,-0.100,1.400,0.882,0.809,1.200,0.583,0.583,1.300,0.631,0.583,1.300,0.626,0.583,1.400,0.628,0.583,1.400,0.630,0.583
20140504_0915,-24.670,179.120,529.600,IS.KZIT.,30.906,34.398,148.310,1694.651,1731.340,1743.125,105.000,1.917,0.070,0.207,0.231,0.220,0.215,7.200,0.700,0.612,0.406,5.700,0.737,0.737,0.700,0.608,0.737,-0.300,0.505,0.737,0.300,0.516,0.737,0.500,0.568,0.737
20140504_0915,-24.670,179.120,529.600,GR.UBR.,47.680,10.107,155.398,1733.509,1778.225,1792.985,106.000,1.502,0.102,0.125,0.122,0.118,0.121,-4.700,-4.600,0.731,0.828,-8.100,0.627,0.627,5.400,0.342,0.627,5.500,0.332,0.627,-7.500,0.330,0.627,5.500,0.326,0.627
20140504_0915,-24.670,179.120,529.600,PM.PFVI.,37.133,-8.827,165.808,1787.667,1845.431,1865.178,107.000,2.412,0.231,0.254,0.249,0.240,0.248,-0.700,-0.700,0.902,0.922,-0.100,0.793,0.793,0.300,0.862,0.793,0.500,0.864,0.793,0.600,0.865,0.793,0.400,0.867,0.793
20140504_0915,-24.670,179.120,529.600,GR.CLL.,51.308,13.002,151.314,1711.325,1751.327,1764.324,108.000,1.893,0.238,0.218,0.216,0.215,0.216,-3.900,-3.600,0.577,0.464,-2.400,0.673,0.673,-2.700,0.520,0.673,-2.700,0.505,0.673,-2.700,0.469,0.673,-2.800,0.485,0.673
20140504_0915,-24.670,179.120,529.600,CH.WILA.,47.415,8.908,155.963,1736.539,1781.925,1796.937,109.000,0.430,0.030,0.062,0.061,0.060,0.061,-5.700,-5.400,0.234,0.527,-7.500,0.539,0.539,0.000,0.554,0.539,0.000,0.555,0.539,0.000,0.544,0.539,0.000,0.552,0.539
20140504_0915,-24.670,179.120,529.600,IV.GIUL.,41.558,13.255,159.437,1754.935,1804.540,1821.143,110.000,0.824,0.022,0.053,0.055,0.055,0.055,5.200,-3.300,0.811,-0.404,-8.100,0.493,0.493,-8.000,0.383,0.493,-8.000,0.377,0.493,-8.100,0.380,0.493,-8.000,0.382,0.493
20140504_0915,-24.670,179.120,529.600,NR.NE221.,-25.812,24.801,123.746,1547.355,1562.188,1566.608,111.000,6.357,0.594,0.603,0.601,0.586,0.588,-1.300,-1.100,0.936,0.923,-1.800,0.849,0.849,-1.700,0.828,0.849,-1.700,0.829,0.849,-1.800,0.834,0.849,-1.700,0.830,0.849
20140504_0915,-24.670,179.120,529.600,GE.LODK.,3.422,35.362,139.159,1642.072,1669.467,1677.997,112.000,2.223,0.321,0.299,0.299,0.298,0.305,0.100,1.300,0.815,0.614,-8.100,0.554,0.554,-7.900,0.581,0.554,-8.200,0.564,0.554,-8.300,0.567,0.554,-8.300,0.568,0.554
20140504_0915,-24.670,179.120,529.600,YB.AT63.,36.713,33.472,148.314,1694.674,1731.368,1743.155,113.000,0.690,0.013,0.262,0.258,0.255,0.257,0.000,0.200,0.707,0.743,4.800,0.541,0.541,1.800,0.530,0.541,1.300,0.640,0.541,1.600,0.643,0.541,1.700,0.634,0.541
20140504_0915,-24.670,179.120,529.600,TA.E61A.,46.431,-70.489,121.375,1532.100,1545.364,1549.303,114.000,6.613,0.417,0.355,0.319,0.340,0.347,-0.100,-0.100,0.678,0.755,-0.400,0.921,0.921,-0.300,0.837,0.921,-1.200,0.790,0.921,-0.600,0.799,0.921,-0.400,0.815,0.921
20140504_0915,-24.670,179.120,529.600,BW.WETR.,49.145,12.876,153.264,1721.987,1764.212,1778.034,115.000,1.104,0.043,0.125,0.122,0.121,0.124,3.500,3.800,0.662,0.420,-8.700,0.440,0.440,-9.200,0.342,0.440,-9.300,0.340,0.440,-9.500,0.339,0.440,-9.300,0.336,0.440
20140504_0915,-24.670,179.120,529.600,SX.TRIB.,50.352,12.137,152.414,1717.352,1758.600,1772.058,116.000,1.134,0.148,0.094,0.100,0.102,0.096,9.800,3.600,0.491,-0.035,10.100,0.495,0.495,2.600,0.475,0.495,2.600,0.484,0.495,2.400,0.479,0.495,2.400,0.494,0.495
20140504_0915,-24.670,179.120,529.600,IV.HMDC.,36.959,14.783,161.828,1767.365,1819.976,1837.722,117.000,1.967,0.196,0.213,0.210,0.208,0.212,-7.300,-1.700,0.446,-0.447,3.800,0.703,0.703,3.100,0.746,0.703,3.200,0.749,0.703,3.300,0.751,0.703,3.200,0.750,0.703
20140504_0915,-24.670,179.120,529.600,YB.AT23.,38.363,35.550,146.340,1683.562,1718.147,1729.178,118.000,1.998,0.052,0.135,0.124,0.123,0.127,-6.700,-3.000,0.450,-0.338,-6.700,0.478,0.478,-5.600,0.374,0.478,-7.100,0.280,0.478,-6.600,0.293,0.478,-6.200,0.311,0.478
20140504_0915,-24.670,179.120,529.600,IV.MRGE.,45.770,7.061,157.953,1747.124,1794.906,1810.819,119.000,1.838,0.213,0.108,0.109,0.113,0.110,-3.300,-3.800,0.527,0.601,-8.900,0.640,0.640,-7.100,0.253,0.640,-7.100,0.253,0.640,-7.200,0.266,0.640,-7.100,0.256,0.640
20140504_0915,-24.670,179.120,529.600,YB.AT05.,38.217,38.794,143.876,1669.525,1701.547,1711.676,120.000,5.684,0.169,0.193,0.188,0.189,0.190,7.200,4.100,0.609,-0.632,8.800,0.461,0.461,9.400,0.413,0.461,9.100,0.409,0.461,-2.000,0.413,0.461,9.200,0.408,0.461
20140504_0915,-24.670,179.120,529.600,GE.TIRR.,44.458,28.413,149.094,1699.035,1736.577,1748.671,121.000,1.246,0.042,0.040,0.044,0.046,0.041,9.400,4.300,0.418,0.260,4.600,0.751,0.751,3.300,0.671,0.751,3.300,0.675,0.751,3.200,0.679,0.751,3.200,0.685,0.751
20140504_0915,-24.670,179.120,529.600,GR.GRA4.,49.564,11.435,153.320,1722.287,1764.575,1778.421,122.000,0.995,0.065,0.152,0.171,0.175,0.170,0.100,0.300,0.454,0.519,1.000,0.747,0.747,1.100,0.862,0.747,0.900,0.860,0.747,0.800,0.857,0.747,0.900,0.862,0.747
20140504_0915,-24.670,179.120,529.600,CN.CLRN.,70.474,-68.587,120.571,1526.882,1539.636,1543.419,123.000,0.351,-0.026,0.067,0.071,0.072,0.070,-10.600,-1.200,0.249,-0.982,-7.900,0.506,0.506,-8.300,0.469,0.506,-8.600,0.466,0.506,-8.300,0.472,0.506,-8.300,0.468,0.506
20140504_0915,-24.670,179.120,529.600,ZR.N1321.,65.648,17.729,137.339,1631.289,1656.993,1664.950,124.000,0.759,0.043,-0.030,-0.031,-0.036,-0.037,-4.500,0.300,0.586,-0.611,4.200,0.570,0.570,5.200,0.700,0.570,5.200,0.704,0.570,5.200,0.706,0.570,5.200,0.704,0.570
20140504_0915,-24.670,179.120,529.600,KO.SVSK.,39.916,36.993,144.886,1675.302,1708.362,1718.855,125.000,1.952,0.108,0.028,0.026,0.025,0.026,-0.100,-0.800,0.644,0.483,-0.700,0.583,0.583,1.500,0.552,0.583,1.400,0.616,0.583,1.500,0.601,0.583,1.500,0.586,0.583
20140504_0915,-24.670,179.120,529.600,YB.AT44.,37.847,34.612,147.176,1688.285,1723.758,1735.105,126.000,1.141,0.002,0.043,0.022,0.029,0.034,3.100,-3.900,0.569,0.184,-2.800,0.450,0.450,-0.200,0.358,0.450,-5.600,0.335,0.450,-6.000,0.253,0.450,-0.100,0.269,0.450
20140504_0915,-24.670,179.120,529.600,OE.CSNA.,47.928,15.859,153.244,1721.878,1764.079,1777.892,127.000,1.313,0.061,0.218,0.217,0.226,0.229,-6.000,-0.500,0.555,0.464,0.600,0.852,0.852,-0.100,0.910,0.852,-0.100,0.901,0.852,-0.200,0.889,0.852,-0.200,0.902,0.852
20140504_0915,-24.670,179.120,529.600,YB.AT27.,37.484,37.196,145.249,1677.373,1710.811,1721.437,128.000,2.043,-0.034,0.013,0.010,0.008,0.009,0.900,-3.900,0.408,-0.472,2.500,0.735,0.735,3.000,0.586,0.735,2.500,0.686,0.735,2.600,0.657,0.735,2.800,0.631,0.735
20140504_0915,-24.670,179.120,529.600,XK.Z07FW.,-13.121,31.775,130.569,1590.232,1610.142,1616.158,129.000,7.696,0.618,0.604,0.607,0.600,0.603,0.500,0.600,0.974,0.971,-0.300,0.886,0.886,-0.500,0.845,0.886,-0.600,0.860,0.886,-0.700,0.878,0.886,-0.600,0.863,0.886
20140504_0915,-24.670,179.120,529.600,KO.DAT.,36.731,27.577,152.865,1719.812,1761.577,1775.226,130.000,1.444,0.012,-0.016,-0.020,-0.019,-0.018,14.200,4.300,0.072,-0.623,2.300,0.478,0.478,1.200,0.282,0.478,1.400,0.310,0.478,1.400,0.306,0.478,1.400,0.296,0.478
20140504_0915,-24.670,179.120,529.600,NR.NE203.,-22.993,20.196,128.136,1575.111,1593.124,1598.533,131.000,14.343,0.710,0.739,0.730,0.717,0.726,-0.300,-0.200,0.973,0.952,-0.900,0.860,0.860,-0.700,0.892,0.860,-0.800,0.891,0.860,-1.000,0.885,0.860,-0.900,0.889,0.860
20140504_0915,-24.670,179.120,529.600,KO.DALY.,36.816,28.653,152.018,1715.186,1755.983,1769.273,132.000,1.842,0.014,-0.033,-0.040,-0.039,-0.037,0.900,-1.100,0.510,-0.079,5.100,0.539,0.539,-6.600,0.463,0.539,3.400,0.532,0.539,3.500,0.494,0.539,3.600,0.463,0.539
20140504_0915,-24.670,179.120,529.600,AF.DODT.,-6.186,35.748,132.848,1604.225,1625.996,1632.625,133.000,6.134,0.650,0.614,0.632,0.634,0.622,1.100,1.100,0.827,0.839,0.100,0.906,0.906,0.400,0.901,0.906,0.100,0.899,0.906,0.000,0.907,0.906,0.300,0.900,0.906
20140504_0915,-24.670,179.120,529.600,TA.D60A.,46.914,-70.924,121.111,1530.386,1543.482,1547.369,134.000,1.507,0.295,0.108,0.056,0.078,0.089,-0.700,-0.600,0.757,0.749,-0.800,0.830,0.830,-1.100,0.706,0.830,-1.800,0.690,0.830,-1.300,0.686,0.830,-1.300,0.690,0.830
20140504_0915,-24.670,179.120,529.600,XJ.LL65.,-2.418,35.434,135.559,1620.648,1644.748,1652.163,135.000,1.150,0.323,0.291,0.305,0.310,0.305,1.600,1.400,0.367,0.605,0.600,0.408,0.408,0.800,0.369,0.408,0.400,0.404,0.408,0.400,0.414,0.408,0.600,0.389,0.408
20140504_0915,-24.670,179.120,529.600,IV.VAGA.,41.415,14.234,159.070,1753.012,1802.165,1818.596,136.000,1.085,0.313,0.228,0.224,0.225,0.228,0.700,4.000,0.735,-0.614,10.900,0.447,0.447,9.600,0.570,0.447,9.800,0.542,0.447,9.900,0.520,0.447,9.800,0.543,0.447
20140504_0915,-24.670,179.120,529.600,IV.LAV9.,41.678,12.699,159.602,1755.798,1805.608,1822.289,137.000,1.415,0.029,0.155,0.163,0.166,0.167,-5.500,-4.800,0.555,0.388,-4.000,0.705,0.705,4.000,0.424,0.705,3.900,0.358,0.705,-6.700,0.361,0.705,3.800,0.377,0.705
20140504_0915,-24.670,179.120,529.600,IV.CRMI.,43.796,10.980,158.560,1750.328,1798.852,1815.045,138.000,0.734,0.193,0.124,0.119,0.122,0.126,-3.100,-2.900,0.710,0.762,-11.500,0.557,0.557,-11.200,0.649,0.557,-11.300,0.641,0.557,-11.300,0.629,0.557,-11.300,0.640,0.557
20140504_0915,-24.670,179.120,529.600,MN.CLTB.,37.579,13.216,162.372,1770.170,1823.477,1841.489,139.000,0.454,-0.075,-0.021,-0.019,-0.015,-0.020,5.500,1.600,0.493,-0.539,5.200,0.529,0.529,4.200,0.539,0.529,4.200,0.556,0.529,4.200,0.563,0.529,4.100,0.553,0.529
20140504_0915,-24.670,179.120,529.600,XJ.PR53.,-2.854,35.835,134.972,1617.114,1640.699,1647.938,140.000,1.176,0.256,0.216,0.233,0.237,0.231,-6.300,-2.600,0.546,-0.523,-7.100,0.665,0.665,-7.200,0.659,0.665,-7.400,0.669,0.665,-7.400,0.674,0.665,-7.200,0.668,0.665
20140504_0915,-24.670,179.120,529.600,FR.LRVF.00,44.948,-0.310,159.717,1756.401,1806.353,1823.088,141.000,1.025,0.199,0.068,0.070,0.072,0.069,-0.700,1.800,0.594,-0.719,-3.100,0.400,0.400,2.200,0.522,0.400,2.300,0.498,0.400,2.400,0.520,0.400,2.300,0.511,0.400
20140504_0915,-24.670,179.120,529.600,1G.SA57.,62.449,14.921,140.759,1651.468,1680.391,1689.446,142.000,0.791,0.067,-0.004,-0.003,0.000,-0.002,-0.100,2.200,0.842,0.962,0.400,0.460,0.460,1.300,0.673,0.460,1.100,0.664,0.460,1.200,0.658,0.460,1.200,0.665,0.460
20140504_0915,-24.670,179.120,529.600,CH.FIESA.,46.435,8.111,157.075,1742.469,1789.188,1804.700,143.000,0.804,0.011,0.085,0.102,0.005,0.101,0.100,3.200,0.607,-0.549,5.100,0.673,0.673,5.600,0.634,0.673,5.500,0.634,0.673,-1.100,0.707,0.673,5.500,0.647,0.673
20140504_0915,-24.670,179.120,529.600,XK.B10PP.,-18.913,22.543,130.809,1591.712,1611.813,1617.891,144.000,11.645,0.695,0.695,0.695,0.694,0.690,1.400,1.300,0.900,0.868,0.500,0.934,0.934,0.600,0.946,0.934,0.600,0.946,0.934,0.300,0.939,0.934,0.500,0.945,0.934
20140504_0915,-24.670,179.120,529.600,IV.CASP.,42.791,10.865,159.462,1755.067,1804.703,1821.318,145.000,1.808,-0.003,-0.061,-0.060,-0.057,-0.059,5.700,2.300,0.733,-0.695,-2.400,0.599,0.599,7.000,0.497,0.599,7.000,0.494,0.599,6.900,0.482,0.599,7.000,0.491,0.599
20140504_0915,-24.670,179.120,529.600,IV.CIGN.,41.654,14.905,158.557,1750.311,1798.831,1815.023,146.000,1.393,0.173,0.172,0.178,0.182,0.177,1.700,1.300,0.746,0.641,3.200,0.423,0.423,-13.800,0.414,0.423,-13.900,0.401,0.423,-13.900,0.388,0.423,-13.800,0.402,0.423
20140504_0915,-24.670,179.120,529.600,KO.CHOM.,41.097,40.761,141.826,1657.688,1687.654,1697.069,147.000,1.311,0.027,0.004,0.005,0.005,0.005,-8.200,-4.500,0.428,0.039,-1.400,0.675,0.675,-1.400,0.767,0.675,-1.300,0.774,0.675,-1.300,0.774,0.675,-1.400,0.771,0.675
20140504_0915,-24.670,179.120,529.600,XK.W01PD.,-13.707,33.006,129.345,1582.646,1601.591,1607.296,148.000,1.968,0.585,0.638,0.639,0.634,0.637,0.900,1.000,0.902,0.919,0.200,0.860,0.860,0.100,0.876,0.860,0.000,0.873,0.860,-0.200,0.872,0.860,0.000,0.873,0.860
20140504_0915,-24.670,179.120,529.600,CH.EMBD.,46.217,7.832,157.349,1743.921,1790.970,1806.606,149.000,1.118,0.069,0.144,0.146,0.147,0.146,5.300,-0.600,0.619,-0.443,2.500,0.491,0.491,1.400,0.766,0.491,1.400,0.755,0.491,1.400,0.757,0.491,1.400,0.765,0.491
20140504_0915,-24.670,179.120,529.600,XK.B15MW.,-19.631,23.827,129.593,1584.190,1603.329,1609.096,150.000,0.316,0.022,0.023,0.022,0.021,0.023,9.700,-3.800,0.417,-0.983,-9.000,0.576,0.576,-9.000,0.562,0.576,-9.000,0.562,0.576,-9.300,0.557,0.576,-9.200,0.561,0.576
20140504_0915,-24.670,179.120,529.600,Y6.JOSY.,44.264,-66.013,124.401,1551.536,1566.821,1571.380,151.000,1.036,0.157,0.245,0.250,0.250,0.248,-0.800,0.900,0.464,0.425,0.800,0.407,0.407,-0.200,0.438,0.407,-0.800,0.418,0.407,-0.500,0.442,0.407,-0.400,0.443,0.407
20140504_0915,-24.670,179.120,529.600,TA.D59A.,47.007,-71.836,120.497,1526.402,1539.110,1542.879,152.000,4.604,0.390,0.416,0.393,0.404,0.411,0.000,0.300,0.770,0.845,-0.100,0.772,0.772,-0.100,0.766,0.772,-0.200,0.684,0.772,-0.100,0.708,0.772,-0.100,0.733,0.772
20140504_0915,-24.670,179.120,529.600,GR.GRB4.,49.468,11.559,153.371,1722.567,1764.916,1778.783,153.000,0.839,0.257,0.070,0.064,0.241,0.067,-2.700,-2.800,0.650,0.608,-8.500,0.537,0.537,-9.400,0.544,0.537,-9.400,0.547,0.537,3.800,0.424,0.537,-9.500,0.558,0.537
20140504_0915,-24.670,179.120,529.600,KO.TAHT.,36.375,36.186,146.240,1682.994,1717.473,1728.466,154.000,1.482,0.130,0.125,0.126,0.127,0.127,-7.500,4.100,0.594,-0.635,1.600,0.134,0.134,14.000,0.142,0.134,-2.500,0.166,0.134,13.600,0.146,0.134,13.800,0.145,0.134
20140504_0915,-24.670,179.120,529.600,CN.FRB.,63.747,-68.545,121.809,1534.903,1548.447,1552.471,155.000,3.771,0.240,0.388,0.379,0.373,0.382,0.500,0.500,0.861,0.909,0.100,0.858,0.858,0.400,0.898,0.858,0.000,0.861,0.858,0.300,0.873,0.858,0.300,0.886,0.858
20140504_0915,-24.670,179.120,529.600,IS.HRFI.,30.040,35.030,147.790,1691.736,1727.865,1739.448,156.000,2.212,0.163,0.323,0.309,0.318,0.320,0.700,1.100,0.376,0.380,-4.900,0.578,0.578,7.100,0.525,0.578,6.200,0.665,0.578,6.500,0.641,0.578,6.700,0.605,0.578
20140504_0915,-24.670,179.120,529.600,EI.IDGL.,55.073,-7.510,149.205,1699.654,1737.317,1749.456,157.000,1.222,0.227,0.187,0.175,0.179,0.180,0.000,-3.200,0.702,-0.529,3.400,0.703,0.703,-2.700,0.518,0.703,-3.300,0.805,0.703,-3.400,0.828,0.703,-3.300,0.772,0.703
20140504_0915,-24.670,179.120,529.600,IV.IACL.,38.533,14.355,161.065,1763.423,1815.066,1832.443,158.000,2.371,0.193,0.256,0.247,0.239,0.249,-3.500,-3.500,0.532,0.737,-4.100,0.349,0.349,4.800,0.265,0.349,4.700,0.256,0.349,-4.700,0.253,0.349,4.700,0.262,0.349
20140504_0915,-24.670,179.120,529.600,XJ.PR33.,-2.839,36.139,134.748,1615.761,1639.151,1646.324,159.000,2.016,0.377,0.349,0.356,0.361,0.362,-0.100,0.000,0.735,0.689,-0.200,0.571,0.571,0.000,0.569,0.571,-0.300,0.576,0.571,-0.200,0.568,0.571,0.000,0.564,0.571
20140504_0915,-24.670,179.120,529.600,FR.ATE.01,43.086,-0.701,161.584,1766.105,1818.405,1836.033,160.000,0.000,,,,,,-16.000,-8.000,0.000,0.000,-16.000,0.000,0.000,-16.000,0.000,0.000,-16.000,0.000,0.000,-16.000,0.000,0.000,-16.000,0.000,0.000
20140504_0915,-24.670,179.120,529.600,IV.MCRV.,40.783,15.168,159.052,1752.913,1802.042,1818.464,161.000,1.254,-0.001,0.176,0.170,0.162,0.169,-5.100,-5.100,0.550,0.375,-7.500,0.622,0.622,-6.200,0.436,0.622,-12.900,0.720,0.622,-13.000,0.725,0.622,-12.900,0.720,0.622
20140504_0915,-24.670,179.120,529.600,GR.GOLD.,52.922,9.425,150.696,1707.920,1747.230,1759.971,162.000,0.765,0.366,0.139,0.141,0.138,0.136,2.200,-4.100,0.680,-0.777,5.500,0.367,0.367,-4.200,0.371,0.367,-4.300,0.365,0.367,-4.300,0.376,0.367,-4.300,0.373,0.367
20140504_0915,-24.670,179.120,529.600,YB.AT08.,38.804,36.927,145.192,1677.049,1710.427,1721.032,163.000,1.130,0.365,0.247,0.250,0.250,0.249,-5.500,-2.600,0.791,-0.273,-7.600,0.275,0.275,-2.800,0.318,0.275,-2.900,0.440,0.275,-2.900,0.403,0.275,-2.900,0.370,0.275
20140504_0915,-24.670,179.120,529.600,XJ.LN26.,-2.610,35.879,135.095,1617.852,1641.544,1648.820,164.000,2.025,0.485,0.430,0.466,0.475,0.458,2.400,2.400,0.829,0.832,1.500,0.811,0.811,1.700,0.790,0.811,1.300,0.811,0.811,1.300,0.807,0.811,1.500,0.798,0.811
20140504_0915,-24.670,179.120,529.600,IV.MTCE.,42.023,12.742,159.308,1754.261,1803.708,1820.250,165.000,0.941,0.219,0.164,0.160,0.159,0.162,5.000,1.100,0.725,-0.763,-3.400,0.580,0.580,4.500,0.803,0.580,4.400,0.797,0.580,4.300,0.797,0.580,4.400,0.800,0.580
20140504_0915,-24.670,179.120,529.600,CN.ICQ.,49.522,-67.271,123.624,1546.572,1561.322,1565.716,166.000,1.931,0.282,0.386,0.445,0.448,0.425,0.500,0.700,0.948,0.937,0.500,0.913,0.913,-0.300,0.901,0.913,-0.600,0.899,0.913,-0.300,0.900,0.913,-0.300,0.900,0.913
20140504_0915,-24.670,179.120,529.600,PL.NIE.,49.419,20.313,150.247,1705.436,1744.246,1756.804,167.000,1.141,0.022,0.011,0.012,0.010,0.012,-0.500,0.000,0.523,0.549,-0.500,0.494,0.494,-8.700,0.400,0.494,-8.700,0.377,0.494,-8.800,0.394,0.494,-8.800,0.394,0.494
20140504_0915,-24.670,179.120,529.600,II.BFO.00,48.330,8.330,155.252,1732.722,1777.265,1791.959,168.000,1.664,0.185,0.089,0.095,0.099,0.095,0.900,0.600,0.487,0.392,3.800,0.643,0.643,7.100,0.661,0.643,7.100,0.658,0.643,7.000,0.659,0.643,7.100,0.662,0.643
20140504_0915,-24.670,179.120,529.600,YQ.MBEY.,-9.000,33.250,132.661,1603.084,1624.699,1631.276,169.000,4.570,0.683,0.671,0.680,0.686,0.678,0.800,0.900,0.902,0.883,0.100,0.950,0.950,0.400,0.931,0.950,0.100,0.935,0.950,0.000,0.940,0.950,0.100,0.935,0.950
20140504_0915,-24.670,179.120,529.600,KO.CUKT.,37.247,43.608,140.236,1648.406,1676.826,1685.707,170.000,0.821,0.182,0.237,0.226,0.230,0.233,-8.500,-3.400,0.423,-0.434,3.500,0.490,0.490,0.000,0.541,0.490,3.900,0.472,0.490,4.000,0.454,0.490,4.200,0.421,0.490
20140504_0915,-24.670,179.120,529.600,GR.BFO.,48.330,8.330,155.252,1732.722,1777.265,1791.959,171.000,1.669,0.180,0.101,0.107,0.111,0.107,1.000,4.500,0.469,-0.773,3.800,0.631,0.631,7.000,0.697,0.631,7.100,0.694,0.631,7.000,0.697,0.631,7.000,0.699,0.631
20140504_0915,-24.670,179.120,529.600,TA.G61A.,45.283,-71.527,120.562,1526.826,1539.575,1543.357,172.000,3.241,0.363,0.289,0.271,0.273,0.277,0.600,0.600,0.693,0.767,0.800,0.823,0.823,0.300,0.913,0.823,0.000,0.903,0.823,0.200,0.904,0.823,0.300,0.909,0.823
20140504_0915,-24.670,179.120,529.600,GE.KIBK.,-2.359,38.043,133.567,1608.603,1630.979,1637.811,173.000,3.917,0.615,0.621,0.616,0.610,0.615,0.500,0.600,0.945,0.952,-0.200,0.852,0.852,0.000,0.825,0.852,-0.200,0.847,0.852,-0.300,0.846,0.852,-0.200,0.838,0.852
20140504_0915,-24.670,179.120,529.600,GE.SOCY.,12.520,53.987,126.941,1567.618,1584.729,1589.856,174.000,1.721,0.104,0.106,0.098,0.101,0.101,3.600,4.000,0.340,0.557,4.500,0.187,0.187,4.500,0.220,0.187,3.400,0.292,0.187,4.000,0.263,0.187,4.000,0.255,0.187
20140504_0915,-24.670,179.120,529.600,IV.PARC.,43.649,12.239,158.199,1748.424,1796.506,1812.532,175.000,1.301,0.100,0.092,0.091,0.081,0.086,2.700,-0.400,0.646,-0.666,-1.500,0.665,0.665,-1.100,0.585,0.665,-1.100,0.610,0.665,-1.300,0.633,0.665,-1.200,0.611,0.665
20140504_0915,-24.670,179.120,529.600,NR.NE211.,-22.854,22.207,127.461,1570.884,1588.384,1593.633,176.000,8.489,0.656,0.651,0.653,0.625,0.641,-0.700,-0.600,0.884,0.857,-1.100,0.730,0.730,-1.000,0.733,0.730,-1.000,0.729,0.730,-1.300,0.720,0.730,-1.100,0.726,0.730
20140504_0915,-24.670,179.120,529.600,TA.E64A.,46.418,-67.828,123.206,1543.895,1558.362,1562.669,177.000,2.809,0.411,0.436,0.414,0.438,0.440,-0.200,-0.100,0.858,0.874,-0.100,0.955,0.955,-0.800,0.948,0.955,-1.100,0.948,0.955,-0.800,0.952,0.955,-0.800,0.952,0.955
20140504_0915,-24.670,179.120,529.600,GT.BOSA.00,-28.614,25.256,121.083,1530.207,1543.285,1547.166,178.000,3.698,0.390,0.434,0.430,0.420,0.425,-1.800,-4.900,0.643,-0.454,3.600,0.650,0.650,3.800,0.632,0.650,3.800,0.629,0.650,3.700,0.649,0.650,3.700,0.631,0.650
20140504_0915,-24.670,179.120,529.600,HE.VAF.,63.047,22.668,138.559,1638.532,1665.365,1673.704,179.000,0.808,0.127,0.169,0.168,0.172,0.161,3.000,2.700,0.622,0.733,-1.500,0.593,0.593,0.600,0.626,0.593,0.100,0.669,0.593,0.000,0.674,0.593,0.100,0.659,0.593
20140504_0915,-24.670,179.120,529.600,KO.DIKM.,41.650,35.258,145.666,1679.743,1713.618,1724.397,180.000,2.896,0.112,0.077,0.079,0.078,0.079,0.800,4.300,0.494,-0.866,0.200,0.523,0.523,3.900,0.465,0.523,4.000,0.466,0.523,4.000,0.464,0.523,3.900,0.465,0.523
20140504_0915,-24.670,179.120,529.600,WM.AVE.,33.298,-7.413,169.657,1806.826,1869.750,1891.568,181.000,1.991,0.489,0.263,0.271,0.271,0.268,0.300,0.600,0.820,0.753,-0.300,0.811,0.811,-0.100,0.846,0.811,-0.100,0.865,0.811,-0.100,0.871,0.811,-0.200,0.857,0.811
20140504_0915,-24.670,179.120,529.600,YB.AT17.,37.747,37.520,144.949,1675.662,1708.788,1719.303,182.000,2.415,-0.008,0.055,0.041,0.041,0.043,-0.200,3.200,0.746,-0.875,8.900,0.434,0.434,-3.000,0.569,0.434,-3.400,0.559,0.434,-3.300,0.558,0.434,-3.200,0.569,0.434
20140504_0915,-24.670,179.120,529.600,IV.BOB.,44.768,9.448,158.226,1748.566,1796.681,1812.719,183.000,0.638,0.099,0.037,0.036,0.033,0.034,-0.100,0.400,0.889,0.913,-3.800,0.361,0.361,-3.000,0.285,0.361,-5.500,0.281,0.361,-2.900,0.285,0.361,-2.900,0.282,0.361
20140504_0915,-24.670,179.120,529.600,KO.SVRC.,38.377,39.306,143.452,1667.089,1698.680,1708.659,184.000,8.731,0.218,0.223,0.219,0.221,0.222,-4.200,-4.300,0.753,0.399,-3.800,0.652,0.652,-3.000,0.658,0.652,-3.400,0.675,0.652,-3.300,0.680,0.652,-3.200,0.674,0.652
20140504_0915,-24.670,179.120,529.600,GE.GHAJ.,31.303,35.566,147.293,1688.941,1724.538,1735.930,185.000,1.269,0.308,0.188,0.163,0.175,0.178,0.700,0.900,0.615,0.649,6.700,0.473,0.473,6.400,0.573,0.473,5.600,0.545,0.473,5.900,0.570,0.473,6.100,0.578,0.473
20140504_0915,-24.670,179.120,529.600,XK.W07CR.,-10.684,34.193,130.802,1591.671,1611.767,1617.844,186.000,4.983,0.429,0.478,0.476,0.465,0.474,1.300,4.800,0.633,-0.383,0.600,0.622,0.622,0.500,0.611,0.622,0.300,0.611,0.622,0.200,0.608,0.622,0.400,0.609,0.622
20140504_0915,-24.670,179.120,529.600,TH.MLFH.,50.790,12.081,152.036,1715.286,1756.103,1769.401,187.000,1.230,0.111,0.078,0.077,0.074,0.077,-9.200,3.400,0.701,-0.918,-0.600,0.756,0.756,-0.300,0.572,0.756,-0.400,0.569,0.756,-0.300,0.586,0.756,-0.400,0.571,0.756
20140504_0915,-24.670,179.120,529.600,XK.Z09CG.,-13.306,32.221,130.147,1587.623,1607.197,1613.104,188.000,0.697,0.092,0.083,0.087,0.092,0.088,0.300,-3.800,0.262,-0.306,2.100,0.788,0.788,2.000,0.792,0.788,1.900,0.780,0.788,1.700,0.766,0.788,1.800,0.779,0.788
20140504_0915,-24.670,179.120,529.600,MN.BNI.,45.052,6.678,158.719,1751.167,1799.886,1816.154,189.000,1.728,0.210,0.150,0.151,0.149,0.150,-2.300,-2.700,0.667,0.678,-5.000,0.532,0.532,-2.400,0.741,0.532,-2.400,0.741,0.532,-2.500,0.729,0.532,-2.400,0.737,0.532
20140504_0915,-24.670,179.120,529.600,TA.D62A.,47.082,-69.050,122.396,1538.689,1552.616,1556.758,190.000,5.708,0.414,0.554,0.540,0.553,0.555,0.200,0.300,0.923,0.924,-0.200,0.754,0.754,-0.200,0.904,0.754,-0.500,0.886,0.754,-0.200,0.895,0.754,-0.200,0.900,0.754
20140504_0915,-24.670,179.120,529.600,RN.BAVN.,51.738,7.122,152.250,1716.459,1757.520,1770.908,191.000,0.613,0.044,0.037,0.039,0.038,0.039,8.600,3.800,0.435,0.409,-11.400,0.348,0.348,-3.700,0.750,0.348,-3.600,0.749,0.348,-3.700,0.748,0.348,-3.600,0.750,0.348
20140504_0915,-24.670,179.120,529.600,IV.NOCI.,40.789,17.064,158.006,1747.401,1795.248,1811.185,192.000,1.375,0.051,0.144,0.144,0.148,0.145,-7.800,-4.000,0.619,-0.867,-5.400,0.619,0.619,-4.400,0.781,0.619,-4.500,0.800,0.619,-4.600,0.789,0.619,-4.500,0.789,0.619
20140504_0915,-24.670,179.120,529.600,XK.W05SL.,-13.763,34.383,128.417,1576.866,1595.094,1600.571,193.000,0.359,0.033,0.031,0.031,0.031,0.031,8.500,-4.100,0.719,-0.995,-9.300,0.264,0.264,-9.500,0.253,0.264,-9.700,0.250,0.264,-9.700,0.250,0.264,-9.600,0.251,0.264
20140504_0915,-24.670,179.120,529.600,IV.MONC.,45.074,7.927,158.387,1749.414,1797.726,1813.839,194.000,0.975,0.044,0.030,0.034,0.045,0.035,3.300,3.300,0.683,0.773,-5.500,0.574,0.574,-5.200,0.443,0.574,-5.200,0.438,0.574,-5.200,0.452,0.574,-5.200,0.443,0.574
20140504_0915,-24.670,179.120,529.600,YB.AT42.,38.275,33.873,147.638,1690.885,1726.852,1738.376,195.000,1.422,0.078,0.190,0.196,0.195,0.195,-8.900,-2.600,0.548,0.405,-8.800,0.627,0.627,-3.500,0.413,0.627,-3.400,0.505,0.627,-3.400,0.473,0.627,-3.400,0.452,0.627
20140504_0915,-24.670,179.120,529.600,IV.MGAB.,42.913,12.112,158.860,1751.906,1800.799,1817.132,196.000,1.344,0.206,0.226,0.227,0.229,0.228,1.200,1.100,0.833,0.828,-0.500,0.486,0.486,-0.100,0.677,0.486,-0.100,0.685,0.486,-0.200,0.685,0.486,-0.100,0.683,0.486
20140504_0915,-24.670,179.120,529.600,GE.STU.,48.772,9.195,154.633,1729.394,1773.212,1787.632,197.000,1.231,0.173,0.194,0.196,0.205,0.195,7.400,-1.600,0.393,-0.340,-10.800,0.433,0.433,-9.900,0.414,0.433,6.700,0.426,0.433,6.600,0.432,0.433,6.700,0.426,0.433
20140504_0915,-24.670,179.120,529.600,MN.RTC.,33.988,-6.857,169.330,1805.216,1867.693,1889.331,198.000,1.702,0.049,0.107,0.108,0.108,0.109,4.800,3.000,0.096,0.314,-3.000,0.311,0.311,-2.400,0.305,0.311,-2.200,0.308,0.311,-2.000,0.314,0.311,-2.200,0.312,0.311
20140504_0915,-24.670,179.120,529.600,GB.HMNX.,50.867,0.336,153.786,1724.816,1767.645,1781.692,199.000,1.392,-0.077,0.066,0.066,0.064,0.064,-4.500,-4.200,0.399,0.708,8.700,0.505,0.505,6.200,0.516,0.505,6.200,0.493,0.505,6.200,0.486,0.505,6.200,0.474,0.505
20140504_0915,-24.670,179.120,529.600,XJ.LN14.,-2.439,36.415,134.789,1616.005,1639.430,1646.615,200.000,3.124,0.685,0.686,0.682,0.687,0.690,0.200,0.300,0.955,0.974,-0.600,0.907,0.907,-0.400,0.889,0.907,-0.600,0.898,0.907,-0.600,0.904,0.907,-0.500,0.899,0.907
20140504_0915,-24.670,179.120,529.600,IV.PIGN.,41.200,14.180,159.258,1753.999,1803.384,1819.903,201.000,2.952,0.020,0.079,0.086,0.090,0.084,3.000,3.700,0.499,0.489,3.900,0.539,0.539,1.300,0.680,0.539,1.200,0.683,0.539,1.200,0.686,0.539,1.200,0.682,0.539
20140504_0915,-24.670,179.120,529.600,XK.W09TK.,-12.108,34.046,129.861,1585.849,1605.198,1611.033,202.000,3.387,0.562,0.530,0.542,0.547,0.547,1.000,0.900,0.898,0.940,0.100,0.851,0.851,0.000,0.845,0.851,-0.100,0.845,0.851,-0.200,0.844,0.851,-0.100,0.844,0.851
20140504_0915,-24.670,179.120,529.600,GB.KPL.,57.339,-5.653,147.151,1688.141,1723.587,1734.924,203.000,2.015,0.134,0.215,0.211,0.211,0.212,-3.700,-0.100,0.584,-0.593,2.000,0.688,0.688,5.100,0.666,0.688,4.600,0.656,0.688,4.200,0.659,0.688,4.500,0.672,0.688
20140504_0915,-24.670,179.120,529.600,IV.ATFO.,43.367,12.571,158.296,1748.935,1797.136,1813.207,204.000,0.564,0.155,0.103,0.095,0.088,0.096,7.400,4.200,0.590,-0.789,-3.500,0.381,0.381,-2.800,0.447,0.381,-2.900,0.467,0.381,-3.100,0.474,0.381,-2.900,0.464,0.381
20140504_0915,-24.670,179.120,529.600,CZ.MORC.,49.777,17.542,151.098,1710.135,1749.894,1762.800,205.000,1.332,0.107,0.381,0.384,0.388,0.382,-5.600,1.500,0.538,-0.569,-2.100,0.401,0.401,1.000,0.474,0.401,0.800,0.482,0.401,0.800,0.489,0.401,0.900,0.489,0.401
20140504_0915,-24.670,179.120,529.600,YB.AT34.,37.905,35.515,146.469,1684.291,1719.012,1730.091,206.000,0.992,0.096,0.239,0.229,0.232,0.236,-6.300,3.200,0.570,-0.574,-1.000,0.491,0.491,0.000,0.544,0.491,-0.800,0.583,0.491,-0.400,0.589,0.491,-0.100,0.603,0.491
20140504_0915,-24.670,179.120,529.600,TA.K63A.,42.689,-71.528,120.287,1525.039,1537.616,1541.345,207.000,4.040,0.371,0.355,0.298,0.319,0.336,-0.800,-4.600,0.681,-0.253,-0.400,0.559,0.559,3.200,0.658,0.559,3.200,0.660,0.559,3.300,0.673,0.559,3.200,0.668,0.559
20140504_0915,-24.670,179.120,529.600,GR.ZARR.,53.554,10.917,149.791,1702.911,1741.218,1753.591,208.000,1.496,0.119,0.089,0.091,0.088,0.092,-0.400,-4.400,0.754,-0.585,-6.400,0.695,0.695,-5.200,0.648,0.695,-5.200,0.645,0.695,-5.100,0.657,0.695,-5.100,0.657,0.695
20140504_0915,-24.670,179.120,529.600,FR.RUSF.05,43.936,5.483,160.046,1758.120,1808.483,1825.374,209.000,1.396,0.170,0.163,0.162,0.163,0.162,0.900,0.900,0.562,0.491,3.900,0.625,0.625,-1.900,0.674,0.625,-1.900,0.668,0.625,-2.000,0.666,0.625,-2.000,0.669,0.625
20140504_0915,-24.670,179.120,529.600,IV.ATVO.,43.382,12.407,158.351,1749.228,1797.496,1813.593,210.000,1.210,0.157,0.129,0.140,0.142,0.135,4.800,4.600,0.591,0.509,-7.900,0.567,0.567,1.400,0.626,0.567,1.200,0.633,0.567,1.100,0.623,0.567,1.200,0.629,0.567
20140504_0915,-24.670,179.120,529.600,RD.ORIF.,44.918,5.880,159.024,1752.766,1801.861,1818.270,211.000,2.191,-0.063,0.053,0.050,0.044,0.047,0.800,3.800,0.792,-0.685,-7.800,0.540,0.540,2.100,0.530,0.540,2.100,0.538,0.540,2.000,0.528,0.540,2.000,0.527,0.540
20140504_0915,-24.670,179.120,529.600,KP.UPNV.,72.783,-56.139,123.502,1545.792,1560.459,1564.828,212.000,2.448,0.358,0.210,0.259,0.271,0.242,0.700,0.800,0.948,0.963,0.500,0.868,0.868,0.200,0.930,0.868,-0.100,0.924,0.868,0.100,0.926,0.868,0.200,0.929,0.868
20140504_0915,-24.670,179.120,529.600,GE.MATE.,40.649,16.704,158.302,1748.967,1797.175,1813.249,213.000,1.376,0.018,-0.056,-0.045,-0.039,-0.051,-0.700,-0.600,0.804,0.765,-4.800,0.794,0.794,-4.400,0.931,0.794,-4.500,0.934,0.794,-4.600,0.928,0.794,-4.500,0.931,0.794
20140504_0915,-24.670,179.120,529.600,XJ.LN34.,-2.751,36.049,134.874,1616.523,1640.022,1647.232,214.000,2.237,0.467,0.457,0.473,0.472,0.469,1.100,1.000,0.600,0.658,0.600,0.383,0.383,0.700,0.356,0.383,0.500,0.377,0.383,0.400,0.378,0.383,0.500,0.366,0.383
20140504_0915,-24.670,179.120,529.600,IV.SNTG.,43.255,12.941,158.232,1748.596,1796.718,1812.759,215.000,0.813,0.023,0.062,0.088,0.093,0.083,-0.500,-0.500,0.576,0.615,-4.600,0.650,0.650,-4.300,0.538,0.650,-4.500,0.541,0.650,-4.500,0.554,0.650,-4.500,0.545,0.650
20140504_0915,-24.670,179.120,529.600,Y6.ALLY.,43.743,-65.096,125.041,1555.607,1571.340,1576.038,216.000,1.086,0.172,0.170,0.169,0.173,0.172,0.200,0.200,0.641,0.786,-0.200,0.788,0.788,0.000,0.781,0.788,-0.700,0.785,0.788,-0.100,0.801,0.788,-0.100,0.794,0.788
20140504_0915,-24.670,179.120,529.600,OE.RETA.,47.487,10.762,155.383,1733.429,1778.127,1792.880,217.000,0.781,0.018,0.231,-0.001,0.008,0.001,6.300,-2.200,0.457,-0.782,3.200,0.351,0.351,3.900,0.604,0.351,-2.900,0.499,0.351,-8.600,0.463,0.351,-2.900,0.480,0.351
20140504_0915,-24.670,179.120,529.600,EE.VSU.,58.462,26.735,140.979,1652.753,1681.890,1691.018,218.000,1.667,0.295,0.168,0.165,0.162,0.164,0.700,-2.900,0.704,-0.277,0.900,0.793,0.793,-8.200,0.458,0.793,-8.300,0.478,0.793,-8.400,0.481,0.793,-8.300,0.477,0.793
20140504_0915,-24.670,179.120,529.600,KO.KMRS.,37.509,36.900,145.476,1678.661,1712.336,1723.045,219.000,0.000,,,,,,-16.000,-8.000,0.000,0.000,-16.000,0.000,0.000,-16.000,0.000,0.000,-16.000,0.000,0.000,-16.000,0.000,0.000,-16.000,0.000,0.000
20140504_0915,-24.670,179.120,529.600,IV.FIAM.,42.268,13.117,158.945,1752.352,1801.349,1817.721,220.000,1.188,0.163,0.012,0.018,0.016,0.011,-0.700,-4.700,0.352,0.063,-13.500,0.589,0.589,-7.000,0.715,0.589,-7.100,0.714,0.589,-7.200,0.722,0.589,-7.100,0.718,0.589
20140504_0915,-24.670,179.120,529.600,NI.ACOM.,46.548,13.514,155.280,1732.874,1777.451,1792.158,221.000,0.985,0.316,0.280,0.270,0.271,0.273,-1.200,-1.200,0.598,0.689,-5.500,0.656,0.656,4.800,0.368,0.656,4.600,0.464,0.656,4.400,0.544,0.656,4.600,0.466,0.656
20140504_0915,-24.670,179.120,529.600,TA.H64A.,44.641,-69.220,122.136,1537.014,1550.771,1554.860,222.000,3.116,0.241,0.412,0.356,0.385,0.400,-0.900,-1.100,0.636,0.620,-1.500,0.559,0.559,-1.200,0.708,0.559,-1.700,0.665,0.559,-1.300,0.694,0.559,-1.300,0.701,0.559
20140504_0915,-24.670,179.120,529.600,YB.AT61.,37.450,32.362,149.001,1698.514,1735.953,1748.010,223.000,1.737,0.214,0.158,0.164,0.161,0.160,-9.500,-4.800,0.419,0.607,-6.600,0.796,0.796,-5.100,0.608,0.796,-5.400,0.590,0.796,-5.300,0.630,0.796,-5.200,0.626,0.796
20140504_0915,-24.670,179.120,529.600,GR.CLNZ.,52.942,10.954,150.350,1706.010,1744.936,1757.536,224.000,1.233,0.021,0.010,0.007,0.004,0.006,-7.500,0.400,0.445,-0.130,-6.200,0.380,0.380,-8.500,0.444,0.380,-8.500,0.437,0.380,-8.600,0.403,0.380,-8.600,0.418,0.380
20140504_0915,-24.670,179.120,529.600,Y6.MALY.,45.793,-63.355,126.300,1563.580,1580.218,1585.198,225.000,0.997,0.254,0.200,0.176,0.191,0.196,-0.600,-4.600,0.890,-0.524,-1.000,0.655,0.655,-1.700,0.660,0.655,-2.000,0.700,0.655,-1.700,0.678,0.655,-1.700,0.669,0.655
20140504_0915,-24.670,179.120,529.600,DK.NOR.,81.605,-16.661,122.724,1540.800,1554.944,1559.152,226.000,0.895,0.060,0.126,0.136,0.138,0.137,8.200,-3.800,0.624,-0.846,4.800,0.608,0.608,3.800,0.504,0.608,4.200,0.492,0.608,4.200,0.496,0.608,4.100,0.497,0.608
20140504_0915,-24.670,179.120,529.600,CH.MUGIO.,45.922,9.042,157.301,1743.667,1790.657,1806.271,227.000,1.705,-0.012,0.004,0.004,0.003,0.003,-7.300,-1.900,0.396,0.214,-8.300,0.348,0.348,-12.500,0.293,0.348,-12.600,0.292,0.348,-12.600,0.281,0.348,-12.600,0.292,0.348
20140504_0915,-24.670,179.120,529.600,AF.GETA.,-2.866,33.241,136.927,1628.836,1654.163,1661.993,228.000,3.884,0.659,0.639,0.658,0.665,0.651,1.300,1.200,0.893,0.842,0.900,0.839,0.839,1.100,0.829,0.839,0.800,0.842,0.839,0.600,0.832,0.839,0.900,0.829,0.839
20140504_0915,-24.670,179.120,529.600,PR.MTP.,18.097,-65.553,119.945,1522.809,1535.174,1538.839,229.000,1.476,0.439,0.377,0.386,0.372,0.375,1.100,1.300,0.909,0.911,0.200,0.833,0.833,0.900,0.805,0.833,0.300,0.792,0.833,0.900,0.786,0.833,0.900,0.802,0.833
20140504_0915,-24.670,179.120,529.600,MN.TIP.,39.179,16.758,159.227,1753.832,1803.177,1819.681,230.000,0.689,0.088,0.149,0.157,0.160,0.154,-0.300,0.100,0.383,0.314,-0.200,0.607,0.607,8.000,0.396,0.607,7.900,0.387,0.607,7.800,0.384,0.607,7.900,0.390,0.607
20140504_0915,-24.670,179.120,529.600,NR.NE202.,-24.114,21.782,126.503,1564.862,1581.650,1586.676,231.000,9.746,0.556,0.568,0.562,0.555,0.560,4.800,-0.700,0.553,0.348,4.500,0.592,0.592,4.700,0.580,0.592,4.600,0.581,0.592,4.500,0.584,0.592,4.600,0.582,0.592
20140504_0915,-24.670,179.120,529.600,GR.UBBA.,50.819,10.001,152.540,1718.041,1759.433,1772.945,232.000,1.760,0.340,0.250,0.255,0.257,0.256,8.000,4.000,0.686,-0.680,0.500,0.841,0.841,0.600,0.712,0.841,0.500,0.718,0.841,0.400,0.720,0.841,0.500,0.716,0.841
20140504_0915,-24.670,179.120,529.600,NR.NE201.,-24.515,23.933,125.260,1556.999,1572.887,1577.634,233.000,1.076,0.210,0.214,0.213,0.210,0.212,6.300,0.300,0.106,-0.139,5.800,0.177,0.177,6.100,0.171,0.177,6.100,0.171,0.177,6.000,0.178,0.177,6.000,0.176,0.177
20140504_0915,-24.670,179.120,529.600,CH.PLONS.,47.049,9.381,156.175,1737.669,1783.308,1798.414,234.000,0.938,0.081,0.156,0.148,0.140,0.150,2.800,3.500,0.528,0.380,1.500,0.673,0.673,-2.500,0.424,0.673,-2.600,0.415,0.673,-2.600,0.389,0.673,-2.500,0.423,0.673
20140504_0915,-24.670,179.120,529.600,ZR.N1305.,66.383,14.068,137.237,1630.683,1656.294,1664.219,235.000,0.581,-0.025,0.082,0.082,0.082,0.082,3.100,2.900,0.727,0.748,-3.400,0.507,0.507,-1.300,0.570,0.507,-1.400,0.566,0.507,-1.400,0.565,0.507,-1.400,0.566,0.507
20140504_0915,-24.670,179.120,529.600,YQ.NKAL.,-9.188,33.774,132.166,1600.058,1621.263,1627.704,236.000,1.524,0.386,0.366,0.367,0.365,0.364,0.700,0.800,0.951,0.943,0.000,0.686,0.686,0.300,0.689,0.686,0.000,0.685,0.686,-0.200,0.689,0.686,0.100,0.685,0.686
20140504_0915,-24.670,179.120,529.600,1G.SA44.,63.705,12.348,140.003,1647.039,1675.236,1684.041,237.000,0.997,0.089,0.112,0.108,0.103,0.106,-0.100,-0.800,0.854,0.859,-2.700,0.756,0.756,-1.700,0.764,0.756,-1.700,0.767,0.756,-1.700,0.772,0.756,-1.700,0.768,0.756
20140504_0915,-24.670,179.120,529.600,IV.HLNI.,37.348,14.872,161.530,1765.826,1818.058,1835.660,238.000,1.749,0.108,0.111,0.119,0.120,0.113,3.100,-0.800,0.841,-0.943,3.900,0.656,0.656,5.100,0.726,0.656,5.200,0.663,0.656,5.100,0.652,0.656,5.100,0.679,0.656
20140504_0915,-24.670,179.120,529.600,GU.STV.,44.245,7.326,159.315,1754.295,1803.749,1820.295,239.000,1.582,0.143,0.247,0.252,0.255,0.250,-9.400,-2.800,0.570,0.066,-10.500,0.501,0.501,-0.800,0.707,0.501,-0.800,0.707,0.501,-0.900,0.700,0.501,-0.800,0.704,0.501
20140504_0915,-24.670,179.120,529.600,IV.PLAC.,38.449,16.438,159.877,1757.238,1807.390,1824.200,240.000,2.398,0.333,0.433,0.434,0.432,0.433,-0.900,2.500,0.591,-0.465,0.900,0.832,0.832,1.200,0.824,0.832,1.000,0.821,0.832,1.000,0.823,0.832,1.100,0.823,0.832
20140504_0915,-24.670,179.120,529.600,GT.DBIC.00,6.670,-4.857,161.602,1766.198,1818.521,1836.157,241.000,7.122,0.465,0.397,0.416,0.461,0.449,1.700,1.900,0.982,0.988,1.600,0.979,0.979,1.900,0.984,0.979,1.800,0.984,0.979,1.300,0.984,0.979,1.400,0.984,0.979
20140504_0915,-24.670,179.120,529.600,SX.MULD.,50.412,12.404,152.284,1716.646,1757.746,1771.149,242.000,1.700,0.185,0.148,0.141,0.142,0.140,-2.600,-2.500,0.639,0.752,-1.600,0.764,0.764,-2.000,0.574,0.764,-2.000,0.577,0.764,-2.000,0.585,0.764,-2.000,0.577,0.764
20140504_0915,-24.670,179.120,529.600,SI.KOSI.,46.463,11.378,156.101,1737.275,1782.825,1797.898,243.000,0.953,0.136,0.141,0.142,0.141,0.144,4.000,4.200,0.576,0.728,2.800,0.575,0.575,-1.500,0.787,0.575,-1.500,0.781,0.575,-1.500,0.765,0.575,-1.500,0.785,0.575
20140504_0915,-24.670,179.120,529.600,1G.SA18.,66.739,23.564,135.249,1618.779,1642.605,1649.926,244.000,4.821,0.281,0.256,0.256,0.255,0.255,-2.400,-2.900,0.850,0.871,-6.600,0.591,0.591,-5.000,0.413,0.591,-5.000,0.487,0.591,-5.100,0.512,0.591,-5.000,0.471,0.591
20140504_0915,-24.670,179.120,529.600,IV.FRES.,41.974,14.669,158.437,1749.681,1798.054,1814.191,245.000,1.068,0.287,-0.223,-0.223,-0.218,-0.220,7.500,3.600,0.781,-0.627,-0.400,0.663,0.663,4.300,0.700,0.663,4.100,0.706,0.663,4.000,0.698,0.663,4.200,0.700,0.663
20140504_0915,-24.670,179.120,529.600,FR.RUSF.03,43.936,5.466,160.049,1758.136,1808.503,1825.395,246.000,1.441,0.177,0.170,0.171,0.172,0.170,0.900,1.000,0.698,0.657,3.800,0.564,0.564,-1.700,0.572,0.564,-1.700,0.568,0.564,-1.800,0.566,0.564,-1.700,0.568,0.564
20140504_0915,-24.670,179.120,529.600,KO.ILIC.,39.452,38.568,143.810,1669.146,1701.101,1711.206,247.000,0.000,,,,,,-16.000,-8.000,0.000,0.000,-16.000,0.000,0.000,-16.000,0.000,0.000,-16.000,0.000,0.000,-16.000,0.000,0.000,-16.000,0.000,0.000
20140504_0915,-24.670,179.120,529.600,KO.KVT.,41.081,36.046,145.271,1677.499,1710.960,1721.594,248.000,6.935,0.181,0.181,0.188,0.187,0.184,2.000,-0.800,0.932,-0.598,-5.600,0.489,0.489,4.900,0.502,0.489,5.000,0.541,0.489,5.000,0.520,0.489,4.900,0.505,0.489
20140504_0915,-24.670,179.120,529.600,FR.MON.00,43.730,7.425,159.766,1756.658,1806.673,1823.431,249.000,1.352,-0.119,-0.106,-0.106,-0.108,-0.107,8.200,2.500,0.426,0.409,3.700,0.312,0.312,5.300,0.515,0.312,5.200,0.511,0.312,5.100,0.502,0.312,5.200,0.508,0.312
20140504_0915,-24.670,179.120,529.600,FN.OUL.,65.086,25.893,136.081,1623.779,1648.343,1655.915,250.000,0.912,0.205,-0.023,-0.034,-0.031,-0.035,-6.100,-5.300,0.704,0.752,3.100,0.559,0.559,3.400,0.610,0.559,3.400,0.611,0.559,3.400,0.614,0.559,3.400,0.601,0.559
20140504_0915,-24.670,179.120,529.600,OE.FETA.,47.021,10.729,155.811,1735.722,1780.928,1795.871,251.000,1.425,0.119,0.212,0.212,0.214,0.214,-8.100,-2.400,0.665,0.022,-1.300,0.553,0.553,-0.300,0.714,0.553,-0.300,0.703,0.553,-0.300,0.711,0.553,-0.300,0.717,0.553
20140504_0915,-24.670,179.120,529.600,GR.TMO22.,49.219,8.185,154.448,1728.393,1771.993,1786.331,252.000,1.723,0.132,0.121,0.122,0.106,0.117,-7.700,-4.800,0.586,-0.662,-4.900,0.539,0.539,-11.700,0.341,0.539,-11.600,0.339,0.539,-4.000,0.345,0.539,-11.600,0.337,0.539
20140504_0915,-24.670,179.120,529.600,MN.TRI.,45.709,13.764,155.884,1736.116,1781.408,1796.384,253.000,1.700,0.116,-0.060,-0.066,0.283,-0.066,3.300,-1.100,0.646,-0.271,0.800,0.704,0.704,-4.000,0.555,0.704,-4.000,0.557,0.704,-0.100,0.671,0.704,-4.000,0.554,0.704
20140504_0915,-24.670,179.120,529.600,IV.SOLUN.,38.092,13.533,161.838,1767.419,1820.043,1837.794,254.000,0.773,-0.206,-0.132,-0.114,-0.093,-0.111,2.800,3.100,0.473,0.627,1.800,0.589,0.589,1.300,0.638,0.589,1.300,0.644,0.589,1.300,0.649,0.589,1.300,0.643,0.589
20140504_0915,-24.670,179.120,529.600,TH.PLN.,50.485,12.157,152.288,1716.668,1757.773,1771.178,255.000,0.890,0.158,0.173,0.170,0.170,0.171,8.400,-4.100,0.525,-0.782,-0.500,0.453,0.453,8.500,0.428,0.453,8.500,0.436,0.453,8.400,0.447,0.453,8.500,0.437,0.453
20140504_0915,-24.670,179.120,529.600,CH.FUSIO.,46.455,8.663,156.915,1741.615,1788.139,1803.578,256.000,2.781,0.099,0.013,0.013,0.014,0.012,3.300,-4.400,0.622,-0.725,-4.300,0.528,0.528,-3.200,0.658,0.528,-3.200,0.644,0.528,-3.300,0.635,0.528,-3.200,0.648,0.528
20140504_0915,-24.670,179.120,529.600,NA.SEUT.,17.471,-62.976,122.071,1536.596,1550.310,1554.386,257.000,0.351,0.033,0.022,0.025,0.024,0.023,11.100,-0.600,0.281,-0.999,-8.800,0.500,0.500,-8.600,0.510,0.500,-9.100,0.487,0.500,-8.700,0.497,0.500,-8.600,0.508,0.500
20140504_0915,-24.670,179.120,529.600,CZ.TREC.,49.295,15.487,152.256,1716.493,1757.562,1770.953,258.000,0.912,0.176,0.146,0.151,0.150,0.151,-1.900,-1.700,0.515,0.482,-10.900,0.367,0.367,-10.900,0.339,0.367,-10.900,0.356,0.367,-11.000,0.360,0.367,-11.000,0.355,0.367
20140504_0915,-24.670,179.120,529.600,NR.NE018.,52.968,7.097,151.068,1709.972,1749.698,1762.593,259.000,1.588,0.041,0.021,0.022,0.023,0.023,7.800,1.900,0.573,-0.415,4.800,0.470,0.470,-6.900,0.328,0.470,-6.900,0.326,0.470,-7.000,0.326,0.470,-7.000,0.327,0.470
20140504_0915,-24.670,179.120,529.600,OE.DAVA.,47.287,9.880,155.820,1735.769,1780.984,1795.931,260.000,1.292,0.220,0.108,0.105,0.112,0.107,3.000,3.500,0.795,0.801,1.200,0.776,0.776,3.000,0.388,0.776,3.000,0.392,0.776,2.800,0.414,0.776,3.000,0.391,0.776
20140504_0915,-24.670,179.120,529.600,PL.BEL.,51.837,20.792,148.210,1694.096,1730.678,1742.424,261.000,1.181,-0.038,-0.105,-0.104,-0.103,-0.105,-0.100,4.600,0.862,0.719,-13.700,0.260,0.260,5.800,0.114,0.260,5.800,0.102,0.260,5.900,0.091,0.260,5.800,0.098,0.260
20140504_0915,-24.670,179.120,529.600,IM.EKB.,55.334,-3.192,149.289,1700.119,1737.874,1750.045,262.000,1.108,0.123,0.231,0.217,0.205,0.216,1.000,4.500,0.628,-0.779,4.300,0.672,0.672,-0.700,0.855,0.672,-1.100,0.758,0.672,-1.300,0.709,0.672,-1.100,0.772,0.672
20140504_0915,-24.670,179.120,529.600,OE.ARSA.,47.250,15.523,153.927,1725.580,1768.572,1782.682,263.000,2.054,-0.005,-0.108,-0.098,-0.097,-0.103,1.300,2.400,0.607,0.352,-6.500,0.451,0.451,10.100,0.452,0.451,10.000,0.495,0.451,9.800,0.515,0.451,9.900,0.490,0.451
20140504_0915,-24.670,179.120,529.600,NL.VKB.,50.867,5.785,153.304,1722.205,1764.476,1778.315,264.000,0.770,0.033,0.037,0.038,0.036,0.037,-9.000,-0.600,0.429,-0.164,-3.800,0.518,0.518,-3.200,0.699,0.518,-3.200,0.697,0.518,-3.300,0.704,0.518,-3.300,0.699,0.518
20140504_0915,-24.670,179.120,529.600,IV.GALF.,37.711,14.566,161.485,1765.598,1817.773,1835.353,265.000,1.585,0.202,0.138,0.136,0.134,0.138,1.900,1.300,0.385,0.186,13.700,0.483,0.483,4.100,0.512,0.483,4.200,0.484,0.483,-0.400,0.476,0.483,4.100,0.485,0.483
20140504_0915,-24.670,179.120,529.600,TA.J62A.,43.226,-71.813,120.144,1524.105,1536.593,1540.296,266.000,2.702,0.342,0.352,0.290,0.311,0.332,-0.100,-4.700,0.764,-0.240,-0.800,0.505,0.505,-0.300,0.524,0.505,4.800,0.520,0.505,-0.200,0.475,0.505,-0.200,0.498,0.505
20140504_0915,-24.670,179.120,529.600,YB.AT49.,38.514,32.253,148.797,1697.378,1734.596,1746.573,267.000,2.065,0.136,0.115,0.118,0.119,0.118,-3.900,-4.000,0.402,0.504,-4.400,0.643,0.643,-12.100,0.529,0.643,-12.100,0.495,0.643,-12.100,0.509,0.643,-12.100,0.521,0.643
20140504_0915,-24.670,179.120,529.600,IV.MSSA.,44.316,9.517,158.609,1750.583,1799.167,1815.382,268.000,1.087,0.242,0.181,0.172,0.166,0.175,4.200,-4.700,0.488,-0.512,1.000,0.826,0.826,1.200,0.709,0.826,1.100,0.709,0.826,1.000,0.719,0.826,1.100,0.712,0.826
20140504_0915,-24.670,179.120,529.600,TA.L63A.,41.863,-71.609,120.126,1523.987,1536.464,1540.163,269.000,5.073,0.438,0.476,0.463,0.466,0.473,0.700,0.600,0.727,0.757,0.700,0.565,0.565,0.300,0.812,0.565,0.100,0.797,0.565,0.400,0.807,0.565,0.300,0.811,0.565
20140504_0915,-24.670,179.120,529.600,YB.AT48.,36.619,36.414,146.017,1681.734,1715.979,1726.888,270.000,2.030,0.175,0.173,0.169,0.172,0.175,0.600,-2.000,0.552,-0.749,-2.100,0.498,0.498,-1.200,0.683,0.498,-1.500,0.704,0.498,-1.400,0.699,0.498,-1.300,0.695,0.498
20140504_0915,-24.670,179.120,529.600,YB.AT24.,38.165,35.902,146.114,1682.284,1716.630,1727.576,271.000,0.934,0.249,0.204,0.201,0.200,0.201,-6.000,0.700,0.469,-0.656,-2.600,0.645,0.645,-0.100,0.540,0.645,0.200,0.479,0.645,0.000,0.480,0.645,-0.100,0.494,0.645
20140504_0915,-24.670,179.120,529.600,XK.B1665.,-22.825,27.229,125.231,1556.815,1572.683,1577.423,272.000,14.976,0.729,0.772,0.771,0.757,0.765,0.300,0.400,0.913,0.912,-0.200,0.920,0.920,0.000,0.934,0.920,-0.100,0.932,0.920,-0.300,0.924,0.920,-0.100,0.929,0.920
20140504_0915,-24.670,179.120,529.600,XJ.PR63.,-2.993,35.507,135.134,1618.090,1641.816,1649.103,273.000,4.559,0.517,0.516,0.538,0.533,0.519,2.100,2.200,0.770,0.649,1.000,0.786,0.786,1.100,0.785,0.786,0.800,0.795,0.786,0.900,0.791,0.786,1.000,0.787,0.786
20140504_0915,-24.670,179.120,529.600,FR.URDF.00,43.438,-0.593,161.230,1764.277,1816.129,1833.586,274.000,0.689,0.137,0.067,0.069,0.071,0.069,-8.900,-4.800,0.426,-0.526,2.100,0.345,0.345,-1.900,0.454,0.345,-1.800,0.451,0.345,-1.800,0.449,0.345,-1.800,0.449,0.345
20140504_0915,-24.670,179.120,529.600,XK.Z05CS.,-13.167,30.878,131.093,1593.463,1613.793,1619.946,275.000,0.362,-0.007,-0.020,-0.018,-0.015,-0.017,8.200,-4.600,0.707,-0.952,-10.300,0.154,0.154,-10.300,0.185,0.154,-10.400,0.172,0.154,-10.600,0.154,0.154,-10.400,0.173,0.154
20140504_0915,-24.670,179.120,529.600,KO.LADK.,38.200,32.365,148.801,1697.397,1734.619,1746.597,276.000,0.668,0.172,0.062,0.060,0.062,0.062,-1.500,-4.600,0.569,-0.450,2.300,0.646,0.646,3.300,0.482,0.646,3.300,0.574,0.646,3.300,0.555,0.646,3.300,0.526,0.646
20140504_0915,-24.670,179.120,529.600,YB.AT54.,37.476,34.882,147.051,1687.577,1722.916,1734.215,277.000,1.406,0.036,0.015,0.018,0.015,0.013,0.000,0.100,0.741,0.641,-6.100,0.498,0.498,9.400,0.436,0.498,-1.200,0.456,0.498,-6.300,0.369,0.498,9.400,0.410,0.498
20140504_0915,-24.670,179.120,529.600,XK.B01KR.,-22.238,26.718,125.978,1561.544,1577.948,1582.855,278.000,13.807,0.706,0.725,0.726,0.729,0.723,0.800,1.000,0.948,0.956,0.500,0.939,0.939,0.500,0.953,0.939,0.500,0.952,0.939,0.300,0.949,0.939,0.500,0.950,0.939
20140504_0915,-24.670,179.120,529.600,SX.WIMM.,51.521,11.505,151.525,1712.485,1752.725,1765.809,279.000,1.620,0.200,-0.063,-0.060,-0.057,-0.061,-5.600,1.300,0.522,-0.341,3.100,0.554,0.554,-4.300,0.380,0.554,-4.400,0.383,0.554,-4.400,0.375,0.554,-4.400,0.379,0.554
20140504_0915,-24.670,179.120,529.600,LX.MORF.,37.304,-8.653,165.730,1787.275,1844.936,1864.643,280.000,1.774,0.081,-0.028,-0.048,-0.059,-0.043,1.000,0.800,0.796,0.718,1.400,0.723,0.723,1.500,0.754,0.723,1.600,0.726,0.723,1.600,0.698,0.723,1.500,0.726,0.723
20140504_0915,-24.670,179.120,529.600,YQ.MATA.,-8.959,33.969,132.195,1600.235,1621.463,1627.912,281.000,2.356,0.506,0.516,0.517,0.513,0.513,0.900,1.200,0.960,0.948,0.200,0.752,0.752,0.400,0.738,0.752,0.100,0.749,0.752,0.000,0.755,0.752,0.200,0.746,0.752
20140504_0915,-24.670,179.120,529.600,KO.LOD.,39.888,32.763,148.010,1692.973,1729.339,1741.008,282.000,0.954,0.059,0.047,0.047,0.047,0.046,-7.500,0.500,0.466,-0.162,-2.900,0.564,0.564,-2.200,0.587,0.564,-2.200,0.618,0.564,-2.200,0.605,0.564,-2.200,0.599,0.564
20140504_0915,-24.670,179.120,529.600,GE.SUMG.,72.574,-38.462,127.872,1573.459,1591.271,1596.617,283.000,1.027,0.128,0.012,0.076,0.090,0.056,2.300,2.400,0.827,0.721,1.900,0.857,0.857,1.400,0.835,0.857,1.300,0.834,0.857,1.400,0.831,0.857,1.500,0.835,0.857
20140504_0915,-24.670,179.120,529.600,HE.JOF.,62.919,31.309,136.199,1624.483,1649.152,1656.759,284.000,1.711,0.166,0.149,0.147,0.141,0.145,-3.900,-4.400,0.566,0.615,9.500,0.420,0.420,9.500,0.417,0.420,9.800,0.387,0.420,10.000,0.372,0.420,9.800,0.394,0.420
20140504_0915,-24.670,179.120,529.600,IV.ORI.,40.051,16.450,158.845,1751.825,1800.699,1817.025,285.000,1.227,0.158,0.315,0.314,0.314,0.313,0.900,4.400,0.710,-0.936,-1.600,0.565,0.565,-1.300,0.616,0.565,-1.400,0.599,0.565,-1.400,0.600,0.565,-1.300,0.606,0.565
20140504_0915,-24.670,179.120,529.600,FR.ESCA.01,43.831,7.374,159.687,1756.243,1806.158,1822.879,286.000,0.360,0.029,0.066,0.065,0.063,0.065,4.200,-4.300,0.325,-0.654,-8.600,0.615,0.615,-7.300,0.391,0.615,-7.700,0.391,0.615,-7.600,0.396,0.615,-7.500,0.394,0.615
20140504_0915,-24.670,179.120,529.600,CZ.NKC.,50.233,12.448,152.431,1717.448,1758.716,1772.181,287.000,1.992,0.289,0.144,0.140,0.150,0.139,-2.000,-1.800,0.595,0.455,5.400,0.487,0.487,-1.900,0.653,0.487,-2.000,0.648,0.487,-2.100,0.629,0.487,-2.100,0.647,0.487
20140504_0915,-24.670,179.120,529.600,TA.I62A.,43.874,-71.336,120.559,1526.805,1539.552,1543.333,288.000,3.931,0.333,0.455,0.439,0.444,0.449,0.600,0.700,0.851,0.922,0.900,0.773,0.773,0.100,0.864,0.773,-0.100,0.866,0.773,0.000,0.857,0.773,0.100,0.859,0.773
20140504_0915,-24.670,179.120,529.600,GR.ASSE.,52.130,10.673,151.167,1710.518,1750.355,1763.290,289.000,1.701,0.250,-0.126,-0.118,-0.110,-0.120,-5.100,-1.300,0.541,-0.574,3.900,0.455,0.455,3.400,0.417,0.455,3.300,0.393,0.455,-8.600,0.393,0.455,3.300,0.401,0.455
20140504_0915,-24.670,179.120,529.600,YQ.UKWA.,-9.454,34.216,131.671,1597.022,1617.821,1624.128,290.000,3.765,0.202,0.185,0.186,0.189,0.188,0.700,1.000,0.653,0.811,-13.200,0.222,0.222,-13.200,0.241,0.222,-13.400,0.230,0.222,-13.500,0.216,0.222,-13.300,0.235,0.222
20140504_0915,-24.670,179.120,529.600,GU.ENR.,44.227,7.420,159.307,1754.256,1803.701,1820.243,291.000,1.569,0.177,0.164,0.160,0.157,0.160,6.900,3.900,0.731,-0.140,-1.200,0.382,0.382,8.800,0.452,0.382,8.800,0.451,0.382,8.700,0.444,0.382,8.800,0.448,0.382
20140504_0915,-24.670,179.120,529.600,TA.L64A.,41.936,-70.839,120.704,1527.745,1540.583,1544.392,292.000,3.327,0.493,0.521,0.481,0.501,0.513,0.200,0.300,0.907,0.947,0.500,0.810,0.810,-0.100,0.844,0.810,-0.500,0.808,0.810,-0.200,0.831,0.810,-0.100,0.841,0.810
20140504_0915,-24.670,179.120,529.600,XK.Q02GG.,-13.292,35.030,128.340,1576.384,1594.553,1600.012,293.000,0.358,0.034,0.032,0.032,0.032,0.033,8.300,-4.200,0.720,-0.997,-9.200,0.262,0.262,-9.400,0.252,0.262,-9.700,0.248,0.262,-9.700,0.248,0.262,-9.600,0.250,0.262
20140504_0915,-24.670,179.120,529.600,ZR.N1303.,66.042,14.995,137.422,1631.784,1657.565,1665.548,294.000,0.592,-0.009,-0.101,-0.100,-0.102,-0.102,11.600,-0.100,0.283,-0.830,5.800,0.633,0.633,8.400,0.463,0.633,8.400,0.468,0.633,8.400,0.472,0.633,8.400,0.468,0.633
20140504_0915,-24.670,179.120,529.600,NL.GUR1.,51.169,5.785,153.011,1720.610,1762.542,1776.255,295.000,1.523,0.085,0.022,0.025,0.026,0.024,2.500,-1.100,0.405,-0.688,-0.100,0.571,0.571,2.100,0.547,0.571,2.100,0.530,0.571,2.000,0.532,0.571,2.000,0.535,0.571
20140504_0915,-24.670,179.120,529.600,IV.OFFI.,42.935,13.686,158.161,1748.224,1796.260,1812.269,296.000,1.964,0.073,0.057,0.066,0.078,0.066,8.300,-5.500,0.460,-0.650,-2.400,0.521,0.521,4.600,0.431,0.521,4.500,0.458,0.521,4.300,0.460,0.521,4.500,0.449,0.521
20140504_0915,-24.670,179.120,529.600,IV.HAVL.,36.960,15.122,161.613,1766.258,1818.596,1836.238,297.000,2.670,0.252,0.140,0.136,0.134,0.138,0.800,0.600,0.695,0.607,9.300,0.566,0.566,3.200,0.596,0.566,3.300,0.583,0.566,3.200,0.578,0.566,3.200,0.582,0.566
20140504_0915,-24.670,179.120,529.600,FR.CALF.00,43.753,6.922,159.879,1757.250,1807.405,1824.217,298.000,1.305,0.116,0.074,0.073,0.068,0.070,2.000,2.100,0.390,0.407,-5.700,0.593,0.593,-3.800,0.511,0.593,-3.800,0.508,0.593,-3.900,0.508,0.593,-3.800,0.509,0.593
20140504_0915,-24.670,179.120,529.600,IV.NOV.,38.029,15.136,160.937,1762.757,1814.238,1831.554,299.000,1.596,0.149,0.124,0.122,0.122,0.126,-10.100,-1.100,0.579,0.376,-4.400,0.910,0.910,-4.500,0.824,0.910,-4.700,0.827,0.910,-4.700,0.850,0.910,-4.600,0.840,0.910
20140504_0915,-24.670,179.120,529.600,GE.DSB.,53.245,-6.376,151.127,1710.295,1750.087,1763.005,300.000,1.508,0.088,0.043,0.041,0.035,0.035,4.900,4.600,0.719,0.684,4.200,0.554,0.554,6.600,0.590,0.554,6.100,0.584,0.554,0.500,0.594,0.554,6.300,0.594,0.554
20140504_0915,-24.670,179.120,529.600,KO.SENK.,40.561,42.350,140.752,1651.429,1680.347,1689.399,301.000,0.822,0.029,0.147,0.147,0.147,0.147,0.100,0.200,0.966,0.787,-0.700,0.815,0.815,-1.800,0.861,0.815,-1.200,0.868,0.815,-1.300,0.866,0.815,-1.500,0.859,0.815
20140504_0915,-24.670,179.120,529.600,GB.DRUM.,56.913,-2.487,147.736,1691.436,1727.508,1739.071,302.000,1.267,0.305,0.282,0.274,0.269,0.273,8.400,4.600,0.607,-0.749,1.900,0.568,0.568,11.400,0.621,0.568,11.100,0.586,0.568,10.900,0.574,0.568,11.000,0.610,0.568
20140504_0915,-24.670,179.120,529.600,PR.CUPR.,18.307,-65.283,120.255,1524.828,1537.385,1541.108,303.000,0.967,0.231,0.223,0.222,0.212,0.219,9.200,1.800,0.251,0.022,1.800,0.519,0.519,1.500,0.703,0.519,0.900,0.756,0.519,1.400,0.725,0.519,1.500,0.707,0.519
20140504_0915,-24.670,179.120,529.600,XK.B17CI.,-19.294,22.909,130.309,1588.622,1608.325,1614.274,304.000,0.348,0.012,0.004,0.004,0.006,0.005,8.400,-4.200,0.767,-0.978,-9.500,0.286,0.286,-9.300,0.303,0.286,-9.400,0.300,0.286,-9.700,0.289,0.286,-9.500,0.297,0.286
20140504_0915,-24.670,179.120,529.600,KO.CANT.,40.606,33.619,147.165,1688.222,1723.683,1735.026,305.000,1.036,0.039,0.078,0.081,0.080,0.080,-7.900,-3.600,0.475,-0.761,-12.700,0.443,0.443,3.200,0.712,0.443,3.400,0.677,0.443,3.300,0.682,0.443,3.200,0.694,0.443
20140504_0915,-24.670,179.120,529.600,IV.HCRL.,37.283,15.033,161.471,1765.522,1817.679,1835.252,306.000,2.516,0.290,0.120,0.128,0.132,0.126,1.800,2.100,0.893,0.927,1.900,0.743,0.743,-4.000,0.526,0.743,-4.000,0.517,0.743,-4.000,0.528,0.743,-4.100,0.528,0.743
20140504_0915,-24.670,179.120,529.600,YQ.MAKE.,-9.265,34.097,131.889,1598.356,1619.333,1625.698,307.000,2.883,0.521,0.524,0.525,0.521,0.522,0.900,1.000,0.806,0.813,0.100,0.869,0.869,0.200,0.845,0.869,0.000,0.852,0.869,-0.100,0.862,0.869,0.000,0.851,0.869
20140504_0915,-24.670,179.120,529.600,KO.ESPY.,40.917,38.727,143.362,1666.570,1698.069,1708.016,308.000,0.000,,,,,,-16.000,-8.000,0.000,0.000,-16.000,0.000,0.000,-16.000,0.000,0.000,-16.000,0.000,0.000,-16.000,0.000,0.000,-16.000,0.000,0.000
20140504_0915,-24.670,179.120,529.600,XK.W13CC.,-14.548,35.181,127.316,1569.976,1587.367,1592.582,309.000,0.475,0.026,0.023,0.024,0.025,0.024,2.800,-4.500,0.498,-0.744,-9.200,0.561,0.561,-9.300,0.546,0.561,-9.500,0.542,0.561,-9.400,0.538,0.561,-9.400,0.543,0.561
20140504_0915,-24.670,179.120,529.600,YB.AT52.,37.915,33.863,147.735,1691.427,1727.497,1739.059,310.000,1.532,0.200,0.203,0.210,0.212,0.211,-7.200,-3.700,0.490,-0.450,6.400,0.371,0.371,-7.600,0.508,0.371,-7.400,0.555,0.371,-7.400,0.551,0.371,-7.400,0.537,0.371
20140504_0915,-24.670,179.120,529.600,IV.SIRI.,40.182,15.868,159.087,1753.101,1802.274,1818.713,311.000,1.079,-0.179,-0.049,-0.056,0.147,-0.051,-1.400,-4.400,0.516,-0.886,2.800,0.441,0.441,1.000,0.667,0.441,1.200,0.669,0.441,-8.200,0.670,0.441,1.200,0.663,0.441
20140504_0915,-24.670,179.120,529.600,CH.BERNI.,46.414,10.023,156.569,1739.775,1785.885,1801.168,312.000,0.429,0.103,-0.037,-0.038,-0.036,-0.037,2.700,1.900,0.746,0.473,10.200,0.641,0.641,7.700,0.324,0.641,7.800,0.298,0.641,7.800,0.276,0.641,7.700,0.293,0.641
20140504_0915,-24.670,179.120,529.600,NL.WTSB.01,51.966,6.799,152.083,1715.544,1756.416,1769.733,313.000,0.332,-0.021,-0.019,-0.019,-0.019,-0.019,-0.100,-0.800,0.963,0.986,-11.000,0.454,0.454,-12.200,0.435,0.454,-12.100,0.433,0.454,-12.200,0.429,0.454,-12.100,0.431,0.454
20140504_0915,-24.670,179.120,529.600,CH.BALST.,47.336,7.695,156.331,1738.506,1784.332,1799.508,314.000,1.699,0.054,0.177,0.188,0.202,0.191,0.900,-2.300,0.498,-0.036,0.700,0.729,0.729,-2.600,0.836,0.729,-2.600,0.830,0.729,-2.600,0.844,0.729,-2.600,0.842,0.729
20140504_0915,-24.670,179.120,529.600,GU.MAIM.,43.914,10.491,158.634,1750.717,1799.332,1815.559,315.000,1.290,0.096,0.184,0.185,0.183,0.191,7.400,3.900,0.590,-0.767,-3.300,0.499,0.499,-3.600,0.582,0.499,-3.700,0.589,0.499,-0.900,0.810,0.499,-0.900,0.810,0.499
20140504_0915,-24.670,179.120,529.600,GE.EIL.,29.670,34.951,147.861,1692.137,1728.343,1739.954,316.000,1.479,0.036,0.153,0.142,0.162,0.156,7.400,1.300,0.355,0.352,1.100,0.531,0.531,0.400,0.642,0.531,-0.700,0.588,0.531,-0.300,0.619,0.531,0.000,0.635,0.531
20140504_0915,-24.670,179.120,529.600,XK.B02LT.,-21.393,25.581,127.245,1569.531,1586.869,1592.068,317.000,15.110,0.707,0.709,0.710,0.713,0.707,1.100,1.200,0.952,0.958,0.600,0.950,0.950,0.500,0.935,0.950,0.500,0.935,0.950,0.300,0.941,0.950,0.400,0.935,0.950
20140504_0915,-24.670,179.120,529.600,SI.ROSI.,46.928,11.412,155.680,1735.022,1780.072,1794.957,318.000,0.869,0.156,0.154,0.151,0.147,0.147,7.000,3.800,0.488,-0.454,-6.000,0.557,0.557,9.000,0.463,0.557,8.800,0.445,0.557,8.600,0.441,0.557,8.700,0.455,0.557
20140504_0915,-24.670,179.120,529.600,OE.CONA.,47.928,15.862,153.243,1721.872,1764.072,1777.884,319.000,1.255,0.143,0.133,0.133,0.133,0.133,9.500,-1.800,0.471,-0.926,-5.500,0.352,0.352,-6.900,0.351,0.352,-7.000,0.351,0.352,-7.200,0.352,0.352,-7.200,0.347,0.352
20140504_0915,-24.670,179.120,529.600,FR.MLS.00,42.958,1.095,161.640,1766.398,1818.770,1836.425,320.000,1.605,-0.014,0.101,0.099,0.101,0.102,-0.900,2.900,0.535,-0.547,-5.500,0.649,0.649,6.500,0.598,0.649,6.700,0.618,0.649,6.900,0.641,0.649,6.700,0.619,0.649
20140504_0915,-24.670,179.120,529.600,FR.BLAF.00,43.951,6.045,159.907,1757.395,1807.585,1824.410,321.000,0.964,0.274,-0.075,-0.070,-0.065,-0.071,8.800,4.700,0.580,-0.320,0.700,0.374,0.374,5.500,0.787,0.374,5.500,0.790,0.374,5.400,0.791,0.374,5.500,0.789,0.374
20140504_0915,-24.670,179.120,529.600,YB.AT59.,37.283,33.820,147.916,1692.447,1728.712,1740.344,322.000,0.741,-0.050,-0.074,-0.080,-0.075,-0.074,8.500,0.100,0.412,-0.137,-2.900,0.585,0.585,-3.500,0.583,0.585,-3.300,0.712,0.585,-3.300,0.697,0.585,-3.300,0.663,0.585
20140504_0915,-24.670,179.120,529.600,LX.MESJ.,37.840,-8.220,165.425,1785.736,1842.997,1862.545,323.000,3.605,0.198,0.207,0.202,0.208,0.203,0.600,1.000,0.879,0.906,1.300,0.958,0.958,1.500,0.843,0.958,1.400,0.796,0.958,1.200,0.754,0.958,1.300,0.797,0.958
20140504_0915,-24.670,179.120,529.600,FR.EILF.00,43.548,7.131,160.015,1757.958,1808.282,1825.158,324.000,0.383,0.044,-0.054,-0.055,-0.055,-0.055,0.300,0.900,0.456,0.370,3.200,0.382,0.382,4.000,0.451,0.382,3.900,0.463,0.382,3.900,0.470,0.382,3.900,0.461,0.382
20140504_0915,-24.670,179.120,529.600,DK.BSD.,55.114,14.915,147.405,1689.574,1725.290,1736.725,325.000,1.435,0.186,0.059,0.062,0.068,0.066,4.600,-4.000,0.473,-0.401,6.700,0.501,0.501,8.700,0.593,0.501,8.600,0.598,0.501,8.500,0.605,0.501,8.600,0.601,0.501
20140504_0915,-24.670,179.120,529.600,IV.MPNC.,38.146,15.353,160.730,1761.683,1812.904,1830.120,326.000,1.028,0.131,-0.085,-0.080,-0.078,-0.080,-1.500,-1.500,0.674,0.579,-4.900,0.614,0.614,-5.900,0.533,0.614,-5.900,0.553,0.614,-5.900,0.547,0.614,-5.900,0.542,0.614
20140504_0915,-24.670,179.120,529.600,IV.ATTE.,43.198,12.354,158.525,1750.143,1798.624,1814.801,327.000,1.206,0.036,0.041,0.042,0.042,0.038,-0.900,-1.700,0.719,0.502,-12.100,0.464,0.464,-12.200,0.531,0.464,-12.200,0.513,0.464,-12.300,0.491,0.464,-12.200,0.512,0.464
20140504_0915,-24.670,179.120,529.600,TA.E60A.,46.369,-71.447,120.712,1527.799,1540.642,1544.453,328.000,2.253,0.386,0.379,0.354,0.365,0.370,0.400,0.500,0.559,0.602,0.800,0.852,0.852,-0.100,0.871,0.852,-0.300,0.880,0.852,-0.100,0.898,0.852,-0.100,0.887,0.852
20140504_0915,-24.670,179.120,529.600,KO.CORM.,40.179,34.630,146.560,1684.804,1719.621,1730.735,329.000,1.667,0.193,0.170,0.165,0.165,0.166,-2.600,-2.400,0.845,0.888,-9.300,0.523,0.523,-7.500,0.534,0.523,2.800,0.527,0.523,2.900,0.486,0.523,-7.900,0.427,0.523
20140504_0915,-24.670,179.120,529.600,TA.G64A.,45.253,-68.756,122.505,1539.389,1553.388,1557.551,330.000,2.185,0.261,0.090,0.100,0.097,0.091,4.300,4.200,0.574,0.765,3.600,0.659,0.659,3.500,0.642,0.659,3.000,0.672,0.659,3.500,0.646,0.659,3.500,0.641,0.659
20140504_0915,-24.670,179.120,529.600,IV.MTTG.,38.003,15.700,160.609,1761.052,1812.120,1829.279,331.000,0.994,0.092,0.080,0.087,0.088,0.082,-2.000,-4.700,0.512,-0.542,2.800,0.519,0.519,3.400,0.517,0.519,3.100,0.516,0.519,3.000,0.527,0.519,3.200,0.520,0.519
20140504_0915,-24.670,179.120,529.600,TA.I63A.,44.050,-70.581,121.117,1530.428,1543.527,1547.416,332.000,1.319,0.174,0.237,0.218,0.233,0.238,0.100,-3.900,0.595,-0.210,-0.800,0.433,0.433,-1.100,0.506,0.433,-1.700,0.495,0.433,-1.200,0.482,0.433,-1.100,0.498,0.433
20140504_0915,-24.670,179.120,529.600,FR.SAOF.00,43.987,7.555,159.493,1755.229,1804.904,1821.533,333.000,1.143,0.185,0.103,0.113,0.113,0.112,-8.100,-3.700,0.534,-0.426,-8.000,0.682,0.682,-6.500,0.564,0.682,-6.700,0.563,0.682,-6.800,0.571,0.682,-6.700,0.568,0.682
20140504_0915,-24.670,179.120,529.600,TH.BBWF.,50.735,10.504,152.496,1717.802,1759.144,1772.637,334.000,3.400,0.147,0.162,0.159,0.166,0.158,-2.300,2.000,0.411,-0.695,-1.800,0.692,0.692,-1.900,0.834,0.692,-2.000,0.829,0.692,-2.000,0.823,0.692,-2.000,0.829,0.692
20140504_0915,-24.670,179.120,529.600,Y6.EDEY.,45.441,-62.319,127.030,1568.181,1585.358,1590.506,335.000,1.278,0.242,0.267,0.254,0.256,0.261,0.600,0.800,0.717,0.694,0.700,0.628,0.628,-0.200,0.549,0.628,-0.500,0.584,0.628,-0.200,0.573,0.628,-0.200,0.561,0.628
20140504_0915,-24.670,179.120,529.600,FR.TRBF.00,44.105,3.959,160.168,1758.756,1809.272,1826.220,336.000,1.030,0.029,-0.100,-0.097,-0.091,-0.094,-3.600,-3.600,0.634,0.658,-8.100,0.788,0.788,-6.100,0.758,0.788,-6.000,0.770,0.788,-6.000,0.808,0.788,-6.000,0.794,0.788
20140504_0915,-24.670,179.120,529.600,G.CLF.00,48.026,2.260,156.513,1739.474,1785.516,1800.774,337.000,1.120,0.251,-0.007,-0.008,-0.009,-0.011,4.300,4.300,0.755,0.808,4.400,0.795,0.795,-1.500,0.667,0.795,-1.600,0.615,0.795,9.500,0.600,0.795,9.500,0.586,0.795
20140504_0915,-24.670,179.120,529.600,GB.EDI.,55.923,-3.188,148.701,1696.841,1733.955,1745.893,338.000,0.970,0.223,0.155,0.160,0.168,0.163,-1.200,-1.400,0.416,0.329,-1.400,0.610,0.610,2.700,0.468,0.610,-0.100,0.520,0.610,-0.100,0.512,0.610,-0.100,0.507,0.610
20140504_0915,-24.670,179.120,529.600,YB.AT51.,38.008,33.380,148.081,1693.369,1729.811,1741.507,339.000,0.573,0.066,0.010,0.016,0.016,0.014,-12.000,-1.300,0.421,-0.700,-14.300,0.286,0.286,6.900,0.353,0.286,-3.900,0.356,0.286,-3.900,0.324,0.286,-3.900,0.306,0.286
20140504_0915,-24.670,179.120,529.600,CZ.DPC.,50.350,16.322,151.079,1710.032,1749.771,1762.670,340.000,3.770,0.205,0.224,0.226,0.231,0.228,-3.400,-2.900,0.626,0.706,0.000,0.572,0.572,-7.700,0.644,0.572,-7.800,0.623,0.572,-7.900,0.620,0.572,-7.800,0.628,0.572
20140504_0915,-24.670,179.120,529.600,IV.ALJA.,37.749,13.754,161.943,1767.962,1820.720,1838.523,341.000,2.487,-0.106,-0.008,-0.027,-0.037,-0.021,-3.300,-1.900,0.445,0.258,6.300,0.428,0.428,6.000,0.441,0.428,6.100,0.436,0.428,6.200,0.434,0.428,6.100,0.439,0.428
20140504_0915,-24.670,179.120,529.600,GE.APE.,37.073,25.523,154.294,1727.563,1770.984,1785.254,342.000,1.559,0.261,0.230,0.238,0.238,0.236,-3.800,-0.500,0.642,-0.732,-2.200,0.597,0.597,1.600,0.471,0.597,1.200,0.542,0.597,1.300,0.512,0.597,1.400,0.499,0.597
20140504_0915,-24.670,179.120,529.600,FR.CORF.00,42.298,9.153,160.521,1760.595,1811.553,1828.670,343.000,0.563,0.018,0.022,0.022,0.022,0.022,-9.900,-1.000,0.257,-0.591,6.900,0.271,0.271,7.000,0.288,0.271,6.900,0.293,0.271,6.800,0.305,0.271,6.900,0.295,0.271
20140504_0915,-24.670,179.120,529.600,IV.PSB1.,41.223,14.811,158.921,1752.226,1801.194,1817.555,344.000,1.601,0.051,0.106,0.102,0.102,0.103,8.400,-2.500,0.554,-0.427,0.800,0.492,0.492,6.500,0.604,0.492,6.500,0.600,0.492,6.400,0.590,0.492,6.500,0.596,0.492
20140504_0915,-24.670,179.120,529.600,IV.PIPA.,39.485,16.816,158.998,1752.634,1801.697,1818.095,345.000,1.010,0.030,-0.023,-0.024,-0.024,-0.023,4.500,-4.400,0.727,-0.619,2.500,0.490,0.490,-2.100,0.371,0.490,-2.200,0.368,0.490,-2.300,0.358,0.490,-2.200,0.367,0.490
20140504_0915,-24.670,179.120,529.600,IV.FVI.,46.597,12.780,155.505,1734.085,1778.928,1793.735,346.000,0.620,-0.074,0.014,0.015,0.015,0.016,-6.500,-3.800,0.720,-0.009,-11.500,0.503,0.503,-13.300,0.402,0.503,-13.300,0.398,0.503,-13.200,0.387,0.503,-13.200,0.401,0.503
20140504_0915,-24.670,179.120,529.600,IV.CERT.,41.949,12.982,159.258,1753.998,1803.382,1819.901,347.000,1.795,0.136,0.096,0.096,0.095,0.096,-5.000,1.600,0.652,-0.131,-3.600,0.921,0.921,4.200,0.655,0.921,4.100,0.652,0.921,4.000,0.649,0.921,4.100,0.652,0.921
20140504_0915,-24.670,179.120,529.600,IV.SSY.,37.158,15.074,161.522,1765.789,1818.012,1835.610,348.000,0.863,0.079,-0.065,-0.059,-0.057,-0.061,1.700,1.700,0.695,0.678,10.400,0.593,0.593,4.500,0.357,0.593,-4.100,0.359,0.593,-4.200,0.349,0.593,11.100,0.346,0.593
20140504_0915,-24.670,179.120,529.600,TH.HKWD.,50.830,12.268,151.948,1714.806,1755.524,1768.785,349.000,2.181,0.290,0.277,0.269,0.259,0.270,-0.800,-0.500,0.671,0.799,-0.600,0.259,0.259,-0.600,0.698,0.259,-0.700,0.665,0.259,-0.700,0.652,0.259,-0.700,0.659,0.259
20140504_0915,-24.670,179.120,529.600,Y6.SUSY.,45.717,-65.432,124.851,1554.399,1569.998,1574.655,350.000,1.046,0.249,0.171,0.184,0.163,0.160,1.200,1.500,0.739,0.693,1.000,0.834,0.834,1.100,0.789,0.834,0.300,0.741,0.834,0.800,0.755,0.834,1.000,0.768,0.834
20140504_0915,-24.670,179.120,529.600,IV.ZCCA.,44.351,10.976,158.082,1747.806,1795.746,1811.718,351.000,1.109,0.135,0.105,0.107,0.109,0.108,0.900,1.500,0.620,0.498,-3.300,0.728,0.728,0.900,0.435,0.728,0.900,0.390,0.728,1.000,0.382,0.728,0.900,0.396,0.728
20140504_0915,-24.670,179.120,529.600,CZ.KRLC.,50.097,16.834,151.104,1710.169,1749.935,1762.844,352.000,2.587,0.238,0.104,0.108,0.113,0.109,10.600,4.600,0.542,-0.717,12.200,0.582,0.582,-4.200,0.587,0.582,-4.400,0.576,0.582,-4.400,0.578,0.582,-4.300,0.581,0.582
20140504_0915,-24.670,179.120,529.600,GR.BRG.,50.873,13.944,151.420,1711.907,1752.028,1765.068,353.000,1.850,0.251,0.301,0.289,0.289,0.288,-2.400,-2.200,0.797,0.878,0.600,0.704,0.704,0.000,0.649,0.704,0.100,0.663,0.704,0.200,0.680,0.704,0.200,0.658,0.704
20140504_0915,-24.670,179.120,529.600,MN.VLC.,44.159,10.386,158.457,1749.783,1798.180,1814.326,354.000,1.104,0.010,0.168,0.158,0.160,0.163,3.100,0.400,0.713,0.252,11.800,0.290,0.290,2.300,0.330,0.290,2.300,0.336,0.290,11.700,0.365,0.290,2.300,0.338,0.290
20140504_0915,-24.670,179.120,529.600,GE.IBBN.,52.306,7.759,151.595,1712.869,1753.187,1766.300,355.000,0.880,-0.031,0.084,0.079,0.073,0.078,3.400,1.100,0.654,0.705,-0.100,0.426,0.426,4.700,0.648,0.426,4.700,0.642,0.426,4.700,0.644,0.426,4.700,0.646,0.426
20140504_0915,-24.670,179.120,529.600,IV.JOPP.,38.607,15.886,160.115,1758.479,1808.928,1825.852,356.000,2.463,0.348,0.285,0.293,0.293,0.289,0.800,4.600,0.829,-0.833,1.700,0.805,0.805,4.400,0.744,0.805,4.300,0.736,0.805,4.200,0.735,0.805,4.300,0.739,0.805
20140504_0915,-24.670,179.120,529.600,XJ.LL23.,-2.297,35.690,135.440,1619.928,1643.923,1651.301,357.000,2.722,0.554,0.541,0.563,0.565,0.557,1.500,1.600,0.792,0.776,0.700,0.649,0.649,1.000,0.643,0.649,0.600,0.661,0.649,0.600,0.660,0.649,0.800,0.649,0.649
20140504_0915,-24.670,179.120,529.600,GB.HTL.,50.994,-4.485,153.530,1723.428,1765.960,1779.896,358.000,1.409,0.025,0.011,0.006,0.004,0.010,4.800,4.800,0.498,0.729,9.300,0.557,0.557,-7.100,0.475,0.557,-7.100,0.456,0.557,-7.200,0.445,0.557,-7.100,0.453,0.557
20140504_0915,-24.670,179.120,529.600,GR.BSEG.,53.936,10.316,149.562,1701.639,1739.693,1751.974,359.000,2.592,0.279,0.285,0.286,0.289,0.289,2.300,2.500,0.630,0.587,6.800,0.431,0.431,-6.000,0.399,0.431,-6.000,0.417,0.431,-6.200,0.428,0.431,-6.200,0.418,0.431
20140504_0915,-24.670,179.120,529.600,YB.AT50.,38.300,32.878,148.386,1695.077,1731.848,1743.663,360.000,1.991,0.067,0.252,0.041,0.037,0.035,-4.700,-5.100,0.336,0.380,-1.400,0.787,0.787,-11.500,0.427,0.787,-1.200,0.636,0.787,-1.200,0.608,0.787,-1.300,0.590,0.787
20140504_0915,-24.670,179.120,529.600,RO.BUR31.,47.644,25.200,149.131,1699.240,1736.822,1748.931,361.000,2.390,-0.008,-0.009,-0.010,-0.017,-0.005,1.400,1.000,0.818,0.732,1.000,0.782,0.782,-0.500,0.699,0.782,-0.600,0.718,0.782,-0.800,0.721,0.782,-0.600,0.720,0.782
20140504_0915,-24.670,179.120,529.600,GR.TNS.,50.224,8.449,153.443,1722.959,1765.390,1779.289,362.000,2.395,0.198,0.163,0.161,0.161,0.164,-0.800,-4.200,0.586,-0.663,-8.500,0.865,0.865,-6.400,0.623,0.865,-6.400,0.614,0.865,-6.500,0.623,0.865,-6.500,0.620,0.865
20140504_0915,-24.670,179.120,529.600,TA.E63A.,46.422,-68.462,122.770,1541.093,1555.268,1559.485,363.000,4.980,0.490,0.452,0.402,0.425,0.438,-0.100,0.200,0.891,0.886,-0.200,0.769,0.769,-0.700,0.841,0.769,-1.000,0.846,0.769,-0.800,0.840,0.769,-0.800,0.840,0.769
20140504_0915,-24.670,179.120,529.600,GB.SWN1.,51.513,-1.800,153.148,1721.352,1763.442,1777.214,364.000,1.499,0.122,-0.071,-0.072,-0.073,-0.069,2.000,2.000,0.771,0.802,0.000,0.887,0.887,2.800,0.812,0.887,2.800,0.816,0.887,2.700,0.800,0.887,2.700,0.804,0.887
20140504_0915,-24.670,179.120,529.600,GR.A055.,52.405,9.823,151.100,1710.149,1749.911,1762.818,365.000,1.097,0.037,0.075,0.076,0.078,0.077,-3.900,-4.100,0.314,0.635,-5.600,0.410,0.410,-2.500,0.479,0.410,-2.500,0.483,0.410,-2.500,0.478,0.410,-2.500,0.479,0.410
20140504_0915,-24.670,179.120,529.600,LD.UNH.,43.093,-70.865,120.816,1528.473,1541.381,1545.211,366.000,2.791,0.333,0.463,0.410,0.424,0.438,0.200,0.700,0.645,0.650,0.900,0.671,0.671,0.100,0.730,0.671,-0.200,0.696,0.671,0.000,0.716,0.671,0.100,0.722,0.671
20140504_0915,-24.670,179.120,529.600,1G.SA55.,62.719,10.040,141.255,1654.364,1683.770,1692.991,367.000,1.985,0.076,0.147,0.141,0.141,0.141,0.300,4.200,0.702,0.799,-4.000,0.235,0.235,-2.700,0.286,0.235,-2.700,0.287,0.235,-2.700,0.289,0.235,-2.600,0.287,0.235
20140504_0915,-24.670,179.120,529.600,KO.BZK.,41.960,34.004,146.449,1684.179,1718.879,1729.950,368.000,1.124,0.080,0.242,0.242,0.242,0.244,-2.800,1.700,0.671,-0.722,-1.900,0.666,0.666,9.700,0.527,0.666,9.800,0.588,0.666,9.800,0.572,0.666,9.800,0.550,0.666
20140504_0915,-24.670,179.120,529.600,WI.SAM.00,14.841,-61.164,122.843,1541.566,1555.789,1560.022,369.000,1.756,0.228,0.497,0.534,0.520,0.501,0.800,1.100,0.826,0.739,0.900,0.853,0.853,0.500,0.831,0.853,0.000,0.851,0.853,0.400,0.845,0.853,0.500,0.832,0.853
20140504_0915,-24.670,179.120,529.600,MN.PDG.,42.430,19.261,155.690,1735.072,1780.134,1795.022,370.000,0.808,0.140,0.179,0.169,0.166,0.173,-9.600,2.700,0.602,-0.495,-11.200,0.450,0.450,-13.300,0.555,0.450,-13.300,0.551,0.450,-13.300,0.533,0.450,-13.300,0.552,0.450
20140504_0915,-24.670,179.120,529.600,GB.SOFL.,62.069,-6.966,142.376,1660.874,1691.384,1700.987,371.000,1.089,0.159,0.202,0.193,0.202,0.195,-0.400,2.300,0.456,-0.436,7.000,0.395,0.395,8.900,0.382,0.395,8.500,0.363,0.395,8.200,0.348,0.395,8.400,0.361,0.395
20140504_0915,-24.670,179.120,529.600,IV.OSSC.,43.524,11.246,158.693,1751.027,1799.715,1815.970,372.000,2.297,0.150,0.230,0.228,0.228,0.231,0.500,-0.200,0.880,0.643,-2.300,0.527,0.527,-1.700,0.561,0.527,-1.800,0.565,0.527,-1.900,0.566,0.527,-1.800,0.564,0.527
20140504_0915,-24.670,179.120,529.600,FR.CHMF.00,47.248,6.652,156.640,1740.154,1786.349,1801.664,373.000,1.021,0.101,-0.117,-0.116,-0.113,-0.116,7.800,-2.600,0.344,0.055,-2.500,0.682,0.682,2.500,0.594,0.682,2.500,0.592,0.682,2.500,0.579,0.682,2.500,0.587,0.682
20140504_0915,-24.670,179.120,529.600,YB.AT04.,38.628,38.139,144.304,1671.976,1704.435,1714.717,374.000,3.644,0.175,0.190,0.201,0.200,0.196,0.000,0.000,0.933,0.938,-4.200,0.508,0.508,-3.500,0.621,0.508,-3.900,0.542,0.508,-3.700,0.561,0.508,-3.600,0.586,0.508
20140504_0915,-24.670,179.120,529.600,IV.CAMP.,42.536,13.409,158.601,1750.543,1799.118,1815.330,375.000,1.755,0.092,0.022,0.014,0.007,0.015,-2.100,-2.000,0.495,0.583,-0.300,0.682,0.682,-0.400,0.710,0.682,-0.500,0.696,0.682,-0.600,0.691,0.682,-0.500,0.700,0.682
20140504_0915,-24.670,179.120,529.600,YB.AT22.,38.591,34.990,146.712,1685.665,1720.644,1731.815,376.000,1.547,0.320,0.265,0.267,0.265,0.263,0.300,-3.700,0.630,-0.322,-7.200,0.431,0.431,-5.100,0.559,0.431,-0.100,0.537,0.431,-5.600,0.466,0.431,-5.400,0.518,0.431
20140504_0915,-24.670,179.120,529.600,TA.F63A.,45.703,-69.103,122.289,1537.998,1551.854,1555.974,377.000,2.357,0.290,0.455,0.379,0.404,0.429,-0.500,-0.300,0.807,0.871,-0.700,0.836,0.836,-0.700,0.910,0.836,-1.100,0.890,0.836,-0.700,0.911,0.836,-0.600,0.913,0.836
20140504_0915,-24.670,179.120,529.600,KO.AYDB.,37.947,27.891,152.228,1716.338,1757.374,1770.753,378.000,0.610,0.240,0.219,0.211,0.212,0.217,-0.900,-4.100,0.485,-0.003,4.600,0.572,0.572,-12.600,0.305,0.572,-12.600,0.304,0.572,-12.600,0.305,0.572,-12.600,0.303,0.572
20140504_0915,-24.670,179.120,529.600,KO.MERS.,36.868,34.522,147.459,1689.877,1725.652,1737.107,379.000,1.148,0.086,0.174,0.163,0.165,0.168,-4.200,-4.000,0.609,0.746,-10.200,0.639,0.639,-5.400,0.490,0.639,-4.800,0.641,0.639,-4.800,0.666,0.639,-4.900,0.620,0.639
20140504_0915,-24.670,179.120,529.600,TA.M66A.,41.259,-70.135,121.146,1530.613,1543.731,1547.625,380.000,3.285,0.256,0.279,0.263,0.279,0.277,-0.200,-5.000,0.431,-0.319,4.700,0.373,0.373,-1.300,0.445,0.373,3.800,0.429,0.373,4.000,0.384,0.373,-1.400,0.411,0.373
20140504_0915,-24.670,179.120,529.600,KO.YER.,37.134,28.284,152.201,1716.192,1757.198,1770.566,381.000,0.723,0.049,-0.064,-0.067,-0.068,-0.064,1.100,-1.100,0.481,-0.653,-12.400,0.392,0.392,6.200,0.427,0.392,6.500,0.328,0.392,6.300,0.355,0.392,6.100,0.382,0.392
20140504_0915,-24.670,179.120,529.600,NO.SPB3.00,78.174,16.358,125.902,1561.068,1577.418,1582.308,382.000,0.873,0.129,-0.196,-0.203,-0.210,-0.205,-1.900,-4.600,0.670,-0.935,-4.800,0.659,0.659,-4.600,0.552,0.659,-4.600,0.557,0.659,-4.500,0.563,0.659,-4.500,0.560,0.659
20140504_0915,-24.670,179.120,529.600,IV.IVPL.,38.376,14.980,160.805,1762.070,1813.385,1830.637,383.000,0.732,0.130,0.258,0.253,0.251,0.255,-1.000,-3.700,0.692,-0.772,4.500,0.484,0.484,4.900,0.481,0.484,4.700,0.476,0.484,4.600,0.482,0.484,4.800,0.481,0.484
20140504_0915,-24.670,179.120,529.600,YB.AT06.,39.673,35.667,145.933,1681.256,1715.412,1726.290,384.000,2.555,0.176,0.079,0.097,0.089,0.083,-3.800,-0.200,0.517,-0.677,-0.300,0.477,0.477,0.200,0.714,0.477,0.100,0.820,0.477,0.200,0.796,0.477,0.200,0.769,0.477
20140504_0915,-24.670,179.120,529.600,YB.AT10.,38.012,37.861,144.635,1673.872,1706.673,1717.075,385.000,0.350,0.033,0.032,0.032,0.032,0.032,-0.100,4.200,0.812,0.979,-1.400,0.204,0.204,-14.400,0.231,0.204,1.800,0.150,0.204,-14.600,0.169,0.204,-14.500,0.192,0.204
20140504_0915,-24.670,179.120,529.600,GU.GORR.,44.607,9.293,158.419,1749.583,1797.934,1814.062,386.000,0.747,0.114,0.060,0.062,0.064,0.062,2.400,2.400,0.849,0.876,4.100,0.527,0.527,-5.900,0.580,0.527,-6.000,0.571,0.527,-6.000,0.560,0.527,-6.000,0.569,0.527
20140504_0915,-24.670,179.120,529.600,SX.TANN.,50.415,12.461,152.265,1716.540,1757.619,1771.014,387.000,1.728,0.225,0.188,0.185,0.180,0.185,7.300,3.000,0.408,-0.563,-0.900,0.623,0.623,-1.100,0.552,0.623,6.500,0.554,0.623,6.500,0.567,0.623,6.400,0.561,0.623
20140504_0915,-24.670,179.120,529.600,IV.MSFR.,38.034,14.592,161.260,1764.430,1816.319,1833.790,388.000,1.091,0.021,0.116,0.113,0.107,0.116,2.100,-1.300,0.702,-0.552,2.000,0.488,0.488,10.700,0.395,0.488,10.800,0.360,0.488,10.800,0.326,0.488,10.800,0.361,0.488
20140504_0915,-24.670,179.120,529.600,XJ.KEN4.,-1.784,36.054,135.482,1620.183,1644.215,1651.606,389.000,3.195,0.481,0.439,0.481,0.479,0.466,1.500,1.500,0.868,0.819,1.200,0.702,0.702,1.600,0.682,0.702,1.200,0.706,0.702,1.100,0.698,0.702,1.300,0.688,0.702
20140504_0915,-24.670,179.120,529.600,YB.AT45.,37.688,35.020,146.898,1686.715,1721.891,1733.132,390.000,1.142,0.374,0.307,0.296,0.300,0.303,-1.600,-1.700,0.526,0.468,-8.100,0.581,0.581,-5.900,0.588,0.581,-10.200,0.352,0.581,0.800,0.556,0.581,0.700,0.545,0.581
20140504_0915,-24.670,179.120,529.600,DZ.OKGL.00,36.037,0.656,168.556,1801.398,1862.827,1884.040,391.000,1.152,-0.079,-0.139,-0.139,-0.044,-0.139,6.400,-2.200,0.491,-0.722,11.600,0.467,0.467,11.000,0.623,0.467,11.000,0.621,0.467,11.400,0.551,0.467,11.100,0.623,0.467
20140504_0915,-24.670,179.120,529.600,YB.AT16.,38.084,37.136,145.182,1676.989,1710.356,1720.957,392.000,2.177,0.183,0.122,0.127,0.128,0.125,7.800,4.600,0.546,-0.471,-0.400,0.701,0.701,-0.500,0.555,0.701,-0.800,0.539,0.701,-0.700,0.551,0.701,-0.700,0.554,0.701
20140504_0915,-24.670,179.120,529.600,KO.MAZI.,37.459,40.446,142.707,1662.791,1693.632,1703.349,393.000,1.008,-0.011,-0.023,-0.028,-0.026,-0.025,-0.600,-0.900,0.578,0.546,-3.100,0.649,0.649,-2.300,0.642,0.649,-2.700,0.688,0.649,-2.600,0.676,0.649,-2.500,0.665,0.649
20140504_0915,-24.670,179.120,529.600,GR.GRC1.,48.995,11.520,153.807,1724.931,1767.785,1781.842,394.000,1.836,0.236,0.242,0.243,0.239,0.242,-1.900,4.800,0.539,-0.498,1.800,0.673,0.673,4.400,0.743,0.673,4.400,0.734,0.673,4.200,0.717,0.673,4.300,0.723,0.673
20140504_0915,-24.670,179.120,529.600,XJ.NG55.,-3.142,35.687,134.901,1616.683,1640.205,1647.423,395.000,1.700,0.279,0.297,0.288,0.280,0.289,9.000,-4.600,0.522,-0.429,-1.100,0.569,0.569,-1.000,0.601,0.569,-1.100,0.581,0.569,-1.200,0.568,0.569,-1.100,0.589,0.569
20140504_0915,-24.670,179.120,529.600,YB.AT07.,39.145,36.222,145.648,1679.638,1713.493,1724.266,396.000,1.088,0.377,0.327,0.320,0.321,0.323,-5.000,1.900,0.576,-0.646,-3.200,0.712,0.712,-2.600,0.732,0.712,-2.800,0.668,0.712,-2.700,0.692,0.712,-2.700,0.712,0.712
20140504_0915,-24.670,179.120,529.600,GE.ISP.10,37.843,30.509,150.303,1705.750,1744.623,1757.204,397.000,0.894,0.113,0.110,0.127,0.124,0.120,3.000,2.600,0.329,0.452,-0.600,0.614,0.614,2.900,0.549,0.614,2.500,0.413,0.614,2.500,0.487,0.614,2.700,0.518,0.614
20140504_0915,-24.670,179.120,529.600,1G.SA04.,70.319,25.477,131.854,1598.144,1619.093,1625.449,398.000,1.110,-0.060,0.027,0.023,0.021,0.023,3.300,-1.500,0.436,0.346,-0.700,0.416,0.416,-6.500,0.511,0.416,-6.400,0.517,0.416,-6.300,0.516,0.416,-6.400,0.515,0.416
20140504_0915,-24.670,179.120,529.600,XK.B06OR.,-19.901,23.527,129.496,1583.584,1602.646,1608.389,399.000,7.575,0.711,0.720,0.724,0.734,0.726,1.100,1.300,0.849,0.834,0.300,0.924,0.924,0.400,0.954,0.924,0.300,0.950,0.924,0.100,0.938,0.924,0.200,0.948,0.924
20140504_0915,-24.670,179.120,529.600,DK.ANGG.,65.616,-37.637,132.901,1604.550,1626.365,1633.009,400.000,0.928,0.196,0.002,-0.010,-0.003,0.003,-1.100,-0.900,0.653,0.533,-1.700,0.574,0.574,-1.800,0.718,0.574,-2.200,0.748,0.574,-2.100,0.756,0.574,-1.900,0.738,0.574
20140504_0915,-24.670,179.120,529.600,YQ.MZUN.,-9.150,33.521,132.367,1601.286,1622.657,1629.153,401.000,3.100,0.119,0.127,0.126,0.131,0.128,-0.100,-4.000,0.789,0.803,-13.800,0.250,0.250,-13.700,0.241,0.250,-13.900,0.235,0.250,-14.000,0.225,0.250,-13.800,0.238,0.250
20140504_0915,-24.670,179.120,529.600,IV.MOCO.,41.370,15.158,158.635,1750.723,1799.340,1815.568,402.000,1.401,-0.053,-0.079,-0.077,-0.165,-0.079,-1.000,2.900,0.585,-0.732,-3.200,0.481,0.481,-2.100,0.629,0.481,-2.200,0.629,0.481,8.000,0.794,0.481,-2.200,0.624,0.481
20140504_0915,-24.670,179.120,529.600,NI.SABO.,45.987,13.634,155.704,1735.149,1780.227,1795.123,403.000,1.420,-0.004,0.290,0.293,0.299,0.294,1.200,-1.800,0.515,0.085,-1.200,0.583,0.583,3.200,0.429,0.583,-13.200,0.367,0.583,-13.100,0.369,0.583,2.800,0.362,0.583
20140504_0915,-24.670,179.120,529.600,TH.HWTS.,50.592,11.472,152.379,1717.163,1758.372,1771.815,404.000,1.505,0.270,0.225,0.224,0.224,0.226,7.400,3.000,0.586,-0.410,0.300,0.494,0.494,7.200,0.578,0.494,-0.600,0.587,0.494,-0.700,0.578,0.494,-0.700,0.588,0.494
20140504_0915,-24.670,179.120,529.600,NR.NE116.,51.504,4.921,152.800,1719.463,1761.153,1774.776,405.000,0.431,-0.042,0.171,0.179,0.182,0.182,-4.200,-4.200,0.684,0.198,2.800,0.485,0.485,0.800,0.818,0.485,0.800,0.787,0.485,0.700,0.802,0.485,0.800,0.824,0.485
20140504_0915,-24.670,179.120,529.600,GU.PZZ.,44.507,7.116,159.125,1753.301,1802.520,1818.977,406.000,1.072,0.123,0.204,0.203,0.203,0.203,-3.900,2.100,0.484,-0.685,-3.300,0.783,0.783,-2.600,0.832,0.783,-2.600,0.829,0.783,-2.700,0.831,0.783,-2.600,0.831,0.783
20140504_0915,-24.670,179.120,529.600,CH.BOURR.,47.394,7.230,156.380,1738.768,1784.652,1799.851,407.000,0.730,0.057,-0.059,-0.061,-0.068,-0.065,5.000,-4.000,0.480,-0.383,-1.100,0.918,0.918,-3.800,0.887,0.918,-3.800,0.881,0.918,-3.900,0.894,0.918,-3.900,0.891,0.918
20140504_0915,-24.670,179.120,529.600,IV.ILOS.,38.446,14.948,160.778,1761.931,1813.212,1830.451,408.000,0.792,0.121,0.169,0.169,0.169,0.168,-3.300,-1.900,0.574,0.325,-6.400,0.584,0.584,-6.600,0.556,0.584,-6.800,0.581,0.584,-6.800,0.584,0.584,-6.700,0.573,0.584
20140504_0915,-24.670,179.120,529.600,KO.LEF.,35.112,32.843,149.132,1699.246,1736.829,1748.938,409.000,1.422,0.046,0.076,0.072,0.073,0.075,8.800,3.900,0.436,0.387,-6.100,0.443,0.443,-4.200,0.529,0.443,8.800,0.490,0.443,8.900,0.440,0.443,-4.500,0.472,0.443
20140504_0915,-24.670,179.120,529.600,IV.FAVR.,37.267,13.667,162.316,1769.879,1823.113,1841.098,410.000,1.307,0.105,0.230,0.240,0.239,0.233,2.600,-0.800,0.569,-0.583,4.100,0.377,0.377,-2.600,0.230,0.377,-2.500,0.209,0.377,-2.500,0.196,0.377,-2.500,0.214,0.377
20140504_0915,-24.670,179.120,529.600,YB.AT25.,37.918,36.459,145.738,1680.148,1714.098,1724.904,411.000,3.356,0.355,0.393,0.395,0.395,0.394,-6.700,-2.800,0.577,-0.351,-4.200,0.649,0.649,-3.300,0.698,0.649,-3.600,0.618,0.649,-3.500,0.647,0.649,-3.500,0.666,0.649
20140504_0915,-24.670,179.120,529.600,G.ATD.00,11.531,42.847,136.624,1627.031,1652.083,1659.820,412.000,3.629,0.315,0.318,0.329,0.323,0.322,1.100,1.700,0.558,0.472,0.800,0.500,0.500,1.200,0.503,0.500,0.700,0.539,0.500,0.900,0.521,0.500,0.900,0.522,0.500
20140504_0915,-24.670,179.120,529.600,XJ.PR31.,-2.919,36.048,134.768,1615.880,1639.286,1646.465,413.000,4.263,0.512,0.455,0.484,0.494,0.479,1.100,1.000,0.873,0.873,0.500,0.783,0.783,0.700,0.727,0.783,0.400,0.761,0.783,0.400,0.767,0.783,0.500,0.747,0.783
20140504_0915,-24.670,179.120,529.600,CZ.UPC.,50.507,16.012,151.057,1709.909,1749.622,1762.512,414.000,2.310,0.216,0.177,0.181,0.187,0.182,-3.700,-3.400,0.796,0.795,0.200,0.506,0.506,-7.800,0.840,0.506,-7.900,0.836,0.506,-7.900,0.831,0.506,-7.900,0.833,0.506
20140504_0915,-24.670,179.120,529.600,EE.ARBE.,59.437,25.984,140.499,1649.948,1678.621,1687.589,415.000,1.490,0.131,-0.018,0.106,0.104,0.107,-2.900,-3.500,0.741,0.895,-5.500,0.433,0.433,1.500,0.580,0.433,-3.500,0.454,0.433,-3.500,0.445,0.433,-3.400,0.446,0.433
20140504_0915,-24.670,179.120,529.600,IV.MCEL.,40.325,15.802,159.027,1752.782,1801.880,1818.291,416.000,2.078,0.317,-0.032,-0.027,-0.027,-0.032,-1.700,-4.900,0.600,-0.750,-3.100,0.425,0.425,-9.100,0.750,0.425,-9.200,0.746,0.425,-9.300,0.741,0.425,-9.200,0.746,0.425
20140504_0915,-24.670,179.120,529.600,GU.RSP.,45.148,7.265,158.488,1749.947,1798.383,1814.543,417.000,1.883,0.191,0.221,0.221,0.224,0.225,0.700,0.300,0.304,0.307,-8.600,0.532,0.532,-7.200,0.479,0.532,-7.200,0.479,0.532,-7.400,0.492,0.532,-7.300,0.482,0.532
20140504_0915,-24.670,179.120,529.600,XK.B03SL.,-21.121,24.764,127.864,1573.409,1591.214,1596.559,418.000,6.709,0.733,0.733,0.735,0.734,0.733,0.700,0.900,0.896,0.904,0.100,0.921,0.921,0.100,0.924,0.921,-0.100,0.926,0.921,-0.200,0.930,0.921,-0.100,0.927,0.921
20140504_0915,-24.670,179.120,529.600,IV.TRIV.,41.767,14.550,158.651,1750.806,1799.442,1815.678,419.000,1.491,0.045,0.148,0.151,0.107,0.152,6.000,2.500,0.586,-0.646,2.900,0.579,0.579,-3.000,0.499,0.579,-3.100,0.495,0.579,7.300,0.619,0.579,-3.100,0.495,0.579
20140504_0915,-24.670,179.120,529.600,GR.KAST.,51.203,8.416,152.524,1717.953,1759.327,1772.832,420.000,1.311,0.175,-0.027,-0.025,-0.027,-0.027,7.600,-3.900,0.461,-0.443,-0.500,0.792,0.792,-7.500,0.399,0.792,-7.500,0.395,0.792,-7.600,0.390,0.792,-7.500,0.396,0.792
20140504_0915,-24.670,179.120,529.600,MN.TIR.,41.347,19.863,156.024,1736.863,1782.321,1797.360,421.000,1.723,0.320,0.137,0.123,0.117,0.128,1.100,1.000,0.828,0.888,-0.800,0.760,0.760,-4.800,0.744,0.760,-4.700,0.757,0.760,-4.700,0.758,0.760,-4.800,0.753,0.760
20140504_0915,-24.670,179.120,529.600,GU.POPM.,44.045,10.757,158.426,1749.619,1797.979,1814.110,422.000,1.111,0.088,0.053,0.053,0.053,0.054,-10.400,-2.400,0.442,-0.598,7.500,0.325,0.325,-11.000,0.341,0.325,-11.100,0.340,0.325,-11.100,0.337,0.325,-11.100,0.341,0.325
20140504_0915,-24.670,179.120,529.600,GB.LRW.,60.136,-1.178,144.533,1673.289,1705.985,1716.350,423.000,2.122,0.143,0.138,0.134,0.128,0.134,-2.400,0.600,0.544,0.215,-0.100,0.497,0.497,-11.800,0.467,0.497,-12.000,0.462,0.497,1.300,0.445,0.497,-12.000,0.451,0.497
20140504_0915,-24.670,179.120,529.600,KO.VRTB.,39.160,41.456,141.668,1656.769,1686.580,1695.941,424.000,0.769,0.198,0.068,0.064,0.063,0.065,-4.900,1.300,0.570,0.478,-3.600,0.496,0.496,-1.100,0.418,0.496,-7.900,0.307,0.496,-7.800,0.314,0.496,-1.400,0.360,0.496
20140504_0915,-24.670,179.120,529.600,IV.DOI.,44.504,7.247,159.095,1753.139,1802.321,1818.763,425.000,1.846,0.270,0.273,0.271,0.269,0.272,-5.700,-5.300,0.745,0.508,-6.000,0.564,0.564,-4.300,0.754,0.564,-4.400,0.752,0.564,-4.500,0.747,0.564,-4.400,0.751,0.564
20140504_0915,-24.670,179.120,529.600,IV.SACS.,42.849,11.910,158.996,1752.622,1801.683,1818.079,426.000,1.873,0.079,-0.036,-0.034,-0.031,-0.036,1.300,4.100,0.448,-0.510,6.300,0.554,0.554,6.700,0.472,0.554,6.600,0.472,0.554,6.500,0.466,0.554,6.600,0.470,0.554
20140504_0915,-24.670,179.120,529.600,TA.E62A.,46.620,-69.523,122.051,1536.463,1550.163,1554.235,427.000,0.387,0.057,-0.008,0.002,-0.001,-0.005,11.800,-1.000,0.509,-0.853,7.800,0.457,0.457,7.900,0.543,0.457,7.600,0.523,0.457,7.900,0.537,0.457,7.900,0.540,0.457
20140504_0915,-24.670,179.120,529.600,IV.GATE.,41.513,14.910,158.658,1750.843,1799.487,1815.726,428.000,1.751,0.130,0.166,0.167,0.057,0.165,0.600,0.100,0.776,0.662,-2.500,0.638,0.638,-8.300,0.633,0.638,-8.400,0.631,0.638,1.700,0.775,0.638,-8.400,0.628,0.638
20140504_0915,-24.670,179.120,529.600,CH.SGT02.,47.513,9.248,155.784,1735.579,1780.752,1795.683,429.000,1.188,0.179,0.148,0.149,0.151,0.150,2.300,2.700,0.379,0.379,-3.000,0.381,0.381,-7.700,0.592,0.381,-7.600,0.593,0.381,-7.700,0.588,0.381,-7.700,0.593,0.381
20140504_0915,-24.670,179.120,529.600,DK.SUMG.,72.574,-38.462,127.872,1573.459,1591.271,1596.617,430.000,1.027,0.128,0.012,0.076,0.090,0.056,2.300,2.400,0.827,0.721,1.900,0.857,0.857,1.400,0.835,0.857,1.300,0.834,0.857,1.400,0.831,0.857,1.500,0.835,0.857
20140504_0915,-24.670,179.120,529.600,GR.GRC2.,48.867,11.374,153.965,1725.784,1768.821,1782.947,431.000,2.327,0.139,0.129,0.125,0.122,0.122,-4.700,3.400,0.694,-0.910,0.000,0.795,0.795,1.700,0.613,0.795,1.800,0.580,0.795,1.500,0.578,0.795,1.600,0.598,0.795
20140504_0915,-24.670,179.120,529.600,CH.HASLI.,46.757,8.151,156.766,1740.821,1787.167,1802.539,432.000,0.394,0.007,-0.010,-0.006,-0.006,-0.009,-10.500,-2.200,0.530,0.248,-1.400,0.544,0.544,-1.000,0.405,0.544,-0.900,0.383,0.544,-0.800,0.419,0.544,-1.000,0.403,0.544
20140504_0915,-24.670,179.120,529.600,PL.OJC.,50.220,19.798,149.855,1703.264,1741.640,1754.039,433.000,1.002,0.129,0.114,0.114,0.123,0.117,10.200,0.100,0.376,-0.395,9.500,0.576,0.576,-1.800,0.519,0.576,-2.000,0.543,0.576,3.800,0.762,0.576,-2.000,0.533,0.576
20140504_0915,-24.670,179.120,529.600,FR.RUSF.04,43.940,5.475,160.043,1758.107,1808.466,1825.356,434.000,1.474,0.141,-0.036,-0.033,-0.024,-0.029,-4.700,-4.500,0.328,0.356,6.100,0.482,0.482,8.900,0.300,0.482,8.800,0.303,0.482,8.700,0.312,0.482,8.800,0.305,0.482
20140504_0915,-24.670,179.120,529.600,Y6.SHEY.,45.132,-61.986,127.271,1569.693,1587.051,1592.255,435.000,0.907,0.220,0.216,0.226,0.228,0.223,0.700,0.900,0.787,0.660,0.700,0.746,0.746,0.100,0.694,0.746,-0.500,0.696,0.746,-0.100,0.691,0.746,0.000,0.691,0.746
20140504_0915,-24.670,179.120,529.600,PM.PESTR.,38.867,-7.590,164.712,1782.123,1838.451,1857.633,436.000,1.824,0.294,0.062,0.073,0.071,0.071,0.200,1.100,0.742,0.537,1.500,0.888,0.888,1.700,0.837,0.888,1.700,0.795,0.888,1.900,0.750,0.888,1.700,0.797,0.888
20140504_0915,-24.670,179.120,529.600,FR.FNEB.00,42.903,2.106,161.602,1766.201,1818.524,1836.161,437.000,0.936,0.121,0.124,0.136,0.144,0.138,3.700,0.100,0.591,-0.449,5.400,0.610,0.610,-1.600,0.364,0.610,-1.400,0.373,0.610,-1.300,0.373,0.610,-1.400,0.369,0.610
20140504_0915,-24.670,179.120,529.600,GE.ARPR.,39.093,38.336,144.060,1670.580,1702.790,1712.985,438.000,2.689,0.032,0.113,0.100,0.102,0.107,-2.500,2.100,0.475,-0.406,-0.600,0.545,0.545,-0.100,0.538,0.545,-0.200,0.512,0.545,-0.100,0.519,0.545,-0.100,0.530,0.545
20140504_0915,-24.670,179.120,529.600,SX.GUNZ.,50.363,12.332,152.348,1716.994,1758.168,1771.598,439.000,1.970,0.324,0.247,0.242,0.236,0.241,-1.000,4.800,0.780,0.628,6.000,0.564,0.564,5.500,0.507,0.564,5.500,0.483,0.564,5.400,0.456,0.564,5.300,0.471,0.564
20140504_0915,-24.670,179.120,529.600,KZ.ABKAR.,49.256,59.943,127.256,1569.598,1586.944,1592.144,440.000,0.927,0.089,-0.131,-0.106,0.128,0.109,3.100,3.400,0.547,0.732,-2.400,0.420,0.420,2.800,0.518,0.420,-2.300,0.433,0.420,-11.100,0.444,0.420,-11.200,0.442,0.420
20140504_0915,-24.670,179.120,529.600,TH.MODW.,50.943,12.468,151.791,1713.945,1754.485,1767.680,441.000,1.594,0.271,0.240,0.245,0.246,0.242,0.800,1.200,0.459,0.545,6.700,0.534,0.534,6.700,0.488,0.534,6.700,0.484,0.534,6.700,0.466,0.534,6.700,0.495,0.534
20140504_0915,-24.670,179.120,529.600,IV.SALO.,45.618,10.524,157.125,1742.733,1789.512,1805.046,442.000,0.802,0.123,0.104,0.105,0.104,0.101,2.600,-0.200,0.634,-0.756,7.900,0.454,0.454,1.200,0.504,0.454,1.200,0.568,0.454,1.100,0.595,0.454,1.200,0.571,0.454
20140504_0915,-24.670,179.120,529.600,XJ.PR11.,-2.823,36.299,134.635,1615.080,1638.372,1645.512,443.000,9.963,0.253,0.244,0.246,0.246,0.245,-0.400,3.200,0.771,0.593,-13.100,0.213,0.213,-12.900,0.263,0.213,-13.200,0.218,0.213,-13.200,0.220,0.213,-13.000,0.242,0.213
20140504_0915,-24.670,179.120,529.600,YB.AT11.,37.758,38.376,144.281,1671.846,1704.282,1714.556,444.000,1.964,0.257,0.293,0.287,0.288,0.289,7.100,3.800,0.530,-0.687,-3.500,0.657,0.657,-2.700,0.766,0.657,-3.200,0.712,0.657,-3.000,0.727,0.657,-3.000,0.741,0.657
20140504_0915,-24.670,179.120,529.600,XK.Q06MQ.,-13.350,36.745,127.150,1568.936,1586.203,1591.379,445.000,0.347,0.013,0.014,0.014,0.014,0.014,9.500,-3.700,0.561,-0.996,-8.700,0.471,0.471,-8.800,0.470,0.471,-8.900,0.473,0.471,-8.900,0.476,0.471,-8.900,0.473,0.471
20140504_0915,-24.670,179.120,529.600,1G.SA03.,70.503,29.067,131.015,1592.983,1613.250,1619.383,446.000,0.228,-0.202,0.051,0.055,0.064,0.064,-5.300,4.300,0.511,-0.791,3.900,0.729,0.729,4.200,0.576,0.729,4.400,0.563,0.729,4.500,0.554,0.729,4.400,0.561,0.729
20140504_0915,-24.670,179.120,529.600,IV.BULG.,40.078,15.378,159.431,1754.906,1804.505,1821.105,447.000,3.380,0.182,0.135,0.143,0.145,0.138,2.400,2.800,0.493,0.553,3.800,0.619,0.619,2.200,0.846,0.619,2.100,0.845,0.619,2.000,0.851,0.619,2.100,0.848,0.619
20140504_0915,-24.670,179.120,529.600,IV.LPEL.,42.047,14.183,158.619,1750.636,1799.232,1815.453,448.000,2.147,0.014,0.136,0.136,0.068,0.137,8.800,-4.200,0.325,-0.611,-11.200,0.576,0.576,-0.100,0.682,0.576,-0.100,0.709,0.576,0.300,0.602,0.576,-0.100,0.709,0.576
20140504_0915,-24.670,179.120,529.600,CH.LAUCH.,46.416,7.772,157.177,1743.012,1789.853,1805.412,449.000,0.824,0.042,0.168,0.161,0.157,0.167,2.700,-3.100,0.623,-0.772,-0.100,0.634,0.634,-1.700,0.672,0.634,-1.800,0.664,0.634,-1.800,0.644,0.634,-1.700,0.664,0.634
20140504_0915,-24.670,179.120,529.600,GB.CWF.,52.738,-1.308,151.930,1714.705,1755.402,1768.655,450.000,1.014,0.032,0.123,0.132,0.141,0.131,3.900,-1.500,0.534,0.304,-0.600,0.549,0.549,-3.200,0.436,0.549,-8.900,0.442,0.549,-8.900,0.466,0.549,-8.900,0.460,0.549
20140504_0915,-24.670,179.120,529.600,GE.GVD.,34.839,24.087,156.148,1737.524,1783.130,1798.224,451.000,0.709,0.085,0.109,0.109,0.110,0.109,3.300,-4.200,0.426,-0.323,-0.800,0.593,0.593,-6.800,0.440,0.593,-7.100,0.393,0.593,-7.100,0.406,0.593,-7.000,0.418,0.593
20140504_0915,-24.670,179.120,529.600,TT.TAMR.00,37.047,9.109,164.964,1783.404,1840.061,1859.372,452.000,0.533,0.126,0.091,0.089,0.092,0.091,4.700,4.500,0.474,0.432,4.000,0.287,0.287,2.900,0.376,0.287,3.000,0.390,0.287,3.100,0.394,0.287,3.000,0.387,0.287
20140504_0915,-24.670,179.120,529.600,GE.IMMV.,35.461,23.981,156.025,1736.871,1782.331,1797.370,453.000,1.225,0.097,0.087,0.088,0.087,0.087,1.800,-2.900,0.366,-0.146,-6.300,0.440,0.440,3.000,0.494,0.440,-5.000,0.478,0.440,-5.000,0.472,0.440,2.900,0.477,0.440
20140504_0915,-24.670,179.120,529.600,CH.SIMPL.,46.240,8.020,157.280,1743.559,1790.524,1806.130,454.000,1.385,-0.026,0.018,0.012,0.010,0.016,-3.500,-3.200,0.472,0.597,-4.200,0.753,0.753,-8.500,0.665,0.753,-8.500,0.672,0.753,-8.600,0.656,0.753,-8.500,0.665,0.753
20140504_0915,-24.670,179.120,529.600,IV.GUAR.,41.794,13.312,159.226,1753.831,1803.175,1819.680,455.000,2.175,0.007,0.075,0.077,0.080,0.076,3.100,-2.800,0.645,-0.222,-6.500,0.687,0.687,2.000,0.774,0.687,1.900,0.765,0.687,1.800,0.764,0.687,1.900,0.768,0.687
20140504_0915,-24.670,179.120,529.600,CH.VANNI.,46.210,7.597,157.412,1744.258,1791.384,1807.049,456.000,1.302,0.190,0.149,0.149,0.148,0.147,1.700,2.900,0.456,0.130,8.600,0.325,0.325,-3.000,0.697,0.325,-3.000,0.698,0.325,-3.100,0.688,0.325,-3.000,0.694,0.325
20140504_0915,-24.670,179.120,529.600,IV.MELA.,41.706,15.127,158.406,1749.518,1797.853,1813.976,457.000,1.003,0.105,0.210,0.204,0.205,0.205,5.200,-3.100,0.565,-0.509,-4.100,0.641,0.641,2.100,0.699,0.641,2.000,0.699,0.641,2.000,0.709,0.641,2.000,0.702,0.641
20140504_0915,-24.670,179.120,529.600,G.MPG.00,5.110,-52.644,126.680,1565.978,1582.896,1587.963,458.000,3.148,0.662,0.652,0.735,0.684,0.662,1.400,1.700,0.906,0.900,1.300,0.880,0.880,1.400,0.872,0.880,0.700,0.871,0.880,1.100,0.873,0.880,1.300,0.872,0.880
20140504_0915,-24.670,179.120,529.600,OE.OBKA.,46.509,14.549,154.917,1730.920,1775.070,1789.615,459.000,0.897,0.046,0.131,0.131,0.133,0.130,-6.000,-3.000,0.747,-0.795,-3.800,0.653,0.653,-4.500,0.260,0.653,-8.500,0.349,0.653,-8.400,0.405,0.653,-8.400,0.352,0.653
20140504_0915,-24.670,179.120,529.600,YB.AT18.,37.443,37.959,144.661,1674.017,1706.844,1717.255,460.000,1.947,0.243,0.271,0.265,0.268,0.269,-3.400,5.300,0.466,-0.726,-1.000,0.619,0.619,-0.500,0.754,0.619,-1.100,0.620,0.619,-0.900,0.654,0.619,-0.700,0.694,0.619
20140504_0915,-24.670,179.120,529.600,GR.BKSB.,52.995,9.400,150.633,1707.570,1746.809,1759.524,461.000,1.207,0.074,0.090,0.089,0.092,0.094,1.000,-2.100,0.916,-0.746,5.800,0.441,0.441,-3.600,0.795,0.441,-3.600,0.791,0.441,-3.700,0.793,0.441,-3.700,0.794,0.441
20140504_0915,-24.670,179.120,529.600,DK.NRS.,61.160,-45.419,132.692,1603.276,1624.917,1631.503,462.000,1.126,0.032,0.045,0.045,0.045,0.043,-2.500,-2.600,0.723,0.643,2.600,0.469,0.469,2.000,0.444,0.469,1.600,0.458,0.469,1.500,0.469,0.469,1.800,0.450,0.469
20140504_0915,-24.670,179.120,529.600,CH.LLS.,46.847,9.008,156.461,1739.200,1785.181,1800.415,463.000,1.739,0.118,0.077,0.081,0.088,0.083,-3.100,0.300,0.635,-0.569,3.200,0.766,0.766,0.700,0.662,0.766,0.800,0.634,0.766,0.800,0.602,0.766,0.700,0.629,0.766
20140504_0915,-24.670,179.120,529.600,1G.SA31.,64.991,18.501,137.788,1633.957,1660.075,1668.171,464.000,1.604,0.113,0.071,0.074,0.077,0.075,-0.600,0.700,0.777,0.839,-4.300,0.731,0.731,-2.100,0.818,0.731,-2.100,0.792,0.731,-2.100,0.783,0.731,-2.100,0.795,0.731
20140504_0915,-24.670,179.120,529.600,EE.MTSE.,58.714,23.815,141.762,1657.314,1687.217,1696.609,465.000,1.098,-0.010,0.036,0.039,0.046,0.039,0.400,-2.600,0.669,0.416,-3.000,0.772,0.772,-2.300,0.633,0.772,-2.500,0.609,0.772,-2.400,0.608,0.772,-2.400,0.611,0.772
20140504_0915,-24.670,179.120,529.600,DK.DAG.,76.771,-18.655,127.181,1569.130,1586.420,1591.604,466.000,1.752,0.039,0.151,0.051,0.049,0.033,1.000,4.600,0.677,-0.446,1.000,0.705,0.705,0.700,0.704,0.705,10.400,0.614,0.705,10.400,0.616,0.705,10.300,0.633,0.705
20140504_0915,-24.670,179.120,529.600,XJ.LN35.,-2.630,36.006,134.984,1617.184,1640.779,1648.022,467.000,2.433,0.426,0.440,0.440,0.437,0.440,0.800,0.600,0.590,0.617,1.000,0.391,0.391,1.300,0.399,0.391,1.000,0.395,0.391,1.000,0.384,0.391,1.200,0.387,0.391
20140504_0915,-24.670,179.120,529.600,IV.ARVD.,43.498,12.942,158.034,1747.550,1795.431,1811.381,468.000,1.127,-0.101,0.041,0.036,0.032,0.033,0.100,3.300,0.768,-0.197,-4.600,0.571,0.571,-3.800,0.436,0.571,-3.800,0.428,0.571,-3.900,0.420,0.571,-3.800,0.428,0.571
20140504_0915,-24.670,179.120,529.600,KO.PTK.,38.892,39.392,143.294,1666.175,1697.605,1707.528,469.000,1.752,0.110,0.032,0.052,0.048,0.045,7.300,4.100,0.723,-0.536,7.600,0.494,0.494,8.500,0.579,0.494,8.200,0.574,0.494,8.300,0.571,0.494,8.300,0.575,0.494
20140504_0915,-24.670,179.120,529.600,DK.NUUG.,71.538,-53.200,124.877,1554.563,1570.180,1574.843,470.000,0.565,0.253,0.032,0.083,0.097,0.063,2.300,1.900,0.863,0.755,2.100,0.807,0.807,2.300,0.563,0.807,1.700,0.600,0.807,1.900,0.606,0.807,2.100,0.577,0.807
20140504_0915,-24.670,179.120,529.600,NO.NC405.00,61.113,11.715,142.550,1661.883,1692.567,1702.230,471.000,1.460,0.025,0.091,0.098,0.102,0.096,-3.000,-2.500,0.465,0.262,-2.700,0.722,0.722,0.700,0.777,0.722,0.600,0.789,0.722,0.500,0.798,0.722,0.600,0.790,0.722
20140504_0915,-24.670,179.120,529.600,XK.B08TS.,-20.164,22.459,129.743,1585.121,1604.377,1610.182,472.000,26.039,0.699,0.714,0.715,0.712,0.710,0.900,0.900,0.959,0.961,0.100,0.952,0.952,0.000,0.968,0.952,0.000,0.969,0.952,-0.200,0.971,0.952,-0.100,0.971,0.952
20140504_0915,-24.670,179.120,529.600,IV.MGR.,40.138,15.554,159.293,1754.181,1803.608,1820.143,473.000,1.138,0.082,0.066,0.062,0.064,0.066,2.700,-1.100,0.467,-0.610,-6.000,0.808,0.808,2.000,0.566,0.808,1.900,0.555,0.808,1.800,0.554,0.808,1.900,0.559,0.808
20140504_0915,-24.670,179.120,529.600,GR.GRB2.,49.270,11.668,153.518,1723.364,1765.882,1779.813,474.000,3.019,0.252,0.248,0.250,0.252,0.249,-0.100,4.500,0.676,0.312,4.200,0.440,0.440,9.800,0.508,0.440,9.800,0.522,0.440,9.800,0.526,0.440,9.900,0.520,0.440
20140504_0915,-24.670,179.120,529.600,TA.H65A.,44.696,-68.247,122.831,1541.484,1555.699,1559.929,475.000,3.804,0.333,0.446,0.425,0.441,0.445,-0.100,-0.500,0.701,0.747,-0.100,0.770,0.770,-0.700,0.671,0.770,-1.100,0.655,0.770,-0.800,0.671,0.770,-0.800,0.668,0.770
20140504_0915,-24.670,179.120,529.600,AF.BOBN.,-1.660,29.237,140.681,1651.013,1679.862,1688.890,476.000,0.886,0.030,0.046,0.034,0.030,0.039,-7.500,4.400,0.346,-0.671,-8.500,0.470,0.470,-8.300,0.469,0.470,-8.400,0.474,0.470,-8.500,0.474,0.470,-8.400,0.470,0.470
20140504_0915,-24.670,179.120,529.600,XK.W02NB.,-13.724,33.560,128.978,1580.365,1599.025,1604.639,477.000,6.143,0.519,0.545,0.550,0.548,0.548,0.900,1.000,0.958,0.957,0.300,0.904,0.904,0.300,0.908,0.904,0.000,0.906,0.904,0.000,0.905,0.904,0.100,0.906,0.904
20140504_0915,-24.670,179.120,529.600,GE.PABE.,55.505,23.968,144.194,1671.347,1703.694,1713.937,478.000,0.571,0.029,0.088,0.088,-0.014,0.087,-0.100,1.700,0.882,0.835,0.200,0.406,0.406,-8.000,0.274,0.406,-8.200,0.295,0.406,-7.900,0.302,0.406,-8.200,0.289,0.406
20140504_0915,-24.670,179.120,529.600,CH.DIX.,46.081,7.408,157.578,1745.140,1792.467,1808.208,479.000,0.326,0.055,0.004,0.004,0.026,0.003,-0.100,-1.100,0.520,0.395,-2.000,0.556,0.556,-0.600,0.348,0.556,-0.700,0.325,0.556,8.300,0.509,0.556,8.200,0.326,0.556
20140504_0915,-24.670,179.120,529.600,GR.GRA1.,49.691,11.220,153.265,1721.988,1764.213,1778.035,480.000,1.871,0.237,0.312,0.318,0.317,0.313,6.400,3.200,0.515,-0.069,0.100,0.602,0.602,0.600,0.485,0.602,0.500,0.486,0.602,0.300,0.487,0.602,0.400,0.494,0.602
20140504_0915,-24.670,179.120,529.600,KO.AFSR.,39.447,33.071,147.919,1692.459,1728.727,1740.360,481.000,2.134,0.055,-0.008,-0.009,-0.011,-0.010,12.100,2.900,0.446,-0.444,11.300,0.375,0.375,12.100,0.458,0.375,-1.200,0.368,0.375,12.100,0.396,0.375,12.100,0.421,0.375
20140504_0915,-24.670,179.120,529.600,1G.SA32.,64.988,13.581,138.616,1638.867,1665.753,1674.111,482.000,0.707,0.025,0.063,0.062,0.060,0.064,-13.200,-4.800,0.174,-0.470,9.000,0.565,0.565,7.200,0.495,0.565,7.200,0.493,0.565,7.300,0.489,0.565,7.200,0.492,0.565
20140504_0915,-24.670,179.120,529.600,MN.TUE.,46.472,9.347,156.712,1740.535,1786.816,1802.163,483.000,0.871,-0.021,-0.017,-0.010,-0.006,-0.010,7.500,-5.500,0.416,-0.490,-3.000,0.567,0.567,-4.400,0.532,0.567,-4.400,0.534,0.567,5.900,0.526,0.567,5.900,0.530,0.567
20140504_0915,-24.670,179.120,529.600,SX.WERN.,50.287,12.376,152.403,1717.296,1758.533,1771.986,484.000,1.381,0.287,0.290,0.285,0.288,0.289,1.800,1.500,0.804,0.565,1.900,0.631,0.631,1.600,0.785,0.631,1.500,0.777,0.631,1.400,0.745,0.631,1.400,0.770,0.631
20140504_0915,-24.670,179.120,529.600,YB.AT37.,37.244,36.492,145.844,1680.752,1714.814,1725.659,485.000,5.006,0.195,0.215,0.219,0.214,0.214,-6.900,-0.200,0.346,-0.375,-5.200,0.586,0.586,-4.600,0.555,0.586,6.500,0.620,0.586,6.600,0.599,0.586,6.700,0.579,0.586
20140504_0915,-24.670,179.120,529.600,G.SSB.10,45.279,4.542,158.930,1752.276,1801.255,1817.620,486.000,1.004,-0.093,0.104,0.104,0.104,0.104,4.700,4.300,0.394,0.460,-3.900,0.689,0.689,5.700,0.634,0.689,5.700,0.638,0.689,5.600,0.639,0.689,5.600,0.636,0.689
20140504_0915,-24.670,179.120,529.600,GU.PCP.,44.541,8.545,158.704,1751.084,1799.785,1816.045,487.000,1.996,0.243,0.148,0.151,0.147,0.145,-5.600,-5.200,0.729,0.778,-7.900,0.652,0.652,-7.000,0.544,0.652,-7.000,0.544,0.652,-7.100,0.554,0.652,-7.000,0.547,0.652
20140504_0915,-24.670,179.120,529.600,GB.KESW.,54.589,-3.105,150.036,1704.268,1742.845,1755.316,488.000,1.060,0.316,0.295,0.301,0.295,0.301,0.800,1.100,0.707,0.780,-2.400,0.773,0.773,0.900,0.669,0.773,0.600,0.717,0.773,0.500,0.733,0.773,0.600,0.724,0.773
20140504_0915,-24.670,179.120,529.600,NO.SPB4.00,78.179,16.348,125.898,1561.042,1577.388,1582.277,489.000,0.892,0.122,-0.185,-0.192,-0.199,-0.194,-1.900,-4.600,0.663,-0.930,-4.800,0.669,0.669,-4.500,0.564,0.669,-4.500,0.569,0.669,-4.500,0.574,0.669,-4.500,0.572,0.669
20140504_0915,-24.670,179.120,529.600,KO.KDZE.,41.313,31.443,148.467,1695.535,1732.395,1744.242,490.000,0.000,,,,,,-16.000,-8.000,0.000,0.000,-16.000,0.000,0.000,-16.000,0.000,0.000,-16.000,0.000,0.000,-16.000,0.000,0.000,-16.000,0.000,0.000
20140504_0915,-24.670,179.120,529.600,TH.LEIB1.,50.576,11.198,152.466,1717.639,1758.947,1772.427,491.000,0.458,0.001,0.002,0.003,0.003,0.003,-0.100,-3.800,0.628,0.928,-12.600,0.549,0.549,-12.100,0.435,0.549,-12.200,0.433,0.549,-12.300,0.436,0.549,-12.300,0.430,0.549
20140504_0915,-24.670,179.120,529.600,KO.CEYT.,37.011,35.748,146.470,1684.300,1719.023,1730.103,492.000,0.393,0.064,0.041,0.043,0.043,0.042,-1.300,-1.600,0.613,0.539,2.700,0.508,0.508,3.800,0.552,0.508,3.200,0.677,0.508,3.300,0.653,0.508,3.500,0.621,0.508
20140504_0915,-24.670,179.120,529.600,IV.RNI2.,41.703,14.152,158.894,1752.087,1801.022,1817.370,493.000,3.754,0.159,0.047,0.054,0.050,0.050,0.800,-1.300,0.585,-0.257,-9.900,0.394,0.394,6.000,0.381,0.394,6.000,0.387,0.394,5.900,0.387,0.394,6.000,0.385,0.394
20140504_0915,-24.670,179.120,529.600,LX.GGNV.,38.718,-9.151,164.305,1780.058,1835.858,1854.834,494.000,1.943,0.391,0.370,0.404,0.400,0.398,1.700,5.100,0.715,-0.626,0.400,0.764,0.764,1.000,0.817,0.764,0.900,0.830,0.764,0.900,0.827,0.764,0.900,0.827,0.764
20140504_0915,-24.670,179.120,529.600,RD.LOR.,47.268,3.859,157.089,1742.545,1789.281,1804.799,495.000,1.178,0.121,0.035,0.033,0.032,0.033,5.200,5.300,0.621,0.758,3.600,0.514,0.514,0.500,0.607,0.514,0.500,0.592,0.514,0.400,0.575,0.514,0.500,0.585,0.514
20140504_0915,-24.670,179.120,529.600,TH.GRZ1.,50.691,12.220,152.086,1715.563,1756.438,1769.758,496.000,1.615,0.279,0.317,0.312,0.313,0.311,-0.900,-0.600,0.570,0.639,-0.500,0.526,0.526,-1.000,0.846,0.526,-1.200,0.848,0.526,-1.200,0.846,0.526,-1.200,0.845,0.526
20140504_0915,-24.670,179.120,529.600,IV.AOI.,43.550,13.602,157.709,1745.833,1793.319,1809.120,497.000,1.028,0.151,0.189,0.182,0.186,0.183,5.700,4.900,0.375,0.080,-0.300,0.669,0.669,-2.200,0.543,0.669,-2.300,0.531,0.669,-2.300,0.525,0.669,-2.300,0.533,0.669
20140504_0915,-24.670,179.120,529.600,YB.AT40.,38.849,32.451,148.553,1696.012,1732.965,1744.845,498.000,0.856,0.296,-0.098,0.248,0.247,0.250,-1.000,3.300,0.610,-0.435,4.400,0.631,0.631,1.300,0.770,0.631,4.700,0.725,0.631,4.700,0.713,0.631,4.800,0.706,0.631
20140504_0915,-24.670,179.120,529.600,YB.AT12.,39.452,34.745,146.676,1685.464,1720.405,1731.562,499.000,0.697,0.286,0.203,0.208,0.208,0.207,2.000,2.300,0.641,0.474,-4.700,0.572,0.572,-2.800,0.621,0.572,7.300,0.599,0.572,7.400,0.544,0.572,-3.600,0.460,0.572
20140504_0915,-24.670,179.120,529.600,XK.W08KB.,-11.610,34.296,130.059,1587.080,1606.585,1612.469,500.000,8.227,0.529,0.591,0.596,0.591,0.591,1.400,1.400,0.954,0.945,0.700,0.953,0.953,0.700,0.958,0.953,0.500,0.953,0.953,0.400,0.948,0.953,0.500,0.953,0.953
20140504_0915,-24.670,179.120,529.600,FR.ARTF.00,43.587,5.805,160.307,1759.481,1810.171,1827.186,501.000,0.873,0.166,0.117,0.121,0.126,0.122,4.100,0.200,0.643,-0.410,0.200,0.869,0.869,2.500,0.759,0.869,2.400,0.740,0.869,2.200,0.717,0.869,2.300,0.731,0.869
20140504_0915,-24.670,179.120,529.600,TH.ZEITZ.,51.051,12.126,151.788,1713.930,1754.467,1767.661,502.000,1.153,0.142,0.183,0.179,0.180,0.179,-0.900,-0.500,0.756,0.803,4.900,0.332,0.332,-0.100,0.380,0.332,-0.100,0.356,0.332,-11.200,0.323,0.332,-0.100,0.344,0.332
20140504_0915,-24.670,179.120,529.600,EI.IWEX.,52.374,-6.774,151.936,1714.742,1755.447,1768.703,503.000,1.813,0.098,0.161,0.155,0.149,0.151,-3.800,-3.400,0.507,0.596,-2.500,0.874,0.874,-0.200,0.644,0.874,-0.200,0.644,0.874,-0.300,0.614,0.874,-0.300,0.620,0.874
20140504_0915,-24.670,179.120,529.600,FR.TURF.00,43.975,7.392,159.549,1755.520,1805.264,1821.919,504.000,1.292,0.162,0.054,0.056,0.061,0.057,-6.900,4.700,0.535,-0.805,1.000,0.425,0.425,2.400,0.392,0.425,2.400,0.395,0.425,2.300,0.411,0.425,2.300,0.402,0.425
20140504_0915,-24.670,179.120,529.600,YB.AT09.,38.402,37.570,144.785,1674.726,1707.681,1718.137,505.000,3.281,0.224,0.252,0.240,0.247,0.249,7.600,4.100,0.530,-0.553,9.900,0.551,0.551,10.000,0.377,0.551,9.600,0.471,0.551,9.700,0.449,0.551,9.800,0.423,0.551
20140504_0915,-24.670,179.120,529.600,NA.SEUG.,17.478,-62.974,122.075,1536.621,1550.337,1554.414,506.000,5.905,0.418,0.416,0.449,0.434,0.419,1.100,1.200,0.673,0.664,1.000,0.732,0.732,0.900,0.761,0.732,0.500,0.779,0.732,0.800,0.780,0.732,0.900,0.765,0.732
20140504_0915,-24.670,179.120,529.600,IV.CAGR.,37.622,14.500,161.583,1766.102,1818.402,1836.029,507.000,1.435,-0.088,0.323,0.323,0.320,0.323,6.000,3.100,0.668,-0.671,4.500,0.492,0.492,8.900,0.581,0.492,9.100,0.598,0.492,9.000,0.555,0.492,9.000,0.565,0.492
20140504_0915,-24.670,179.120,529.600,IV.PALZ.,40.944,15.960,158.512,1750.076,1798.542,1814.713,508.000,1.894,0.240,0.090,0.097,0.095,0.098,5.500,2.400,0.656,-0.563,6.800,0.444,0.444,2.500,0.709,0.444,2.400,0.714,0.444,2.300,0.711,0.444,2.400,0.711,0.444
20140504_0915,-24.670,179.120,529.600,TA.F60A.,45.969,-71.951,120.330,1525.315,1537.918,1541.656,509.000,4.279,0.430,0.264,0.229,0.249,0.252,-0.500,-0.400,0.765,0.856,-0.100,0.767,0.767,-0.600,0.727,0.767,-1.100,0.699,0.767,-0.700,0.714,0.767,-0.700,0.718,0.767
20140504_0915,-24.670,179.120,529.600,IV.MTRZ.,44.313,11.425,157.952,1747.118,1794.899,1810.811,510.000,1.393,0.268,0.165,0.165,0.163,0.165,-4.800,-0.700,0.713,-0.856,-9.800,0.385,0.385,-8.500,0.585,0.385,-8.600,0.599,0.385,-8.800,0.576,0.385,-8.700,0.587,0.385
20140504_0915,-24.670,179.120,529.600,IV.GROG.,43.426,9.892,159.271,1754.066,1803.466,1819.991,511.000,1.005,0.053,0.052,0.057,0.065,0.060,5.500,-2.400,0.488,-0.430,-6.900,0.735,0.735,-6.300,0.635,0.735,-6.300,0.635,0.735,-6.400,0.648,0.735,-6.400,0.641,0.735
20140504_0915,-24.670,179.120,529.600,EI.IGLA.,53.419,-9.375,150.551,1707.116,1746.264,1758.945,512.000,1.063,-0.139,-0.072,-0.088,-0.098,-0.087,-1.900,-2.500,0.681,0.530,-4.500,0.720,0.720,-2.300,0.849,0.720,-2.800,0.763,0.720,-3.100,0.721,0.720,-2.800,0.779,0.720
20140504_0915,-24.670,179.120,529.600,GR.GRA2.,49.654,11.358,153.260,1721.962,1764.182,1778.001,513.000,1.868,0.119,0.180,0.187,0.193,0.186,-12.000,-5.500,0.350,-0.732,-8.400,0.578,0.578,-8.100,0.600,0.578,-8.200,0.593,0.578,-8.300,0.586,0.578,-8.200,0.593,0.578
20140504_0915,-24.670,179.120,529.600,FR.SMPL.00,42.095,9.285,160.653,1761.281,1812.404,1829.584,514.000,0.772,0.034,0.075,0.077,0.078,0.075,-4.500,-4.300,0.645,0.687,-6.500,0.659,0.659,-6.100,0.802,0.659,-6.200,0.795,0.659,-6.300,0.780,0.659,-6.200,0.791,0.659
20140504_0915,-24.670,179.120,529.600,NO.NBO00.00,61.031,10.778,142.771,1663.159,1694.063,1703.803,515.000,2.759,0.161,0.154,0.154,0.152,0.151,7.600,-0.400,0.404,0.036,8.200,0.618,0.618,11.700,0.506,0.618,11.600,0.506,0.618,11.600,0.509,0.618,11.600,0.509,0.618
20140504_0915,-24.670,179.120,529.600,FR.RUSF.01,43.941,5.484,160.041,1758.092,1808.448,1825.336,516.000,1.635,0.135,-0.059,-0.056,-0.045,-0.051,1.200,-4.500,0.448,0.298,6.200,0.542,0.542,-0.500,0.407,0.542,-0.500,0.405,0.542,-0.600,0.414,0.542,-0.500,0.411,0.542
20140504_0915,-24.670,179.120,529.600,GE.PSZ.,47.918,19.894,151.547,1712.605,1752.869,1765.962,517.000,1.707,0.246,0.097,0.100,0.096,0.103,-6.200,5.500,0.741,-0.768,-4.800,0.518,0.518,-4.100,0.307,0.518,12.700,0.314,0.518,12.700,0.328,0.518,12.700,0.310,0.518
20140504_0915,-24.670,179.120,529.600,CH.SGT05.,47.442,9.456,155.794,1735.634,1780.820,1795.755,518.000,1.127,0.402,0.252,0.255,0.263,0.261,1.600,-1.300,0.804,-0.802,0.100,0.771,0.771,-4.700,0.726,0.771,-4.800,0.731,0.771,-4.900,0.720,0.771,-4.800,0.721,0.771
20140504_0915,-24.670,179.120,529.600,IV.BDI.,44.062,10.597,158.468,1749.840,1798.251,1814.402,519.000,1.178,0.100,0.145,0.145,0.150,0.152,-5.900,-2.200,0.493,-0.862,2.700,0.439,0.439,-7.100,0.719,0.439,-7.200,0.712,0.439,-7.300,0.684,0.439,-7.200,0.706,0.439
20140504_0915,-24.670,179.120,529.600,GU.RORO.,44.112,8.066,159.235,1753.875,1803.230,1819.738,520.000,2.693,0.139,0.168,0.164,0.158,0.163,6.100,1.800,0.367,-0.422,-9.100,0.473,0.473,-8.400,0.356,0.473,-8.400,0.356,0.473,-8.500,0.366,0.473,-8.400,0.360,0.473
20140504_0915,-24.670,179.120,529.600,IV.MSCL.,38.232,15.790,160.410,1760.018,1810.837,1827.901,521.000,0.689,0.163,0.051,0.047,0.045,0.048,-0.900,-0.800,0.682,0.739,-4.400,0.347,0.347,-2.900,0.381,0.347,-3.100,0.357,0.347,-3.200,0.356,0.347,-3.000,0.367,0.347
20140504_0915,-24.670,179.120,529.600,XK.Z02PP.,-12.696,30.136,131.915,1598.515,1619.513,1625.886,522.000,9.507,0.655,0.630,0.638,0.642,0.637,1.300,1.300,0.800,0.792,0.200,0.866,0.866,0.300,0.809,0.866,0.100,0.825,0.866,-0.100,0.859,0.866,0.000,0.832,0.866
20140504_0915,-24.670,179.120,529.600,CH.ZUR.,47.369,8.581,156.088,1737.208,1782.743,1797.810,523.000,1.748,0.186,0.012,0.006,-0.001,0.005,1.500,4.400,0.514,-0.735,0.000,0.650,0.650,1.400,0.791,0.650,1.400,0.796,0.650,1.400,0.799,0.650,1.400,0.794,0.650
20140504_0915,-24.670,179.120,529.600,XJ.LL22.,-2.520,35.599,135.368,1619.496,1643.428,1650.784,524.000,5.264,0.642,0.626,0.644,0.644,0.640,0.800,0.900,0.864,0.856,0.000,0.752,0.752,0.200,0.741,0.752,-0.100,0.758,0.752,-0.200,0.764,0.752,0.000,0.751,0.752
20140504_0915,-24.670,179.120,529.600,GE.SANT.,36.371,25.459,154.590,1729.158,1772.924,1787.325,525.000,0.439,-0.001,-0.017,-0.019,-0.019,-0.018,-1.500,-1.600,0.416,0.807,5.200,0.296,0.296,9.700,0.365,0.296,9.500,0.360,0.296,9.500,0.364,0.296,9.600,0.366,0.296
20140504_0915,-24.670,179.120,529.600,XJ.PR52.,-2.959,35.702,135.006,1617.320,1640.935,1648.184,526.000,1.258,0.081,0.088,0.083,0.084,0.085,-4.000,4.600,0.648,-0.757,-0.100,0.414,0.414,-0.100,0.452,0.414,-0.100,0.421,0.414,-0.100,0.407,0.414,-0.100,0.431,0.414
20140504_0915,-24.670,179.120,529.600,FR.RENF.00,48.119,-1.635,156.543,1739.638,1785.717,1800.988,527.000,1.714,0.037,-0.055,-0.053,-0.051,-0.057,3.900,3.800,0.699,0.573,4.400,0.502,0.502,-2.700,0.643,0.502,-2.800,0.653,0.502,-2.900,0.655,0.502,-2.800,0.652,0.502
20140504_0915,-24.670,179.120,529.600,CH.SGT03.,47.366,9.199,155.933,1736.376,1781.726,1796.724,528.000,1.469,0.154,0.152,0.148,0.144,0.148,-5.900,-2.800,0.762,-0.512,-7.400,0.690,0.690,-5.800,0.604,0.690,-5.800,0.609,0.690,-5.900,0.621,0.690,-5.900,0.606,0.690
20140504_0915,-24.670,179.120,529.600,NR.NE218.,-20.563,26.218,127.650,1572.068,1589.710,1595.004,529.000,9.571,0.685,0.673,0.678,0.690,0.676,1.500,1.600,0.921,0.916,0.900,0.951,0.951,0.700,0.953,0.951,0.700,0.955,0.951,0.500,0.960,0.951,0.700,0.956,0.951
20140504_0915,-24.670,179.120,529.600,XK.Q04NM.,-13.331,35.658,127.895,1573.601,1591.430,1596.781,530.000,8.307,0.626,0.637,0.645,0.638,0.637,1.400,1.500,0.956,0.959,0.700,0.944,0.944,0.600,0.948,0.944,0.500,0.952,0.944,0.500,0.957,0.944,0.500,0.952,0.944
20140504_0915,-24.670,179.120,529.600,IV.PESA.,43.941,12.840,157.713,1745.854,1793.345,1809.147,531.000,0.890,0.249,0.137,0.145,0.148,0.142,0.700,0.600,0.830,0.838,-4.900,0.643,0.643,-0.200,0.507,0.643,-0.200,0.571,0.643,-0.300,0.590,0.643,-0.200,0.563,0.643
20140504_0915,-24.670,179.120,529.600,SX.SCHF.,50.677,12.403,152.047,1715.348,1756.179,1769.481,532.000,1.442,0.169,0.127,0.125,0.118,0.124,-2.100,1.600,0.523,-0.633,-1.400,0.672,0.672,-2.000,0.850,0.672,-2.200,0.852,0.672,-2.200,0.838,0.672,-2.300,0.841,0.672
20140504_0915,-24.670,179.120,529.600,GB.LMK.,53.457,-0.326,151.210,1710.754,1750.639,1763.592,533.000,0.590,0.218,0.268,0.266,0.266,0.267,3.500,3.900,0.663,0.676,2.500,0.550,0.550,0.100,0.655,0.550,0.000,0.686,0.550,-0.100,0.700,0.550,0.000,0.681,0.550
20140504_0915,-24.670,179.120,529.600,GE.DAMY.,14.573,44.392,136.382,1625.582,1650.416,1658.079,534.000,1.327,0.051,0.041,0.025,0.034,0.035,-0.100,1.400,0.856,0.952,-13.800,0.237,0.237,-12.900,0.272,0.237,-4.300,0.117,0.237,-13.200,0.185,0.237,-13.200,0.192,0.237
20140504_0915,-24.670,179.120,529.600,GR.GRB5.,49.111,11.675,153.658,1724.124,1766.804,1780.796,535.000,1.741,-0.080,0.005,0.012,0.011,0.004,-0.500,3.000,0.580,0.327,8.000,0.515,0.515,9.000,0.467,0.515,8.900,0.493,0.515,8.800,0.515,0.515,8.900,0.499,0.515
20140504_0915,-24.670,179.120,529.600,KO.BAYT.,40.394,40.141,142.434,1661.210,1691.778,1701.401,536.000,4.326,0.270,0.181,0.175,0.176,0.176,-5.500,2.000,0.745,-0.709,-5.500,0.643,0.643,-5.400,0.622,0.643,-5.200,0.626,0.643,-5.200,0.624,0.643,-5.300,0.626,0.643
20140504_0915,-24.670,179.120,529.600,WI.MPOM.00,14.447,-60.859,122.984,1542.472,1556.790,1561.052,537.000,3.735,0.493,0.610,0.610,0.600,0.606,0.700,0.700,0.865,0.857,0.600,0.951,0.951,0.400,0.943,0.951,-0.200,0.948,0.951,0.300,0.946,0.951,0.400,0.942,0.951
20140504_0915,-24.670,179.120,529.600,NO.SPB2.00,78.174,16.385,125.900,1561.054,1577.402,1582.291,538.000,0.887,0.122,-0.183,-0.191,-0.197,-0.192,-1.900,-4.600,0.681,-0.928,-4.800,0.649,0.649,-4.500,0.545,0.649,-4.500,0.550,0.649,-4.500,0.556,0.649,-4.500,0.553,0.649
20140504_0915,-24.670,179.120,529.600,SX.NEUB.,51.194,11.772,151.753,1713.738,1754.236,1767.415,539.000,1.017,0.015,0.025,0.022,0.021,0.022,1.700,-2.100,0.444,-0.007,6.600,0.439,0.439,0.500,0.610,0.439,0.500,0.583,0.439,0.500,0.542,0.439,0.500,0.572,0.439
20140504_0915,-24.670,179.120,529.600,YB.AT46.,37.303,35.576,146.547,1684.735,1719.539,1730.647,540.000,1.457,0.295,0.423,0.405,0.409,0.413,-2.100,1.900,0.803,-0.615,2.300,0.504,0.504,3.900,0.518,0.504,3.300,0.530,0.504,3.400,0.555,0.504,3.600,0.553,0.504
20140504_0915,-24.670,179.120,529.600,XK.W04VR.,-13.721,34.120,128.619,1578.124,1596.506,1602.033,541.000,0.351,0.034,0.031,0.032,0.032,0.032,8.900,-4.200,0.717,-0.996,-9.300,0.357,0.357,-9.400,0.349,0.357,-9.500,0.347,0.357,-9.700,0.344,0.357,-9.500,0.347,0.357
20140504_0915,-24.670,179.120,529.600,1G.SA12.,68.973,18.914,134.138,1612.071,1634.934,1641.929,542.000,1.903,0.058,0.108,0.109,0.112,0.111,2.800,-2.700,0.326,-0.822,-0.600,0.762,0.762,2.600,0.585,0.762,2.600,0.562,0.762,2.600,0.557,0.762,2.600,0.567,0.762
20140504_0915,-24.670,179.120,529.600,NO.SPB5.00,78.182,16.368,125.894,1561.013,1577.356,1582.244,543.000,0.903,0.112,-0.187,-0.194,-0.200,-0.196,-1.900,-4.600,0.666,-0.926,-4.700,0.670,0.670,-4.500,0.563,0.670,-4.500,0.568,0.670,-4.400,0.574,0.670,-4.400,0.572,0.670
20140504_0915,-24.670,179.120,529.600,XJ.NG56.,-3.096,35.409,135.143,1618.140,1641.874,1649.164,544.000,3.768,0.560,0.545,0.571,0.572,0.555,1.500,1.600,0.770,0.776,0.500,0.844,0.844,0.700,0.835,0.844,0.400,0.850,0.844,0.400,0.845,0.844,0.600,0.838,0.844
20140504_0915,-24.670,179.120,529.600,OE.MYKA.,46.630,13.642,155.163,1732.248,1776.688,1791.343,545.000,1.341,0.306,0.218,0.215,0.217,0.215,-8.800,-5.300,0.456,-0.711,2.300,0.524,0.524,2.500,0.835,0.524,2.400,0.860,0.524,2.400,0.862,0.524,2.400,0.860,0.524
20140504_0915,-24.670,179.120,529.600,IV.NRCA.,42.834,13.114,158.496,1749.990,1798.436,1814.599,546.000,1.276,0.199,0.161,0.159,0.158,0.160,0.000,2.100,0.339,-0.002,-10.500,0.508,0.508,-3.300,0.411,0.508,-3.400,0.403,0.508,-3.300,0.402,0.508,-3.400,0.405,0.508
20140504_0915,-24.670,179.120,529.600,G.IVI.00,61.206,-48.171,131.503,1595.990,1616.653,1622.915,547.000,1.368,0.221,0.179,0.193,0.186,0.183,10.200,3.300,0.656,0.060,2.000,0.750,0.750,1.500,0.708,0.750,1.400,0.715,0.750,1.500,0.719,0.750,1.500,0.715,0.750
20140504_0915,-24.670,179.120,529.600,NO.NC602.00,60.735,11.541,142.935,1664.105,1695.174,1704.971,548.000,4.131,0.203,0.201,0.195,0.189,0.195,-7.900,1.800,0.426,0.197,1.600,0.649,0.649,4.900,0.447,0.649,4.800,0.438,0.649,4.700,0.437,0.649,4.800,0.439,0.649
20140504_0915,-24.670,179.120,529.600,AF.TEBE.,0.054,32.483,139.408,1643.541,1671.172,1679.783,549.000,6.429,0.413,0.373,0.393,0.396,0.390,-0.300,-0.100,0.883,0.850,-8.300,0.504,0.504,-8.100,0.518,0.504,-8.300,0.516,0.504,-8.400,0.518,0.504,-8.200,0.519,0.504
20140504_0915,-24.670,179.120,529.600,GU.TRAV.,45.513,7.747,158.026,1747.511,1795.383,1811.330,550.000,0.785,0.112,0.026,0.031,0.033,0.027,-3.100,-3.200,0.843,0.806,-8.300,0.669,0.669,-6.600,0.469,0.669,-6.600,0.472,0.669,-6.800,0.489,0.669,-6.700,0.476,0.669
20140504_0915,-24.670,179.120,529.600,KO.SVAN.,38.151,41.198,142.021,1658.820,1688.979,1698.460,551.000,2.110,0.336,0.329,0.315,0.316,0.326,1.000,-3.300,0.301,-0.376,-11.100,0.493,0.493,-9.400,0.493,0.493,-10.000,0.515,0.493,-9.800,0.509,0.493,-9.700,0.508,0.493
20140504_0915,-24.670,179.120,529.600,GE.RUE.,52.476,13.780,150.056,1704.380,1742.979,1755.459,552.000,1.700,0.223,0.208,0.215,0.225,0.218,-4.300,-4.100,0.520,0.432,0.500,0.575,0.575,-8.000,0.576,0.575,-8.000,0.559,0.575,-8.000,0.562,0.575,-8.000,0.569,0.575
20140504_0915,-24.670,179.120,529.600,GU.ROTM.,44.849,8.353,158.477,1749.891,1798.313,1814.468,553.000,1.618,0.227,0.122,0.121,0.122,0.122,-1.900,3.700,0.793,0.486,5.600,0.396,0.396,-9.300,0.373,0.396,-9.300,0.372,0.396,-9.400,0.374,0.396,-9.300,0.374,0.396
20140504_0915,-24.670,179.120,529.600,CH.VDL.,46.483,9.450,156.673,1740.328,1786.562,1801.892,554.000,0.432,0.019,0.061,0.063,0.065,0.064,0.600,-0.300,0.413,0.563,-3.600,0.735,0.735,4.600,0.688,0.735,4.600,0.667,0.735,4.600,0.649,0.735,4.600,0.670,0.735
20140504_0915,-24.670,179.120,529.600,GE.PBUR.,56.024,21.929,144.514,1673.179,1705.855,1716.213,555.000,4.987,0.101,0.328,0.318,0.321,0.319,2.600,2.700,0.466,0.484,1.600,0.363,0.363,5.800,0.661,0.363,5.900,0.639,0.363,6.000,0.604,0.363,5.900,0.635,0.363
20140504_0915,-24.670,179.120,529.600,RD.PGF.,42.548,8.999,160.353,1759.722,1810.469,1827.505,556.000,0.682,-0.105,-0.026,-0.025,-0.028,-0.030,-0.400,-0.300,0.873,0.913,-5.900,0.486,0.486,-3.000,0.394,0.486,-2.900,0.386,0.486,-3.000,0.377,0.486,-3.100,0.384,0.486
20140504_0915,-24.670,179.120,529.600,XJ.KEN2.,-1.918,36.287,135.216,1618.581,1642.378,1649.690,557.000,3.124,0.402,0.389,0.398,0.400,0.397,0.700,-2.600,0.579,-0.324,-8.300,0.632,0.632,-8.100,0.653,0.632,-8.400,0.638,0.632,-8.400,0.631,0.632,-8.300,0.641,0.632
20140504_0915,-24.670,179.120,529.600,KO.BNGB.,38.991,40.679,142.291,1660.383,1690.809,1700.383,558.000,1.637,0.174,0.246,0.242,0.244,0.245,-0.500,-0.800,0.445,0.346,0.400,0.369,0.369,-1.600,0.311,0.369,-10.200,0.236,0.369,-10.100,0.212,0.369,-2.000,0.225,0.369
20140504_0915,-24.670,179.120,529.600,IS.AMAZ.,31.532,34.915,147.836,1691.998,1728.178,1739.779,559.000,1.801,0.180,0.244,0.271,0.263,0.255,1.700,-1.500,0.789,-0.636,-4.300,0.682,0.682,1.600,0.724,0.682,0.300,0.611,0.682,0.900,0.608,0.682,1.200,0.670,0.682
20140504_0915,-24.670,179.120,529.600,IV.TERO.,42.623,13.604,158.444,1749.716,1798.098,1814.238,560.000,0.766,0.078,0.020,0.026,0.031,0.024,-0.700,-0.900,0.594,0.581,7.700,0.407,0.407,-4.600,0.817,0.407,-4.700,0.812,0.407,-4.700,0.817,0.407,-4.600,0.816,0.407
20140504_0915,-24.670,179.120,529.600,KO.BODT.,37.062,27.310,152.960,1720.330,1762.204,1775.895,561.000,1.233,0.085,0.169,0.085,0.084,0.172,1.500,3.500,0.490,-0.076,-3.100,0.353,0.353,8.100,0.552,0.353,-3.300,0.635,0.353,-3.300,0.628,0.353,7.900,0.543,0.353
20140504_0915,-24.670,179.120,529.600,CZ.PRU.,49.988,14.542,151.995,1715.065,1755.837,1769.118,562.000,1.215,0.294,0.195,0.193,0.194,0.193,-0.600,-0.800,0.899,0.887,5.700,0.691,0.691,5.700,0.494,0.691,-9.500,0.449,0.691,-9.600,0.458,0.691,-9.600,0.437,0.691
20140504_0915,-24.670,179.120,529.600,IV.ATPC.,43.481,12.457,158.249,1748.689,1796.833,1812.883,563.000,1.600,0.290,0.159,0.153,0.146,0.151,7.800,-3.300,0.407,0.241,3.800,0.521,0.521,3.900,0.588,0.521,3.900,0.600,0.521,3.800,0.615,0.521,3.900,0.601,0.521
20140504_0915,-24.670,179.120,529.600,TA.D61A.,47.202,-70.187,121.630,1533.745,1547.174,1551.162,564.000,2.564,0.257,0.320,0.284,0.298,0.311,-0.900,-0.500,0.559,0.427,-1.300,0.590,0.590,-1.000,0.795,0.590,-1.500,0.715,0.590,-1.000,0.758,0.590,-1.000,0.781,0.590
20140504_0915,-24.670,179.120,529.600,IV.MESG.,40.589,17.850,157.684,1745.698,1793.153,1808.942,565.000,0.865,0.014,0.256,0.275,0.284,0.266,0.800,-3.100,0.689,-0.791,0.100,0.580,0.580,0.200,0.771,0.580,0.000,0.824,0.580,-0.100,0.836,0.580,0.000,0.810,0.580
20140504_0915,-24.670,179.120,529.600,CH.BNALP.,46.870,8.425,156.591,1739.893,1786.029,1801.322,566.000,0.538,0.012,0.115,0.112,0.110,0.113,3.900,4.000,0.690,0.493,10.800,0.306,0.306,-3.500,0.503,0.306,-3.500,0.511,0.306,-3.600,0.498,0.306,-3.500,0.502,0.306
20140504_0915,-24.670,179.120,529.600,KO.YEDI.,39.438,40.544,142.316,1660.527,1690.977,1700.560,567.000,1.290,0.085,0.108,0.104,0.105,0.106,11.800,4.400,0.471,-0.546,8.500,0.386,0.386,7.400,0.575,0.386,7.200,0.520,0.386,7.200,0.528,0.386,7.300,0.552,0.386
20140504_0915,-24.670,179.120,529.600,CN.GGN.,45.118,-66.842,123.845,1547.988,1562.889,1567.330,568.000,2.162,0.297,0.356,0.312,0.340,0.351,-1.100,-0.900,0.743,0.709,-1.200,0.822,0.822,-1.600,0.814,0.822,-2.100,0.799,0.822,-1.800,0.804,0.822,-1.700,0.807,0.822
20140504_0915,-24.670,179.120,529.600,MN.IDI.,35.288,24.890,155.382,1733.424,1778.121,1792.874,569.000,1.140,0.147,0.181,0.177,0.179,0.179,6.700,2.800,0.577,-0.269,4.900,0.734,0.734,6.300,0.562,0.734,6.000,0.587,0.734,6.100,0.582,0.734,6.200,0.574,0.734
20140504_0915,-24.670,179.120,529.600,IV.SSFR.,43.436,12.782,158.151,1748.170,1796.194,1812.198,570.000,0.709,-0.055,0.046,0.049,0.053,0.049,-8.600,-4.500,0.585,-0.696,-12.900,0.474,0.474,-4.000,0.589,0.474,-4.300,0.594,0.474,-4.400,0.572,0.474,-4.300,0.584,0.474
20140504_0915,-24.670,179.120,529.600,GR.WET.,49.145,12.880,153.263,1721.981,1764.204,1778.025,571.000,1.450,0.059,0.252,0.256,0.262,0.258,-2.100,4.100,0.803,-0.813,1.400,0.481,0.481,0.400,0.620,0.481,0.400,0.618,0.481,0.300,0.625,0.481,0.400,0.616,0.481
20140504_0915,-24.670,179.120,529.600,NO.NC204.00,61.276,10.763,142.539,1661.820,1692.493,1702.153,572.000,1.486,0.181,0.183,0.191,0.201,0.195,-2.500,-5.200,0.497,-0.601,-1.600,0.534,0.534,-9.600,0.495,0.534,-9.800,0.483,0.534,-9.800,0.489,0.534,-9.700,0.492,0.534
20140504_0915,-24.670,179.120,529.600,FR.ISO.00,44.184,7.050,159.444,1754.971,1804.585,1821.191,573.000,2.333,0.007,0.044,0.049,0.049,0.044,0.900,2.500,0.441,0.362,2.800,0.570,0.570,4.400,0.730,0.570,4.400,0.727,0.570,4.300,0.726,0.570,4.300,0.727,0.570
20140504_0915,-24.670,179.120,529.600,YB.AT30.,38.764,34.005,147.413,1689.617,1725.343,1736.780,574.000,0.787,0.171,-0.022,-0.007,-0.008,-0.013,-6.400,-3.300,0.592,-0.375,-6.600,0.596,0.596,-8.400,0.485,0.596,-7.800,0.619,0.596,-8.100,0.541,0.596,-8.200,0.510,0.596
20140504_0915,-24.670,179.120,529.600,IV.MRLC.,40.756,15.489,158.898,1752.109,1801.049,1817.400,575.000,2.211,0.189,0.258,0.268,0.272,0.261,2.400,-3.700,0.337,-0.551,-0.100,0.900,0.900,-0.500,0.884,0.900,-0.600,0.877,0.900,-0.600,0.873,0.900,-0.600,0.879,0.900
20140504_0915,-24.670,179.120,529.600,FR.ATE.00,43.086,-0.701,161.584,1766.105,1818.405,1836.033,576.000,0.000,,,,,,-16.000,-8.000,0.000,0.000,-16.000,0.000,0.000,-16.000,0.000,0.000,-16.000,0.000,0.000,-16.000,0.000,0.000,-16.000,0.000,0.000
20140504_0915,-24.670,179.120,529.600,FR.BSTF.00,43.801,5.643,160.140,1758.611,1809.091,1826.026,577.000,1.309,-0.003,0.132,0.134,0.130,0.128,0.100,-0.100,0.619,0.773,-4.800,0.267,0.267,-2.600,0.326,0.267,-2.600,0.329,0.267,-2.600,0.340,0.267,-2.600,0.334,0.267
20140504_0915,-24.670,179.120,529.600,YB.AT26.,37.630,36.731,145.584,1679.275,1713.063,1723.812,578.000,0.348,0.024,0.031,0.030,0.030,0.031,-0.100,4.100,0.850,0.991,-13.100,0.301,0.301,-12.500,0.390,0.301,-13.400,0.293,0.301,-13.100,0.327,0.301,-12.900,0.352,0.301
20140504_0915,-24.670,179.120,529.600,1G.SA16.,67.152,21.078,135.389,1619.627,1643.578,1650.941,579.000,0.462,0.014,0.035,0.035,0.035,0.035,5.000,-4.000,0.800,-0.767,-1.800,0.338,0.338,1.400,0.228,0.338,1.400,0.227,0.338,1.300,0.229,0.338,1.400,0.232,0.338
20140504_0915,-24.670,179.120,529.600,PM.PVAQ.,37.404,-7.717,165.994,1788.606,1846.616,1866.460,580.000,2.081,0.170,0.125,0.138,0.145,0.136,0.500,0.700,0.964,0.960,1.800,0.866,0.866,1.900,0.801,0.866,1.900,0.757,0.866,2.000,0.704,0.866,2.000,0.750,0.866
20140504_0915,-24.670,179.120,529.600,YB.AT55.,37.084,35.087,146.973,1687.138,1722.394,1733.664,581.000,0.350,0.037,0.049,0.048,0.048,0.049,-0.100,3.800,0.821,0.961,-11.600,0.255,0.255,-2.200,0.336,0.255,3.300,0.325,0.255,3.800,0.233,0.255,-2.700,0.264,0.255
20140504_0915,-24.670,179.120,529.600,KO.URFA.,37.441,38.821,143.986,1670.153,1702.286,1712.455,582.000,0.457,0.025,0.024,0.025,0.025,0.025,2.600,-4.200,0.795,-0.045,9.200,0.407,0.407,9.900,0.416,0.407,9.400,0.435,0.407,9.500,0.428,0.407,9.600,0.422,0.407
20140504_0915,-24.670,179.120,529.600,NL.HGN.02,50.764,5.932,153.382,1722.628,1764.989,1778.862,583.000,1.707,0.026,0.129,0.132,0.128,0.128,-5.600,-1.300,0.355,-0.843,-3.200,0.901,0.901,-3.100,0.548,0.901,-2.900,0.543,0.901,-3.100,0.556,0.901,-3.100,0.548,0.901
20140504_0915,-24.670,179.120,529.600,TA.I64A.,43.920,-69.635,121.784,1534.739,1548.266,1552.285,584.000,2.367,0.262,0.452,0.358,0.390,0.424,-0.200,-0.500,0.760,0.772,-0.700,0.660,0.660,-0.400,0.796,0.660,-1.000,0.740,0.660,-0.500,0.780,0.660,-0.500,0.789,0.660
20140504_0915,-24.670,179.120,529.600,IV.MODR.,41.146,13.878,159.450,1755.002,1804.623,1821.232,585.000,0.537,0.052,0.023,0.026,0.028,0.028,-5.100,-1.800,0.682,-0.349,-5.000,0.631,0.631,2.100,0.737,0.631,2.000,0.728,0.631,1.900,0.725,0.631,2.000,0.731,0.631
20140504_0915,-24.670,179.120,529.600,KO.DYBB.,37.953,40.139,142.876,1663.764,1694.774,1704.550,586.000,2.203,0.206,0.091,0.091,0.092,0.090,-1.600,4.000,0.442,0.031,3.000,0.443,0.443,3.800,0.595,0.443,3.400,0.541,0.443,3.500,0.556,0.443,3.600,0.576,0.443
20140504_0915,-24.670,179.120,529.600,ZR.N1301.,66.095,13.116,137.637,1633.062,1659.041,1667.090,587.000,2.148,0.139,0.037,0.033,0.033,0.035,-0.100,3.500,0.596,0.850,-6.300,0.351,0.351,2.800,0.490,0.351,2.800,0.492,0.351,2.800,0.492,0.351,2.800,0.492,0.351
20140504_0915,-24.670,179.120,529.600,GB.HPK.,53.958,-1.624,150.707,1707.978,1747.300,1760.045,588.000,0.790,0.124,0.083,0.086,0.088,0.085,10.300,-5.600,0.500,0.461,-8.900,0.424,0.424,-10.900,0.527,0.424,-11.000,0.538,0.424,-11.100,0.542,0.424,-11.000,0.532,0.424
20140504_0915,-24.670,179.120,529.600,MN.WDD.,35.837,14.524,162.669,1771.696,1825.384,1843.543,589.000,2.099,-0.001,-0.033,-0.041,-0.044,-0.039,-2.400,-3.200,0.633,0.551,6.800,0.711,0.711,6.000,0.792,0.711,6.100,0.779,0.711,6.200,0.772,0.711,6.000,0.786,0.711
20140504_0915,-24.670,179.120,529.600,YQ.CRTR.,-9.332,33.751,132.078,1599.520,1620.653,1627.070,590.000,1.859,0.293,0.335,0.321,0.315,0.322,0.600,1.000,0.655,0.740,-0.700,0.407,0.407,-0.600,0.337,0.407,-0.800,0.381,0.407,-0.900,0.413,0.407,-0.700,0.374,0.407
20140504_0915,-24.670,179.120,529.600,TT.THTN.00,35.562,8.688,166.337,1790.330,1848.793,1868.817,591.000,0.930,-0.062,-0.007,-0.017,0.113,-0.013,2.800,3.700,0.455,0.396,-5.400,0.461,0.461,-5.100,0.422,0.461,-4.700,0.422,0.461,2.600,0.365,0.461,-4.700,0.427,0.461
20140504_0915,-24.670,179.120,529.600,XK.B12SS.,-18.746,22.197,131.111,1593.577,1613.922,1620.080,592.000,6.694,0.704,0.657,0.661,0.680,0.670,1.600,1.700,0.914,0.892,0.600,0.953,0.953,0.800,0.945,0.953,0.800,0.948,0.953,0.500,0.961,0.953,0.600,0.954,0.953
20140504_0915,-24.670,179.120,529.600,OE.SOKA.,46.678,15.033,154.587,1729.146,1772.909,1787.309,593.000,1.262,0.035,-0.003,-0.006,-0.009,-0.005,-4.300,-4.000,0.377,0.751,-6.700,0.484,0.484,-6.600,0.481,0.484,-6.700,0.479,0.484,-6.700,0.477,0.484,-6.700,0.479,0.484
20140504_0915,-24.670,179.120,529.600,GR.NRDL.,52.494,10.107,150.955,1709.350,1748.950,1761.798,594.000,1.457,0.343,0.230,0.238,0.249,0.241,-6.000,4.300,0.574,-0.619,-0.100,0.551,0.551,-9.800,0.546,0.551,-9.800,0.545,0.551,-9.800,0.546,0.551,-9.800,0.547,0.551
20140504_0915,-24.670,179.120,529.600,IV.BRMO.,46.476,10.372,156.408,1738.914,1784.830,1800.041,595.000,1.861,0.277,0.348,0.350,0.349,0.348,-9.300,-4.700,0.534,-0.406,-2.400,0.656,0.656,-2.300,0.786,0.656,-2.200,0.766,0.656,-2.300,0.763,0.656,-2.300,0.776,0.656
20140504_0915,-24.670,179.120,529.600,1G.SA50.,63.114,16.322,139.892,1646.388,1674.479,1683.248,596.000,0.360,0.017,0.020,0.020,0.021,0.020,2.200,4.200,0.668,0.843,5.000,0.141,0.141,4.500,0.093,0.141,4.600,0.095,0.141,4.700,0.100,0.141,4.600,0.094,0.141
20140504_0915,-24.670,179.120,529.600,FR.CALF.01,43.753,6.922,159.879,1757.250,1807.405,1824.217,597.000,1.308,0.116,0.074,0.073,0.068,0.070,2.000,2.100,0.388,0.407,-5.800,0.591,0.591,-3.800,0.509,0.591,-3.800,0.505,0.591,-3.900,0.505,0.591,-3.900,0.507,0.591
20140504_0915,-24.670,179.120,529.600,XK.W15SS.,-15.682,34.975,126.605,1565.504,1582.366,1587.416,598.000,4.880,0.340,0.355,0.353,0.350,0.354,0.700,0.900,0.958,0.944,0.600,0.867,0.867,0.500,0.876,0.867,0.400,0.880,0.867,0.300,0.886,0.867,0.400,0.881,0.867
20140504_0915,-24.670,179.120,529.600,GE.MTE.,40.400,-7.544,163.311,1774.983,1829.496,1847.973,599.000,0.934,0.070,-0.004,-0.006,-0.002,-0.007,-0.700,2.600,0.767,0.381,3.000,0.769,0.769,3.000,0.712,0.769,2.900,0.668,0.769,2.900,0.608,0.769,2.900,0.653,0.769
20140504_0915,-24.670,179.120,529.600,GR.GTTG.,51.546,9.964,151.871,1714.386,1755.017,1768.246,600.000,1.408,0.171,0.235,0.235,0.235,0.235,1.500,1.100,0.328,0.100,-8.100,0.395,0.395,-8.800,0.455,0.395,-8.800,0.464,0.395,-8.700,0.476,0.395,-8.800,0.458,0.395
20140504_0915,-24.670,179.120,529.600,GE.ISP.00,37.843,30.509,150.303,1705.750,1744.623,1757.204,601.000,0.684,0.096,0.088,0.103,0.100,0.097,-4.800,5.200,0.323,0.039,8.400,0.533,0.533,2.900,0.537,0.533,9.300,0.423,0.533,9.300,0.437,0.533,2.700,0.480,0.533
20140504_0915,-24.670,179.120,529.600,YB.AT32.,38.297,34.889,146.859,1686.498,1721.633,1732.860,602.000,1.382,0.185,0.070,0.072,0.071,0.071,-1.400,4.200,0.463,-0.715,1.400,0.559,0.559,9.400,0.406,0.559,0.000,0.441,0.559,2.400,0.309,0.559,-5.200,0.326,0.559
20140504_0915,-24.670,179.120,529.600,KO.SIRT.,37.501,42.439,141.133,1653.652,1682.939,1692.119,603.000,3.037,0.062,0.073,0.071,0.071,0.074,-2.200,-3.100,0.841,0.908,-4.800,0.530,0.530,-4.200,0.631,0.530,-3.900,0.787,0.530,-3.900,0.753,0.530,-3.900,0.698,0.530
20140504_0915,-24.670,179.120,529.600,XJ.PR62.,-2.983,35.374,135.242,1618.739,1642.560,1649.880,604.000,3.533,0.474,0.465,0.468,0.462,0.466,0.500,0.600,0.828,0.817,-0.500,0.905,0.905,-0.300,0.894,0.905,-0.500,0.902,0.905,-0.600,0.900,0.905,-0.500,0.897,0.905
20140504_0915,-24.670,179.120,529.600,MN.VTS.,42.618,23.235,153.250,1721.907,1764.114,1777.930,605.000,1.350,0.066,0.117,0.116,0.113,0.112,-3.800,5.300,0.548,-0.699,3.300,0.701,0.701,2.900,0.690,0.701,2.600,0.684,0.701,2.600,0.685,0.701,2.700,0.687,0.701
20140504_0915,-24.670,179.120,529.600,GR.FUR.,48.164,11.277,154.623,1729.340,1773.146,1787.562,606.000,1.683,0.229,0.080,0.085,0.089,0.085,7.300,3.500,0.664,-0.365,-5.800,0.393,0.393,12.000,0.391,0.393,6.000,0.384,0.393,5.900,0.387,0.393,5.900,0.382,0.393
20140504_0915,-24.670,179.120,529.600,FR.CHIF.00,46.133,-0.408,158.533,1750.186,1798.677,1814.858,607.000,1.334,0.051,0.126,0.124,0.122,0.123,-2.600,1.900,0.580,-0.854,0.600,0.544,0.544,-2.000,0.669,0.544,-1.900,0.655,0.544,-2.000,0.656,0.544,-2.000,0.661,0.544
20140504_0915,-24.670,179.120,529.600,TA.H66A.,44.786,-67.312,123.499,1545.771,1560.436,1564.804,608.000,3.096,0.363,0.415,0.438,0.432,0.424,1.000,1.100,0.769,0.881,1.200,0.779,0.779,0.500,0.811,0.779,0.200,0.791,0.779,0.400,0.803,0.779,0.500,0.806,0.779
20140504_0915,-24.670,179.120,529.600,AF.AAUS.,9.035,38.766,139.164,1642.101,1669.501,1678.033,609.000,2.317,0.443,0.393,0.503,0.487,0.409,-0.200,0.000,0.906,0.886,-8.500,0.372,0.372,-8.600,0.389,0.372,-0.700,0.844,0.372,-0.600,0.813,0.372,-8.900,0.362,0.372
20140504_0915,-24.670,179.120,529.600,IV.GMB.,38.168,15.829,160.427,1760.103,1810.942,1828.014,610.000,1.675,0.074,0.167,0.162,0.159,0.166,-5.200,-4.800,0.584,0.627,-8.600,0.712,0.712,-7.900,0.669,0.712,-8.000,0.670,0.712,-8.100,0.675,0.712,-8.000,0.673,0.712
20140504_0915,-24.670,179.120,529.600,TA.M65A.,41.562,-70.647,120.802,1528.380,1541.279,1545.107,611.000,5.141,0.502,0.451,0.398,0.419,0.435,0.100,0.100,0.823,0.853,0.000,0.683,0.683,-0.100,0.778,0.683,-0.600,0.699,0.683,-0.200,0.735,0.683,-0.200,0.754,0.683
20140504_0915,-24.670,179.120,529.600,YB.AT60.,37.016,34.364,147.552,1690.399,1726.273,1737.764,612.000,0.955,0.123,0.075,0.081,0.077,0.075,-5.100,-4.600,0.625,0.629,-4.600,0.694,0.694,-3.500,0.489,0.694,-5.100,0.686,0.694,-4.700,0.707,0.694,-4.400,0.656,0.694
20140504_0915,-24.670,179.120,529.600,IV.ESLN.,37.693,14.974,161.249,1764.374,1816.249,1833.715,613.000,1.058,0.057,0.114,0.112,0.110,0.114,1.300,4.400,0.557,-0.683,7.800,0.487,0.487,9.600,0.480,0.487,9.700,0.443,0.487,9.500,0.417,0.487,9.600,0.447,0.487
20140504_0915,-24.670,179.120,529.600,NR.NE216.,-20.196,24.537,128.771,1579.075,1597.575,1603.139,614.000,9.018,0.638,0.672,0.683,0.696,0.683,1.200,1.300,0.840,0.861,0.300,0.919,0.919,0.500,0.917,0.919,0.400,0.916,0.919,0.100,0.916,0.919,0.300,0.915,0.919
20140504_0915,-24.670,179.120,529.600,YB.AT01.,39.724,36.711,145.142,1676.764,1710.091,1720.677,615.000,2.317,0.146,0.050,0.068,0.067,0.061,-2.400,-2.100,0.669,0.611,0.200,0.539,0.539,0.000,0.818,0.539,-0.100,0.876,0.539,-0.100,0.858,0.539,0.000,0.841,0.539
20140504_0915,-24.670,179.120,529.600,YB.AT31.,38.573,34.508,147.081,1687.751,1723.122,1734.433,616.000,1.448,0.028,0.106,0.093,0.096,0.100,9.000,-0.100,0.350,-0.654,-2.800,0.551,0.551,6.100,0.717,0.551,7.200,0.589,0.551,6.800,0.722,0.551,6.300,0.748,0.551
20140504_0915,-24.670,179.120,529.600,TA.G60A.,45.098,-72.334,119.979,1523.029,1535.414,1539.086,617.000,1.809,0.322,0.290,0.339,0.345,0.313,-1.600,-5.100,0.559,-0.242,2.800,0.557,0.557,2.800,0.626,0.557,2.800,0.672,0.557,2.800,0.650,0.557,2.800,0.642,0.557
20140504_0915,-24.670,179.120,529.600,CH.GIMEL.,46.534,6.265,157.401,1744.200,1791.312,1806.972,618.000,0.623,0.017,0.018,0.014,0.010,0.014,1.800,-1.900,0.549,-0.475,-0.100,0.615,0.615,-3.100,0.602,0.615,-3.100,0.605,0.615,-3.200,0.597,0.615,-3.200,0.597,0.615
20140504_0915,-24.670,179.120,529.600,IV.CAFI.,43.329,11.966,158.574,1750.403,1798.945,1815.145,619.000,2.522,0.042,0.021,0.021,0.020,0.021,-0.100,4.600,0.945,-0.754,5.300,0.216,0.216,3.300,0.210,0.216,3.200,0.226,0.216,3.100,0.236,0.216,3.200,0.225,0.216
20140504_0915,-24.670,179.120,529.600,XK.Q01MP.,-13.408,34.870,128.361,1576.516,1594.701,1600.164,620.000,1.088,0.245,0.215,0.223,0.228,0.222,1.200,1.000,0.552,0.396,-0.100,0.584,0.584,-0.200,0.558,0.584,-0.300,0.563,0.584,-0.400,0.567,0.584,-0.300,0.563,0.584
20140504_0915,-24.670,179.120,529.600,GE.WLF.,49.665,6.153,154.412,1728.200,1771.758,1786.081,621.000,1.558,0.086,-0.068,-0.052,-0.055,-0.055,-8.700,4.500,0.338,-0.065,2.100,0.696,0.696,11.800,0.392,0.696,12.000,0.390,0.696,11.900,0.387,0.696,12.000,0.391,0.696
20140504_0915,-24.670,179.120,529.600,YB.AT14.,38.628,36.060,145.891,1681.016,1715.127,1725.989,622.000,1.349,0.327,0.393,0.403,0.401,0.397,1.500,4.900,0.734,-0.781,11.800,0.386,0.386,5.700,0.463,0.386,5.600,0.514,0.386,5.700,0.498,0.386,5.700,0.486,0.386
20140504_0915,-24.670,179.120,529.600,1G.SA48.,63.230,13.678,140.247,1648.471,1676.902,1685.787,623.000,1.331,0.035,-0.012,-0.010,-0.007,-0.009,1.500,4.300,0.613,0.601,1.800,0.796,0.796,3.200,0.798,0.796,3.200,0.794,0.796,3.100,0.797,0.796,3.200,0.797,0.796
20140504_0915,-24.670,179.120,529.600,1G.SA41.,63.967,10.232,140.032,1647.209,1675.433,1684.247,624.000,1.280,-0.093,-0.015,-0.018,-0.017,-0.015,4.700,2.100,0.465,-0.612,6.900,0.478,0.478,-4.300,0.530,0.478,-4.300,0.526,0.478,-4.300,0.519,0.478,-4.300,0.526,0.478
20140504_0915,-24.670,179.120,529.600,XJ.NG54.,-2.732,35.360,135.415,1619.782,1643.754,1651.126,625.000,4.101,0.546,0.539,0.557,0.561,0.550,1.300,1.200,0.916,0.903,0.300,0.840,0.840,0.600,0.813,0.840,0.200,0.841,0.840,0.200,0.846,0.840,0.400,0.826,0.840
20140504_0915,-24.670,179.120,529.600,HE.SUF.,62.719,26.147,137.901,1634.633,1660.855,1668.987,626.000,1.021,0.241,-0.079,-0.079,-0.078,-0.079,4.900,4.700,0.645,0.674,-0.400,0.700,0.700,3.100,0.768,0.700,3.100,0.786,0.700,3.100,0.785,0.700,3.100,0.781,0.700
20140504_0915,-24.670,179.120,529.600,NO.ARE0.00,69.535,25.506,132.506,1602.140,1623.626,1630.160,627.000,0.718,-0.160,-0.225,-0.221,-0.218,-0.223,-10.700,-2.100,0.365,0.226,-2.000,0.696,0.696,-8.200,0.707,0.696,-8.100,0.708,0.696,-8.000,0.713,0.696,-8.100,0.714,0.696
20140504_0915,-24.670,179.120,529.600,IV.SACR.,41.397,14.706,158.847,1751.838,1800.714,1817.041,628.000,2.228,0.233,0.322,0.317,0.311,0.312,-0.600,-0.700,0.572,0.491,-3.100,0.764,0.764,-2.600,0.767,0.764,-2.700,0.768,0.764,-2.800,0.777,0.764,-2.700,0.771,0.764
20140504_0915,-24.670,179.120,529.600,GR.GRB1.,49.390,11.651,153.415,1722.805,1765.203,1779.090,629.000,2.509,0.023,0.114,0.108,0.105,0.112,4.400,4.500,0.511,0.531,4.000,0.482,0.482,8.000,0.471,0.482,8.000,0.470,0.482,8.100,0.449,0.482,8.200,0.450,0.482
20140504_0915,-24.670,179.120,529.600,TA.F61A.,45.974,-70.992,120.995,1529.632,1542.654,1546.518,630.000,2.853,0.336,0.498,0.507,0.506,0.504,0.700,1.100,0.750,0.735,1.000,0.799,0.799,0.300,0.843,0.799,-0.100,0.899,0.799,0.100,0.868,0.799,0.200,0.856,0.799
20140504_0915,-24.670,179.120,529.600,GE.MORC.,49.777,17.543,151.098,1710.135,1749.894,1762.800,631.000,1.332,0.107,0.381,0.384,0.388,0.382,-5.600,1.500,0.538,-0.569,-2.100,0.401,0.401,1.000,0.474,0.401,0.800,0.482,0.401,0.800,0.489,0.401,0.900,0.489,0.401
20140504_0915,-24.670,179.120,529.600,FR.WLS.00,48.413,7.354,155.388,1733.452,1778.156,1792.911,632.000,1.109,0.223,0.151,0.154,0.155,0.152,5.400,-2.000,0.411,-0.873,0.000,0.715,0.715,-2.400,0.198,0.715,-2.500,0.192,0.715,-2.400,0.181,0.715,-2.400,0.189,0.715
20140504_0915,-24.670,179.120,529.600,CH.SULZ.,47.528,8.112,156.055,1737.027,1782.522,1797.574,633.000,1.102,0.265,0.204,0.205,0.208,0.206,0.400,0.300,0.489,0.456,-1.000,0.819,0.819,-0.100,0.672,0.819,-0.100,0.669,0.819,-0.200,0.697,0.819,-0.200,0.682,0.819
20140504_0915,-24.670,179.120,529.600,TA.H63A.,44.662,-70.035,121.560,1533.292,1546.674,1550.649,634.000,3.610,0.398,0.309,0.316,0.315,0.312,0.100,0.700,0.624,0.678,0.300,0.856,0.856,0.300,0.834,0.856,-0.100,0.872,0.856,0.100,0.865,0.856,0.200,0.849,0.856
20140504_0915,-24.670,179.120,529.600,XJ.KEN3.,-2.093,36.119,135.237,1618.709,1642.526,1649.843,635.000,1.960,0.254,0.236,0.248,0.249,0.244,0.700,0.800,0.736,0.776,0.000,0.612,0.612,0.200,0.603,0.612,-0.100,0.617,0.612,-0.100,0.607,0.612,0.100,0.604,0.612
20140504_0915,-24.670,179.120,529.600,FR.ARBF.00,43.492,5.332,160.502,1760.498,1811.433,1828.540,636.000,1.520,-0.101,0.059,0.054,0.048,0.053,-1.000,-3.500,0.261,-0.372,-3.100,0.495,0.495,8.000,0.256,0.495,8.000,0.243,0.495,7.800,0.221,0.495,7.900,0.234,0.495
20140504_0915,-24.670,179.120,529.600,KO.GAZ.,37.172,37.210,145.295,1677.631,1711.116,1721.759,637.000,0.000,,,,,,-16.000,-8.000,0.000,0.000,-16.000,0.000,0.000,-16.000,0.000,0.000,-16.000,0.000,0.000,-16.000,0.000,0.000,-16.000,0.000,0.000
20140504_0915,-24.670,179.120,529.600,YQ.MBHS.,-9.431,33.985,131.847,1598.101,1619.044,1625.398,638.000,7.964,0.588,0.590,0.597,0.596,0.593,0.900,0.700,0.694,0.722,0.300,0.576,0.576,0.400,0.575,0.576,0.200,0.586,0.576,0.000,0.593,0.576,0.300,0.583,0.576
20140504_0915,-24.670,179.120,529.600,NI.CGRP.,45.881,11.805,156.465,1739.220,1785.205,1800.441,639.000,2.157,0.080,0.127,0.133,0.140,0.135,-1.100,2.300,0.341,0.417,2.000,0.408,0.408,-3.100,0.688,0.408,-3.100,0.677,0.408,-3.100,0.670,0.408,-3.100,0.683,0.408
20140504_0915,-24.670,179.120,529.600,1G.SA37.,64.247,16.818,138.771,1639.786,1666.817,1675.224,640.000,0.348,0.024,0.003,0.002,0.002,0.002,4.500,-4.500,0.732,-0.778,2.900,0.249,0.249,4.300,0.127,0.249,4.400,0.135,0.249,4.400,0.136,0.249,4.400,0.130,0.249
20140504_0915,-24.670,179.120,529.600,CZ.OKC.,49.835,18.140,150.820,1708.603,1748.051,1760.843,641.000,2.076,0.201,0.194,0.191,0.185,0.188,-2.200,-1.200,0.687,0.647,0.200,0.505,0.505,-6.300,0.492,0.505,-6.500,0.479,0.505,1.300,0.457,0.505,1.300,0.458,0.505
20140504_0915,-24.670,179.120,529.600,IV.CESX.,42.608,12.587,158.907,1752.154,1801.105,1817.460,642.000,3.215,0.017,0.188,0.193,0.198,0.194,-3.500,-1.500,0.425,0.078,-12.100,0.321,0.321,7.300,0.460,0.321,7.200,0.461,0.321,7.200,0.445,0.321,7.200,0.457,0.321
20140504_0915,-24.670,179.120,529.600,FR.TERF.00,43.680,-1.110,160.989,1763.027,1814.574,1831.915,643.000,0.793,0.112,-0.082,-0.086,-0.095,-0.085,-7.700,-2.000,0.648,-0.522,5.600,0.390,0.390,-11.400,0.325,0.390,-11.600,0.312,0.390,-11.600,0.311,0.390,-11.600,0.315,0.390
20140504_0915,-24.670,179.120,529.600,1G.SA11.,69.132,18.050,134.123,1611.983,1634.834,1641.824,644.000,0.857,0.002,-0.035,-0.035,-0.034,-0.035,3.900,4.600,0.672,0.776,-3.300,0.216,0.216,-3.300,0.115,0.216,-3.300,0.120,0.216,-3.300,0.125,0.216,-3.300,0.121,0.216
20140504_0915,-24.670,179.120,529.600,CH.DAGMA.,47.231,8.012,156.356,1738.638,1784.493,1799.680,645.000,1.230,0.220,0.167,0.173,0.165,0.175,0.200,3.300,0.819,-0.253,0.000,0.625,0.625,4.200,0.357,0.625,4.200,0.372,0.625,4.200,0.350,0.625,4.200,0.356,0.625
20140504_0915,-24.670,179.120,529.600,GU.NEGI.,43.846,7.703,159.582,1755.696,1805.481,1822.153,646.000,1.439,0.156,0.105,0.107,0.109,0.107,-4.200,4.700,0.412,-0.647,0.600,0.705,0.705,2.100,0.519,0.705,2.000,0.516,0.705,2.000,0.522,0.705,2.000,0.520,0.705
20140504_0915,-24.670,179.120,529.600,CH.FUORN.,46.620,10.264,156.311,1738.398,1784.199,1799.366,647.000,0.364,0.042,0.044,0.044,0.044,0.044,-3.000,1.700,0.538,0.257,7.800,0.606,0.606,8.200,0.557,0.606,8.200,0.527,0.606,8.200,0.536,0.606,8.200,0.540,0.606
20140504_0915,-24.670,179.120,529.600,NR.NE213.,-25.476,22.857,124.851,1554.398,1569.997,1574.654,648.000,3.393,0.523,0.513,0.514,0.506,0.501,-1.100,-1.100,0.790,0.833,-1.800,0.621,0.621,-1.500,0.679,0.621,-1.500,0.677,0.621,-1.600,0.663,0.621,-1.600,0.673,0.621
20140504_0915,-24.670,179.120,529.600,CH.METMA.,47.712,8.253,155.848,1735.923,1781.173,1796.133,649.000,2.007,0.263,0.284,0.285,0.285,0.286,7.000,-4.400,0.549,-0.355,-3.000,0.538,0.538,-0.800,0.714,0.538,-0.800,0.718,0.538,-0.900,0.709,0.538,-0.800,0.709,0.538
20140504_0915,-24.670,179.120,529.600,NL.1980.,50.800,5.973,153.341,1722.404,1764.718,1778.573,650.000,1.142,-0.091,-0.021,-0.019,-0.020,-0.020,6.300,-1.200,0.515,-0.588,-3.100,0.772,0.772,6.800,0.370,0.772,6.700,0.366,0.772,6.700,0.365,0.772,6.700,0.373,0.772
20140504_0915,-24.670,179.120,529.600,NL.OPLO.01,51.589,5.812,152.598,1718.361,1759.820,1773.356,651.000,0.757,0.140,0.126,0.130,0.131,0.128,8.500,5.100,0.380,-0.290,1.000,0.571,0.571,1.400,0.417,0.571,1.400,0.421,0.571,1.400,0.423,0.571,1.400,0.423,0.571
20140504_0915,-24.670,179.120,529.600,IV.AMUR.,40.907,16.604,158.184,1748.345,1796.409,1812.429,652.000,1.060,0.141,0.174,0.184,0.188,0.179,1.600,-3.200,0.520,-0.765,0.200,0.763,0.763,-0.100,0.699,0.763,-0.100,0.679,0.763,-0.100,0.683,0.763,-0.100,0.688,0.763
20140504_0915,-24.670,179.120,529.600,CH.BERGE.,47.872,8.178,155.717,1735.217,1780.311,1795.212,653.000,1.380,0.145,0.095,0.092,0.091,0.094,3.100,2.900,0.665,0.736,0.200,0.715,0.715,-3.900,0.639,0.715,-3.900,0.635,0.715,-3.900,0.628,0.715,-3.900,0.635,0.715
20140504_0915,-24.670,179.120,529.600,CZ.JAVC.,48.859,17.671,151.780,1713.882,1754.409,1767.600,654.000,1.715,0.341,0.270,0.268,0.267,0.267,-2.300,-2.700,0.774,0.762,3.000,0.520,0.520,-0.600,0.670,0.520,0.100,0.591,0.520,0.600,0.623,0.520,0.100,0.572,0.520
20140504_0915,-24.670,179.120,529.600,IS.MMLI.,32.438,35.422,147.348,1689.254,1724.910,1736.323,655.000,1.097,0.354,0.402,0.387,0.388,0.395,-0.400,-4.800,0.678,-0.788,-8.000,0.367,0.367,7.700,0.429,0.367,6.400,0.406,0.367,6.800,0.409,0.367,7.100,0.419,0.367
20140504_0915,-24.670,179.120,529.600,WI.ILAM.00,14.774,-60.875,123.082,1543.101,1557.485,1561.767,656.000,1.535,0.062,0.259,0.254,0.279,0.267,-0.700,-5.000,0.390,-0.296,5.500,0.526,0.526,5.600,0.502,0.526,4.900,0.502,0.526,5.400,0.492,0.526,5.600,0.499,0.526
20140504_0915,-24.670,179.120,529.600,AF.SVMA.,16.840,-24.925,156.235,1737.991,1783.701,1798.833,657.000,4.094,0.467,0.402,0.425,0.423,0.418,2.300,2.600,0.844,0.872,2.000,0.891,0.891,1.900,0.906,0.891,1.300,0.891,0.891,1.500,0.897,0.891,1.700,0.903,0.891
20140504_0915,-24.670,179.120,529.600,IV.TOLF.,42.064,12.000,159.602,1755.801,1805.612,1822.293,658.000,1.122,0.003,0.161,0.156,0.151,0.156,-4.100,-4.000,0.579,0.539,-12.100,0.491,0.491,-3.600,0.484,0.491,-3.900,0.430,0.491,-4.400,0.392,0.491,-3.900,0.432,0.491
20140504_0915,-24.670,179.120,529.600,IV.MCSR.,38.065,15.230,160.857,1762.340,1813.721,1830.998,659.000,2.084,0.379,0.420,0.417,0.415,0.418,3.800,3.700,0.608,0.525,1.100,0.825,0.825,0.400,0.642,0.825,0.200,0.682,0.825,0.300,0.694,0.825,0.400,0.673,0.825
20140504_0915,-24.670,179.120,529.600,GR.GEC2.,48.844,13.701,153.258,1721.954,1764.171,1777.990,660.000,2.336,0.240,0.203,0.224,0.232,0.221,-4.800,3.300,0.552,-0.383,-11.300,0.398,0.398,-3.500,0.464,0.398,-3.600,0.453,0.398,-3.700,0.437,0.398,-3.600,0.449,0.398
20140504_0915,-24.670,179.120,529.600,ZR.N1313.,65.688,14.171,137.873,1634.467,1660.663,1668.786,661.000,0.647,0.023,-0.061,-0.061,-0.062,-0.062,6.300,-3.800,0.627,-0.802,2.400,0.460,0.460,4.300,0.493,0.460,4.300,0.479,0.460,4.200,0.472,0.460,4.300,0.480,0.460
20140504_0915,-24.670,179.120,529.600,DK.MUD.,56.455,9.173,147.386,1689.466,1725.162,1736.590,662.000,1.697,0.044,0.143,0.133,0.135,0.136,-3.400,-3.400,0.854,0.901,-3.900,0.379,0.379,-4.600,0.349,0.379,-4.700,0.341,0.379,-4.800,0.334,0.379,-4.800,0.336,0.379
20140504_0915,-24.670,179.120,529.600,NO.NB201.00,61.049,11.294,142.675,1662.608,1693.417,1703.124,663.000,2.379,0.094,0.154,0.158,0.162,0.158,-2.900,-2.200,0.623,0.595,-3.100,0.663,0.663,-2.800,0.387,0.663,-3.000,0.381,0.663,-3.000,0.367,0.663,-3.000,0.374,0.663
20140504_0915,-24.670,179.120,529.600,IV.SERS.,39.036,16.689,159.359,1754.526,1804.035,1820.601,664.000,1.254,0.122,0.112,0.111,0.109,0.111,3.400,-4.200,0.556,0.428,-4.200,0.721,0.721,-5.400,0.606,0.721,-5.600,0.611,0.721,-5.600,0.619,0.721,-5.500,0.612,0.721
20140504_0915,-24.670,179.120,529.600,AF.EKNA.,4.234,9.328,157.327,1743.805,1790.827,1806.453,665.000,2.369,0.501,0.513,0.531,0.558,0.528,0.500,0.800,0.797,0.831,0.400,0.812,0.812,0.500,0.803,0.812,0.300,0.810,0.812,-0.100,0.825,0.812,0.300,0.815,0.812
20140504_0915,-24.670,179.120,529.600,GR.HAM3.,53.568,9.974,149.977,1703.943,1742.455,1754.903,666.000,1.429,-0.125,-0.062,-0.057,-0.057,-0.059,-5.400,3.600,0.434,-0.907,2.600,0.611,0.611,4.600,0.436,0.611,4.800,0.442,0.611,4.600,0.487,0.611,4.600,0.477,0.611
20140504_0915,-24.670,179.120,529.600,YB.AT64.,36.601,34.121,147.828,1691.950,1728.121,1739.718,667.000,1.159,0.068,0.054,0.053,0.048,0.048,7.500,0.300,0.395,-0.328,-11.300,0.371,0.371,-3.500,0.445,0.371,-3.800,0.477,0.371,-3.700,0.482,0.371,-3.600,0.484,0.371
20140504_0915,-24.670,179.120,529.600,XK.W12MB.,-14.085,34.911,127.834,1573.223,1591.005,1596.342,668.000,6.381,0.685,0.671,0.674,0.671,0.671,0.500,0.500,0.973,0.959,0.000,0.831,0.831,-0.100,0.850,0.831,-0.200,0.847,0.831,-0.300,0.846,0.831,-0.200,0.846,0.831
20140504_0915,-24.670,179.120,529.600,CH.SLE.,47.764,8.492,155.742,1735.354,1780.477,1795.390,669.000,0.449,0.065,0.030,0.032,0.033,0.033,-3.200,-2.800,0.519,0.467,-5.200,0.701,0.701,-3.600,0.509,0.701,-3.600,0.503,0.701,-3.600,0.523,0.701,-3.600,0.514,0.701
20140504_0915,-24.670,179.120,529.600,TA.G62A.,45.219,-70.532,121.255,1531.319,1544.506,1548.421,670.000,2.115,0.291,0.271,0.269,0.303,0.281,-0.300,-0.100,0.759,0.776,-0.300,0.827,0.827,-0.700,0.729,0.827,-1.400,0.741,0.827,-0.900,0.723,0.827,-0.800,0.722,0.827
20140504_0915,-24.670,179.120,529.600,TA.G63A.,45.115,-69.619,121.889,1535.418,1549.014,1553.054,671.000,4.899,0.351,0.308,0.302,0.295,0.296,0.900,0.900,0.671,0.687,0.600,0.605,0.605,0.800,0.671,0.605,0.400,0.613,0.605,0.800,0.670,0.605,0.800,0.672,0.605
20140504_0915,-24.670,179.120,529.600,MN.CEL.,38.260,15.894,160.329,1759.595,1810.312,1827.337,672.000,0.687,0.080,0.042,0.037,0.227,0.041,-0.800,-1.200,0.653,0.653,-4.400,0.651,0.651,-3.800,0.590,0.651,-4.000,0.584,0.651,-1.300,0.352,0.651,-3.900,0.587,0.651
20140504_0915,-24.670,179.120,529.600,IV.HVZN.,37.178,14.715,161.733,1766.879,1819.370,1837.070,673.000,2.064,0.217,0.001,0.003,0.004,0.000,2.700,3.700,0.623,0.445,12.000,0.558,0.558,4.200,0.430,0.558,4.200,0.363,0.558,4.100,0.364,0.558,4.200,0.390,0.558
20140504_0915,-24.670,179.120,529.600,YQ.ILIN.,-9.082,33.333,132.545,1602.378,1623.896,1630.441,674.000,1.012,0.422,0.428,0.427,0.425,0.426,0.700,0.800,0.936,0.858,0.000,0.769,0.769,0.200,0.793,0.769,0.000,0.783,0.769,-0.200,0.777,0.769,0.000,0.783,0.769
20140504_0915,-24.670,179.120,529.600,MN.BLY.,44.749,17.184,155.150,1732.176,1776.600,1791.249,675.000,1.483,0.162,0.198,0.201,0.195,0.203,-2.400,4.400,0.530,-0.342,12.600,0.574,0.574,12.400,0.637,0.574,12.400,0.621,0.574,12.400,0.608,0.574,12.400,0.622,0.574
20140504_0915,-24.670,179.120,529.600,FR.ASEAF.00,42.795,6.163,160.970,1762.929,1814.452,1831.784,676.000,2.551,0.095,0.002,0.011,0.022,0.012,1.000,-4.100,0.747,0.753,5.100,0.513,0.513,4.100,0.383,0.513,4.200,0.401,0.513,4.200,0.422,0.513,4.200,0.408,0.513
20140504_0915,-24.670,179.120,529.600,GE.VSU.,58.462,26.735,140.979,1652.753,1681.890,1691.018,677.000,1.667,0.295,0.168,0.165,0.162,0.164,0.700,-2.900,0.704,-0.277,0.900,0.793,0.793,-8.200,0.458,0.793,-8.300,0.478,0.793,-8.400,0.481,0.793,-8.300,0.477,0.793
20140504_0915,-24.670,179.120,529.600,IV.MTSN.,40.266,15.752,159.095,1753.140,1802.322,1818.764,678.000,3.871,0.375,0.375,0.356,0.349,0.365,7.700,4.200,0.648,-0.895,11.200,0.526,0.526,9.800,0.649,0.526,9.900,0.630,0.526,10.000,0.616,0.526,9.900,0.632,0.526
20140504_0915,-24.670,179.120,529.600,PL.KWP.,49.631,22.708,149.028,1698.664,1736.133,1748.201,679.000,1.616,0.187,0.216,0.212,0.208,0.212,-4.600,2.500,0.726,-0.414,6.500,0.465,0.465,5.300,0.486,0.465,5.200,0.497,0.465,5.200,0.500,0.465,5.200,0.497,0.465
20140504_0915,-24.670,179.120,529.600,KO.KONT.,37.957,32.356,148.873,1697.801,1735.101,1747.107,680.000,0.000,,,,,,-16.000,-8.000,0.000,0.000,-16.000,0.000,0.000,-16.000,0.000,0.000,-16.000,0.000,0.000,-16.000,0.000,0.000,-16.000,0.000,0.000
20140504_0915,-24.670,179.120,529.600,KO.FETY.,36.635,29.083,151.740,1713.667,1754.149,1767.323,681.000,0.000,,,,,,-16.000,-8.000,0.000,0.000,-16.000,0.000,0.000,-16.000,0.000,0.000,-16.000,0.000,0.000,-16.000,0.000,0.000,-16.000,0.000,0.000
20140504_0915,-24.670,179.120,529.600,PM.ROSA.,38.721,-28.247,152.965,1720.360,1762.240,1775.933,682.000,0.733,0.132,0.069,0.039,0.041,0.051,5.600,5.300,0.764,0.694,5.600,0.632,0.632,5.200,0.626,0.632,4.700,0.633,0.632,4.700,0.638,0.632,4.900,0.636,0.632
20140504_0915,-24.670,179.120,529.600,HE.RAF.,61.022,21.765,140.484,1649.860,1678.518,1687.481,683.000,0.526,0.036,-0.042,-0.048,-0.053,-0.048,-0.100,0.000,0.400,0.226,0.400,0.469,0.469,-1.200,0.446,0.469,-1.300,0.424,0.469,-1.400,0.418,0.469,-1.400,0.438,0.469
20140504_0915,-24.670,179.120,529.600,HU.PSZ.,47.918,19.894,151.547,1712.605,1752.869,1765.962,684.000,1.707,0.246,0.097,0.100,0.096,0.103,-6.200,5.500,0.741,-0.768,-4.800,0.518,0.518,-4.100,0.307,0.518,12.700,0.314,0.518,12.700,0.328,0.518,12.700,0.310,0.518
20140504_0915,-24.670,179.120,529.600,IV.QLNO.,44.324,8.346,158.960,1752.432,1801.448,1817.827,685.000,0.859,0.045,-0.015,0.152,0.149,0.154,-6.300,-3.200,0.549,-0.630,-1.700,0.496,0.496,7.800,0.567,0.496,-6.600,0.426,0.496,-6.800,0.431,0.496,-6.600,0.425,0.496
20140504_0915,-24.670,179.120,529.600,KO.KULA.,38.514,28.661,151.464,1712.151,1752.322,1765.380,686.000,0.600,0.090,0.032,0.035,0.035,0.035,-0.100,-0.300,0.681,0.562,-1.200,0.454,0.454,-2.900,0.434,0.454,-2.700,0.518,0.454,-2.900,0.477,0.454,-2.900,0.458,0.454
20140504_0915,-24.670,179.120,529.600,SI.MOSI.,46.616,10.550,156.228,1737.953,1783.655,1798.785,687.000,0.883,-0.049,-0.036,-0.033,-0.025,-0.027,3.700,-3.400,0.542,-0.610,-1.200,0.495,0.495,-6.400,0.646,0.495,-6.400,0.656,0.495,-6.400,0.654,0.495,-6.400,0.654,0.495
20140504_0915,-24.670,179.120,529.600,1G.SA15.,67.475,18.365,135.579,1620.769,1644.887,1652.308,688.000,0.608,0.079,0.027,0.029,0.031,0.030,6.500,-1.500,0.779,-0.680,0.400,0.590,0.590,3.000,0.369,0.590,2.900,0.398,0.590,2.900,0.410,0.590,2.900,0.397,0.590
20140504_0915,-24.670,179.120,529.600,CH.DAVOX.,46.780,9.880,156.280,1738.230,1783.993,1799.146,689.000,1.519,0.159,0.220,0.220,0.223,0.223,1.300,4.600,0.645,-0.118,0.200,0.587,0.587,7.800,0.530,0.587,7.900,0.506,0.587,7.800,0.511,0.587,7.800,0.516,0.587
20140504_0915,-24.670,179.120,529.600,SI.BOSI.,46.495,11.318,156.092,1737.227,1782.767,1797.836,690.000,2.560,0.182,0.151,0.157,0.163,0.160,4.400,4.700,0.525,0.642,2.900,0.692,0.692,-0.900,0.540,0.692,-0.900,0.534,0.692,-0.900,0.512,0.692,-0.900,0.539,0.692
20140504_0915,-24.670,179.120,529.600,IV.RMP.,41.812,12.705,159.493,1755.228,1804.902,1821.532,691.000,1.614,0.026,0.186,0.191,0.197,0.189,5.500,0.100,0.580,-0.329,-2.900,0.760,0.760,-3.100,0.714,0.760,-3.100,0.707,0.760,-3.200,0.703,0.760,-3.100,0.709,0.760
20140504_0915,-24.670,179.120,529.600,IV.CSNT.,43.473,11.290,158.719,1751.164,1799.883,1816.150,692.000,0.888,0.194,0.087,0.086,0.085,0.085,4.400,-0.400,0.718,0.512,-2.600,0.375,0.375,-1.600,0.410,0.375,-1.600,0.424,0.375,-1.700,0.433,0.375,-1.600,0.423,0.375
20140504_0915,-24.670,179.120,529.600,PM.PMOZ.,32.823,-17.197,163.564,1776.277,1831.115,1849.719,693.000,2.355,0.246,0.295,0.357,0.341,0.324,1.600,1.500,0.767,0.666,1.700,0.775,0.775,1.300,0.784,0.775,0.700,0.766,0.775,0.700,0.767,0.775,1.000,0.772,0.775
20140504_0915,-24.670,179.120,529.600,YB.AT33.,38.029,35.150,146.721,1685.719,1720.708,1731.882,694.000,1.056,0.185,0.254,0.241,0.242,0.245,3.500,-2.200,0.585,0.677,-2.900,0.452,0.452,-1.200,0.638,0.452,3.900,0.479,0.452,4.100,0.518,0.452,-1.500,0.547,0.452
20140504_0915,-24.670,179.120,529.600,IV.MPAZ.,37.953,16.007,160.450,1760.226,1811.094,1828.177,695.000,1.184,0.116,0.011,0.008,0.007,0.011,-6.900,-3.500,0.458,-0.592,-1.100,0.542,0.542,-1.200,0.710,0.542,-1.300,0.685,0.542,-1.300,0.672,0.542,-1.300,0.690,0.542
20140504_0915,-24.670,179.120,529.600,IV.BSSO.,41.546,14.594,158.793,1751.556,1800.367,1816.669,696.000,0.874,0.275,0.240,0.235,0.231,0.236,2.600,3.300,0.719,0.579,-5.900,0.454,0.454,1.200,0.477,0.454,1.200,0.486,0.454,1.100,0.494,0.454,1.200,0.486,0.454
20140504_0915,-24.670,179.120,529.600,TA.J63A.,43.279,-71.078,120.681,1527.600,1540.424,1544.229,697.000,3.351,0.409,0.375,0.365,0.366,0.369,0.900,1.300,0.637,0.653,1.900,0.646,0.646,1.000,0.712,0.646,0.700,0.646,0.646,1.000,0.692,0.646,1.000,0.705,0.646
20140504_0915,-24.670,179.120,529.600,IV.PIEI.,43.536,12.535,158.172,1748.281,1796.331,1812.344,698.000,1.465,0.286,0.167,0.160,0.150,0.159,-2.000,-5.000,0.790,-0.793,-6.300,0.473,0.473,-5.700,0.699,0.473,-5.800,0.716,0.473,-5.900,0.707,0.473,-5.800,0.707,0.473
20140504_0915,-24.670,179.120,529.600,1G.SA33.,64.903,10.850,139.058,1641.477,1668.778,1677.276,699.000,1.140,0.069,0.086,0.087,0.086,0.087,-0.600,-3.600,0.906,0.942,-2.500,0.459,0.459,-4.100,0.684,0.459,-4.100,0.677,0.459,-4.000,0.678,0.459,-4.100,0.678,0.459
20140504_0915,-24.670,179.120,529.600,XK.B13NX.,-18.579,21.994,131.349,1595.039,1615.575,1621.796,700.000,0.366,-0.026,-0.022,-0.022,-0.022,-0.022,8.800,-4.200,0.807,-0.955,-9.300,0.290,0.290,-9.100,0.294,0.290,-9.200,0.293,0.290,-9.500,0.292,0.290,-9.300,0.293,0.290
20140504_0915,-24.670,179.120,529.600,IV.POFI.,41.717,13.712,159.097,1753.149,1802.334,1818.777,701.000,2.265,0.131,0.112,0.112,0.108,0.113,3.000,4.000,0.688,0.779,0.600,0.398,0.398,13.900,0.318,0.398,14.000,0.299,0.398,-6.100,0.289,0.398,14.000,0.298,0.398
20140504_0915,-24.670,179.120,529.600,CZ.VRAC.,49.308,16.593,151.838,1714.204,1754.797,1768.012,702.000,2.506,0.465,0.296,0.288,0.293,0.287,-5.000,-4.600,0.787,0.765,0.000,0.602,0.602,-2.900,0.793,0.602,-2.700,0.706,0.602,-2.400,0.619,0.602,-2.700,0.693,0.602
20140504_0915,-24.670,179.120,529.600,PM.MTE.,40.400,-7.544,163.311,1774.983,1829.496,1847.973,703.000,0.934,0.070,-0.004,-0.006,-0.002,-0.007,-0.700,2.600,0.767,0.381,3.000,0.769,0.769,3.000,0.712,0.769,2.900,0.668,0.769,2.900,0.608,0.769,2.900,0.653,0.769
20140504_0915,-24.670,179.120,529.600,DK.ISOG.,65.548,-38.976,132.530,1602.285,1623.791,1630.332,704.000,1.328,-0.025,-0.211,-0.234,-0.229,-0.221,6.500,3.500,0.783,-0.658,-1.600,0.587,0.587,-1.600,0.553,0.587,-1.800,0.555,0.587,-1.800,0.562,0.587,-1.600,0.558,0.587
20140504_0915,-24.670,179.120,529.600,KZ.BRVK.,53.058,70.283,120.660,1527.460,1540.270,1544.070,705.000,1.736,0.020,-0.047,-0.043,-0.045,-0.046,9.900,2.100,0.460,-0.805,5.700,0.483,0.483,-2.900,0.595,0.483,-2.900,0.601,0.483,-2.900,0.601,0.483,-2.900,0.600,0.483
20140504_0915,-24.670,179.120,529.600,IV.CORL.,37.894,13.304,162.105,1768.794,1821.759,1839.641,706.000,1.576,0.190,0.210,0.178,0.160,0.193,-5.500,4.600,0.626,0.344,2.700,0.546,0.546,2.200,0.542,0.546,2.300,0.554,0.546,2.400,0.558,0.546,2.300,0.549,0.546
20140504_0915,-24.670,179.120,529.600,GR.GRC3.,48.889,11.584,153.883,1725.344,1768.286,1782.376,707.000,0.979,0.209,0.063,0.065,0.075,0.066,-0.400,-3.900,0.476,-0.778,-7.600,0.830,0.830,-5.000,0.712,0.830,-5.000,0.685,0.830,-5.100,0.656,0.830,-5.200,0.673,0.830
20140504_0915,-24.670,179.120,529.600,FN.SGF.,67.442,26.526,134.022,1611.368,1634.132,1641.094,708.000,1.405,0.158,0.094,0.098,0.097,0.095,3.700,4.000,0.502,0.695,1.400,0.618,0.618,-0.400,0.674,0.618,-0.400,0.723,0.618,-0.400,0.736,0.618,-0.400,0.709,0.618
20140504_0915,-24.670,179.120,529.600,1G.SA39.,64.072,14.091,139.396,1643.471,1671.091,1679.698,709.000,1.140,0.084,0.031,0.029,0.031,0.032,-2.300,-2.400,0.770,0.846,-2.400,0.573,0.573,-2.700,0.734,0.573,-2.700,0.733,0.573,-2.600,0.731,0.573,-2.600,0.736,0.573
20140504_0915,-24.670,179.120,529.600,RD.ROSF.,48.336,-3.274,156.258,1738.117,1783.855,1798.998,710.000,0.845,0.201,0.155,0.154,0.157,0.158,-2.600,-2.100,0.375,0.244,-2.200,0.797,0.797,3.200,0.380,0.797,3.100,0.432,0.797,3.200,0.461,0.797,3.300,0.425,0.797
20140504_0915,-24.670,179.120,529.600,XK.W03BL.,-13.679,33.825,128.842,1579.514,1598.069,1603.650,711.000,0.348,0.031,0.028,0.029,0.030,0.029,8.900,-4.200,0.704,-0.992,-9.200,0.398,0.398,-9.300,0.389,0.398,-9.400,0.387,0.398,-9.600,0.383,0.398,-9.500,0.386,0.398
20140504_0915,-24.670,179.120,529.600,IV.CERA.,41.598,14.018,159.040,1752.850,1801.964,1818.381,712.000,2.501,0.086,0.172,0.169,0.161,0.165,5.100,-2.900,0.480,-0.486,1.700,0.485,0.485,-0.500,0.561,0.485,-0.600,0.569,0.485,-0.700,0.564,0.485,-0.600,0.560,0.485
20140504_0915,-24.670,179.120,529.600,GR.BUG.,51.441,7.271,152.510,1717.878,1759.236,1772.735,713.000,0.936,0.119,-0.026,-0.023,-0.019,-0.022,-3.100,2.600,0.465,-0.289,-1.700,0.632,0.632,-2.100,0.593,0.632,-2.200,0.597,0.632,-2.300,0.600,0.632,-2.200,0.598,0.632
20140504_0915,-24.670,179.120,529.600,IV.ACER.,40.787,15.943,158.631,1750.702,1799.313,1815.539,714.000,1.711,0.189,0.202,0.208,0.210,0.203,3.200,4.200,0.609,0.578,0.900,0.828,0.828,-7.100,0.497,0.828,-7.200,0.479,0.828,-7.300,0.468,0.828,-7.200,0.484,0.828
20140504_0915,-24.670,179.120,529.600,IV.MRVN.,41.061,16.196,158.303,1748.974,1797.183,1813.258,715.000,1.053,0.131,0.219,0.218,0.216,0.217,7.900,-1.600,0.335,-0.410,-11.700,0.439,0.439,-11.300,0.387,0.439,-11.400,0.382,0.439,-11.500,0.380,0.439,-11.400,0.385,0.439
20140504_0915,-24.670,179.120,529.600,FR.SMPL.01,42.095,9.285,160.653,1761.281,1812.404,1829.584,716.000,0.773,0.035,0.076,0.078,0.079,0.077,-4.500,-4.300,0.646,0.688,-6.500,0.657,0.657,-6.100,0.801,0.657,-6.200,0.794,0.657,-6.300,0.779,0.657,-6.200,0.790,0.657
20140504_0915,-24.670,179.120,529.600,IV.GUMA.,43.063,13.335,158.216,1748.511,1796.614,1812.648,717.000,1.382,0.211,0.118,0.111,0.103,0.112,2.600,-0.500,0.671,-0.712,-0.800,0.450,0.450,-0.700,0.671,0.450,-0.800,0.683,0.450,-1.000,0.673,0.450,-0.800,0.676,0.450
20140504_0915,-24.670,179.120,529.600,TH.TAUT.,50.982,11.711,151.962,1714.884,1755.618,1768.885,718.000,1.600,0.008,-0.006,-0.007,-0.013,-0.007,-5.300,5.300,0.380,-0.765,3.500,0.515,0.515,2.300,0.485,0.515,2.200,0.478,0.515,2.200,0.467,0.515,2.100,0.471,0.515
20140504_0915,-24.670,179.120,529.600,PR.CDVI.,17.752,-64.765,120.545,1526.716,1539.454,1543.232,719.000,1.412,0.255,0.220,0.204,0.227,0.228,-1.600,-4.500,0.640,-0.314,-1.400,0.537,0.537,-1.400,0.614,0.537,-2.100,0.596,0.537,-1.500,0.601,0.537,-1.300,0.626,0.537
20140504_0915,-24.670,179.120,529.600,XK.B07DX.,-20.549,22.749,129.276,1582.218,1601.109,1606.797,720.000,13.120,0.717,0.734,0.729,0.714,0.722,0.400,0.600,0.925,0.928,-0.400,0.938,0.938,-0.300,0.925,0.938,-0.400,0.924,0.938,-0.600,0.919,0.938,-0.400,0.921,0.938
20140504_0915,-24.670,179.120,529.600,TA.H61A.,44.524,-71.927,120.206,1524.507,1537.033,1540.748,721.000,4.203,0.447,0.382,0.364,0.375,0.379,-1.600,-5.000,0.593,-0.296,3.200,0.496,0.496,3.000,0.751,0.496,2.900,0.755,0.496,3.000,0.757,0.496,3.000,0.759,0.496
20140504_0915,-24.670,179.120,529.600,YQ.ILOM.,-9.283,33.342,132.394,1601.452,1622.845,1629.348,722.000,1.313,0.424,0.395,0.398,0.401,0.396,0.100,0.700,0.861,0.821,-0.900,0.585,0.585,-0.600,0.538,0.585,-0.900,0.560,0.585,-1.000,0.580,0.585,-0.800,0.557,0.585
20140504_0915,-24.670,179.120,529.600,Y6.WODY.,45.098,-64.663,125.382,1557.775,1573.750,1578.524,723.000,1.269,0.229,0.160,0.177,0.181,0.176,-0.100,0.000,0.772,0.773,-0.500,0.606,0.606,-0.300,0.625,0.606,-0.700,0.607,0.606,-0.400,0.636,0.606,-0.200,0.632,0.606
20140504_0915,-24.670,179.120,529.600,CH.SGT04.,47.348,9.349,155.909,1736.247,1781.569,1796.556,724.000,1.738,0.095,0.117,0.112,0.100,0.106,-4.600,-4.200,0.645,0.358,-6.400,0.703,0.703,-11.300,0.429,0.703,-11.300,0.440,0.703,-5.100,0.430,0.703,-11.300,0.429,0.703
20140504_0915,-24.670,179.120,529.600,IV.MUCR.,38.043,14.874,161.085,1763.526,1815.195,1832.582,725.000,0.989,0.238,0.148,0.156,0.159,0.155,-2.800,-1.900,0.527,0.515,-3.600,0.604,0.604,-3.000,0.732,0.604,-3.000,0.721,0.604,-3.100,0.703,0.604,-3.100,0.719,0.604
20140504_0915,-24.670,179.120,529.600,IV.MILZ.,38.271,15.231,160.723,1761.647,1812.859,1830.072,726.000,1.684,0.106,0.079,0.077,0.076,0.079,0.100,-3.500,0.521,0.002,-6.400,0.880,0.880,-6.300,0.769,0.880,-6.600,0.787,0.880,-6.600,0.800,0.880,-6.500,0.787,0.880
20140504_0915,-24.670,179.120,529.600,KO.BCA.,41.445,41.622,141.120,1653.578,1682.853,1692.028,727.000,1.152,0.010,0.010,0.006,0.006,0.007,7.200,3.300,0.683,0.043,6.300,0.587,0.587,6.200,0.490,0.587,6.400,0.517,0.587,6.400,0.519,0.587,6.300,0.499,0.587
20140504_0915,-24.670,179.120,529.600,NO.NAO01.00,60.844,10.887,142.932,1664.091,1695.158,1704.954,728.000,2.482,0.307,0.267,0.262,0.258,0.261,-2.400,-5.300,0.396,-0.418,-0.700,0.801,0.801,0.400,0.621,0.801,0.300,0.611,0.801,0.300,0.610,0.801,0.300,0.614,0.801
20140504_0915,-24.670,179.120,529.600,GR.CLZ.,51.843,10.374,151.502,1712.361,1752.575,1765.649,729.000,1.215,-0.029,0.083,0.079,0.014,0.084,-5.900,1.000,0.762,-0.436,-11.800,0.285,0.285,-3.600,0.812,0.285,-3.500,0.821,0.285,-3.500,0.698,0.285,-3.500,0.822,0.285
20140504_0915,-24.670,179.120,529.600,IV.CELI.,39.403,16.509,159.233,1753.868,1803.221,1819.728,730.000,1.172,0.272,0.255,0.252,0.249,0.251,-0.100,-0.500,0.801,0.796,-0.300,0.814,0.814,8.000,0.555,0.814,7.900,0.550,0.814,7.900,0.549,0.814,8.000,0.552,0.814
20140504_0915,-24.670,179.120,529.600,IV.INTR.,42.012,13.905,158.779,1751.480,1800.273,1816.568,731.000,1.485,0.037,0.255,0.265,0.267,0.259,-9.600,-1.700,0.521,-0.522,-12.000,0.368,0.368,0.000,0.450,0.368,-0.100,0.461,0.368,-0.200,0.466,0.368,-0.100,0.457,0.368
20140504_0915,-24.670,179.120,529.600,IV.MSRU.,38.264,15.508,160.561,1760.804,1811.813,1828.948,732.000,1.097,0.121,0.093,0.101,0.102,0.096,-2.200,-0.700,0.522,0.335,-5.400,0.787,0.787,-5.400,0.732,0.787,-5.500,0.737,0.787,-5.500,0.733,0.787,-5.500,0.734,0.787
20140504_0915,-24.670,179.120,529.600,G.FDF.00,14.735,-61.146,122.823,1541.434,1555.643,1559.872,733.000,6.131,0.464,0.520,0.528,0.515,0.516,1.100,1.300,0.946,0.873,1.200,0.824,0.824,0.800,0.845,0.824,0.300,0.883,0.824,0.600,0.871,0.824,0.800,0.849,0.824
20140504_0915,-24.670,179.120,529.600,XJ.MW44.,-3.344,35.664,134.788,1616.002,1639.427,1646.611,734.000,2.089,0.427,0.421,0.420,0.412,0.417,0.200,0.100,0.930,0.909,-0.400,0.734,0.734,-0.200,0.711,0.734,-0.500,0.724,0.734,-0.600,0.721,0.734,-0.400,0.715,0.734
20140504_0915,-24.670,179.120,529.600,G.ECH.00,48.216,7.159,155.614,1734.669,1779.641,1794.497,735.000,0.809,-0.053,0.052,0.053,0.055,0.056,-5.800,-2.300,0.414,0.322,-4.800,0.752,0.752,-2.100,0.662,0.752,-2.100,0.671,0.752,-2.200,0.677,0.752,-2.200,0.669,0.752
20140504_0915,-24.670,179.120,529.600,XK.W14MC.,-15.063,35.226,126.905,1567.394,1584.479,1589.598,736.000,0.835,0.196,0.189,0.190,0.189,0.190,-2.300,-1.800,0.633,0.682,-0.100,0.242,0.242,-4.400,0.253,0.242,-4.400,0.260,0.242,-4.500,0.267,0.242,-4.400,0.260,0.242
20140504_0915,-24.670,179.120,529.600,PL.SUW.,54.013,23.181,145.620,1679.481,1713.307,1724.069,737.000,1.723,0.041,-0.003,0.007,0.014,0.007,1.800,4.600,0.421,-0.598,10.000,0.332,0.332,11.900,0.273,0.332,12.300,0.288,0.332,12.400,0.298,0.332,12.300,0.290,0.332
20140504_0915,-24.670,179.120,529.600,GR.SKMB.,54.718,9.439,148.995,1698.480,1735.913,1747.968,738.000,1.740,0.140,0.131,0.132,0.129,0.130,3.500,-0.400,0.535,-0.727,0.900,0.730,0.730,-0.900,0.694,0.730,-0.900,0.718,0.730,-1.000,0.743,0.730,-0.900,0.730,0.730
20140504_0915,-24.670,179.120,529.600,GR.GRA3.,49.761,11.317,153.174,1721.497,1763.618,1777.401,739.000,1.648,0.273,0.269,0.276,0.280,0.275,3.000,-0.200,0.462,-0.527,3.800,0.517,0.517,3.700,0.580,0.517,3.500,0.605,0.517,3.300,0.621,0.517,3.500,0.615,0.517
20140504_0915,-24.670,179.120,529.600,G.MBO.00,14.392,-16.955,161.720,1766.810,1819.284,1836.978,740.000,7.568,0.585,0.585,0.616,0.609,0.606,1.400,1.300,0.870,0.864,1.300,0.940,0.940,1.100,0.959,0.940,0.600,0.925,0.940,0.600,0.923,0.940,0.700,0.937,0.940
20140504_0915,-24.670,179.120,529.600,IV.SGG.,41.387,14.379,159.020,1752.745,1801.834,1818.242,741.000,1.830,0.183,0.157,0.156,0.157,0.157,-1.100,-4.600,0.312,0.318,1.200,0.237,0.237,-4.100,0.176,0.237,0.600,0.183,0.237,0.600,0.187,0.237,0.700,0.181,0.237
20140504_0915,-24.670,179.120,529.600,KO.KARA.,37.261,35.055,146.962,1687.077,1722.321,1733.587,742.000,0.000,,,,,,-16.000,-8.000,0.000,0.000,-16.000,0.000,0.000,-16.000,0.000,0.000,-16.000,0.000,0.000,-16.000,0.000,0.000,-16.000,0.000,0.000
20140504_0915,-24.670,179.120,529.600,GB.ESK.,55.317,-3.205,149.306,1700.213,1737.986,1750.164,743.000,1.392,0.054,0.218,0.217,0.219,0.222,-0.200,4.800,0.600,-0.839,3.700,0.425,0.425,-0.200,0.636,0.425,-0.500,0.528,0.425,-0.700,0.498,0.425,-0.600,0.553,0.425
20140504_0915,-24.670,179.120,529.600,NR.NE212.,-23.380,24.661,125.942,1561.319,1577.698,1582.597,744.000,20.189,0.746,0.757,0.747,0.746,0.741,-0.200,0.000,0.925,0.931,-0.600,0.877,0.877,-0.400,0.889,0.877,-0.500,0.888,0.877,-0.600,0.889,0.877,-0.600,0.888,0.877
20140504_0915,-24.670,179.120,529.600,NR.NE104.,52.157,4.379,152.223,1716.309,1757.339,1770.716,745.000,1.081,0.066,0.097,0.102,0.108,0.104,-1.800,-1.900,0.881,0.912,-0.900,0.564,0.564,-2.000,0.888,0.564,-2.000,0.890,0.564,-2.000,0.885,0.564,-2.000,0.890,0.564
20140504_0915,-24.670,179.120,529.600,WI.BIM.00,14.518,-61.066,122.821,1541.421,1555.630,1559.858,746.000,3.250,0.553,0.592,0.596,0.601,0.593,0.100,0.200,0.879,0.835,0.200,0.931,0.931,-0.100,0.887,0.931,-0.600,0.926,0.931,-0.200,0.909,0.931,-0.100,0.888,0.931
20140504_0915,-24.670,179.120,529.600,SX.FBE.,50.921,13.354,151.555,1712.651,1752.925,1766.021,747.000,2.489,0.244,0.119,0.121,0.124,0.122,8.800,-4.000,0.510,-0.819,3.200,0.338,0.338,11.400,0.406,0.338,11.700,0.368,0.338,12.000,0.369,0.338,11.800,0.363,0.338
20140504_0915,-24.670,179.120,529.600,CZ.PRA.,50.070,14.433,151.961,1714.875,1755.608,1768.874,748.000,1.701,0.313,0.269,0.254,0.239,0.256,0.200,0.200,0.871,0.893,6.500,0.402,0.402,-7.500,0.290,0.402,-8.400,0.348,0.402,-8.800,0.404,0.402,-8.600,0.367,0.402
20140504_0915,-24.670,179.120,529.600,TH.ABG1.,50.968,12.576,151.738,1713.657,1754.137,1767.310,749.000,0.856,0.184,0.164,0.162,0.163,0.165,-9.100,-1.000,0.543,-0.448,-3.400,0.472,0.472,-4.100,0.392,0.472,-4.000,0.422,0.472,-4.100,0.444,0.472,-4.100,0.423,0.472
20140504_0915,-24.670,179.120,529.600,IV.CELB.,42.747,10.211,159.748,1756.563,1806.555,1823.304,750.000,0.694,-0.160,0.100,0.092,0.084,0.091,3.200,-5.100,0.391,-0.724,-7.600,0.467,0.467,-0.100,0.658,0.467,-0.100,0.702,0.467,-0.100,0.730,0.467,-0.100,0.700,0.467
20140504_0915,-24.670,179.120,529.600,KO.IKL.,36.237,33.685,148.246,1694.295,1730.916,1742.676,751.000,0.000,,,,,,-16.000,-8.000,0.000,0.000,-16.000,0.000,0.000,-16.000,0.000,0.000,-16.000,0.000,0.000,-16.000,0.000,0.000,-16.000,0.000,0.000
20140504_0915,-24.670,179.120,529.600,IV.TRTR.,42.808,13.914,158.157,1748.204,1796.235,1812.242,752.000,1.398,0.118,-0.018,-0.015,-0.015,-0.021,0.400,0.800,0.751,0.745,-3.600,0.736,0.736,-3.500,0.833,0.736,-3.600,0.841,0.736,-3.700,0.837,0.736,-3.600,0.838,0.736
20140504_0915,-24.670,179.120,529.600,GR.IGAD.,53.258,8.690,150.519,1706.943,1746.056,1758.725,753.000,0.911,0.068,0.024,0.023,0.022,0.024,-0.100,-0.600,0.630,0.636,-3.100,0.578,0.578,-5.200,0.718,0.578,-5.200,0.718,0.578,-5.200,0.717,0.578,-5.200,0.718,0.578
20140504_0915,-24.670,179.120,529.600,GU.REMY.,45.838,7.156,157.867,1746.667,1794.344,1810.217,754.000,1.186,0.009,0.047,0.047,0.046,0.046,8.700,-4.100,0.409,-0.840,-1.300,0.372,0.372,-11.500,0.273,0.372,-11.500,0.272,0.372,-11.700,0.270,0.372,-11.600,0.271,0.372
20140504_0915,-24.670,179.120,529.600,AF.DESE.,11.118,39.635,139.320,1643.025,1670.573,1679.156,755.000,1.484,0.150,0.174,0.088,0.091,0.184,-1.900,-4.300,0.510,0.778,-0.100,0.420,0.420,-0.100,0.472,0.420,-4.900,0.718,0.420,-4.600,0.662,0.420,-0.600,0.478,0.420
20140504_0915,-24.670,179.120,529.600,GE.DAG.,76.771,-18.655,127.181,1569.130,1586.420,1591.604,756.000,1.752,0.039,0.151,0.051,0.049,0.033,1.000,4.600,0.677,-0.446,1.000,0.705,0.705,0.700,0.704,0.705,10.400,0.614,0.705,10.400,0.616,0.705,10.300,0.633,0.705
20140504_0915,-24.670,179.120,529.600,RD.MTLF.,43.341,2.218,161.157,1763.897,1815.656,1833.078,757.000,2.847,-0.047,-0.109,-0.105,-0.105,-0.109,-0.700,-0.200,0.596,0.369,-6.100,0.478,0.478,4.100,0.574,0.478,4.000,0.568,0.478,3.900,0.572,0.478,4.000,0.570,0.478
20140504_0915,-24.670,179.120,529.600,XK.B09NK.,-19.663,22.194,130.304,1588.591,1608.290,1614.237,758.000,8.841,0.528,0.541,0.547,0.552,0.546,1.300,1.400,0.926,0.931,0.300,0.964,0.964,0.500,0.962,0.964,0.300,0.964,0.964,0.100,0.968,0.964,0.300,0.966,0.964
20140504_0915,-24.670,179.120,529.600,XJ.LN25.,-2.501,35.886,135.159,1618.237,1641.985,1649.279,759.000,4.351,0.463,0.447,0.455,0.456,0.454,0.700,0.500,0.737,0.737,0.200,0.657,0.657,0.500,0.645,0.657,0.200,0.652,0.657,0.100,0.641,0.657,0.300,0.640,0.657
20140504_0915,-24.670,179.120,529.600,CH.BRANT.,46.938,6.473,156.973,1741.924,1788.519,1803.985,760.000,1.272,0.082,0.061,0.055,0.049,0.054,0.400,3.800,0.434,-0.320,5.600,0.557,0.557,0.100,0.451,0.557,0.200,0.426,0.557,0.200,0.416,0.557,0.200,0.418,0.557
20140504_0915,-24.670,179.120,529.600,YB.AT53.,37.577,34.334,147.452,1689.839,1725.606,1737.059,761.000,1.066,0.181,0.116,0.116,0.118,0.118,-9.100,-4.400,0.596,-0.396,-7.600,0.463,0.463,-9.700,0.539,0.463,-9.100,0.737,0.463,-9.200,0.692,0.463,-9.300,0.628,0.463
20140504_0915,-24.670,179.120,529.600,KO.KRTS.,36.573,35.375,146.846,1686.423,1721.544,1732.765,762.000,0.553,0.020,0.031,0.027,0.029,0.030,-8.700,5.000,0.359,0.434,-1.300,0.634,0.634,-0.100,0.919,0.634,-1.400,0.675,0.634,-0.900,0.757,0.634,-0.600,0.834,0.634
20140504_0915,-24.670,179.120,529.600,NR.NE05.,52.087,5.171,152.198,1716.174,1757.176,1770.542,763.000,0.000,,,,,,-16.000,-8.000,0.000,0.000,-16.000,0.000,0.000,-16.000,0.000,0.000,-16.000,0.000,0.000,-16.000,0.000,0.000,-16.000,0.000,0.000
20140504_0915,-24.670,179.120,529.600,GB.FOEL.,52.889,-3.200,151.726,1713.589,1754.056,1767.224,764.000,1.701,0.091,-0.119,-0.107,-0.100,-0.105,-0.900,-4.100,0.406,-0.170,-0.300,0.664,0.664,-4.200,0.605,0.664,-4.500,0.499,0.664,-4.600,0.463,0.664,-4.600,0.522,0.664
20140504_0915,-24.670,179.120,529.600,YB.AT38.,37.036,36.808,145.634,1679.559,1713.400,1724.167,765.000,2.091,-0.056,-0.068,-0.065,-0.070,-0.070,-7.700,5.600,0.518,-0.417,1.200,0.321,0.321,1.600,0.291,0.321,-4.800,0.367,0.321,-4.700,0.332,0.321,1.500,0.312,0.321
20140504_0915,-24.670,179.120,529.600,XK.Z08MF.,-13.255,31.931,130.369,1588.994,1608.744,1614.708,766.000,4.428,0.601,0.623,0.619,0.604,0.614,0.700,0.800,0.968,0.951,-0.200,0.968,0.968,-0.400,0.955,0.968,-0.400,0.958,0.968,-0.600,0.960,0.968,-0.500,0.959,0.968
20140504_0915,-24.670,179.120,529.600,GE.SLIT.,57.629,22.291,143.113,1665.133,1696.380,1706.240,767.000,1.874,-0.070,0.034,0.039,0.038,0.038,-5.800,2.700,0.613,-0.519,6.900,0.631,0.631,11.300,0.486,0.631,-0.900,0.570,0.631,-0.900,0.586,0.631,-0.800,0.561,0.631
20140504_0915,-24.670,179.120,529.600,IV.MABI.,46.055,10.514,156.740,1740.686,1787.001,1802.362,768.000,2.885,0.097,0.073,0.076,0.082,0.075,2.400,-1.300,0.794,-0.452,0.200,0.618,0.618,0.000,0.785,0.618,0.000,0.785,0.618,0.000,0.813,0.618,0.000,0.790,0.618
20140504_0915,-24.670,179.120,529.600,IV.FNVD.,44.168,11.123,158.187,1748.361,1796.429,1812.450,769.000,1.041,0.068,0.091,0.098,0.104,0.096,-0.400,-3.500,0.817,-0.852,1.200,0.535,0.535,-3.900,0.393,0.535,-3.900,0.411,0.535,-4.000,0.426,0.535,-3.900,0.412,0.535
20140504_0915,-24.670,179.120,529.600,XJ.LL24.,-2.266,35.807,135.369,1619.502,1643.434,1650.791,770.000,2.953,0.612,0.632,0.633,0.635,0.636,0.700,1.000,0.921,0.912,-0.100,0.832,0.832,0.000,0.818,0.832,-0.200,0.839,0.832,-0.200,0.843,0.832,-0.100,0.834,0.832
20140504_0915,-24.670,179.120,529.600,IV.MSAG.,41.712,15.910,157.998,1747.363,1795.201,1811.134,771.000,2.959,0.208,0.185,0.181,0.180,0.182,-1.100,-4.500,0.532,-0.851,-6.100,0.352,0.352,-5.200,0.544,0.352,-5.400,0.565,0.352,-5.500,0.553,0.352,-5.400,0.553,0.352
20140504_0915,-24.670,179.120,529.600,ES.ESBB.,39.674,-3.963,164.773,1782.435,1838.844,1858.057,772.000,0.808,-0.247,-0.131,-0.136,-0.151,-0.139,-5.900,-2.300,0.402,-0.229,7.000,0.728,0.728,6.200,0.708,0.728,5.900,0.692,0.728,5.500,0.677,0.728,5.900,0.689,0.728
20140504_0915,-24.670,179.120,529.600,TA.F62A.,45.897,-69.966,121.700,1534.200,1547.674,1551.676,773.000,3.682,0.123,0.227,0.195,0.191,0.210,-4.200,-4.200,0.605,0.294,-4.800,0.516,0.516,-4.400,0.486,0.516,-5.200,0.436,0.516,-4.600,0.447,0.516,-4.500,0.466,0.516
20140504_0915,-24.670,179.120,529.600,XK.B05MO.,-20.218,24.132,128.940,1580.130,1598.761,1604.366,774.000,7.717,0.653,0.689,0.692,0.702,0.692,1.200,1.300,0.868,0.877,0.400,0.892,0.892,0.400,0.927,0.892,0.400,0.924,0.892,0.100,0.922,0.892,0.300,0.924,0.892
20140504_0915,-24.670,179.120,529.600,YB.AT43.,38.058,34.331,147.343,1689.222,1724.872,1736.283,775.000,0.686,-0.004,0.054,0.045,0.046,0.048,-4.200,-4.200,0.711,0.505,-10.300,0.641,0.641,-5.700,0.580,0.641,-5.000,0.626,0.641,-5.100,0.638,0.641,-5.300,0.617,0.641
20140504_0915,-24.670,179.120,529.600,XJ.PR61.,-2.959,35.248,135.354,1619.413,1643.332,1650.685,776.000,7.222,0.667,0.656,0.677,0.677,0.665,1.000,1.100,0.875,0.849,0.300,0.878,0.878,0.500,0.860,0.878,0.200,0.883,0.878,0.200,0.881,0.878,0.400,0.868,0.878
20140504_0915,-24.670,179.120,529.600,PR.STVI.,18.352,-64.956,120.563,1526.830,1539.579,1543.361,777.000,1.053,0.251,0.205,0.153,0.175,0.200,6.900,3.600,0.508,-0.325,7.000,0.398,0.398,-0.700,0.363,0.398,-1.200,0.468,0.398,-0.800,0.398,0.398,-0.700,0.367,0.398
20140504_0915,-24.670,179.120,529.600,IV.PTQR.,42.022,13.401,159.008,1752.684,1801.759,1818.161,778.000,0.825,0.190,0.110,0.103,0.091,0.100,0.400,-2.500,0.615,-0.582,4.900,0.584,0.584,-0.900,0.613,0.584,-1.000,0.607,0.584,-1.100,0.607,0.584,-1.000,0.609,0.584
20140504_0915,-24.670,179.120,529.600,KO.KTUT.,40.987,39.767,142.582,1662.070,1692.786,1702.460,779.000,1.453,0.219,0.032,0.046,0.043,0.037,8.800,2.500,0.464,0.239,10.000,0.522,0.522,9.100,0.431,0.522,9.100,0.384,0.522,9.100,0.393,0.522,9.100,0.416,0.522
20140504_0915,-24.670,179.120,529.600,CN.DRLN.,49.256,-57.503,129.980,1586.590,1606.032,1611.897,780.000,1.308,0.122,0.094,0.041,0.044,0.056,-2.700,0.500,0.721,-0.407,-3.000,0.525,0.525,-3.700,0.642,0.525,-3.800,0.638,0.525,-3.700,0.653,0.525,-3.600,0.649,0.525
20140504_0915,-24.670,179.120,529.600,IV.LNSS.,42.603,13.040,158.713,1751.133,1799.845,1816.110,781.000,0.709,0.050,-0.076,-0.082,-0.088,-0.083,1.000,-3.300,0.446,-0.453,-0.600,0.878,0.878,-1.100,0.882,0.878,-1.300,0.883,0.878,-1.400,0.881,0.878,-1.200,0.881,0.878
20140504_0915,-24.670,179.120,529.600,TA.D63A.,47.037,-68.107,123.037,1542.808,1557.161,1561.433,782.000,3.103,0.373,0.384,0.409,0.407,0.394,-0.200,0.600,0.674,0.662,0.300,0.580,0.580,-0.700,0.587,0.580,-0.900,0.599,0.580,-0.800,0.584,0.580,-0.700,0.584,0.580
20140504_0915,-24.670,179.120,529.600,ZR.N1306.,66.742,15.738,136.662,1627.254,1652.340,1660.089,783.000,2.056,0.139,0.087,0.085,0.082,0.084,1.500,-4.200,0.676,-0.539,-2.700,0.623,0.623,-1.300,0.364,0.623,-1.100,0.365,0.623,-1.200,0.362,0.623,-1.200,0.364,0.623
20140504_0915,-24.670,179.120,529.600,CZ.KHC.,49.131,13.578,153.051,1720.829,1762.808,1776.538,784.000,1.557,0.152,0.304,0.308,0.316,0.309,7.500,0.500,0.626,0.435,1.100,0.719,0.719,0.700,0.857,0.719,0.600,0.860,0.719,0.500,0.862,0.719,0.600,0.860,0.719
20140504_0915,-24.670,179.120,529.600,XJ.MW36.,-3.016,35.998,134.744,1615.735,1639.121,1646.293,785.000,1.218,0.209,0.197,0.192,0.194,0.199,-8.300,1.400,0.691,-0.759,-9.100,0.314,0.314,-2.600,0.310,0.314,-9.400,0.318,0.314,-9.400,0.317,0.314,-2.700,0.296,0.314
20140504_0915,-24.670,179.120,529.600,FR.AJAC.00,41.928,8.763,160.984,1762.999,1814.540,1831.878,786.000,1.869,0.111,0.085,0.090,0.096,0.089,-4.700,-2.300,0.631,-0.461,6.500,0.324,0.324,-6.200,0.283,0.324,-6.100,0.297,0.324,-1.100,0.295,0.324,-6.200,0.290,0.324
20140504_0915,-24.670,179.120,529.600,IV.ROM9.,41.828,12.516,159.565,1755.607,1805.371,1822.035,787.000,1.267,0.129,0.094,0.099,-0.063,0.099,8.400,-5.000,0.022,-0.644,-10.800,0.380,0.380,-10.800,0.290,0.380,-10.900,0.285,0.380,-1.100,0.469,0.380,-10.900,0.288,0.380
20140504_0915,-24.670,179.120,529.600,YB.AT28.,37.253,37.550,145.013,1676.030,1709.223,1719.762,788.000,2.900,0.225,0.274,0.274,0.272,0.272,5.400,0.600,0.364,0.076,6.200,0.413,0.413,-5.500,0.314,0.413,5.700,0.437,0.413,5.800,0.402,0.413,6.000,0.359,0.413
20140504_0915,-24.670,179.120,529.600,NE.ORNO.,44.904,-68.662,122.549,1539.676,1553.704,1557.876,789.000,2.133,0.168,0.282,0.308,0.324,0.308,-0.700,-0.500,0.788,0.777,-0.300,0.833,0.833,-0.700,0.812,0.833,-1.100,0.787,0.833,-0.700,0.812,0.833,-0.600,0.813,0.833
20140504_0915,-24.670,179.120,529.600,GE.CSS.,34.961,33.331,148.766,1697.201,1734.385,1746.349,790.000,1.046,0.057,0.219,0.243,0.233,0.226,0.300,3.200,0.517,-0.444,-3.100,0.740,0.740,-5.100,0.462,0.740,0.900,0.509,0.740,1.100,0.456,0.740,1.200,0.428,0.740
20140504_0915,-24.670,179.120,529.600,YB.AT35.,37.673,35.877,146.238,1682.985,1717.462,1728.454,791.000,1.091,0.297,0.320,0.328,0.327,0.325,-5.600,0.900,0.613,0.052,-3.200,0.463,0.463,-1.500,0.355,0.463,-1.400,0.278,0.463,-1.600,0.307,0.463,-1.500,0.323,0.463
20140504_0915,-24.670,179.120,529.600,GB.WLF1.,53.289,-4.397,151.259,1711.020,1750.960,1763.933,792.000,1.433,0.300,0.278,0.285,0.289,0.283,2.800,3.100,0.620,0.682,2.300,0.761,0.761,4.900,0.523,0.761,4.600,0.488,0.761,4.500,0.471,0.761,4.600,0.500,0.761
20140504_0915,-24.670,179.120,529.600,YB.AT57.,37.814,32.877,148.513,1695.791,1732.701,1744.566,793.000,1.093,0.152,0.060,0.067,0.065,0.062,8.900,1.000,0.417,-0.552,-4.300,0.454,0.454,-7.400,0.513,0.454,-1.400,0.545,0.454,-7.400,0.526,0.454,-7.400,0.526,0.454
20140504_0915,-24.670,179.120,529.600,IV.ARCI.,42.852,11.475,159.170,1753.536,1802.811,1819.289,794.000,1.602,-0.056,0.052,0.049,0.048,0.051,-8.300,0.400,0.620,-0.551,-7.200,0.478,0.478,-9.900,0.527,0.478,-10.000,0.533,0.478,-10.000,0.540,0.478,-9.900,0.534,0.478
20140504_0915,-24.670,179.120,529.600,YB.AT29.,39.179,33.378,147.769,1691.618,1727.724,1739.299,795.000,0.960,0.041,0.021,0.026,0.024,0.023,1.700,2.000,0.679,0.744,1.100,0.850,0.850,1.500,0.872,0.850,1.500,0.848,0.850,1.500,0.862,0.850,1.500,0.867,0.850
20140504_0915,-24.670,179.120,529.600,TA.G65A.,45.200,-67.563,123.341,1544.758,1559.316,1563.651,796.000,4.981,0.366,0.477,0.492,0.487,0.483,0.800,0.600,0.726,0.748,1.000,0.766,0.766,0.300,0.732,0.766,-0.100,0.702,0.766,0.200,0.723,0.766,0.200,0.725,0.766
20140504_0915,-24.670,179.120,529.600,HE.HEF.,68.406,23.664,133.813,1610.102,1632.687,1639.589,797.000,0.938,-0.159,0.240,0.241,0.239,0.239,6.800,0.500,0.593,-0.670,4.000,0.733,0.733,5.000,0.574,0.733,5.000,0.557,0.733,5.000,0.555,0.733,5.000,0.565,0.733
20140504_0915,-24.670,179.120,529.600,GR.GRC4.,49.086,11.525,153.725,1724.483,1767.241,1781.262,798.000,2.341,0.156,0.099,0.106,0.109,0.105,0.500,1.000,0.870,0.935,5.400,0.434,0.434,7.100,0.424,0.434,7.100,0.416,0.434,7.000,0.413,0.434,7.100,0.412,0.434
20140504_0915,-24.670,179.120,529.600,IV.CESI.,43.005,12.905,158.449,1749.745,1798.134,1814.276,799.000,0.674,0.101,0.180,0.177,0.172,0.178,2.200,-1.200,0.836,-0.626,3.700,0.530,0.530,-0.900,0.706,0.530,-1.000,0.721,0.530,-1.200,0.724,0.530,-1.000,0.719,0.530
20140504_0915,-24.670,179.120,529.600,FR.PYLO.00,43.097,-0.049,161.560,1765.986,1818.256,1835.873,800.000,0.905,0.199,0.054,0.058,0.055,0.059,3.400,-2.300,0.639,0.237,-2.200,0.737,0.737,-8.300,0.481,0.737,-8.300,0.481,0.737,-8.200,0.489,0.737,-8.300,0.482,0.737
20140504_0915,-24.670,179.120,529.600,XK.W11KP.,-13.217,34.311,128.869,1579.684,1598.260,1603.848,801.000,6.743,0.518,0.530,0.539,0.543,0.538,1.100,1.200,0.867,0.842,0.400,0.865,0.865,0.400,0.895,0.865,0.200,0.886,0.865,0.100,0.882,0.865,0.200,0.885,0.865
20140504_0915,-24.670,179.120,529.600,GU.LSD.,45.459,7.134,158.228,1748.575,1796.692,1812.732,802.000,1.472,0.188,0.117,0.112,0.110,0.114,-0.800,-0.900,0.707,0.781,-5.500,0.719,0.719,-3.500,0.843,0.719,-3.500,0.842,0.719,-3.700,0.839,0.719,-3.600,0.840,0.719
20140504_0915,-24.670,179.120,529.600,SI.ABSI.,46.729,11.321,155.886,1736.123,1781.417,1796.394,803.000,2.416,0.351,0.251,0.257,0.261,0.256,9.600,5.000,0.498,-0.397,7.000,0.762,0.762,8.100,0.640,0.762,2.100,0.652,0.762,2.000,0.632,0.762,2.100,0.645,0.762
20140504_0915,-24.670,179.120,529.600,TU.ILGA.,41.052,33.716,146.953,1687.027,1722.261,1733.524,804.000,1.583,0.116,0.080,0.081,0.083,0.083,3.300,3.800,0.203,0.133,-7.900,0.481,0.481,0.700,0.379,0.481,3.200,0.199,0.481,-5.700,0.215,0.481,-5.600,0.276,0.481
20140504_0915,-24.670,179.120,529.600,IV.PLMA.,44.050,9.854,158.735,1751.248,1799.987,1816.262,805.000,1.758,0.174,0.146,0.143,0.135,0.137,-0.400,4.200,0.365,-0.843,-2.800,0.561,0.561,-3.000,0.656,0.561,-3.100,0.659,0.561,-3.200,0.656,0.561,-3.100,0.659,0.561
20140504_0915,-24.670,179.120,529.600,TA.M64A.,41.551,-71.210,120.382,1525.652,1538.288,1542.036,806.000,6.052,0.434,0.495,0.465,0.476,0.488,0.400,0.400,0.839,0.902,0.800,0.739,0.739,0.000,0.769,0.739,-0.100,0.778,0.739,0.000,0.768,0.739,-0.100,0.769,0.739
20140504_0915,-24.670,179.120,529.600,MN.AQU.,42.354,13.405,158.746,1751.306,1800.059,1816.339,807.000,1.213,0.014,0.111,0.117,0.124,0.118,-1.300,1.700,0.526,-0.598,-10.900,0.507,0.507,3.200,0.496,0.507,3.100,0.500,0.507,3.000,0.505,0.507,3.100,0.501,0.507
20140504_0915,-24.670,179.120,529.600,XK.Z11CP.,-13.564,32.589,129.719,1584.967,1604.203,1610.002,808.000,0.356,0.015,0.013,0.012,0.012,0.012,7.800,-4.100,0.748,-0.987,7.400,0.207,0.207,7.300,0.210,0.207,7.200,0.210,0.207,7.000,0.212,0.207,7.100,0.211,0.207
20140504_0915,-24.670,179.120,529.600,KO.DKL.,39.071,26.905,152.528,1717.975,1759.354,1772.860,809.000,0.628,-0.011,0.110,0.108,0.110,0.109,-1.800,-1.700,0.763,0.584,-0.400,0.382,0.382,-9.500,0.371,0.382,-9.500,0.377,0.382,-9.500,0.374,0.382,-9.500,0.375,0.382
20140504_0915,-24.670,179.120,529.600,CZ.GOPC.,49.914,14.787,151.977,1714.965,1755.716,1768.989,810.000,1.275,0.193,0.076,0.074,0.073,0.075,-5.500,-0.700,0.441,0.265,0.100,0.493,0.493,-14.100,0.478,0.493,-14.100,0.523,0.493,-14.200,0.543,0.493,-14.200,0.527,0.493
20140504_0915,-24.670,179.120,529.600,GU.FINB.,44.178,8.325,159.100,1753.168,1802.356,1818.801,811.000,1.205,0.060,-0.004,0.001,0.008,0.002,7.700,1.100,0.535,-0.585,-4.700,0.566,0.566,-3.600,0.572,0.566,-3.600,0.569,0.566,-3.800,0.570,0.566,-3.700,0.571,0.566
20140504_0915,-24.670,179.120,529.600,TA.E59A.,46.480,-72.511,119.991,1523.110,1535.504,1539.178,812.000,5.990,0.495,0.426,0.445,0.452,0.437,0.300,0.400,0.851,0.945,-0.100,0.740,0.740,0.000,0.780,0.740,-0.200,0.797,0.740,-0.100,0.783,0.740,-0.100,0.784,0.740
20140504_0915,-24.670,179.120,529.600,NR.NE117.,53.213,7.120,150.828,1708.648,1748.105,1760.900,813.000,0.897,-0.078,0.010,0.018,0.031,0.023,-0.600,4.900,0.760,0.669,2.400,0.631,0.631,0.900,0.814,0.631,0.800,0.819,0.631,0.700,0.820,0.631,0.800,0.819,0.631
20140504_0915,-24.670,179.120,529.600,GE.RGN.,54.548,13.321,148.319,1694.702,1731.402,1743.190,814.000,2.745,0.221,0.255,-0.023,-0.024,-0.024,3.000,3.400,0.597,0.630,3.400,0.655,0.655,3.000,0.439,0.655,-2.500,0.651,0.655,-2.600,0.623,0.655,-2.500,0.641,0.655
20140504_0915,-24.670,179.120,529.600,XK.B11ET.,-19.016,22.316,130.820,1591.781,1611.892,1617.973,815.000,16.884,0.669,0.680,0.682,0.691,0.688,1.600,1.500,0.924,0.904,0.500,0.973,0.973,0.700,0.969,0.973,0.600,0.971,0.973,0.400,0.981,0.973,0.500,0.976,0.973
20140504_0915,-24.670,179.120,529.600,XJ.MW41.,-3.230,36.445,134.264,1612.831,1635.802,1642.834,816.000,1.348,0.173,0.182,0.183,0.183,0.181,0.400,-4.100,0.659,0.485,1.300,0.428,0.428,1.300,0.435,0.428,1.200,0.426,0.428,1.100,0.427,0.428,1.200,0.429,0.428
20140504_0915,-24.670,179.120,529.600,GE.HLG.,54.183,7.883,149.773,1702.809,1741.095,1753.461,817.000,2.067,0.179,0.061,0.060,0.056,0.059,8.500,3.000,0.484,-0.573,0.400,0.474,0.474,1.800,0.787,0.474,1.900,0.757,0.474,2.000,0.760,0.474,1.900,0.770,0.474
20140504_0915,-24.670,179.120,529.600,IV.CING.,43.376,13.195,158.025,1747.505,1795.375,1811.321,818.000,0.583,-0.045,0.004,0.006,-0.002,0.004,2.900,3.200,0.713,0.711,-9.000,0.440,0.440,-1.100,0.398,0.440,-1.300,0.438,0.440,-1.300,0.432,0.440,-1.300,0.422,0.440
20140504_0915,-24.670,179.120,529.600,CN.SCHQ.,54.832,-66.833,123.675,1546.899,1561.684,1566.089,819.000,1.368,0.204,0.153,0.146,0.150,0.150,-1.600,-0.900,0.563,0.422,-2.400,0.609,0.609,-3.100,0.590,0.609,-3.500,0.598,0.609,-3.300,0.593,0.609,-3.200,0.591,0.609
20140504_0915,-24.670,179.120,529.600,CZ.KRUC.,49.062,16.395,152.114,1715.716,1756.622,1769.953,820.000,2.930,0.357,0.254,0.249,0.245,0.250,-4.100,-3.900,0.757,0.786,2.600,0.548,0.548,-4.600,0.543,0.548,-4.800,0.478,0.548,-4.900,0.404,0.548,-4.800,0.477,0.548
20140504_0915,-24.670,179.120,529.600,CH.SGT01.,47.432,9.319,155.840,1735.881,1781.121,1796.078,821.000,0.543,0.013,0.060,0.059,0.056,0.056,-6.900,-3.800,0.480,-0.442,-8.800,0.503,0.503,-7.200,0.635,0.503,-7.200,0.642,0.503,-7.200,0.645,0.503,-7.200,0.640,0.503
20140504_0915,-24.670,179.120,529.600,XJ.LN45.,-2.993,36.292,134.533,1614.460,1637.663,1644.773,822.000,3.226,0.402,0.359,0.392,0.391,0.376,1.700,2.300,0.714,0.681,1.500,0.725,0.725,1.600,0.711,0.725,1.300,0.731,0.725,1.300,0.725,0.725,1.500,0.717,0.725
20140504_0915,-24.670,179.120,529.600,DK.SCO.,70.486,-21.950,132.584,1602.616,1624.167,1630.723,823.000,1.596,0.000,-0.126,-0.112,-0.110,-0.118,1.200,1.300,0.608,0.484,6.200,0.569,0.569,8.600,0.713,0.569,8.400,0.728,0.569,8.400,0.729,0.569,8.400,0.723,0.569
20140504_0915,-24.670,179.120,529.600,TA.F64A.,45.863,-68.350,122.822,1541.429,1555.638,1559.866,824.000,5.470,0.354,0.399,0.383,0.390,0.396,0.000,0.200,0.847,0.876,0.200,0.862,0.862,-0.500,0.843,0.862,-0.700,0.844,0.862,-0.400,0.844,0.862,-0.400,0.844,0.862
20140504_0915,-24.670,179.120,529.600,YB.AT56.,36.702,35.547,146.687,1685.522,1720.474,1731.635,825.000,2.855,0.182,0.182,0.211,0.195,0.186,9.000,5.300,0.516,-0.462,1.600,0.768,0.768,2.800,0.794,0.768,1.700,0.818,0.768,2.000,0.832,0.768,2.300,0.826,0.768
20140504_0915,-24.670,179.120,529.600,1G.SA63.,61.134,13.957,142.149,1659.557,1689.842,1699.367,826.000,0.348,0.060,0.039,0.038,0.081,0.038,1.900,4.200,0.742,0.844,-3.400,0.174,0.174,-13.100,0.210,0.174,-13.200,0.206,0.174,6.300,0.209,0.174,-13.200,0.209,0.174
20140504_0915,-24.670,179.120,529.600,KO.DARE.,38.571,37.483,144.817,1674.909,1707.897,1718.365,827.000,2.529,0.343,0.286,0.283,0.286,0.288,-0.700,-1.000,0.518,0.468,-9.600,0.361,0.361,-9.500,0.422,0.361,-5.100,0.415,0.361,-5.000,0.403,0.361,-4.900,0.398,0.361
20140504_0915,-24.670,179.120,529.600,XK.Z04NN.,-13.075,30.628,131.318,1594.853,1615.365,1621.578,828.000,3.613,0.646,0.614,0.618,0.620,0.616,0.900,0.700,0.895,0.863,0.000,0.938,0.938,0.100,0.899,0.938,-0.100,0.910,0.938,-0.300,0.929,0.938,-0.200,0.914,0.938
20140504_0915,-24.670,179.120,529.600,IU.MACI.,28.250,-16.508,165.570,1786.469,1843.921,1863.544,829.000,7.461,0.710,0.700,0.725,0.716,0.710,-0.100,0.000,0.860,0.859,0.300,0.969,0.969,-0.100,0.940,0.969,-0.400,0.965,0.969,-0.300,0.961,0.969,-0.200,0.955,0.969
20140504_0915,-24.670,179.120,529.600,IV.ROVR.,45.647,11.072,156.919,1741.640,1788.170,1803.612,830.000,1.205,0.193,0.147,0.146,0.146,0.148,0.000,0.400,0.846,0.809,-2.600,0.694,0.694,-2.900,0.550,0.694,-2.900,0.504,0.694,-2.900,0.516,0.694,-2.900,0.519,0.694
20140504_0915,-24.670,179.120,529.600,XK.Z03CK.,-12.939,30.442,131.538,1596.202,1616.892,1623.164,831.000,4.502,0.601,0.565,0.573,0.575,0.572,0.800,0.900,0.824,0.790,-0.100,0.699,0.699,-0.100,0.683,0.699,-0.200,0.694,0.699,-0.400,0.709,0.699,-0.300,0.697,0.699
20140504_0915,-24.670,179.120,529.600,GT.LBTB.00,-25.015,25.597,124.099,1549.606,1564.681,1569.176,832.000,19.879,0.674,0.692,0.681,0.679,0.686,-0.600,-0.500,0.859,0.898,-1.200,0.851,0.851,-1.000,0.875,0.851,-1.100,0.873,0.851,-1.200,0.867,0.851,-1.100,0.872,0.851
