evtid,evla,evlo,evdp,station,stla,stlo,gcarc,s2ks,s3ks,s4ks,tridx,snr,ccf1,ccf2,ccf3,ccf4,ccf5,t32_cc,t32_pp,ccf_cc,ccf_pp,t32_fw1,ccf_fw1,ccf_sg1,t32_fw2,ccf_fw2,ccf_sg2,t32_fw3,ccf_fw3,ccf_sg3,t32_fw4,ccf_fw4,ccf_sg4,t32_fw5,ccf_fw5,ccf_sg5,auto_selected
20140504_0915,-24.67,179.12,529.6,Y6.HOLY.,46.526,-66.464,124.148,1549.924,1565.034,1569.539,0.0,1.344,0.157,0.151,0.167,0.155,0.153,0.9,1.5,0.756,0.68,1.1,0.75,0.75,0.7,0.7,0.75,0.1,0.704,0.75,0.5,0.707,0.75,0.5,0.702,0.75,0
20140504_0915,-24.67,179.12,529.6,YB.AT41.,38.468,33.245,148.064,1693.273,1729.697,1741.386,1.0,1.208,0.115,0.227,0.234,0.232,0.231,-0.1,0.1,0.649,0.616,-0.3,0.431,0.431,4.8,0.5,0.431,5.0,0.432,0.431,0.0,0.439,0.431,4.9,0.45,0.431,0
20140504_0915,-24.67,179.12,529.6,NO.NC303.00,61.225,11.369,142.497,1661.578,1692.21,1701.855,2.0,2.062,0.147,0.047,0.044,0.043,0.045,-5.8,2.1,0.439,-0.829,-6.2,0.493,0.493,-2.2,0.447,0.493,-2.4,0.463,0.493,-2.4,0.465,0.493,-2.3,0.464,0.493,0
20140504_0915,-24.67,179.12,529.6,IV.SGRT.,41.755,15.744,158.054,1747.659,1795.564,1811.524,3.0,1.555,0.23,0.099,0.091,0.085,0.091,2.6,-2.5,0.571,-0.815,-1.0,0.478,0.478,-1.6,0.688,0.478,-1.8,0.662,0.478,-1.9,0.635,0.478,-1.8,0.663,0.478,0
20140504_0915,-24.67,179.12,529.6,IV.MA9.,41.77,12.659,159.547,1755.51,1805.251,1821.905,4.0,1.31,-0.125,-0.014,-0.006,0.002,-0.008,-5.5,-2.0,0.385,-0.706,-4.3,0.683,0.683,-4.5,0.735,0.683,-4.7,0.729,0.683,-4.8,0.726,0.683,-4.7,0.731,0.683,0
20140504_0915,-24.67,179.12,529.6,GB.BIGH.,58.493,-3.91,146.109,1682.252,1716.592,1727.536,5.0,0.712,0.241,0.097,0.108,0.112,0.107,-2.0,3.7,0.572,-0.738,0.3,0.728,0.728,2.8,0.607,0.728,2.5,0.566,0.728,2.3,0.576,0.728,2.5,0.597,0.728,0
20140504_0915,-24.67,179.12,529.6,OE.KBA.,47.078,13.345,154.893,1730.792,1774.914,1789.449,6.0,0.873,0.147,0.116,0.112,0.117,0.118,-7.6,-0.7,0.231,-0.978,7.2,0.562,0.562,6.7,0.596,0.562,6.8,0.582,0.562,6.8,0.567,0.562,6.7,0.583,0.562,0
20140504_0915,-24.67,179.12,529.6,YB.AT20.,39.364,34.157,147.137,1688.066,1723.497,1734.83,7.0,0.342,0.041,0.045,0.045,0.045,0.045,-0.1,3.6,0.901,0.995,-0.1,0.146,0.146,-1.4,0.385,0.146,-0.9,0.46,0.146,-1.1,0.448,0.146,-1.3,0.42,0.146,0
20140504_0915,-24.67,179.12,529.6,IV.IFIL.,38.564,14.575,160.917,1762.653,1814.11,1831.416,8.0,0.687,0.136,0.06,0.051,0.046,0.053,-5.5,1.9,0.651,0.399,-0.2,0.408,0.408,-8.1,0.223,0.408,-8.6,0.235,0.408,-8.5,0.25,0.408,-8.3,0.237,0.408,0
20140504_0915,-24.67,179.12,529.6,GB.ELSH.,51.148,1.135,153.477,1723.139,1765.609,1779.523,9.0,0.694,0.073,-0.079,-0.081,-0.083,-0.081,-3.7,-3.2,0.336,0.56,0.1,0.496,0.496,8.9,0.372,0.496,8.8,0.381,0.496,8.7,0.386,0.496,8.7,0.383,0.496,0
20140504_0915,-24.67,179.12,529.6,CH.PANIX.,46.826,9.112,156.453,1739.155,1785.125,1800.356,10.0,1.893,0.222,-0.017,-0.006,0.001,-0.01,-0.7,-4.3,0.41,-0.574,-1.4,0.68,0.68,-3.9,0.665,0.68,-3.9,0.659,0.68,-3.9,0.637,0.68,-3.9,0.654,0.68,0
20140504_0915,-24.67,179.12,529.6,GE.KARP.,35.547,27.161,153.539,1723.479,1766.022,1779.962,11.0,1.511,0.157,0.13,0.137,0.137,0.134,4.4,0.8,0.446,-0.266,-3.8,0.523,0.523,-3.0,0.501,0.523,-3.0,0.452,0.523,-3.1,0.475,0.523,-3.0,0.486,0.523,0
20140504_0915,-24.67,179.12,529.6,XJ.LN15.,-2.628,36.185,134.848,1616.363,1639.839,1647.041,12.0,2.16,0.509,0.532,0.523,0.524,0.532,-0.3,0.0,0.64,0.542,-0.9,0.658,0.658,-0.7,0.639,0.658,-1.0,0.657,0.658,-1.0,0.652,0.658,-0.8,0.644,0.658,0
20140504_0915,-24.67,179.12,529.6,IV.STAL.,46.26,12.71,155.818,1735.76,1780.974,1795.92,13.0,1.88,-0.014,0.01,-0.032,-0.03,-0.032,-6.0,4.0,0.274,-0.499,5.7,0.687,0.687,7.0,0.604,0.687,9.9,0.467,0.687,9.8,0.467,0.687,9.9,0.472,0.687,0
20140504_0915,-24.67,179.12,529.6,MN.VSL.,39.496,9.378,162.843,1772.586,1826.497,1844.742,14.0,0.345,0.015,0.014,0.014,0.014,0.014,-10.7,-4.7,0.154,0.804,7.6,0.35,0.35,7.6,0.347,0.35,7.9,0.325,0.35,8.4,0.315,0.35,7.9,0.336,0.35,0
20140504_0915,-24.67,179.12,529.6,KO.SARI.,38.407,36.418,145.666,1679.745,1713.619,1724.399,15.0,1.688,0.096,0.077,0.07,0.072,0.074,-4.7,0.2,0.548,0.112,2.0,0.457,0.457,3.0,0.481,0.457,3.0,0.464,0.457,3.1,0.468,0.457,3.1,0.473,0.457,0
20140504_0915,-24.67,179.12,529.6,CH.LIENZ.,47.294,9.492,155.92,1736.306,1781.641,1796.632,16.0,1.182,0.309,0.263,0.262,0.263,0.262,0.9,0.3,0.827,0.649,7.1,0.65,0.65,8.3,0.524,0.65,8.3,0.509,0.65,8.3,0.526,0.65,8.3,0.52,0.65,0
20140504_0915,-24.67,179.12,529.6,CH.MUO.,46.968,8.637,156.447,1739.123,1785.086,1800.314,17.0,1.456,-0.172,0.088,0.082,0.08,0.087,-4.1,-4.2,0.666,0.524,-4.2,0.514,0.514,-7.3,0.617,0.514,-7.3,0.603,0.514,-7.4,0.617,0.514,-7.3,0.617,0.514,0
20140504_0915,-24.67,179.12,529.6,TA.I61A.,43.932,-72.208,119.941,1522.781,1535.143,1538.808,18.0,3.497,0.42,0.301,0.304,0.308,0.303,0.3,0.2,0.68,0.734,0.0,0.604,0.604,-0.1,0.788,0.604,-0.1,0.784,0.604,-0.1,0.786,0.604,-0.1,0.791,0.604,0
20140504_0915,-24.67,179.12,529.6,GR.AHRW.,50.541,7.076,153.408,1722.769,1765.16,1779.044,19.0,1.134,0.067,0.083,0.08,0.079,0.083,0.5,-2.8,0.671,-0.854,-7.1,0.622,0.622,5.9,0.509,0.622,5.8,0.509,0.622,5.8,0.512,0.622,5.9,0.513,0.622,0
20140504_0915,-24.67,179.12,529.6,IV.SALB.,39.877,16.346,159.02,1752.745,1801.834,1818.241,20.0,1.678,0.225,0.259,0.259,0.26,0.26,-0.8,-4.5,0.906,-0.683,-3.1,0.665,0.665,-8.3,0.79,0.665,-8.5,0.787,0.665,-8.6,0.785,0.665,-8.4,0.787,0.665,0
20140504_0915,-24.67,179.12,529.6,YQ.KIPE.,-9.294,34.436,131.633,1596.787,1617.554,1623.851,21.0,3.865,0.459,0.447,0.458,0.465,0.459,1.2,1.6,0.809,0.813,1.4,0.516,0.516,1.6,0.53,0.516,1.3,0.529,0.516,1.2,0.521,0.516,1.3,0.527,0.516,0
20140504_0915,-24.67,179.12,529.6,IV.FDMO.,43.036,13.087,158.345,1749.194,1797.454,1813.548,22.0,1.092,0.008,-0.015,-0.013,-0.012,-0.013,3.7,1.3,0.398,0.056,-2.7,0.393,0.393,-1.6,0.445,0.393,-1.7,0.454,0.393,-1.9,0.449,0.393,-1.7,0.45,0.393,0
20140504_0915,-24.67,179.12,529.6,IV.MURB.,43.263,12.525,158.4,1749.486,1797.815,1813.934,23.0,1.478,0.112,0.288,0.284,0.282,0.287,4.1,-1.2,0.411,-0.772,-4.2,0.53,0.53,0.6,0.754,0.53,0.4,0.746,0.53,0.3,0.736,0.53,0.4,0.745,0.53,0
20140504_0915,-24.67,179.12,529.6,IV.ASQU.,43.797,11.789,158.253,1748.706,1796.854,1812.905,24.0,1.498,0.132,0.21,0.204,0.203,0.209,1.6,2.5,0.304,0.372,-1.8,0.627,0.627,-4.4,0.535,0.627,-4.6,0.537,0.627,-4.8,0.531,0.627,-4.6,0.532,0.627,0
20140504_0915,-24.67,179.12,529.6,KO.BNN.,38.852,35.847,146.0,1681.638,1715.865,1726.768,25.0,2.413,0.084,0.071,0.065,0.064,0.067,-0.7,3.3,0.611,-0.411,1.6,0.672,0.672,3.1,0.673,0.672,3.2,0.59,0.672,3.2,0.612,0.672,3.2,0.631,0.672,0
20140504_0915,-24.67,179.12,529.6,YQ.IGOM.,-9.0,33.657,132.381,1601.374,1622.756,1629.256,26.0,1.733,0.382,0.379,0.388,0.388,0.381,1.3,1.3,0.785,0.852,0.6,0.767,0.767,0.8,0.747,0.767,0.6,0.739,0.767,0.3,0.747,0.767,0.6,0.743,0.767,0
20140504_0915,-24.67,179.12,529.6,CH.MMK.,46.051,7.964,157.47,1744.566,1791.762,1807.454,27.0,0.818,0.07,0.13,0.13,0.13,0.132,3.9,4.3,0.554,0.168,-2.7,0.548,0.548,-1.0,0.728,0.548,-1.0,0.734,0.548,-1.2,0.727,0.548,-1.1,0.725,0.548,0
20140504_0915,-24.67,179.12,529.6,IV.ASSB.,43.043,12.659,158.524,1750.138,1798.618,1814.795,28.0,1.397,0.093,0.115,0.127,0.136,0.121,-3.4,2.8,0.593,0.327,-6.7,0.385,0.385,-6.1,0.491,0.385,-6.2,0.489,0.385,-6.3,0.474,0.385,-6.2,0.486,0.385,0
20140504_0915,-24.67,179.12,529.6,OE.MOA.,47.849,14.266,153.909,1725.48,1768.451,1782.552,29.0,1.664,-0.008,0.15,0.153,0.164,0.147,-5.3,1.4,0.577,-0.4,-1.9,0.695,0.695,-0.3,0.86,0.695,-0.2,0.86,0.695,-0.2,0.841,0.695,-0.3,0.85,0.695,0
20140504_0915,-24.67,179.12,529.6,YQ.CHML.,-8.826,34.028,132.249,1600.564,1621.836,1628.3,30.0,2.097,0.394,0.367,0.374,0.374,0.37,1.3,1.3,0.902,0.911,0.5,0.802,0.802,0.8,0.782,0.802,0.5,0.787,0.802,0.4,0.793,0.802,0.6,0.787,0.802,0
20140504_0915,-24.67,179.12,529.6,FR.SJAF.00,42.484,2.876,161.919,1767.836,1820.563,1838.353,31.0,1.406,0.117,0.305,0.281,0.255,0.281,-6.3,-2.3,0.415,-0.891,3.0,0.918,0.918,1.0,0.83,0.918,1.2,0.839,0.918,1.3,0.848,0.918,1.2,0.837,0.918,0
20140504_0915,-24.67,179.12,529.6,XK.Q07MR.,-13.197,37.499,126.746,1566.394,1583.361,1588.444,32.0,4.096,0.591,0.591,0.605,0.606,0.602,1.3,1.3,0.915,0.876,1.0,0.964,0.964,0.9,0.963,0.964,0.8,0.965,0.964,0.8,0.966,0.964,0.8,0.965,0.964,0
20140504_0915,-24.67,179.12,529.6,IV.CAFR.,42.227,14.347,158.402,1749.497,1797.828,1813.948,33.0,1.368,0.076,0.084,0.092,0.095,0.09,-2.0,4.1,0.524,0.462,5.1,0.507,0.507,0.2,0.537,0.507,0.2,0.543,0.507,0.1,0.545,0.507,0.2,0.542,0.507,0
20140504_0915,-24.67,179.12,529.6,1G.SA58.,61.945,12.553,141.632,1656.56,1686.336,1695.684,34.0,0.391,0.06,0.071,0.07,0.07,0.071,4.7,4.3,0.676,0.85,2.0,0.205,0.205,3.6,0.332,0.205,3.5,0.324,0.205,3.5,0.321,0.205,3.5,0.324,0.205,0
20140504_0915,-24.67,179.12,529.6,CZ.PVCC.,50.528,14.569,151.522,1712.471,1752.708,1765.791,35.0,0.948,0.021,0.045,0.038,0.039,0.039,-0.1,-4.1,0.483,0.611,4.4,0.477,0.477,-1.4,0.312,0.477,-1.1,0.325,0.477,-1.1,0.33,0.477,-1.1,0.329,0.477,0
20140504_0915,-24.67,179.12,529.6,NR.NE208.,-21.946,25.447,126.831,1566.926,1583.956,1589.058,36.0,8.916,0.775,0.751,0.754,0.764,0.757,0.7,0.8,0.947,0.93,0.2,0.963,0.963,0.2,0.954,0.963,0.2,0.955,0.963,0.1,0.962,0.963,0.1,0.958,0.963,1
20140504_0915,-24.67,179.12,529.6,KO.SVRH.,39.447,31.523,149.056,1698.819,1736.319,1748.398,37.0,0.339,-0.002,0.019,0.004,0.004,0.019,-0.1,-0.3,0.912,0.963,-13.4,0.35,0.35,-10.3,0.387,0.35,-11.5,0.329,0.35,-11.5,0.345,0.35,-10.2,0.362,0.35,0
20140504_0915,-24.67,179.12,529.6,NO.SPA0.00,78.178,16.37,125.898,1561.039,1577.386,1582.275,38.0,0.891,0.124,-0.182,-0.188,-0.195,-0.191,-1.9,-4.6,0.667,-0.918,-4.7,0.657,0.657,-4.5,0.554,0.657,-4.5,0.56,0.657,-4.4,0.565,0.657,-4.4,0.563,0.657,0
20140504_0915,-24.67,179.12,529.6,CH.WIMIS.,46.665,7.624,156.979,1741.957,1788.559,1804.027,39.0,0.636,0.22,0.106,0.104,0.099,0.102,5.6,1.7,0.463,-0.306,3.4,0.83,0.83,2.8,0.675,0.83,2.8,0.669,0.83,2.9,0.676,0.83,2.8,0.677,0.83,0
20140504_0915,-24.67,179.12,529.6,OE.ABTA.,46.747,12.512,155.47,1733.895,1778.697,1793.488,40.0,0.767,0.07,0.042,0.044,0.107,0.039,3.0,2.9,0.931,0.943,1.0,0.403,0.403,0.9,0.406,0.403,-2.5,0.457,0.403,1.3,0.621,0.403,-2.4,0.473,0.403,0
20140504_0915,-24.67,179.12,529.6,GU.RRL.,44.921,6.791,158.817,1751.678,1800.517,1816.83,41.0,0.94,0.14,0.149,0.149,0.155,0.155,-8.4,-2.0,0.388,-0.588,0.5,0.675,0.675,-6.9,0.708,0.675,-7.0,0.702,0.675,-7.0,0.706,0.675,-7.0,0.704,0.675,0
20140504_0915,-24.67,179.12,529.6,IV.SLCN.,40.39,15.633,159.075,1753.038,1802.196,1818.63,42.0,0.577,0.116,0.183,0.082,0.084,0.198,2.3,2.5,0.654,0.731,0.9,0.298,0.298,11.4,0.45,0.298,-4.6,0.527,0.298,-4.7,0.521,0.298,11.4,0.441,0.298,0
20140504_0915,-24.67,179.12,529.6,IV.HAGA.,37.285,15.155,161.393,1765.12,1817.178,1834.713,43.0,1.888,0.189,0.136,0.141,0.142,0.139,2.9,3.0,0.932,0.941,2.7,0.686,0.686,5.2,0.462,0.686,5.4,0.4,0.686,5.3,0.355,0.686,5.3,0.394,0.686,0
20140504_0915,-24.67,179.12,529.6,GB.STNC.,53.091,-2.206,151.561,1712.683,1752.964,1766.063,44.0,2.134,0.111,0.15,0.153,0.15,0.154,1.1,0.7,0.308,0.652,0.4,0.538,0.538,3.9,0.71,0.538,3.6,0.733,0.538,3.4,0.74,0.538,3.6,0.733,0.538,0
20140504_0915,-24.67,179.12,529.6,IV.GIB.,37.99,14.026,161.622,1766.304,1818.653,1836.3,45.0,0.614,0.177,0.091,0.078,0.077,0.086,3.1,-4.7,0.435,-0.442,-0.1,0.855,0.855,0.6,0.632,0.855,0.9,0.588,0.855,0.7,0.584,0.855,0.7,0.594,0.855,0
20140504_0915,-24.67,179.12,529.6,G.SSB.00,45.279,4.542,158.93,1752.276,1801.255,1817.62,46.0,1.024,-0.088,0.111,0.112,0.112,0.112,4.6,1.1,0.396,-0.667,-3.9,0.671,0.671,5.6,0.64,0.671,5.6,0.645,0.671,5.5,0.646,0.671,5.5,0.643,0.671,0
20140504_0915,-24.67,179.12,529.6,GE.FLT1.,52.331,11.237,150.849,1708.765,1748.246,1761.05,47.0,1.105,0.364,0.264,0.271,0.276,0.269,-5.6,3.9,0.572,-0.812,11.6,0.245,0.245,-10.0,0.498,0.245,-10.0,0.497,0.245,-10.1,0.495,0.245,-10.0,0.496,0.245,0
20140504_0915,-24.67,179.12,529.6,1G.SA13.,68.349,18.837,134.714,1615.552,1638.912,1646.075,48.0,0.853,0.045,0.138,0.13,0.128,0.136,-7.1,-0.4,0.477,-0.565,-10.0,0.585,0.585,-9.1,0.482,0.585,-9.2,0.488,0.585,-9.3,0.488,0.585,-9.1,0.5,0.585,0
20140504_0915,-24.67,179.12,529.6,KO.SHUT.,38.553,30.551,150.056,1704.379,1742.978,1755.458,49.0,1.669,0.1,0.049,0.035,0.037,0.038,4.2,-4.1,0.395,-0.394,-4.5,0.776,0.776,4.9,0.411,0.776,4.5,0.489,0.776,4.6,0.489,0.776,4.7,0.467,0.776,0
20140504_0915,-24.67,179.12,529.6,XK.B14MH.,-18.295,21.792,131.69,1597.137,1617.951,1624.263,50.0,14.084,0.706,0.659,0.662,0.674,0.668,1.1,1.1,0.898,0.858,0.5,0.912,0.912,0.7,0.905,0.912,0.6,0.907,0.912,0.4,0.913,0.912,0.5,0.911,0.912,1
20140504_0915,-24.67,179.12,529.6,YB.AT21.,38.927,34.525,146.979,1687.175,1722.438,1733.71,51.0,0.918,0.038,-0.013,-0.014,-0.012,-0.013,-7.2,1.6,0.454,-0.77,-1.5,0.603,0.603,6.8,0.417,0.603,-7.3,0.118,0.603,6.2,0.212,0.603,6.5,0.314,0.603,0
20140504_0915,-24.67,179.12,529.6,GE.MSBI.,31.313,35.358,147.47,1689.941,1725.728,1737.187,52.0,1.084,0.06,0.191,0.175,0.183,0.184,-1.3,1.9,0.476,-0.418,-1.1,0.589,0.589,4.6,0.616,0.589,3.5,0.71,0.589,3.9,0.68,0.589,4.1,0.667,0.589,0
20140504_0915,-24.67,179.12,529.6,SX.ROHR.,50.234,12.317,152.468,1717.65,1758.96,1772.441,53.0,1.081,0.218,0.161,0.163,0.166,0.162,2.1,2.8,0.688,0.469,2.3,0.521,0.521,2.2,0.747,0.521,2.0,0.743,0.521,2.0,0.72,0.521,2.0,0.742,0.521,0
20140504_0915,-24.67,179.12,529.6,OE.WTTA.,47.264,11.636,155.312,1733.047,1777.661,1792.382,54.0,0.808,-0.03,-0.151,-0.137,-0.125,-0.136,-5.3,-1.9,0.653,-0.823,-2.3,0.855,0.855,-2.8,0.568,0.855,-2.7,0.463,0.855,-2.7,0.373,0.855,-2.8,0.444,0.855,0
20140504_0915,-24.67,179.12,529.6,XK.Q05ML.,-13.467,36.14,127.474,1570.965,1588.475,1593.727,55.0,8.776,0.645,0.619,0.629,0.63,0.628,1.1,1.1,0.93,0.967,0.5,0.939,0.939,0.4,0.941,0.939,0.3,0.942,0.939,0.3,0.944,0.939,0.4,0.941,0.939,1
20140504_0915,-24.67,179.12,529.6,IV.USI.,38.708,13.179,161.603,1766.207,1818.532,1836.17,56.0,1.376,-0.036,-0.059,-0.053,-0.053,-0.058,8.5,4.6,0.635,-0.359,10.1,0.594,0.594,10.3,0.576,0.594,10.5,0.554,0.594,10.4,0.529,0.594,10.4,0.548,0.594,0
20140504_0915,-24.67,179.12,529.6,NR.NE220.,-23.363,25.86,125.415,1557.981,1573.98,1578.761,57.0,21.691,0.705,0.683,0.684,0.682,0.677,-0.3,-0.1,0.94,0.944,-0.8,0.866,0.866,-0.7,0.874,0.866,-0.7,0.874,0.866,-0.8,0.88,0.866,-0.8,0.874,0.866,1
20140504_0915,-24.67,179.12,529.6,GR.MOX.,50.646,11.616,152.292,1716.686,1757.795,1771.201,58.0,2.137,0.197,0.172,0.169,0.167,0.171,8.8,-2.5,0.527,-0.297,1.0,0.828,0.828,0.9,0.897,0.828,0.9,0.894,0.828,0.9,0.886,0.828,0.9,0.894,0.828,0
20140504_0915,-24.67,179.12,529.6,PL.GKP.,53.27,17.237,148.325,1694.739,1731.446,1743.237,59.0,0.978,-0.089,0.179,0.182,0.178,0.177,-1.0,-0.9,0.721,0.801,-1.9,0.738,0.738,-1.4,0.842,0.738,-1.5,0.83,0.738,-1.5,0.82,0.738,-1.5,0.829,0.738,0
20140504_0915,-24.67,179.12,529.6,TH.CHRS.,51.61,10.819,151.613,1712.97,1753.31,1766.431,60.0,1.492,0.257,0.249,0.247,0.251,0.248,7.2,0.9,0.442,-0.496,-8.4,0.306,0.306,-2.8,0.411,0.306,-9.2,0.407,0.306,-9.1,0.394,0.306,-9.2,0.4,0.306,0
20140504_0915,-24.67,179.12,529.6,IV.SCTE.,40.072,18.468,157.64,1745.468,1792.87,1808.639,61.0,1.491,0.265,0.162,0.17,0.171,0.165,4.9,4.7,0.757,0.758,4.2,0.657,0.657,-0.1,0.84,0.657,-0.1,0.833,0.657,-0.2,0.827,0.657,-0.1,0.836,0.657,0
20140504_0915,-24.67,179.12,529.6,XK.W10LW.,-12.621,34.165,129.405,1583.02,1602.012,1607.732,62.0,0.713,0.099,0.162,0.155,0.146,0.154,2.3,2.6,0.355,0.367,-5.5,0.289,0.289,-5.4,0.299,0.289,-5.6,0.293,0.289,-5.7,0.295,0.289,-5.6,0.294,0.289,0
20140504_0915,-24.67,179.12,529.6,XK.Z01TG.,-12.296,29.995,132.312,1600.952,1622.278,1628.759,63.0,5.471,0.614,0.62,0.617,0.611,0.615,0.8,0.7,0.884,0.879,-0.1,0.851,0.851,0.1,0.819,0.851,-0.1,0.815,0.851,-0.3,0.814,0.851,-0.1,0.819,0.851,1
20140504_0915,-24.67,179.12,529.6,YB.AT19.,39.735,33.581,147.458,1689.87,1725.644,1737.099,64.0,0.969,0.213,0.058,0.047,0.05,0.051,3.4,3.6,0.798,0.747,5.8,0.586,0.586,7.2,0.501,0.586,7.5,0.424,0.586,7.4,0.463,0.586,7.3,0.48,0.586,0
20140504_0915,-24.67,179.12,529.6,IV.PTCC.,46.408,13.354,155.458,1733.828,1778.614,1793.4,65.0,0.732,0.037,0.071,0.078,0.082,0.072,2.7,-4.7,0.531,-0.28,-0.1,0.595,0.595,-6.0,0.517,0.595,-11.0,0.578,0.595,-11.0,0.618,0.595,-11.0,0.584,0.595,0
20140504_0915,-24.67,179.12,529.6,TH.POSS.,51.333,10.867,151.857,1714.307,1754.922,1768.145,66.0,0.485,-0.031,-0.019,-0.017,-0.016,-0.018,-1.3,-3.6,0.402,0.973,5.3,0.431,0.431,4.5,0.345,0.431,4.6,0.36,0.431,4.8,0.381,0.431,4.6,0.361,0.431,0
20140504_0915,-24.67,179.12,529.6,IV.ECNV.,37.596,14.712,161.471,1765.523,1817.68,1835.254,67.0,1.081,0.114,0.109,0.098,0.094,0.103,0.0,4.0,0.772,-0.909,7.6,0.651,0.651,9.9,0.468,0.651,10.1,0.422,0.651,9.9,0.407,0.651,10.0,0.428,0.651,0
20140504_0915,-24.67,179.12,529.6,CH.TORNY.,46.774,6.959,157.027,1742.213,1788.874,1804.364,68.0,0.836,0.17,0.018,0.018,0.021,0.02,4.9,2.0,0.577,0.262,11.0,0.402,0.402,11.3,0.351,0.402,11.2,0.381,0.402,11.2,0.398,0.402,11.3,0.392,0.402,0
20140504_0915,-24.67,179.12,529.6,GE.UJAP.,31.952,35.464,147.346,1689.24,1724.893,1736.305,69.0,,,,,,,-16.0,-8.0,0.0,0.0,-16.0,0.0,0.0,-16.0,0.0,0.0,-16.0,0.0,0.0,-16.0,0.0,0.0,-16.0,0.0,0.0,0
20140504_0915,-24.67,179.12,529.6,YB.AT02.,39.381,37.057,144.964,1675.749,1708.89,1719.411,70.0,0.349,0.038,0.036,0.036,0.036,0.036,-0.1,4.1,0.824,0.983,-1.4,0.222,0.222,-13.7,0.351,0.222,-14.1,0.272,0.222,-14.0,0.296,0.222,-13.9,0.319,0.222,0
20140504_0915,-24.67,179.12,529.6,XK.Q03LC.,-13.309,35.243,128.187,1575.431,1593.484,1598.905,71.0,3.299,0.478,0.464,0.476,0.483,0.477,1.0,1.1,0.614,0.66,0.5,0.907,0.907,0.3,0.923,0.907,0.2,0.921,0.907,0.1,0.917,0.907,0.3,0.92,0.907,0
20140504_0915,-24.67,179.12,529.6,TH.CRUX.,50.602,10.792,152.547,1718.079,1759.479,1772.994,72.0,2.102,0.232,0.252,0.25,0.251,0.252,7.6,-3.7,0.319,-0.402,-0.8,0.597,0.597,-0.5,0.729,0.597,-0.7,0.736,0.597,-0.7,0.734,0.597,-0.7,0.74,0.597,0
20140504_0915,-24.67,179.12,529.6,GE.VAL.,51.939,-10.244,151.811,1714.056,1754.619,1767.823,73.0,2.638,0.229,0.198,0.206,0.207,0.208,-7.4,-3.3,0.423,-0.53,6.1,0.394,0.394,1.4,0.574,0.394,1.2,0.468,0.394,5.7,0.444,0.394,1.1,0.496,0.394,0
20140504_0915,-24.67,179.12,529.6,GE.ZKR.,35.115,26.217,154.401,1728.14,1771.686,1786.003,74.0,1.214,0.113,0.122,0.122,0.125,0.124,2.0,-1.8,0.587,-0.567,-4.3,0.781,0.781,-0.3,0.725,0.781,-1.0,0.768,0.781,-0.8,0.744,0.781,-0.6,0.731,0.781,0
20140504_0915,-24.67,179.12,529.6,IV.MIGL.,40.604,16.441,158.48,1749.906,1798.332,1814.488,75.0,1.004,-0.051,0.068,0.067,0.065,0.066,-0.1,-4.4,0.795,0.449,-13.7,0.521,0.521,-7.9,0.681,0.521,-8.0,0.687,0.521,-8.1,0.69,0.521,-8.0,0.685,0.521,0
20140504_0915,-24.67,179.12,529.6,IV.SNAL.,40.925,15.209,158.928,1752.265,1801.242,1817.606,76.0,0.865,-0.039,0.099,0.095,0.095,0.099,-9.9,-2.6,0.558,0.481,-10.5,0.564,0.564,-3.8,0.622,0.564,-3.9,0.631,0.564,-4.0,0.63,0.564,-3.9,0.626,0.564,0
20140504_0915,-24.67,179.12,529.6,TA.L65A.,42.029,-70.053,121.295,1531.58,1544.793,1548.715,77.0,4.985,0.249,0.415,0.394,0.412,0.415,-1.1,-1.3,0.769,0.737,-1.5,0.618,0.618,-1.1,0.702,0.618,-1.9,0.572,0.618,-1.4,0.627,0.618,-1.2,0.665,0.618,0
20140504_0915,-24.67,179.12,529.6,TA.H62A.,44.574,-71.156,120.757,1528.094,1540.966,1544.785,78.0,3.295,0.32,0.415,0.39,0.399,0.408,0.4,0.5,0.808,0.869,1.0,0.619,0.619,0.3,0.8,0.619,-0.1,0.718,0.619,0.4,0.756,0.619,0.3,0.777,0.619,0
20140504_0915,-24.67,179.12,529.6,IV.SAMA.,41.78,12.592,159.569,1755.626,1805.394,1822.06,79.0,1.675,0.093,0.01,0.131,0.125,0.014,-11.3,0.4,0.155,0.209,2.5,0.53,0.53,2.3,0.506,0.53,-4.0,0.464,0.53,-3.9,0.475,0.53,2.2,0.505,0.53,0
20140504_0915,-24.67,179.12,529.6,XJ.LN46.,-3.007,36.677,134.227,1612.612,1635.551,1642.572,80.0,2.657,0.54,0.521,0.536,0.538,0.529,0.8,0.8,0.735,0.684,0.4,0.812,0.812,0.5,0.79,0.812,0.3,0.81,0.812,0.2,0.809,0.812,0.5,0.798,0.812,0
20140504_0915,-24.67,179.12,529.6,IV.ISTR.,38.787,15.192,160.41,1760.018,1810.836,1827.9,81.0,8.938,0.026,-0.04,-0.042,-0.039,-0.037,-8.4,2.7,0.628,-0.423,-5.5,0.682,0.682,-5.1,0.588,0.682,-5.2,0.589,0.682,-5.3,0.603,0.682,-5.2,0.594,0.682,0
20140504_0915,-24.67,179.12,529.6,GB.GAL1.,54.866,-4.711,149.671,1702.243,1740.417,1752.741,82.0,1.182,0.063,0.041,0.049,0.054,0.05,0.3,3.0,0.577,-0.895,4.6,0.573,0.573,6.7,0.45,0.573,-0.4,0.483,0.573,-0.8,0.474,0.573,-0.4,0.432,0.573,0
20140504_0915,-24.67,179.12,529.6,KO.ELL.,36.748,29.909,151.073,1710.002,1749.733,1762.63,83.0,1.027,0.147,0.121,0.131,0.129,0.126,3.7,4.4,0.585,0.763,3.3,0.474,0.474,0.7,0.582,0.474,0.6,0.739,0.474,0.6,0.666,0.474,0.6,0.628,0.474,0
20140504_0915,-24.67,179.12,529.6,FR.ISO.01,44.184,7.05,159.444,1754.971,1804.585,1821.191,84.0,2.341,-0.003,0.037,0.043,0.043,0.038,0.9,2.6,0.44,0.343,2.9,0.569,0.569,4.5,0.731,0.569,4.5,0.728,0.569,4.4,0.726,0.569,4.4,0.728,0.569,0
20140504_0915,-24.67,179.12,529.6,XK.Z10KW.,-13.499,32.383,129.898,1586.079,1605.457,1611.301,85.0,10.01,0.6,0.623,0.623,0.616,0.619,0.7,0.8,0.983,0.987,0.0,0.896,0.896,-0.2,0.892,0.896,-0.3,0.896,0.896,-0.4,0.903,0.896,-0.3,0.898,0.896,1
20140504_0915,-24.67,179.12,529.6,GR.GRB3.,49.343,11.805,153.413,1722.795,1765.192,1779.078,86.0,1.429,0.051,0.108,0.103,0.093,0.096,-2.0,-2.1,0.607,0.654,-9.6,0.661,0.661,2.3,0.536,0.661,2.3,0.534,0.661,2.3,0.542,0.661,2.3,0.553,0.661,0
20140504_0915,-24.67,179.12,529.6,RD.MFF.,46.601,-0.141,158.061,1747.693,1795.606,1811.569,87.0,0.646,0.044,-0.088,-0.09,-0.086,-0.09,11.9,3.0,0.561,-0.524,2.9,0.364,0.364,-0.1,0.806,0.364,-0.1,0.807,0.364,-0.1,0.822,0.364,-0.1,0.813,0.364,0
20140504_0915,-24.67,179.12,529.6,FN.RNF.,66.612,26.011,134.815,1616.163,1639.61,1646.803,88.0,0.815,0.123,0.258,0.255,0.254,0.257,8.3,0.5,0.516,-0.051,8.0,0.473,0.473,6.4,0.468,0.473,6.4,0.474,0.473,6.4,0.483,0.473,6.4,0.479,0.473,0
20140504_0915,-24.67,179.12,529.6,G.MBO.10,14.392,-16.955,161.72,1766.81,1819.284,1836.978,89.0,7.474,0.594,0.592,0.62,0.613,0.612,1.4,1.4,0.87,0.875,1.3,0.938,0.938,1.1,0.966,0.938,0.6,0.932,0.938,0.6,0.929,0.938,0.7,0.944,0.938,0
20140504_0915,-24.67,179.12,529.6,YB.AT62.,37.103,33.053,148.552,1696.007,1732.959,1744.839,90.0,1.952,0.181,0.055,0.045,0.049,0.052,2.6,-0.2,0.701,-0.461,0.5,0.586,0.586,-2.5,0.732,0.586,-2.6,0.758,0.586,-2.6,0.753,0.586,-2.5,0.747,0.586,0
20140504_0915,-24.67,179.12,529.6,XK.B04KH.,-20.474,24.514,128.541,1577.638,1595.961,1601.468,91.0,8.4,0.616,0.673,0.674,0.68,0.67,1.1,1.3,0.861,0.865,0.4,0.922,0.922,0.4,0.932,0.922,0.4,0.931,0.922,0.2,0.932,0.922,0.4,0.93,0.922,1
20140504_0915,-24.67,179.12,529.6,PL.KSP.,50.843,16.293,150.678,1707.823,1747.114,1759.847,92.0,1.875,0.176,0.219,0.224,0.229,0.223,1.2,1.1,0.637,0.688,4.8,0.492,0.492,-3.2,0.686,0.492,-3.3,0.675,0.492,-3.3,0.646,0.492,-3.2,0.659,0.492,0
20140504_0915,-24.67,179.12,529.6,FR.MLYF.00,43.988,5.767,159.935,1757.538,1807.762,1824.6,93.0,2.106,-0.143,0.152,0.152,0.152,0.154,7.3,-0.3,0.457,-0.771,-4.8,0.598,0.598,0.7,0.546,0.598,0.7,0.542,0.598,0.6,0.529,0.598,0.6,0.536,0.598,0
20140504_0915,-24.67,179.12,529.6,KO.RSDY.,40.397,37.327,144.519,1673.208,1705.889,1716.248,94.0,2.301,0.046,0.08,0.078,0.08,0.08,-9.0,-0.4,0.451,0.41,-0.1,0.544,0.544,-0.1,0.555,0.544,-0.1,0.592,0.544,-0.1,0.592,0.544,-0.1,0.58,0.544,0
20140504_0915,-24.67,179.12,529.6,XK.Z06GL.,-13.35,31.515,130.556,1590.154,1610.053,1616.066,95.0,8.532,0.562,0.59,0.588,0.574,0.583,0.6,0.9,0.815,0.83,-0.5,0.891,0.891,-0.6,0.884,0.891,-0.7,0.879,0.891,-0.8,0.868,0.891,-0.7,0.876,0.891,0
20140504_0915,-24.67,179.12,529.6,XJ.MW42.,-3.04,36.101,134.649,1615.164,1638.468,1645.612,96.0,2.716,0.347,0.318,0.334,0.336,0.331,0.7,1.1,0.736,0.819,0.2,0.506,0.506,0.4,0.452,0.506,0.2,0.487,0.506,0.0,0.493,0.506,0.2,0.473,0.506,0
20140504_0915,-24.67,179.12,529.6,YB.AT15.,38.348,36.776,145.405,1678.258,1711.858,1722.541,97.0,5.405,0.311,0.334,0.359,0.353,0.346,9.1,2.5,0.622,0.479,0.6,0.361,0.361,5.1,0.49,0.361,5.2,0.553,0.361,5.2,0.534,0.361,5.2,0.516,0.361,0
20140504_0915,-24.67,179.12,529.6,FR.FILF.00,42.56,2.417,161.904,1767.761,1820.469,1838.253,98.0,0.897,0.032,-0.038,-0.039,-0.041,-0.039,-2.5,-2.4,0.915,0.679,-0.2,0.48,0.48,6.5,0.524,0.48,6.6,0.509,0.48,6.6,0.502,0.48,6.6,0.511,0.48,0
20140504_0915,-24.67,179.12,529.6,NO.SPB1.00,78.18,16.391,125.895,1561.02,1577.363,1582.252,99.0,0.902,0.11,-0.192,-0.2,-0.205,-0.201,-1.9,-4.6,0.669,-0.904,-4.8,0.647,0.647,-4.5,0.546,0.647,-4.5,0.552,0.647,-4.4,0.557,0.647,-4.4,0.555,0.647,0
20140504_0915,-24.67,179.12,529.6,GU.CIRO.,45.602,7.568,157.988,1747.31,1795.135,1811.064,100.0,0.818,0.13,0.254,0.252,0.246,0.248,0.6,0.4,0.646,0.728,-4.8,0.659,0.659,-3.1,0.803,0.659,-3.1,0.802,0.659,-3.2,0.8,0.659,-3.1,0.801,0.659,0
20140504_0915,-24.67,179.12,529.6,1G.SA45.,63.549,19.366,138.891,1640.494,1667.638,1676.083,101.0,0.962,0.055,0.154,0.153,0.152,0.152,-7.1,4.3,0.506,-0.823,-11.5,0.362,0.362,-8.4,0.414,0.362,-8.8,0.429,0.362,-8.9,0.434,0.362,-8.6,0.426,0.362,0
20140504_0915,-24.67,179.12,529.6,IS.GEM.,33.21,35.663,147.081,1687.75,1723.122,1734.433,102.0,1.368,0.234,0.2,0.167,0.181,0.189,4.2,4.6,0.705,0.809,10.6,0.47,0.47,11.0,0.578,0.47,9.9,0.646,0.47,10.2,0.628,0.47,10.5,0.606,0.47,0
20140504_0915,-24.67,179.12,529.6,1G.SA27.,65.482,15.897,137.8,1634.031,1660.159,1668.259,103.0,0.348,0.045,0.032,0.032,0.032,0.032,5.0,-4.6,0.729,-0.824,3.4,0.25,0.25,5.5,0.316,0.25,5.5,0.3,0.25,5.5,0.291,0.25,5.5,0.299,0.25,0
20140504_0915,-24.67,179.12,529.6,1G.SA51.,63.044,11.644,140.73,1651.299,1680.195,1689.239,104.0,1.953,0.164,-0.035,-0.035,-0.037,-0.037,-0.1,1.4,0.882,0.809,1.2,0.583,0.583,1.3,0.631,0.583,1.3,0.626,0.583,1.4,0.628,0.583,1.4,0.63,0.583,0
20140504_0915,-24.67,179.12,529.6,IS.KZIT.,30.906,34.398,148.31,1694.651,1731.34,1743.125,105.0,1.917,0.07,0.207,0.231,0.22,0.215,7.2,0.7,0.612,0.406,5.7,0.737,0.737,0.7,0.608,0.737,-0.3,0.505,0.737,0.3,0.516,0.737,0.5,0.568,0.737,0
20140504_0915,-24.67,179.12,529.6,GR.UBR.,47.68,10.107,155.398,1733.509,1778.225,1792.985,106.0,1.502,0.102,0.125,0.122,0.118,0.121,-4.7,-4.6,0.731,0.828,-8.1,0.627,0.627,5.4,0.342,0.627,5.5,0.332,0.627,-7.5,0.33,0.627,5.5,0.326,0.627,0
20140504_0915,-24.67,179.12,529.6,PM.PFVI.,37.133,-8.827,165.808,1787.667,1845.431,1865.178,107.0,2.412,0.231,0.254,0.249,0.24,0.248,-0.7,-0.7,0.902,0.922,-0.1,0.793,0.793,0.3,0.862,0.793,0.5,0.864,0.793,0.6,0.865,0.793,0.4,0.867,0.793,0
20140504_0915,-24.67,179.12,529.6,GR.CLL.,51.308,13.002,151.314,1711.325,1751.327,1764.324,108.0,1.893,0.238,0.218,0.216,0.215,0.216,-3.9,-3.6,0.577,0.464,-2.4,0.673,0.673,-2.7,0.52,0.673,-2.7,0.505,0.673,-2.7,0.469,0.673,-2.8,0.485,0.673,0
20140504_0915,-24.67,179.12,529.6,CH.WILA.,47.415,8.908,155.963,1736.539,1781.925,1796.937,109.0,0.43,0.03,0.062,0.061,0.06,0.061,-5.7,-5.4,0.234,0.527,-7.5,0.539,0.539,0.0,0.554,0.539,0.0,0.555,0.539,0.0,0.544,0.539,0.0,0.552,0.539,0
20140504_0915,-24.67,179.12,529.6,IV.GIUL.,41.558,13.255,159.437,1754.935,1804.54,1821.143,110.0,0.824,0.022,0.053,0.055,0.055,0.055,5.2,-3.3,0.811,-0.404,-8.1,0.493,0.493,-8.0,0.383,0.493,-8.0,0.377,0.493,-8.1,0.38,0.493,-8.0,0.382,0.493,0
20140504_0915,-24.67,179.12,529.6,NR.NE221.,-25.812,24.801,123.746,1547.355,1562.188,1566.608,111.0,6.357,0.594,0.603,0.601,0.586,0.588,-1.3,-1.1,0.936,0.923,-1.8,0.849,0.849,-1.7,0.828,0.849,-1.7,0.829,0.849,-1.8,0.834,0.849,-1.7,0.83,0.849,1
20140504_0915,-24.67,179.12,529.6,GE.LODK.,3.422,35.362,139.159,1642.072,1669.467,1677.997,112.0,2.223,0.321,0.299,0.299,0.298,0.305,0.1,1.3,0.815,0.614,-8.1,0.554,0.554,-7.9,0.581,0.554,-8.2,0.564,0.554,-8.3,0.567,0.554,-8.3,0.568,0.554,0
20140504_0915,-24.67,179.12,529.6,YB.AT63.,36.713,33.472,148.314,1694.674,1731.368,1743.155,113.0,0.69,0.013,0.262,0.258,0.255,0.257,0.0,0.2,0.707,0.743,4.8,0.541,0.541,1.8,0.53,0.541,1.3,0.64,0.541,1.6,0.643,0.541,1.7,0.634,0.541,0
20140504_0915,-24.67,179.12,529.6,TA.E61A.,46.431,-70.489,121.375,1532.1,1545.364,1549.303,114.0,6.613,0.417,0.355,0.319,0.34,0.347,-0.1,-0.1,0.678,0.755,-0.4,0.921,0.921,-0.3,0.837,0.921,-1.2,0.79,0.921,-0.6,0.799,0.921,-0.4,0.815,0.921,0
20140504_0915,-24.67,179.12,529.6,BW.WETR.,49.145,12.876,153.264,1721.987,1764.212,1778.034,115.0,1.104,0.043,0.125,0.122,0.121,0.124,3.5,3.8,0.662,0.42,-8.7,0.44,0.44,-9.2,0.342,0.44,-9.3,0.34,0.44,-9.5,0.339,0.44,-9.3,0.336,0.44,0
20140504_0915,-24.67,179.12,529.6,SX.TRIB.,50.352,12.137,152.414,1717.352,1758.6,1772.058,116.0,1.134,0.148,0.094,0.1,0.102,0.096,9.8,3.6,0.491,-0.035,10.1,0.495,0.495,2.6,0.475,0.495,2.6,0.484,0.495,2.4,0.479,0.495,2.4,0.494,0.495,0
20140504_0915,-24.67,179.12,529.6,IV.HMDC.,36.959,14.783,161.828,1767.365,1819.976,1837.722,117.0,1.967,0.196,0.213,0.21,0.208,0.212,-7.3,-1.7,0.446,-0.447,3.8,0.703,0.703,3.1,0.746,0.703,3.2,0.749,0.703,3.3,0.751,0.703,3.2,0.75,0.703,0
20140504_0915,-24.67,179.12,529.6,YB.AT23.,38.363,35.55,146.34,1683.562,1718.147,1729.178,118.0,1.998,0.052,0.135,0.124,0.123,0.127,-6.7,-3.0,0.45,-0.338,-6.7,0.478,0.478,-5.6,0.374,0.478,-7.1,0.28,0.478,-6.6,0.293,0.478,-6.2,0.311,0.478,0
20140504_0915,-24.67,179.12,529.6,IV.MRGE.,45.77,7.061,157.953,1747.124,1794.906,1810.819,119.0,1.838,0.213,0.108,0.109,0.113,0.11,-3.3,-3.8,0.527,0.601,-8.9,0.64,0.64,-7.1,0.253,0.64,-7.1,0.253,0.64,-7.2,0.266,0.64,-7.1,0.256,0.64,0
20140504_0915,-24.67,179.12,529.6,YB.AT05.,38.217,38.794,143.876,1669.525,1701.547,1711.676,120.0,5.684,0.169,0.193,0.188,0.189,0.19,7.2,4.1,0.609,-0.632,8.8,0.461,0.461,9.4,0.413,0.461,9.1,0.409,0.461,-2.0,0.413,0.461,9.2,0.408,0.461,0
20140504_0915,-24.67,179.12,529.6,GE.TIRR.,44.458,28.413,149.094,1699.035,1736.577,1748.671,121.0,1.246,0.042,0.04,0.044,0.046,0.041,9.4,4.3,0.418,0.26,4.6,0.751,0.751,3.3,0.671,0.751,3.3,0.675,0.751,3.2,0.679,0.751,3.2,0.685,0.751,0
20140504_0915,-24.67,179.12,529.6,GR.GRA4.,49.564,11.435,153.32,1722.287,1764.575,1778.421,122.0,0.995,0.065,0.152,0.171,0.175,0.17,0.1,0.3,0.454,0.519,1.0,0.747,0.747,1.1,0.862,0.747,0.9,0.86,0.747,0.8,0.857,0.747,0.9,0.862,0.747,0
20140504_0915,-24.67,179.12,529.6,CN.CLRN.,70.474,-68.587,120.571,1526.882,1539.636,1543.419,123.0,0.351,-0.026,0.067,0.071,0.072,0.07,-10.6,-1.2,0.249,-0.982,-7.9,0.506,0.506,-8.3,0.469,0.506,-8.6,0.466,0.506,-8.3,0.472,0.506,-8.3,0.468,0.506,0
20140504_0915,-24.67,179.12,529.6,ZR.N1321.,65.648,17.729,137.339,1631.289,1656.993,1664.95,124.0,0.759,0.043,-0.03,-0.031,-0.036,-0.037,-4.5,0.3,0.586,-0.611,4.2,0.57,0.57,5.2,0.7,0.57,5.2,0.704,0.57,5.2,0.706,0.57,5.2,0.704,0.57,0
20140504_0915,-24.67,179.12,529.6,KO.SVSK.,39.916,36.993,144.886,1675.302,1708.362,1718.855,125.0,1.952,0.108,0.028,0.026,0.025,0.026,-0.1,-0.8,0.644,0.483,-0.7,0.583,0.583,1.5,0.552,0.583,1.4,0.616,0.583,1.5,0.601,0.583,1.5,0.586,0.583,0
20140504_0915,-24.67,179.12,529.6,YB.AT44.,37.847,34.612,147.176,1688.285,1723.758,1735.105,126.0,1.141,0.002,0.043,0.022,0.029,0.034,3.1,-3.9,0.569,0.184,-2.8,0.45,0.45,-0.2,0.358,0.45,-5.6,0.335,0.45,-6.0,0.253,0.45,-0.1,0.269,0.45,0
20140504_0915,-24.67,179.12,529.6,OE.CSNA.,47.928,15.859,153.244,1721.878,1764.079,1777.892,127.0,1.313,0.061,0.218,0.217,0.226,0.229,-6.0,-0.5,0.555,0.464,0.6,0.852,0.852,-0.1,0.91,0.852,-0.1,0.901,0.852,-0.2,0.889,0.852,-0.2,0.902,0.852,0
20140504_0915,-24.67,179.12,529.6,YB.AT27.,37.484,37.196,145.249,1677.373,1710.811,1721.437,128.0,2.043,-0.034,0.013,0.01,0.008,0.009,0.9,-3.9,0.408,-0.472,2.5,0.735,0.735,3.0,0.586,0.735,2.5,0.686,0.735,2.6,0.657,0.735,2.8,0.631,0.735,0
20140504_0915,-24.67,179.12,529.6,XK.Z07FW.,-13.121,31.775,130.569,1590.232,1610.142,1616.158,129.0,7.696,0.618,0.604,0.607,0.6,0.603,0.5,0.6,0.974,0.971,-0.3,0.886,0.886,-0.5,0.845,0.886,-0.6,0.86,0.886,-0.7,0.878,0.886,-0.6,0.863,0.886,1
20140504_0915,-24.67,179.12,529.6,KO.DAT.,36.731,27.577,152.865,1719.812,1761.577,1775.226,130.0,1.444,0.012,-0.016,-0.02,-0.019,-0.018,14.2,4.3,0.072,-0.623,2.3,0.478,0.478,1.2,0.282,0.478,1.4,0.31,0.478,1.4,0.306,0.478,1.4,0.296,0.478,0
20140504_0915,-24.67,179.12,529.6,NR.NE203.,-22.993,20.196,128.136,1575.111,1593.124,1598.533,131.0,14.343,0.71,0.739,0.73,0.717,0.726,-0.3,-0.2,0.973,0.952,-0.9,0.86,0.86,-0.7,0.892,0.86,-0.8,0.891,0.86,-1.0,0.885,0.86,-0.9,0.889,0.86,1
20140504_0915,-24.67,179.12,529.6,KO.DALY.,36.816,28.653,152.018,1715.186,1755.983,1769.273,132.0,1.842,0.014,-0.033,-0.04,-0.039,-0.037,0.9,-1.1,0.51,-0.079,5.1,0.539,0.539,-6.6,0.463,0.539,3.4,0.532,0.539,3.5,0.494,0.539,3.6,0.463,0.539,0
20140504_0915,-24.67,179.12,529.6,AF.DODT.,-6.186,35.748,132.848,1604.225,1625.996,1632.625,133.0,6.134,0.65,0.614,0.632,0.634,0.622,1.1,1.1,0.827,0.839,0.1,0.906,0.906,0.4,0.901,0.906,0.1,0.899,0.906,0.0,0.907,0.906,0.3,0.9,0.906,1
20140504_0915,-24.67,179.12,529.6,TA.D60A.,46.914,-70.924,121.111,1530.386,1543.482,1547.369,134.0,1.507,0.295,0.108,0.056,0.078,0.089,-0.7,-0.6,0.757,0.749,-0.8,0.83,0.83,-1.1,0.706,0.83,-1.8,0.69,0.83,-1.3,0.686,0.83,-1.3,0.69,0.83,0
20140504_0915,-24.67,179.12,529.6,XJ.LL65.,-2.418,35.434,135.559,1620.648,1644.748,1652.163,135.0,1.15,0.323,0.291,0.305,0.31,0.305,1.6,1.4,0.367,0.605,0.6,0.408,0.408,0.8,0.369,0.408,0.4,0.404,0.408,0.4,0.414,0.408,0.6,0.389,0.408,0
20140504_0915,-24.67,179.12,529.6,IV.VAGA.,41.415,14.234,159.07,1753.012,1802.165,1818.596,136.0,1.085,0.313,0.228,0.224,0.225,0.228,0.7,4.0,0.735,-0.614,10.9,0.447,0.447,9.6,0.57,0.447,9.8,0.542,0.447,9.9,0.52,0.447,9.8,0.543,0.447,0
20140504_0915,-24.67,179.12,529.6,IV.LAV9.,41.678,12.699,159.602,1755.798,1805.608,1822.289,137.0,1.415,0.029,0.155,0.163,0.166,0.167,-5.5,-4.8,0.555,0.388,-4.0,0.705,0.705,4.0,0.424,0.705,3.9,0.358,0.705,-6.7,0.361,0.705,3.8,0.377,0.705,0
20140504_0915,-24.67,179.12,529.6,IV.CRMI.,43.796,10.98,158.56,1750.328,1798.852,1815.045,138.0,0.734,0.193,0.124,0.119,0.122,0.126,-3.1,-2.9,0.71,0.762,-11.5,0.557,0.557,-11.2,0.649,0.557,-11.3,0.641,0.557,-11.3,0.629,0.557,-11.3,0.64,0.557,0
20140504_0915,-24.67,179.12,529.6,MN.CLTB.,37.579,13.216,162.372,1770.17,1823.477,1841.489,139.0,0.454,-0.075,-0.021,-0.019,-0.015,-0.02,5.5,1.6,0.493,-0.539,5.2,0.529,0.529,4.2,0.539,0.529,4.2,0.556,0.529,4.2,0.563,0.529,4.1,0.553,0.529,0
20140504_0915,-24.67,179.12,529.6,XJ.PR53.,-2.854,35.835,134.972,1617.114,1640.699,1647.938,140.0,1.176,0.256,0.216,0.233,0.237,0.231,-6.3,-2.6,0.546,-0.523,-7.1,0.665,0.665,-7.2,0.659,0.665,-7.4,0.669,0.665,-7.4,0.674,0.665,-7.2,0.668,0.665,0
20140504_0915,-24.67,179.12,529.6,FR.LRVF.00,44.948,-0.31,159.717,1756.401,1806.353,1823.088,141.0,1.025,0.199,0.068,0.07,0.072,0.069,-0.7,1.8,0.594,-0.719,-3.1,0.4,0.4,2.2,0.522,0.4,2.3,0.498,0.4,2.4,0.52,0.4,2.3,0.511,0.4,0
20140504_0915,-24.67,179.12,529.6,1G.SA57.,62.449,14.921,140.759,1651.468,1680.391,1689.446,142.0,0.791,0.067,-0.004,-0.003,0.0,-0.002,-0.1,2.2,0.842,0.962,0.4,0.46,0.46,1.3,0.673,0.46,1.1,0.664,0.46,1.2,0.658,0.46,1.2,0.665,0.46,0
20140504_0915,-24.67,179.12,529.6,CH.FIESA.,46.435,8.111,157.075,1742.469,1789.188,1804.7,143.0,0.804,0.011,0.085,0.102,0.005,0.101,0.1,3.2,0.607,-0.549,5.1,0.673,0.673,5.6,0.634,0.673,5.5,0.634,0.673,-1.1,0.707,0.673,5.5,0.647,0.673,0
20140504_0915,-24.67,179.12,529.6,XK.B10PP.,-18.913,22.543,130.809,1591.712,1611.813,1617.891,144.0,11.645,0.695,0.695,0.695,0.694,0.69,1.4,1.3,0.9,0.868,0.5,0.934,0.934,0.6,0.946,0.934,0.6,0.946,0.934,0.3,0.939,0.934,0.5,0.945,0.934,1
20140504_0915,-24.67,179.12,529.6,IV.CASP.,42.791,10.865,159.462,1755.067,1804.703,1821.318,145.0,1.808,-0.003,-0.061,-0.06,-0.057,-0.059,5.7,2.3,0.733,-0.695,-2.4,0.599,0.599,7.0,0.497,0.599,7.0,0.494,0.599,6.9,0.482,0.599,7.0,0.491,0.599,0
20140504_0915,-24.67,179.12,529.6,IV.CIGN.,41.654,14.905,158.557,1750.311,1798.831,1815.023,146.0,1.393,0.173,0.172,0.178,0.182,0.177,1.7,1.3,0.746,0.641,3.2,0.423,0.423,-13.8,0.414,0.423,-13.9,0.401,0.423,-13.9,0.388,0.423,-13.8,0.402,0.423,0
20140504_0915,-24.67,179.12,529.6,KO.CHOM.,41.097,40.761,141.826,1657.688,1687.654,1697.069,147.0,1.311,0.027,0.004,0.005,0.005,0.005,-8.2,-4.5,0.428,0.039,-1.4,0.675,0.675,-1.4,0.767,0.675,-1.3,0.774,0.675,-1.3,0.774,0.675,-1.4,0.771,0.675,0
20140504_0915,-24.67,179.12,529.6,XK.W01PD.,-13.707,33.006,129.345,1582.646,1601.591,1607.296,148.0,1.968,0.585,0.638,0.639,0.634,0.637,0.9,1.0,0.902,0.919,0.2,0.86,0.86,0.1,0.876,0.86,0.0,0.873,0.86,-0.2,0.872,0.86,0.0,0.873,0.86,0
20140504_0915,-24.67,179.12,529.6,CH.EMBD.,46.217,7.832,157.349,1743.921,1790.97,1806.606,149.0,1.118,0.069,0.144,0.146,0.147,0.146,5.3,-0.6,0.619,-0.443,2.5,0.491,0.491,1.4,0.766,0.491,1.4,0.755,0.491,1.4,0.757,0.491,1.4,0.765,0.491,0
20140504_0915,-24.67,179.12,529.6,XK.B15MW.,-19.631,23.827,129.593,1584.19,1603.329,1609.096,150.0,0.316,0.022,0.023,0.022,0.021,0.023,9.7,-3.8,0.417,-0.983,-9.0,0.576,0.576,-9.0,0.562,0.576,-9.0,0.562,0.576,-9.3,0.557,0.576,-9.2,0.561,0.576,0
20140504_0915,-24.67,179.12,529.6,Y6.JOSY.,44.264,-66.013,124.401,1551.536,1566.821,1571.38,151.0,1.036,0.157,0.245,0.25,0.25,0.248,-0.8,0.9,0.464,0.425,0.8,0.407,0.407,-0.2,0.438,0.407,-0.8,0.418,0.407,-0.5,0.442,0.407,-0.4,0.443,0.407,0
20140504_0915,-24.67,179.12,529.6,TA.D59A.,47.007,-71.836,120.497,1526.402,1539.11,1542.879,152.0,4.604,0.39,0.416,0.393,0.404,0.411,0.0,0.3,0.77,0.845,-0.1,0.772,0.772,-0.1,0.766,0.772,-0.2,0.684,0.772,-0.1,0.708,0.772,-0.1,0.733,0.772,0
20140504_0915,-24.67,179.12,529.6,GR.GRB4.,49.468,11.559,153.371,1722.567,1764.916,1778.783,153.0,0.839,0.257,0.07,0.064,0.241,0.067,-2.7,-2.8,0.65,0.608,-8.5,0.537,0.537,-9.4,0.544,0.537,-9.4,0.547,0.537,3.8,0.424,0.537,-9.5,0.558,0.537,0
20140504_0915,-24.67,179.12,529.6,KO.TAHT.,36.375,36.186,146.24,1682.994,1717.473,1728.466,154.0,1.482,0.13,0.125,0.126,0.127,0.127,-7.5,4.1,0.594,-0.635,1.6,0.134,0.134,14.0,0.142,0.134,-2.5,0.166,0.134,13.6,0.146,0.134,13.8,0.145,0.134,0
20140504_0915,-24.67,179.12,529.6,CN.FRB.,63.747,-68.545,121.809,1534.903,1548.447,1552.471,155.0,3.771,0.24,0.388,0.379,0.373,0.382,0.5,0.5,0.861,0.909,0.1,0.858,0.858,0.4,0.898,0.858,0.0,0.861,0.858,0.3,0.873,0.858,0.3,0.886,0.858,0
20140504_0915,-24.67,179.12,529.6,IS.HRFI.,30.04,35.03,147.79,1691.736,1727.865,1739.448,156.0,2.212,0.163,0.323,0.309,0.318,0.32,0.7,1.1,0.376,0.38,-4.9,0.578,0.578,7.1,0.525,0.578,6.2,0.665,0.578,6.5,0.641,0.578,6.7,0.605,0.578,0
20140504_0915,-24.67,179.12,529.6,EI.IDGL.,55.073,-7.51,149.205,1699.654,1737.317,1749.456,157.0,1.222,0.227,0.187,0.175,0.179,0.18,0.0,-3.2,0.702,-0.529,3.4,0.703,0.703,-2.7,0.518,0.703,-3.3,0.805,0.703,-3.4,0.828,0.703,-3.3,0.772,0.703,0
20140504_0915,-24.67,179.12,529.6,IV.IACL.,38.533,14.355,161.065,1763.423,1815.066,1832.443,158.0,2.371,0.193,0.256,0.247,0.239,0.249,-3.5,-3.5,0.532,0.737,-4.1,0.349,0.349,4.8,0.265,0.349,4.7,0.256,0.349,-4.7,0.253,0.349,4.7,0.262,0.349,0
20140504_0915,-24.67,179.12,529.6,XJ.PR33.,-2.839,36.139,134.748,1615.761,1639.151,1646.324,159.0,2.016,0.377,0.349,0.356,0.361,0.362,-0.1,0.0,0.735,0.689,-0.2,0.571,0.571,0.0,0.569,0.571,-0.3,0.576,0.571,-0.2,0.568,0.571,0.0,0.564,0.571,0
20140504_0915,-24.67,179.12,529.6,FR.ATE.01,43.086,-0.701,161.584,1766.105,1818.405,1836.033,160.0,0.0,,,,,,-16.0,-8.0,0.0,0.0,-16.0,0.0,0.0,-16.0,0.0,0.0,-16.0,0.0,0.0,-16.0,0.0,0.0,-16.0,0.0,0.0,0
20140504_0915,-24.67,179.12,529.6,IV.MCRV.,40.783,15.168,159.052,1752.913,1802.042,1818.464,161.0,1.254,-0.001,0.176,0.17,0.162,0.169,-5.1,-5.1,0.55,0.375,-7.5,0.622,0.622,-6.2,0.436,0.622,-12.9,0.72,0.622,-13.0,0.725,0.622,-12.9,0.72,0.622,0
20140504_0915,-24.67,179.12,529.6,GR.GOLD.,52.922,9.425,150.696,1707.92,1747.23,1759.971,162.0,0.765,0.366,0.139,0.141,0.138,0.136,2.2,-4.1,0.68,-0.777,5.5,0.367,0.367,-4.2,0.371,0.367,-4.3,0.365,0.367,-4.3,0.376,0.367,-4.3,0.373,0.367,0
20140504_0915,-24.67,179.12,529.6,YB.AT08.,38.804,36.927,145.192,1677.049,1710.427,1721.032,163.0,1.13,0.365,0.247,0.25,0.25,0.249,-5.5,-2.6,0.791,-0.273,-7.6,0.275,0.275,-2.8,0.318,0.275,-2.9,0.44,0.275,-2.9,0.403,0.275,-2.9,0.37,0.275,0
20140504_0915,-24.67,179.12,529.6,XJ.LN26.,-2.61,35.879,135.095,1617.852,1641.544,1648.82,164.0,2.025,0.485,0.43,0.466,0.475,0.458,2.4,2.4,0.829,0.832,1.5,0.811,0.811,1.7,0.79,0.811,1.3,0.811,0.811,1.3,0.807,0.811,1.5,0.798,0.811,0
20140504_0915,-24.67,179.12,529.6,IV.MTCE.,42.023,12.742,159.308,1754.261,1803.708,1820.25,165.0,0.941,0.219,0.164,0.16,0.159,0.162,5.0,1.1,0.725,-0.763,-3.4,0.58,0.58,4.5,0.803,0.58,4.4,0.797,0.58,4.3,0.797,0.58,4.4,0.8,0.58,0
20140504_0915,-24.67,179.12,529.6,CN.ICQ.,49.522,-67.271,123.624,1546.572,1561.322,1565.716,166.0,1.931,0.282,0.386,0.445,0.448,0.425,0.5,0.7,0.948,0.937,0.5,0.913,0.913,-0.3,0.901,0.913,-0.6,0.899,0.913,-0.3,0.9,0.913,-0.3,0.9,0.913,0
20140504_0915,-24.67,179.12,529.6,PL.NIE.,49.419,20.313,150.247,1705.436,1744.246,1756.804,167.0,1.141,0.022,0.011,0.012,0.01,0.012,-0.5,0.0,0.523,0.549,-0.5,0.494,0.494,-8.7,0.4,0.494,-8.7,0.377,0.494,-8.8,0.394,0.494,-8.8,0.394,0.494,0
20140504_0915,-24.67,179.12,529.6,II.BFO.00,48.33,8.33,155.252,1732.722,1777.265,1791.959,168.0,1.664,0.185,0.089,0.095,0.099,0.095,0.9,0.6,0.487,0.392,3.8,0.643,0.643,7.1,0.661,0.643,7.1,0.658,0.643,7.0,0.659,0.643,7.1,0.662,0.643,0
20140504_0915,-24.67,179.12,529.6,YQ.MBEY.,-9.0,33.25,132.661,1603.084,1624.699,1631.276,169.0,4.57,0.683,0.671,0.68,0.686,0.678,0.8,0.9,0.902,0.883,0.1,0.95,0.95,0.4,0.931,0.95,0.1,0.935,0.95,0.0,0.94,0.95,0.1,0.935,0.95,1
20140504_0915,-24.67,179.12,529.6,KO.CUKT.,37.247,43.608,140.236,1648.406,1676.826,1685.707,170.0,0.821,0.182,0.237,0.226,0.23,0.233,-8.5,-3.4,0.423,-0.434,3.5,0.49,0.49,0.0,0.541,0.49,3.9,0.472,0.49,4.0,0.454,0.49,4.2,0.421,0.49,0
20140504_0915,-24.67,179.12,529.6,GR.BFO.,48.33,8.33,155.252,1732.722,1777.265,1791.959,171.0,1.669,0.18,0.101,0.107,0.111,0.107,1.0,4.5,0.469,-0.773,3.8,0.631,0.631,7.0,0.697,0.631,7.1,0.694,0.631,7.0,0.697,0.631,7.0,0.699,0.631,0
20140504_0915,-24.67,179.12,529.6,TA.G61A.,45.283,-71.527,120.562,1526.826,1539.575,1543.357,172.0,3.241,0.363,0.289,0.271,0.273,0.277,0.6,0.6,0.693,0.767,0.8,0.823,0.823,0.3,0.913,0.823,0.0,0.903,0.823,0.2,0.904,0.823,0.3,0.909,0.823,0
20140504_0915,-24.67,179.12,529.6,GE.KIBK.,-2.359,38.043,133.567,1608.603,1630.979,1637.811,173.0,3.917,0.615,0.621,0.616,0.61,0.615,0.5,0.6,0.945,0.952,-0.2,0.852,0.852,0.0,0.825,0.852,-0.2,0.847,0.852,-0.3,0.846,0.852,-0.2,0.838,0.852,0
20140504_0915,-24.67,179.12,529.6,GE.SOCY.,12.52,53.987,126.941,1567.618,1584.729,1589.856,174.0,1.721,0.104,0.106,0.098,0.101,0.101,3.6,4.0,0.34,0.557,4.5,0.187,0.187,4.5,0.22,0.187,3.4,0.292,0.187,4.0,0.263,0.187,4.0,0.255,0.187,0
20140504_0915,-24.67,179.12,529.6,IV.PARC.,43.649,12.239,158.199,1748.424,1796.506,1812.532,175.0,1.301,0.1,0.092,0.091,0.081,0.086,2.7,-0.4,0.646,-0.666,-1.5,0.665,0.665,-1.1,0.585,0.665,-1.1,0.61,0.665,-1.3,0.633,0.665,-1.2,0.611,0.665,0
20140504_0915,-24.67,179.12,529.6,NR.NE211.,-22.854,22.207,127.461,1570.884,1588.384,1593.633,176.0,8.489,0.656,0.651,0.653,0.625,0.641,-0.7,-0.6,0.884,0.857,-1.1,0.73,0.73,-1.0,0.733,0.73,-1.0,0.729,0.73,-1.3,0.72,0.73,-1.1,0.726,0.73,0
20140504_0915,-24.67,179.12,529.6,TA.E64A.,46.418,-67.828,123.206,1543.895,1558.362,1562.669,177.0,2.809,0.411,0.436,0.414,0.438,0.44,-0.2,-0.1,0.858,0.874,-0.1,0.955,0.955,-0.8,0.948,0.955,-1.1,0.948,0.955,-0.8,0.952,0.955,-0.8,0.952,0.955,0
20140504_0915,-24.67,179.12,529.6,GT.BOSA.00,-28.614,25.256,121.083,1530.207,1543.285,1547.166,178.0,3.698,0.39,0.434,0.43,0.42,0.425,-1.8,-4.9,0.643,-0.454,3.6,0.65,0.65,3.8,0.632,0.65,3.8,0.629,0.65,3.7,0.649,0.65,3.7,0.631,0.65,0
20140504_0915,-24.67,179.12,529.6,HE.VAF.,63.047,22.668,138.559,1638.532,1665.365,1673.704,179.0,0.808,0.127,0.169,0.168,0.172,0.161,3.0,2.7,0.622,0.733,-1.5,0.593,0.593,0.6,0.626,0.593,0.1,0.669,0.593,0.0,0.674,0.593,0.1,0.659,0.593,0
20140504_0915,-24.67,179.12,529.6,KO.DIKM.,41.65,35.258,145.666,1679.743,1713.618,1724.397,180.0,2.896,0.112,0.077,0.079,0.078,0.079,0.8,4.3,0.494,-0.866,0.2,0.523,0.523,3.9,0.465,0.523,4.0,0.466,0.523,4.0,0.464,0.523,3.9,0.465,0.523,0
20140504_0915,-24.67,179.12,529.6,WM.AVE.,33.298,-7.413,169.657,1806.826,1869.75,1891.568,181.0,1.991,0.489,0.263,0.271,0.271,0.268,0.3,0.6,0.82,0.753,-0.3,0.811,0.811,-0.1,0.846,0.811,-0.1,0.865,0.811,-0.1,0.871,0.811,-0.2,0.857,0.811,0
20140504_0915,-24.67,179.12,529.6,YB.AT17.,37.747,37.52,144.949,1675.662,1708.788,1719.303,182.0,2.415,-0.008,0.055,0.041,0.041,0.043,-0.2,3.2,0.746,-0.875,8.9,0.434,0.434,-3.0,0.569,0.434,-3.4,0.559,0.434,-3.3,0.558,0.434,-3.2,0.569,0.434,0
20140504_0915,-24.67,179.12,529.6,IV.BOB.,44.768,9.448,158.226,1748.566,1796.681,1812.719,183.0,0.638,0.099,0.037,0.036,0.033,0.034,-0.1,0.4,0.889,0.913,-3.8,0.361,0.361,-3.0,0.285,0.361,-5.5,0.281,0.361,-2.9,0.285,0.361,-2.9,0.282,0.361,0
20140504_0915,-24.67,179.12,529.6,KO.SVRC.,38.377,39.306,143.452,1667.089,1698.68,1708.659,184.0,8.731,0.218,0.223,0.219,0.221,0.222,-4.2,-4.3,0.753,0.399,-3.8,0.652,0.652,-3.0,0.658,0.652,-3.4,0.675,0.652,-3.3,0.68,0.652,-3.2,0.674,0.652,0
20140504_0915,-24.67,179.12,529.6,GE.GHAJ.,31.303,35.566,147.293,1688.941,1724.538,1735.93,185.0,1.269,0.308,0.188,0.163,0.175,0.178,0.7,0.9,0.615,0.649,6.7,0.473,0.473,6.4,0.573,0.473,5.6,0.545,0.473,5.9,0.57,0.473,6.1,0.578,0.473,0
20140504_0915,-24.67,179.12,529.6,XK.W07CR.,-10.684,34.193,130.802,1591.671,1611.767,1617.844,186.0,4.983,0.429,0.478,0.476,0.465,0.474,1.3,4.8,0.633,-0.383,0.6,0.622,0.622,0.5,0.611,0.622,0.3,0.611,0.622,0.2,0.608,0.622,0.4,0.609,0.622,0
20140504_0915,-24.67,179.12,529.6,TH.MLFH.,50.79,12.081,152.036,1715.286,1756.103,1769.401,187.0,1.23,0.111,0.078,0.077,0.074,0.077,-9.2,3.4,0.701,-0.918,-0.6,0.756,0.756,-0.3,0.572,0.756,-0.4,0.569,0.756,-0.3,0.586,0.756,-0.4,0.571,0.756,0
20140504_0915,-24.67,179.12,529.6,XK.Z09CG.,-13.306,32.221,130.147,1587.623,1607.197,1613.104,188.0,0.697,0.092,0.083,0.087,0.092,0.088,0.3,-3.8,0.262,-0.306,2.1,0.788,0.788,2.0,0.792,0.788,1.9,0.78,0.788,1.7,0.766,0.788,1.8,0.779,0.788,0
20140504_0915,-24.67,179.12,529.6,MN.BNI.,45.052,6.678,158.719,1751.167,1799.886,1816.154,189.0,1.728,0.21,0.15,0.151,0.149,0.15,-2.3,-2.7,0.667,0.678,-5.0,0.532,0.532,-2.4,0.741,0.532,-2.4,0.741,0.532,-2.5,0.729,0.532,-2.4,0.737,0.532,0
20140504_0915,-24.67,179.12,529.6,TA.D62A.,47.082,-69.05,122.396,1538.689,1552.616,1556.758,190.0,5.708,0.414,0.554,0.54,0.553,0.555,0.2,0.3,0.923,0.924,-0.2,0.754,0.754,-0.2,0.904,0.754,-0.5,0.886,0.754,-0.2,0.895,0.754,-0.2,0.9,0.754,0
20140504_0915,-24.67,179.12,529.6,RN.BAVN.,51.738,7.122,152.25,1716.459,1757.52,1770.908,191.0,0.613,0.044,0.037,0.039,0.038,0.039,8.6,3.8,0.435,0.409,-11.4,0.348,0.348,-3.7,0.75,0.348,-3.6,0.749,0.348,-3.7,0.748,0.348,-3.6,0.75,0.348,0
20140504_0915,-24.67,179.12,529.6,IV.NOCI.,40.789,17.064,158.006,1747.401,1795.248,1811.185,192.0,1.375,0.051,0.144,0.144,0.148,0.145,-7.8,-4.0,0.619,-0.867,-5.4,0.619,0.619,-4.4,0.781,0.619,-4.5,0.8,0.619,-4.6,0.789,0.619,-4.5,0.789,0.619,0
20140504_0915,-24.67,179.12,529.6,XK.W05SL.,-13.763,34.383,128.417,1576.866,1595.094,1600.571,193.0,0.359,0.033,0.031,0.031,0.031,0.031,8.5,-4.1,0.719,-0.995,-9.3,0.264,0.264,-9.5,0.253,0.264,-9.7,0.25,0.264,-9.7,0.25,0.264,-9.6,0.251,0.264,0
20140504_0915,-24.67,179.12,529.6,IV.MONC.,45.074,7.927,158.387,1749.414,1797.726,1813.839,194.0,0.975,0.044,0.03,0.034,0.045,0.035,3.3,3.3,0.683,0.773,-5.5,0.574,0.574,-5.2,0.443,0.574,-5.2,0.438,0.574,-5.2,0.452,0.574,-5.2,0.443,0.574,0
20140504_0915,-24.67,179.12,529.6,YB.AT42.,38.275,33.873,147.638,1690.885,1726.852,1738.376,195.0,1.422,0.078,0.19,0.196,0.195,0.195,-8.9,-2.6,0.548,0.405,-8.8,0.627,0.627,-3.5,0.413,0.627,-3.4,0.505,0.627,-3.4,0.473,0.627,-3.4,0.452,0.627,0
20140504_0915,-24.67,179.12,529.6,IV.MGAB.,42.913,12.112,158.86,1751.906,1800.799,1817.132,196.0,1.344,0.206,0.226,0.227,0.229,0.228,1.2,1.1,0.833,0.828,-0.5,0.486,0.486,-0.1,0.677,0.486,-0.1,0.685,0.486,-0.2,0.685,0.486,-0.1,0.683,0.486,0
20140504_0915,-24.67,179.12,529.6,GE.STU.,48.772,9.195,154.633,1729.394,1773.212,1787.632,197.0,1.231,0.173,0.194,0.196,0.205,0.195,7.4,-1.6,0.393,-0.34,-10.8,0.433,0.433,-9.9,0.414,0.433,6.7,0.426,0.433,6.6,0.432,0.433,6.7,0.426,0.433,0
20140504_0915,-24.67,179.12,529.6,MN.RTC.,33.988,-6.857,169.33,1805.216,1867.693,1889.331,198.0,1.702,0.049,0.107,0.108,0.108,0.109,4.8,3.0,0.096,0.314,-3.0,0.311,0.311,-2.4,0.305,0.311,-2.2,0.308,0.311,-2.0,0.314,0.311,-2.2,0.312,0.311,0
20140504_0915,-24.67,179.12,529.6,GB.HMNX.,50.867,0.336,153.786,1724.816,1767.645,1781.692,199.0,1.392,-0.077,0.066,0.066,0.064,0.064,-4.5,-4.2,0.399,0.708,8.7,0.505,0.505,6.2,0.516,0.505,6.2,0.493,0.505,6.2,0.486,0.505,6.2,0.474,0.505,0
20140504_0915,-24.67,179.12,529.6,XJ.LN14.,-2.439,36.415,134.789,1616.005,1639.43,1646.615,200.0,3.124,0.685,0.686,0.682,0.687,0.69,0.2,0.3,0.955,0.974,-0.6,0.907,0.907,-0.4,0.889,0.907,-0.6,0.898,0.907,-0.6,0.904,0.907,-0.5,0.899,0.907,0
20140504_0915,-24.67,179.12,529.6,IV.PIGN.,41.2,14.18,159.258,1753.999,1803.384,1819.903,201.0,2.952,0.02,0.079,0.086,0.09,0.084,3.0,3.7,0.499,0.489,3.9,0.539,0.539,1.3,0.68,0.539,1.2,0.683,0.539,1.2,0.686,0.539,1.2,0.682,0.539,0
20140504_0915,-24.67,179.12,529.6,XK.W09TK.,-12.108,34.046,129.861,1585.849,1605.198,1611.033,202.0,3.387,0.562,0.53,0.542,0.547,0.547,1.0,0.9,0.898,0.94,0.1,0.851,0.851,0.0,0.845,0.851,-0.1,0.845,0.851,-0.2,0.844,0.851,-0.1,0.844,0.851,0
20140504_0915,-24.67,179.12,529.6,GB.KPL.,57.339,-5.653,147.151,1688.141,1723.587,1734.924,203.0,2.015,0.134,0.215,0.211,0.211,0.212,-3.7,-0.1,0.584,-0.593,2.0,0.688,0.688,5.1,0.666,0.688,4.6,0.656,0.688,4.2,0.659,0.688,4.5,0.672,0.688,0
20140504_0915,-24.67,179.12,529.6,IV.ATFO.,43.367,12.571,158.296,1748.935,1797.136,1813.207,204.0,0.564,0.155,0.103,0.095,0.088,0.096,7.4,4.2,0.59,-0.789,-3.5,0.381,0.381,-2.8,0.447,0.381,-2.9,0.467,0.381,-3.1,0.474,0.381,-2.9,0.464,0.381,0
20140504_0915,-24.67,179.12,529.6,CZ.MORC.,49.777,17.542,151.098,1710.135,1749.894,1762.8,205.0,1.332,0.107,0.381,0.384,0.388,0.382,-5.6,1.5,0.538,-0.569,-2.1,0.401,0.401,1.0,0.474,0.401,0.8,0.482,0.401,0.8,0.489,0.401,0.9,0.489,0.401,0
20140504_0915,-24.67,179.12,529.6,YB.AT34.,37.905,35.515,146.469,1684.291,1719.012,1730.091,206.0,0.992,0.096,0.239,0.229,0.232,0.236,-6.3,3.2,0.57,-0.574,-1.0,0.491,0.491,0.0,0.544,0.491,-0.8,0.583,0.491,-0.4,0.589,0.491,-0.1,0.603,0.491,0
20140504_0915,-24.67,179.12,529.6,TA.K63A.,42.689,-71.528,120.287,1525.039,1537.616,1541.345,207.0,4.04,0.371,0.355,0.298,0.319,0.336,-0.8,-4.6,0.681,-0.253,-0.4,0.559,0.559,3.2,0.658,0.559,3.2,0.66,0.559,3.3,0.673,0.559,3.2,0.668,0.559,0
20140504_0915,-24.67,179.12,529.6,GR.ZARR.,53.554,10.917,149.791,1702.911,1741.218,1753.591,208.0,1.496,0.119,0.089,0.091,0.088,0.092,-0.4,-4.4,0.754,-0.585,-6.4,0.695,0.695,-5.2,0.648,0.695,-5.2,0.645,0.695,-5.1,0.657,0.695,-5.1,0.657,0.695,0
20140504_0915,-24.67,179.12,529.6,FR.RUSF.05,43.936,5.483,160.046,1758.12,1808.483,1825.374,209.0,1.396,0.17,0.163,0.162,0.163,0.162,0.9,0.9,0.562,0.491,3.9,0.625,0.625,-1.9,0.674,0.625,-1.9,0.668,0.625,-2.0,0.666,0.625,-2.0,0.669,0.625,0
20140504_0915,-24.67,179.12,529.6,IV.ATVO.,43.382,12.407,158.351,1749.228,1797.496,1813.593,210.0,1.21,0.157,0.129,0.14,0.142,0.135,4.8,4.6,0.591,0.509,-7.9,0.567,0.567,1.4,0.626,0.567,1.2,0.633,0.567,1.1,0.623,0.567,1.2,0.629,0.567,0
20140504_0915,-24.67,179.12,529.6,RD.ORIF.,44.918,5.88,159.024,1752.766,1801.861,1818.27,211.0,2.191,-0.063,0.053,0.05,0.044,0.047,0.8,3.8,0.792,-0.685,-7.8,0.54,0.54,2.1,0.53,0.54,2.1,0.538,0.54,2.0,0.528,0.54,2.0,0.527,0.54,0
20140504_0915,-24.67,179.12,529.6,KP.UPNV.,72.783,-56.139,123.502,1545.792,1560.459,1564.828,212.0,2.448,0.358,0.21,0.259,0.271,0.242,0.7,0.8,0.948,0.963,0.5,0.868,0.868,0.2,0.93,0.868,-0.1,0.924,0.868,0.1,0.926,0.868,0.2,0.929,0.868,0
20140504_0915,-24.67,179.12,529.6,GE.MATE.,40.649,16.704,158.302,1748.967,1797.175,1813.249,213.0,1.376,0.018,-0.056,-0.045,-0.039,-0.051,-0.7,-0.6,0.804,0.765,-4.8,0.794,0.794,-4.4,0.931,0.794,-4.5,0.934,0.794,-4.6,0.928,0.794,-4.5,0.931,0.794,0
20140504_0915,-24.67,179.12,529.6,XJ.LN34.,-2.751,36.049,134.874,1616.523,1640.022,1647.232,214.0,2.237,0.467,0.457,0.473,0.472,0.469,1.1,1.0,0.6,0.658,0.6,0.383,0.383,0.7,0.356,0.383,0.5,0.377,0.383,0.4,0.378,0.383,0.5,0.366,0.383,0
20140504_0915,-24.67,179.12,529.6,IV.SNTG.,43.255,12.941,158.232,1748.596,1796.718,1812.759,215.0,0.813,0.023,0.062,0.088,0.093,0.083,-0.5,-0.5,0.576,0.615,-4.6,0.65,0.65,-4.3,0.538,0.65,-4.5,0.541,0.65,-4.5,0.554,0.65,-4.5,0.545,0.65,0
20140504_0915,-24.67,179.12,529.6,Y6.ALLY.,43.743,-65.096,125.041,1555.607,1571.34,1576.038,216.0,1.086,0.172,0.17,0.169,0.173,0.172,0.2,0.2,0.641,0.786,-0.2,0.788,0.788,0.0,0.781,0.788,-0.7,0.785,0.788,-0.1,0.801,0.788,-0.1,0.794,0.788,0
20140504_0915,-24.67,179.12,529.6,OE.RETA.,47.487,10.762,155.383,1733.429,1778.127,1792.88,217.0,0.781,0.018,0.231,-0.001,0.008,0.001,6.3,-2.2,0.457,-0.782,3.2,0.351,0.351,3.9,0.604,0.351,-2.9,0.499,0.351,-8.6,0.463,0.351,-2.9,0.48,0.351,0
20140504_0915,-24.67,179.12,529.6,EE.VSU.,58.462,26.735,140.979,1652.753,1681.89,1691.018,218.0,1.667,0.295,0.168,0.165,0.162,0.164,0.7,-2.9,0.704,-0.277,0.9,0.793,0.793,-8.2,0.458,0.793,-8.3,0.478,0.793,-8.4,0.481,0.793,-8.3,0.477,0.793,0
20140504_0915,-24.67,179.12,529.6,KO.KMRS.,37.509,36.9,145.476,1678.661,1712.336,1723.045,219.0,0.0,,,,,,-16.0,-8.0,0.0,0.0,-16.0,0.0,0.0,-16.0,0.0,0.0,-16.0,0.0,0.0,-16.0,0.0,0.0,-16.0,0.0,0.0,0
20140504_0915,-24.67,179.12,529.6,IV.FIAM.,42.268,13.117,158.945,1752.352,1801.349,1817.721,220.0,1.188,0.163,0.012,0.018,0.016,0.011,-0.7,-4.7,0.352,0.063,-13.5,0.589,0.589,-7.0,0.715,0.589,-7.1,0.714,0.589,-7.2,0.722,0.589,-7.1,0.718,0.589,0
20140504_0915,-24.67,179.12,529.6,NI.ACOM.,46.548,13.514,155.28,1732.874,1777.451,1792.158,221.0,0.985,0.316,0.28,0.27,0.271,0.273,-1.2,-1.2,0.598,0.689,-5.5,0.656,0.656,4.8,0.368,0.656,4.6,0.464,0.656,4.4,0.544,0.656,4.6,0.466,0.656,0
20140504_0915,-24.67,179.12,529.6,TA.H64A.,44.641,-69.22,122.136,1537.014,1550.771,1554.86,222.0,3.116,0.241,0.412,0.356,0.385,0.4,-0.9,-1.1,0.636,0.62,-1.5,0.559,0.559,-1.2,0.708,0.559,-1.7,0.665,0.559,-1.3,0.694,0.559,-1.3,0.701,0.559,0
20140504_0915,-24.67,179.12,529.6,YB.AT61.,37.45,32.362,149.001,1698.514,1735.953,1748.01,223.0,1.737,0.214,0.158,0.164,0.161,0.16,-9.5,-4.8,0.419,0.607,-6.6,0.796,0.796,-5.1,0.608,0.796,-5.4,0.59,0.796,-5.3,0.63,0.796,-5.2,0.626,0.796,0
20140504_0915,-24.67,179.12,529.6,GR.CLNZ.,52.942,10.954,150.35,1706.01,1744.936,1757.536,224.0,1.233,0.021,0.01,0.007,0.004,0.006,-7.5,0.4,0.445,-0.13,-6.2,0.38,0.38,-8.5,0.444,0.38,-8.5,0.437,0.38,-8.6,0.403,0.38,-8.6,0.418,0.38,0
20140504_0915,-24.67,179.12,529.6,Y6.MALY.,45.793,-63.355,126.3,1563.58,1580.218,1585.198,225.0,0.997,0.254,0.2,0.176,0.191,0.196,-0.6,-4.6,0.89,-0.524,-1.0,0.655,0.655,-1.7,0.66,0.655,-2.0,0.7,0.655,-1.7,0.678,0.655,-1.7,0.669,0.655,0
20140504_0915,-24.67,179.12,529.6,DK.NOR.,81.605,-16.661,122.724,1540.8,1554.944,1559.152,226.0,0.895,0.06,0.126,0.136,0.138,0.137,8.2,-3.8,0.624,-0.846,4.8,0.608,0.608,3.8,0.504,0.608,4.2,0.492,0.608,4.2,0.496,0.608,4.1,0.497,0.608,0
20140504_0915,-24.67,179.12,529.6,CH.MUGIO.,45.922,9.042,157.301,1743.667,1790.657,1806.271,227.0,1.705,-0.012,0.004,0.004,0.003,0.003,-7.3,-1.9,0.396,0.214,-8.3,0.348,0.348,-12.5,0.293,0.348,-12.6,0.292,0.348,-12.6,0.281,0.348,-12.6,0.292,0.348,0
20140504_0915,-24.67,179.12,529.6,AF.GETA.,-2.866,33.241,136.927,1628.836,1654.163,1661.993,228.0,3.884,0.659,0.639,0.658,0.665,0.651,1.3,1.2,0.893,0.842,0.9,0.839,0.839,1.1,0.829,0.839,0.8,0.842,0.839,0.6,0.832,0.839,0.9,0.829,0.839,0
20140504_0915,-24.67,179.12,529.6,PR.MTP.,18.097,-65.553,119.945,1522.809,1535.174,1538.839,229.0,1.476,0.439,0.377,0.386,0.372,0.375,1.1,1.3,0.909,0.911,0.2,0.833,0.833,0.9,0.805,0.833,0.3,0.792,0.833,0.9,0.786,0.833,0.9,0.802,0.833,0
20140504_0915,-24.67,179.12,529.6,MN.TIP.,39.179,16.758,159.227,1753.832,1803.177,1819.681,230.0,0.689,0.088,0.149,0.157,0.16,0.154,-0.3,0.1,0.383,0.314,-0.2,0.607,0.607,8.0,0.396,0.607,7.9,0.387,0.607,7.8,0.384,0.607,7.9,0.39,0.607,0
20140504_0915,-24.67,179.12,529.6,NR.NE202.,-24.114,21.782,126.503,1564.862,1581.65,1586.676,231.0,9.746,0.556,0.568,0.562,0.555,0.56,4.8,-0.7,0.553,0.348,4.5,0.592,0.592,4.7,0.58,0.592,4.6,0.581,0.592,4.5,0.584,0.592,4.6,0.582,0.592,0
20140504_0915,-24.67,179.12,529.6,GR.UBBA.,50.819,10.001,152.54,1718.041,1759.433,1772.945,232.0,1.76,0.34,0.25,0.255,0.257,0.256,8.0,4.0,0.686,-0.68,0.5,0.841,0.841,0.6,0.712,0.841,0.5,0.718,0.841,0.4,0.72,0.841,0.5,0.716,0.841,0
20140504_0915,-24.67,179.12,529.6,NR.NE201.,-24.515,23.933,125.26,1556.999,1572.887,1577.634,233.0,1.076,0.21,0.214,0.213,0.21,0.212,6.3,0.3,0.106,-0.139,5.8,0.177,0.177,6.1,0.171,0.177,6.1,0.171,0.177,6.0,0.178,0.177,6.0,0.176,0.177,0
20140504_0915,-24.67,179.12,529.6,CH.PLONS.,47.049,9.381,156.175,1737.669,1783.308,1798.414,234.0,0.938,0.081,0.156,0.148,0.14,0.15,2.8,3.5,0.528,0.38,1.5,0.673,0.673,-2.5,0.424,0.673,-2.6,0.415,0.673,-2.6,0.389,0.673,-2.5,0.423,0.673,0
20140504_0915,-24.67,179.12,529.6,ZR.N1305.,66.383,14.068,137.237,1630.683,1656.294,1664.219,235.0,0.581,-0.025,0.082,0.082,0.082,0.082,3.1,2.9,0.727,0.748,-3.4,0.507,0.507,-1.3,0.57,0.507,-1.4,0.566,0.507,-1.4,0.565,0.507,-1.4,0.566,0.507,0
20140504_0915,-24.67,179.12,529.6,YQ.NKAL.,-9.188,33.774,132.166,1600.058,1621.263,1627.704,236.0,1.524,0.386,0.366,0.367,0.365,0.364,0.7,0.8,0.951,0.943,0.0,0.686,0.686,0.3,0.689,0.686,0.0,0.685,0.686,-0.2,0.689,0.686,0.1,0.685,0.686,0
20140504_0915,-24.67,179.12,529.6,1G.SA44.,63.705,12.348,140.003,1647.039,1675.236,1684.041,237.0,0.997,0.089,0.112,0.108,0.103,0.106,-0.1,-0.8,0.854,0.859,-2.7,0.756,0.756,-1.7,0.764,0.756,-1.7,0.767,0.756,-1.7,0.772,0.756,-1.7,0.768,0.756,0
20140504_0915,-24.67,179.12,529.6,IV.HLNI.,37.348,14.872,161.53,1765.826,1818.058,1835.66,238.0,1.749,0.108,0.111,0.119,0.12,0.113,3.1,-0.8,0.841,-0.943,3.9,0.656,0.656,5.1,0.726,0.656,5.2,0.663,0.656,5.1,0.652,0.656,5.1,0.679,0.656,0
20140504_0915,-24.67,179.12,529.6,GU.STV.,44.245,7.326,159.315,1754.295,1803.749,1820.295,239.0,1.582,0.143,0.247,0.252,0.255,0.25,-9.4,-2.8,0.57,0.066,-10.5,0.501,0.501,-0.8,0.707,0.501,-0.8,0.707,0.501,-0.9,0.7,0.501,-0.8,0.704,0.501,0
20140504_0915,-24.67,179.12,529.6,IV.PLAC.,38.449,16.438,159.877,1757.238,1807.39,1824.2,240.0,2.398,0.333,0.433,0.434,0.432,0.433,-0.9,2.5,0.591,-0.465,0.9,0.832,0.832,1.2,0.824,0.832,1.0,0.821,0.832,1.0,0.823,0.832,1.1,0.823,0.832,0
20140504_0915,-24.67,179.12,529.6,GT.DBIC.00,6.67,-4.857,161.602,1766.198,1818.521,1836.157,241.0,7.122,0.465,0.397,0.416,0.461,0.449,1.7,1.9,0.982,0.988,1.6,0.979,0.979,1.9,0.984,0.979,1.8,0.984,0.979,1.3,0.984,0.979,1.4,0.984,0.979,0
20140504_0915,-24.67,179.12,529.6,SX.MULD.,50.412,12.404,152.284,1716.646,1757.746,1771.149,242.0,1.7,0.185,0.148,0.141,0.142,0.14,-2.6,-2.5,0.639,0.752,-1.6,0.764,0.764,-2.0,0.574,0.764,-2.0,0.577,0.764,-2.0,0.585,0.764,-2.0,0.577,0.764,0
20140504_0915,-24.67,179.12,529.6,SI.KOSI.,46.463,11.378,156.101,1737.275,1782.825,1797.898,243.0,0.953,0.136,0.141,0.142,0.141,0.144,4.0,4.2,0.576,0.728,2.8,0.575,0.575,-1.5,0.787,0.575,-1.5,0.781,0.575,-1.5,0.765,0.575,-1.5,0.785,0.575,0
20140504_0915,-24.67,179.12,529.6,1G.SA18.,66.739,23.564,135.249,1618.779,1642.605,1649.926,244.0,4.821,0.281,0.256,0.256,0.255,0.255,-2.4,-2.9,0.85,0.871,-6.6,0.591,0.591,-5.0,0.413,0.591,-5.0,0.487,0.591,-5.1,0.512,0.591,-5.0,0.471,0.591,0
20140504_0915,-24.67,179.12,529.6,IV.FRES.,41.974,14.669,158.437,1749.681,1798.054,1814.191,245.0,1.068,0.287,-0.223,-0.223,-0.218,-0.22,7.5,3.6,0.781,-0.627,-0.4,0.663,0.663,4.3,0.7,0.663,4.1,0.706,0.663,4.0,0.698,0.663,4.2,0.7,0.663,0
20140504_0915,-24.67,179.12,529.6,FR.RUSF.03,43.936,5.466,160.049,1758.136,1808.503,1825.395,246.0,1.441,0.177,0.17,0.171,0.172,0.17,0.9,1.0,0.698,0.657,3.8,0.564,0.564,-1.7,0.572,0.564,-1.7,0.568,0.564,-1.8,0.566,0.564,-1.7,0.568,0.564,0
20140504_0915,-24.67,179.12,529.6,KO.ILIC.,39.452,38.568,143.81,1669.146,1701.101,1711.206,247.0,0.0,,,,,,-16.0,-8.0,0.0,0.0,-16.0,0.0,0.0,-16.0,0.0,0.0,-16.0,0.0,0.0,-16.0,0.0,0.0,-16.0,0.0,0.0,0
20140504_0915,-24.67,179.12,529.6,KO.KVT.,41.081,36.046,145.271,1677.499,1710.96,1721.594,248.0,6.935,0.181,0.181,0.188,0.187,0.184,2.0,-0.8,0.932,-0.598,-5.6,0.489,0.489,4.9,0.502,0.489,5.0,0.541,0.489,5.0,0.52,0.489,4.9,0.505,0.489,0
20140504_0915,-24.67,179.12,529.6,FR.MON.00,43.73,7.425,159.766,1756.658,1806.673,1823.431,249.0,1.352,-0.119,-0.106,-0.106,-0.108,-0.107,8.2,2.5,0.426,0.409,3.7,0.312,0.312,5.3,0.515,0.312,5.2,0.511,0.312,5.1,0.502,0.312,5.2,0.508,0.312,0
20140504_0915,-24.67,179.12,529.6,FN.OUL.,65.086,25.893,136.081,1623.779,1648.343,1655.915,250.0,0.912,0.205,-0.023,-0.034,-0.031,-0.035,-6.1,-5.3,0.704,0.752,3.1,0.559,0.559,3.4,0.61,0.559,3.4,0.611,0.559,3.4,0.614,0.559,3.4,0.601,0.559,0
20140504_0915,-24.67,179.12,529.6,OE.FETA.,47.021,10.729,155.811,1735.722,1780.928,1795.871,251.0,1.425,0.119,0.212,0.212,0.214,0.214,-8.1,-2.4,0.665,0.022,-1.3,0.553,0.553,-0.3,0.714,0.553,-0.3,0.703,0.553,-0.3,0.711,0.553,-0.3,0.717,0.553,0
20140504_0915,-24.67,179.12,529.6,GR.TMO22.,49.219,8.185,154.448,1728.393,1771.993,1786.331,252.0,1.723,0.132,0.121,0.122,0.106,0.117,-7.7,-4.8,0.586,-0.662,-4.9,0.539,0.539,-11.7,0.341,0.539,-11.6,0.339,0.539,-4.0,0.345,0.539,-11.6,0.337,0.539,0
20140504_0915,-24.67,179.12,529.6,MN.TRI.,45.709,13.764,155.884,1736.116,1781.408,1796.384,253.0,1.7,0.116,-0.06,-0.066,0.283,-0.066,3.3,-1.1,0.646,-0.271,0.8,0.704,0.704,-4.0,0.555,0.704,-4.0,0.557,0.704,-0.1,0.671,0.704,-4.0,0.554,0.704,0
20140504_0915,-24.67,179.12,529.6,IV.SOLUN.,38.092,13.533,161.838,1767.419,1820.043,1837.794,254.0,0.773,-0.206,-0.132,-0.114,-0.093,-0.111,2.8,3.1,0.473,0.627,1.8,0.589,0.589,1.3,0.638,0.589,1.3,0.644,0.589,1.3,0.649,0.589,1.3,0.643,0.589,0
20140504_0915,-24.67,179.12,529.6,TH.PLN.,50.485,12.157,152.288,1716.668,1757.773,1771.178,255.0,0.89,0.158,0.173,0.17,0.17,0.171,8.4,-4.1,0.525,-0.782,-0.5,0.453,0.453,8.5,0.428,0.453,8.5,0.436,0.453,8.4,0.447,0.453,8.5,0.437,0.453,0
20140504_0915,-24.67,179.12,529.6,CH.FUSIO.,46.455,8.663,156.915,1741.615,1788.139,1803.578,256.0,2.781,0.099,0.013,0.013,0.014,0.012,3.3,-4.4,0.622,-0.725,-4.3,0.528,0.528,-3.2,0.658,0.528,-3.2,0.644,0.528,-3.3,0.635,0.528,-3.2,0.648,0.528,0
20140504_0915,-24.67,179.12,529.6,NA.SEUT.,17.471,-62.976,122.071,1536.596,1550.31,1554.386,257.0,0.351,0.033,0.022,0.025,0.024,0.023,11.1,-0.6,0.281,-0.999,-8.8,0.5,0.5,-8.6,0.51,0.5,-9.1,0.487,0.5,-8.7,0.497,0.5,-8.6,0.508,0.5,0
20140504_0915,-24.67,179.12,529.6,CZ.TREC.,49.295,15.487,152.256,1716.493,1757.562,1770.953,258.0,0.912,0.176,0.146,0.151,0.15,0.151,-1.9,-1.7,0.515,0.482,-10.9,0.367,0.367,-10.9,0.339,0.367,-10.9,0.356,0.367,-11.0,0.36,0.367,-11.0,0.355,0.367,0
20140504_0915,-24.67,179.12,529.6,NR.NE018.,52.968,7.097,151.068,1709.972,1749.698,1762.593,259.0,1.588,0.041,0.021,0.022,0.023,0.023,7.8,1.9,0.573,-0.415,4.8,0.47,0.47,-6.9,0.328,0.47,-6.9,0.326,0.47,-7.0,0.326,0.47,-7.0,0.327,0.47,0
20140504_0915,-24.67,179.12,529.6,OE.DAVA.,47.287,9.88,155.82,1735.769,1780.984,1795.931,260.0,1.292,0.22,0.108,0.105,0.112,0.107,3.0,3.5,0.795,0.801,1.2,0.776,0.776,3.0,0.388,0.776,3.0,0.392,0.776,2.8,0.414,0.776,3.0,0.391,0.776,0
20140504_0915,-24.67,179.12,529.6,PL.BEL.,51.837,20.792,148.21,1694.096,1730.678,1742.424,261.0,1.181,-0.038,-0.105,-0.104,-0.103,-0.105,-0.1,4.6,0.862,0.719,-13.7,0.26,0.26,5.8,0.114,0.26,5.8,0.102,0.26,5.9,0.091,0.26,5.8,0.098,0.26,0
20140504_0915,-24.67,179.12,529.6,IM.EKB.,55.334,-3.192,149.289,1700.119,1737.874,1750.045,262.0,1.108,0.123,0.231,0.217,0.205,0.216,1.0,4.5,0.628,-0.779,4.3,0.672,0.672,-0.7,0.855,0.672,-1.1,0.758,0.672,-1.3,0.709,0.672,-1.1,0.772,0.672,0
20140504_0915,-24.67,179.12,529.6,OE.ARSA.,47.25,15.523,153.927,1725.58,1768.572,1782.682,263.0,2.054,-0.005,-0.108,-0.098,-0.097,-0.103,1.3,2.4,0.607,0.352,-6.5,0.451,0.451,10.1,0.452,0.451,10.0,0.495,0.451,9.8,0.515,0.451,9.9,0.49,0.451,0
20140504_0915,-24.67,179.12,529.6,NL.VKB.,50.867,5.785,153.304,1722.205,1764.476,1778.315,264.0,0.77,0.033,0.037,0.038,0.036,0.037,-9.0,-0.6,0.429,-0.164,-3.8,0.518,0.518,-3.2,0.699,0.518,-3.2,0.697,0.518,-3.3,0.704,0.518,-3.3,0.699,0.518,0
20140504_0915,-24.67,179.12,529.6,IV.GALF.,37.711,14.566,161.485,1765.598,1817.773,1835.353,265.0,1.585,0.202,0.138,0.136,0.134,0.138,1.9,1.3,0.385,0.186,13.7,0.483,0.483,4.1,0.512,0.483,4.2,0.484,0.483,-0.4,0.476,0.483,4.1,0.485,0.483,0
20140504_0915,-24.67,179.12,529.6,TA.J62A.,43.226,-71.813,120.144,1524.105,1536.593,1540.296,266.0,2.702,0.342,0.352,0.29,0.311,0.332,-0.1,-4.7,0.764,-0.24,-0.8,0.505,0.505,-0.3,0.524,0.505,4.8,0.52,0.505,-0.2,0.475,0.505,-0.2,0.498,0.505,0
20140504_0915,-24.67,179.12,529.6,YB.AT49.,38.514,32.253,148.797,1697.378,1734.596,1746.573,267.0,2.065,0.136,0.115,0.118,0.119,0.118,-3.9,-4.0,0.402,0.504,-4.4,0.643,0.643,-12.1,0.529,0.643,-12.1,0.495,0.643,-12.1,0.509,0.643,-12.1,0.521,0.643,0
20140504_0915,-24.67,179.12,529.6,IV.MSSA.,44.316,9.517,158.609,1750.583,1799.167,1815.382,268.0,1.087,0.242,0.181,0.172,0.166,0.175,4.2,-4.7,0.488,-0.512,1.0,0.826,0.826,1.2,0.709,0.826,1.1,0.709,0.826,1.0,0.719,0.826,1.1,0.712,0.826,0
20140504_0915,-24.67,179.12,529.6,TA.L63A.,41.863,-71.609,120.126,1523.987,1536.464,1540.163,269.0,5.073,0.438,0.476,0.463,0.466,0.473,0.7,0.6,0.727,0.757,0.7,0.565,0.565,0.3,0.812,0.565,0.1,0.797,0.565,0.4,0.807,0.565,0.3,0.811,0.565,0
20140504_0915,-24.67,179.12,529.6,YB.AT48.,36.619,36.414,146.017,1681.734,1715.979,1726.888,270.0,2.03,0.175,0.173,0.169,0.172,0.175,0.6,-2.0,0.552,-0.749,-2.1,0.498,0.498,-1.2,0.683,0.498,-1.5,0.704,0.498,-1.4,0.699,0.498,-1.3,0.695,0.498,0
20140504_0915,-24.67,179.12,529.6,YB.AT24.,38.165,35.902,146.114,1682.284,1716.63,1727.576,271.0,0.934,0.249,0.204,0.201,0.2,0.201,-6.0,0.7,0.469,-0.656,-2.6,0.645,0.645,-0.1,0.54,0.645,0.2,0.479,0.645,0.0,0.48,0.645,-0.1,0.494,0.645,0
20140504_0915,-24.67,179.12,529.6,XK.B1665.,-22.825,27.229,125.231,1556.815,1572.683,1577.423,272.0,14.976,0.729,0.772,0.771,0.757,0.765,0.3,0.4,0.913,0.912,-0.2,0.92,0.92,0.0,0.934,0.92,-0.1,0.932,0.92,-0.3,0.924,0.92,-0.1,0.929,0.92,1
20140504_0915,-24.67,179.12,529.6,XJ.PR63.,-2.993,35.507,135.134,1618.09,1641.816,1649.103,273.0,4.559,0.517,0.516,0.538,0.533,0.519,2.1,2.2,0.77,0.649,1.0,0.786,0.786,1.1,0.785,0.786,0.8,0.795,0.786,0.9,0.791,0.786,1.0,0.787,0.786,0
20140504_0915,-24.67,179.12,529.6,FR.URDF.00,43.438,-0.593,161.23,1764.277,1816.129,1833.586,274.0,0.689,0.137,0.067,0.069,0.071,0.069,-8.9,-4.8,0.426,-0.526,2.1,0.345,0.345,-1.9,0.454,0.345,-1.8,0.451,0.345,-1.8,0.449,0.345,-1.8,0.449,0.345,0
20140504_0915,-24.67,179.12,529.6,XK.Z05CS.,-13.167,30.878,131.093,1593.463,1613.793,1619.946,275.0,0.362,-0.007,-0.02,-0.018,-0.015,-0.017,8.2,-4.6,0.707,-0.952,-10.3,0.154,0.154,-10.3,0.185,0.154,-10.4,0.172,0.154,-10.6,0.154,0.154,-10.4,0.173,0.154,0
20140504_0915,-24.67,179.12,529.6,KO.LADK.,38.2,32.365,148.801,1697.397,1734.619,1746.597,276.0,0.668,0.172,0.062,0.06,0.062,0.062,-1.5,-4.6,0.569,-0.45,2.3,0.646,0.646,3.3,0.482,0.646,3.3,0.574,0.646,3.3,0.555,0.646,3.3,0.526,0.646,0
20140504_0915,-24.67,179.12,529.6,YB.AT54.,37.476,34.882,147.051,1687.577,1722.916,1734.215,277.0,1.406,0.036,0.015,0.018,0.015,0.013,0.0,0.1,0.741,0.641,-6.1,0.498,0.498,9.4,0.436,0.498,-1.2,0.456,0.498,-6.3,0.369,0.498,9.4,0.41,0.498,0
20140504_0915,-24.67,179.12,529.6,XK.B01KR.,-22.238,26.718,125.978,1561.544,1577.948,1582.855,278.0,13.807,0.706,0.725,0.726,0.729,0.723,0.8,1.0,0.948,0.956,0.5,0.939,0.939,0.5,0.953,0.939,0.5,0.952,0.939,0.3,0.949,0.939,0.5,0.95,0.939,1
20140504_0915,-24.67,179.12,529.6,SX.WIMM.,51.521,11.505,151.525,1712.485,1752.725,1765.809,279.0,1.62,0.2,-0.063,-0.06,-0.057,-0.061,-5.6,1.3,0.522,-0.341,3.1,0.554,0.554,-4.3,0.38,0.554,-4.4,0.383,0.554,-4.4,0.375,0.554,-4.4,0.379,0.554,0
20140504_0915,-24.67,179.12,529.6,LX.MORF.,37.304,-8.653,165.73,1787.275,1844.936,1864.643,280.0,1.774,0.081,-0.028,-0.048,-0.059,-0.043,1.0,0.8,0.796,0.718,1.4,0.723,0.723,1.5,0.754,0.723,1.6,0.726,0.723,1.6,0.698,0.723,1.5,0.726,0.723,0
20140504_0915,-24.67,179.12,529.6,YQ.MATA.,-8.959,33.969,132.195,1600.235,1621.463,1627.912,281.0,2.356,0.506,0.516,0.517,0.513,0.513,0.9,1.2,0.96,0.948,0.2,0.752,0.752,0.4,0.738,0.752,0.1,0.749,0.752,0.0,0.755,0.752,0.2,0.746,0.752,0
20140504_0915,-24.67,179.12,529.6,KO.LOD.,39.888,32.763,148.01,1692.973,1729.339,1741.008,282.0,0.954,0.059,0.047,0.047,0.047,0.046,-7.5,0.5,0.466,-0.162,-2.9,0.564,0.564,-2.2,0.587,0.564,-2.2,0.618,0.564,-2.2,0.605,0.564,-2.2,0.599,0.564,0
20140504_0915,-24.67,179.12,529.6,GE.SUMG.,72.574,-38.462,127.872,1573.459,1591.271,1596.617,283.0,1.027,0.128,0.012,0.076,0.09,0.056,2.3,2.4,0.827,0.721,1.9,0.857,0.857,1.4,0.835,0.857,1.3,0.834,0.857,1.4,0.831,0.857,1.5,0.835,0.857,0
20140504_0915,-24.67,179.12,529.6,HE.JOF.,62.919,31.309,136.199,1624.483,1649.152,1656.759,284.0,1.711,0.166,0.149,0.147,0.141,0.145,-3.9,-4.4,0.566,0.615,9.5,0.42,0.42,9.5,0.417,0.42,9.8,0.387,0.42,10.0,0.372,0.42,9.8,0.394,0.42,0
20140504_0915,-24.67,179.12,529.6,IV.ORI.,40.051,16.45,158.845,1751.825,1800.699,1817.025,285.0,1.227,0.158,0.315,0.314,0.314,0.313,0.9,4.4,0.71,-0.936,-1.6,0.565,0.565,-1.3,0.616,0.565,-1.4,0.599,0.565,-1.4,0.6,0.565,-1.3,0.606,0.565,0
20140504_0915,-24.67,179.12,529.6,FR.ESCA.01,43.831,7.374,159.687,1756.243,1806.158,1822.879,286.0,0.36,0.029,0.066,0.065,0.063,0.065,4.2,-4.3,0.325,-0.654,-8.6,0.615,0.615,-7.3,0.391,0.615,-7.7,0.391,0.615,-7.6,0.396,0.615,-7.5,0.394,0.615,0
20140504_0915,-24.67,179.12,529.6,CZ.NKC.,50.233,12.448,152.431,1717.448,1758.716,1772.181,287.0,1.992,0.289,0.144,0.14,0.15,0.139,-2.0,-1.8,0.595,0.455,5.4,0.487,0.487,-1.9,0.653,0.487,-2.0,0.648,0.487,-2.1,0.629,0.487,-2.1,0.647,0.487,0
20140504_0915,-24.67,179.12,529.6,TA.I62A.,43.874,-71.336,120.559,1526.805,1539.552,1543.333,288.0,3.931,0.333,0.455,0.439,0.444,0.449,0.6,0.7,0.851,0.922,0.9,0.773,0.773,0.1,0.864,0.773,-0.1,0.866,0.773,0.0,0.857,0.773,0.1,0.859,0.773,0
20140504_0915,-24.67,179.12,529.6,GR.ASSE.,52.13,10.673,151.167,1710.518,1750.355,1763.29,289.0,1.701,0.25,-0.126,-0.118,-0.11,-0.12,-5.1,-1.3,0.541,-0.574,3.9,0.455,0.455,3.4,0.417,0.455,3.3,0.393,0.455,-8.6,0.393,0.455,3.3,0.401,0.455,0
20140504_0915,-24.67,179.12,529.6,YQ.UKWA.,-9.454,34.216,131.671,1597.022,1617.821,1624.128,290.0,3.765,0.202,0.185,0.186,0.189,0.188,0.7,1.0,0.653,0.811,-13.2,0.222,0.222,-13.2,0.241,0.222,-13.4,0.23,0.222,-13.5,0.216,0.222,-13.3,0.235,0.222,0
20140504_0915,-24.67,179.12,529.6,GU.ENR.,44.227,7.42,159.307,1754.256,1803.701,1820.243,291.0,1.569,0.177,0.164,0.16,0.157,0.16,6.9,3.9,0.731,-0.14,-1.2,0.382,0.382,8.8,0.452,0.382,8.8,0.451,0.382,8.7,0.444,0.382,8.8,0.448,0.382,0
20140504_0915,-24.67,179.12,529.6,TA.L64A.,41.936,-70.839,120.704,1527.745,1540.583,1544.392,292.0,3.327,0.493,0.521,0.481,0.501,0.513,0.2,0.3,0.907,0.947,0.5,0.81,0.81,-0.1,0.844,0.81,-0.5,0.808,0.81,-0.2,0.831,0.81,-0.1,0.841,0.81,0
20140504_0915,-24.67,179.12,529.6,XK.Q02GG.,-13.292,35.03,128.34,1576.384,1594.553,1600.012,293.0,0.358,0.034,0.032,0.032,0.032,0.033,8.3,-4.2,0.72,-0.997,-9.2,0.262,0.262,-9.4,0.252,0.262,-9.7,0.248,0.262,-9.7,0.248,0.262,-9.6,0.25,0.262,0
20140504_0915,-24.67,179.12,529.6,ZR.N1303.,66.042,14.995,137.422,1631.784,1657.565,1665.548,294.0,0.592,-0.009,-0.101,-0.1,-0.102,-0.102,11.6,-0.1,0.283,-0.83,5.8,0.633,0.633,8.4,0.463,0.633,8.4,0.468,0.633,8.4,0.472,0.633,8.4,0.468,0.633,0
20140504_0915,-24.67,179.12,529.6,NL.GUR1.,51.169,5.785,153.011,1720.61,1762.542,1776.255,295.0,1.523,0.085,0.022,0.025,0.026,0.024,2.5,-1.1,0.405,-0.688,-0.1,0.571,0.571,2.1,0.547,0.571,2.1,0.53,0.571,2.0,0.532,0.571,2.0,0.535,0.571,0
20140504_0915,-24.67,179.12,529.6,IV.OFFI.,42.935,13.686,158.161,1748.224,1796.26,1812.269,296.0,1.964,0.073,0.057,0.066,0.078,0.066,8.3,-5.5,0.46,-0.65,-2.4,0.521,0.521,4.6,0.431,0.521,4.5,0.458,0.521,4.3,0.46,0.521,4.5,0.449,0.521,0
20140504_0915,-24.67,179.12,529.6,IV.HAVL.,36.96,15.122,161.613,1766.258,1818.596,1836.238,297.0,2.67,0.252,0.14,0.136,0.134,0.138,0.8,0.6,0.695,0.607,9.3,0.566,0.566,3.2,0.596,0.566,3.3,0.583,0.566,3.2,0.578,0.566,3.2,0.582,0.566,0
20140504_0915,-24.67,179.12,529.6,FR.CALF.00,43.753,6.922,159.879,1757.25,1807.405,1824.217,298.0,1.305,0.116,0.074,0.073,0.068,0.07,2.0,2.1,0.39,0.407,-5.7,0.593,0.593,-3.8,0.511,0.593,-3.8,0.508,0.593,-3.9,0.508,0.593,-3.8,0.509,0.593,0
20140504_0915,-24.67,179.12,529.6,IV.NOV.,38.029,15.136,160.937,1762.757,1814.238,1831.554,299.0,1.596,0.149,0.124,0.122,0.122,0.126,-10.1,-1.1,0.579,0.376,-4.4,0.91,0.91,-4.5,0.824,0.91,-4.7,0.827,0.91,-4.7,0.85,0.91,-4.6,0.84,0.91,0
20140504_0915,-24.67,179.12,529.6,GE.DSB.,53.245,-6.376,151.127,1710.295,1750.087,1763.005,300.0,1.508,0.088,0.043,0.041,0.035,0.035,4.9,4.6,0.719,0.684,4.2,0.554,0.554,6.6,0.59,0.554,6.1,0.584,0.554,0.5,0.594,0.554,6.3,0.594,0.554,0
20140504_0915,-24.67,179.12,529.6,KO.SENK.,40.561,42.35,140.752,1651.429,1680.347,1689.399,301.0,0.822,0.029,0.147,0.147,0.147,0.147,0.1,0.2,0.966,0.787,-0.7,0.815,0.815,-1.8,0.861,0.815,-1.2,0.868,0.815,-1.3,0.866,0.815,-1.5,0.859,0.815,0
20140504_0915,-24.67,179.12,529.6,GB.DRUM.,56.913,-2.487,147.736,1691.436,1727.508,1739.071,302.0,1.267,0.305,0.282,0.274,0.269,0.273,8.4,4.6,0.607,-0.749,1.9,0.568,0.568,11.4,0.621,0.568,11.1,0.586,0.568,10.9,0.574,0.568,11.0,0.61,0.568,0
20140504_0915,-24.67,179.12,529.6,PR.CUPR.,18.307,-65.283,120.255,1524.828,1537.385,1541.108,303.0,0.967,0.231,0.223,0.222,0.212,0.219,9.2,1.8,0.251,0.022,1.8,0.519,0.519,1.5,0.703,0.519,0.9,0.756,0.519,1.4,0.725,0.519,1.5,0.707,0.519,0
20140504_0915,-24.67,179.12,529.6,XK.B17CI.,-19.294,22.909,130.309,1588.622,1608.325,1614.274,304.0,0.348,0.012,0.004,0.004,0.006,0.005,8.4,-4.2,0.767,-0.978,-9.5,0.286,0.286,-9.3,0.303,0.286,-9.4,0.3,0.286,-9.7,0.289,0.286,-9.5,0.297,0.286,0
20140504_0915,-24.67,179.12,529.6,KO.CANT.,40.606,33.619,147.165,1688.222,1723.683,1735.026,305.0,1.036,0.039,0.078,0.081,0.08,0.08,-7.9,-3.6,0.475,-0.761,-12.7,0.443,0.443,3.2,0.712,0.443,3.4,0.677,0.443,3.3,0.682,0.443,3.2,0.694,0.443,0
20140504_0915,-24.67,179.12,529.6,IV.HCRL.,37.283,15.033,161.471,1765.522,1817.679,1835.252,306.0,2.516,0.29,0.12,0.128,0.132,0.126,1.8,2.1,0.893,0.927,1.9,0.743,0.743,-4.0,0.526,0.743,-4.0,0.517,0.743,-4.0,0.528,0.743,-4.1,0.528,0.743,0
20140504_0915,-24.67,179.12,529.6,YQ.MAKE.,-9.265,34.097,131.889,1598.356,1619.333,1625.698,307.0,2.883,0.521,0.524,0.525,0.521,0.522,0.9,1.0,0.806,0.813,0.1,0.869,0.869,0.2,0.845,0.869,0.0,0.852,0.869,-0.1,0.862,0.869,0.0,0.851,0.869,0
20140504_0915,-24.67,179.12,529.6,KO.ESPY.,40.917,38.727,143.362,1666.57,1698.069,1708.016,308.0,0.0,,,,,,-16.0,-8.0,0.0,0.0,-16.0,0.0,0.0,-16.0,0.0,0.0,-16.0,0.0,0.0,-16.0,0.0,0.0,-16.0,0.0,0.0,0
20140504_0915,-24.67,179.12,529.6,XK.W13CC.,-14.548,35.181,127.316,1569.976,1587.367,1592.582,309.0,0.475,0.026,0.023,0.024,0.025,0.024,2.8,-4.5,0.498,-0.744,-9.2,0.561,0.561,-9.3,0.546,0.561,-9.5,0.542,0.561,-9.4,0.538,0.561,-9.4,0.543,0.561,0
20140504_0915,-24.67,179.12,529.6,YB.AT52.,37.915,33.863,147.735,1691.427,1727.497,1739.059,310.0,1.532,0.2,0.203,0.21,0.212,0.211,-7.2,-3.7,0.49,-0.45,6.4,0.371,0.371,-7.6,0.508,0.371,-7.4,0.555,0.371,-7.4,0.551,0.371,-7.4,0.537,0.371,0
20140504_0915,-24.67,179.12,529.6,IV.SIRI.,40.182,15.868,159.087,1753.101,1802.274,1818.713,311.0,1.079,-0.179,-0.049,-0.056,0.147,-0.051,-1.4,-4.4,0.516,-0.886,2.8,0.441,0.441,1.0,0.667,0.441,1.2,0.669,0.441,-8.2,0.67,0.441,1.2,0.663,0.441,0
20140504_0915,-24.67,179.12,529.6,CH.BERNI.,46.414,10.023,156.569,1739.775,1785.885,1801.168,312.0,0.429,0.103,-0.037,-0.038,-0.036,-0.037,2.7,1.9,0.746,0.473,10.2,0.641,0.641,7.7,0.324,0.641,7.8,0.298,0.641,7.8,0.276,0.641,7.7,0.293,0.641,0
20140504_0915,-24.67,179.12,529.6,NL.WTSB.01,51.966,6.799,152.083,1715.544,1756.416,1769.733,313.0,0.332,-0.021,-0.019,-0.019,-0.019,-0.019,-0.1,-0.8,0.963,0.986,-11.0,0.454,0.454,-12.2,0.435,0.454,-12.1,0.433,0.454,-12.2,0.429,0.454,-12.1,0.431,0.454,0
20140504_0915,-24.67,179.12,529.6,CH.BALST.,47.336,7.695,156.331,1738.506,1784.332,1799.508,314.0,1.699,0.054,0.177,0.188,0.202,0.191,0.9,-2.3,0.498,-0.036,0.7,0.729,0.729,-2.6,0.836,0.729,-2.6,0.83,0.729,-2.6,0.844,0.729,-2.6,0.842,0.729,0
20140504_0915,-24.67,179.12,529.6,GU.MAIM.,43.914,10.491,158.634,1750.717,1799.332,1815.559,315.0,1.29,0.096,0.184,0.185,0.183,0.191,7.4,3.9,0.59,-0.767,-3.3,0.499,0.499,-3.6,0.582,0.499,-3.7,0.589,0.499,-0.9,0.81,0.499,-0.9,0.81,0.499,0
20140504_0915,-24.67,179.12,529.6,GE.EIL.,29.67,34.951,147.861,1692.137,1728.343,1739.954,316.0,1.479,0.036,0.153,0.142,0.162,0.156,7.4,1.3,0.355,0.352,1.1,0.531,0.531,0.4,0.642,0.531,-0.7,0.588,0.531,-0.3,0.619,0.531,0.0,0.635,0.531,0
20140504_0915,-24.67,179.12,529.6,XK.B02LT.,-21.393,25.581,127.245,1569.531,1586.869,1592.068,317.0,15.11,0.707,0.709,0.71,0.713,0.707,1.1,1.2,0.952,0.958,0.6,0.95,0.95,0.5,0.935,0.95,0.5,0.935,0.95,0.3,0.941,0.95,0.4,0.935,0.95,1
20140504_0915,-24.67,179.12,529.6,SI.ROSI.,46.928,11.412,155.68,1735.022,1780.072,1794.957,318.0,0.869,0.156,0.154,0.151,0.147,0.147,7.0,3.8,0.488,-0.454,-6.0,0.557,0.557,9.0,0.463,0.557,8.8,0.445,0.557,8.6,0.441,0.557,8.7,0.455,0.557,0
20140504_0915,-24.67,179.12,529.6,OE.CONA.,47.928,15.862,153.243,1721.872,1764.072,1777.884,319.0,1.255,0.143,0.133,0.133,0.133,0.133,9.5,-1.8,0.471,-0.926,-5.5,0.352,0.352,-6.9,0.351,0.352,-7.0,0.351,0.352,-7.2,0.352,0.352,-7.2,0.347,0.352,0
20140504_0915,-24.67,179.12,529.6,FR.MLS.00,42.958,1.095,161.64,1766.398,1818.77,1836.425,320.0,1.605,-0.014,0.101,0.099,0.101,0.102,-0.9,2.9,0.535,-0.547,-5.5,0.649,0.649,6.5,0.598,0.649,6.7,0.618,0.649,6.9,0.641,0.649,6.7,0.619,0.649,0
20140504_0915,-24.67,179.12,529.6,FR.BLAF.00,43.951,6.045,159.907,1757.395,1807.585,1824.41,321.0,0.964,0.274,-0.075,-0.07,-0.065,-0.071,8.8,4.7,0.58,-0.32,0.7,0.374,0.374,5.5,0.787,0.374,5.5,0.79,0.374,5.4,0.791,0.374,5.5,0.789,0.374,0
20140504_0915,-24.67,179.12,529.6,YB.AT59.,37.283,33.82,147.916,1692.447,1728.712,1740.344,322.0,0.741,-0.05,-0.074,-0.08,-0.075,-0.074,8.5,0.1,0.412,-0.137,-2.9,0.585,0.585,-3.5,0.583,0.585,-3.3,0.712,0.585,-3.3,0.697,0.585,-3.3,0.663,0.585,0
20140504_0915,-24.67,179.12,529.6,LX.MESJ.,37.84,-8.22,165.425,1785.736,1842.997,1862.545,323.0,3.605,0.198,0.207,0.202,0.208,0.203,0.6,1.0,0.879,0.906,1.3,0.958,0.958,1.5,0.843,0.958,1.4,0.796,0.958,1.2,0.754,0.958,1.3,0.797,0.958,0
20140504_0915,-24.67,179.12,529.6,FR.EILF.00,43.548,7.131,160.015,1757.958,1808.282,1825.158,324.0,0.383,0.044,-0.054,-0.055,-0.055,-0.055,0.3,0.9,0.456,0.37,3.2,0.382,0.382,4.0,0.451,0.382,3.9,0.463,0.382,3.9,0.47,0.382,3.9,0.461,0.382,0
20140504_0915,-24.67,179.12,529.6,DK.BSD.,55.114,14.915,147.405,1689.574,1725.29,1736.725,325.0,1.435,0.186,0.059,0.062,0.068,0.066,4.6,-4.0,0.473,-0.401,6.7,0.501,0.501,8.7,0.593,0.501,8.6,0.598,0.501,8.5,0.605,0.501,8.6,0.601,0.501,0
20140504_0915,-24.67,179.12,529.6,IV.MPNC.,38.146,15.353,160.73,1761.683,1812.904,1830.12,326.0,1.028,0.131,-0.085,-0.08,-0.078,-0.08,-1.5,-1.5,0.674,0.579,-4.9,0.614,0.614,-5.9,0.533,0.614,-5.9,0.553,0.614,-5.9,0.547,0.614,-5.9,0.542,0.614,0
20140504_0915,-24.67,179.12,529.6,IV.ATTE.,43.198,12.354,158.525,1750.143,1798.624,1814.801,327.0,1.206,0.036,0.041,0.042,0.042,0.038,-0.9,-1.7,0.719,0.502,-12.1,0.464,0.464,-12.2,0.531,0.464,-12.2,0.513,0.464,-12.3,0.491,0.464,-12.2,0.512,0.464,0
20140504_0915,-24.67,179.12,529.6,TA.E60A.,46.369,-71.447,120.712,1527.799,1540.642,1544.453,328.0,2.253,0.386,0.379,0.354,0.365,0.37,0.4,0.5,0.559,0.602,0.8,0.852,0.852,-0.1,0.871,0.852,-0.3,0.88,0.852,-0.1,0.898,0.852,-0.1,0.887,0.852,0
20140504_0915,-24.67,179.12,529.6,KO.CORM.,40.179,34.63,146.56,1684.804,1719.621,1730.735,329.0,1.667,0.193,0.17,0.165,0.165,0.166,-2.6,-2.4,0.845,0.888,-9.3,0.523,0.523,-7.5,0.534,0.523,2.8,0.527,0.523,2.9,0.486,0.523,-7.9,0.427,0.523,0
20140504_0915,-24.67,179.12,529.6,TA.G64A.,45.253,-68.756,122.505,1539.389,1553.388,1557.551,330.0,2.185,0.261,0.09,0.1,0.097,0.091,4.3,4.2,0.574,0.765,3.6,0.659,0.659,3.5,0.642,0.659,3.0,0.672,0.659,3.5,0.646,0.659,3.5,0.641,0.659,0
20140504_0915,-24.67,179.12,529.6,IV.MTTG.,38.003,15.7,160.609,1761.052,1812.12,1829.279,331.0,0.994,0.092,0.08,0.087,0.088,0.082,-2.0,-4.7,0.512,-0.542,2.8,0.519,0.519,3.4,0.517,0.519,3.1,0.516,0.519,3.0,0.527,0.519,3.2,0.52,0.519,0
20140504_0915,-24.67,179.12,529.6,TA.I63A.,44.05,-70.581,121.117,1530.428,1543.527,1547.416,332.0,1.319,0.174,0.237,0.218,0.233,0.238,0.1,-3.9,0.595,-0.21,-0.8,0.433,0.433,-1.1,0.506,0.433,-1.7,0.495,0.433,-1.2,0.482,0.433,-1.1,0.498,0.433,0
20140504_0915,-24.67,179.12,529.6,FR.SAOF.00,43.987,7.555,159.493,1755.229,1804.904,1821.533,333.0,1.143,0.185,0.103,0.113,0.113,0.112,-8.1,-3.7,0.534,-0.426,-8.0,0.682,0.682,-6.5,0.564,0.682,-6.7,0.563,0.682,-6.8,0.571,0.682,-6.7,0.568,0.682,0
20140504_0915,-24.67,179.12,529.6,TH.BBWF.,50.735,10.504,152.496,1717.802,1759.144,1772.637,334.0,3.4,0.147,0.162,0.159,0.166,0.158,-2.3,2.0,0.411,-0.695,-1.8,0.692,0.692,-1.9,0.834,0.692,-2.0,0.829,0.692,-2.0,0.823,0.692,-2.0,0.829,0.692,0
20140504_0915,-24.67,179.12,529.6,Y6.EDEY.,45.441,-62.319,127.03,1568.181,1585.358,1590.506,335.0,1.278,0.242,0.267,0.254,0.256,0.261,0.6,0.8,0.717,0.694,0.7,0.628,0.628,-0.2,0.549,0.628,-0.5,0.584,0.628,-0.2,0.573,0.628,-0.2,0.561,0.628,0
20140504_0915,-24.67,179.12,529.6,FR.TRBF.00,44.105,3.959,160.168,1758.756,1809.272,1826.22,336.0,1.03,0.029,-0.1,-0.097,-0.091,-0.094,-3.6,-3.6,0.634,0.658,-8.1,0.788,0.788,-6.1,0.758,0.788,-6.0,0.77,0.788,-6.0,0.808,0.788,-6.0,0.794,0.788,0
20140504_0915,-24.67,179.12,529.6,G.CLF.00,48.026,2.26,156.513,1739.474,1785.516,1800.774,337.0,1.12,0.251,-0.007,-0.008,-0.009,-0.011,4.3,4.3,0.755,0.808,4.4,0.795,0.795,-1.5,0.667,0.795,-1.6,0.615,0.795,9.5,0.6,0.795,9.5,0.586,0.795,0
20140504_0915,-24.67,179.12,529.6,GB.EDI.,55.923,-3.188,148.701,1696.841,1733.955,1745.893,338.0,0.97,0.223,0.155,0.16,0.168,0.163,-1.2,-1.4,0.416,0.329,-1.4,0.61,0.61,2.7,0.468,0.61,-0.1,0.52,0.61,-0.1,0.512,0.61,-0.1,0.507,0.61,0
20140504_0915,-24.67,179.12,529.6,YB.AT51.,38.008,33.38,148.081,1693.369,1729.811,1741.507,339.0,0.573,0.066,0.01,0.016,0.016,0.014,-12.0,-1.3,0.421,-0.7,-14.3,0.286,0.286,6.9,0.353,0.286,-3.9,0.356,0.286,-3.9,0.324,0.286,-3.9,0.306,0.286,0
20140504_0915,-24.67,179.12,529.6,CZ.DPC.,50.35,16.322,151.079,1710.032,1749.771,1762.67,340.0,3.77,0.205,0.224,0.226,0.231,0.228,-3.4,-2.9,0.626,0.706,0.0,0.572,0.572,-7.7,0.644,0.572,-7.8,0.623,0.572,-7.9,0.62,0.572,-7.8,0.628,0.572,0
20140504_0915,-24.67,179.12,529.6,IV.ALJA.,37.749,13.754,161.943,1767.962,1820.72,1838.523,341.0,2.487,-0.106,-0.008,-0.027,-0.037,-0.021,-3.3,-1.9,0.445,0.258,6.3,0.428,0.428,6.0,0.441,0.428,6.1,0.436,0.428,6.2,0.434,0.428,6.1,0.439,0.428,0
20140504_0915,-24.67,179.12,529.6,GE.APE.,37.073,25.523,154.294,1727.563,1770.984,1785.254,342.0,1.559,0.261,0.23,0.238,0.238,0.236,-3.8,-0.5,0.642,-0.732,-2.2,0.597,0.597,1.6,0.471,0.597,1.2,0.542,0.597,1.3,0.512,0.597,1.4,0.499,0.597,0
20140504_0915,-24.67,179.12,529.6,FR.CORF.00,42.298,9.153,160.521,1760.595,1811.553,1828.67,343.0,0.563,0.018,0.022,0.022,0.022,0.022,-9.9,-1.0,0.257,-0.591,6.9,0.271,0.271,7.0,0.288,0.271,6.9,0.293,0.271,6.8,0.305,0.271,6.9,0.295,0.271,0
20140504_0915,-24.67,179.12,529.6,IV.PSB1.,41.223,14.811,158.921,1752.226,1801.194,1817.555,344.0,1.601,0.051,0.106,0.102,0.102,0.103,8.4,-2.5,0.554,-0.427,0.8,0.492,0.492,6.5,0.604,0.492,6.5,0.6,0.492,6.4,0.59,0.492,6.5,0.596,0.492,0
20140504_0915,-24.67,179.12,529.6,IV.PIPA.,39.485,16.816,158.998,1752.634,1801.697,1818.095,345.0,1.01,0.03,-0.023,-0.024,-0.024,-0.023,4.5,-4.4,0.727,-0.619,2.5,0.49,0.49,-2.1,0.371,0.49,-2.2,0.368,0.49,-2.3,0.358,0.49,-2.2,0.367,0.49,0
20140504_0915,-24.67,179.12,529.6,IV.FVI.,46.597,12.78,155.505,1734.085,1778.928,1793.735,346.0,0.62,-0.074,0.014,0.015,0.015,0.016,-6.5,-3.8,0.72,-0.009,-11.5,0.503,0.503,-13.3,0.402,0.503,-13.3,0.398,0.503,-13.2,0.387,0.503,-13.2,0.401,0.503,0
20140504_0915,-24.67,179.12,529.6,IV.CERT.,41.949,12.982,159.258,1753.998,1803.382,1819.901,347.0,1.795,0.136,0.096,0.096,0.095,0.096,-5.0,1.6,0.652,-0.131,-3.6,0.921,0.921,4.2,0.655,0.921,4.1,0.652,0.921,4.0,0.649,0.921,4.1,0.652,0.921,0
20140504_0915,-24.67,179.12,529.6,IV.SSY.,37.158,15.074,161.522,1765.789,1818.012,1835.61,348.0,0.863,0.079,-0.065,-0.059,-0.057,-0.061,1.7,1.7,0.695,0.678,10.4,0.593,0.593,4.5,0.357,0.593,-4.1,0.359,0.593,-4.2,0.349,0.593,11.1,0.346,0.593,0
20140504_0915,-24.67,179.12,529.6,TH.HKWD.,50.83,12.268,151.948,1714.806,1755.524,1768.785,349.0,2.181,0.29,0.277,0.269,0.259,0.27,-0.8,-0.5,0.671,0.799,-0.6,0.259,0.259,-0.6,0.698,0.259,-0.7,0.665,0.259,-0.7,0.652,0.259,-0.7,0.659,0.259,0
20140504_0915,-24.67,179.12,529.6,Y6.SUSY.,45.717,-65.432,124.851,1554.399,1569.998,1574.655,350.0,1.046,0.249,0.171,0.184,0.163,0.16,1.2,1.5,0.739,0.693,1.0,0.834,0.834,1.1,0.789,0.834,0.3,0.741,0.834,0.8,0.755,0.834,1.0,0.768,0.834,0
20140504_0915,-24.67,179.12,529.6,IV.ZCCA.,44.351,10.976,158.082,1747.806,1795.746,1811.718,351.0,1.109,0.135,0.105,0.107,0.109,0.108,0.9,1.5,0.62,0.498,-3.3,0.728,0.728,0.9,0.435,0.728,0.9,0.39,0.728,1.0,0.382,0.728,0.9,0.396,0.728,0
20140504_0915,-24.67,179.12,529.6,CZ.KRLC.,50.097,16.834,151.104,1710.169,1749.935,1762.844,352.0,2.587,0.238,0.104,0.108,0.113,0.109,10.6,4.6,0.542,-0.717,12.2,0.582,0.582,-4.2,0.587,0.582,-4.4,0.576,0.582,-4.4,0.578,0.582,-4.3,0.581,0.582,0
20140504_0915,-24.67,179.12,529.6,GR.BRG.,50.873,13.944,151.42,1711.907,1752.028,1765.068,353.0,1.85,0.251,0.301,0.289,0.289,0.288,-2.4,-2.2,0.797,0.878,0.6,0.704,0.704,0.0,0.649,0.704,0.1,0.663,0.704,0.2,0.68,0.704,0.2,0.658,0.704,0
20140504_0915,-24.67,179.12,529.6,MN.VLC.,44.159,10.386,158.457,1749.783,1798.18,1814.326,354.0,1.104,0.01,0.168,0.158,0.16,0.163,3.1,0.4,0.713,0.252,11.8,0.29,0.29,2.3,0.33,0.29,2.3,0.336,0.29,11.7,0.365,0.29,2.3,0.338,0.29,0
20140504_0915,-24.67,179.12,529.6,GE.IBBN.,52.306,7.759,151.595,1712.869,1753.187,1766.3,355.0,0.88,-0.031,0.084,0.079,0.073,0.078,3.4,1.1,0.654,0.705,-0.1,0.426,0.426,4.7,0.648,0.426,4.7,0.642,0.426,4.7,0.644,0.426,4.7,0.646,0.426,0
20140504_0915,-24.67,179.12,529.6,IV.JOPP.,38.607,15.886,160.115,1758.479,1808.928,1825.852,356.0,2.463,0.348,0.285,0.293,0.293,0.289,0.8,4.6,0.829,-0.833,1.7,0.805,0.805,4.4,0.744,0.805,4.3,0.736,0.805,4.2,0.735,0.805,4.3,0.739,0.805,0
20140504_0915,-24.67,179.12,529.6,XJ.LL23.,-2.297,35.69,135.44,1619.928,1643.923,1651.301,357.0,2.722,0.554,0.541,0.563,0.565,0.557,1.5,1.6,0.792,0.776,0.7,0.649,0.649,1.0,0.643,0.649,0.6,0.661,0.649,0.6,0.66,0.649,0.8,0.649,0.649,0
20140504_0915,-24.67,179.12,529.6,GB.HTL.,50.994,-4.485,153.53,1723.428,1765.96,1779.896,358.0,1.409,0.025,0.011,0.006,0.004,0.01,4.8,4.8,0.498,0.729,9.3,0.557,0.557,-7.1,0.475,0.557,-7.1,0.456,0.557,-7.2,0.445,0.557,-7.1,0.453,0.557,0
20140504_0915,-24.67,179.12,529.6,GR.BSEG.,53.936,10.316,149.562,1701.639,1739.693,1751.974,359.0,2.592,0.279,0.285,0.286,0.289,0.289,2.3,2.5,0.63,0.587,6.8,0.431,0.431,-6.0,0.399,0.431,-6.0,0.417,0.431,-6.2,0.428,0.431,-6.2,0.418,0.431,0
20140504_0915,-24.67,179.12,529.6,YB.AT50.,38.3,32.878,148.386,1695.077,1731.848,1743.663,360.0,1.991,0.067,0.252,0.041,0.037,0.035,-4.7,-5.1,0.336,0.38,-1.4,0.787,0.787,-11.5,0.427,0.787,-1.2,0.636,0.787,-1.2,0.608,0.787,-1.3,0.59,0.787,0
20140504_0915,-24.67,179.12,529.6,RO.BUR31.,47.644,25.2,149.131,1699.24,1736.822,1748.931,361.0,2.39,-0.008,-0.009,-0.01,-0.017,-0.005,1.4,1.0,0.818,0.732,1.0,0.782,0.782,-0.5,0.699,0.782,-0.6,0.718,0.782,-0.8,0.721,0.782,-0.6,0.72,0.782,0
20140504_0915,-24.67,179.12,529.6,GR.TNS.,50.224,8.449,153.443,1722.959,1765.39,1779.289,362.0,2.395,0.198,0.163,0.161,0.161,0.164,-0.8,-4.2,0.586,-0.663,-8.5,0.865,0.865,-6.4,0.623,0.865,-6.4,0.614,0.865,-6.5,0.623,0.865,-6.5,0.62,0.865,0
20140504_0915,-24.67,179.12,529.6,TA.E63A.,46.422,-68.462,122.77,1541.093,1555.268,1559.485,363.0,4.98,0.49,0.452,0.402,0.425,0.438,-0.1,0.2,0.891,0.886,-0.2,0.769,0.769,-0.7,0.841,0.769,-1.0,0.846,0.769,-0.8,0.84,0.769,-0.8,0.84,0.769,0
20140504_0915,-24.67,179.12,529.6,GB.SWN1.,51.513,-1.8,153.148,1721.352,1763.442,1777.214,364.0,1.499,0.122,-0.071,-0.072,-0.073,-0.069,2.0,2.0,0.771,0.802,0.0,0.887,0.887,2.8,0.812,0.887,2.8,0.816,0.887,2.7,0.8,0.887,2.7,0.804,0.887,0
20140504_0915,-24.67,179.12,529.6,GR.A055.,52.405,9.823,151.1,1710.149,1749.911,1762.818,365.0,1.097,0.037,0.075,0.076,0.078,0.077,-3.9,-4.1,0.314,0.635,-5.6,0.41,0.41,-2.5,0.479,0.41,-2.5,0.483,0.41,-2.5,0.478,0.41,-2.5,0.479,0.41,0
20140504_0915,-24.67,179.12,529.6,LD.UNH.,43.093,-70.865,120.816,1528.473,1541.381,1545.211,366.0,2.791,0.333,0.463,0.41,0.424,0.438,0.2,0.7,0.645,0.65,0.9,0.671,0.671,0.1,0.73,0.671,-0.2,0.696,0.671,0.0,0.716,0.671,0.1,0.722,0.671,0
20140504_0915,-24.67,179.12,529.6,1G.SA55.,62.719,10.04,141.255,1654.364,1683.77,1692.991,367.0,1.985,0.076,0.147,0.141,0.141,0.141,0.3,4.2,0.702,0.799,-4.0,0.235,0.235,-2.7,0.286,0.235,-2.7,0.287,0.235,-2.7,0.289,0.235,-2.6,0.287,0.235,0
20140504_0915,-24.67,179.12,529.6,KO.BZK.,41.96,34.004,146.449,1684.179,1718.879,1729.95,368.0,1.124,0.08,0.242,0.242,0.242,0.244,-2.8,1.7,0.671,-0.722,-1.9,0.666,0.666,9.7,0.527,0.666,9.8,0.588,0.666,9.8,0.572,0.666,9.8,0.55,0.666,0
20140504_0915,-24.67,179.12,529.6,WI.SAM.00,14.841,-61.164,122.843,1541.566,1555.789,1560.022,369.0,1.756,0.228,0.497,0.534,0.52,0.501,0.8,1.1,0.826,0.739,0.9,0.853,0.853,0.5,0.831,0.853,0.0,0.851,0.853,0.4,0.845,0.853,0.5,0.832,0.853,0
20140504_0915,-24.67,179.12,529.6,MN.PDG.,42.43,19.261,155.69,1735.072,1780.134,1795.022,370.0,0.808,0.14,0.179,0.169,0.166,0.173,-9.6,2.7,0.602,-0.495,-11.2,0.45,0.45,-13.3,0.555,0.45,-13.3,0.551,0.45,-13.3,0.533,0.45,-13.3,0.552,0.45,0
20140504_0915,-24.67,179.12,529.6,GB.SOFL.,62.069,-6.966,142.376,1660.874,1691.384,1700.987,371.0,1.089,0.159,0.202,0.193,0.202,0.195,-0.4,2.3,0.456,-0.436,7.0,0.395,0.395,8.9,0.382,0.395,8.5,0.363,0.395,8.2,0.348,0.395,8.4,0.361,0.395,0
20140504_0915,-24.67,179.12,529.6,IV.OSSC.,43.524,11.246,158.693,1751.027,1799.715,1815.97,372.0,2.297,0.15,0.23,0.228,0.228,0.231,0.5,-0.2,0.88,0.643,-2.3,0.527,0.527,-1.7,0.561,0.527,-1.8,0.565,0.527,-1.9,0.566,0.527,-1.8,0.564,0.527,0
20140504_0915,-24.67,179.12,529.6,FR.CHMF.00,47.248,6.652,156.64,1740.154,1786.349,1801.664,373.0,1.021,0.101,-0.117,-0.116,-0.113,-0.116,7.8,-2.6,0.344,0.055,-2.5,0.682,0.682,2.5,0.594,0.682,2.5,0.592,0.682,2.5,0.579,0.682,2.5,0.587,0.682,0
20140504_0915,-24.67,179.12,529.6,YB.AT04.,38.628,38.139,144.304,1671.976,1704.435,1714.717,374.0,3.644,0.175,0.19,0.201,0.2,0.196,0.0,0.0,0.933,0.938,-4.2,0.508,0.508,-3.5,0.621,0.508,-3.9,0.542,0.508,-3.7,0.561,0.508,-3.6,0.586,0.508,0
20140504_0915,-24.67,179.12,529.6,IV.CAMP.,42.536,13.409,158.601,1750.543,1799.118,1815.33,375.0,1.755,0.092,0.022,0.014,0.007,0.015,-2.1,-2.0,0.495,0.583,-0.3,0.682,0.682,-0.4,0.71,0.682,-0.5,0.696,0.682,-0.6,0.691,0.682,-0.5,0.7,0.682,0
20140504_0915,-24.67,179.12,529.6,YB.AT22.,38.591,34.99,146.712,1685.665,1720.644,1731.815,376.0,1.547,0.32,0.265,0.267,0.265,0.263,0.3,-3.7,0.63,-0.322,-7.2,0.431,0.431,-5.1,0.559,0.431,-0.1,0.537,0.431,-5.6,0.466,0.431,-5.4,0.518,0.431,0
20140504_0915,-24.67,179.12,529.6,TA.F63A.,45.703,-69.103,122.289,1537.998,1551.854,1555.974,377.0,2.357,0.29,0.455,0.379,0.404,0.429,-0.5,-0.3,0.807,0.871,-0.7,0.836,0.836,-0.7,0.91,0.836,-1.1,0.89,0.836,-0.7,0.911,0.836,-0.6,0.913,0.836,0
20140504_0915,-24.67,179.12,529.6,KO.AYDB.,37.947,27.891,152.228,1716.338,1757.374,1770.753,378.0,0.61,0.24,0.219,0.211,0.212,0.217,-0.9,-4.1,0.485,-0.003,4.6,0.572,0.572,-12.6,0.305,0.572,-12.6,0.304,0.572,-12.6,0.305,0.572,-12.6,0.303,0.572,0
20140504_0915,-24.67,179.12,529.6,KO.MERS.,36.868,34.522,147.459,1689.877,1725.652,1737.107,379.0,1.148,0.086,0.174,0.163,0.165,0.168,-4.2,-4.0,0.609,0.746,-10.2,0.639,0.639,-5.4,0.49,0.639,-4.8,0.641,0.639,-4.8,0.666,0.639,-4.9,0.62,0.639,0
20140504_0915,-24.67,179.12,529.6,TA.M66A.,41.259,-70.135,121.146,1530.613,1543.731,1547.625,380.0,3.285,0.256,0.279,0.263,0.279,0.277,-0.2,-5.0,0.431,-0.319,4.7,0.373,0.373,-1.3,0.445,0.373,3.8,0.429,0.373,4.0,0.384,0.373,-1.4,0.411,0.373,0
20140504_0915,-24.67,179.12,529.6,KO.YER.,37.134,28.284,152.201,1716.192,1757.198,1770.566,381.0,0.723,0.049,-0.064,-0.067,-0.068,-0.064,1.1,-1.1,0.481,-0.653,-12.4,0.392,0.392,6.2,0.427,0.392,6.5,0.328,0.392,6.3,0.355,0.392,6.1,0.382,0.392,0
20140504_0915,-24.67,179.12,529.6,NO.SPB3.00,78.174,16.358,125.902,1561.068,1577.418,1582.308,382.0,0.873,0.129,-0.196,-0.203,-0.21,-0.205,-1.9,-4.6,0.67,-0.935,-4.8,0.659,0.659,-4.6,0.552,0.659,-4.6,0.557,0.659,-4.5,0.563,0.659,-4.5,0.56,0.659,0
20140504_0915,-24.67,179.12,529.6,IV.IVPL.,38.376,14.98,160.805,1762.07,1813.385,1830.637,383.0,0.732,0.13,0.258,0.253,0.251,0.255,-1.0,-3.7,0.692,-0.772,4.5,0.484,0.484,4.9,0.481,0.484,4.7,0.476,0.484,4.6,0.482,0.484,4.8,0.481,0.484,0
20140504_0915,-24.67,179.12,529.6,YB.AT06.,39.673,35.667,145.933,1681.256,1715.412,1726.29,384.0,2.555,0.176,0.079,0.097,0.089,0.083,-3.8,-0.2,0.517,-0.677,-0.3,0.477,0.477,0.2,0.714,0.477,0.1,0.82,0.477,0.2,0.796,0.477,0.2,0.769,0.477,0
20140504_0915,-24.67,179.12,529.6,YB.AT10.,38.012,37.861,144.635,1673.872,1706.673,1717.075,385.0,0.35,0.033,0.032,0.032,0.032,0.032,-0.1,4.2,0.812,0.979,-1.4,0.204,0.204,-14.4,0.231,0.204,1.8,0.15,0.204,-14.6,0.169,0.204,-14.5,0.192,0.204,0
20140504_0915,-24.67,179.12,529.6,GU.GORR.,44.607,9.293,158.419,1749.583,1797.934,1814.062,386.0,0.747,0.114,0.06,0.062,0.064,0.062,2.4,2.4,0.849,0.876,4.1,0.527,0.527,-5.9,0.58,0.527,-6.0,0.571,0.527,-6.0,0.56,0.527,-6.0,0.569,0.527,0
20140504_0915,-24.67,179.12,529.6,SX.TANN.,50.415,12.461,152.265,1716.54,1757.619,1771.014,387.0,1.728,0.225,0.188,0.185,0.18,0.185,7.3,3.0,0.408,-0.563,-0.9,0.623,0.623,-1.1,0.552,0.623,6.5,0.554,0.623,6.5,0.567,0.623,6.4,0.561,0.623,0
20140504_0915,-24.67,179.12,529.6,IV.MSFR.,38.034,14.592,161.26,1764.43,1816.319,1833.79,388.0,1.091,0.021,0.116,0.113,0.107,0.116,2.1,-1.3,0.702,-0.552,2.0,0.488,0.488,10.7,0.395,0.488,10.8,0.36,0.488,10.8,0.326,0.488,10.8,0.361,0.488,0
20140504_0915,-24.67,179.12,529.6,XJ.KEN4.,-1.784,36.054,135.482,1620.183,1644.215,1651.606,389.0,3.195,0.481,0.439,0.481,0.479,0.466,1.5,1.5,0.868,0.819,1.2,0.702,0.702,1.6,0.682,0.702,1.2,0.706,0.702,1.1,0.698,0.702,1.3,0.688,0.702,0
20140504_0915,-24.67,179.12,529.6,YB.AT45.,37.688,35.02,146.898,1686.715,1721.891,1733.132,390.0,1.142,0.374,0.307,0.296,0.3,0.303,-1.6,-1.7,0.526,0.468,-8.1,0.581,0.581,-5.9,0.588,0.581,-10.2,0.352,0.581,0.8,0.556,0.581,0.7,0.545,0.581,0
20140504_0915,-24.67,179.12,529.6,DZ.OKGL.00,36.037,0.656,168.556,1801.398,1862.827,1884.04,391.0,1.152,-0.079,-0.139,-0.139,-0.044,-0.139,6.4,-2.2,0.491,-0.722,11.6,0.467,0.467,11.0,0.623,0.467,11.0,0.621,0.467,11.4,0.551,0.467,11.1,0.623,0.467,0
20140504_0915,-24.67,179.12,529.6,YB.AT16.,38.084,37.136,145.182,1676.989,1710.356,1720.957,392.0,2.177,0.183,0.122,0.127,0.128,0.125,7.8,4.6,0.546,-0.471,-0.4,0.701,0.701,-0.5,0.555,0.701,-0.8,0.539,0.701,-0.7,0.551,0.701,-0.7,0.554,0.701,0
20140504_0915,-24.67,179.12,529.6,KO.MAZI.,37.459,40.446,142.707,1662.791,1693.632,1703.349,393.0,1.008,-0.011,-0.023,-0.028,-0.026,-0.025,-0.6,-0.9,0.578,0.546,-3.1,0.649,0.649,-2.3,0.642,0.649,-2.7,0.688,0.649,-2.6,0.676,0.649,-2.5,0.665,0.649,0
20140504_0915,-24.67,179.12,529.6,GR.GRC1.,48.995,11.52,153.807,1724.931,1767.785,1781.842,394.0,1.836,0.236,0.242,0.243,0.239,0.242,-1.9,4.8,0.539,-0.498,1.8,0.673,0.673,4.4,0.743,0.673,4.4,0.734,0.673,4.2,0.717,0.673,4.3,0.723,0.673,0
20140504_0915,-24.67,179.12,529.6,XJ.NG55.,-3.142,35.687,134.901,1616.683,1640.205,1647.423,395.0,1.7,0.279,0.297,0.288,0.28,0.289,9.0,-4.6,0.522,-0.429,-1.1,0.569,0.569,-1.0,0.601,0.569,-1.1,0.581,0.569,-1.2,0.568,0.569,-1.1,0.589,0.569,0
20140504_0915,-24.67,179.12,529.6,YB.AT07.,39.145,36.222,145.648,1679.638,1713.493,1724.266,396.0,1.088,0.377,0.327,0.32,0.321,0.323,-5.0,1.9,0.576,-0.646,-3.2,0.712,0.712,-2.6,0.732,0.712,-2.8,0.668,0.712,-2.7,0.692,0.712,-2.7,0.712,0.712,0
20140504_0915,-24.67,179.12,529.6,GE.ISP.10,37.843,30.509,150.303,1705.75,1744.623,1757.204,397.0,0.894,0.113,0.11,0.127,0.124,0.12,3.0,2.6,0.329,0.452,-0.6,0.614,0.614,2.9,0.549,0.614,2.5,0.413,0.614,2.5,0.487,0.614,2.7,0.518,0.614,0
20140504_0915,-24.67,179.12,529.6,1G.SA04.,70.319,25.477,131.854,1598.144,1619.093,1625.449,398.0,1.11,-0.06,0.027,0.023,0.021,0.023,3.3,-1.5,0.436,0.346,-0.7,0.416,0.416,-6.5,0.511,0.416,-6.4,0.517,0.416,-6.3,0.516,0.416,-6.4,0.515,0.416,0
20140504_0915,-24.67,179.12,529.6,XK.B06OR.,-19.901,23.527,129.496,1583.584,1602.646,1608.389,399.0,7.575,0.711,0.72,0.724,0.734,0.726,1.1,1.3,0.849,0.834,0.3,0.924,0.924,0.4,0.954,0.924,0.3,0.95,0.924,0.1,0.938,0.924,0.2,0.948,0.924,1
20140504_0915,-24.67,179.12,529.6,DK.ANGG.,65.616,-37.637,132.901,1604.55,1626.365,1633.009,400.0,0.928,0.196,0.002,-0.01,-0.003,0.003,-1.1,-0.9,0.653,0.533,-1.7,0.574,0.574,-1.8,0.718,0.574,-2.2,0.748,0.574,-2.1,0.756,0.574,-1.9,0.738,0.574,0
20140504_0915,-24.67,179.12,529.6,YQ.MZUN.,-9.15,33.521,132.367,1601.286,1622.657,1629.153,401.0,3.1,0.119,0.127,0.126,0.131,0.128,-0.1,-4.0,0.789,0.803,-13.8,0.25,0.25,-13.7,0.241,0.25,-13.9,0.235,0.25,-14.0,0.225,0.25,-13.8,0.238,0.25,0
20140504_0915,-24.67,179.12,529.6,IV.MOCO.,41.37,15.158,158.635,1750.723,1799.34,1815.568,402.0,1.401,-0.053,-0.079,-0.077,-0.165,-0.079,-1.0,2.9,0.585,-0.732,-3.2,0.481,0.481,-2.1,0.629,0.481,-2.2,0.629,0.481,8.0,0.794,0.481,-2.2,0.624,0.481,0
20140504_0915,-24.67,179.12,529.6,NI.SABO.,45.987,13.634,155.704,1735.149,1780.227,1795.123,403.0,1.42,-0.004,0.29,0.293,0.299,0.294,1.2,-1.8,0.515,0.085,-1.2,0.583,0.583,3.2,0.429,0.583,-13.2,0.367,0.583,-13.1,0.369,0.583,2.8,0.362,0.583,0
20140504_0915,-24.67,179.12,529.6,TH.HWTS.,50.592,11.472,152.379,1717.163,1758.372,1771.815,404.0,1.505,0.27,0.225,0.224,0.224,0.226,7.4,3.0,0.586,-0.41,0.3,0.494,0.494,7.2,0.578,0.494,-0.6,0.587,0.494,-0.7,0.578,0.494,-0.7,0.588,0.494,0
20140504_0915,-24.67,179.12,529.6,NR.NE116.,51.504,4.921,152.8,1719.463,1761.153,1774.776,405.0,0.431,-0.042,0.171,0.179,0.182,0.182,-4.2,-4.2,0.684,0.198,2.8,0.485,0.485,0.8,0.818,0.485,0.8,0.787,0.485,0.7,0.802,0.485,0.8,0.824,0.485,0
20140504_0915,-24.67,179.12,529.6,GU.PZZ.,44.507,7.116,159.125,1753.301,1802.52,1818.977,406.0,1.072,0.123,0.204,0.203,0.203,0.203,-3.9,2.1,0.484,-0.685,-3.3,0.783,0.783,-2.6,0.832,0.783,-2.6,0.829,0.783,-2.7,0.831,0.783,-2.6,0.831,0.783,0
20140504_0915,-24.67,179.12,529.6,CH.BOURR.,47.394,7.23,156.38,1738.768,1784.652,1799.851,407.0,0.73,0.057,-0.059,-0.061,-0.068,-0.065,5.0,-4.0,0.48,-0.383,-1.1,0.918,0.918,-3.8,0.887,0.918,-3.8,0.881,0.918,-3.9,0.894,0.918,-3.9,0.891,0.918,0
20140504_0915,-24.67,179.12,529.6,IV.ILOS.,38.446,14.948,160.778,1761.931,1813.212,1830.451,408.0,0.792,0.121,0.169,0.169,0.169,0.168,-3.3,-1.9,0.574,0.325,-6.4,0.584,0.584,-6.6,0.556,0.584,-6.8,0.581,0.584,-6.8,0.584,0.584,-6.7,0.573,0.584,0
20140504_0915,-24.67,179.12,529.6,KO.LEF.,35.112,32.843,149.132,1699.246,1736.829,1748.938,409.0,1.422,0.046,0.076,0.072,0.073,0.075,8.8,3.9,0.436,0.387,-6.1,0.443,0.443,-4.2,0.529,0.443,8.8,0.49,0.443,8.9,0.44,0.443,-4.5,0.472,0.443,0
20140504_0915,-24.67,179.12,529.6,IV.FAVR.,37.267,13.667,162.316,1769.879,1823.113,1841.098,410.0,1.307,0.105,0.23,0.24,0.239,0.233,2.6,-0.8,0.569,-0.583,4.1,0.377,0.377,-2.6,0.23,0.377,-2.5,0.209,0.377,-2.5,0.196,0.377,-2.5,0.214,0.377,0
20140504_0915,-24.67,179.12,529.6,YB.AT25.,37.918,36.459,145.738,1680.148,1714.098,1724.904,411.0,3.356,0.355,0.393,0.395,0.395,0.394,-6.7,-2.8,0.577,-0.351,-4.2,0.649,0.649,-3.3,0.698,0.649,-3.6,0.618,0.649,-3.5,0.647,0.649,-3.5,0.666,0.649,0
20140504_0915,-24.67,179.12,529.6,G.ATD.00,11.531,42.847,136.624,1627.031,1652.083,1659.82,412.0,3.629,0.315,0.318,0.329,0.323,0.322,1.1,1.7,0.558,0.472,0.8,0.5,0.5,1.2,0.503,0.5,0.7,0.539,0.5,0.9,0.521,0.5,0.9,0.522,0.5,0
20140504_0915,-24.67,179.12,529.6,XJ.PR31.,-2.919,36.048,134.768,1615.88,1639.286,1646.465,413.0,4.263,0.512,0.455,0.484,0.494,0.479,1.1,1.0,0.873,0.873,0.5,0.783,0.783,0.7,0.727,0.783,0.4,0.761,0.783,0.4,0.767,0.783,0.5,0.747,0.783,0
20140504_0915,-24.67,179.12,529.6,CZ.UPC.,50.507,16.012,151.057,1709.909,1749.622,1762.512,414.0,2.31,0.216,0.177,0.181,0.187,0.182,-3.7,-3.4,0.796,0.795,0.2,0.506,0.506,-7.8,0.84,0.506,-7.9,0.836,0.506,-7.9,0.831,0.506,-7.9,0.833,0.506,0
20140504_0915,-24.67,179.12,529.6,EE.ARBE.,59.437,25.984,140.499,1649.948,1678.621,1687.589,415.0,1.49,0.131,-0.018,0.106,0.104,0.107,-2.9,-3.5,0.741,0.895,-5.5,0.433,0.433,1.5,0.58,0.433,-3.5,0.454,0.433,-3.5,0.445,0.433,-3.4,0.446,0.433,0
20140504_0915,-24.67,179.12,529.6,IV.MCEL.,40.325,15.802,159.027,1752.782,1801.88,1818.291,416.0,2.078,0.317,-0.032,-0.027,-0.027,-0.032,-1.7,-4.9,0.6,-0.75,-3.1,0.425,0.425,-9.1,0.75,0.425,-9.2,0.746,0.425,-9.3,0.741,0.425,-9.2,0.746,0.425,0
20140504_0915,-24.67,179.12,529.6,GU.RSP.,45.148,7.265,158.488,1749.947,1798.383,1814.543,417.0,1.883,0.191,0.221,0.221,0.224,0.225,0.7,0.3,0.304,0.307,-8.6,0.532,0.532,-7.2,0.479,0.532,-7.2,0.479,0.532,-7.4,0.492,0.532,-7.3,0.482,0.532,0
20140504_0915,-24.67,179.12,529.6,XK.B03SL.,-21.121,24.764,127.864,1573.409,1591.214,1596.559,418.0,6.709,0.733,0.733,0.735,0.734,0.733,0.7,0.9,0.896,0.904,0.1,0.921,0.921,0.1,0.924,0.921,-0.1,0.926,0.921,-0.2,0.93,0.921,-0.1,0.927,0.921,1
20140504_0915,-24.67,179.12,529.6,IV.TRIV.,41.767,14.55,158.651,1750.806,1799.442,1815.678,419.0,1.491,0.045,0.148,0.151,0.107,0.152,6.0,2.5,0.586,-0.646,2.9,0.579,0.579,-3.0,0.499,0.579,-3.1,0.495,0.579,7.3,0.619,0.579,-3.1,0.495,0.579,0
20140504_0915,-24.67,179.12,529.6,GR.KAST.,51.203,8.416,152.524,1717.953,1759.327,1772.832,420.0,1.311,0.175,-0.027,-0.025,-0.027,-0.027,7.6,-3.9,0.461,-0.443,-0.5,0.792,0.792,-7.5,0.399,0.792,-7.5,0.395,0.792,-7.6,0.39,0.792,-7.5,0.396,0.792,0
20140504_0915,-24.67,179.12,529.6,MN.TIR.,41.347,19.863,156.024,1736.863,1782.321,1797.36,421.0,1.723,0.32,0.137,0.123,0.117,0.128,1.1,1.0,0.828,0.888,-0.8,0.76,0.76,-4.8,0.744,0.76,-4.7,0.757,0.76,-4.7,0.758,0.76,-4.8,0.753,0.76,0
20140504_0915,-24.67,179.12,529.6,GU.POPM.,44.045,10.757,158.426,1749.619,1797.979,1814.11,422.0,1.111,0.088,0.053,0.053,0.053,0.054,-10.4,-2.4,0.442,-0.598,7.5,0.325,0.325,-11.0,0.341,0.325,-11.1,0.34,0.325,-11.1,0.337,0.325,-11.1,0.341,0.325,0
20140504_0915,-24.67,179.12,529.6,GB.LRW.,60.136,-1.178,144.533,1673.289,1705.985,1716.35,423.0,2.122,0.143,0.138,0.134,0.128,0.134,-2.4,0.6,0.544,0.215,-0.1,0.497,0.497,-11.8,0.467,0.497,-12.0,0.462,0.497,1.3,0.445,0.497,-12.0,0.451,0.497,0
20140504_0915,-24.67,179.12,529.6,KO.VRTB.,39.16,41.456,141.668,1656.769,1686.58,1695.941,424.0,0.769,0.198,0.068,0.064,0.063,0.065,-4.9,1.3,0.57,0.478,-3.6,0.496,0.496,-1.1,0.418,0.496,-7.9,0.307,0.496,-7.8,0.314,0.496,-1.4,0.36,0.496,0
20140504_0915,-24.67,179.12,529.6,IV.DOI.,44.504,7.247,159.095,1753.139,1802.321,1818.763,425.0,1.846,0.27,0.273,0.271,0.269,0.272,-5.7,-5.3,0.745,0.508,-6.0,0.564,0.564,-4.3,0.754,0.564,-4.4,0.752,0.564,-4.5,0.747,0.564,-4.4,0.751,0.564,0
20140504_0915,-24.67,179.12,529.6,IV.SACS.,42.849,11.91,158.996,1752.622,1801.683,1818.079,426.0,1.873,0.079,-0.036,-0.034,-0.031,-0.036,1.3,4.1,0.448,-0.51,6.3,0.554,0.554,6.7,0.472,0.554,6.6,0.472,0.554,6.5,0.466,0.554,6.6,0.47,0.554,0
20140504_0915,-24.67,179.12,529.6,TA.E62A.,46.62,-69.523,122.051,1536.463,1550.163,1554.235,427.0,0.387,0.057,-0.008,0.002,-0.001,-0.005,11.8,-1.0,0.509,-0.853,7.8,0.457,0.457,7.9,0.543,0.457,7.6,0.523,0.457,7.9,0.537,0.457,7.9,0.54,0.457,0
20140504_0915,-24.67,179.12,529.6,IV.GATE.,41.513,14.91,158.658,1750.843,1799.487,1815.726,428.0,1.751,0.13,0.166,0.167,0.057,0.165,0.6,0.1,0.776,0.662,-2.5,0.638,0.638,-8.3,0.633,0.638,-8.4,0.631,0.638,1.7,0.775,0.638,-8.4,0.628,0.638,0
20140504_0915,-24.67,179.12,529.6,CH.SGT02.,47.513,9.248,155.784,1735.579,1780.752,1795.683,429.0,1.188,0.179,0.148,0.149,0.151,0.15,2.3,2.7,0.379,0.379,-3.0,0.381,0.381,-7.7,0.592,0.381,-7.6,0.593,0.381,-7.7,0.588,0.381,-7.7,0.593,0.381,0
20140504_0915,-24.67,179.12,529.6,DK.SUMG.,72.574,-38.462,127.872,1573.459,1591.271,1596.617,430.0,1.027,0.128,0.012,0.076,0.09,0.056,2.3,2.4,0.827,0.721,1.9,0.857,0.857,1.4,0.835,0.857,1.3,0.834,0.857,1.4,0.831,0.857,1.5,0.835,0.857,0
20140504_0915,-24.67,179.12,529.6,GR.GRC2.,48.867,11.374,153.965,1725.784,1768.821,1782.947,431.0,2.327,0.139,0.129,0.125,0.122,0.122,-4.7,3.4,0.694,-0.91,0.0,0.795,0.795,1.7,0.613,0.795,1.8,0.58,0.795,1.5,0.578,0.795,1.6,0.598,0.795,0
20140504_0915,-24.67,179.12,529.6,CH.HASLI.,46.757,8.151,156.766,1740.821,1787.167,1802.539,432.0,0.394,0.007,-0.01,-0.006,-0.006,-0.009,-10.5,-2.2,0.53,0.248,-1.4,0.544,0.544,-1.0,0.405,0.544,-0.9,0.383,0.544,-0.8,0.419,0.544,-1.0,0.403,0.544,0
20140504_0915,-24.67,179.12,529.6,PL.OJC.,50.22,19.798,149.855,1703.264,1741.64,1754.039,433.0,1.002,0.129,0.114,0.114,0.123,0.117,10.2,0.1,0.376,-0.395,9.5,0.576,0.576,-1.8,0.519,0.576,-2.0,0.543,0.576,3.8,0.762,0.576,-2.0,0.533,0.576,0
20140504_0915,-24.67,179.12,529.6,FR.RUSF.04,43.94,5.475,160.043,1758.107,1808.466,1825.356,434.0,1.474,0.141,-0.036,-0.033,-0.024,-0.029,-4.7,-4.5,0.328,0.356,6.1,0.482,0.482,8.9,0.3,0.482,8.8,0.303,0.482,8.7,0.312,0.482,8.8,0.305,0.482,0
20140504_0915,-24.67,179.12,529.6,Y6.SHEY.,45.132,-61.986,127.271,1569.693,1587.051,1592.255,435.0,0.907,0.22,0.216,0.226,0.228,0.223,0.7,0.9,0.787,0.66,0.7,0.746,0.746,0.1,0.694,0.746,-0.5,0.696,0.746,-0.1,0.691,0.746,0.0,0.691,0.746,0
20140504_0915,-24.67,179.12,529.6,PM.PESTR.,38.867,-7.59,164.712,1782.123,1838.451,1857.633,436.0,1.824,0.294,0.062,0.073,0.071,0.071,0.2,1.1,0.742,0.537,1.5,0.888,0.888,1.7,0.837,0.888,1.7,0.795,0.888,1.9,0.75,0.888,1.7,0.797,0.888,0
20140504_0915,-24.67,179.12,529.6,FR.FNEB.00,42.903,2.106,161.602,1766.201,1818.524,1836.161,437.0,0.936,0.121,0.124,0.136,0.144,0.138,3.7,0.1,0.591,-0.449,5.4,0.61,0.61,-1.6,0.364,0.61,-1.4,0.373,0.61,-1.3,0.373,0.61,-1.4,0.369,0.61,0
20140504_0915,-24.67,179.12,529.6,GE.ARPR.,39.093,38.336,144.06,1670.58,1702.79,1712.985,438.0,2.689,0.032,0.113,0.1,0.102,0.107,-2.5,2.1,0.475,-0.406,-0.6,0.545,0.545,-0.1,0.538,0.545,-0.2,0.512,0.545,-0.1,0.519,0.545,-0.1,0.53,0.545,0
20140504_0915,-24.67,179.12,529.6,SX.GUNZ.,50.363,12.332,152.348,1716.994,1758.168,1771.598,439.0,1.97,0.324,0.247,0.242,0.236,0.241,-1.0,4.8,0.78,0.628,6.0,0.564,0.564,5.5,0.507,0.564,5.5,0.483,0.564,5.4,0.456,0.564,5.3,0.471,0.564,0
20140504_0915,-24.67,179.12,529.6,KZ.ABKAR.,49.256,59.943,127.256,1569.598,1586.944,1592.144,440.0,0.927,0.089,-0.131,-0.106,0.128,0.109,3.1,3.4,0.547,0.732,-2.4,0.42,0.42,2.8,0.518,0.42,-2.3,0.433,0.42,-11.1,0.444,0.42,-11.2,0.442,0.42,0
20140504_0915,-24.67,179.12,529.6,TH.MODW.,50.943,12.468,151.791,1713.945,1754.485,1767.68,441.0,1.594,0.271,0.24,0.245,0.246,0.242,0.8,1.2,0.459,0.545,6.7,0.534,0.534,6.7,0.488,0.534,6.7,0.484,0.534,6.7,0.466,0.534,6.7,0.495,0.534,0
20140504_0915,-24.67,179.12,529.6,IV.SALO.,45.618,10.524,157.125,1742.733,1789.512,1805.046,442.0,0.802,0.123,0.104,0.105,0.104,0.101,2.6,-0.2,0.634,-0.756,7.9,0.454,0.454,1.2,0.504,0.454,1.2,0.568,0.454,1.1,0.595,0.454,1.2,0.571,0.454,0
20140504_0915,-24.67,179.12,529.6,XJ.PR11.,-2.823,36.299,134.635,1615.08,1638.372,1645.512,443.0,9.963,0.253,0.244,0.246,0.246,0.245,-0.4,3.2,0.771,0.593,-13.1,0.213,0.213,-12.9,0.263,0.213,-13.2,0.218,0.213,-13.2,0.22,0.213,-13.0,0.242,0.213,0
20140504_0915,-24.67,179.12,529.6,YB.AT11.,37.758,38.376,144.281,1671.846,1704.282,1714.556,444.0,1.964,0.257,0.293,0.287,0.288,0.289,7.1,3.8,0.53,-0.687,-3.5,0.657,0.657,-2.7,0.766,0.657,-3.2,0.712,0.657,-3.0,0.727,0.657,-3.0,0.741,0.657,0
20140504_0915,-24.67,179.12,529.6,XK.Q06MQ.,-13.35,36.745,127.15,1568.936,1586.203,1591.379,445.0,0.347,0.013,0.014,0.014,0.014,0.014,9.5,-3.7,0.561,-0.996,-8.7,0.471,0.471,-8.8,0.47,0.471,-8.9,0.473,0.471,-8.9,0.476,0.471,-8.9,0.473,0.471,0
20140504_0915,-24.67,179.12,529.6,1G.SA03.,70.503,29.067,131.015,1592.983,1613.25,1619.383,446.0,0.228,-0.202,0.051,0.055,0.064,0.064,-5.3,4.3,0.511,-0.791,3.9,0.729,0.729,4.2,0.576,0.729,4.4,0.563,0.729,4.5,0.554,0.729,4.4,0.561,0.729,0
20140504_0915,-24.67,179.12,529.6,IV.BULG.,40.078,15.378,159.431,1754.906,1804.505,1821.105,447.0,3.38,0.182,0.135,0.143,0.145,0.138,2.4,2.8,0.493,0.553,3.8,0.619,0.619,2.2,0.846,0.619,2.1,0.845,0.619,2.0,0.851,0.619,2.1,0.848,0.619,0
20140504_0915,-24.67,179.12,529.6,IV.LPEL.,42.047,14.183,158.619,1750.636,1799.232,1815.453,448.0,2.147,0.014,0.136,0.136,0.068,0.137,8.8,-4.2,0.325,-0.611,-11.2,0.576,0.576,-0.1,0.682,0.576,-0.1,0.709,0.576,0.3,0.602,0.576,-0.1,0.709,0.576,0
20140504_0915,-24.67,179.12,529.6,CH.LAUCH.,46.416,7.772,157.177,1743.012,1789.853,1805.412,449.0,0.824,0.042,0.168,0.161,0.157,0.167,2.7,-3.1,0.623,-0.772,-0.1,0.634,0.634,-1.7,0.672,0.634,-1.8,0.664,0.634,-1.8,0.644,0.634,-1.7,0.664,0.634,0
20140504_0915,-24.67,179.12,529.6,GB.CWF.,52.738,-1.308,151.93,1714.705,1755.402,1768.655,450.0,1.014,0.032,0.123,0.132,0.141,0.131,3.9,-1.5,0.534,0.304,-0.6,0.549,0.549,-3.2,0.436,0.549,-8.9,0.442,0.549,-8.9,0.466,0.549,-8.9,0.46,0.549,0
20140504_0915,-24.67,179.12,529.6,GE.GVD.,34.839,24.087,156.148,1737.524,1783.13,1798.224,451.0,0.709,0.085,0.109,0.109,0.11,0.109,3.3,-4.2,0.426,-0.323,-0.8,0.593,0.593,-6.8,0.44,0.593,-7.1,0.393,0.593,-7.1,0.406,0.593,-7.0,0.418,0.593,0
20140504_0915,-24.67,179.12,529.6,TT.TAMR.00,37.047,9.109,164.964,1783.404,1840.061,1859.372,452.0,0.533,0.126,0.091,0.089,0.092,0.091,4.7,4.5,0.474,0.432,4.0,0.287,0.287,2.9,0.376,0.287,3.0,0.39,0.287,3.1,0.394,0.287,3.0,0.387,0.287,0
20140504_0915,-24.67,179.12,529.6,GE.IMMV.,35.461,23.981,156.025,1736.871,1782.331,1797.37,453.0,1.225,0.097,0.087,0.088,0.087,0.087,1.8,-2.9,0.366,-0.146,-6.3,0.44,0.44,3.0,0.494,0.44,-5.0,0.478,0.44,-5.0,0.472,0.44,2.9,0.477,0.44,0
20140504_0915,-24.67,179.12,529.6,CH.SIMPL.,46.24,8.02,157.28,1743.559,1790.524,1806.13,454.0,1.385,-0.026,0.018,0.012,0.01,0.016,-3.5,-3.2,0.472,0.597,-4.2,0.753,0.753,-8.5,0.665,0.753,-8.5,0.672,0.753,-8.6,0.656,0.753,-8.5,0.665,0.753,0
20140504_0915,-24.67,179.12,529.6,IV.GUAR.,41.794,13.312,159.226,1753.831,1803.175,1819.68,455.0,2.175,0.007,0.075,0.077,0.08,0.076,3.1,-2.8,0.645,-0.222,-6.5,0.687,0.687,2.0,0.774,0.687,1.9,0.765,0.687,1.8,0.764,0.687,1.9,0.768,0.687,0
20140504_0915,-24.67,179.12,529.6,CH.VANNI.,46.21,7.597,157.412,1744.258,1791.384,1807.049,456.0,1.302,0.19,0.149,0.149,0.148,0.147,1.7,2.9,0.456,0.13,8.6,0.325,0.325,-3.0,0.697,0.325,-3.0,0.698,0.325,-3.1,0.688,0.325,-3.0,0.694,0.325,0
20140504_0915,-24.67,179.12,529.6,IV.MELA.,41.706,15.127,158.406,1749.518,1797.853,1813.976,457.0,1.003,0.105,0.21,0.204,0.205,0.205,5.2,-3.1,0.565,-0.509,-4.1,0.641,0.641,2.1,0.699,0.641,2.0,0.699,0.641,2.0,0.709,0.641,2.0,0.702,0.641,0
20140504_0915,-24.67,179.12,529.6,G.MPG.00,5.11,-52.644,126.68,1565.978,1582.896,1587.963,458.0,3.148,0.662,0.652,0.735,0.684,0.662,1.4,1.7,0.906,0.9,1.3,0.88,0.88,1.4,0.872,0.88,0.7,0.871,0.88,1.1,0.873,0.88,1.3,0.872,0.88,0
20140504_0915,-24.67,179.12,529.6,OE.OBKA.,46.509,14.549,154.917,1730.92,1775.07,1789.615,459.0,0.897,0.046,0.131,0.131,0.133,0.13,-6.0,-3.0,0.747,-0.795,-3.8,0.653,0.653,-4.5,0.26,0.653,-8.5,0.349,0.653,-8.4,0.405,0.653,-8.4,0.352,0.653,0
20140504_0915,-24.67,179.12,529.6,YB.AT18.,37.443,37.959,144.661,1674.017,1706.844,1717.255,460.0,1.947,0.243,0.271,0.265,0.268,0.269,-3.4,5.3,0.466,-0.726,-1.0,0.619,0.619,-0.5,0.754,0.619,-1.1,0.62,0.619,-0.9,0.654,0.619,-0.7,0.694,0.619,0
20140504_0915,-24.67,179.12,529.6,GR.BKSB.,52.995,9.4,150.633,1707.57,1746.809,1759.524,461.0,1.207,0.074,0.09,0.089,0.092,0.094,1.0,-2.1,0.916,-0.746,5.8,0.441,0.441,-3.6,0.795,0.441,-3.6,0.791,0.441,-3.7,0.793,0.441,-3.7,0.794,0.441,0
20140504_0915,-24.67,179.12,529.6,DK.NRS.,61.16,-45.419,132.692,1603.276,1624.917,1631.503,462.0,1.126,0.032,0.045,0.045,0.045,0.043,-2.5,-2.6,0.723,0.643,2.6,0.469,0.469,2.0,0.444,0.469,1.6,0.458,0.469,1.5,0.469,0.469,1.8,0.45,0.469,0
20140504_0915,-24.67,179.12,529.6,CH.LLS.,46.847,9.008,156.461,1739.2,1785.181,1800.415,463.0,1.739,0.118,0.077,0.081,0.088,0.083,-3.1,0.3,0.635,-0.569,3.2,0.766,0.766,0.7,0.662,0.766,0.8,0.634,0.766,0.8,0.602,0.766,0.7,0.629,0.766,0
20140504_0915,-24.67,179.12,529.6,1G.SA31.,64.991,18.501,137.788,1633.957,1660.075,1668.171,464.0,1.604,0.113,0.071,0.074,0.077,0.075,-0.6,0.7,0.777,0.839,-4.3,0.731,0.731,-2.1,0.818,0.731,-2.1,0.792,0.731,-2.1,0.783,0.731,-2.1,0.795,0.731,0
20140504_0915,-24.67,179.12,529.6,EE.MTSE.,58.714,23.815,141.762,1657.314,1687.217,1696.609,465.0,1.098,-0.01,0.036,0.039,0.046,0.039,0.4,-2.6,0.669,0.416,-3.0,0.772,0.772,-2.3,0.633,0.772,-2.5,0.609,0.772,-2.4,0.608,0.772,-2.4,0.611,0.772,0
20140504_0915,-24.67,179.12,529.6,DK.DAG.,76.771,-18.655,127.181,1569.13,1586.42,1591.604,466.0,1.752,0.039,0.151,0.051,0.049,0.033,1.0,4.6,0.677,-0.446,1.0,0.705,0.705,0.7,0.704,0.705,10.4,0.614,0.705,10.4,0.616,0.705,10.3,0.633,0.705,0
20140504_0915,-24.67,179.12,529.6,XJ.LN35.,-2.63,36.006,134.984,1617.184,1640.779,1648.022,467.0,2.433,0.426,0.44,0.44,0.437,0.44,0.8,0.6,0.59,0.617,1.0,0.391,0.391,1.3,0.399,0.391,1.0,0.395,0.391,1.0,0.384,0.391,1.2,0.387,0.391,0
20140504_0915,-24.67,179.12,529.6,IV.ARVD.,43.498,12.942,158.034,1747.55,1795.431,1811.381,468.0,1.127,-0.101,0.041,0.036,0.032,0.033,0.1,3.3,0.768,-0.197,-4.6,0.571,0.571,-3.8,0.436,0.571,-3.8,0.428,0.571,-3.9,0.42,0.571,-3.8,0.428,0.571,0
20140504_0915,-24.67,179.12,529.6,KO.PTK.,38.892,39.392,143.294,1666.175,1697.605,1707.528,469.0,1.752,0.11,0.032,0.052,0.048,0.045,7.3,4.1,0.723,-0.536,7.6,0.494,0.494,8.5,0.579,0.494,8.2,0.574,0.494,8.3,0.571,0.494,8.3,0.575,0.494,0
20140504_0915,-24.67,179.12,529.6,DK.NUUG.,71.538,-53.2,124.877,1554.563,1570.18,1574.843,470.0,0.565,0.253,0.032,0.083,0.097,0.063,2.3,1.9,0.863,0.755,2.1,0.807,0.807,2.3,0.563,0.807,1.7,0.6,0.807,1.9,0.606,0.807,2.1,0.577,0.807,0
20140504_0915,-24.67,179.12,529.6,NO.NC405.00,61.113,11.715,142.55,1661.883,1692.567,1702.23,471.0,1.46,0.025,0.091,0.098,0.102,0.096,-3.0,-2.5,0.465,0.262,-2.7,0.722,0.722,0.7,0.777,0.722,0.6,0.789,0.722,0.5,0.798,0.722,0.6,0.79,0.722,0
20140504_0915,-24.67,179.12,529.6,XK.B08TS.,-20.164,22.459,129.743,1585.121,1604.377,1610.182,472.0,26.039,0.699,0.714,0.715,0.712,0.71,0.9,0.9,0.959,0.961,0.1,0.952,0.952,0.0,0.968,0.952,0.0,0.969,0.952,-0.2,0.971,0.952,-0.1,0.971,0.952,1
20140504_0915,-24.67,179.12,529.6,IV.MGR.,40.138,15.554,159.293,1754.181,1803.608,1820.143,473.0,1.138,0.082,0.066,0.062,0.064,0.066,2.7,-1.1,0.467,-0.61,-6.0,0.808,0.808,2.0,0.566,0.808,1.9,0.555,0.808,1.8,0.554,0.808,1.9,0.559,0.808,0
20140504_0915,-24.67,179.12,529.6,GR.GRB2.,49.27,11.668,153.518,1723.364,1765.882,1779.813,474.0,3.019,0.252,0.248,0.25,0.252,0.249,-0.1,4.5,0.676,0.312,4.2,0.44,0.44,9.8,0.508,0.44,9.8,0.522,0.44,9.8,0.526,0.44,9.9,0.52,0.44,0
20140504_0915,-24.67,179.12,529.6,TA.H65A.,44.696,-68.247,122.831,1541.484,1555.699,1559.929,475.0,3.804,0.333,0.446,0.425,0.441,0.445,-0.1,-0.5,0.701,0.747,-0.1,0.77,0.77,-0.7,0.671,0.77,-1.1,0.655,0.77,-0.8,0.671,0.77,-0.8,0.668,0.77,0
20140504_0915,-24.67,179.12,529.6,AF.BOBN.,-1.66,29.237,140.681,1651.013,1679.862,1688.89,476.0,0.886,0.03,0.046,0.034,0.03,0.039,-7.5,4.4,0.346,-0.671,-8.5,0.47,0.47,-8.3,0.469,0.47,-8.4,0.474,0.47,-8.5,0.474,0.47,-8.4,0.47,0.47,0
20140504_0915,-24.67,179.12,529.6,XK.W02NB.,-13.724,33.56,128.978,1580.365,1599.025,1604.639,477.0,6.143,0.519,0.545,0.55,0.548,0.548,0.9,1.0,0.958,0.957,0.3,0.904,0.904,0.3,0.908,0.904,0.0,0.906,0.904,0.0,0.905,0.904,0.1,0.906,0.904,0
20140504_0915,-24.67,179.12,529.6,GE.PABE.,55.505,23.968,144.194,1671.347,1703.694,1713.937,478.0,0.571,0.029,0.088,0.088,-0.014,0.087,-0.1,1.7,0.882,0.835,0.2,0.406,0.406,-8.0,0.274,0.406,-8.2,0.295,0.406,-7.9,0.302,0.406,-8.2,0.289,0.406,0
20140504_0915,-24.67,179.12,529.6,CH.DIX.,46.081,7.408,157.578,1745.14,1792.467,1808.208,479.0,0.326,0.055,0.004,0.004,0.026,0.003,-0.1,-1.1,0.52,0.395,-2.0,0.556,0.556,-0.6,0.348,0.556,-0.7,0.325,0.556,8.3,0.509,0.556,8.2,0.326,0.556,0
20140504_0915,-24.67,179.12,529.6,GR.GRA1.,49.691,11.22,153.265,1721.988,1764.213,1778.035,480.0,1.871,0.237,0.312,0.318,0.317,0.313,6.4,3.2,0.515,-0.069,0.1,0.602,0.602,0.6,0.485,0.602,0.5,0.486,0.602,0.3,0.487,0.602,0.4,0.494,0.602,0
20140504_0915,-24.67,179.12,529.6,KO.AFSR.,39.447,33.071,147.919,1692.459,1728.727,1740.36,481.0,2.134,0.055,-0.008,-0.009,-0.011,-0.01,12.1,2.9,0.446,-0.444,11.3,0.375,0.375,12.1,0.458,0.375,-1.2,0.368,0.375,12.1,0.396,0.375,12.1,0.421,0.375,0
20140504_0915,-24.67,179.12,529.6,1G.SA32.,64.988,13.581,138.616,1638.867,1665.753,1674.111,482.0,0.707,0.025,0.063,0.062,0.06,0.064,-13.2,-4.8,0.174,-0.47,9.0,0.565,0.565,7.2,0.495,0.565,7.2,0.493,0.565,7.3,0.489,0.565,7.2,0.492,0.565,0
20140504_0915,-24.67,179.12,529.6,MN.TUE.,46.472,9.347,156.712,1740.535,1786.816,1802.163,483.0,0.871,-0.021,-0.017,-0.01,-0.006,-0.01,7.5,-5.5,0.416,-0.49,-3.0,0.567,0.567,-4.4,0.532,0.567,-4.4,0.534,0.567,5.9,0.526,0.567,5.9,0.53,0.567,0
20140504_0915,-24.67,179.12,529.6,SX.WERN.,50.287,12.376,152.403,1717.296,1758.533,1771.986,484.0,1.381,0.287,0.29,0.285,0.288,0.289,1.8,1.5,0.804,0.565,1.9,0.631,0.631,1.6,0.785,0.631,1.5,0.777,0.631,1.4,0.745,0.631,1.4,0.77,0.631,0
20140504_0915,-24.67,179.12,529.6,YB.AT37.,37.244,36.492,145.844,1680.752,1714.814,1725.659,485.0,5.006,0.195,0.215,0.219,0.214,0.214,-6.9,-0.2,0.346,-0.375,-5.2,0.586,0.586,-4.6,0.555,0.586,6.5,0.62,0.586,6.6,0.599,0.586,6.7,0.579,0.586,0
20140504_0915,-24.67,179.12,529.6,G.SSB.10,45.279,4.542,158.93,1752.276,1801.255,1817.62,486.0,1.004,-0.093,0.104,0.104,0.104,0.104,4.7,4.3,0.394,0.46,-3.9,0.689,0.689,5.7,0.634,0.689,5.7,0.638,0.689,5.6,0.639,0.689,5.6,0.636,0.689,0
20140504_0915,-24.67,179.12,529.6,GU.PCP.,44.541,8.545,158.704,1751.084,1799.785,1816.045,487.0,1.996,0.243,0.148,0.151,0.147,0.145,-5.6,-5.2,0.729,0.778,-7.9,0.652,0.652,-7.0,0.544,0.652,-7.0,0.544,0.652,-7.1,0.554,0.652,-7.0,0.547,0.652,0
20140504_0915,-24.67,179.12,529.6,GB.KESW.,54.589,-3.105,150.036,1704.268,1742.845,1755.316,488.0,1.06,0.316,0.295,0.301,0.295,0.301,0.8,1.1,0.707,0.78,-2.4,0.773,0.773,0.9,0.669,0.773,0.6,0.717,0.773,0.5,0.733,0.773,0.6,0.724,0.773,0
20140504_0915,-24.67,179.12,529.6,NO.SPB4.00,78.179,16.348,125.898,1561.042,1577.388,1582.277,489.0,0.892,0.122,-0.185,-0.192,-0.199,-0.194,-1.9,-4.6,0.663,-0.93,-4.8,0.669,0.669,-4.5,0.564,0.669,-4.5,0.569,0.669,-4.5,0.574,0.669,-4.5,0.572,0.669,0
20140504_0915,-24.67,179.12,529.6,KO.KDZE.,41.313,31.443,148.467,1695.535,1732.395,1744.242,490.0,0.0,,,,,,-16.0,-8.0,0.0,0.0,-16.0,0.0,0.0,-16.0,0.0,0.0,-16.0,0.0,0.0,-16.0,0.0,0.0,-16.0,0.0,0.0,0
20140504_0915,-24.67,179.12,529.6,TH.LEIB1.,50.576,11.198,152.466,1717.639,1758.947,1772.427,491.0,0.458,0.001,0.002,0.003,0.003,0.003,-0.1,-3.8,0.628,0.928,-12.6,0.549,0.549,-12.1,0.435,0.549,-12.2,0.433,0.549,-12.3,0.436,0.549,-12.3,0.43,0.549,0
20140504_0915,-24.67,179.12,529.6,KO.CEYT.,37.011,35.748,146.47,1684.3,1719.023,1730.103,492.0,0.393,0.064,0.041,0.043,0.043,0.042,-1.3,-1.6,0.613,0.539,2.7,0.508,0.508,3.8,0.552,0.508,3.2,0.677,0.508,3.3,0.653,0.508,3.5,0.621,0.508,0
20140504_0915,-24.67,179.12,529.6,IV.RNI2.,41.703,14.152,158.894,1752.087,1801.022,1817.37,493.0,3.754,0.159,0.047,0.054,0.05,0.05,0.8,-1.3,0.585,-0.257,-9.9,0.394,0.394,6.0,0.381,0.394,6.0,0.387,0.394,5.9,0.387,0.394,6.0,0.385,0.394,0
20140504_0915,-24.67,179.12,529.6,LX.GGNV.,38.718,-9.151,164.305,1780.058,1835.858,1854.834,494.0,1.943,0.391,0.37,0.404,0.4,0.398,1.7,5.1,0.715,-0.626,0.4,0.764,0.764,1.0,0.817,0.764,0.9,0.83,0.764,0.9,0.827,0.764,0.9,0.827,0.764,0
20140504_0915,-24.67,179.12,529.6,RD.LOR.,47.268,3.859,157.089,1742.545,1789.281,1804.799,495.0,1.178,0.121,0.035,0.033,0.032,0.033,5.2,5.3,0.621,0.758,3.6,0.514,0.514,0.5,0.607,0.514,0.5,0.592,0.514,0.4,0.575,0.514,0.5,0.585,0.514,0
20140504_0915,-24.67,179.12,529.6,TH.GRZ1.,50.691,12.22,152.086,1715.563,1756.438,1769.758,496.0,1.615,0.279,0.317,0.312,0.313,0.311,-0.9,-0.6,0.57,0.639,-0.5,0.526,0.526,-1.0,0.846,0.526,-1.2,0.848,0.526,-1.2,0.846,0.526,-1.2,0.845,0.526,0
20140504_0915,-24.67,179.12,529.6,IV.AOI.,43.55,13.602,157.709,1745.833,1793.319,1809.12,497.0,1.028,0.151,0.189,0.182,0.186,0.183,5.7,4.9,0.375,0.08,-0.3,0.669,0.669,-2.2,0.543,0.669,-2.3,0.531,0.669,-2.3,0.525,0.669,-2.3,0.533,0.669,0
20140504_0915,-24.67,179.12,529.6,YB.AT40.,38.849,32.451,148.553,1696.012,1732.965,1744.845,498.0,0.856,0.296,-0.098,0.248,0.247,0.25,-1.0,3.3,0.61,-0.435,4.4,0.631,0.631,1.3,0.77,0.631,4.7,0.725,0.631,4.7,0.713,0.631,4.8,0.706,0.631,0
20140504_0915,-24.67,179.12,529.6,YB.AT12.,39.452,34.745,146.676,1685.464,1720.405,1731.562,499.0,0.697,0.286,0.203,0.208,0.208,0.207,2.0,2.3,0.641,0.474,-4.7,0.572,0.572,-2.8,0.621,0.572,7.3,0.599,0.572,7.4,0.544,0.572,-3.6,0.46,0.572,0
20140504_0915,-24.67,179.12,529.6,XK.W08KB.,-11.61,34.296,130.059,1587.08,1606.585,1612.469,500.0,8.227,0.529,0.591,0.596,0.591,0.591,1.4,1.4,0.954,0.945,0.7,0.953,0.953,0.7,0.958,0.953,0.5,0.953,0.953,0.4,0.948,0.953,0.5,0.953,0.953,0
20140504_0915,-24.67,179.12,529.6,FR.ARTF.00,43.587,5.805,160.307,1759.481,1810.171,1827.186,501.0,0.873,0.166,0.117,0.121,0.126,0.122,4.1,0.2,0.643,-0.41,0.2,0.869,0.869,2.5,0.759,0.869,2.4,0.74,0.869,2.2,0.717,0.869,2.3,0.731,0.869,0
20140504_0915,-24.67,179.12,529.6,TH.ZEITZ.,51.051,12.126,151.788,1713.93,1754.467,1767.661,502.0,1.153,0.142,0.183,0.179,0.18,0.179,-0.9,-0.5,0.756,0.803,4.9,0.332,0.332,-0.1,0.38,0.332,-0.1,0.356,0.332,-11.2,0.323,0.332,-0.1,0.344,0.332,0
20140504_0915,-24.67,179.12,529.6,EI.IWEX.,52.374,-6.774,151.936,1714.742,1755.447,1768.703,503.0,1.813,0.098,0.161,0.155,0.149,0.151,-3.8,-3.4,0.507,0.596,-2.5,0.874,0.874,-0.2,0.644,0.874,-0.2,0.644,0.874,-0.3,0.614,0.874,-0.3,0.62,0.874,0
20140504_0915,-24.67,179.12,529.6,FR.TURF.00,43.975,7.392,159.549,1755.52,1805.264,1821.919,504.0,1.292,0.162,0.054,0.056,0.061,0.057,-6.9,4.7,0.535,-0.805,1.0,0.425,0.425,2.4,0.392,0.425,2.4,0.395,0.425,2.3,0.411,0.425,2.3,0.402,0.425,0
20140504_0915,-24.67,179.12,529.6,YB.AT09.,38.402,37.57,144.785,1674.726,1707.681,1718.137,505.0,3.281,0.224,0.252,0.24,0.247,0.249,7.6,4.1,0.53,-0.553,9.9,0.551,0.551,10.0,0.377,0.551,9.6,0.471,0.551,9.7,0.449,0.551,9.8,0.423,0.551,0
20140504_0915,-24.67,179.12,529.6,NA.SEUG.,17.478,-62.974,122.075,1536.621,1550.337,1554.414,506.0,5.905,0.418,0.416,0.449,0.434,0.419,1.1,1.2,0.673,0.664,1.0,0.732,0.732,0.9,0.761,0.732,0.5,0.779,0.732,0.8,0.78,0.732,0.9,0.765,0.732,0
20140504_0915,-24.67,179.12,529.6,IV.CAGR.,37.622,14.5,161.583,1766.102,1818.402,1836.029,507.0,1.435,-0.088,0.323,0.323,0.32,0.323,6.0,3.1,0.668,-0.671,4.5,0.492,0.492,8.9,0.581,0.492,9.1,0.598,0.492,9.0,0.555,0.492,9.0,0.565,0.492,0
20140504_0915,-24.67,179.12,529.6,IV.PALZ.,40.944,15.96,158.512,1750.076,1798.542,1814.713,508.0,1.894,0.24,0.09,0.097,0.095,0.098,5.5,2.4,0.656,-0.563,6.8,0.444,0.444,2.5,0.709,0.444,2.4,0.714,0.444,2.3,0.711,0.444,2.4,0.711,0.444,0
20140504_0915,-24.67,179.12,529.6,TA.F60A.,45.969,-71.951,120.33,1525.315,1537.918,1541.656,509.0,4.279,0.43,0.264,0.229,0.249,0.252,-0.5,-0.4,0.765,0.856,-0.1,0.767,0.767,-0.6,0.727,0.767,-1.1,0.699,0.767,-0.7,0.714,0.767,-0.7,0.718,0.767,0
20140504_0915,-24.67,179.12,529.6,IV.MTRZ.,44.313,11.425,157.952,1747.118,1794.899,1810.811,510.0,1.393,0.268,0.165,0.165,0.163,0.165,-4.8,-0.7,0.713,-0.856,-9.8,0.385,0.385,-8.5,0.585,0.385,-8.6,0.599,0.385,-8.8,0.576,0.385,-8.7,0.587,0.385,0
20140504_0915,-24.67,179.12,529.6,IV.GROG.,43.426,9.892,159.271,1754.066,1803.466,1819.991,511.0,1.005,0.053,0.052,0.057,0.065,0.06,5.5,-2.4,0.488,-0.43,-6.9,0.735,0.735,-6.3,0.635,0.735,-6.3,0.635,0.735,-6.4,0.648,0.735,-6.4,0.641,0.735,0
20140504_0915,-24.67,179.12,529.6,EI.IGLA.,53.419,-9.375,150.551,1707.116,1746.264,1758.945,512.0,1.063,-0.139,-0.072,-0.088,-0.098,-0.087,-1.9,-2.5,0.681,0.53,-4.5,0.72,0.72,-2.3,0.849,0.72,-2.8,0.763,0.72,-3.1,0.721,0.72,-2.8,0.779,0.72,0
20140504_0915,-24.67,179.12,529.6,GR.GRA2.,49.654,11.358,153.26,1721.962,1764.182,1778.001,513.0,1.868,0.119,0.18,0.187,0.193,0.186,-12.0,-5.5,0.35,-0.732,-8.4,0.578,0.578,-8.1,0.6,0.578,-8.2,0.593,0.578,-8.3,0.586,0.578,-8.2,0.593,0.578,0
20140504_0915,-24.67,179.12,529.6,FR.SMPL.00,42.095,9.285,160.653,1761.281,1812.404,1829.584,514.0,0.772,0.034,0.075,0.077,0.078,0.075,-4.5,-4.3,0.645,0.687,-6.5,0.659,0.659,-6.1,0.802,0.659,-6.2,0.795,0.659,-6.3,0.78,0.659,-6.2,0.791,0.659,0
20140504_0915,-24.67,179.12,529.6,NO.NBO00.00,61.031,10.778,142.771,1663.159,1694.063,1703.803,515.0,2.759,0.161,0.154,0.154,0.152,0.151,7.6,-0.4,0.404,0.036,8.2,0.618,0.618,11.7,0.506,0.618,11.6,0.506,0.618,11.6,0.509,0.618,11.6,0.509,0.618,0
20140504_0915,-24.67,179.12,529.6,FR.RUSF.01,43.941,5.484,160.041,1758.092,1808.448,1825.336,516.0,1.635,0.135,-0.059,-0.056,-0.045,-0.051,1.2,-4.5,0.448,0.298,6.2,0.542,0.542,-0.5,0.407,0.542,-0.5,0.405,0.542,-0.6,0.414,0.542,-0.5,0.411,0.542,0
20140504_0915,-24.67,179.12,529.6,GE.PSZ.,47.918,19.894,151.547,1712.605,1752.869,1765.962,517.0,1.707,0.246,0.097,0.1,0.096,0.103,-6.2,5.5,0.741,-0.768,-4.8,0.518,0.518,-4.1,0.307,0.518,12.7,0.314,0.518,12.7,0.328,0.518,12.7,0.31,0.518,0
20140504_0915,-24.67,179.12,529.6,CH.SGT05.,47.442,9.456,155.794,1735.634,1780.82,1795.755,518.0,1.127,0.402,0.252,0.255,0.263,0.261,1.6,-1.3,0.804,-0.802,0.1,0.771,0.771,-4.7,0.726,0.771,-4.8,0.731,0.771,-4.9,0.72,0.771,-4.8,0.721,0.771,0
20140504_0915,-24.67,179.12,529.6,IV.BDI.,44.062,10.597,158.468,1749.84,1798.251,1814.402,519.0,1.178,0.1,0.145,0.145,0.15,0.152,-5.9,-2.2,0.493,-0.862,2.7,0.439,0.439,-7.1,0.719,0.439,-7.2,0.712,0.439,-7.3,0.684,0.439,-7.2,0.706,0.439,0
20140504_0915,-24.67,179.12,529.6,GU.RORO.,44.112,8.066,159.235,1753.875,1803.23,1819.738,520.0,2.693,0.139,0.168,0.164,0.158,0.163,6.1,1.8,0.367,-0.422,-9.1,0.473,0.473,-8.4,0.356,0.473,-8.4,0.356,0.473,-8.5,0.366,0.473,-8.4,0.36,0.473,0
20140504_0915,-24.67,179.12,529.6,IV.MSCL.,38.232,15.79,160.41,1760.018,1810.837,1827.901,521.0,0.689,0.163,0.051,0.047,0.045,0.048,-0.9,-0.8,0.682,0.739,-4.4,0.347,0.347,-2.9,0.381,0.347,-3.1,0.357,0.347,-3.2,0.356,0.347,-3.0,0.367,0.347,0
20140504_0915,-24.67,179.12,529.6,XK.Z02PP.,-12.696,30.136,131.915,1598.515,1619.513,1625.886,522.0,9.507,0.655,0.63,0.638,0.642,0.637,1.3,1.3,0.8,0.792,0.2,0.866,0.866,0.3,0.809,0.866,0.1,0.825,0.866,-0.1,0.859,0.866,0.0,0.832,0.866,0
20140504_0915,-24.67,179.12,529.6,CH.ZUR.,47.369,8.581,156.088,1737.208,1782.743,1797.81,523.0,1.748,0.186,0.012,0.006,-0.001,0.005,1.5,4.4,0.514,-0.735,0.0,0.65,0.65,1.4,0.791,0.65,1.4,0.796,0.65,1.4,0.799,0.65,1.4,0.794,0.65,0
20140504_0915,-24.67,179.12,529.6,XJ.LL22.,-2.52,35.599,135.368,1619.496,1643.428,1650.784,524.0,5.264,0.642,0.626,0.644,0.644,0.64,0.8,0.9,0.864,0.856,0.0,0.752,0.752,0.2,0.741,0.752,-0.1,0.758,0.752,-0.2,0.764,0.752,0.0,0.751,0.752,0
20140504_0915,-24.67,179.12,529.6,GE.SANT.,36.371,25.459,154.59,1729.158,1772.924,1787.325,525.0,0.439,-0.001,-0.017,-0.019,-0.019,-0.018,-1.5,-1.6,0.416,0.807,5.2,0.296,0.296,9.7,0.365,0.296,9.5,0.36,0.296,9.5,0.364,0.296,9.6,0.366,0.296,0
20140504_0915,-24.67,179.12,529.6,XJ.PR52.,-2.959,35.702,135.006,1617.32,1640.935,1648.184,526.0,1.258,0.081,0.088,0.083,0.084,0.085,-4.0,4.6,0.648,-0.757,-0.1,0.414,0.414,-0.1,0.452,0.414,-0.1,0.421,0.414,-0.1,0.407,0.414,-0.1,0.431,0.414,0
20140504_0915,-24.67,179.12,529.6,FR.RENF.00,48.119,-1.635,156.543,1739.638,1785.717,1800.988,527.0,1.714,0.037,-0.055,-0.053,-0.051,-0.057,3.9,3.8,0.699,0.573,4.4,0.502,0.502,-2.7,0.643,0.502,-2.8,0.653,0.502,-2.9,0.655,0.502,-2.8,0.652,0.502,0
20140504_0915,-24.67,179.12,529.6,CH.SGT03.,47.366,9.199,155.933,1736.376,1781.726,1796.724,528.0,1.469,0.154,0.152,0.148,0.144,0.148,-5.9,-2.8,0.762,-0.512,-7.4,0.69,0.69,-5.8,0.604,0.69,-5.8,0.609,0.69,-5.9,0.621,0.69,-5.9,0.606,0.69,0
20140504_0915,-24.67,179.12,529.6,NR.NE218.,-20.563,26.218,127.65,1572.068,1589.71,1595.004,529.0,9.571,0.685,0.673,0.678,0.69,0.676,1.5,1.6,0.921,0.916,0.9,0.951,0.951,0.7,0.953,0.951,0.7,0.955,0.951,0.5,0.96,0.951,0.7,0.956,0.951,1
20140504_0915,-24.67,179.12,529.6,XK.Q04NM.,-13.331,35.658,127.895,1573.601,1591.43,1596.781,530.0,8.307,0.626,0.637,0.645,0.638,0.637,1.4,1.5,0.956,0.959,0.7,0.944,0.944,0.6,0.948,0.944,0.5,0.952,0.944,0.5,0.957,0.944,0.5,0.952,0.944,1
20140504_0915,-24.67,179.12,529.6,IV.PESA.,43.941,12.84,157.713,1745.854,1793.345,1809.147,531.0,0.89,0.249,0.137,0.145,0.148,0.142,0.7,0.6,0.83,0.838,-4.9,0.643,0.643,-0.2,0.507,0.643,-0.2,0.571,0.643,-0.3,0.59,0.643,-0.2,0.563,0.643,0
20140504_0915,-24.67,179.12,529.6,SX.SCHF.,50.677,12.403,152.047,1715.348,1756.179,1769.481,532.0,1.442,0.169,0.127,0.125,0.118,0.124,-2.1,1.6,0.523,-0.633,-1.4,0.672,0.672,-2.0,0.85,0.672,-2.2,0.852,0.672,-2.2,0.838,0.672,-2.3,0.841,0.672,0
20140504_0915,-24.67,179.12,529.6,GB.LMK.,53.457,-0.326,151.21,1710.754,1750.639,1763.592,533.0,0.59,0.218,0.268,0.266,0.266,0.267,3.5,3.9,0.663,0.676,2.5,0.55,0.55,0.1,0.655,0.55,0.0,0.686,0.55,-0.1,0.7,0.55,0.0,0.681,0.55,0
20140504_0915,-24.67,179.12,529.6,GE.DAMY.,14.573,44.392,136.382,1625.582,1650.416,1658.079,534.0,1.327,0.051,0.041,0.025,0.034,0.035,-0.1,1.4,0.856,0.952,-13.8,0.237,0.237,-12.9,0.272,0.237,-4.3,0.117,0.237,-13.2,0.185,0.237,-13.2,0.192,0.237,0
20140504_0915,-24.67,179.12,529.6,GR.GRB5.,49.111,11.675,153.658,1724.124,1766.804,1780.796,535.0,1.741,-0.08,0.005,0.012,0.011,0.004,-0.5,3.0,0.58,0.327,8.0,0.515,0.515,9.0,0.467,0.515,8.9,0.493,0.515,8.8,0.515,0.515,8.9,0.499,0.515,0
20140504_0915,-24.67,179.12,529.6,KO.BAYT.,40.394,40.141,142.434,1661.21,1691.778,1701.401,536.0,4.326,0.27,0.181,0.175,0.176,0.176,-5.5,2.0,0.745,-0.709,-5.5,0.643,0.643,-5.4,0.622,0.643,-5.2,0.626,0.643,-5.2,0.624,0.643,-5.3,0.626,0.643,0
20140504_0915,-24.67,179.12,529.6,WI.MPOM.00,14.447,-60.859,122.984,1542.472,1556.79,1561.052,537.0,3.735,0.493,0.61,0.61,0.6,0.606,0.7,0.7,0.865,0.857,0.6,0.951,0.951,0.4,0.943,0.951,-0.2,0.948,0.951,0.3,0.946,0.951,0.4,0.942,0.951,0
20140504_0915,-24.67,179.12,529.6,NO.SPB2.00,78.174,16.385,125.9,1561.054,1577.402,1582.291,538.0,0.887,0.122,-0.183,-0.191,-0.197,-0.192,-1.9,-4.6,0.681,-0.928,-4.8,0.649,0.649,-4.5,0.545,0.649,-4.5,0.55,0.649,-4.5,0.556,0.649,-4.5,0.553,0.649,0
20140504_0915,-24.67,179.12,529.6,SX.NEUB.,51.194,11.772,151.753,1713.738,1754.236,1767.415,539.0,1.017,0.015,0.025,0.022,0.021,0.022,1.7,-2.1,0.444,-0.007,6.6,0.439,0.439,0.5,0.61,0.439,0.5,0.583,0.439,0.5,0.542,0.439,0.5,0.572,0.439,0
20140504_0915,-24.67,179.12,529.6,YB.AT46.,37.303,35.576,146.547,1684.735,1719.539,1730.647,540.0,1.457,0.295,0.423,0.405,0.409,0.413,-2.1,1.9,0.803,-0.615,2.3,0.504,0.504,3.9,0.518,0.504,3.3,0.53,0.504,3.4,0.555,0.504,3.6,0.553,0.504,0
20140504_0915,-24.67,179.12,529.6,XK.W04VR.,-13.721,34.12,128.619,1578.124,1596.506,1602.033,541.0,0.351,0.034,0.031,0.032,0.032,0.032,8.9,-4.2,0.717,-0.996,-9.3,0.357,0.357,-9.4,0.349,0.357,-9.5,0.347,0.357,-9.7,0.344,0.357,-9.5,0.347,0.357,0
20140504_0915,-24.67,179.12,529.6,1G.SA12.,68.973,18.914,134.138,1612.071,1634.934,1641.929,542.0,1.903,0.058,0.108,0.109,0.112,0.111,2.8,-2.7,0.326,-0.822,-0.6,0.762,0.762,2.6,0.585,0.762,2.6,0.562,0.762,2.6,0.557,0.762,2.6,0.567,0.762,0
20140504_0915,-24.67,179.12,529.6,NO.SPB5.00,78.182,16.368,125.894,1561.013,1577.356,1582.244,543.0,0.903,0.112,-0.187,-0.194,-0.2,-0.196,-1.9,-4.6,0.666,-0.926,-4.7,0.67,0.67,-4.5,0.563,0.67,-4.5,0.568,0.67,-4.4,0.574,0.67,-4.4,0.572,0.67,0
20140504_0915,-24.67,179.12,529.6,XJ.NG56.,-3.096,35.409,135.143,1618.14,1641.874,1649.164,544.0,3.768,0.56,0.545,0.571,0.572,0.555,1.5,1.6,0.77,0.776,0.5,0.844,0.844,0.7,0.835,0.844,0.4,0.85,0.844,0.4,0.845,0.844,0.6,0.838,0.844,0
20140504_0915,-24.67,179.12,529.6,OE.MYKA.,46.63,13.642,155.163,1732.248,1776.688,1791.343,545.0,1.341,0.306,0.218,0.215,0.217,0.215,-8.8,-5.3,0.456,-0.711,2.3,0.524,0.524,2.5,0.835,0.524,2.4,0.86,0.524,2.4,0.862,0.524,2.4,0.86,0.524,0
20140504_0915,-24.67,179.12,529.6,IV.NRCA.,42.834,13.114,158.496,1749.99,1798.436,1814.599,546.0,1.276,0.199,0.161,0.159,0.158,0.16,0.0,2.1,0.339,-0.002,-10.5,0.508,0.508,-3.3,0.411,0.508,-3.4,0.403,0.508,-3.3,0.402,0.508,-3.4,0.405,0.508,0
20140504_0915,-24.67,179.12,529.6,G.IVI.00,61.206,-48.171,131.503,1595.99,1616.653,1622.915,547.0,1.368,0.221,0.179,0.193,0.186,0.183,10.2,3.3,0.656,0.06,2.0,0.75,0.75,1.5,0.708,0.75,1.4,0.715,0.75,1.5,0.719,0.75,1.5,0.715,0.75,0
20140504_0915,-24.67,179.12,529.6,NO.NC602.00,60.735,11.541,142.935,1664.105,1695.174,1704.971,548.0,4.131,0.203,0.201,0.195,0.189,0.195,-7.9,1.8,0.426,0.197,1.6,0.649,0.649,4.9,0.447,0.649,4.8,0.438,0.649,4.7,0.437,0.649,4.8,0.439,0.649,0
20140504_0915,-24.67,179.12,529.6,AF.TEBE.,0.054,32.483,139.408,1643.541,1671.172,1679.783,549.0,6.429,0.413,0.373,0.393,0.396,0.39,-0.3,-0.1,0.883,0.85,-8.3,0.504,0.504,-8.1,0.518,0.504,-8.3,0.516,0.504,-8.4,0.518,0.504,-8.2,0.519,0.504,0
20140504_0915,-24.67,179.12,529.6,GU.TRAV.,45.513,7.747,158.026,1747.511,1795.383,1811.33,550.0,0.785,0.112,0.026,0.031,0.033,0.027,-3.1,-3.2,0.843,0.806,-8.3,0.669,0.669,-6.6,0.469,0.669,-6.6,0.472,0.669,-6.8,0.489,0.669,-6.7,0.476,0.669,0
20140504_0915,-24.67,179.12,529.6,KO.SVAN.,38.151,41.198,142.021,1658.82,1688.979,1698.46,551.0,2.11,0.336,0.329,0.315,0.316,0.326,1.0,-3.3,0.301,-0.376,-11.1,0.493,0.493,-9.4,0.493,0.493,-10.0,0.515,0.493,-9.8,0.509,0.493,-9.7,0.508,0.493,0
20140504_0915,-24.67,179.12,529.6,GE.RUE.,52.476,13.78,150.056,1704.38,1742.979,1755.459,552.0,1.7,0.223,0.208,0.215,0.225,0.218,-4.3,-4.1,0.52,0.432,0.5,0.575,0.575,-8.0,0.576,0.575,-8.0,0.559,0.575,-8.0,0.562,0.575,-8.0,0.569,0.575,0
20140504_0915,-24.67,179.12,529.6,GU.ROTM.,44.849,8.353,158.477,1749.891,1798.313,1814.468,553.0,1.618,0.227,0.122,0.121,0.122,0.122,-1.9,3.7,0.793,0.486,5.6,0.396,0.396,-9.3,0.373,0.396,-9.3,0.372,0.396,-9.4,0.374,0.396,-9.3,0.374,0.396,0
20140504_0915,-24.67,179.12,529.6,CH.VDL.,46.483,9.45,156.673,1740.328,1786.562,1801.892,554.0,0.432,0.019,0.061,0.063,0.065,0.064,0.6,-0.3,0.413,0.563,-3.6,0.735,0.735,4.6,0.688,0.735,4.6,0.667,0.735,4.6,0.649,0.735,4.6,0.67,0.735,0
20140504_0915,-24.67,179.12,529.6,GE.PBUR.,56.024,21.929,144.514,1673.179,1705.855,1716.213,555.0,4.987,0.101,0.328,0.318,0.321,0.319,2.6,2.7,0.466,0.484,1.6,0.363,0.363,5.8,0.661,0.363,5.9,0.639,0.363,6.0,0.604,0.363,5.9,0.635,0.363,0
20140504_0915,-24.67,179.12,529.6,RD.PGF.,42.548,8.999,160.353,1759.722,1810.469,1827.505,556.0,0.682,-0.105,-0.026,-0.025,-0.028,-0.03,-0.4,-0.3,0.873,0.913,-5.9,0.486,0.486,-3.0,0.394,0.486,-2.9,0.386,0.486,-3.0,0.377,0.486,-3.1,0.384,0.486,0
20140504_0915,-24.67,179.12,529.6,XJ.KEN2.,-1.918,36.287,135.216,1618.581,1642.378,1649.69,557.0,3.124,0.402,0.389,0.398,0.4,0.397,0.7,-2.6,0.579,-0.324,-8.3,0.632,0.632,-8.1,0.653,0.632,-8.4,0.638,0.632,-8.4,0.631,0.632,-8.3,0.641,0.632,0
20140504_0915,-24.67,179.12,529.6,KO.BNGB.,38.991,40.679,142.291,1660.383,1690.809,1700.383,558.0,1.637,0.174,0.246,0.242,0.244,0.245,-0.5,-0.8,0.445,0.346,0.4,0.369,0.369,-1.6,0.311,0.369,-10.2,0.236,0.369,-10.1,0.212,0.369,-2.0,0.225,0.369,0
20140504_0915,-24.67,179.12,529.6,IS.AMAZ.,31.532,34.915,147.836,1691.998,1728.178,1739.779,559.0,1.801,0.18,0.244,0.271,0.263,0.255,1.7,-1.5,0.789,-0.636,-4.3,0.682,0.682,1.6,0.724,0.682,0.3,0.611,0.682,0.9,0.608,0.682,1.2,0.67,0.682,0
20140504_0915,-24.67,179.12,529.6,IV.TERO.,42.623,13.604,158.444,1749.716,1798.098,1814.238,560.0,0.766,0.078,0.02,0.026,0.031,0.024,-0.7,-0.9,0.594,0.581,7.7,0.407,0.407,-4.6,0.817,0.407,-4.7,0.812,0.407,-4.7,0.817,0.407,-4.6,0.816,0.407,0
20140504_0915,-24.67,179.12,529.6,KO.BODT.,37.062,27.31,152.96,1720.33,1762.204,1775.895,561.0,1.233,0.085,0.169,0.085,0.084,0.172,1.5,3.5,0.49,-0.076,-3.1,0.353,0.353,8.1,0.552,0.353,-3.3,0.635,0.353,-3.3,0.628,0.353,7.9,0.543,0.353,0
20140504_0915,-24.67,179.12,529.6,CZ.PRU.,49.988,14.542,151.995,1715.065,1755.837,1769.118,562.0,1.215,0.294,0.195,0.193,0.194,0.193,-0.6,-0.8,0.899,0.887,5.7,0.691,0.691,5.7,0.494,0.691,-9.5,0.449,0.691,-9.6,0.458,0.691,-9.6,0.437,0.691,0
20140504_0915,-24.67,179.12,529.6,IV.ATPC.,43.481,12.457,158.249,1748.689,1796.833,1812.883,563.0,1.6,0.29,0.159,0.153,0.146,0.151,7.8,-3.3,0.407,0.241,3.8,0.521,0.521,3.9,0.588,0.521,3.9,0.6,0.521,3.8,0.615,0.521,3.9,0.601,0.521,0
20140504_0915,-24.67,179.12,529.6,TA.D61A.,47.202,-70.187,121.63,1533.745,1547.174,1551.162,564.0,2.564,0.257,0.32,0.284,0.298,0.311,-0.9,-0.5,0.559,0.427,-1.3,0.59,0.59,-1.0,0.795,0.59,-1.5,0.715,0.59,-1.0,0.758,0.59,-1.0,0.781,0.59,0
20140504_0915,-24.67,179.12,529.6,IV.MESG.,40.589,17.85,157.684,1745.698,1793.153,1808.942,565.0,0.865,0.014,0.256,0.275,0.284,0.266,0.8,-3.1,0.689,-0.791,0.1,0.58,0.58,0.2,0.771,0.58,0.0,0.824,0.58,-0.1,0.836,0.58,0.0,0.81,0.58,0
20140504_0915,-24.67,179.12,529.6,CH.BNALP.,46.87,8.425,156.591,1739.893,1786.029,1801.322,566.0,0.538,0.012,0.115,0.112,0.11,0.113,3.9,4.0,0.69,0.493,10.8,0.306,0.306,-3.5,0.503,0.306,-3.5,0.511,0.306,-3.6,0.498,0.306,-3.5,0.502,0.306,0
20140504_0915,-24.67,179.12,529.6,KO.YEDI.,39.438,40.544,142.316,1660.527,1690.977,1700.56,567.0,1.29,0.085,0.108,0.104,0.105,0.106,11.8,4.4,0.471,-0.546,8.5,0.386,0.386,7.4,0.575,0.386,7.2,0.52,0.386,7.2,0.528,0.386,7.3,0.552,0.386,0
20140504_0915,-24.67,179.12,529.6,CN.GGN.,45.118,-66.842,123.845,1547.988,1562.889,1567.33,568.0,2.162,0.297,0.356,0.312,0.34,0.351,-1.1,-0.9,0.743,0.709,-1.2,0.822,0.822,-1.6,0.814,0.822,-2.1,0.799,0.822,-1.8,0.804,0.822,-1.7,0.807,0.822,0
20140504_0915,-24.67,179.12,529.6,MN.IDI.,35.288,24.89,155.382,1733.424,1778.121,1792.874,569.0,1.14,0.147,0.181,0.177,0.179,0.179,6.7,2.8,0.577,-0.269,4.9,0.734,0.734,6.3,0.562,0.734,6.0,0.587,0.734,6.1,0.582,0.734,6.2,0.574,0.734,0
20140504_0915,-24.67,179.12,529.6,IV.SSFR.,43.436,12.782,158.151,1748.17,1796.194,1812.198,570.0,0.709,-0.055,0.046,0.049,0.053,0.049,-8.6,-4.5,0.585,-0.696,-12.9,0.474,0.474,-4.0,0.589,0.474,-4.3,0.594,0.474,-4.4,0.572,0.474,-4.3,0.584,0.474,0
20140504_0915,-24.67,179.12,529.6,GR.WET.,49.145,12.88,153.263,1721.981,1764.204,1778.025,571.0,1.45,0.059,0.252,0.256,0.262,0.258,-2.1,4.1,0.803,-0.813,1.4,0.481,0.481,0.4,0.62,0.481,0.4,0.618,0.481,0.3,0.625,0.481,0.4,0.616,0.481,0
20140504_0915,-24.67,179.12,529.6,NO.NC204.00,61.276,10.763,142.539,1661.82,1692.493,1702.153,572.0,1.486,0.181,0.183,0.191,0.201,0.195,-2.5,-5.2,0.497,-0.601,-1.6,0.534,0.534,-9.6,0.495,0.534,-9.8,0.483,0.534,-9.8,0.489,0.534,-9.7,0.492,0.534,0
20140504_0915,-24.67,179.12,529.6,FR.ISO.00,44.184,7.05,159.444,1754.971,1804.585,1821.191,573.0,2.333,0.007,0.044,0.049,0.049,0.044,0.9,2.5,0.441,0.362,2.8,0.57,0.57,4.4,0.73,0.57,4.4,0.727,0.57,4.3,0.726,0.57,4.3,0.727,0.57,0
20140504_0915,-24.67,179.12,529.6,YB.AT30.,38.764,34.005,147.413,1689.617,1725.343,1736.78,574.0,0.787,0.171,-0.022,-0.007,-0.008,-0.013,-6.4,-3.3,0.592,-0.375,-6.6,0.596,0.596,-8.4,0.485,0.596,-7.8,0.619,0.596,-8.1,0.541,0.596,-8.2,0.51,0.596,0
20140504_0915,-24.67,179.12,529.6,IV.MRLC.,40.756,15.489,158.898,1752.109,1801.049,1817.4,575.0,2.211,0.189,0.258,0.268,0.272,0.261,2.4,-3.7,0.337,-0.551,-0.1,0.9,0.9,-0.5,0.884,0.9,-0.6,0.877,0.9,-0.6,0.873,0.9,-0.6,0.879,0.9,0
20140504_0915,-24.67,179.12,529.6,FR.ATE.00,43.086,-0.701,161.584,1766.105,1818.405,1836.033,576.0,0.0,,,,,,-16.0,-8.0,0.0,0.0,-16.0,0.0,0.0,-16.0,0.0,0.0,-16.0,0.0,0.0,-16.0,0.0,0.0,-16.0,0.0,0.0,0
20140504_0915,-24.67,179.12,529.6,FR.BSTF.00,43.801,5.643,160.14,1758.611,1809.091,1826.026,577.0,1.309,-0.003,0.132,0.134,0.13,0.128,0.1,-0.1,0.619,0.773,-4.8,0.267,0.267,-2.6,0.326,0.267,-2.6,0.329,0.267,-2.6,0.34,0.267,-2.6,0.334,0.267,0
20140504_0915,-24.67,179.12,529.6,YB.AT26.,37.63,36.731,145.584,1679.275,1713.063,1723.812,578.0,0.348,0.024,0.031,0.03,0.03,0.031,-0.1,4.1,0.85,0.991,-13.1,0.301,0.301,-12.5,0.39,0.301,-13.4,0.293,0.301,-13.1,0.327,0.301,-12.9,0.352,0.301,0
20140504_0915,-24.67,179.12,529.6,1G.SA16.,67.152,21.078,135.389,1619.627,1643.578,1650.941,579.0,0.462,0.014,0.035,0.035,0.035,0.035,5.0,-4.0,0.8,-0.767,-1.8,0.338,0.338,1.4,0.228,0.338,1.4,0.227,0.338,1.3,0.229,0.338,1.4,0.232,0.338,0
20140504_0915,-24.67,179.12,529.6,PM.PVAQ.,37.404,-7.717,165.994,1788.606,1846.616,1866.46,580.0,2.081,0.17,0.125,0.138,0.145,0.136,0.5,0.7,0.964,0.96,1.8,0.866,0.866,1.9,0.801,0.866,1.9,0.757,0.866,2.0,0.704,0.866,2.0,0.75,0.866,0
20140504_0915,-24.67,179.12,529.6,YB.AT55.,37.084,35.087,146.973,1687.138,1722.394,1733.664,581.0,0.35,0.037,0.049,0.048,0.048,0.049,-0.1,3.8,0.821,0.961,-11.6,0.255,0.255,-2.2,0.336,0.255,3.3,0.325,0.255,3.8,0.233,0.255,-2.7,0.264,0.255,0
20140504_0915,-24.67,179.12,529.6,KO.URFA.,37.441,38.821,143.986,1670.153,1702.286,1712.455,582.0,0.457,0.025,0.024,0.025,0.025,0.025,2.6,-4.2,0.795,-0.045,9.2,0.407,0.407,9.9,0.416,0.407,9.4,0.435,0.407,9.5,0.428,0.407,9.6,0.422,0.407,0
20140504_0915,-24.67,179.12,529.6,NL.HGN.02,50.764,5.932,153.382,1722.628,1764.989,1778.862,583.0,1.707,0.026,0.129,0.132,0.128,0.128,-5.6,-1.3,0.355,-0.843,-3.2,0.901,0.901,-3.1,0.548,0.901,-2.9,0.543,0.901,-3.1,0.556,0.901,-3.1,0.548,0.901,0
20140504_0915,-24.67,179.12,529.6,TA.I64A.,43.92,-69.635,121.784,1534.739,1548.266,1552.285,584.0,2.367,0.262,0.452,0.358,0.39,0.424,-0.2,-0.5,0.76,0.772,-0.7,0.66,0.66,-0.4,0.796,0.66,-1.0,0.74,0.66,-0.5,0.78,0.66,-0.5,0.789,0.66,0
20140504_0915,-24.67,179.12,529.6,IV.MODR.,41.146,13.878,159.45,1755.002,1804.623,1821.232,585.0,0.537,0.052,0.023,0.026,0.028,0.028,-5.1,-1.8,0.682,-0.349,-5.0,0.631,0.631,2.1,0.737,0.631,2.0,0.728,0.631,1.9,0.725,0.631,2.0,0.731,0.631,0
20140504_0915,-24.67,179.12,529.6,KO.DYBB.,37.953,40.139,142.876,1663.764,1694.774,1704.55,586.0,2.203,0.206,0.091,0.091,0.092,0.09,-1.6,4.0,0.442,0.031,3.0,0.443,0.443,3.8,0.595,0.443,3.4,0.541,0.443,3.5,0.556,0.443,3.6,0.576,0.443,0
20140504_0915,-24.67,179.12,529.6,ZR.N1301.,66.095,13.116,137.637,1633.062,1659.041,1667.09,587.0,2.148,0.139,0.037,0.033,0.033,0.035,-0.1,3.5,0.596,0.85,-6.3,0.351,0.351,2.8,0.49,0.351,2.8,0.492,0.351,2.8,0.492,0.351,2.8,0.492,0.351,0
20140504_0915,-24.67,179.12,529.6,GB.HPK.,53.958,-1.624,150.707,1707.978,1747.3,1760.045,588.0,0.79,0.124,0.083,0.086,0.088,0.085,10.3,-5.6,0.5,0.461,-8.9,0.424,0.424,-10.9,0.527,0.424,-11.0,0.538,0.424,-11.1,0.542,0.424,-11.0,0.532,0.424,0
20140504_0915,-24.67,179.12,529.6,MN.WDD.,35.837,14.524,162.669,1771.696,1825.384,1843.543,589.0,2.099,-0.001,-0.033,-0.041,-0.044,-0.039,-2.4,-3.2,0.633,0.551,6.8,0.711,0.711,6.0,0.792,0.711,6.1,0.779,0.711,6.2,0.772,0.711,6.0,0.786,0.711,0
20140504_0915,-24.67,179.12,529.6,YQ.CRTR.,-9.332,33.751,132.078,1599.52,1620.653,1627.07,590.0,1.859,0.293,0.335,0.321,0.315,0.322,0.6,1.0,0.655,0.74,-0.7,0.407,0.407,-0.6,0.337,0.407,-0.8,0.381,0.407,-0.9,0.413,0.407,-0.7,0.374,0.407,0
20140504_0915,-24.67,179.12,529.6,TT.THTN.00,35.562,8.688,166.337,1790.33,1848.793,1868.817,591.0,0.93,-0.062,-0.007,-0.017,0.113,-0.013,2.8,3.7,0.455,0.396,-5.4,0.461,0.461,-5.1,0.422,0.461,-4.7,0.422,0.461,2.6,0.365,0.461,-4.7,0.427,0.461,0
20140504_0915,-24.67,179.12,529.6,XK.B12SS.,-18.746,22.197,131.111,1593.577,1613.922,1620.08,592.0,6.694,0.704,0.657,0.661,0.68,0.67,1.6,1.7,0.914,0.892,0.6,0.953,0.953,0.8,0.945,0.953,0.8,0.948,0.953,0.5,0.961,0.953,0.6,0.954,0.953,1
20140504_0915,-24.67,179.12,529.6,OE.SOKA.,46.678,15.033,154.587,1729.146,1772.909,1787.309,593.0,1.262,0.035,-0.003,-0.006,-0.009,-0.005,-4.3,-4.0,0.377,0.751,-6.7,0.484,0.484,-6.6,0.481,0.484,-6.7,0.479,0.484,-6.7,0.477,0.484,-6.7,0.479,0.484,0
20140504_0915,-24.67,179.12,529.6,GR.NRDL.,52.494,10.107,150.955,1709.35,1748.95,1761.798,594.0,1.457,0.343,0.23,0.238,0.249,0.241,-6.0,4.3,0.574,-0.619,-0.1,0.551,0.551,-9.8,0.546,0.551,-9.8,0.545,0.551,-9.8,0.546,0.551,-9.8,0.547,0.551,0
20140504_0915,-24.67,179.12,529.6,IV.BRMO.,46.476,10.372,156.408,1738.914,1784.83,1800.041,595.0,1.861,0.277,0.348,0.35,0.349,0.348,-9.3,-4.7,0.534,-0.406,-2.4,0.656,0.656,-2.3,0.786,0.656,-2.2,0.766,0.656,-2.3,0.763,0.656,-2.3,0.776,0.656,0
20140504_0915,-24.67,179.12,529.6,1G.SA50.,63.114,16.322,139.892,1646.388,1674.479,1683.248,596.0,0.36,0.017,0.02,0.02,0.021,0.02,2.2,4.2,0.668,0.843,5.0,0.141,0.141,4.5,0.093,0.141,4.6,0.095,0.141,4.7,0.1,0.141,4.6,0.094,0.141,0
20140504_0915,-24.67,179.12,529.6,FR.CALF.01,43.753,6.922,159.879,1757.25,1807.405,1824.217,597.0,1.308,0.116,0.074,0.073,0.068,0.07,2.0,2.1,0.388,0.407,-5.8,0.591,0.591,-3.8,0.509,0.591,-3.8,0.505,0.591,-3.9,0.505,0.591,-3.9,0.507,0.591,0
20140504_0915,-24.67,179.12,529.6,XK.W15SS.,-15.682,34.975,126.605,1565.504,1582.366,1587.416,598.0,4.88,0.34,0.355,0.353,0.35,0.354,0.7,0.9,0.958,0.944,0.6,0.867,0.867,0.5,0.876,0.867,0.4,0.88,0.867,0.3,0.886,0.867,0.4,0.881,0.867,0
20140504_0915,-24.67,179.12,529.6,GE.MTE.,40.4,-7.544,163.311,1774.983,1829.496,1847.973,599.0,0.934,0.07,-0.004,-0.006,-0.002,-0.007,-0.7,2.6,0.767,0.381,3.0,0.769,0.769,3.0,0.712,0.769,2.9,0.668,0.769,2.9,0.608,0.769,2.9,0.653,0.769,0
20140504_0915,-24.67,179.12,529.6,GR.GTTG.,51.546,9.964,151.871,1714.386,1755.017,1768.246,600.0,1.408,0.171,0.235,0.235,0.235,0.235,1.5,1.1,0.328,0.1,-8.1,0.395,0.395,-8.8,0.455,0.395,-8.8,0.464,0.395,-8.7,0.476,0.395,-8.8,0.458,0.395,0
20140504_0915,-24.67,179.12,529.6,GE.ISP.00,37.843,30.509,150.303,1705.75,1744.623,1757.204,601.0,0.684,0.096,0.088,0.103,0.1,0.097,-4.8,5.2,0.323,0.039,8.4,0.533,0.533,2.9,0.537,0.533,9.3,0.423,0.533,9.3,0.437,0.533,2.7,0.48,0.533,0
20140504_0915,-24.67,179.12,529.6,YB.AT32.,38.297,34.889,146.859,1686.498,1721.633,1732.86,602.0,1.382,0.185,0.07,0.072,0.071,0.071,-1.4,4.2,0.463,-0.715,1.4,0.559,0.559,9.4,0.406,0.559,0.0,0.441,0.559,2.4,0.309,0.559,-5.2,0.326,0.559,0
20140504_0915,-24.67,179.12,529.6,KO.SIRT.,37.501,42.439,141.133,1653.652,1682.939,1692.119,603.0,3.037,0.062,0.073,0.071,0.071,0.074,-2.2,-3.1,0.841,0.908,-4.8,0.53,0.53,-4.2,0.631,0.53,-3.9,0.787,0.53,-3.9,0.753,0.53,-3.9,0.698,0.53,0
20140504_0915,-24.67,179.12,529.6,XJ.PR62.,-2.983,35.374,135.242,1618.739,1642.56,1649.88,604.0,3.533,0.474,0.465,0.468,0.462,0.466,0.5,0.6,0.828,0.817,-0.5,0.905,0.905,-0.3,0.894,0.905,-0.5,0.902,0.905,-0.6,0.9,0.905,-0.5,0.897,0.905,0
20140504_0915,-24.67,179.12,529.6,MN.VTS.,42.618,23.235,153.25,1721.907,1764.114,1777.93,605.0,1.35,0.066,0.117,0.116,0.113,0.112,-3.8,5.3,0.548,-0.699,3.3,0.701,0.701,2.9,0.69,0.701,2.6,0.684,0.701,2.6,0.685,0.701,2.7,0.687,0.701,0
20140504_0915,-24.67,179.12,529.6,GR.FUR.,48.164,11.277,154.623,1729.34,1773.146,1787.562,606.0,1.683,0.229,0.08,0.085,0.089,0.085,7.3,3.5,0.664,-0.365,-5.8,0.393,0.393,12.0,0.391,0.393,6.0,0.384,0.393,5.9,0.387,0.393,5.9,0.382,0.393,0
20140504_0915,-24.67,179.12,529.6,FR.CHIF.00,46.133,-0.408,158.533,1750.186,1798.677,1814.858,607.0,1.334,0.051,0.126,0.124,0.122,0.123,-2.6,1.9,0.58,-0.854,0.6,0.544,0.544,-2.0,0.669,0.544,-1.9,0.655,0.544,-2.0,0.656,0.544,-2.0,0.661,0.544,0
20140504_0915,-24.67,179.12,529.6,TA.H66A.,44.786,-67.312,123.499,1545.771,1560.436,1564.804,608.0,3.096,0.363,0.415,0.438,0.432,0.424,1.0,1.1,0.769,0.881,1.2,0.779,0.779,0.5,0.811,0.779,0.2,0.791,0.779,0.4,0.803,0.779,0.5,0.806,0.779,0
20140504_0915,-24.67,179.12,529.6,AF.AAUS.,9.035,38.766,139.164,1642.101,1669.501,1678.033,609.0,2.317,0.443,0.393,0.503,0.487,0.409,-0.2,0.0,0.906,0.886,-8.5,0.372,0.372,-8.6,0.389,0.372,-0.7,0.844,0.372,-0.6,0.813,0.372,-8.9,0.362,0.372,0
20140504_0915,-24.67,179.12,529.6,IV.GMB.,38.168,15.829,160.427,1760.103,1810.942,1828.014,610.0,1.675,0.074,0.167,0.162,0.159,0.166,-5.2,-4.8,0.584,0.627,-8.6,0.712,0.712,-7.9,0.669,0.712,-8.0,0.67,0.712,-8.1,0.675,0.712,-8.0,0.673,0.712,0
20140504_0915,-24.67,179.12,529.6,TA.M65A.,41.562,-70.647,120.802,1528.38,1541.279,1545.107,611.0,5.141,0.502,0.451,0.398,0.419,0.435,0.1,0.1,0.823,0.853,0.0,0.683,0.683,-0.1,0.778,0.683,-0.6,0.699,0.683,-0.2,0.735,0.683,-0.2,0.754,0.683,0
20140504_0915,-24.67,179.12,529.6,YB.AT60.,37.016,34.364,147.552,1690.399,1726.273,1737.764,612.0,0.955,0.123,0.075,0.081,0.077,0.075,-5.1,-4.6,0.625,0.629,-4.6,0.694,0.694,-3.5,0.489,0.694,-5.1,0.686,0.694,-4.7,0.707,0.694,-4.4,0.656,0.694,0
20140504_0915,-24.67,179.12,529.6,IV.ESLN.,37.693,14.974,161.249,1764.374,1816.249,1833.715,613.0,1.058,0.057,0.114,0.112,0.11,0.114,1.3,4.4,0.557,-0.683,7.8,0.487,0.487,9.6,0.48,0.487,9.7,0.443,0.487,9.5,0.417,0.487,9.6,0.447,0.487,0
20140504_0915,-24.67,179.12,529.6,NR.NE216.,-20.196,24.537,128.771,1579.075,1597.575,1603.139,614.0,9.018,0.638,0.672,0.683,0.696,0.683,1.2,1.3,0.84,0.861,0.3,0.919,0.919,0.5,0.917,0.919,0.4,0.916,0.919,0.1,0.916,0.919,0.3,0.915,0.919,1
20140504_0915,-24.67,179.12,529.6,YB.AT01.,39.724,36.711,145.142,1676.764,1710.091,1720.677,615.0,2.317,0.146,0.05,0.068,0.067,0.061,-2.4,-2.1,0.669,0.611,0.2,0.539,0.539,0.0,0.818,0.539,-0.1,0.876,0.539,-0.1,0.858,0.539,0.0,0.841,0.539,0
20140504_0915,-24.67,179.12,529.6,YB.AT31.,38.573,34.508,147.081,1687.751,1723.122,1734.433,616.0,1.448,0.028,0.106,0.093,0.096,0.1,9.0,-0.1,0.35,-0.654,-2.8,0.551,0.551,6.1,0.717,0.551,7.2,0.589,0.551,6.8,0.722,0.551,6.3,0.748,0.551,0
20140504_0915,-24.67,179.12,529.6,TA.G60A.,45.098,-72.334,119.979,1523.029,1535.414,1539.086,617.0,1.809,0.322,0.29,0.339,0.345,0.313,-1.6,-5.1,0.559,-0.242,2.8,0.557,0.557,2.8,0.626,0.557,2.8,0.672,0.557,2.8,0.65,0.557,2.8,0.642,0.557,0
20140504_0915,-24.67,179.12,529.6,CH.GIMEL.,46.534,6.265,157.401,1744.2,1791.312,1806.972,618.0,0.623,0.017,0.018,0.014,0.01,0.014,1.8,-1.9,0.549,-0.475,-0.1,0.615,0.615,-3.1,0.602,0.615,-3.1,0.605,0.615,-3.2,0.597,0.615,-3.2,0.597,0.615,0
20140504_0915,-24.67,179.12,529.6,IV.CAFI.,43.329,11.966,158.574,1750.403,1798.945,1815.145,619.0,2.522,0.042,0.021,0.021,0.02,0.021,-0.1,4.6,0.945,-0.754,5.3,0.216,0.216,3.3,0.21,0.216,3.2,0.226,0.216,3.1,0.236,0.216,3.2,0.225,0.216,0
20140504_0915,-24.67,179.12,529.6,XK.Q01MP.,-13.408,34.87,128.361,1576.516,1594.701,1600.164,620.0,1.088,0.245,0.215,0.223,0.228,0.222,1.2,1.0,0.552,0.396,-0.1,0.584,0.584,-0.2,0.558,0.584,-0.3,0.563,0.584,-0.4,0.567,0.584,-0.3,0.563,0.584,0
20140504_0915,-24.67,179.12,529.6,GE.WLF.,49.665,6.153,154.412,1728.2,1771.758,1786.081,621.0,1.558,0.086,-0.068,-0.052,-0.055,-0.055,-8.7,4.5,0.338,-0.065,2.1,0.696,0.696,11.8,0.392,0.696,12.0,0.39,0.696,11.9,0.387,0.696,12.0,0.391,0.696,0
20140504_0915,-24.67,179.12,529.6,YB.AT14.,38.628,36.06,145.891,1681.016,1715.127,1725.989,622.0,1.349,0.327,0.393,0.403,0.401,0.397,1.5,4.9,0.734,-0.781,11.8,0.386,0.386,5.7,0.463,0.386,5.6,0.514,0.386,5.7,0.498,0.386,5.7,0.486,0.386,0
20140504_0915,-24.67,179.12,529.6,1G.SA48.,63.23,13.678,140.247,1648.471,1676.902,1685.787,623.0,1.331,0.035,-0.012,-0.01,-0.007,-0.009,1.5,4.3,0.613,0.601,1.8,0.796,0.796,3.2,0.798,0.796,3.2,0.794,0.796,3.1,0.797,0.796,3.2,0.797,0.796,0
20140504_0915,-24.67,179.12,529.6,1G.SA41.,63.967,10.232,140.032,1647.209,1675.433,1684.247,624.0,1.28,-0.093,-0.015,-0.018,-0.017,-0.015,4.7,2.1,0.465,-0.612,6.9,0.478,0.478,-4.3,0.53,0.478,-4.3,0.526,0.478,-4.3,0.519,0.478,-4.3,0.526,0.478,0
20140504_0915,-24.67,179.12,529.6,XJ.NG54.,-2.732,35.36,135.415,1619.782,1643.754,1651.126,625.0,4.101,0.546,0.539,0.557,0.561,0.55,1.3,1.2,0.916,0.903,0.3,0.84,0.84,0.6,0.813,0.84,0.2,0.841,0.84,0.2,0.846,0.84,0.4,0.826,0.84,0
20140504_0915,-24.67,179.12,529.6,HE.SUF.,62.719,26.147,137.901,1634.633,1660.855,1668.987,626.0,1.021,0.241,-0.079,-0.079,-0.078,-0.079,4.9,4.7,0.645,0.674,-0.4,0.7,0.7,3.1,0.768,0.7,3.1,0.786,0.7,3.1,0.785,0.7,3.1,0.781,0.7,0
20140504_0915,-24.67,179.12,529.6,NO.ARE0.00,69.535,25.506,132.506,1602.14,1623.626,1630.16,627.0,0.718,-0.16,-0.225,-0.221,-0.218,-0.223,-10.7,-2.1,0.365,0.226,-2.0,0.696,0.696,-8.2,0.707,0.696,-8.1,0.708,0.696,-8.0,0.713,0.696,-8.1,0.714,0.696,0
20140504_0915,-24.67,179.12,529.6,IV.SACR.,41.397,14.706,158.847,1751.838,1800.714,1817.041,628.0,2.228,0.233,0.322,0.317,0.311,0.312,-0.6,-0.7,0.572,0.491,-3.1,0.764,0.764,-2.6,0.767,0.764,-2.7,0.768,0.764,-2.8,0.777,0.764,-2.7,0.771,0.764,0
20140504_0915,-24.67,179.12,529.6,GR.GRB1.,49.39,11.651,153.415,1722.805,1765.203,1779.09,629.0,2.509,0.023,0.114,0.108,0.105,0.112,4.4,4.5,0.511,0.531,4.0,0.482,0.482,8.0,0.471,0.482,8.0,0.47,0.482,8.1,0.449,0.482,8.2,0.45,0.482,0
20140504_0915,-24.67,179.12,529.6,TA.F61A.,45.974,-70.992,120.995,1529.632,1542.654,1546.518,630.0,2.853,0.336,0.498,0.507,0.506,0.504,0.7,1.1,0.75,0.735,1.0,0.799,0.799,0.3,0.843,0.799,-0.1,0.899,0.799,0.1,0.868,0.799,0.2,0.856,0.799,0
20140504_0915,-24.67,179.12,529.6,GE.MORC.,49.777,17.543,151.098,1710.135,1749.894,1762.8,631.0,1.332,0.107,0.381,0.384,0.388,0.382,-5.6,1.5,0.538,-0.569,-2.1,0.401,0.401,1.0,0.474,0.401,0.8,0.482,0.401,0.8,0.489,0.401,0.9,0.489,0.401,0
20140504_0915,-24.67,179.12,529.6,FR.WLS.00,48.413,7.354,155.388,1733.452,1778.156,1792.911,632.0,1.109,0.223,0.151,0.154,0.155,0.152,5.4,-2.0,0.411,-0.873,0.0,0.715,0.715,-2.4,0.198,0.715,-2.5,0.192,0.715,-2.4,0.181,0.715,-2.4,0.189,0.715,0
20140504_0915,-24.67,179.12,529.6,CH.SULZ.,47.528,8.112,156.055,1737.027,1782.522,1797.574,633.0,1.102,0.265,0.204,0.205,0.208,0.206,0.4,0.3,0.489,0.456,-1.0,0.819,0.819,-0.1,0.672,0.819,-0.1,0.669,0.819,-0.2,0.697,0.819,-0.2,0.682,0.819,0
20140504_0915,-24.67,179.12,529.6,TA.H63A.,44.662,-70.035,121.56,1533.292,1546.674,1550.649,634.0,3.61,0.398,0.309,0.316,0.315,0.312,0.1,0.7,0.624,0.678,0.3,0.856,0.856,0.3,0.834,0.856,-0.1,0.872,0.856,0.1,0.865,0.856,0.2,0.849,0.856,0
20140504_0915,-24.67,179.12,529.6,XJ.KEN3.,-2.093,36.119,135.237,1618.709,1642.526,1649.843,635.0,1.96,0.254,0.236,0.248,0.249,0.244,0.7,0.8,0.736,0.776,0.0,0.612,0.612,0.2,0.603,0.612,-0.1,0.617,0.612,-0.1,0.607,0.612,0.1,0.604,0.612,0
20140504_0915,-24.67,179.12,529.6,FR.ARBF.00,43.492,5.332,160.502,1760.498,1811.433,1828.54,636.0,1.52,-0.101,0.059,0.054,0.048,0.053,-1.0,-3.5,0.261,-0.372,-3.1,0.495,0.495,8.0,0.256,0.495,8.0,0.243,0.495,7.8,0.221,0.495,7.9,0.234,0.495,0
20140504_0915,-24.67,179.12,529.6,KO.GAZ.,37.172,37.21,145.295,1677.631,1711.116,1721.759,637.0,0.0,,,,,,-16.0,-8.0,0.0,0.0,-16.0,0.0,0.0,-16.0,0.0,0.0,-16.0,0.0,0.0,-16.0,0.0,0.0,-16.0,0.0,0.0,0
20140504_0915,-24.67,179.12,529.6,YQ.MBHS.,-9.431,33.985,131.847,1598.101,1619.044,1625.398,638.0,7.964,0.588,0.59,0.597,0.596,0.593,0.9,0.7,0.694,0.722,0.3,0.576,0.576,0.4,0.575,0.576,0.2,0.586,0.576,0.0,0.593,0.576,0.3,0.583,0.576,0
20140504_0915,-24.67,179.12,529.6,NI.CGRP.,45.881,11.805,156.465,1739.22,1785.205,1800.441,639.0,2.157,0.08,0.127,0.133,0.14,0.135,-1.1,2.3,0.341,0.417,2.0,0.408,0.408,-3.1,0.688,0.408,-3.1,0.677,0.408,-3.1,0.67,0.408,-3.1,0.683,0.408,0
20140504_0915,-24.67,179.12,529.6,1G.SA37.,64.247,16.818,138.771,1639.786,1666.817,1675.224,640.0,0.348,0.024,0.003,0.002,0.002,0.002,4.5,-4.5,0.732,-0.778,2.9,0.249,0.249,4.3,0.127,0.249,4.4,0.135,0.249,4.4,0.136,0.249,4.4,0.13,0.249,0
20140504_0915,-24.67,179.12,529.6,CZ.OKC.,49.835,18.14,150.82,1708.603,1748.051,1760.843,641.0,2.076,0.201,0.194,0.191,0.185,0.188,-2.2,-1.2,0.687,0.647,0.2,0.505,0.505,-6.3,0.492,0.505,-6.5,0.479,0.505,1.3,0.457,0.505,1.3,0.458,0.505,0
20140504_0915,-24.67,179.12,529.6,IV.CESX.,42.608,12.587,158.907,1752.154,1801.105,1817.46,642.0,3.215,0.017,0.188,0.193,0.198,0.194,-3.5,-1.5,0.425,0.078,-12.1,0.321,0.321,7.3,0.46,0.321,7.2,0.461,0.321,7.2,0.445,0.321,7.2,0.457,0.321,0
20140504_0915,-24.67,179.12,529.6,FR.TERF.00,43.68,-1.11,160.989,1763.027,1814.574,1831.915,643.0,0.793,0.112,-0.082,-0.086,-0.095,-0.085,-7.7,-2.0,0.648,-0.522,5.6,0.39,0.39,-11.4,0.325,0.39,-11.6,0.312,0.39,-11.6,0.311,0.39,-11.6,0.315,0.39,0
20140504_0915,-24.67,179.12,529.6,1G.SA11.,69.132,18.05,134.123,1611.983,1634.834,1641.824,644.0,0.857,0.002,-0.035,-0.035,-0.034,-0.035,3.9,4.6,0.672,0.776,-3.3,0.216,0.216,-3.3,0.115,0.216,-3.3,0.12,0.216,-3.3,0.125,0.216,-3.3,0.121,0.216,0
20140504_0915,-24.67,179.12,529.6,CH.DAGMA.,47.231,8.012,156.356,1738.638,1784.493,1799.68,645.0,1.23,0.22,0.167,0.173,0.165,0.175,0.2,3.3,0.819,-0.253,0.0,0.625,0.625,4.2,0.357,0.625,4.2,0.372,0.625,4.2,0.35,0.625,4.2,0.356,0.625,0
20140504_0915,-24.67,179.12,529.6,GU.NEGI.,43.846,7.703,159.582,1755.696,1805.481,1822.153,646.0,1.439,0.156,0.105,0.107,0.109,0.107,-4.2,4.7,0.412,-0.647,0.6,0.705,0.705,2.1,0.519,0.705,2.0,0.516,0.705,2.0,0.522,0.705,2.0,0.52,0.705,0
20140504_0915,-24.67,179.12,529.6,CH.FUORN.,46.62,10.264,156.311,1738.398,1784.199,1799.366,647.0,0.364,0.042,0.044,0.044,0.044,0.044,-3.0,1.7,0.538,0.257,7.8,0.606,0.606,8.2,0.557,0.606,8.2,0.527,0.606,8.2,0.536,0.606,8.2,0.54,0.606,0
20140504_0915,-24.67,179.12,529.6,NR.NE213.,-25.476,22.857,124.851,1554.398,1569.997,1574.654,648.0,3.393,0.523,0.513,0.514,0.506,0.501,-1.1,-1.1,0.79,0.833,-1.8,0.621,0.621,-1.5,0.679,0.621,-1.5,0.677,0.621,-1.6,0.663,0.621,-1.6,0.673,0.621,0
20140504_0915,-24.67,179.12,529.6,CH.METMA.,47.712,8.253,155.848,1735.923,1781.173,1796.133,649.0,2.007,0.263,0.284,0.285,0.285,0.286,7.0,-4.4,0.549,-0.355,-3.0,0.538,0.538,-0.8,0.714,0.538,-0.8,0.718,0.538,-0.9,0.709,0.538,-0.8,0.709,0.538,0
20140504_0915,-24.67,179.12,529.6,NL.1980.,50.8,5.973,153.341,1722.404,1764.718,1778.573,650.0,1.142,-0.091,-0.021,-0.019,-0.02,-0.02,6.3,-1.2,0.515,-0.588,-3.1,0.772,0.772,6.8,0.37,0.772,6.7,0.366,0.772,6.7,0.365,0.772,6.7,0.373,0.772,0
20140504_0915,-24.67,179.12,529.6,NL.OPLO.01,51.589,5.812,152.598,1718.361,1759.82,1773.356,651.0,0.757,0.14,0.126,0.13,0.131,0.128,8.5,5.1,0.38,-0.29,1.0,0.571,0.571,1.4,0.417,0.571,1.4,0.421,0.571,1.4,0.423,0.571,1.4,0.423,0.571,0
20140504_0915,-24.67,179.12,529.6,IV.AMUR.,40.907,16.604,158.184,1748.345,1796.409,1812.429,652.0,1.06,0.141,0.174,0.184,0.188,0.179,1.6,-3.2,0.52,-0.765,0.2,0.763,0.763,-0.1,0.699,0.763,-0.1,0.679,0.763,-0.1,0.683,0.763,-0.1,0.688,0.763,0
20140504_0915,-24.67,179.12,529.6,CH.BERGE.,47.872,8.178,155.717,1735.217,1780.311,1795.212,653.0,1.38,0.145,0.095,0.092,0.091,0.094,3.1,2.9,0.665,0.736,0.2,0.715,0.715,-3.9,0.639,0.715,-3.9,0.635,0.715,-3.9,0.628,0.715,-3.9,0.635,0.715,0
20140504_0915,-24.67,179.12,529.6,CZ.JAVC.,48.859,17.671,151.78,1713.882,1754.409,1767.6,654.0,1.715,0.341,0.27,0.268,0.267,0.267,-2.3,-2.7,0.774,0.762,3.0,0.52,0.52,-0.6,0.67,0.52,0.1,0.591,0.52,0.6,0.623,0.52,0.1,0.572,0.52,0
20140504_0915,-24.67,179.12,529.6,IS.MMLI.,32.438,35.422,147.348,1689.254,1724.91,1736.323,655.0,1.097,0.354,0.402,0.387,0.388,0.395,-0.4,-4.8,0.678,-0.788,-8.0,0.367,0.367,7.7,0.429,0.367,6.4,0.406,0.367,6.8,0.409,0.367,7.1,0.419,0.367,0
20140504_0915,-24.67,179.12,529.6,WI.ILAM.00,14.774,-60.875,123.082,1543.101,1557.485,1561.767,656.0,1.535,0.062,0.259,0.254,0.279,0.267,-0.7,-5.0,0.39,-0.296,5.5,0.526,0.526,5.6,0.502,0.526,4.9,0.502,0.526,5.4,0.492,0.526,5.6,0.499,0.526,0
20140504_0915,-24.67,179.12,529.6,AF.SVMA.,16.84,-24.925,156.235,1737.991,1783.701,1798.833,657.0,4.094,0.467,0.402,0.425,0.423,0.418,2.3,2.6,0.844,0.872,2.0,0.891,0.891,1.9,0.906,0.891,1.3,0.891,0.891,1.5,0.897,0.891,1.7,0.903,0.891,0
20140504_0915,-24.67,179.12,529.6,IV.TOLF.,42.064,12.0,159.602,1755.801,1805.612,1822.293,658.0,1.122,0.003,0.161,0.156,0.151,0.156,-4.1,-4.0,0.579,0.539,-12.1,0.491,0.491,-3.6,0.484,0.491,-3.9,0.43,0.491,-4.4,0.392,0.491,-3.9,0.432,0.491,0
20140504_0915,-24.67,179.12,529.6,IV.MCSR.,38.065,15.23,160.857,1762.34,1813.721,1830.998,659.0,2.084,0.379,0.42,0.417,0.415,0.418,3.8,3.7,0.608,0.525,1.1,0.825,0.825,0.4,0.642,0.825,0.2,0.682,0.825,0.3,0.694,0.825,0.4,0.673,0.825,0
20140504_0915,-24.67,179.12,529.6,GR.GEC2.,48.844,13.701,153.258,1721.954,1764.171,1777.99,660.0,2.336,0.24,0.203,0.224,0.232,0.221,-4.8,3.3,0.552,-0.383,-11.3,0.398,0.398,-3.5,0.464,0.398,-3.6,0.453,0.398,-3.7,0.437,0.398,-3.6,0.449,0.398,0
20140504_0915,-24.67,179.12,529.6,ZR.N1313.,65.688,14.171,137.873,1634.467,1660.663,1668.786,661.0,0.647,0.023,-0.061,-0.061,-0.062,-0.062,6.3,-3.8,0.627,-0.802,2.4,0.46,0.46,4.3,0.493,0.46,4.3,0.479,0.46,4.2,0.472,0.46,4.3,0.48,0.46,0
20140504_0915,-24.67,179.12,529.6,DK.MUD.,56.455,9.173,147.386,1689.466,1725.162,1736.59,662.0,1.697,0.044,0.143,0.133,0.135,0.136,-3.4,-3.4,0.854,0.901,-3.9,0.379,0.379,-4.6,0.349,0.379,-4.7,0.341,0.379,-4.8,0.334,0.379,-4.8,0.336,0.379,0
20140504_0915,-24.67,179.12,529.6,NO.NB201.00,61.049,11.294,142.675,1662.608,1693.417,1703.124,663.0,2.379,0.094,0.154,0.158,0.162,0.158,-2.9,-2.2,0.623,0.595,-3.1,0.663,0.663,-2.8,0.387,0.663,-3.0,0.381,0.663,-3.0,0.367,0.663,-3.0,0.374,0.663,0
20140504_0915,-24.67,179.12,529.6,IV.SERS.,39.036,16.689,159.359,1754.526,1804.035,1820.601,664.0,1.254,0.122,0.112,0.111,0.109,0.111,3.4,-4.2,0.556,0.428,-4.2,0.721,0.721,-5.4,0.606,0.721,-5.6,0.611,0.721,-5.6,0.619,0.721,-5.5,0.612,0.721,0
20140504_0915,-24.67,179.12,529.6,AF.EKNA.,4.234,9.328,157.327,1743.805,1790.827,1806.453,665.0,2.369,0.501,0.513,0.531,0.558,0.528,0.5,0.8,0.797,0.831,0.4,0.812,0.812,0.5,0.803,0.812,0.3,0.81,0.812,-0.1,0.825,0.812,0.3,0.815,0.812,0
20140504_0915,-24.67,179.12,529.6,GR.HAM3.,53.568,9.974,149.977,1703.943,1742.455,1754.903,666.0,1.429,-0.125,-0.062,-0.057,-0.057,-0.059,-5.4,3.6,0.434,-0.907,2.6,0.611,0.611,4.6,0.436,0.611,4.8,0.442,0.611,4.6,0.487,0.611,4.6,0.477,0.611,0
20140504_0915,-24.67,179.12,529.6,YB.AT64.,36.601,34.121,147.828,1691.95,1728.121,1739.718,667.0,1.159,0.068,0.054,0.053,0.048,0.048,7.5,0.3,0.395,-0.328,-11.3,0.371,0.371,-3.5,0.445,0.371,-3.8,0.477,0.371,-3.7,0.482,0.371,-3.6,0.484,0.371,0
20140504_0915,-24.67,179.12,529.6,XK.W12MB.,-14.085,34.911,127.834,1573.223,1591.005,1596.342,668.0,6.381,0.685,0.671,0.674,0.671,0.671,0.5,0.5,0.973,0.959,0.0,0.831,0.831,-0.1,0.85,0.831,-0.2,0.847,0.831,-0.3,0.846,0.831,-0.2,0.846,0.831,1
20140504_0915,-24.67,179.12,529.6,CH.SLE.,47.764,8.492,155.742,1735.354,1780.477,1795.39,669.0,0.449,0.065,0.03,0.032,0.033,0.033,-3.2,-2.8,0.519,0.467,-5.2,0.701,0.701,-3.6,0.509,0.701,-3.6,0.503,0.701,-3.6,0.523,0.701,-3.6,0.514,0.701,0
20140504_0915,-24.67,179.12,529.6,TA.G62A.,45.219,-70.532,121.255,1531.319,1544.506,1548.421,670.0,2.115,0.291,0.271,0.269,0.303,0.281,-0.3,-0.1,0.759,0.776,-0.3,0.827,0.827,-0.7,0.729,0.827,-1.4,0.741,0.827,-0.9,0.723,0.827,-0.8,0.722,0.827,0
20140504_0915,-24.67,179.12,529.6,TA.G63A.,45.115,-69.619,121.889,1535.418,1549.014,1553.054,671.0,4.899,0.351,0.308,0.302,0.295,0.296,0.9,0.9,0.671,0.687,0.6,0.605,0.605,0.8,0.671,0.605,0.4,0.613,0.605,0.8,0.67,0.605,0.8,0.672,0.605,0
20140504_0915,-24.67,179.12,529.6,MN.CEL.,38.26,15.894,160.329,1759.595,1810.312,1827.337,672.0,0.687,0.08,0.042,0.037,0.227,0.041,-0.8,-1.2,0.653,0.653,-4.4,0.651,0.651,-3.8,0.59,0.651,-4.0,0.584,0.651,-1.3,0.352,0.651,-3.9,0.587,0.651,0
20140504_0915,-24.67,179.12,529.6,IV.HVZN.,37.178,14.715,161.733,1766.879,1819.37,1837.07,673.0,2.064,0.217,0.001,0.003,0.004,0.0,2.7,3.7,0.623,0.445,12.0,0.558,0.558,4.2,0.43,0.558,4.2,0.363,0.558,4.1,0.364,0.558,4.2,0.39,0.558,0
20140504_0915,-24.67,179.12,529.6,YQ.ILIN.,-9.082,33.333,132.545,1602.378,1623.896,1630.441,674.0,1.012,0.422,0.428,0.427,0.425,0.426,0.7,0.8,0.936,0.858,0.0,0.769,0.769,0.2,0.793,0.769,0.0,0.783,0.769,-0.2,0.777,0.769,0.0,0.783,0.769,0
20140504_0915,-24.67,179.12,529.6,MN.BLY.,44.749,17.184,155.15,1732.176,1776.6,1791.249,675.0,1.483,0.162,0.198,0.201,0.195,0.203,-2.4,4.4,0.53,-0.342,12.6,0.574,0.574,12.4,0.637,0.574,12.4,0.621,0.574,12.4,0.608,0.574,12.4,0.622,0.574,0
20140504_0915,-24.67,179.12,529.6,FR.ASEAF.00,42.795,6.163,160.97,1762.929,1814.452,1831.784,676.0,2.551,0.095,0.002,0.011,0.022,0.012,1.0,-4.1,0.747,0.753,5.1,0.513,0.513,4.1,0.383,0.513,4.2,0.401,0.513,4.2,0.422,0.513,4.2,0.408,0.513,0
20140504_0915,-24.67,179.12,529.6,GE.VSU.,58.462,26.735,140.979,1652.753,1681.89,1691.018,677.0,1.667,0.295,0.168,0.165,0.162,0.164,0.7,-2.9,0.704,-0.277,0.9,0.793,0.793,-8.2,0.458,0.793,-8.3,0.478,0.793,-8.4,0.481,0.793,-8.3,0.477,0.793,0
20140504_0915,-24.67,179.12,529.6,IV.MTSN.,40.266,15.752,159.095,1753.14,1802.322,1818.764,678.0,3.871,0.375,0.375,0.356,0.349,0.365,7.7,4.2,0.648,-0.895,11.2,0.526,0.526,9.8,0.649,0.526,9.9,0.63,0.526,10.0,0.616,0.526,9.9,0.632,0.526,0
20140504_0915,-24.67,179.12,529.6,PL.KWP.,49.631,22.708,149.028,1698.664,1736.133,1748.201,679.0,1.616,0.187,0.216,0.212,0.208,0.212,-4.6,2.5,0.726,-0.414,6.5,0.465,0.465,5.3,0.486,0.465,5.2,0.497,0.465,5.2,0.5,0.465,5.2,0.497,0.465,0
20140504_0915,-24.67,179.12,529.6,KO.KONT.,37.957,32.356,148.873,1697.801,1735.101,1747.107,680.0,0.0,,,,,,-16.0,-8.0,0.0,0.0,-16.0,0.0,0.0,-16.0,0.0,0.0,-16.0,0.0,0.0,-16.0,0.0,0.0,-16.0,0.0,0.0,0
20140504_0915,-24.67,179.12,529.6,KO.FETY.,36.635,29.083,151.74,1713.667,1754.149,1767.323,681.0,0.0,,,,,,-16.0,-8.0,0.0,0.0,-16.0,0.0,0.0,-16.0,0.0,0.0,-16.0,0.0,0.0,-16.0,0.0,0.0,-16.0,0.0,0.0,0
20140504_0915,-24.67,179.12,529.6,PM.ROSA.,38.721,-28.247,152.965,1720.36,1762.24,1775.933,682.0,0.733,0.132,0.069,0.039,0.041,0.051,5.6,5.3,0.764,0.694,5.6,0.632,0.632,5.2,0.626,0.632,4.7,0.633,0.632,4.7,0.638,0.632,4.9,0.636,0.632,0
20140504_0915,-24.67,179.12,529.6,HE.RAF.,61.022,21.765,140.484,1649.86,1678.518,1687.481,683.0,0.526,0.036,-0.042,-0.048,-0.053,-0.048,-0.1,0.0,0.4,0.226,0.4,0.469,0.469,-1.2,0.446,0.469,-1.3,0.424,0.469,-1.4,0.418,0.469,-1.4,0.438,0.469,0
20140504_0915,-24.67,179.12,529.6,HU.PSZ.,47.918,19.894,151.547,1712.605,1752.869,1765.962,684.0,1.707,0.246,0.097,0.1,0.096,0.103,-6.2,5.5,0.741,-0.768,-4.8,0.518,0.518,-4.1,0.307,0.518,12.7,0.314,0.518,12.7,0.328,0.518,12.7,0.31,0.518,0
20140504_0915,-24.67,179.12,529.6,IV.QLNO.,44.324,8.346,158.96,1752.432,1801.448,1817.827,685.0,0.859,0.045,-0.015,0.152,0.149,0.154,-6.3,-3.2,0.549,-0.63,-1.7,0.496,0.496,7.8,0.567,0.496,-6.6,0.426,0.496,-6.8,0.431,0.496,-6.6,0.425,0.496,0
20140504_0915,-24.67,179.12,529.6,KO.KULA.,38.514,28.661,151.464,1712.151,1752.322,1765.38,686.0,0.6,0.09,0.032,0.035,0.035,0.035,-0.1,-0.3,0.681,0.562,-1.2,0.454,0.454,-2.9,0.434,0.454,-2.7,0.518,0.454,-2.9,0.477,0.454,-2.9,0.458,0.454,0
20140504_0915,-24.67,179.12,529.6,SI.MOSI.,46.616,10.55,156.228,1737.953,1783.655,1798.785,687.0,0.883,-0.049,-0.036,-0.033,-0.025,-0.027,3.7,-3.4,0.542,-0.61,-1.2,0.495,0.495,-6.4,0.646,0.495,-6.4,0.656,0.495,-6.4,0.654,0.495,-6.4,0.654,0.495,0
20140504_0915,-24.67,179.12,529.6,1G.SA15.,67.475,18.365,135.579,1620.769,1644.887,1652.308,688.0,0.608,0.079,0.027,0.029,0.031,0.03,6.5,-1.5,0.779,-0.68,0.4,0.59,0.59,3.0,0.369,0.59,2.9,0.398,0.59,2.9,0.41,0.59,2.9,0.397,0.59,0
20140504_0915,-24.67,179.12,529.6,CH.DAVOX.,46.78,9.88,156.28,1738.23,1783.993,1799.146,689.0,1.519,0.159,0.22,0.22,0.223,0.223,1.3,4.6,0.645,-0.118,0.2,0.587,0.587,7.8,0.53,0.587,7.9,0.506,0.587,7.8,0.511,0.587,7.8,0.516,0.587,0
20140504_0915,-24.67,179.12,529.6,SI.BOSI.,46.495,11.318,156.092,1737.227,1782.767,1797.836,690.0,2.56,0.182,0.151,0.157,0.163,0.16,4.4,4.7,0.525,0.642,2.9,0.692,0.692,-0.9,0.54,0.692,-0.9,0.534,0.692,-0.9,0.512,0.692,-0.9,0.539,0.692,0
20140504_0915,-24.67,179.12,529.6,IV.RMP.,41.812,12.705,159.493,1755.228,1804.902,1821.532,691.0,1.614,0.026,0.186,0.191,0.197,0.189,5.5,0.1,0.58,-0.329,-2.9,0.76,0.76,-3.1,0.714,0.76,-3.1,0.707,0.76,-3.2,0.703,0.76,-3.1,0.709,0.76,0
20140504_0915,-24.67,179.12,529.6,IV.CSNT.,43.473,11.29,158.719,1751.164,1799.883,1816.15,692.0,0.888,0.194,0.087,0.086,0.085,0.085,4.4,-0.4,0.718,0.512,-2.6,0.375,0.375,-1.6,0.41,0.375,-1.6,0.424,0.375,-1.7,0.433,0.375,-1.6,0.423,0.375,0
20140504_0915,-24.67,179.12,529.6,PM.PMOZ.,32.823,-17.197,163.564,1776.277,1831.115,1849.719,693.0,2.355,0.246,0.295,0.357,0.341,0.324,1.6,1.5,0.767,0.666,1.7,0.775,0.775,1.3,0.784,0.775,0.7,0.766,0.775,0.7,0.767,0.775,1.0,0.772,0.775,0
20140504_0915,-24.67,179.12,529.6,YB.AT33.,38.029,35.15,146.721,1685.719,1720.708,1731.882,694.0,1.056,0.185,0.254,0.241,0.242,0.245,3.5,-2.2,0.585,0.677,-2.9,0.452,0.452,-1.2,0.638,0.452,3.9,0.479,0.452,4.1,0.518,0.452,-1.5,0.547,0.452,0
20140504_0915,-24.67,179.12,529.6,IV.MPAZ.,37.953,16.007,160.45,1760.226,1811.094,1828.177,695.0,1.184,0.116,0.011,0.008,0.007,0.011,-6.9,-3.5,0.458,-0.592,-1.1,0.542,0.542,-1.2,0.71,0.542,-1.3,0.685,0.542,-1.3,0.672,0.542,-1.3,0.69,0.542,0
20140504_0915,-24.67,179.12,529.6,IV.BSSO.,41.546,14.594,158.793,1751.556,1800.367,1816.669,696.0,0.874,0.275,0.24,0.235,0.231,0.236,2.6,3.3,0.719,0.579,-5.9,0.454,0.454,1.2,0.477,0.454,1.2,0.486,0.454,1.1,0.494,0.454,1.2,0.486,0.454,0
20140504_0915,-24.67,179.12,529.6,TA.J63A.,43.279,-71.078,120.681,1527.6,1540.424,1544.229,697.0,3.351,0.409,0.375,0.365,0.366,0.369,0.9,1.3,0.637,0.653,1.9,0.646,0.646,1.0,0.712,0.646,0.7,0.646,0.646,1.0,0.692,0.646,1.0,0.705,0.646,0
20140504_0915,-24.67,179.12,529.6,IV.PIEI.,43.536,12.535,158.172,1748.281,1796.331,1812.344,698.0,1.465,0.286,0.167,0.16,0.15,0.159,-2.0,-5.0,0.79,-0.793,-6.3,0.473,0.473,-5.7,0.699,0.473,-5.8,0.716,0.473,-5.9,0.707,0.473,-5.8,0.707,0.473,0
20140504_0915,-24.67,179.12,529.6,1G.SA33.,64.903,10.85,139.058,1641.477,1668.778,1677.276,699.0,1.14,0.069,0.086,0.087,0.086,0.087,-0.6,-3.6,0.906,0.942,-2.5,0.459,0.459,-4.1,0.684,0.459,-4.1,0.677,0.459,-4.0,0.678,0.459,-4.1,0.678,0.459,0
20140504_0915,-24.67,179.12,529.6,XK.B13NX.,-18.579,21.994,131.349,1595.039,1615.575,1621.796,700.0,0.366,-0.026,-0.022,-0.022,-0.022,-0.022,8.8,-4.2,0.807,-0.955,-9.3,0.29,0.29,-9.1,0.294,0.29,-9.2,0.293,0.29,-9.5,0.292,0.29,-9.3,0.293,0.29,0
20140504_0915,-24.67,179.12,529.6,IV.POFI.,41.717,13.712,159.097,1753.149,1802.334,1818.777,701.0,2.265,0.131,0.112,0.112,0.108,0.113,3.0,4.0,0.688,0.779,0.6,0.398,0.398,13.9,0.318,0.398,14.0,0.299,0.398,-6.1,0.289,0.398,14.0,0.298,0.398,0
20140504_0915,-24.67,179.12,529.6,CZ.VRAC.,49.308,16.593,151.838,1714.204,1754.797,1768.012,702.0,2.506,0.465,0.296,0.288,0.293,0.287,-5.0,-4.6,0.787,0.765,0.0,0.602,0.602,-2.9,0.793,0.602,-2.7,0.706,0.602,-2.4,0.619,0.602,-2.7,0.693,0.602,0
20140504_0915,-24.67,179.12,529.6,PM.MTE.,40.4,-7.544,163.311,1774.983,1829.496,1847.973,703.0,0.934,0.07,-0.004,-0.006,-0.002,-0.007,-0.7,2.6,0.767,0.381,3.0,0.769,0.769,3.0,0.712,0.769,2.9,0.668,0.769,2.9,0.608,0.769,2.9,0.653,0.769,0
20140504_0915,-24.67,179.12,529.6,DK.ISOG.,65.548,-38.976,132.53,1602.285,1623.791,1630.332,704.0,1.328,-0.025,-0.211,-0.234,-0.229,-0.221,6.5,3.5,0.783,-0.658,-1.6,0.587,0.587,-1.6,0.553,0.587,-1.8,0.555,0.587,-1.8,0.562,0.587,-1.6,0.558,0.587,0
20140504_0915,-24.67,179.12,529.6,KZ.BRVK.,53.058,70.283,120.66,1527.46,1540.27,1544.07,705.0,1.736,0.02,-0.047,-0.043,-0.045,-0.046,9.9,2.1,0.46,-0.805,5.7,0.483,0.483,-2.9,0.595,0.483,-2.9,0.601,0.483,-2.9,0.601,0.483,-2.9,0.6,0.483,0
20140504_0915,-24.67,179.12,529.6,IV.CORL.,37.894,13.304,162.105,1768.794,1821.759,1839.641,706.0,1.576,0.19,0.21,0.178,0.16,0.193,-5.5,4.6,0.626,0.344,2.7,0.546,0.546,2.2,0.542,0.546,2.3,0.554,0.546,2.4,0.558,0.546,2.3,0.549,0.546,0
20140504_0915,-24.67,179.12,529.6,GR.GRC3.,48.889,11.584,153.883,1725.344,1768.286,1782.376,707.0,0.979,0.209,0.063,0.065,0.075,0.066,-0.4,-3.9,0.476,-0.778,-7.6,0.83,0.83,-5.0,0.712,0.83,-5.0,0.685,0.83,-5.1,0.656,0.83,-5.2,0.673,0.83,0
20140504_0915,-24.67,179.12,529.6,FN.SGF.,67.442,26.526,134.022,1611.368,1634.132,1641.094,708.0,1.405,0.158,0.094,0.098,0.097,0.095,3.7,4.0,0.502,0.695,1.4,0.618,0.618,-0.4,0.674,0.618,-0.4,0.723,0.618,-0.4,0.736,0.618,-0.4,0.709,0.618,0
20140504_0915,-24.67,179.12,529.6,1G.SA39.,64.072,14.091,139.396,1643.471,1671.091,1679.698,709.0,1.14,0.084,0.031,0.029,0.031,0.032,-2.3,-2.4,0.77,0.846,-2.4,0.573,0.573,-2.7,0.734,0.573,-2.7,0.733,0.573,-2.6,0.731,0.573,-2.6,0.736,0.573,0
20140504_0915,-24.67,179.12,529.6,RD.ROSF.,48.336,-3.274,156.258,1738.117,1783.855,1798.998,710.0,0.845,0.201,0.155,0.154,0.157,0.158,-2.6,-2.1,0.375,0.244,-2.2,0.797,0.797,3.2,0.38,0.797,3.1,0.432,0.797,3.2,0.461,0.797,3.3,0.425,0.797,0
20140504_0915,-24.67,179.12,529.6,XK.W03BL.,-13.679,33.825,128.842,1579.514,1598.069,1603.65,711.0,0.348,0.031,0.028,0.029,0.03,0.029,8.9,-4.2,0.704,-0.992,-9.2,0.398,0.398,-9.3,0.389,0.398,-9.4,0.387,0.398,-9.6,0.383,0.398,-9.5,0.386,0.398,0
20140504_0915,-24.67,179.12,529.6,IV.CERA.,41.598,14.018,159.04,1752.85,1801.964,1818.381,712.0,2.501,0.086,0.172,0.169,0.161,0.165,5.1,-2.9,0.48,-0.486,1.7,0.485,0.485,-0.5,0.561,0.485,-0.6,0.569,0.485,-0.7,0.564,0.485,-0.6,0.56,0.485,0
20140504_0915,-24.67,179.12,529.6,GR.BUG.,51.441,7.271,152.51,1717.878,1759.236,1772.735,713.0,0.936,0.119,-0.026,-0.023,-0.019,-0.022,-3.1,2.6,0.465,-0.289,-1.7,0.632,0.632,-2.1,0.593,0.632,-2.2,0.597,0.632,-2.3,0.6,0.632,-2.2,0.598,0.632,0
20140504_0915,-24.67,179.12,529.6,IV.ACER.,40.787,15.943,158.631,1750.702,1799.313,1815.539,714.0,1.711,0.189,0.202,0.208,0.21,0.203,3.2,4.2,0.609,0.578,0.9,0.828,0.828,-7.1,0.497,0.828,-7.2,0.479,0.828,-7.3,0.468,0.828,-7.2,0.484,0.828,0
20140504_0915,-24.67,179.12,529.6,IV.MRVN.,41.061,16.196,158.303,1748.974,1797.183,1813.258,715.0,1.053,0.131,0.219,0.218,0.216,0.217,7.9,-1.6,0.335,-0.41,-11.7,0.439,0.439,-11.3,0.387,0.439,-11.4,0.382,0.439,-11.5,0.38,0.439,-11.4,0.385,0.439,0
20140504_0915,-24.67,179.12,529.6,FR.SMPL.01,42.095,9.285,160.653,1761.281,1812.404,1829.584,716.0,0.773,0.035,0.076,0.078,0.079,0.077,-4.5,-4.3,0.646,0.688,-6.5,0.657,0.657,-6.1,0.801,0.657,-6.2,0.794,0.657,-6.3,0.779,0.657,-6.2,0.79,0.657,0
20140504_0915,-24.67,179.12,529.6,IV.GUMA.,43.063,13.335,158.216,1748.511,1796.614,1812.648,717.0,1.382,0.211,0.118,0.111,0.103,0.112,2.6,-0.5,0.671,-0.712,-0.8,0.45,0.45,-0.7,0.671,0.45,-0.8,0.683,0.45,-1.0,0.673,0.45,-0.8,0.676,0.45,0
20140504_0915,-24.67,179.12,529.6,TH.TAUT.,50.982,11.711,151.962,1714.884,1755.618,1768.885,718.0,1.6,0.008,-0.006,-0.007,-0.013,-0.007,-5.3,5.3,0.38,-0.765,3.5,0.515,0.515,2.3,0.485,0.515,2.2,0.478,0.515,2.2,0.467,0.515,2.1,0.471,0.515,0
20140504_0915,-24.67,179.12,529.6,PR.CDVI.,17.752,-64.765,120.545,1526.716,1539.454,1543.232,719.0,1.412,0.255,0.22,0.204,0.227,0.228,-1.6,-4.5,0.64,-0.314,-1.4,0.537,0.537,-1.4,0.614,0.537,-2.1,0.596,0.537,-1.5,0.601,0.537,-1.3,0.626,0.537,0
20140504_0915,-24.67,179.12,529.6,XK.B07DX.,-20.549,22.749,129.276,1582.218,1601.109,1606.797,720.0,13.12,0.717,0.734,0.729,0.714,0.722,0.4,0.6,0.925,0.928,-0.4,0.938,0.938,-0.3,0.925,0.938,-0.4,0.924,0.938,-0.6,0.919,0.938,-0.4,0.921,0.938,1
20140504_0915,-24.67,179.12,529.6,TA.H61A.,44.524,-71.927,120.206,1524.507,1537.033,1540.748,721.0,4.203,0.447,0.382,0.364,0.375,0.379,-1.6,-5.0,0.593,-0.296,3.2,0.496,0.496,3.0,0.751,0.496,2.9,0.755,0.496,3.0,0.757,0.496,3.0,0.759,0.496,0
20140504_0915,-24.67,179.12,529.6,YQ.ILOM.,-9.283,33.342,132.394,1601.452,1622.845,1629.348,722.0,1.313,0.424,0.395,0.398,0.401,0.396,0.1,0.7,0.861,0.821,-0.9,0.585,0.585,-0.6,0.538,0.585,-0.9,0.56,0.585,-1.0,0.58,0.585,-0.8,0.557,0.585,0
20140504_0915,-24.67,179.12,529.6,Y6.WODY.,45.098,-64.663,125.382,1557.775,1573.75,1578.524,723.0,1.269,0.229,0.16,0.177,0.181,0.176,-0.1,0.0,0.772,0.773,-0.5,0.606,0.606,-0.3,0.625,0.606,-0.7,0.607,0.606,-0.4,0.636,0.606,-0.2,0.632,0.606,0
20140504_0915,-24.67,179.12,529.6,CH.SGT04.,47.348,9.349,155.909,1736.247,1781.569,1796.556,724.0,1.738,0.095,0.117,0.112,0.1,0.106,-4.6,-4.2,0.645,0.358,-6.4,0.703,0.703,-11.3,0.429,0.703,-11.3,0.44,0.703,-5.1,0.43,0.703,-11.3,0.429,0.703,0
20140504_0915,-24.67,179.12,529.6,IV.MUCR.,38.043,14.874,161.085,1763.526,1815.195,1832.582,725.0,0.989,0.238,0.148,0.156,0.159,0.155,-2.8,-1.9,0.527,0.515,-3.6,0.604,0.604,-3.0,0.732,0.604,-3.0,0.721,0.604,-3.1,0.703,0.604,-3.1,0.719,0.604,0
20140504_0915,-24.67,179.12,529.6,IV.MILZ.,38.271,15.231,160.723,1761.647,1812.859,1830.072,726.0,1.684,0.106,0.079,0.077,0.076,0.079,0.1,-3.5,0.521,0.002,-6.4,0.88,0.88,-6.3,0.769,0.88,-6.6,0.787,0.88,-6.6,0.8,0.88,-6.5,0.787,0.88,0
20140504_0915,-24.67,179.12,529.6,KO.BCA.,41.445,41.622,141.12,1653.578,1682.853,1692.028,727.0,1.152,0.01,0.01,0.006,0.006,0.007,7.2,3.3,0.683,0.043,6.3,0.587,0.587,6.2,0.49,0.587,6.4,0.517,0.587,6.4,0.519,0.587,6.3,0.499,0.587,0
20140504_0915,-24.67,179.12,529.6,NO.NAO01.00,60.844,10.887,142.932,1664.091,1695.158,1704.954,728.0,2.482,0.307,0.267,0.262,0.258,0.261,-2.4,-5.3,0.396,-0.418,-0.7,0.801,0.801,0.4,0.621,0.801,0.3,0.611,0.801,0.3,0.61,0.801,0.3,0.614,0.801,0
20140504_0915,-24.67,179.12,529.6,GR.CLZ.,51.843,10.374,151.502,1712.361,1752.575,1765.649,729.0,1.215,-0.029,0.083,0.079,0.014,0.084,-5.9,1.0,0.762,-0.436,-11.8,0.285,0.285,-3.6,0.812,0.285,-3.5,0.821,0.285,-3.5,0.698,0.285,-3.5,0.822,0.285,0
20140504_0915,-24.67,179.12,529.6,IV.CELI.,39.403,16.509,159.233,1753.868,1803.221,1819.728,730.0,1.172,0.272,0.255,0.252,0.249,0.251,-0.1,-0.5,0.801,0.796,-0.3,0.814,0.814,8.0,0.555,0.814,7.9,0.55,0.814,7.9,0.549,0.814,8.0,0.552,0.814,0
20140504_0915,-24.67,179.12,529.6,IV.INTR.,42.012,13.905,158.779,1751.48,1800.273,1816.568,731.0,1.485,0.037,0.255,0.265,0.267,0.259,-9.6,-1.7,0.521,-0.522,-12.0,0.368,0.368,0.0,0.45,0.368,-0.1,0.461,0.368,-0.2,0.466,0.368,-0.1,0.457,0.368,0
20140504_0915,-24.67,179.12,529.6,IV.MSRU.,38.264,15.508,160.561,1760.804,1811.813,1828.948,732.0,1.097,0.121,0.093,0.101,0.102,0.096,-2.2,-0.7,0.522,0.335,-5.4,0.787,0.787,-5.4,0.732,0.787,-5.5,0.737,0.787,-5.5,0.733,0.787,-5.5,0.734,0.787,0
20140504_0915,-24.67,179.12,529.6,G.FDF.00,14.735,-61.146,122.823,1541.434,1555.643,1559.872,733.0,6.131,0.464,0.52,0.528,0.515,0.516,1.1,1.3,0.946,0.873,1.2,0.824,0.824,0.8,0.845,0.824,0.3,0.883,0.824,0.6,0.871,0.824,0.8,0.849,0.824,0
20140504_0915,-24.67,179.12,529.6,XJ.MW44.,-3.344,35.664,134.788,1616.002,1639.427,1646.611,734.0,2.089,0.427,0.421,0.42,0.412,0.417,0.2,0.1,0.93,0.909,-0.4,0.734,0.734,-0.2,0.711,0.734,-0.5,0.724,0.734,-0.6,0.721,0.734,-0.4,0.715,0.734,0
20140504_0915,-24.67,179.12,529.6,G.ECH.00,48.216,7.159,155.614,1734.669,1779.641,1794.497,735.0,0.809,-0.053,0.052,0.053,0.055,0.056,-5.8,-2.3,0.414,0.322,-4.8,0.752,0.752,-2.1,0.662,0.752,-2.1,0.671,0.752,-2.2,0.677,0.752,-2.2,0.669,0.752,0
20140504_0915,-24.67,179.12,529.6,XK.W14MC.,-15.063,35.226,126.905,1567.394,1584.479,1589.598,736.0,0.835,0.196,0.189,0.19,0.189,0.19,-2.3,-1.8,0.633,0.682,-0.1,0.242,0.242,-4.4,0.253,0.242,-4.4,0.26,0.242,-4.5,0.267,0.242,-4.4,0.26,0.242,0
20140504_0915,-24.67,179.12,529.6,PL.SUW.,54.013,23.181,145.62,1679.481,1713.307,1724.069,737.0,1.723,0.041,-0.003,0.007,0.014,0.007,1.8,4.6,0.421,-0.598,10.0,0.332,0.332,11.9,0.273,0.332,12.3,0.288,0.332,12.4,0.298,0.332,12.3,0.29,0.332,0
20140504_0915,-24.67,179.12,529.6,GR.SKMB.,54.718,9.439,148.995,1698.48,1735.913,1747.968,738.0,1.74,0.14,0.131,0.132,0.129,0.13,3.5,-0.4,0.535,-0.727,0.9,0.73,0.73,-0.9,0.694,0.73,-0.9,0.718,0.73,-1.0,0.743,0.73,-0.9,0.73,0.73,0
20140504_0915,-24.67,179.12,529.6,GR.GRA3.,49.761,11.317,153.174,1721.497,1763.618,1777.401,739.0,1.648,0.273,0.269,0.276,0.28,0.275,3.0,-0.2,0.462,-0.527,3.8,0.517,0.517,3.7,0.58,0.517,3.5,0.605,0.517,3.3,0.621,0.517,3.5,0.615,0.517,0
20140504_0915,-24.67,179.12,529.6,G.MBO.00,14.392,-16.955,161.72,1766.81,1819.284,1836.978,740.0,7.568,0.585,0.585,0.616,0.609,0.606,1.4,1.3,0.87,0.864,1.3,0.94,0.94,1.1,0.959,0.94,0.6,0.925,0.94,0.6,0.923,0.94,0.7,0.937,0.94,0
20140504_0915,-24.67,179.12,529.6,IV.SGG.,41.387,14.379,159.02,1752.745,1801.834,1818.242,741.0,1.83,0.183,0.157,0.156,0.157,0.157,-1.1,-4.6,0.312,0.318,1.2,0.237,0.237,-4.1,0.176,0.237,0.6,0.183,0.237,0.6,0.187,0.237,0.7,0.181,0.237,0
20140504_0915,-24.67,179.12,529.6,KO.KARA.,37.261,35.055,146.962,1687.077,1722.321,1733.587,742.0,0.0,,,,,,-16.0,-8.0,0.0,0.0,-16.0,0.0,0.0,-16.0,0.0,0.0,-16.0,0.0,0.0,-16.0,0.0,0.0,-16.0,0.0,0.0,0
20140504_0915,-24.67,179.12,529.6,GB.ESK.,55.317,-3.205,149.306,1700.213,1737.986,1750.164,743.0,1.392,0.054,0.218,0.217,0.219,0.222,-0.2,4.8,0.6,-0.839,3.7,0.425,0.425,-0.2,0.636,0.425,-0.5,0.528,0.425,-0.7,0.498,0.425,-0.6,0.553,0.425,0
20140504_0915,-24.67,179.12,529.6,NR.NE212.,-23.38,24.661,125.942,1561.319,1577.698,1582.597,744.0,20.189,0.746,0.757,0.747,0.746,0.741,-0.2,0.0,0.925,0.931,-0.6,0.877,0.877,-0.4,0.889,0.877,-0.5,0.888,0.877,-0.6,0.889,0.877,-0.6,0.888,0.877,1
20140504_0915,-24.67,179.12,529.6,NR.NE104.,52.157,4.379,152.223,1716.309,1757.339,1770.716,745.0,1.081,0.066,0.097,0.102,0.108,0.104,-1.8,-1.9,0.881,0.912,-0.9,0.564,0.564,-2.0,0.888,0.564,-2.0,0.89,0.564,-2.0,0.885,0.564,-2.0,0.89,0.564,0
20140504_0915,-24.67,179.12,529.6,WI.BIM.00,14.518,-61.066,122.821,1541.421,1555.63,1559.858,746.0,3.25,0.553,0.592,0.596,0.601,0.593,0.1,0.2,0.879,0.835,0.2,0.931,0.931,-0.1,0.887,0.931,-0.6,0.926,0.931,-0.2,0.909,0.931,-0.1,0.888,0.931,0
20140504_0915,-24.67,179.12,529.6,SX.FBE.,50.921,13.354,151.555,1712.651,1752.925,1766.021,747.0,2.489,0.244,0.119,0.121,0.124,0.122,8.8,-4.0,0.51,-0.819,3.2,0.338,0.338,11.4,0.406,0.338,11.7,0.368,0.338,12.0,0.369,0.338,11.8,0.363,0.338,0
20140504_0915,-24.67,179.12,529.6,CZ.PRA.,50.07,14.433,151.961,1714.875,1755.608,1768.874,748.0,1.701,0.313,0.269,0.254,0.239,0.256,0.2,0.2,0.871,0.893,6.5,0.402,0.402,-7.5,0.29,0.402,-8.4,0.348,0.402,-8.8,0.404,0.402,-8.6,0.367,0.402,0
20140504_0915,-24.67,179.12,529.6,TH.ABG1.,50.968,12.576,151.738,1713.657,1754.137,1767.31,749.0,0.856,0.184,0.164,0.162,0.163,0.165,-9.1,-1.0,0.543,-0.448,-3.4,0.472,0.472,-4.1,0.392,0.472,-4.0,0.422,0.472,-4.1,0.444,0.472,-4.1,0.423,0.472,0
20140504_0915,-24.67,179.12,529.6,IV.CELB.,42.747,10.211,159.748,1756.563,1806.555,1823.304,750.0,0.694,-0.16,0.1,0.092,0.084,0.091,3.2,-5.1,0.391,-0.724,-7.6,0.467,0.467,-0.1,0.658,0.467,-0.1,0.702,0.467,-0.1,0.73,0.467,-0.1,0.7,0.467,0
20140504_0915,-24.67,179.12,529.6,KO.IKL.,36.237,33.685,148.246,1694.295,1730.916,1742.676,751.0,0.0,,,,,,-16.0,-8.0,0.0,0.0,-16.0,0.0,0.0,-16.0,0.0,0.0,-16.0,0.0,0.0,-16.0,0.0,0.0,-16.0,0.0,0.0,0
20140504_0915,-24.67,179.12,529.6,IV.TRTR.,42.808,13.914,158.157,1748.204,1796.235,1812.242,752.0,1.398,0.118,-0.018,-0.015,-0.015,-0.021,0.4,0.8,0.751,0.745,-3.6,0.736,0.736,-3.5,0.833,0.736,-3.6,0.841,0.736,-3.7,0.837,0.736,-3.6,0.838,0.736,0
20140504_0915,-24.67,179.12,529.6,GR.IGAD.,53.258,8.69,150.519,1706.943,1746.056,1758.725,753.0,0.911,0.068,0.024,0.023,0.022,0.024,-0.1,-0.6,0.63,0.636,-3.1,0.578,0.578,-5.2,0.718,0.578,-5.2,0.718,0.578,-5.2,0.717,0.578,-5.2,0.718,0.578,0
20140504_0915,-24.67,179.12,529.6,GU.REMY.,45.838,7.156,157.867,1746.667,1794.344,1810.217,754.0,1.186,0.009,0.047,0.047,0.046,0.046,8.7,-4.1,0.409,-0.84,-1.3,0.372,0.372,-11.5,0.273,0.372,-11.5,0.272,0.372,-11.7,0.27,0.372,-11.6,0.271,0.372,0
20140504_0915,-24.67,179.12,529.6,AF.DESE.,11.118,39.635,139.32,1643.025,1670.573,1679.156,755.0,1.484,0.15,0.174,0.088,0.091,0.184,-1.9,-4.3,0.51,0.778,-0.1,0.42,0.42,-0.1,0.472,0.42,-4.9,0.718,0.42,-4.6,0.662,0.42,-0.6,0.478,0.42,0
20140504_0915,-24.67,179.12,529.6,GE.DAG.,76.771,-18.655,127.181,1569.13,1586.42,1591.604,756.0,1.752,0.039,0.151,0.051,0.049,0.033,1.0,4.6,0.677,-0.446,1.0,0.705,0.705,0.7,0.704,0.705,10.4,0.614,0.705,10.4,0.616,0.705,10.3,0.633,0.705,0
20140504_0915,-24.67,179.12,529.6,RD.MTLF.,43.341,2.218,161.157,1763.897,1815.656,1833.078,757.0,2.847,-0.047,-0.109,-0.105,-0.105,-0.109,-0.7,-0.2,0.596,0.369,-6.1,0.478,0.478,4.1,0.574,0.478,4.0,0.568,0.478,3.9,0.572,0.478,4.0,0.57,0.478,0
20140504_0915,-24.67,179.12,529.6,XK.B09NK.,-19.663,22.194,130.304,1588.591,1608.29,1614.237,758.0,8.841,0.528,0.541,0.547,0.552,0.546,1.3,1.4,0.926,0.931,0.3,0.964,0.964,0.5,0.962,0.964,0.3,0.964,0.964,0.1,0.968,0.964,0.3,0.966,0.964,0
20140504_0915,-24.67,179.12,529.6,XJ.LN25.,-2.501,35.886,135.159,1618.237,1641.985,1649.279,759.0,4.351,0.463,0.447,0.455,0.456,0.454,0.7,0.5,0.737,0.737,0.2,0.657,0.657,0.5,0.645,0.657,0.2,0.652,0.657,0.1,0.641,0.657,0.3,0.64,0.657,0
20140504_0915,-24.67,179.12,529.6,CH.BRANT.,46.938,6.473,156.973,1741.924,1788.519,1803.985,760.0,1.272,0.082,0.061,0.055,0.049,0.054,0.4,3.8,0.434,-0.32,5.6,0.557,0.557,0.1,0.451,0.557,0.2,0.426,0.557,0.2,0.416,0.557,0.2,0.418,0.557,0
20140504_0915,-24.67,179.12,529.6,YB.AT53.,37.577,34.334,147.452,1689.839,1725.606,1737.059,761.0,1.066,0.181,0.116,0.116,0.118,0.118,-9.1,-4.4,0.596,-0.396,-7.6,0.463,0.463,-9.7,0.539,0.463,-9.1,0.737,0.463,-9.2,0.692,0.463,-9.3,0.628,0.463,0
20140504_0915,-24.67,179.12,529.6,KO.KRTS.,36.573,35.375,146.846,1686.423,1721.544,1732.765,762.0,0.553,0.02,0.031,0.027,0.029,0.03,-8.7,5.0,0.359,0.434,-1.3,0.634,0.634,-0.1,0.919,0.634,-1.4,0.675,0.634,-0.9,0.757,0.634,-0.6,0.834,0.634,0
20140504_0915,-24.67,179.12,529.6,NR.NE05.,52.087,5.171,152.198,1716.174,1757.176,1770.542,763.0,0.0,,,,,,-16.0,-8.0,0.0,0.0,-16.0,0.0,0.0,-16.0,0.0,0.0,-16.0,0.0,0.0,-16.0,0.0,0.0,-16.0,0.0,0.0,0
20140504_0915,-24.67,179.12,529.6,GB.FOEL.,52.889,-3.2,151.726,1713.589,1754.056,1767.224,764.0,1.701,0.091,-0.119,-0.107,-0.1,-0.105,-0.9,-4.1,0.406,-0.17,-0.3,0.664,0.664,-4.2,0.605,0.664,-4.5,0.499,0.664,-4.6,0.463,0.664,-4.6,0.522,0.664,0
20140504_0915,-24.67,179.12,529.6,YB.AT38.,37.036,36.808,145.634,1679.559,1713.4,1724.167,765.0,2.091,-0.056,-0.068,-0.065,-0.07,-0.07,-7.7,5.6,0.518,-0.417,1.2,0.321,0.321,1.6,0.291,0.321,-4.8,0.367,0.321,-4.7,0.332,0.321,1.5,0.312,0.321,0
20140504_0915,-24.67,179.12,529.6,XK.Z08MF.,-13.255,31.931,130.369,1588.994,1608.744,1614.708,766.0,4.428,0.601,0.623,0.619,0.604,0.614,0.7,0.8,0.968,0.951,-0.2,0.968,0.968,-0.4,0.955,0.968,-0.4,0.958,0.968,-0.6,0.96,0.968,-0.5,0.959,0.968,1
20140504_0915,-24.67,179.12,529.6,GE.SLIT.,57.629,22.291,143.113,1665.133,1696.38,1706.24,767.0,1.874,-0.07,0.034,0.039,0.038,0.038,-5.8,2.7,0.613,-0.519,6.9,0.631,0.631,11.3,0.486,0.631,-0.9,0.57,0.631,-0.9,0.586,0.631,-0.8,0.561,0.631,0
20140504_0915,-24.67,179.12,529.6,IV.MABI.,46.055,10.514,156.74,1740.686,1787.001,1802.362,768.0,2.885,0.097,0.073,0.076,0.082,0.075,2.4,-1.3,0.794,-0.452,0.2,0.618,0.618,0.0,0.785,0.618,0.0,0.785,0.618,0.0,0.813,0.618,0.0,0.79,0.618,0
20140504_0915,-24.67,179.12,529.6,IV.FNVD.,44.168,11.123,158.187,1748.361,1796.429,1812.45,769.0,1.041,0.068,0.091,0.098,0.104,0.096,-0.4,-3.5,0.817,-0.852,1.2,0.535,0.535,-3.9,0.393,0.535,-3.9,0.411,0.535,-4.0,0.426,0.535,-3.9,0.412,0.535,0
20140504_0915,-24.67,179.12,529.6,XJ.LL24.,-2.266,35.807,135.369,1619.502,1643.434,1650.791,770.0,2.953,0.612,0.632,0.633,0.635,0.636,0.7,1.0,0.921,0.912,-0.1,0.832,0.832,0.0,0.818,0.832,-0.2,0.839,0.832,-0.2,0.843,0.832,-0.1,0.834,0.832,0
20140504_0915,-24.67,179.12,529.6,IV.MSAG.,41.712,15.91,157.998,1747.363,1795.201,1811.134,771.0,2.959,0.208,0.185,0.181,0.18,0.182,-1.1,-4.5,0.532,-0.851,-6.1,0.352,0.352,-5.2,0.544,0.352,-5.4,0.565,0.352,-5.5,0.553,0.352,-5.4,0.553,0.352,0
20140504_0915,-24.67,179.12,529.6,ES.ESBB.,39.674,-3.963,164.773,1782.435,1838.844,1858.057,772.0,0.808,-0.247,-0.131,-0.136,-0.151,-0.139,-5.9,-2.3,0.402,-0.229,7.0,0.728,0.728,6.2,0.708,0.728,5.9,0.692,0.728,5.5,0.677,0.728,5.9,0.689,0.728,0
20140504_0915,-24.67,179.12,529.6,TA.F62A.,45.897,-69.966,121.7,1534.2,1547.674,1551.676,773.0,3.682,0.123,0.227,0.195,0.191,0.21,-4.2,-4.2,0.605,0.294,-4.8,0.516,0.516,-4.4,0.486,0.516,-5.2,0.436,0.516,-4.6,0.447,0.516,-4.5,0.466,0.516,0
20140504_0915,-24.67,179.12,529.6,XK.B05MO.,-20.218,24.132,128.94,1580.13,1598.761,1604.366,774.0,7.717,0.653,0.689,0.692,0.702,0.692,1.2,1.3,0.868,0.877,0.4,0.892,0.892,0.4,0.927,0.892,0.4,0.924,0.892,0.1,0.922,0.892,0.3,0.924,0.892,1
20140504_0915,-24.67,179.12,529.6,YB.AT43.,38.058,34.331,147.343,1689.222,1724.872,1736.283,775.0,0.686,-0.004,0.054,0.045,0.046,0.048,-4.2,-4.2,0.711,0.505,-10.3,0.641,0.641,-5.7,0.58,0.641,-5.0,0.626,0.641,-5.1,0.638,0.641,-5.3,0.617,0.641,0
20140504_0915,-24.67,179.12,529.6,XJ.PR61.,-2.959,35.248,135.354,1619.413,1643.332,1650.685,776.0,7.222,0.667,0.656,0.677,0.677,0.665,1.0,1.1,0.875,0.849,0.3,0.878,0.878,0.5,0.86,0.878,0.2,0.883,0.878,0.2,0.881,0.878,0.4,0.868,0.878,1
20140504_0915,-24.67,179.12,529.6,PR.STVI.,18.352,-64.956,120.563,1526.83,1539.579,1543.361,777.0,1.053,0.251,0.205,0.153,0.175,0.2,6.9,3.6,0.508,-0.325,7.0,0.398,0.398,-0.7,0.363,0.398,-1.2,0.468,0.398,-0.8,0.398,0.398,-0.7,0.367,0.398,0
20140504_0915,-24.67,179.12,529.6,IV.PTQR.,42.022,13.401,159.008,1752.684,1801.759,1818.161,778.0,0.825,0.19,0.11,0.103,0.091,0.1,0.4,-2.5,0.615,-0.582,4.9,0.584,0.584,-0.9,0.613,0.584,-1.0,0.607,0.584,-1.1,0.607,0.584,-1.0,0.609,0.584,0
20140504_0915,-24.67,179.12,529.6,KO.KTUT.,40.987,39.767,142.582,1662.07,1692.786,1702.46,779.0,1.453,0.219,0.032,0.046,0.043,0.037,8.8,2.5,0.464,0.239,10.0,0.522,0.522,9.1,0.431,0.522,9.1,0.384,0.522,9.1,0.393,0.522,9.1,0.416,0.522,0
20140504_0915,-24.67,179.12,529.6,CN.DRLN.,49.256,-57.503,129.98,1586.59,1606.032,1611.897,780.0,1.308,0.122,0.094,0.041,0.044,0.056,-2.7,0.5,0.721,-0.407,-3.0,0.525,0.525,-3.7,0.642,0.525,-3.8,0.638,0.525,-3.7,0.653,0.525,-3.6,0.649,0.525,0
20140504_0915,-24.67,179.12,529.6,IV.LNSS.,42.603,13.04,158.713,1751.133,1799.845,1816.11,781.0,0.709,0.05,-0.076,-0.082,-0.088,-0.083,1.0,-3.3,0.446,-0.453,-0.6,0.878,0.878,-1.1,0.882,0.878,-1.3,0.883,0.878,-1.4,0.881,0.878,-1.2,0.881,0.878,0
20140504_0915,-24.67,179.12,529.6,TA.D63A.,47.037,-68.107,123.037,1542.808,1557.161,1561.433,782.0,3.103,0.373,0.384,0.409,0.407,0.394,-0.2,0.6,0.674,0.662,0.3,0.58,0.58,-0.7,0.587,0.58,-0.9,0.599,0.58,-0.8,0.584,0.58,-0.7,0.584,0.58,0
20140504_0915,-24.67,179.12,529.6,ZR.N1306.,66.742,15.738,136.662,1627.254,1652.34,1660.089,783.0,2.056,0.139,0.087,0.085,0.082,0.084,1.5,-4.2,0.676,-0.539,-2.7,0.623,0.623,-1.3,0.364,0.623,-1.1,0.365,0.623,-1.2,0.362,0.623,-1.2,0.364,0.623,0
20140504_0915,-24.67,179.12,529.6,CZ.KHC.,49.131,13.578,153.051,1720.829,1762.808,1776.538,784.0,1.557,0.152,0.304,0.308,0.316,0.309,7.5,0.5,0.626,0.435,1.1,0.719,0.719,0.7,0.857,0.719,0.6,0.86,0.719,0.5,0.862,0.719,0.6,0.86,0.719,0
20140504_0915,-24.67,179.12,529.6,XJ.MW36.,-3.016,35.998,134.744,1615.735,1639.121,1646.293,785.0,1.218,0.209,0.197,0.192,0.194,0.199,-8.3,1.4,0.691,-0.759,-9.1,0.314,0.314,-2.6,0.31,0.314,-9.4,0.318,0.314,-9.4,0.317,0.314,-2.7,0.296,0.314,0
20140504_0915,-24.67,179.12,529.6,FR.AJAC.00,41.928,8.763,160.984,1762.999,1814.54,1831.878,786.0,1.869,0.111,0.085,0.09,0.096,0.089,-4.7,-2.3,0.631,-0.461,6.5,0.324,0.324,-6.2,0.283,0.324,-6.1,0.297,0.324,-1.1,0.295,0.324,-6.2,0.29,0.324,0
20140504_0915,-24.67,179.12,529.6,IV.ROM9.,41.828,12.516,159.565,1755.607,1805.371,1822.035,787.0,1.267,0.129,0.094,0.099,-0.063,0.099,8.4,-5.0,0.022,-0.644,-10.8,0.38,0.38,-10.8,0.29,0.38,-10.9,0.285,0.38,-1.1,0.469,0.38,-10.9,0.288,0.38,0
20140504_0915,-24.67,179.12,529.6,YB.AT28.,37.253,37.55,145.013,1676.03,1709.223,1719.762,788.0,2.9,0.225,0.274,0.274,0.272,0.272,5.4,0.6,0.364,0.076,6.2,0.413,0.413,-5.5,0.314,0.413,5.7,0.437,0.413,5.8,0.402,0.413,6.0,0.359,0.413,0
20140504_0915,-24.67,179.12,529.6,NE.ORNO.,44.904,-68.662,122.549,1539.676,1553.704,1557.876,789.0,2.133,0.168,0.282,0.308,0.324,0.308,-0.7,-0.5,0.788,0.777,-0.3,0.833,0.833,-0.7,0.812,0.833,-1.1,0.787,0.833,-0.7,0.812,0.833,-0.6,0.813,0.833,0
20140504_0915,-24.67,179.12,529.6,GE.CSS.,34.961,33.331,148.766,1697.201,1734.385,1746.349,790.0,1.046,0.057,0.219,0.243,0.233,0.226,0.3,3.2,0.517,-0.444,-3.1,0.74,0.74,-5.1,0.462,0.74,0.9,0.509,0.74,1.1,0.456,0.74,1.2,0.428,0.74,0
20140504_0915,-24.67,179.12,529.6,YB.AT35.,37.673,35.877,146.238,1682.985,1717.462,1728.454,791.0,1.091,0.297,0.32,0.328,0.327,0.325,-5.6,0.9,0.613,0.052,-3.2,0.463,0.463,-1.5,0.355,0.463,-1.4,0.278,0.463,-1.6,0.307,0.463,-1.5,0.323,0.463,0
20140504_0915,-24.67,179.12,529.6,GB.WLF1.,53.289,-4.397,151.259,1711.02,1750.96,1763.933,792.0,1.433,0.3,0.278,0.285,0.289,0.283,2.8,3.1,0.62,0.682,2.3,0.761,0.761,4.9,0.523,0.761,4.6,0.488,0.761,4.5,0.471,0.761,4.6,0.5,0.761,0
20140504_0915,-24.67,179.12,529.6,YB.AT57.,37.814,32.877,148.513,1695.791,1732.701,1744.566,793.0,1.093,0.152,0.06,0.067,0.065,0.062,8.9,1.0,0.417,-0.552,-4.3,0.454,0.454,-7.4,0.513,0.454,-1.4,0.545,0.454,-7.4,0.526,0.454,-7.4,0.526,0.454,0
20140504_0915,-24.67,179.12,529.6,IV.ARCI.,42.852,11.475,159.17,1753.536,1802.811,1819.289,794.0,1.602,-0.056,0.052,0.049,0.048,0.051,-8.3,0.4,0.62,-0.551,-7.2,0.478,0.478,-9.9,0.527,0.478,-10.0,0.533,0.478,-10.0,0.54,0.478,-9.9,0.534,0.478,0
20140504_0915,-24.67,179.12,529.6,YB.AT29.,39.179,33.378,147.769,1691.618,1727.724,1739.299,795.0,0.96,0.041,0.021,0.026,0.024,0.023,1.7,2.0,0.679,0.744,1.1,0.85,0.85,1.5,0.872,0.85,1.5,0.848,0.85,1.5,0.862,0.85,1.5,0.867,0.85,0
20140504_0915,-24.67,179.12,529.6,TA.G65A.,45.2,-67.563,123.341,1544.758,1559.316,1563.651,796.0,4.981,0.366,0.477,0.492,0.487,0.483,0.8,0.6,0.726,0.748,1.0,0.766,0.766,0.3,0.732,0.766,-0.1,0.702,0.766,0.2,0.723,0.766,0.2,0.725,0.766,0
20140504_0915,-24.67,179.12,529.6,HE.HEF.,68.406,23.664,133.813,1610.102,1632.687,1639.589,797.0,0.938,-0.159,0.24,0.241,0.239,0.239,6.8,0.5,0.593,-0.67,4.0,0.733,0.733,5.0,0.574,0.733,5.0,0.557,0.733,5.0,0.555,0.733,5.0,0.565,0.733,0
20140504_0915,-24.67,179.12,529.6,GR.GRC4.,49.086,11.525,153.725,1724.483,1767.241,1781.262,798.0,2.341,0.156,0.099,0.106,0.109,0.105,0.5,1.0,0.87,0.935,5.4,0.434,0.434,7.1,0.424,0.434,7.1,0.416,0.434,7.0,0.413,0.434,7.1,0.412,0.434,0
20140504_0915,-24.67,179.12,529.6,IV.CESI.,43.005,12.905,158.449,1749.745,1798.134,1814.276,799.0,0.674,0.101,0.18,0.177,0.172,0.178,2.2,-1.2,0.836,-0.626,3.7,0.53,0.53,-0.9,0.706,0.53,-1.0,0.721,0.53,-1.2,0.724,0.53,-1.0,0.719,0.53,0
20140504_0915,-24.67,179.12,529.6,FR.PYLO.00,43.097,-0.049,161.56,1765.986,1818.256,1835.873,800.0,0.905,0.199,0.054,0.058,0.055,0.059,3.4,-2.3,0.639,0.237,-2.2,0.737,0.737,-8.3,0.481,0.737,-8.3,0.481,0.737,-8.2,0.489,0.737,-8.3,0.482,0.737,0
20140504_0915,-24.67,179.12,529.6,XK.W11KP.,-13.217,34.311,128.869,1579.684,1598.26,1603.848,801.0,6.743,0.518,0.53,0.539,0.543,0.538,1.1,1.2,0.867,0.842,0.4,0.865,0.865,0.4,0.895,0.865,0.2,0.886,0.865,0.1,0.882,0.865,0.2,0.885,0.865,0
20140504_0915,-24.67,179.12,529.6,GU.LSD.,45.459,7.134,158.228,1748.575,1796.692,1812.732,802.0,1.472,0.188,0.117,0.112,0.11,0.114,-0.8,-0.9,0.707,0.781,-5.5,0.719,0.719,-3.5,0.843,0.719,-3.5,0.842,0.719,-3.7,0.839,0.719,-3.6,0.84,0.719,0
20140504_0915,-24.67,179.12,529.6,SI.ABSI.,46.729,11.321,155.886,1736.123,1781.417,1796.394,803.0,2.416,0.351,0.251,0.257,0.261,0.256,9.6,5.0,0.498,-0.397,7.0,0.762,0.762,8.1,0.64,0.762,2.1,0.652,0.762,2.0,0.632,0.762,2.1,0.645,0.762,0
20140504_0915,-24.67,179.12,529.6,TU.ILGA.,41.052,33.716,146.953,1687.027,1722.261,1733.524,804.0,1.583,0.116,0.08,0.081,0.083,0.083,3.3,3.8,0.203,0.133,-7.9,0.481,0.481,0.7,0.379,0.481,3.2,0.199,0.481,-5.7,0.215,0.481,-5.6,0.276,0.481,0
20140504_0915,-24.67,179.12,529.6,IV.PLMA.,44.05,9.854,158.735,1751.248,1799.987,1816.262,805.0,1.758,0.174,0.146,0.143,0.135,0.137,-0.4,4.2,0.365,-0.843,-2.8,0.561,0.561,-3.0,0.656,0.561,-3.1,0.659,0.561,-3.2,0.656,0.561,-3.1,0.659,0.561,0
20140504_0915,-24.67,179.12,529.6,TA.M64A.,41.551,-71.21,120.382,1525.652,1538.288,1542.036,806.0,6.052,0.434,0.495,0.465,0.476,0.488,0.4,0.4,0.839,0.902,0.8,0.739,0.739,0.0,0.769,0.739,-0.1,0.778,0.739,0.0,0.768,0.739,-0.1,0.769,0.739,0
20140504_0915,-24.67,179.12,529.6,MN.AQU.,42.354,13.405,158.746,1751.306,1800.059,1816.339,807.0,1.213,0.014,0.111,0.117,0.124,0.118,-1.3,1.7,0.526,-0.598,-10.9,0.507,0.507,3.2,0.496,0.507,3.1,0.5,0.507,3.0,0.505,0.507,3.1,0.501,0.507,0
20140504_0915,-24.67,179.12,529.6,XK.Z11CP.,-13.564,32.589,129.719,1584.967,1604.203,1610.002,808.0,0.356,0.015,0.013,0.012,0.012,0.012,7.8,-4.1,0.748,-0.987,7.4,0.207,0.207,7.3,0.21,0.207,7.2,0.21,0.207,7.0,0.212,0.207,7.1,0.211,0.207,0
20140504_0915,-24.67,179.12,529.6,KO.DKL.,39.071,26.905,152.528,1717.975,1759.354,1772.86,809.0,0.628,-0.011,0.11,0.108,0.11,0.109,-1.8,-1.7,0.763,0.584,-0.4,0.382,0.382,-9.5,0.371,0.382,-9.5,0.377,0.382,-9.5,0.374,0.382,-9.5,0.375,0.382,0
20140504_0915,-24.67,179.12,529.6,CZ.GOPC.,49.914,14.787,151.977,1714.965,1755.716,1768.989,810.0,1.275,0.193,0.076,0.074,0.073,0.075,-5.5,-0.7,0.441,0.265,0.1,0.493,0.493,-14.1,0.478,0.493,-14.1,0.523,0.493,-14.2,0.543,0.493,-14.2,0.527,0.493,0
20140504_0915,-24.67,179.12,529.6,GU.FINB.,44.178,8.325,159.1,1753.168,1802.356,1818.801,811.0,1.205,0.06,-0.004,0.001,0.008,0.002,7.7,1.1,0.535,-0.585,-4.7,0.566,0.566,-3.6,0.572,0.566,-3.6,0.569,0.566,-3.8,0.57,0.566,-3.7,0.571,0.566,0
20140504_0915,-24.67,179.12,529.6,TA.E59A.,46.48,-72.511,119.991,1523.11,1535.504,1539.178,812.0,5.99,0.495,0.426,0.445,0.452,0.437,0.3,0.4,0.851,0.945,-0.1,0.74,0.74,0.0,0.78,0.74,-0.2,0.797,0.74,-0.1,0.783,0.74,-0.1,0.784,0.74,0
20140504_0915,-24.67,179.12,529.6,NR.NE117.,53.213,7.12,150.828,1708.648,1748.105,1760.9,813.0,0.897,-0.078,0.01,0.018,0.031,0.023,-0.6,4.9,0.76,0.669,2.4,0.631,0.631,0.9,0.814,0.631,0.8,0.819,0.631,0.7,0.82,0.631,0.8,0.819,0.631,0
20140504_0915,-24.67,179.12,529.6,GE.RGN.,54.548,13.321,148.319,1694.702,1731.402,1743.19,814.0,2.745,0.221,0.255,-0.023,-0.024,-0.024,3.0,3.4,0.597,0.63,3.4,0.655,0.655,3.0,0.439,0.655,-2.5,0.651,0.655,-2.6,0.623,0.655,-2.5,0.641,0.655,0
20140504_0915,-24.67,179.12,529.6,XK.B11ET.,-19.016,22.316,130.82,1591.781,1611.892,1617.973,815.0,16.884,0.669,0.68,0.682,0.691,0.688,1.6,1.5,0.924,0.904,0.5,0.973,0.973,0.7,0.969,0.973,0.6,0.971,0.973,0.4,0.981,0.973,0.5,0.976,0.973,1
20140504_0915,-24.67,179.12,529.6,XJ.MW41.,-3.23,36.445,134.264,1612.831,1635.802,1642.834,816.0,1.348,0.173,0.182,0.183,0.183,0.181,0.4,-4.1,0.659,0.485,1.3,0.428,0.428,1.3,0.435,0.428,1.2,0.426,0.428,1.1,0.427,0.428,1.2,0.429,0.428,0
20140504_0915,-24.67,179.12,529.6,GE.HLG.,54.183,7.883,149.773,1702.809,1741.095,1753.461,817.0,2.067,0.179,0.061,0.06,0.056,0.059,8.5,3.0,0.484,-0.573,0.4,0.474,0.474,1.8,0.787,0.474,1.9,0.757,0.474,2.0,0.76,0.474,1.9,0.77,0.474,0
20140504_0915,-24.67,179.12,529.6,IV.CING.,43.376,13.195,158.025,1747.505,1795.375,1811.321,818.0,0.583,-0.045,0.004,0.006,-0.002,0.004,2.9,3.2,0.713,0.711,-9.0,0.44,0.44,-1.1,0.398,0.44,-1.3,0.438,0.44,-1.3,0.432,0.44,-1.3,0.422,0.44,0
20140504_0915,-24.67,179.12,529.6,CN.SCHQ.,54.832,-66.833,123.675,1546.899,1561.684,1566.089,819.0,1.368,0.204,0.153,0.146,0.15,0.15,-1.6,-0.9,0.563,0.422,-2.4,0.609,0.609,-3.1,0.59,0.609,-3.5,0.598,0.609,-3.3,0.593,0.609,-3.2,0.591,0.609,0
20140504_0915,-24.67,179.12,529.6,CZ.KRUC.,49.062,16.395,152.114,1715.716,1756.622,1769.953,820.0,2.93,0.357,0.254,0.249,0.245,0.25,-4.1,-3.9,0.757,0.786,2.6,0.548,0.548,-4.6,0.543,0.548,-4.8,0.478,0.548,-4.9,0.404,0.548,-4.8,0.477,0.548,0
20140504_0915,-24.67,179.12,529.6,CH.SGT01.,47.432,9.319,155.84,1735.881,1781.121,1796.078,821.0,0.543,0.013,0.06,0.059,0.056,0.056,-6.9,-3.8,0.48,-0.442,-8.8,0.503,0.503,-7.2,0.635,0.503,-7.2,0.642,0.503,-7.2,0.645,0.503,-7.2,0.64,0.503,0
20140504_0915,-24.67,179.12,529.6,XJ.LN45.,-2.993,36.292,134.533,1614.46,1637.663,1644.773,822.0,3.226,0.402,0.359,0.392,0.391,0.376,1.7,2.3,0.714,0.681,1.5,0.725,0.725,1.6,0.711,0.725,1.3,0.731,0.725,1.3,0.725,0.725,1.5,0.717,0.725,0
20140504_0915,-24.67,179.12,529.6,DK.SCO.,70.486,-21.95,132.584,1602.616,1624.167,1630.723,823.0,1.596,0.0,-0.126,-0.112,-0.11,-0.118,1.2,1.3,0.608,0.484,6.2,0.569,0.569,8.6,0.713,0.569,8.4,0.728,0.569,8.4,0.729,0.569,8.4,0.723,0.569,0
20140504_0915,-24.67,179.12,529.6,TA.F64A.,45.863,-68.35,122.822,1541.429,1555.638,1559.866,824.0,5.47,0.354,0.399,0.383,0.39,0.396,0.0,0.2,0.847,0.876,0.2,0.862,0.862,-0.5,0.843,0.862,-0.7,0.844,0.862,-0.4,0.844,0.862,-0.4,0.844,0.862,0
20140504_0915,-24.67,179.12,529.6,YB.AT56.,36.702,35.547,146.687,1685.522,1720.474,1731.635,825.0,2.855,0.182,0.182,0.211,0.195,0.186,9.0,5.3,0.516,-0.462,1.6,0.768,0.768,2.8,0.794,0.768,1.7,0.818,0.768,2.0,0.832,0.768,2.3,0.826,0.768,0
20140504_0915,-24.67,179.12,529.6,1G.SA63.,61.134,13.957,142.149,1659.557,1689.842,1699.367,826.0,0.348,0.06,0.039,0.038,0.081,0.038,1.9,4.2,0.742,0.844,-3.4,0.174,0.174,-13.1,0.21,0.174,-13.2,0.206,0.174,6.3,0.209,0.174,-13.2,0.209,0.174,0
20140504_0915,-24.67,179.12,529.6,KO.DARE.,38.571,37.483,144.817,1674.909,1707.897,1718.365,827.0,2.529,0.343,0.286,0.283,0.286,0.288,-0.7,-1.0,0.518,0.468,-9.6,0.361,0.361,-9.5,0.422,0.361,-5.1,0.415,0.361,-5.0,0.403,0.361,-4.9,0.398,0.361,0
20140504_0915,-24.67,179.12,529.6,XK.Z04NN.,-13.075,30.628,131.318,1594.853,1615.365,1621.578,828.0,3.613,0.646,0.614,0.618,0.62,0.616,0.9,0.7,0.895,0.863,0.0,0.938,0.938,0.1,0.899,0.938,-0.1,0.91,0.938,-0.3,0.929,0.938,-0.2,0.914,0.938,0
20140504_0915,-24.67,179.12,529.6,IU.MACI.,28.25,-16.508,165.57,1786.469,1843.921,1863.544,829.0,7.461,0.71,0.7,0.725,0.716,0.71,-0.1,0.0,0.86,0.859,0.3,0.969,0.969,-0.1,0.94,0.969,-0.4,0.965,0.969,-0.3,0.961,0.969,-0.2,0.955,0.969,1
20140504_0915,-24.67,179.12,529.6,IV.ROVR.,45.647,11.072,156.919,1741.64,1788.17,1803.612,830.0,1.205,0.193,0.147,0.146,0.146,0.148,0.0,0.4,0.846,0.809,-2.6,0.694,0.694,-2.9,0.55,0.694,-2.9,0.504,0.694,-2.9,0.516,0.694,-2.9,0.519,0.694,0
20140504_0915,-24.67,179.12,529.6,XK.Z03CK.,-12.939,30.442,131.538,1596.202,1616.892,1623.164,831.0,4.502,0.601,0.565,0.573,0.575,0.572,0.8,0.9,0.824,0.79,-0.1,0.699,0.699,-0.1,0.683,0.699,-0.2,0.694,0.699,-0.4,0.709,0.699,-0.3,0.697,0.699,0
20140504_0915,-24.67,179.12,529.6,GT.LBTB.00,-25.015,25.597,124.099,1549.606,1564.681,1569.176,832.0,19.879,0.674,0.692,0.681,0.679,0.686,-0.6,-0.5,0.859,0.898,-1.2,0.851,0.851,-1.0,0.875,0.851,-1.1,0.873,0.851,-1.2,0.867,0.851,-1.1,0.872,0.851,1
